"id","stationId","timestamp","confidence","probability","score","certainty","algorithm","metadata","lat","lon","favorite","species.id","species.commonName","species.scientificName","species.color","species.classification","species.imageUrl","species.thumbnailUrl","species.pngUrl","species.thumbhash","soundscape.id","soundscape.url","soundscape.startTime","soundscape.endTime","soundscape.mode"
11413507566,19267,"2026-09-27T16:57:37.500-06:00",0.885054469108582,0.365901559591293,8.33840109040009,"almost_certain","BirdNET",NA,10.2198,-83.7874,FALSE,880,"Boat-billed Flycatcher","Megarynchus pitangua","#aa005f","avian","https://media.birdweather.com/species/880/Boat-billedFlycatcher-standard-923cef341eedab79cf4ea985e1b1b5fc.jpg","https://media.birdweather.com/species/880/Boat-billedFlycatcher-thumbnail-03be235471939ac93a6f8121d84e0b42.jpg","https://media.birdweather.com/species/880/Boat-billedFlycatcher-png200-d437d3d92f6d042b491194f57680d511.png","ofgFDwKheqm/SZlHdcd2a2d2uo9dpwMG",17461293769,"https://media.birdweather.com/soundscapes/19267/19267-20260927-225733.flac",4.5,7.5,"live"
11413489139,19267,"2026-09-27T16:56:16.000-06:00",0.975213289260864,0.756520330905914,9.51092599603033,"almost_certain","BirdNET",NA,10.2198,-83.7874,FALSE,229,"Great Kiskadee","Pitangus sulphuratus","#7d4410","avian","https://media.birdweather.com/species/229/GreatKiskadee-standard-cd28a1b8e8b8e5aed433e809c229004e.jpg","https://media.birdweather.com/species/229/GreatKiskadee-thumbnail-b2749ed2442fb322cf3c4cb72f9c97f6.jpg","https://media.birdweather.com/species/229/GreatKiskadee-png200-003973af4f863deb00a4ce9b6f10e59c.png","0PgFDwIrhYqfZJh1mVe3SZZ3uKEJBncG",17461252893,"https://media.birdweather.com/soundscapes/19267/19267-20260927-225610.flac",6,9,"live"
11413489137,19267,"2026-09-27T16:56:14.500-06:00",0.969018697738647,0.756520330905914,9.49829923139059,"almost_certain","BirdNET",NA,10.2198,-83.7874,FALSE,229,"Great Kiskadee","Pitangus sulphuratus","#7d4410","avian","https://media.birdweather.com/species/229/GreatKiskadee-standard-cd28a1b8e8b8e5aed433e809c229004e.jpg","https://media.birdweather.com/species/229/GreatKiskadee-thumbnail-b2749ed2442fb322cf3c4cb72f9c97f6.jpg","https://media.birdweather.com/species/229/GreatKiskadee-png200-003973af4f863deb00a4ce9b6f10e59c.png","0PgFDwIrhYqfZJh1mVe3SZZ3uKEJBncG",17461252893,"https://media.birdweather.com/soundscapes/19267/19267-20260927-225610.flac",4.5,7.5,"live"
11413489136,19267,"2026-09-27T16:56:13.000-06:00",0.979795932769775,0.756520330905914,9.52019271605249,"almost_certain","BirdNET",NA,10.2198,-83.7874,FALSE,229,"Great Kiskadee","Pitangus sulphuratus","#7d4410","avian","https://media.birdweather.com/species/229/GreatKiskadee-standard-cd28a1b8e8b8e5aed433e809c229004e.jpg","https://media.birdweather.com/species/229/GreatKiskadee-thumbnail-b2749ed2442fb322cf3c4cb72f9c97f6.jpg","https://media.birdweather.com/species/229/GreatKiskadee-png200-003973af4f863deb00a4ce9b6f10e59c.png","0PgFDwIrhYqfZJh1mVe3SZZ3uKEJBncG",17461252893,"https://media.birdweather.com/soundscapes/19267/19267-20260927-225610.flac",3,6,"live"
11413489132,19267,"2026-09-27T16:56:11.500-06:00",0.979455947875977,0.756520330905914,9.51950736947199,"almost_certain","BirdNET",NA,10.2198,-83.7874,FALSE,229,"Great Kiskadee","Pitangus sulphuratus","#7d4410","avian","https://media.birdweather.com/species/229/GreatKiskadee-standard-cd28a1b8e8b8e5aed433e809c229004e.jpg","https://media.birdweather.com/species/229/GreatKiskadee-thumbnail-b2749ed2442fb322cf3c4cb72f9c97f6.jpg","https://media.birdweather.com/species/229/GreatKiskadee-png200-003973af4f863deb00a4ce9b6f10e59c.png","0PgFDwIrhYqfZJh1mVe3SZZ3uKEJBncG",17461252893,"https://media.birdweather.com/soundscapes/19267/19267-20260927-225610.flac",1.5,4.5,"live"
11413489129,19267,"2026-09-27T16:56:10.000-06:00",0.980156183242798,0.756520330905914,9.520918540372,"almost_certain","BirdNET",NA,10.2198,-83.7874,FALSE,229,"Great Kiskadee","Pitangus sulphuratus","#7d4410","avian","https://media.birdweather.com/species/229/GreatKiskadee-standard-cd28a1b8e8b8e5aed433e809c229004e.jpg","https://media.birdweather.com/species/229/GreatKiskadee-thumbnail-b2749ed2442fb322cf3c4cb72f9c97f6.jpg","https://media.birdweather.com/species/229/GreatKiskadee-png200-003973af4f863deb00a4ce9b6f10e59c.png","0PgFDwIrhYqfZJh1mVe3SZZ3uKEJBncG",17461252893,"https://media.birdweather.com/soundscapes/19267/19267-20260927-225610.flac",0,3,"live"
11413373729,19267,"2026-09-27T16:47:59.000-06:00",0.91373747587204,0.756527125835419,9.38015608821479,"almost_certain","BirdNET",NA,10.2198,-83.7874,FALSE,229,"Great Kiskadee","Pitangus sulphuratus","#7d4410","avian","https://media.birdweather.com/species/229/GreatKiskadee-standard-cd28a1b8e8b8e5aed433e809c229004e.jpg","https://media.birdweather.com/species/229/GreatKiskadee-thumbnail-b2749ed2442fb322cf3c4cb72f9c97f6.jpg","https://media.birdweather.com/species/229/GreatKiskadee-png200-003973af4f863deb00a4ce9b6f10e59c.png","0PgFDwIrhYqfZJh1mVe3SZZ3uKEJBncG",17461005269,"https://media.birdweather.com/soundscapes/19267/19267-20260927-224756.flac",3,6,"live"
11413225991,19267,"2026-09-27T16:37:44.000-06:00",0.957789957523346,0.756529033184052,9.47512569680405,"almost_certain","BirdNET",NA,10.2198,-83.7874,FALSE,229,"Great Kiskadee","Pitangus sulphuratus","#7d4410","avian","https://media.birdweather.com/species/229/GreatKiskadee-standard-cd28a1b8e8b8e5aed433e809c229004e.jpg","https://media.birdweather.com/species/229/GreatKiskadee-thumbnail-b2749ed2442fb322cf3c4cb72f9c97f6.jpg","https://media.birdweather.com/species/229/GreatKiskadee-png200-003973af4f863deb00a4ce9b6f10e59c.png","0PgFDwIrhYqfZJh1mVe3SZZ3uKEJBncG",17460696106,"https://media.birdweather.com/soundscapes/19267/19267-20260927-223738.flac",6,9,"live"
11413225990,19267,"2026-09-27T16:37:42.500-06:00",0.945662796497345,0.756529033184052,9.44963234468037,"almost_certain","BirdNET",NA,10.2198,-83.7874,FALSE,229,"Great Kiskadee","Pitangus sulphuratus","#7d4410","avian","https://media.birdweather.com/species/229/GreatKiskadee-standard-cd28a1b8e8b8e5aed433e809c229004e.jpg","https://media.birdweather.com/species/229/GreatKiskadee-thumbnail-b2749ed2442fb322cf3c4cb72f9c97f6.jpg","https://media.birdweather.com/species/229/GreatKiskadee-png200-003973af4f863deb00a4ce9b6f10e59c.png","0PgFDwIrhYqfZJh1mVe3SZZ3uKEJBncG",17460696106,"https://media.birdweather.com/soundscapes/19267/19267-20260927-223738.flac",4.5,7.5,"live"
11413225989,19267,"2026-09-27T16:37:41.000-06:00",0.963940322399139,0.756529033184052,9.48787574244408,"almost_certain","BirdNET",NA,10.2198,-83.7874,FALSE,229,"Great Kiskadee","Pitangus sulphuratus","#7d4410","avian","https://media.birdweather.com/species/229/GreatKiskadee-standard-cd28a1b8e8b8e5aed433e809c229004e.jpg","https://media.birdweather.com/species/229/GreatKiskadee-thumbnail-b2749ed2442fb322cf3c4cb72f9c97f6.jpg","https://media.birdweather.com/species/229/GreatKiskadee-png200-003973af4f863deb00a4ce9b6f10e59c.png","0PgFDwIrhYqfZJh1mVe3SZZ3uKEJBncG",17460696106,"https://media.birdweather.com/soundscapes/19267/19267-20260927-223738.flac",3,6,"live"
11413225987,19267,"2026-09-27T16:37:39.500-06:00",0.717352867126465,0.756529033184052,8.85183926649551,"almost_certain","BirdNET",NA,10.2198,-83.7874,FALSE,229,"Great Kiskadee","Pitangus sulphuratus","#7d4410","avian","https://media.birdweather.com/species/229/GreatKiskadee-standard-cd28a1b8e8b8e5aed433e809c229004e.jpg","https://media.birdweather.com/species/229/GreatKiskadee-thumbnail-b2749ed2442fb322cf3c4cb72f9c97f6.jpg","https://media.birdweather.com/species/229/GreatKiskadee-png200-003973af4f863deb00a4ce9b6f10e59c.png","0PgFDwIrhYqfZJh1mVe3SZZ3uKEJBncG",17460696106,"https://media.birdweather.com/soundscapes/19267/19267-20260927-223738.flac",1.5,4.5,"live"
11413222916,19267,"2026-09-27T16:37:31.000-06:00",0.816313743591309,0.756528079509735,9.14334964566591,"almost_certain","BirdNET",NA,10.2198,-83.7874,FALSE,229,"Great Kiskadee","Pitangus sulphuratus","#7d4410","avian","https://media.birdweather.com/species/229/GreatKiskadee-standard-cd28a1b8e8b8e5aed433e809c229004e.jpg","https://media.birdweather.com/species/229/GreatKiskadee-thumbnail-b2749ed2442fb322cf3c4cb72f9c97f6.jpg","https://media.birdweather.com/species/229/GreatKiskadee-png200-003973af4f863deb00a4ce9b6f10e59c.png","0PgFDwIrhYqfZJh1mVe3SZZ3uKEJBncG",17460689675,"https://media.birdweather.com/soundscapes/19267/19267-20260927-223725.flac",6,9,"live"
11413222910,19267,"2026-09-27T16:37:25.000-06:00",0.936462998390198,0.756528079509735,9.42996963693076,"almost_certain","BirdNET",NA,10.2198,-83.7874,FALSE,229,"Great Kiskadee","Pitangus sulphuratus","#7d4410","avian","https://media.birdweather.com/species/229/GreatKiskadee-standard-cd28a1b8e8b8e5aed433e809c229004e.jpg","https://media.birdweather.com/species/229/GreatKiskadee-thumbnail-b2749ed2442fb322cf3c4cb72f9c97f6.jpg","https://media.birdweather.com/species/229/GreatKiskadee-png200-003973af4f863deb00a4ce9b6f10e59c.png","0PgFDwIrhYqfZJh1mVe3SZZ3uKEJBncG",17460689675,"https://media.birdweather.com/soundscapes/19267/19267-20260927-223725.flac",0,3,"live"
11413219899,19267,"2026-09-27T16:37:18.000-06:00",0.866774380207062,0.756528079509735,9.27109761796566,"almost_certain","BirdNET",NA,10.2198,-83.7874,FALSE,229,"Great Kiskadee","Pitangus sulphuratus","#7d4410","avian","https://media.birdweather.com/species/229/GreatKiskadee-standard-cd28a1b8e8b8e5aed433e809c229004e.jpg","https://media.birdweather.com/species/229/GreatKiskadee-thumbnail-b2749ed2442fb322cf3c4cb72f9c97f6.jpg","https://media.birdweather.com/species/229/GreatKiskadee-png200-003973af4f863deb00a4ce9b6f10e59c.png","0PgFDwIrhYqfZJh1mVe3SZZ3uKEJBncG",17460683148,"https://media.birdweather.com/soundscapes/19267/19267-20260927-223712.flac",6,9,"live"
11413219897,19267,"2026-09-27T16:37:16.500-06:00",0.839699804782867,0.756528079509735,9.20403853174025,"almost_certain","BirdNET",NA,10.2198,-83.7874,FALSE,229,"Great Kiskadee","Pitangus sulphuratus","#7d4410","avian","https://media.birdweather.com/species/229/GreatKiskadee-standard-cd28a1b8e8b8e5aed433e809c229004e.jpg","https://media.birdweather.com/species/229/GreatKiskadee-thumbnail-b2749ed2442fb322cf3c4cb72f9c97f6.jpg","https://media.birdweather.com/species/229/GreatKiskadee-png200-003973af4f863deb00a4ce9b6f10e59c.png","0PgFDwIrhYqfZJh1mVe3SZZ3uKEJBncG",17460683148,"https://media.birdweather.com/soundscapes/19267/19267-20260927-223712.flac",4.5,7.5,"live"
11413219894,19267,"2026-09-27T16:37:15.000-06:00",0.867391467094421,0.756528079509735,9.27258842131002,"almost_certain","BirdNET",NA,10.2198,-83.7874,FALSE,229,"Great Kiskadee","Pitangus sulphuratus","#7d4410","avian","https://media.birdweather.com/species/229/GreatKiskadee-standard-cd28a1b8e8b8e5aed433e809c229004e.jpg","https://media.birdweather.com/species/229/GreatKiskadee-thumbnail-b2749ed2442fb322cf3c4cb72f9c97f6.jpg","https://media.birdweather.com/species/229/GreatKiskadee-png200-003973af4f863deb00a4ce9b6f10e59c.png","0PgFDwIrhYqfZJh1mVe3SZZ3uKEJBncG",17460683148,"https://media.birdweather.com/soundscapes/19267/19267-20260927-223712.flac",3,6,"live"
11413216436,19267,"2026-09-27T16:37:04.000-06:00",0.726056337356567,0.756528079509735,8.88011369993569,"almost_certain","BirdNET",NA,10.2198,-83.7874,FALSE,229,"Great Kiskadee","Pitangus sulphuratus","#7d4410","avian","https://media.birdweather.com/species/229/GreatKiskadee-standard-cd28a1b8e8b8e5aed433e809c229004e.jpg","https://media.birdweather.com/species/229/GreatKiskadee-thumbnail-b2749ed2442fb322cf3c4cb72f9c97f6.jpg","https://media.birdweather.com/species/229/GreatKiskadee-png200-003973af4f863deb00a4ce9b6f10e59c.png","0PgFDwIrhYqfZJh1mVe3SZZ3uKEJBncG",17460675794,"https://media.birdweather.com/soundscapes/19267/19267-20260927-223658.flac",6,9,"live"
11413213478,19267,"2026-09-27T16:36:49.500-06:00",0.817648887634277,0.756528079509735,9.1468877780902,"almost_certain","BirdNET",NA,10.2198,-83.7874,FALSE,229,"Great Kiskadee","Pitangus sulphuratus","#7d4410","avian","https://media.birdweather.com/species/229/GreatKiskadee-standard-cd28a1b8e8b8e5aed433e809c229004e.jpg","https://media.birdweather.com/species/229/GreatKiskadee-thumbnail-b2749ed2442fb322cf3c4cb72f9c97f6.jpg","https://media.birdweather.com/species/229/GreatKiskadee-png200-003973af4f863deb00a4ce9b6f10e59c.png","0PgFDwIrhYqfZJh1mVe3SZZ3uKEJBncG",17460669573,"https://media.birdweather.com/soundscapes/19267/19267-20260927-223645.flac",4.5,7.5,"live"
11413213474,19267,"2026-09-27T16:36:46.500-06:00",0.923950731754303,0.756528079509735,9.40276846003359,"almost_certain","BirdNET",NA,10.2198,-83.7874,FALSE,229,"Great Kiskadee","Pitangus sulphuratus","#7d4410","avian","https://media.birdweather.com/species/229/GreatKiskadee-standard-cd28a1b8e8b8e5aed433e809c229004e.jpg","https://media.birdweather.com/species/229/GreatKiskadee-thumbnail-b2749ed2442fb322cf3c4cb72f9c97f6.jpg","https://media.birdweather.com/species/229/GreatKiskadee-png200-003973af4f863deb00a4ce9b6f10e59c.png","0PgFDwIrhYqfZJh1mVe3SZZ3uKEJBncG",17460669573,"https://media.birdweather.com/soundscapes/19267/19267-20260927-223645.flac",1.5,4.5,"live"
11413213471,19267,"2026-09-27T16:36:45.000-06:00",0.895688772201538,0.756528079509735,9.33926474954598,"almost_certain","BirdNET",NA,10.2198,-83.7874,FALSE,229,"Great Kiskadee","Pitangus sulphuratus","#7d4410","avian","https://media.birdweather.com/species/229/GreatKiskadee-standard-cd28a1b8e8b8e5aed433e809c229004e.jpg","https://media.birdweather.com/species/229/GreatKiskadee-thumbnail-b2749ed2442fb322cf3c4cb72f9c97f6.jpg","https://media.birdweather.com/species/229/GreatKiskadee-png200-003973af4f863deb00a4ce9b6f10e59c.png","0PgFDwIrhYqfZJh1mVe3SZZ3uKEJBncG",17460669573,"https://media.birdweather.com/soundscapes/19267/19267-20260927-223645.flac",0,3,"live"
11412911572,19267,"2026-09-27T16:16:07.000-06:00",0.803161919116974,0.902355790138245,9.34659752716251,"almost_certain","BirdNET",NA,10.2198,-83.7874,FALSE,254,"Great-tailed Grackle","Quiscalus mexicanus","#4cdf64","avian","https://media.birdweather.com/species/254/Great-tailedGrackle-standard-84167b7e46a2aae7f30286e714478461.jpg","https://media.birdweather.com/species/254/Great-tailedGrackle-thumbnail-388529862f53a8a975b80daf9e76e3ac.jpg","https://media.birdweather.com/species/254/Great-tailedGrackle-png200-ca2dc12559d8d2db107eefc8eff73513.png","GAgKDwKYmnVgeIeVhniHRXiahgv2mWAN",17460046768,"https://media.birdweather.com/soundscapes/19267/19267-20260927-221601.flac",6,9,"live"
11412911568,19267,"2026-09-27T16:16:01.000-06:00",0.792831540107727,0.902355790138245,9.31817740724457,"almost_certain","BirdNET",NA,10.2198,-83.7874,FALSE,254,"Great-tailed Grackle","Quiscalus mexicanus","#4cdf64","avian","https://media.birdweather.com/species/254/Great-tailedGrackle-standard-84167b7e46a2aae7f30286e714478461.jpg","https://media.birdweather.com/species/254/Great-tailedGrackle-thumbnail-388529862f53a8a975b80daf9e76e3ac.jpg","https://media.birdweather.com/species/254/Great-tailedGrackle-png200-ca2dc12559d8d2db107eefc8eff73513.png","GAgKDwKYmnVgeIeVhniHRXiahgv2mWAN",17460046768,"https://media.birdweather.com/soundscapes/19267/19267-20260927-221601.flac",0,3,"live"
11412709486,19267,"2026-09-27T16:02:24.000-06:00",0.907232940196991,0.756523013114929,9.36555166291541,"almost_certain","BirdNET",NA,10.2198,-83.7874,FALSE,229,"Great Kiskadee","Pitangus sulphuratus","#7d4410","avian","https://media.birdweather.com/species/229/GreatKiskadee-standard-cd28a1b8e8b8e5aed433e809c229004e.jpg","https://media.birdweather.com/species/229/GreatKiskadee-thumbnail-b2749ed2442fb322cf3c4cb72f9c97f6.jpg","https://media.birdweather.com/species/229/GreatKiskadee-png200-003973af4f863deb00a4ce9b6f10e59c.png","0PgFDwIrhYqfZJh1mVe3SZZ3uKEJBncG",17459633909,"https://media.birdweather.com/soundscapes/19267/19267-20260927-220218.flac",6,9,"live"
11412709481,19267,"2026-09-27T16:02:22.500-06:00",0.979311168193817,0.756523013114929,9.51922021022617,"almost_certain","BirdNET",NA,10.2198,-83.7874,FALSE,229,"Great Kiskadee","Pitangus sulphuratus","#7d4410","avian","https://media.birdweather.com/species/229/GreatKiskadee-standard-cd28a1b8e8b8e5aed433e809c229004e.jpg","https://media.birdweather.com/species/229/GreatKiskadee-thumbnail-b2749ed2442fb322cf3c4cb72f9c97f6.jpg","https://media.birdweather.com/species/229/GreatKiskadee-png200-003973af4f863deb00a4ce9b6f10e59c.png","0PgFDwIrhYqfZJh1mVe3SZZ3uKEJBncG",17459633909,"https://media.birdweather.com/soundscapes/19267/19267-20260927-220218.flac",4.5,7.5,"live"
11412702897,19267,"2026-09-27T16:01:51.000-06:00",0.873627781867981,0.756523013114929,9.28755516320311,"almost_certain","BirdNET",NA,10.2198,-83.7874,FALSE,229,"Great Kiskadee","Pitangus sulphuratus","#7d4410","avian","https://media.birdweather.com/species/229/GreatKiskadee-standard-cd28a1b8e8b8e5aed433e809c229004e.jpg","https://media.birdweather.com/species/229/GreatKiskadee-thumbnail-b2749ed2442fb322cf3c4cb72f9c97f6.jpg","https://media.birdweather.com/species/229/GreatKiskadee-png200-003973af4f863deb00a4ce9b6f10e59c.png","0PgFDwIrhYqfZJh1mVe3SZZ3uKEJBncG",17459620258,"https://media.birdweather.com/soundscapes/19267/19267-20260927-220151.flac",0,3,"live"
11412699872,19267,"2026-09-27T16:01:43.000-06:00",0.948418736457825,0.756527841091156,9.45546546225638,"almost_certain","BirdNET",NA,10.2198,-83.7874,FALSE,229,"Great Kiskadee","Pitangus sulphuratus","#7d4410","avian","https://media.birdweather.com/species/229/GreatKiskadee-standard-cd28a1b8e8b8e5aed433e809c229004e.jpg","https://media.birdweather.com/species/229/GreatKiskadee-thumbnail-b2749ed2442fb322cf3c4cb72f9c97f6.jpg","https://media.birdweather.com/species/229/GreatKiskadee-png200-003973af4f863deb00a4ce9b6f10e59c.png","0PgFDwIrhYqfZJh1mVe3SZZ3uKEJBncG",17459613955,"https://media.birdweather.com/soundscapes/19267/19267-20260927-220137.flac",6,9,"live"
11412699871,19267,"2026-09-27T16:01:41.500-06:00",0.776571691036224,0.756527841091156,9.03361708884967,"almost_certain","BirdNET",NA,10.2198,-83.7874,FALSE,229,"Great Kiskadee","Pitangus sulphuratus","#7d4410","avian","https://media.birdweather.com/species/229/GreatKiskadee-standard-cd28a1b8e8b8e5aed433e809c229004e.jpg","https://media.birdweather.com/species/229/GreatKiskadee-thumbnail-b2749ed2442fb322cf3c4cb72f9c97f6.jpg","https://media.birdweather.com/species/229/GreatKiskadee-png200-003973af4f863deb00a4ce9b6f10e59c.png","0PgFDwIrhYqfZJh1mVe3SZZ3uKEJBncG",17459613955,"https://media.birdweather.com/soundscapes/19267/19267-20260927-220137.flac",4.5,7.5,"live"
11412652907,19267,"2026-09-27T15:58:31.000-06:00",0.899711132049561,0.756519198417664,9.34846864261466,"almost_certain","BirdNET",NA,10.2198,-83.7874,FALSE,229,"Great Kiskadee","Pitangus sulphuratus","#7d4410","avian","https://media.birdweather.com/species/229/GreatKiskadee-standard-cd28a1b8e8b8e5aed433e809c229004e.jpg","https://media.birdweather.com/species/229/GreatKiskadee-thumbnail-b2749ed2442fb322cf3c4cb72f9c97f6.jpg","https://media.birdweather.com/species/229/GreatKiskadee-png200-003973af4f863deb00a4ce9b6f10e59c.png","0PgFDwIrhYqfZJh1mVe3SZZ3uKEJBncG",17459518762,"https://media.birdweather.com/soundscapes/19267/19267-20260927-215828.flac",3,6,"live"
11412649897,19267,"2026-09-27T15:58:16.500-06:00",0.754373252391815,0.756519198417664,8.96825378849348,"almost_certain","BirdNET",NA,10.2198,-83.7874,FALSE,229,"Great Kiskadee","Pitangus sulphuratus","#7d4410","avian","https://media.birdweather.com/species/229/GreatKiskadee-standard-cd28a1b8e8b8e5aed433e809c229004e.jpg","https://media.birdweather.com/species/229/GreatKiskadee-thumbnail-b2749ed2442fb322cf3c4cb72f9c97f6.jpg","https://media.birdweather.com/species/229/GreatKiskadee-png200-003973af4f863deb00a4ce9b6f10e59c.png","0PgFDwIrhYqfZJh1mVe3SZZ3uKEJBncG",17459512457,"https://media.birdweather.com/soundscapes/19267/19267-20260927-215815.flac",1.5,4.5,"live"
11412646309,19267,"2026-09-27T15:58:01.000-06:00",0.732564389705658,0.756520688533783,8.90086915361414,"almost_certain","BirdNET",NA,10.2198,-83.7874,FALSE,229,"Great Kiskadee","Pitangus sulphuratus","#7d4410","avian","https://media.birdweather.com/species/229/GreatKiskadee-standard-cd28a1b8e8b8e5aed433e809c229004e.jpg","https://media.birdweather.com/species/229/GreatKiskadee-thumbnail-b2749ed2442fb322cf3c4cb72f9c97f6.jpg","https://media.birdweather.com/species/229/GreatKiskadee-png200-003973af4f863deb00a4ce9b6f10e59c.png","0PgFDwIrhYqfZJh1mVe3SZZ3uKEJBncG",17459505175,"https://media.birdweather.com/soundscapes/19267/19267-20260927-215755.flac",6,9,"live"
11412646304,19267,"2026-09-27T15:57:55.000-06:00",0.842436015605927,0.756520688533783,9.2109535036778,"almost_certain","BirdNET",NA,10.2198,-83.7874,FALSE,229,"Great Kiskadee","Pitangus sulphuratus","#7d4410","avian","https://media.birdweather.com/species/229/GreatKiskadee-standard-cd28a1b8e8b8e5aed433e809c229004e.jpg","https://media.birdweather.com/species/229/GreatKiskadee-thumbnail-b2749ed2442fb322cf3c4cb72f9c97f6.jpg","https://media.birdweather.com/species/229/GreatKiskadee-png200-003973af4f863deb00a4ce9b6f10e59c.png","0PgFDwIrhYqfZJh1mVe3SZZ3uKEJBncG",17459505175,"https://media.birdweather.com/soundscapes/19267/19267-20260927-215755.flac",0,3,"live"
11412642048,19267,"2026-09-27T15:57:48.000-06:00",0.704434335231781,0.756522059440613,8.80875033023037,"almost_certain","BirdNET",NA,10.2198,-83.7874,FALSE,229,"Great Kiskadee","Pitangus sulphuratus","#7d4410","avian","https://media.birdweather.com/species/229/GreatKiskadee-standard-cd28a1b8e8b8e5aed433e809c229004e.jpg","https://media.birdweather.com/species/229/GreatKiskadee-thumbnail-b2749ed2442fb322cf3c4cb72f9c97f6.jpg","https://media.birdweather.com/species/229/GreatKiskadee-png200-003973af4f863deb00a4ce9b6f10e59c.png","0PgFDwIrhYqfZJh1mVe3SZZ3uKEJBncG",17459496301,"https://media.birdweather.com/soundscapes/19267/19267-20260927-215742.flac",6,9,"live"
11412642045,19267,"2026-09-27T15:57:46.500-06:00",0.876349270343781,0.756522059440613,9.29403784231422,"almost_certain","BirdNET",NA,10.2198,-83.7874,FALSE,229,"Great Kiskadee","Pitangus sulphuratus","#7d4410","avian","https://media.birdweather.com/species/229/GreatKiskadee-standard-cd28a1b8e8b8e5aed433e809c229004e.jpg","https://media.birdweather.com/species/229/GreatKiskadee-thumbnail-b2749ed2442fb322cf3c4cb72f9c97f6.jpg","https://media.birdweather.com/species/229/GreatKiskadee-png200-003973af4f863deb00a4ce9b6f10e59c.png","0PgFDwIrhYqfZJh1mVe3SZZ3uKEJBncG",17459496301,"https://media.birdweather.com/soundscapes/19267/19267-20260927-215742.flac",4.5,7.5,"live"
11412642043,19267,"2026-09-27T15:57:45.000-06:00",0.868197023868561,0.756522059440613,9.27452134638228,"almost_certain","BirdNET",NA,10.2198,-83.7874,FALSE,229,"Great Kiskadee","Pitangus sulphuratus","#7d4410","avian","https://media.birdweather.com/species/229/GreatKiskadee-standard-cd28a1b8e8b8e5aed433e809c229004e.jpg","https://media.birdweather.com/species/229/GreatKiskadee-thumbnail-b2749ed2442fb322cf3c4cb72f9c97f6.jpg","https://media.birdweather.com/species/229/GreatKiskadee-png200-003973af4f863deb00a4ce9b6f10e59c.png","0PgFDwIrhYqfZJh1mVe3SZZ3uKEJBncG",17459496301,"https://media.birdweather.com/soundscapes/19267/19267-20260927-215742.flac",3,6,"live"
11412642037,19267,"2026-09-27T15:57:42.000-06:00",0.749680399894714,0.756522059440613,8.95403570704765,"almost_certain","BirdNET",NA,10.2198,-83.7874,FALSE,229,"Great Kiskadee","Pitangus sulphuratus","#7d4410","avian","https://media.birdweather.com/species/229/GreatKiskadee-standard-cd28a1b8e8b8e5aed433e809c229004e.jpg","https://media.birdweather.com/species/229/GreatKiskadee-thumbnail-b2749ed2442fb322cf3c4cb72f9c97f6.jpg","https://media.birdweather.com/species/229/GreatKiskadee-png200-003973af4f863deb00a4ce9b6f10e59c.png","0PgFDwIrhYqfZJh1mVe3SZZ3uKEJBncG",17459496301,"https://media.birdweather.com/soundscapes/19267/19267-20260927-215742.flac",0,3,"live"
11412621476,19267,"2026-09-27T15:56:21.500-06:00",0.710748493671417,0.756525337696075,8.82997982112292,"almost_certain","BirdNET",NA,10.2198,-83.7874,FALSE,229,"Great Kiskadee","Pitangus sulphuratus","#7d4410","avian","https://media.birdweather.com/species/229/GreatKiskadee-standard-cd28a1b8e8b8e5aed433e809c229004e.jpg","https://media.birdweather.com/species/229/GreatKiskadee-thumbnail-b2749ed2442fb322cf3c4cb72f9c97f6.jpg","https://media.birdweather.com/species/229/GreatKiskadee-png200-003973af4f863deb00a4ce9b6f10e59c.png","0PgFDwIrhYqfZJh1mVe3SZZ3uKEJBncG",17459453993,"https://media.birdweather.com/soundscapes/19267/19267-20260927-215617.flac",4.5,7.5,"live"
11412380118,19267,"2026-09-27T15:40:03.500-06:00",0.97700309753418,0.756516993045807,9.51454672609889,"almost_certain","BirdNET",NA,10.2198,-83.7874,FALSE,229,"Great Kiskadee","Pitangus sulphuratus","#7d4410","avian","https://media.birdweather.com/species/229/GreatKiskadee-standard-cd28a1b8e8b8e5aed433e809c229004e.jpg","https://media.birdweather.com/species/229/GreatKiskadee-thumbnail-b2749ed2442fb322cf3c4cb72f9c97f6.jpg","https://media.birdweather.com/species/229/GreatKiskadee-png200-003973af4f863deb00a4ce9b6f10e59c.png","0PgFDwIrhYqfZJh1mVe3SZZ3uKEJBncG",17458964886,"https://media.birdweather.com/soundscapes/19267/19267-20260927-213959.flac",4.5,7.5,"live"
11412380115,19267,"2026-09-27T15:40:02.000-06:00",0.894711673259735,0.756516993045807,9.3369959002657,"almost_certain","BirdNET",NA,10.2198,-83.7874,FALSE,229,"Great Kiskadee","Pitangus sulphuratus","#7d4410","avian","https://media.birdweather.com/species/229/GreatKiskadee-standard-cd28a1b8e8b8e5aed433e809c229004e.jpg","https://media.birdweather.com/species/229/GreatKiskadee-thumbnail-b2749ed2442fb322cf3c4cb72f9c97f6.jpg","https://media.birdweather.com/species/229/GreatKiskadee-png200-003973af4f863deb00a4ce9b6f10e59c.png","0PgFDwIrhYqfZJh1mVe3SZZ3uKEJBncG",17458964886,"https://media.birdweather.com/soundscapes/19267/19267-20260927-213959.flac",3,6,"live"
11412380112,19267,"2026-09-27T15:40:00.500-06:00",0.81503689289093,0.756516993045807,9.13993760659666,"almost_certain","BirdNET",NA,10.2198,-83.7874,FALSE,229,"Great Kiskadee","Pitangus sulphuratus","#7d4410","avian","https://media.birdweather.com/species/229/GreatKiskadee-standard-cd28a1b8e8b8e5aed433e809c229004e.jpg","https://media.birdweather.com/species/229/GreatKiskadee-thumbnail-b2749ed2442fb322cf3c4cb72f9c97f6.jpg","https://media.birdweather.com/species/229/GreatKiskadee-png200-003973af4f863deb00a4ce9b6f10e59c.png","0PgFDwIrhYqfZJh1mVe3SZZ3uKEJBncG",17458964886,"https://media.birdweather.com/soundscapes/19267/19267-20260927-213959.flac",1.5,4.5,"live"
11412380109,19267,"2026-09-27T15:39:59.000-06:00",0.821779310703278,0.756516993045807,9.15775608316699,"almost_certain","BirdNET",NA,10.2198,-83.7874,FALSE,229,"Great Kiskadee","Pitangus sulphuratus","#7d4410","avian","https://media.birdweather.com/species/229/GreatKiskadee-standard-cd28a1b8e8b8e5aed433e809c229004e.jpg","https://media.birdweather.com/species/229/GreatKiskadee-thumbnail-b2749ed2442fb322cf3c4cb72f9c97f6.jpg","https://media.birdweather.com/species/229/GreatKiskadee-png200-003973af4f863deb00a4ce9b6f10e59c.png","0PgFDwIrhYqfZJh1mVe3SZZ3uKEJBncG",17458964886,"https://media.birdweather.com/soundscapes/19267/19267-20260927-213959.flac",0,3,"live"
11412376434,19267,"2026-09-27T15:39:47.000-06:00",0.924119293689728,0.756521105766296,9.40312605507596,"almost_certain","BirdNET",NA,10.2198,-83.7874,FALSE,229,"Great Kiskadee","Pitangus sulphuratus","#7d4410","avian","https://media.birdweather.com/species/229/GreatKiskadee-standard-cd28a1b8e8b8e5aed433e809c229004e.jpg","https://media.birdweather.com/species/229/GreatKiskadee-thumbnail-b2749ed2442fb322cf3c4cb72f9c97f6.jpg","https://media.birdweather.com/species/229/GreatKiskadee-png200-003973af4f863deb00a4ce9b6f10e59c.png","0PgFDwIrhYqfZJh1mVe3SZZ3uKEJBncG",17458957516,"https://media.birdweather.com/soundscapes/19267/19267-20260927-213944.flac",3,6,"live"
11412376433,19267,"2026-09-27T15:39:45.500-06:00",0.9513218998909,0.756521105766296,9.4615736307486,"almost_certain","BirdNET",NA,10.2198,-83.7874,FALSE,229,"Great Kiskadee","Pitangus sulphuratus","#7d4410","avian","https://media.birdweather.com/species/229/GreatKiskadee-standard-cd28a1b8e8b8e5aed433e809c229004e.jpg","https://media.birdweather.com/species/229/GreatKiskadee-thumbnail-b2749ed2442fb322cf3c4cb72f9c97f6.jpg","https://media.birdweather.com/species/229/GreatKiskadee-png200-003973af4f863deb00a4ce9b6f10e59c.png","0PgFDwIrhYqfZJh1mVe3SZZ3uKEJBncG",17458957516,"https://media.birdweather.com/soundscapes/19267/19267-20260927-213944.flac",1.5,4.5,"live"
11412376430,19267,"2026-09-27T15:39:44.000-06:00",0.786430180072784,0.756521105766296,9.06165609052344,"almost_certain","BirdNET",NA,10.2198,-83.7874,FALSE,229,"Great Kiskadee","Pitangus sulphuratus","#7d4410","avian","https://media.birdweather.com/species/229/GreatKiskadee-standard-cd28a1b8e8b8e5aed433e809c229004e.jpg","https://media.birdweather.com/species/229/GreatKiskadee-thumbnail-b2749ed2442fb322cf3c4cb72f9c97f6.jpg","https://media.birdweather.com/species/229/GreatKiskadee-png200-003973af4f863deb00a4ce9b6f10e59c.png","0PgFDwIrhYqfZJh1mVe3SZZ3uKEJBncG",17458957516,"https://media.birdweather.com/soundscapes/19267/19267-20260927-213944.flac",0,3,"live"
11412366413,19267,"2026-09-27T15:39:10.000-06:00",0.991617858409882,0.756521463394165,9.54381480203639,"almost_certain","BirdNET",NA,10.2198,-83.7874,FALSE,229,"Great Kiskadee","Pitangus sulphuratus","#7d4410","avian","https://media.birdweather.com/species/229/GreatKiskadee-standard-cd28a1b8e8b8e5aed433e809c229004e.jpg","https://media.birdweather.com/species/229/GreatKiskadee-thumbnail-b2749ed2442fb322cf3c4cb72f9c97f6.jpg","https://media.birdweather.com/species/229/GreatKiskadee-png200-003973af4f863deb00a4ce9b6f10e59c.png","0PgFDwIrhYqfZJh1mVe3SZZ3uKEJBncG",17458937619,"https://media.birdweather.com/soundscapes/19267/19267-20260927-213904.flac",6,9,"live"
11412366412,19267,"2026-09-27T15:39:08.500-06:00",0.983823359012604,0.756521463394165,9.52828730678602,"almost_certain","BirdNET",NA,10.2198,-83.7874,FALSE,229,"Great Kiskadee","Pitangus sulphuratus","#7d4410","avian","https://media.birdweather.com/species/229/GreatKiskadee-standard-cd28a1b8e8b8e5aed433e809c229004e.jpg","https://media.birdweather.com/species/229/GreatKiskadee-thumbnail-b2749ed2442fb322cf3c4cb72f9c97f6.jpg","https://media.birdweather.com/species/229/GreatKiskadee-png200-003973af4f863deb00a4ce9b6f10e59c.png","0PgFDwIrhYqfZJh1mVe3SZZ3uKEJBncG",17458937619,"https://media.birdweather.com/soundscapes/19267/19267-20260927-213904.flac",4.5,7.5,"live"
11412366409,19267,"2026-09-27T15:39:07.000-06:00",0.910372376441956,0.756521463394165,9.37261364082081,"almost_certain","BirdNET",NA,10.2198,-83.7874,FALSE,229,"Great Kiskadee","Pitangus sulphuratus","#7d4410","avian","https://media.birdweather.com/species/229/GreatKiskadee-standard-cd28a1b8e8b8e5aed433e809c229004e.jpg","https://media.birdweather.com/species/229/GreatKiskadee-thumbnail-b2749ed2442fb322cf3c4cb72f9c97f6.jpg","https://media.birdweather.com/species/229/GreatKiskadee-png200-003973af4f863deb00a4ce9b6f10e59c.png","0PgFDwIrhYqfZJh1mVe3SZZ3uKEJBncG",17458937619,"https://media.birdweather.com/soundscapes/19267/19267-20260927-213904.flac",3,6,"live"
11412366408,19267,"2026-09-27T15:39:05.500-06:00",0.896958529949188,0.756521463394165,9.34217008006778,"almost_certain","BirdNET",NA,10.2198,-83.7874,FALSE,229,"Great Kiskadee","Pitangus sulphuratus","#7d4410","avian","https://media.birdweather.com/species/229/GreatKiskadee-standard-cd28a1b8e8b8e5aed433e809c229004e.jpg","https://media.birdweather.com/species/229/GreatKiskadee-thumbnail-b2749ed2442fb322cf3c4cb72f9c97f6.jpg","https://media.birdweather.com/species/229/GreatKiskadee-png200-003973af4f863deb00a4ce9b6f10e59c.png","0PgFDwIrhYqfZJh1mVe3SZZ3uKEJBncG",17458937619,"https://media.birdweather.com/soundscapes/19267/19267-20260927-213904.flac",1.5,4.5,"live"
11412366406,19267,"2026-09-27T15:39:04.000-06:00",0.974934339523315,0.756521463394165,9.51036191736785,"almost_certain","BirdNET",NA,10.2198,-83.7874,FALSE,229,"Great Kiskadee","Pitangus sulphuratus","#7d4410","avian","https://media.birdweather.com/species/229/GreatKiskadee-standard-cd28a1b8e8b8e5aed433e809c229004e.jpg","https://media.birdweather.com/species/229/GreatKiskadee-thumbnail-b2749ed2442fb322cf3c4cb72f9c97f6.jpg","https://media.birdweather.com/species/229/GreatKiskadee-png200-003973af4f863deb00a4ce9b6f10e59c.png","0PgFDwIrhYqfZJh1mVe3SZZ3uKEJBncG",17458937619,"https://media.birdweather.com/soundscapes/19267/19267-20260927-213904.flac",0,3,"live"
11412363165,19267,"2026-09-27T15:38:58.000-06:00",0.892293214797974,0.756521463394165,9.33142128012333,"almost_certain","BirdNET",NA,10.2198,-83.7874,FALSE,229,"Great Kiskadee","Pitangus sulphuratus","#7d4410","avian","https://media.birdweather.com/species/229/GreatKiskadee-standard-cd28a1b8e8b8e5aed433e809c229004e.jpg","https://media.birdweather.com/species/229/GreatKiskadee-thumbnail-b2749ed2442fb322cf3c4cb72f9c97f6.jpg","https://media.birdweather.com/species/229/GreatKiskadee-png200-003973af4f863deb00a4ce9b6f10e59c.png","0PgFDwIrhYqfZJh1mVe3SZZ3uKEJBncG",17458931217,"https://media.birdweather.com/soundscapes/19267/19267-20260927-213852.flac",6,9,"live"
11412360170,19267,"2026-09-27T15:38:42.000-06:00",0.719547927379608,0.756521463394165,8.85901234623823,"almost_certain","BirdNET",NA,10.2198,-83.7874,FALSE,229,"Great Kiskadee","Pitangus sulphuratus","#7d4410","avian","https://media.birdweather.com/species/229/GreatKiskadee-standard-cd28a1b8e8b8e5aed433e809c229004e.jpg","https://media.birdweather.com/species/229/GreatKiskadee-thumbnail-b2749ed2442fb322cf3c4cb72f9c97f6.jpg","https://media.birdweather.com/species/229/GreatKiskadee-png200-003973af4f863deb00a4ce9b6f10e59c.png","0PgFDwIrhYqfZJh1mVe3SZZ3uKEJBncG",17458925079,"https://media.birdweather.com/soundscapes/19267/19267-20260927-213839.flac",3,6,"live"
11412356601,19267,"2026-09-27T15:38:25.000-06:00",0.78695023059845,0.756521463394165,9.06312063689405,"almost_certain","BirdNET",NA,10.2198,-83.7874,FALSE,229,"Great Kiskadee","Pitangus sulphuratus","#7d4410","avian","https://media.birdweather.com/species/229/GreatKiskadee-standard-cd28a1b8e8b8e5aed433e809c229004e.jpg","https://media.birdweather.com/species/229/GreatKiskadee-thumbnail-b2749ed2442fb322cf3c4cb72f9c97f6.jpg","https://media.birdweather.com/species/229/GreatKiskadee-png200-003973af4f863deb00a4ce9b6f10e59c.png","0PgFDwIrhYqfZJh1mVe3SZZ3uKEJBncG",17458917823,"https://media.birdweather.com/soundscapes/19267/19267-20260927-213825.flac",0,3,"live"
11412333816,19267,"2026-09-27T15:36:58.000-06:00",0.811533987522125,0.756521463394165,9.1305960248389,"almost_certain","BirdNET",NA,10.2198,-83.7874,FALSE,229,"Great Kiskadee","Pitangus sulphuratus","#7d4410","avian","https://media.birdweather.com/species/229/GreatKiskadee-standard-cd28a1b8e8b8e5aed433e809c229004e.jpg","https://media.birdweather.com/species/229/GreatKiskadee-thumbnail-b2749ed2442fb322cf3c4cb72f9c97f6.jpg","https://media.birdweather.com/species/229/GreatKiskadee-png200-003973af4f863deb00a4ce9b6f10e59c.png","0PgFDwIrhYqfZJh1mVe3SZZ3uKEJBncG",17458871415,"https://media.birdweather.com/soundscapes/19267/19267-20260927-213652.flac",6,9,"live"
11412333801,19267,"2026-09-27T15:36:52.000-06:00",0.733082354068756,0.756521463394165,8.90251003238231,"almost_certain","BirdNET",NA,10.2198,-83.7874,FALSE,229,"Great Kiskadee","Pitangus sulphuratus","#7d4410","avian","https://media.birdweather.com/species/229/GreatKiskadee-standard-cd28a1b8e8b8e5aed433e809c229004e.jpg","https://media.birdweather.com/species/229/GreatKiskadee-thumbnail-b2749ed2442fb322cf3c4cb72f9c97f6.jpg","https://media.birdweather.com/species/229/GreatKiskadee-png200-003973af4f863deb00a4ce9b6f10e59c.png","0PgFDwIrhYqfZJh1mVe3SZZ3uKEJBncG",17458871415,"https://media.birdweather.com/soundscapes/19267/19267-20260927-213652.flac",0,3,"live"
11412296417,19267,"2026-09-27T15:34:22.500-06:00",0.724160134792328,0.218187734484673,7.21397015901602,"almost_certain","BirdNET",NA,10.2198,-83.7874,FALSE,3766,"Crimson-fronted Parakeet","Psittacara finschi","#65ad00","avian","https://media.birdweather.com/species/3766/Crimson-frontedParakeet-standard-ddc77fa728634b78b78a31cc430f7895.jpg","https://media.birdweather.com/species/3766/Crimson-frontedParakeet-thumbnail-df6cfd5712c254c532e4f60547260885.jpg","https://media.birdweather.com/species/3766/Crimson-frontedParakeet-png200-7ac02114402521892623f1f6b95ca6c2.png","1PgJHwR1hXZghIXBaJmliYSndzA49JgL",17458796205,"https://media.birdweather.com/soundscapes/19267/19267-20260927-213421.flac",1.5,4.5,"live"
11412109175,19267,"2026-09-27T15:22:44.000-06:00",0.772079288959503,0.231037527322769,7.4356633475194,"almost_certain","BirdNET",NA,10.2198,-83.7874,FALSE,501,"White-winged Dove","Zenaida asiatica","#d16ff8","avian","https://media.birdweather.com/species/501/White-wingedDove-standard-6528ef689b07d5a91f1c2275cdef19c9.jpg","https://media.birdweather.com/species/501/White-wingedDove-thumbnail-4a940adfd5a6c78c73c48c5095e7b896.jpg","https://media.birdweather.com/species/501/White-wingedDove-png200-d65decd3d571b5a9dbeca249ef97689f.png","IscJLwb6hoVelZWZdoh3eIeIdxBoB4IG",17458435234,"https://media.birdweather.com/soundscapes/19267/19267-20260927-212244.flac",0,3,"live"
11412105904,19267,"2026-09-27T15:22:36.500-06:00",0.721032202243805,0.231037527322769,7.27888378631738,"almost_certain","BirdNET",NA,10.2198,-83.7874,FALSE,501,"White-winged Dove","Zenaida asiatica","#d16ff8","avian","https://media.birdweather.com/species/501/White-wingedDove-standard-6528ef689b07d5a91f1c2275cdef19c9.jpg","https://media.birdweather.com/species/501/White-wingedDove-thumbnail-4a940adfd5a6c78c73c48c5095e7b896.jpg","https://media.birdweather.com/species/501/White-wingedDove-png200-d65decd3d571b5a9dbeca249ef97689f.png","IscJLwb6hoVelZWZdoh3eIeIdxBoB4IG",17458428582,"https://media.birdweather.com/soundscapes/19267/19267-20260927-212232.flac",4.5,7.5,"live"
11412102550,19267,"2026-09-27T15:22:21.500-06:00",0.791856527328491,0.231037527322769,7.49188829312742,"almost_certain","BirdNET",NA,10.2198,-83.7874,FALSE,501,"White-winged Dove","Zenaida asiatica","#d16ff8","avian","https://media.birdweather.com/species/501/White-wingedDove-standard-6528ef689b07d5a91f1c2275cdef19c9.jpg","https://media.birdweather.com/species/501/White-wingedDove-thumbnail-4a940adfd5a6c78c73c48c5095e7b896.jpg","https://media.birdweather.com/species/501/White-wingedDove-png200-d65decd3d571b5a9dbeca249ef97689f.png","IscJLwb6hoVelZWZdoh3eIeIdxBoB4IG",17458422197,"https://media.birdweather.com/soundscapes/19267/19267-20260927-212220.flac",1.5,4.5,"live"
11412076496,19267,"2026-09-27T15:20:42.000-06:00",0.844403266906738,0.231022253632545,7.63086087447124,"almost_certain","BirdNET",NA,10.2198,-83.7874,FALSE,501,"White-winged Dove","Zenaida asiatica","#d16ff8","avian","https://media.birdweather.com/species/501/White-wingedDove-standard-6528ef689b07d5a91f1c2275cdef19c9.jpg","https://media.birdweather.com/species/501/White-wingedDove-thumbnail-4a940adfd5a6c78c73c48c5095e7b896.jpg","https://media.birdweather.com/species/501/White-wingedDove-png200-d65decd3d571b5a9dbeca249ef97689f.png","IscJLwb6hoVelZWZdoh3eIeIdxBoB4IG",17458371367,"https://media.birdweather.com/soundscapes/19267/19267-20260927-212042.flac",0,3,"live"
11412059647,19267,"2026-09-27T15:19:40.000-06:00",0.890879511833191,0.231022953987122,7.74309779431182,"almost_certain","BirdNET",NA,10.2198,-83.7874,FALSE,501,"White-winged Dove","Zenaida asiatica","#d16ff8","avian","https://media.birdweather.com/species/501/White-wingedDove-standard-6528ef689b07d5a91f1c2275cdef19c9.jpg","https://media.birdweather.com/species/501/White-wingedDove-thumbnail-4a940adfd5a6c78c73c48c5095e7b896.jpg","https://media.birdweather.com/species/501/White-wingedDove-png200-d65decd3d571b5a9dbeca249ef97689f.png","IscJLwb6hoVelZWZdoh3eIeIdxBoB4IG",17458337521,"https://media.birdweather.com/soundscapes/19267/19267-20260927-211937.flac",3,6,"live"
11412059644,19267,"2026-09-27T15:19:38.500-06:00",0.953064322471619,0.231022953987122,7.88018479275032,"almost_certain","BirdNET",NA,10.2198,-83.7874,FALSE,501,"White-winged Dove","Zenaida asiatica","#d16ff8","avian","https://media.birdweather.com/species/501/White-wingedDove-standard-6528ef689b07d5a91f1c2275cdef19c9.jpg","https://media.birdweather.com/species/501/White-wingedDove-thumbnail-4a940adfd5a6c78c73c48c5095e7b896.jpg","https://media.birdweather.com/species/501/White-wingedDove-png200-d65decd3d571b5a9dbeca249ef97689f.png","IscJLwb6hoVelZWZdoh3eIeIdxBoB4IG",17458337521,"https://media.birdweather.com/soundscapes/19267/19267-20260927-211937.flac",1.5,4.5,"live"
11412059639,19267,"2026-09-27T15:19:37.000-06:00",0.937993466854095,0.231022953987122,7.84819860240606,"almost_certain","BirdNET",NA,10.2198,-83.7874,FALSE,501,"White-winged Dove","Zenaida asiatica","#d16ff8","avian","https://media.birdweather.com/species/501/White-wingedDove-standard-6528ef689b07d5a91f1c2275cdef19c9.jpg","https://media.birdweather.com/species/501/White-wingedDove-thumbnail-4a940adfd5a6c78c73c48c5095e7b896.jpg","https://media.birdweather.com/species/501/White-wingedDove-png200-d65decd3d571b5a9dbeca249ef97689f.png","IscJLwb6hoVelZWZdoh3eIeIdxBoB4IG",17458337521,"https://media.birdweather.com/soundscapes/19267/19267-20260927-211937.flac",0,3,"live"
11412001848,19267,"2026-09-27T15:16:04.500-06:00",0.77814108133316,0.231042042374611,7.45316867757244,"almost_certain","BirdNET",NA,10.2198,-83.7874,FALSE,501,"White-winged Dove","Zenaida asiatica","#d16ff8","avian","https://media.birdweather.com/species/501/White-wingedDove-standard-6528ef689b07d5a91f1c2275cdef19c9.jpg","https://media.birdweather.com/species/501/White-wingedDove-thumbnail-4a940adfd5a6c78c73c48c5095e7b896.jpg","https://media.birdweather.com/species/501/White-wingedDove-png200-d65decd3d571b5a9dbeca249ef97689f.png","IscJLwb6hoVelZWZdoh3eIeIdxBoB4IG",17458226418,"https://media.birdweather.com/soundscapes/19267/19267-20260927-211603.flac",1.5,4.5,"live"
11412001840,19267,"2026-09-27T15:16:03.000-06:00",0.950244784355164,0.231042042374611,7.87436564940954,"almost_certain","BirdNET",NA,10.2198,-83.7874,FALSE,501,"White-winged Dove","Zenaida asiatica","#d16ff8","avian","https://media.birdweather.com/species/501/White-wingedDove-standard-6528ef689b07d5a91f1c2275cdef19c9.jpg","https://media.birdweather.com/species/501/White-wingedDove-thumbnail-4a940adfd5a6c78c73c48c5095e7b896.jpg","https://media.birdweather.com/species/501/White-wingedDove-png200-d65decd3d571b5a9dbeca249ef97689f.png","IscJLwb6hoVelZWZdoh3eIeIdxBoB4IG",17458226418,"https://media.birdweather.com/soundscapes/19267/19267-20260927-211603.flac",0,3,"live"
11411775371,19267,"2026-09-27T15:01:43.000-06:00",0.792584717273712,0.783953666687012,9.12705435035451,"almost_certain","BirdNET",NA,10.2198,-83.7874,FALSE,547,"Clay-colored Thrush","Turdus grayi","#6a35aa","avian","https://media.birdweather.com/species/547/Clay-coloredThrush-standard-6bfc97468790235aef16f793d0f164d2.jpg","https://media.birdweather.com/species/547/Clay-coloredThrush-thumbnail-a430288208e6c65f3790075ad1f1192e.jpg","https://media.birdweather.com/species/547/Clay-coloredThrush-png200-1247890112c02c6395175d20c306cf45.png","m/gFDwZ7toiKZoh0hQl26Wx8OeevSGcA",17457779478,"https://media.birdweather.com/soundscapes/19267/19267-20260927-210143.flac",0,3,"live"
11411771226,19267,"2026-09-27T15:01:35.000-06:00",0.93114560842514,0.783950507640839,9.46663098221979,"almost_certain","BirdNET",NA,10.2198,-83.7874,FALSE,547,"Clay-colored Thrush","Turdus grayi","#6a35aa","avian","https://media.birdweather.com/species/547/Clay-coloredThrush-standard-6bfc97468790235aef16f793d0f164d2.jpg","https://media.birdweather.com/species/547/Clay-coloredThrush-thumbnail-a430288208e6c65f3790075ad1f1192e.jpg","https://media.birdweather.com/species/547/Clay-coloredThrush-png200-1247890112c02c6395175d20c306cf45.png","m/gFDwZ7toiKZoh0hQl26Wx8OeevSGcA",17457771853,"https://media.birdweather.com/soundscapes/19267/19267-20260927-210129.flac",6,9,"live"
11411771225,19267,"2026-09-27T15:01:33.500-06:00",0.852502226829529,0.783950507640839,9.28431257373941,"almost_certain","BirdNET",NA,10.2198,-83.7874,FALSE,547,"Clay-colored Thrush","Turdus grayi","#6a35aa","avian","https://media.birdweather.com/species/547/Clay-coloredThrush-standard-6bfc97468790235aef16f793d0f164d2.jpg","https://media.birdweather.com/species/547/Clay-coloredThrush-thumbnail-a430288208e6c65f3790075ad1f1192e.jpg","https://media.birdweather.com/species/547/Clay-coloredThrush-png200-1247890112c02c6395175d20c306cf45.png","m/gFDwZ7toiKZoh0hQl26Wx8OeevSGcA",17457771853,"https://media.birdweather.com/soundscapes/19267/19267-20260927-210129.flac",4.5,7.5,"live"
11411771223,19267,"2026-09-27T15:01:32.000-06:00",0.755659639835358,0.783950507640839,9.02029804218919,"almost_certain","BirdNET",NA,10.2198,-83.7874,FALSE,547,"Clay-colored Thrush","Turdus grayi","#6a35aa","avian","https://media.birdweather.com/species/547/Clay-coloredThrush-standard-6bfc97468790235aef16f793d0f164d2.jpg","https://media.birdweather.com/species/547/Clay-coloredThrush-thumbnail-a430288208e6c65f3790075ad1f1192e.jpg","https://media.birdweather.com/species/547/Clay-coloredThrush-png200-1247890112c02c6395175d20c306cf45.png","m/gFDwZ7toiKZoh0hQl26Wx8OeevSGcA",17457771853,"https://media.birdweather.com/soundscapes/19267/19267-20260927-210129.flac",3,6,"live"
11411766431,19267,"2026-09-27T15:01:21.000-06:00",0.711303651332855,0.783950746059418,8.87999076092704,"almost_certain","BirdNET",NA,10.2198,-83.7874,FALSE,547,"Clay-colored Thrush","Turdus grayi","#6a35aa","avian","https://media.birdweather.com/species/547/Clay-coloredThrush-standard-6bfc97468790235aef16f793d0f164d2.jpg","https://media.birdweather.com/species/547/Clay-coloredThrush-thumbnail-a430288208e6c65f3790075ad1f1192e.jpg","https://media.birdweather.com/species/547/Clay-coloredThrush-png200-1247890112c02c6395175d20c306cf45.png","m/gFDwZ7toiKZoh0hQl26Wx8OeevSGcA",17457763738,"https://media.birdweather.com/soundscapes/19267/19267-20260927-210115.flac",6,9,"live"
11411766428,19267,"2026-09-27T15:01:16.500-06:00",0.707725942134857,0.783950746059418,8.86802173608023,"almost_certain","BirdNET",NA,10.2198,-83.7874,FALSE,547,"Clay-colored Thrush","Turdus grayi","#6a35aa","avian","https://media.birdweather.com/species/547/Clay-coloredThrush-standard-6bfc97468790235aef16f793d0f164d2.jpg","https://media.birdweather.com/species/547/Clay-coloredThrush-thumbnail-a430288208e6c65f3790075ad1f1192e.jpg","https://media.birdweather.com/species/547/Clay-coloredThrush-png200-1247890112c02c6395175d20c306cf45.png","m/gFDwZ7toiKZoh0hQl26Wx8OeevSGcA",17457763738,"https://media.birdweather.com/soundscapes/19267/19267-20260927-210115.flac",1.5,4.5,"live"
11411752274,19267,"2026-09-27T15:00:28.000-06:00",0.983880460262299,0.783953130245209,9.57657327090736,"almost_certain","BirdNET",NA,10.2198,-83.7874,FALSE,547,"Clay-colored Thrush","Turdus grayi","#6a35aa","avian","https://media.birdweather.com/species/547/Clay-coloredThrush-standard-6bfc97468790235aef16f793d0f164d2.jpg","https://media.birdweather.com/species/547/Clay-coloredThrush-thumbnail-a430288208e6c65f3790075ad1f1192e.jpg","https://media.birdweather.com/species/547/Clay-coloredThrush-png200-1247890112c02c6395175d20c306cf45.png","m/gFDwZ7toiKZoh0hQl26Wx8OeevSGcA",17457736542,"https://media.birdweather.com/soundscapes/19267/19267-20260927-210022.flac",6,9,"live"
11411752269,19267,"2026-09-27T15:00:26.500-06:00",0.941776633262634,0.783953130245209,9.48951961193635,"almost_certain","BirdNET",NA,10.2198,-83.7874,FALSE,547,"Clay-colored Thrush","Turdus grayi","#6a35aa","avian","https://media.birdweather.com/species/547/Clay-coloredThrush-standard-6bfc97468790235aef16f793d0f164d2.jpg","https://media.birdweather.com/species/547/Clay-coloredThrush-thumbnail-a430288208e6c65f3790075ad1f1192e.jpg","https://media.birdweather.com/species/547/Clay-coloredThrush-png200-1247890112c02c6395175d20c306cf45.png","m/gFDwZ7toiKZoh0hQl26Wx8OeevSGcA",17457736542,"https://media.birdweather.com/soundscapes/19267/19267-20260927-210022.flac",4.5,7.5,"live"
11411752266,19267,"2026-09-27T15:00:25.000-06:00",0.899878978729248,0.783953130245209,9.39702764156815,"almost_certain","BirdNET",NA,10.2198,-83.7874,FALSE,547,"Clay-colored Thrush","Turdus grayi","#6a35aa","avian","https://media.birdweather.com/species/547/Clay-coloredThrush-standard-6bfc97468790235aef16f793d0f164d2.jpg","https://media.birdweather.com/species/547/Clay-coloredThrush-thumbnail-a430288208e6c65f3790075ad1f1192e.jpg","https://media.birdweather.com/species/547/Clay-coloredThrush-png200-1247890112c02c6395175d20c306cf45.png","m/gFDwZ7toiKZoh0hQl26Wx8OeevSGcA",17457736542,"https://media.birdweather.com/soundscapes/19267/19267-20260927-210022.flac",3,6,"live"
11411745121,19267,"2026-09-27T14:59:59.500-06:00",0.798368811607361,0.78395688533783,9.14305318547521,"almost_certain","BirdNET",NA,10.2198,-83.7874,FALSE,547,"Clay-colored Thrush","Turdus grayi","#6a35aa","avian","https://media.birdweather.com/species/547/Clay-coloredThrush-standard-6bfc97468790235aef16f793d0f164d2.jpg","https://media.birdweather.com/species/547/Clay-coloredThrush-thumbnail-a430288208e6c65f3790075ad1f1192e.jpg","https://media.birdweather.com/species/547/Clay-coloredThrush-png200-1247890112c02c6395175d20c306cf45.png","m/gFDwZ7toiKZoh0hQl26Wx8OeevSGcA",17457722539,"https://media.birdweather.com/soundscapes/19267/19267-20260927-205955.flac",4.5,7.5,"live"
11411745112,19267,"2026-09-27T14:59:55.000-06:00",0.9648796916008,0.78395688533783,9.53797722313468,"almost_certain","BirdNET",NA,10.2198,-83.7874,FALSE,547,"Clay-colored Thrush","Turdus grayi","#6a35aa","avian","https://media.birdweather.com/species/547/Clay-coloredThrush-standard-6bfc97468790235aef16f793d0f164d2.jpg","https://media.birdweather.com/species/547/Clay-coloredThrush-thumbnail-a430288208e6c65f3790075ad1f1192e.jpg","https://media.birdweather.com/species/547/Clay-coloredThrush-png200-1247890112c02c6395175d20c306cf45.png","m/gFDwZ7toiKZoh0hQl26Wx8OeevSGcA",17457722539,"https://media.birdweather.com/soundscapes/19267/19267-20260927-205955.flac",0,3,"live"
11411505722,19267,"2026-09-27T14:45:29.500-06:00",0.736156642436981,0.218173757195473,7.25209607369687,"almost_certain","BirdNET",NA,10.2198,-83.7874,FALSE,3766,"Crimson-fronted Parakeet","Psittacara finschi","#65ad00","avian","https://media.birdweather.com/species/3766/Crimson-frontedParakeet-standard-ddc77fa728634b78b78a31cc430f7895.jpg","https://media.birdweather.com/species/3766/Crimson-frontedParakeet-thumbnail-df6cfd5712c254c532e4f60547260885.jpg","https://media.birdweather.com/species/3766/Crimson-frontedParakeet-png200-7ac02114402521892623f1f6b95ca6c2.png","1PgJHwR1hXZghIXBaJmliYSndzA49JgL",17457265855,"https://media.birdweather.com/soundscapes/19267/19267-20260927-204525.flac",4.5,7.5,"live"
11411491580,19267,"2026-09-27T14:44:39.000-06:00",0.81293797492981,0.218179956078529,7.47428356122536,"almost_certain","BirdNET",NA,10.2198,-83.7874,FALSE,3766,"Crimson-fronted Parakeet","Psittacara finschi","#65ad00","avian","https://media.birdweather.com/species/3766/Crimson-frontedParakeet-standard-ddc77fa728634b78b78a31cc430f7895.jpg","https://media.birdweather.com/species/3766/Crimson-frontedParakeet-thumbnail-df6cfd5712c254c532e4f60547260885.jpg","https://media.birdweather.com/species/3766/Crimson-frontedParakeet-png200-7ac02114402521892623f1f6b95ca6c2.png","1PgJHwR1hXZghIXBaJmliYSndzA49JgL",17457238653,"https://media.birdweather.com/soundscapes/19267/19267-20260927-204433.flac",6,9,"live"
11411491564,19267,"2026-09-27T14:44:33.000-06:00",0.713552117347717,0.218179956078529,7.17922476345342,"almost_certain","BirdNET",NA,10.2198,-83.7874,FALSE,3766,"Crimson-fronted Parakeet","Psittacara finschi","#65ad00","avian","https://media.birdweather.com/species/3766/Crimson-frontedParakeet-standard-ddc77fa728634b78b78a31cc430f7895.jpg","https://media.birdweather.com/species/3766/Crimson-frontedParakeet-thumbnail-df6cfd5712c254c532e4f60547260885.jpg","https://media.birdweather.com/species/3766/Crimson-frontedParakeet-png200-7ac02114402521892623f1f6b95ca6c2.png","1PgJHwR1hXZghIXBaJmliYSndzA49JgL",17457238653,"https://media.birdweather.com/soundscapes/19267/19267-20260927-204433.flac",0,3,"live"
11411480870,19267,"2026-09-27T14:43:58.000-06:00",0.733211159706116,0.21817310154438,7.2428087778569,"almost_certain","BirdNET",NA,10.2198,-83.7874,FALSE,3766,"Crimson-fronted Parakeet","Psittacara finschi","#65ad00","avian","https://media.birdweather.com/species/3766/Crimson-frontedParakeet-standard-ddc77fa728634b78b78a31cc430f7895.jpg","https://media.birdweather.com/species/3766/Crimson-frontedParakeet-thumbnail-df6cfd5712c254c532e4f60547260885.jpg","https://media.birdweather.com/species/3766/Crimson-frontedParakeet-png200-7ac02114402521892623f1f6b95ca6c2.png","1PgJHwR1hXZghIXBaJmliYSndzA49JgL",17457217428,"https://media.birdweather.com/soundscapes/19267/19267-20260927-204352.flac",6,9,"live"
11411480854,19267,"2026-09-27T14:43:55.000-06:00",0.887231528759003,0.21817310154438,7.65955441176019,"almost_certain","BirdNET",NA,10.2198,-83.7874,FALSE,3766,"Crimson-fronted Parakeet","Psittacara finschi","#65ad00","avian","https://media.birdweather.com/species/3766/Crimson-frontedParakeet-standard-ddc77fa728634b78b78a31cc430f7895.jpg","https://media.birdweather.com/species/3766/Crimson-frontedParakeet-thumbnail-df6cfd5712c254c532e4f60547260885.jpg","https://media.birdweather.com/species/3766/Crimson-frontedParakeet-png200-7ac02114402521892623f1f6b95ca6c2.png","1PgJHwR1hXZghIXBaJmliYSndzA49JgL",17457217428,"https://media.birdweather.com/soundscapes/19267/19267-20260927-204352.flac",3,6,"live"
11411008192,19267,"2026-09-27T14:15:20.000-06:00",0.832336366176605,0.0996529385447502,6.52118319310101,"almost_certain","BirdNET",NA,10.2198,-83.7874,FALSE,984,"White-fronted Parrot","Amazona albifrons","#ff7d85","avian","https://media.birdweather.com/species/984/White-frontedParrot-standard-d907ac2e174e81ae6400a1ae41dcdd46.jpeg","https://media.birdweather.com/species/984/White-frontedParrot-thumbnail-36128a811a25168319309d2bc22aae7a.jpeg","https://media.birdweather.com/species/984/White-frontedParrot-png200-457be5b9b026dd51a6098f276d7b6a8f.png","nBkOFwJzeHhvh3d5h3h5h4eJtxUMi1MA",17456316540,"https://media.birdweather.com/soundscapes/19267/19267-20260927-201517.flac",3,6,"live"
11410576337,19267,"2026-09-27T13:49:24.500-06:00",0.853046476840973,0.756525814533234,9.23750217933903,"almost_certain","BirdNET",NA,10.2198,-83.7874,FALSE,229,"Great Kiskadee","Pitangus sulphuratus","#7d4410","avian","https://media.birdweather.com/species/229/GreatKiskadee-standard-cd28a1b8e8b8e5aed433e809c229004e.jpg","https://media.birdweather.com/species/229/GreatKiskadee-thumbnail-b2749ed2442fb322cf3c4cb72f9c97f6.jpg","https://media.birdweather.com/species/229/GreatKiskadee-png200-003973af4f863deb00a4ce9b6f10e59c.png","0PgFDwIrhYqfZJh1mVe3SZZ3uKEJBncG",17455495105,"https://media.birdweather.com/soundscapes/19267/19267-20260927-194923.flac",1.5,4.5,"live"
11409821872,19267,"2026-09-27T13:03:08.000-06:00",0.933722853660583,0.756522595882416,9.42404888364521,"almost_certain","BirdNET",NA,10.2198,-83.7874,FALSE,229,"Great Kiskadee","Pitangus sulphuratus","#7d4410","avian","https://media.birdweather.com/species/229/GreatKiskadee-standard-cd28a1b8e8b8e5aed433e809c229004e.jpg","https://media.birdweather.com/species/229/GreatKiskadee-thumbnail-b2749ed2442fb322cf3c4cb72f9c97f6.jpg","https://media.birdweather.com/species/229/GreatKiskadee-png200-003973af4f863deb00a4ce9b6f10e59c.png","0PgFDwIrhYqfZJh1mVe3SZZ3uKEJBncG",17454090108,"https://media.birdweather.com/soundscapes/19267/19267-20260927-190305.flac",3,6,"live"
11409821870,19267,"2026-09-27T13:03:06.500-06:00",0.76383900642395,0.756522595882416,8.9965072345462,"almost_certain","BirdNET",NA,10.2198,-83.7874,FALSE,229,"Great Kiskadee","Pitangus sulphuratus","#7d4410","avian","https://media.birdweather.com/species/229/GreatKiskadee-standard-cd28a1b8e8b8e5aed433e809c229004e.jpg","https://media.birdweather.com/species/229/GreatKiskadee-thumbnail-b2749ed2442fb322cf3c4cb72f9c97f6.jpg","https://media.birdweather.com/species/229/GreatKiskadee-png200-003973af4f863deb00a4ce9b6f10e59c.png","0PgFDwIrhYqfZJh1mVe3SZZ3uKEJBncG",17454090108,"https://media.birdweather.com/soundscapes/19267/19267-20260927-190305.flac",1.5,4.5,"live"
11408716180,19267,"2026-09-27T11:52:31.000-06:00",0.716005325317383,0.756521224975586,8.84739472182877,"almost_certain","BirdNET",NA,10.2198,-83.7874,FALSE,229,"Great Kiskadee","Pitangus sulphuratus","#7d4410","avian","https://media.birdweather.com/species/229/GreatKiskadee-standard-cd28a1b8e8b8e5aed433e809c229004e.jpg","https://media.birdweather.com/species/229/GreatKiskadee-thumbnail-b2749ed2442fb322cf3c4cb72f9c97f6.jpg","https://media.birdweather.com/species/229/GreatKiskadee-png200-003973af4f863deb00a4ce9b6f10e59c.png","0PgFDwIrhYqfZJh1mVe3SZZ3uKEJBncG",17451967027,"https://media.birdweather.com/soundscapes/19267/19267-20260927-175225.flac",6,9,"live"
11408135748,19267,"2026-09-27T11:19:14.000-06:00",0.97441428899765,0.75652664899826,9.50931516600619,"almost_certain","BirdNET",NA,10.2198,-83.7874,FALSE,229,"Great Kiskadee","Pitangus sulphuratus","#7d4410","avian","https://media.birdweather.com/species/229/GreatKiskadee-standard-cd28a1b8e8b8e5aed433e809c229004e.jpg","https://media.birdweather.com/species/229/GreatKiskadee-thumbnail-b2749ed2442fb322cf3c4cb72f9c97f6.jpg","https://media.birdweather.com/species/229/GreatKiskadee-png200-003973af4f863deb00a4ce9b6f10e59c.png","0PgFDwIrhYqfZJh1mVe3SZZ3uKEJBncG",17450960287,"https://media.birdweather.com/soundscapes/19267/19267-20260927-171911.flac",3,6,"live"
11408135745,19267,"2026-09-27T11:19:12.500-06:00",0.980364918708801,0.75652664899826,9.52135021213774,"almost_certain","BirdNET",NA,10.2198,-83.7874,FALSE,229,"Great Kiskadee","Pitangus sulphuratus","#7d4410","avian","https://media.birdweather.com/species/229/GreatKiskadee-standard-cd28a1b8e8b8e5aed433e809c229004e.jpg","https://media.birdweather.com/species/229/GreatKiskadee-thumbnail-b2749ed2442fb322cf3c4cb72f9c97f6.jpg","https://media.birdweather.com/species/229/GreatKiskadee-png200-003973af4f863deb00a4ce9b6f10e59c.png","0PgFDwIrhYqfZJh1mVe3SZZ3uKEJBncG",17450960287,"https://media.birdweather.com/soundscapes/19267/19267-20260927-171911.flac",1.5,4.5,"live"
11408135738,19267,"2026-09-27T11:19:11.000-06:00",0.770464241504669,0.75652664899826,9.01594441044235,"almost_certain","BirdNET",NA,10.2198,-83.7874,FALSE,229,"Great Kiskadee","Pitangus sulphuratus","#7d4410","avian","https://media.birdweather.com/species/229/GreatKiskadee-standard-cd28a1b8e8b8e5aed433e809c229004e.jpg","https://media.birdweather.com/species/229/GreatKiskadee-thumbnail-b2749ed2442fb322cf3c4cb72f9c97f6.jpg","https://media.birdweather.com/species/229/GreatKiskadee-png200-003973af4f863deb00a4ce9b6f10e59c.png","0PgFDwIrhYqfZJh1mVe3SZZ3uKEJBncG",17450960287,"https://media.birdweather.com/soundscapes/19267/19267-20260927-171911.flac",0,3,"live"
11407883092,19267,"2026-09-27T11:05:07.000-06:00",0.865179121494293,0.756527483463287,9.26723507623351,"almost_certain","BirdNET",NA,10.2198,-83.7874,FALSE,229,"Great Kiskadee","Pitangus sulphuratus","#7d4410","avian","https://media.birdweather.com/species/229/GreatKiskadee-standard-cd28a1b8e8b8e5aed433e809c229004e.jpg","https://media.birdweather.com/species/229/GreatKiskadee-thumbnail-b2749ed2442fb322cf3c4cb72f9c97f6.jpg","https://media.birdweather.com/species/229/GreatKiskadee-png200-003973af4f863deb00a4ce9b6f10e59c.png","0PgFDwIrhYqfZJh1mVe3SZZ3uKEJBncG",17450529514,"https://media.birdweather.com/soundscapes/19267/19267-20260927-170501.flac",6,9,"live"
11407878926,19267,"2026-09-27T11:04:51.500-06:00",0.897189974784851,0.756529092788696,9.34271477124971,"almost_certain","BirdNET",NA,10.2198,-83.7874,FALSE,229,"Great Kiskadee","Pitangus sulphuratus","#7d4410","avian","https://media.birdweather.com/species/229/GreatKiskadee-standard-cd28a1b8e8b8e5aed433e809c229004e.jpg","https://media.birdweather.com/species/229/GreatKiskadee-thumbnail-b2749ed2442fb322cf3c4cb72f9c97f6.jpg","https://media.birdweather.com/species/229/GreatKiskadee-png200-003973af4f863deb00a4ce9b6f10e59c.png","0PgFDwIrhYqfZJh1mVe3SZZ3uKEJBncG",17450522445,"https://media.birdweather.com/soundscapes/19267/19267-20260927-170447.flac",4.5,7.5,"live"
11407871442,19267,"2026-09-27T11:04:26.000-06:00",0.934361517429352,0.756527483463287,9.42543760530758,"almost_certain","BirdNET",NA,10.2198,-83.7874,FALSE,229,"Great Kiskadee","Pitangus sulphuratus","#7d4410","avian","https://media.birdweather.com/species/229/GreatKiskadee-standard-cd28a1b8e8b8e5aed433e809c229004e.jpg","https://media.birdweather.com/species/229/GreatKiskadee-thumbnail-b2749ed2442fb322cf3c4cb72f9c97f6.jpg","https://media.birdweather.com/species/229/GreatKiskadee-png200-003973af4f863deb00a4ce9b6f10e59c.png","0PgFDwIrhYqfZJh1mVe3SZZ3uKEJBncG",17450509997,"https://media.birdweather.com/soundscapes/19267/19267-20260927-170423.flac",3,6,"live"
11407871437,19267,"2026-09-27T11:04:24.500-06:00",0.916943788528442,0.756527483463287,9.38729530731146,"almost_certain","BirdNET",NA,10.2198,-83.7874,FALSE,229,"Great Kiskadee","Pitangus sulphuratus","#7d4410","avian","https://media.birdweather.com/species/229/GreatKiskadee-standard-cd28a1b8e8b8e5aed433e809c229004e.jpg","https://media.birdweather.com/species/229/GreatKiskadee-thumbnail-b2749ed2442fb322cf3c4cb72f9c97f6.jpg","https://media.birdweather.com/species/229/GreatKiskadee-png200-003973af4f863deb00a4ce9b6f10e59c.png","0PgFDwIrhYqfZJh1mVe3SZZ3uKEJBncG",17450509997,"https://media.birdweather.com/soundscapes/19267/19267-20260927-170423.flac",1.5,4.5,"live"
11407859460,19267,"2026-09-27T11:03:48.000-06:00",0.860974311828613,0.756527483463287,9.25700447027622,"almost_certain","BirdNET",NA,10.2198,-83.7874,FALSE,229,"Great Kiskadee","Pitangus sulphuratus","#7d4410","avian","https://media.birdweather.com/species/229/GreatKiskadee-standard-cd28a1b8e8b8e5aed433e809c229004e.jpg","https://media.birdweather.com/species/229/GreatKiskadee-thumbnail-b2749ed2442fb322cf3c4cb72f9c97f6.jpg","https://media.birdweather.com/species/229/GreatKiskadee-png200-003973af4f863deb00a4ce9b6f10e59c.png","0PgFDwIrhYqfZJh1mVe3SZZ3uKEJBncG",17450489818,"https://media.birdweather.com/soundscapes/19267/19267-20260927-170342.flac",6,9,"live"
11407838860,19267,"2026-09-27T11:02:35.500-06:00",0.926929175853729,0.756525754928589,9.4092884746222,"almost_certain","BirdNET",NA,10.2198,-83.7874,FALSE,229,"Great Kiskadee","Pitangus sulphuratus","#7d4410","avian","https://media.birdweather.com/species/229/GreatKiskadee-standard-cd28a1b8e8b8e5aed433e809c229004e.jpg","https://media.birdweather.com/species/229/GreatKiskadee-thumbnail-b2749ed2442fb322cf3c4cb72f9c97f6.jpg","https://media.birdweather.com/species/229/GreatKiskadee-png200-003973af4f863deb00a4ce9b6f10e59c.png","0PgFDwIrhYqfZJh1mVe3SZZ3uKEJBncG",17450455092,"https://media.birdweather.com/soundscapes/19267/19267-20260927-170234.flac",1.5,4.5,"live"
11407826741,19267,"2026-09-27T11:01:56.000-06:00",0.726153254508972,0.756527483463287,8.88042423990217,"almost_certain","BirdNET",NA,10.2198,-83.7874,FALSE,229,"Great Kiskadee","Pitangus sulphuratus","#7d4410","avian","https://media.birdweather.com/species/229/GreatKiskadee-standard-cd28a1b8e8b8e5aed433e809c229004e.jpg","https://media.birdweather.com/species/229/GreatKiskadee-thumbnail-b2749ed2442fb322cf3c4cb72f9c97f6.jpg","https://media.birdweather.com/species/229/GreatKiskadee-png200-003973af4f863deb00a4ce9b6f10e59c.png","0PgFDwIrhYqfZJh1mVe3SZZ3uKEJBncG",17450434247,"https://media.birdweather.com/soundscapes/19267/19267-20260927-170153.flac",3,6,"live"
11407818391,19267,"2026-09-27T11:01:26.500-06:00",0.969949901103973,0.756528496742249,9.50021939552508,"almost_certain","BirdNET",NA,10.2198,-83.7874,FALSE,229,"Great Kiskadee","Pitangus sulphuratus","#7d4410","avian","https://media.birdweather.com/species/229/GreatKiskadee-standard-cd28a1b8e8b8e5aed433e809c229004e.jpg","https://media.birdweather.com/species/229/GreatKiskadee-thumbnail-b2749ed2442fb322cf3c4cb72f9c97f6.jpg","https://media.birdweather.com/species/229/GreatKiskadee-png200-003973af4f863deb00a4ce9b6f10e59c.png","0PgFDwIrhYqfZJh1mVe3SZZ3uKEJBncG",17450419384,"https://media.birdweather.com/soundscapes/19267/19267-20260927-170125.flac",1.5,4.5,"live"
11407818389,19267,"2026-09-27T11:01:25.000-06:00",0.959629476070404,0.756528496742249,9.47895061456601,"almost_certain","BirdNET",NA,10.2198,-83.7874,FALSE,229,"Great Kiskadee","Pitangus sulphuratus","#7d4410","avian","https://media.birdweather.com/species/229/GreatKiskadee-standard-cd28a1b8e8b8e5aed433e809c229004e.jpg","https://media.birdweather.com/species/229/GreatKiskadee-thumbnail-b2749ed2442fb322cf3c4cb72f9c97f6.jpg","https://media.birdweather.com/species/229/GreatKiskadee-png200-003973af4f863deb00a4ce9b6f10e59c.png","0PgFDwIrhYqfZJh1mVe3SZZ3uKEJBncG",17450419384,"https://media.birdweather.com/soundscapes/19267/19267-20260927-170125.flac",0,3,"live"
11407750733,19267,"2026-09-27T10:57:46.500-06:00",0.771038472652435,0.756527304649353,9.01761673363455,"almost_certain","BirdNET",NA,10.2198,-83.7874,FALSE,229,"Great Kiskadee","Pitangus sulphuratus","#7d4410","avian","https://media.birdweather.com/species/229/GreatKiskadee-standard-cd28a1b8e8b8e5aed433e809c229004e.jpg","https://media.birdweather.com/species/229/GreatKiskadee-thumbnail-b2749ed2442fb322cf3c4cb72f9c97f6.jpg","https://media.birdweather.com/species/229/GreatKiskadee-png200-003973af4f863deb00a4ce9b6f10e59c.png","0PgFDwIrhYqfZJh1mVe3SZZ3uKEJBncG",17450303512,"https://media.birdweather.com/soundscapes/19267/19267-20260927-165745.flac",1.5,4.5,"live"
11407750728,19267,"2026-09-27T10:57:45.000-06:00",0.886418581008911,0.756527304649353,9.31777560001754,"almost_certain","BirdNET",NA,10.2198,-83.7874,FALSE,229,"Great Kiskadee","Pitangus sulphuratus","#7d4410","avian","https://media.birdweather.com/species/229/GreatKiskadee-standard-cd28a1b8e8b8e5aed433e809c229004e.jpg","https://media.birdweather.com/species/229/GreatKiskadee-thumbnail-b2749ed2442fb322cf3c4cb72f9c97f6.jpg","https://media.birdweather.com/species/229/GreatKiskadee-png200-003973af4f863deb00a4ce9b6f10e59c.png","0PgFDwIrhYqfZJh1mVe3SZZ3uKEJBncG",17450303512,"https://media.birdweather.com/soundscapes/19267/19267-20260927-165745.flac",0,3,"live"
11407638225,19267,"2026-09-27T10:51:42.000-06:00",0.992045760154724,0.756528079509735,9.54467397942996,"almost_certain","BirdNET",NA,10.2198,-83.7874,FALSE,229,"Great Kiskadee","Pitangus sulphuratus","#7d4410","avian","https://media.birdweather.com/species/229/GreatKiskadee-standard-cd28a1b8e8b8e5aed433e809c229004e.jpg","https://media.birdweather.com/species/229/GreatKiskadee-thumbnail-b2749ed2442fb322cf3c4cb72f9c97f6.jpg","https://media.birdweather.com/species/229/GreatKiskadee-png200-003973af4f863deb00a4ce9b6f10e59c.png","0PgFDwIrhYqfZJh1mVe3SZZ3uKEJBncG",17450117679,"https://media.birdweather.com/soundscapes/19267/19267-20260927-165136.flac",6,9,"live"
11407638221,19267,"2026-09-27T10:51:40.500-06:00",0.957083404064178,0.756528079509735,9.47365164013934,"almost_certain","BirdNET",NA,10.2198,-83.7874,FALSE,229,"Great Kiskadee","Pitangus sulphuratus","#7d4410","avian","https://media.birdweather.com/species/229/GreatKiskadee-standard-cd28a1b8e8b8e5aed433e809c229004e.jpg","https://media.birdweather.com/species/229/GreatKiskadee-thumbnail-b2749ed2442fb322cf3c4cb72f9c97f6.jpg","https://media.birdweather.com/species/229/GreatKiskadee-png200-003973af4f863deb00a4ce9b6f10e59c.png","0PgFDwIrhYqfZJh1mVe3SZZ3uKEJBncG",17450117679,"https://media.birdweather.com/soundscapes/19267/19267-20260927-165136.flac",4.5,7.5,"live"
11407638218,19267,"2026-09-27T10:51:39.000-06:00",0.977720499038696,0.756528079509735,9.51601752340848,"almost_certain","BirdNET",NA,10.2198,-83.7874,FALSE,229,"Great Kiskadee","Pitangus sulphuratus","#7d4410","avian","https://media.birdweather.com/species/229/GreatKiskadee-standard-cd28a1b8e8b8e5aed433e809c229004e.jpg","https://media.birdweather.com/species/229/GreatKiskadee-thumbnail-b2749ed2442fb322cf3c4cb72f9c97f6.jpg","https://media.birdweather.com/species/229/GreatKiskadee-png200-003973af4f863deb00a4ce9b6f10e59c.png","0PgFDwIrhYqfZJh1mVe3SZZ3uKEJBncG",17450117679,"https://media.birdweather.com/soundscapes/19267/19267-20260927-165136.flac",3,6,"live"
11407638216,19267,"2026-09-27T10:51:37.500-06:00",0.859172165393829,0.756528079509735,9.25259728577157,"almost_certain","BirdNET",NA,10.2198,-83.7874,FALSE,229,"Great Kiskadee","Pitangus sulphuratus","#7d4410","avian","https://media.birdweather.com/species/229/GreatKiskadee-standard-cd28a1b8e8b8e5aed433e809c229004e.jpg","https://media.birdweather.com/species/229/GreatKiskadee-thumbnail-b2749ed2442fb322cf3c4cb72f9c97f6.jpg","https://media.birdweather.com/species/229/GreatKiskadee-png200-003973af4f863deb00a4ce9b6f10e59c.png","0PgFDwIrhYqfZJh1mVe3SZZ3uKEJBncG",17450117679,"https://media.birdweather.com/soundscapes/19267/19267-20260927-165136.flac",1.5,4.5,"live"
11407638210,19267,"2026-09-27T10:51:36.000-06:00",0.956250190734863,0.756528079509735,9.47191331193571,"almost_certain","BirdNET",NA,10.2198,-83.7874,FALSE,229,"Great Kiskadee","Pitangus sulphuratus","#7d4410","avian","https://media.birdweather.com/species/229/GreatKiskadee-standard-cd28a1b8e8b8e5aed433e809c229004e.jpg","https://media.birdweather.com/species/229/GreatKiskadee-thumbnail-b2749ed2442fb322cf3c4cb72f9c97f6.jpg","https://media.birdweather.com/species/229/GreatKiskadee-png200-003973af4f863deb00a4ce9b6f10e59c.png","0PgFDwIrhYqfZJh1mVe3SZZ3uKEJBncG",17450117679,"https://media.birdweather.com/soundscapes/19267/19267-20260927-165136.flac",0,3,"live"
11407633953,19267,"2026-09-27T10:51:29.000-06:00",0.91546368598938,0.756527185440063,9.38400407495996,"almost_certain","BirdNET",NA,10.2198,-83.7874,FALSE,229,"Great Kiskadee","Pitangus sulphuratus","#7d4410","avian","https://media.birdweather.com/species/229/GreatKiskadee-standard-cd28a1b8e8b8e5aed433e809c229004e.jpg","https://media.birdweather.com/species/229/GreatKiskadee-thumbnail-b2749ed2442fb322cf3c4cb72f9c97f6.jpg","https://media.birdweather.com/species/229/GreatKiskadee-png200-003973af4f863deb00a4ce9b6f10e59c.png","0PgFDwIrhYqfZJh1mVe3SZZ3uKEJBncG",17450110343,"https://media.birdweather.com/soundscapes/19267/19267-20260927-165123.flac",6,9,"live"
11407633949,19267,"2026-09-27T10:51:27.500-06:00",0.943650960922241,0.756527185440063,9.44535356320234,"almost_certain","BirdNET",NA,10.2198,-83.7874,FALSE,229,"Great Kiskadee","Pitangus sulphuratus","#7d4410","avian","https://media.birdweather.com/species/229/GreatKiskadee-standard-cd28a1b8e8b8e5aed433e809c229004e.jpg","https://media.birdweather.com/species/229/GreatKiskadee-thumbnail-b2749ed2442fb322cf3c4cb72f9c97f6.jpg","https://media.birdweather.com/species/229/GreatKiskadee-png200-003973af4f863deb00a4ce9b6f10e59c.png","0PgFDwIrhYqfZJh1mVe3SZZ3uKEJBncG",17450110343,"https://media.birdweather.com/soundscapes/19267/19267-20260927-165123.flac",4.5,7.5,"live"
11407633944,19267,"2026-09-27T10:51:26.000-06:00",0.953554391860962,0.756527185440063,9.46627232361633,"almost_certain","BirdNET",NA,10.2198,-83.7874,FALSE,229,"Great Kiskadee","Pitangus sulphuratus","#7d4410","avian","https://media.birdweather.com/species/229/GreatKiskadee-standard-cd28a1b8e8b8e5aed433e809c229004e.jpg","https://media.birdweather.com/species/229/GreatKiskadee-thumbnail-b2749ed2442fb322cf3c4cb72f9c97f6.jpg","https://media.birdweather.com/species/229/GreatKiskadee-png200-003973af4f863deb00a4ce9b6f10e59c.png","0PgFDwIrhYqfZJh1mVe3SZZ3uKEJBncG",17450110343,"https://media.birdweather.com/soundscapes/19267/19267-20260927-165123.flac",3,6,"live"
11407633939,19267,"2026-09-27T10:51:24.500-06:00",0.964047789573669,0.756527185440063,9.48809417396602,"almost_certain","BirdNET",NA,10.2198,-83.7874,FALSE,229,"Great Kiskadee","Pitangus sulphuratus","#7d4410","avian","https://media.birdweather.com/species/229/GreatKiskadee-standard-cd28a1b8e8b8e5aed433e809c229004e.jpg","https://media.birdweather.com/species/229/GreatKiskadee-thumbnail-b2749ed2442fb322cf3c4cb72f9c97f6.jpg","https://media.birdweather.com/species/229/GreatKiskadee-png200-003973af4f863deb00a4ce9b6f10e59c.png","0PgFDwIrhYqfZJh1mVe3SZZ3uKEJBncG",17450110343,"https://media.birdweather.com/soundscapes/19267/19267-20260927-165123.flac",1.5,4.5,"live"
11407512157,19267,"2026-09-27T10:44:43.000-06:00",0.850228369235992,0.756525814533234,9.23050335066237,"almost_certain","BirdNET",NA,10.2198,-83.7874,FALSE,229,"Great Kiskadee","Pitangus sulphuratus","#7d4410","avian","https://media.birdweather.com/species/229/GreatKiskadee-standard-cd28a1b8e8b8e5aed433e809c229004e.jpg","https://media.birdweather.com/species/229/GreatKiskadee-thumbnail-b2749ed2442fb322cf3c4cb72f9c97f6.jpg","https://media.birdweather.com/species/229/GreatKiskadee-png200-003973af4f863deb00a4ce9b6f10e59c.png","0PgFDwIrhYqfZJh1mVe3SZZ3uKEJBncG",17449904796,"https://media.birdweather.com/soundscapes/19267/19267-20260927-164437.flac",6,9,"live"
11407512154,19267,"2026-09-27T10:44:41.500-06:00",0.828498542308807,0.756525814533234,9.17530144513204,"almost_certain","BirdNET",NA,10.2198,-83.7874,FALSE,229,"Great Kiskadee","Pitangus sulphuratus","#7d4410","avian","https://media.birdweather.com/species/229/GreatKiskadee-standard-cd28a1b8e8b8e5aed433e809c229004e.jpg","https://media.birdweather.com/species/229/GreatKiskadee-thumbnail-b2749ed2442fb322cf3c4cb72f9c97f6.jpg","https://media.birdweather.com/species/229/GreatKiskadee-png200-003973af4f863deb00a4ce9b6f10e59c.png","0PgFDwIrhYqfZJh1mVe3SZZ3uKEJBncG",17449904796,"https://media.birdweather.com/soundscapes/19267/19267-20260927-164437.flac",4.5,7.5,"live"
11407512151,19267,"2026-09-27T10:44:40.000-06:00",0.795907139778137,0.756525814533234,9.08809908723196,"almost_certain","BirdNET",NA,10.2198,-83.7874,FALSE,229,"Great Kiskadee","Pitangus sulphuratus","#7d4410","avian","https://media.birdweather.com/species/229/GreatKiskadee-standard-cd28a1b8e8b8e5aed433e809c229004e.jpg","https://media.birdweather.com/species/229/GreatKiskadee-thumbnail-b2749ed2442fb322cf3c4cb72f9c97f6.jpg","https://media.birdweather.com/species/229/GreatKiskadee-png200-003973af4f863deb00a4ce9b6f10e59c.png","0PgFDwIrhYqfZJh1mVe3SZZ3uKEJBncG",17449904796,"https://media.birdweather.com/soundscapes/19267/19267-20260927-164437.flac",3,6,"live"
11407512148,19267,"2026-09-27T10:44:38.500-06:00",0.900937676429749,0.756525814533234,9.35127956479301,"almost_certain","BirdNET",NA,10.2198,-83.7874,FALSE,229,"Great Kiskadee","Pitangus sulphuratus","#7d4410","avian","https://media.birdweather.com/species/229/GreatKiskadee-standard-cd28a1b8e8b8e5aed433e809c229004e.jpg","https://media.birdweather.com/species/229/GreatKiskadee-thumbnail-b2749ed2442fb322cf3c4cb72f9c97f6.jpg","https://media.birdweather.com/species/229/GreatKiskadee-png200-003973af4f863deb00a4ce9b6f10e59c.png","0PgFDwIrhYqfZJh1mVe3SZZ3uKEJBncG",17449904796,"https://media.birdweather.com/soundscapes/19267/19267-20260927-164437.flac",1.5,4.5,"live"
11407512144,19267,"2026-09-27T10:44:37.000-06:00",0.8452268242836,0.756525814533234,9.21799318276397,"almost_certain","BirdNET",NA,10.2198,-83.7874,FALSE,229,"Great Kiskadee","Pitangus sulphuratus","#7d4410","avian","https://media.birdweather.com/species/229/GreatKiskadee-standard-cd28a1b8e8b8e5aed433e809c229004e.jpg","https://media.birdweather.com/species/229/GreatKiskadee-thumbnail-b2749ed2442fb322cf3c4cb72f9c97f6.jpg","https://media.birdweather.com/species/229/GreatKiskadee-png200-003973af4f863deb00a4ce9b6f10e59c.png","0PgFDwIrhYqfZJh1mVe3SZZ3uKEJBncG",17449904796,"https://media.birdweather.com/soundscapes/19267/19267-20260927-164437.flac",0,3,"live"
11407136293,19267,"2026-09-27T10:25:05.000-06:00",0.773178100585938,0.365895330905914,8.04761904115242,"almost_certain","BirdNET",NA,10.2198,-83.7874,FALSE,880,"Boat-billed Flycatcher","Megarynchus pitangua","#aa005f","avian","https://media.birdweather.com/species/880/Boat-billedFlycatcher-standard-923cef341eedab79cf4ea985e1b1b5fc.jpg","https://media.birdweather.com/species/880/Boat-billedFlycatcher-thumbnail-03be235471939ac93a6f8121d84e0b42.jpg","https://media.birdweather.com/species/880/Boat-billedFlycatcher-png200-d437d3d92f6d042b491194f57680d511.png","ofgFDwKheqm/SZlHdcd2a2d2uo9dpwMG",17449285138,"https://media.birdweather.com/soundscapes/19267/19267-20260927-162459.flac",6,9,"live"
11407136290,19267,"2026-09-27T10:25:03.500-06:00",0.922480344772339,0.756528079509735,9.39953614155616,"almost_certain","BirdNET",NA,10.2198,-83.7874,FALSE,229,"Great Kiskadee","Pitangus sulphuratus","#7d4410","avian","https://media.birdweather.com/species/229/GreatKiskadee-standard-cd28a1b8e8b8e5aed433e809c229004e.jpg","https://media.birdweather.com/species/229/GreatKiskadee-thumbnail-b2749ed2442fb322cf3c4cb72f9c97f6.jpg","https://media.birdweather.com/species/229/GreatKiskadee-png200-003973af4f863deb00a4ce9b6f10e59c.png","0PgFDwIrhYqfZJh1mVe3SZZ3uKEJBncG",17449285138,"https://media.birdweather.com/soundscapes/19267/19267-20260927-162459.flac",4.5,7.5,"live"
11407136286,19267,"2026-09-27T10:25:02.000-06:00",0.927073419094086,0.756528079509735,9.4096078012846,"almost_certain","BirdNET",NA,10.2198,-83.7874,FALSE,229,"Great Kiskadee","Pitangus sulphuratus","#7d4410","avian","https://media.birdweather.com/species/229/GreatKiskadee-standard-cd28a1b8e8b8e5aed433e809c229004e.jpg","https://media.birdweather.com/species/229/GreatKiskadee-thumbnail-b2749ed2442fb322cf3c4cb72f9c97f6.jpg","https://media.birdweather.com/species/229/GreatKiskadee-png200-003973af4f863deb00a4ce9b6f10e59c.png","0PgFDwIrhYqfZJh1mVe3SZZ3uKEJBncG",17449285138,"https://media.birdweather.com/soundscapes/19267/19267-20260927-162459.flac",3,6,"live"
11407136269,19267,"2026-09-27T10:24:59.000-06:00",0.825829148292542,0.756528079509735,9.1683682238772,"almost_certain","BirdNET",NA,10.2198,-83.7874,FALSE,229,"Great Kiskadee","Pitangus sulphuratus","#7d4410","avian","https://media.birdweather.com/species/229/GreatKiskadee-standard-cd28a1b8e8b8e5aed433e809c229004e.jpg","https://media.birdweather.com/species/229/GreatKiskadee-thumbnail-b2749ed2442fb322cf3c4cb72f9c97f6.jpg","https://media.birdweather.com/species/229/GreatKiskadee-png200-003973af4f863deb00a4ce9b6f10e59c.png","0PgFDwIrhYqfZJh1mVe3SZZ3uKEJBncG",17449285138,"https://media.birdweather.com/soundscapes/19267/19267-20260927-162459.flac",0,3,"live"
11406702902,19267,"2026-09-27T10:03:24.000-06:00",0.895056843757629,0.756527721881866,9.3378099928139,"almost_certain","BirdNET",NA,10.2198,-83.7874,FALSE,229,"Great Kiskadee","Pitangus sulphuratus","#7d4410","avian","https://media.birdweather.com/species/229/GreatKiskadee-standard-cd28a1b8e8b8e5aed433e809c229004e.jpg","https://media.birdweather.com/species/229/GreatKiskadee-thumbnail-b2749ed2442fb322cf3c4cb72f9c97f6.jpg","https://media.birdweather.com/species/229/GreatKiskadee-png200-003973af4f863deb00a4ce9b6f10e59c.png","0PgFDwIrhYqfZJh1mVe3SZZ3uKEJBncG",17448601013,"https://media.birdweather.com/soundscapes/19267/19267-20260927-160324.flac",0,3,"live"
11406698604,19267,"2026-09-27T10:03:17.000-06:00",0.891554057598114,0.756527721881866,9.32972169534104,"almost_certain","BirdNET",NA,10.2198,-83.7874,FALSE,229,"Great Kiskadee","Pitangus sulphuratus","#7d4410","avian","https://media.birdweather.com/species/229/GreatKiskadee-standard-cd28a1b8e8b8e5aed433e809c229004e.jpg","https://media.birdweather.com/species/229/GreatKiskadee-thumbnail-b2749ed2442fb322cf3c4cb72f9c97f6.jpg","https://media.birdweather.com/species/229/GreatKiskadee-png200-003973af4f863deb00a4ce9b6f10e59c.png","0PgFDwIrhYqfZJh1mVe3SZZ3uKEJBncG",17448594149,"https://media.birdweather.com/soundscapes/19267/19267-20260927-160311.flac",6,9,"live"
11406354509,19267,"2026-09-27T09:46:13.000-06:00",0.786499738693237,0.75652402639389,9.06185720401169,"almost_certain","BirdNET",NA,10.2198,-83.7874,FALSE,229,"Great Kiskadee","Pitangus sulphuratus","#7d4410","avian","https://media.birdweather.com/species/229/GreatKiskadee-standard-cd28a1b8e8b8e5aed433e809c229004e.jpg","https://media.birdweather.com/species/229/GreatKiskadee-thumbnail-b2749ed2442fb322cf3c4cb72f9c97f6.jpg","https://media.birdweather.com/species/229/GreatKiskadee-png200-003973af4f863deb00a4ce9b6f10e59c.png","0PgFDwIrhYqfZJh1mVe3SZZ3uKEJBncG",17448050339,"https://media.birdweather.com/soundscapes/19267/19267-20260927-154607.flac",6,9,"live"
11406331726,19267,"2026-09-27T09:45:01.000-06:00",0.724199533462524,0.75652277469635,8.87412054847007,"almost_certain","BirdNET",NA,10.2198,-83.7874,FALSE,229,"Great Kiskadee","Pitangus sulphuratus","#7d4410","avian","https://media.birdweather.com/species/229/GreatKiskadee-standard-cd28a1b8e8b8e5aed433e809c229004e.jpg","https://media.birdweather.com/species/229/GreatKiskadee-thumbnail-b2749ed2442fb322cf3c4cb72f9c97f6.jpg","https://media.birdweather.com/species/229/GreatKiskadee-png200-003973af4f863deb00a4ce9b6f10e59c.png","0PgFDwIrhYqfZJh1mVe3SZZ3uKEJBncG",17448015667,"https://media.birdweather.com/soundscapes/19267/19267-20260927-154501.flac",0,3,"live"
11406282213,19267,"2026-09-27T09:42:34.000-06:00",0.774207651615143,0.0268352702260017,4.86828544719138,"almost_certain","BirdNET",NA,10.2198,-83.7874,FALSE,2125,"Orange-collared Manakin","Manacus aurantiacus","#60d8d9","avian","https://media.birdweather.com/species/2125/Orange-collaredManakin-standard-4ee1b97d973d30332e729d49303250f9.jpg","https://media.birdweather.com/species/2125/Orange-collaredManakin-thumbnail-de5120d09d0c54efe6e3aea49b88d1d5.jpg","https://media.birdweather.com/species/2125/Orange-collaredManakin-png200-c18cd3a9e49f696cb7680e43aad501b9.png","lekFJwSuVmh26XQ62AtGiVZ4xgiVCboC",17447937859,"https://media.birdweather.com/soundscapes/19267/19267-20260927-154234.flac",0,3,"live"
11406240545,19267,"2026-09-27T09:40:24.500-06:00",0.835337042808533,0.756526708602905,9.19291643158826,"almost_certain","BirdNET",NA,10.2198,-83.7874,FALSE,229,"Great Kiskadee","Pitangus sulphuratus","#7d4410","avian","https://media.birdweather.com/species/229/GreatKiskadee-standard-cd28a1b8e8b8e5aed433e809c229004e.jpg","https://media.birdweather.com/species/229/GreatKiskadee-thumbnail-b2749ed2442fb322cf3c4cb72f9c97f6.jpg","https://media.birdweather.com/species/229/GreatKiskadee-png200-003973af4f863deb00a4ce9b6f10e59c.png","0PgFDwIrhYqfZJh1mVe3SZZ3uKEJBncG",17447867150,"https://media.birdweather.com/soundscapes/19267/19267-20260927-154020.flac",4.5,7.5,"live"
11406240543,19267,"2026-09-27T09:40:23.000-06:00",0.970929861068726,0.756526708602905,9.50221868399981,"almost_certain","BirdNET",NA,10.2198,-83.7874,FALSE,229,"Great Kiskadee","Pitangus sulphuratus","#7d4410","avian","https://media.birdweather.com/species/229/GreatKiskadee-standard-cd28a1b8e8b8e5aed433e809c229004e.jpg","https://media.birdweather.com/species/229/GreatKiskadee-thumbnail-b2749ed2442fb322cf3c4cb72f9c97f6.jpg","https://media.birdweather.com/species/229/GreatKiskadee-png200-003973af4f863deb00a4ce9b6f10e59c.png","0PgFDwIrhYqfZJh1mVe3SZZ3uKEJBncG",17447867150,"https://media.birdweather.com/soundscapes/19267/19267-20260927-154020.flac",3,6,"live"
11406183388,19267,"2026-09-27T09:37:33.500-06:00",0.871177315711975,0.552707433700562,8.85821646670029,"almost_certain","BirdNET",NA,10.2198,-83.7874,FALSE,121,"Social Flycatcher","Myiozetetes similis","#69b9ff","avian","https://media.birdweather.com/species/121/SocialFlycatcher-standard-6e107581e61c9f556b3a0af5200f486a.jpg","https://media.birdweather.com/species/121/SocialFlycatcher-thumbnail-87f640fcaf1441ecbbd56b57372185a8.jpg","https://media.birdweather.com/species/121/SocialFlycatcher-png200-2f6dd485cf927db0dd7fd9abc239fb19.png","2xkKJwIJh3ekeXh0e5Z4eYaIdyApd5AC",17447777386,"https://media.birdweather.com/soundscapes/19267/19267-20260927-153732.flac",1.5,4.5,"live"
11406183384,19267,"2026-09-27T09:37:32.000-06:00",0.735924482345581,0.552707433700562,8.48800044314278,"almost_certain","BirdNET",NA,10.2198,-83.7874,FALSE,121,"Social Flycatcher","Myiozetetes similis","#69b9ff","avian","https://media.birdweather.com/species/121/SocialFlycatcher-standard-6e107581e61c9f556b3a0af5200f486a.jpg","https://media.birdweather.com/species/121/SocialFlycatcher-thumbnail-87f640fcaf1441ecbbd56b57372185a8.jpg","https://media.birdweather.com/species/121/SocialFlycatcher-png200-2f6dd485cf927db0dd7fd9abc239fb19.png","2xkKJwIJh3ekeXh0e5Z4eYaIdyApd5AC",17447777386,"https://media.birdweather.com/soundscapes/19267/19267-20260927-153732.flac",0,3,"live"
11406179375,19267,"2026-09-27T09:37:25.000-06:00",0.793475449085236,0.552707433700562,8.65788604145243,"almost_certain","BirdNET",NA,10.2198,-83.7874,FALSE,121,"Social Flycatcher","Myiozetetes similis","#69b9ff","avian","https://media.birdweather.com/species/121/SocialFlycatcher-standard-6e107581e61c9f556b3a0af5200f486a.jpg","https://media.birdweather.com/species/121/SocialFlycatcher-thumbnail-87f640fcaf1441ecbbd56b57372185a8.jpg","https://media.birdweather.com/species/121/SocialFlycatcher-png200-2f6dd485cf927db0dd7fd9abc239fb19.png","2xkKJwIJh3ekeXh0e5Z4eYaIdyApd5AC",17447770828,"https://media.birdweather.com/soundscapes/19267/19267-20260927-153719.flac",6,9,"live"
11406131284,19267,"2026-09-27T09:35:00.000-06:00",0.770195722579956,0.368236780166626,8.04746403948307,"almost_certain","BirdNET",NA,10.2198,-83.7874,FALSE,321,"Palm Tanager","Thraupis palmarum","#008efd","avian","https://media.birdweather.com/species/321/PalmTanager-standard-cbade2e4973d8cb57c4014568207591d.jpg","https://media.birdweather.com/species/321/PalmTanager-thumbnail-66ffacacc3b9c5f5dad0cf97c949e40f.jpg","https://media.birdweather.com/species/321/PalmTanager-png200-100c123f8e9a99aad801e3e79a865873.png","lvkJHwR/d2lneYlEp0hrx2iL+XtlNZgA",17447694062,"https://media.birdweather.com/soundscapes/19267/19267-20260927-153454.flac",6,9,"live"
11405528943,19267,"2026-09-27T09:05:22.000-06:00",0.955525279045105,0.0286459811031818,5.37762203224324,"almost_certain","BirdNET",NA,10.2198,-83.7874,FALSE,1104,"Black-headed Saltator","Saltator atriceps","#ff5499","avian","https://media.birdweather.com/species/1104/Black-headedSaltator-standard-3159be3001c869c7db8f9d22173fe6d6.jpg","https://media.birdweather.com/species/1104/Black-headedSaltator-thumbnail-c7f067dd41ea0a1a2952384b5b9a0212.jpg","https://media.birdweather.com/species/1104/Black-headedSaltator-png200-8d7a7f8741c6037857493b2860ffed9a.png","HAoGFwSXCqi0NV1rlzW4SaiKyTgGWs8E",17446748531,"https://media.birdweather.com/soundscapes/19267/19267-20260927-150516.flac",6,9,"live"
11405528939,19267,"2026-09-27T09:05:20.500-06:00",0.793788313865662,0.0286459811031818,4.98945999241885,"almost_certain","BirdNET",NA,10.2198,-83.7874,FALSE,1104,"Black-headed Saltator","Saltator atriceps","#ff5499","avian","https://media.birdweather.com/species/1104/Black-headedSaltator-standard-3159be3001c869c7db8f9d22173fe6d6.jpg","https://media.birdweather.com/species/1104/Black-headedSaltator-thumbnail-c7f067dd41ea0a1a2952384b5b9a0212.jpg","https://media.birdweather.com/species/1104/Black-headedSaltator-png200-8d7a7f8741c6037857493b2860ffed9a.png","HAoGFwSXCqi0NV1rlzW4SaiKyTgGWs8E",17446748531,"https://media.birdweather.com/soundscapes/19267/19267-20260927-150516.flac",4.5,7.5,"live"
11405238789,19267,"2026-09-27T08:51:22.000-06:00",0.726952195167542,0.107769869267941,6.31679108610893,"almost_certain","BirdNET",NA,10.2198,-83.7874,FALSE,603,"Tropical Mockingbird","Mimus gilvus","#006e2a","avian","https://media.birdweather.com/species/603/TropicalMockingbird-standard-33be42788a38707b12f757d28526a492.jpg","https://media.birdweather.com/species/603/TropicalMockingbird-thumbnail-4f6417f6928c80a2cb70eb341f54fd79.jpg","https://media.birdweather.com/species/603/TropicalMockingbird-png200-9e94d27578943cfad1e7923fe23d2300.png","q+cJFwL4VohclXidhXh5aJh4qDAaGKYA",17446302551,"https://media.birdweather.com/soundscapes/19267/19267-20260927-145122.flac",0,3,"live"
11405222336,19267,"2026-09-27T08:50:39.000-06:00",0.777875363826752,0.231032103300095,7.45235062393027,"almost_certain","BirdNET",NA,10.2198,-83.7874,FALSE,501,"White-winged Dove","Zenaida asiatica","#d16ff8","avian","https://media.birdweather.com/species/501/White-wingedDove-standard-6528ef689b07d5a91f1c2275cdef19c9.jpg","https://media.birdweather.com/species/501/White-wingedDove-thumbnail-4a940adfd5a6c78c73c48c5095e7b896.jpg","https://media.birdweather.com/species/501/White-wingedDove-png200-d65decd3d571b5a9dbeca249ef97689f.png","IscJLwb6hoVelZWZdoh3eIeIdxBoB4IG",17446279360,"https://media.birdweather.com/soundscapes/19267/19267-20260927-145039.flac",0,3,"live"
11405217743,19267,"2026-09-27T08:50:29.000-06:00",0.867739677429199,0.231031700968742,7.68841721002961,"almost_certain","BirdNET",NA,10.2198,-83.7874,FALSE,501,"White-winged Dove","Zenaida asiatica","#d16ff8","avian","https://media.birdweather.com/species/501/White-wingedDove-standard-6528ef689b07d5a91f1c2275cdef19c9.jpg","https://media.birdweather.com/species/501/White-wingedDove-thumbnail-4a940adfd5a6c78c73c48c5095e7b896.jpg","https://media.birdweather.com/species/501/White-wingedDove-png200-d65decd3d571b5a9dbeca249ef97689f.png","IscJLwb6hoVelZWZdoh3eIeIdxBoB4IG",17446272469,"https://media.birdweather.com/soundscapes/19267/19267-20260927-145026.flac",3,6,"live"
11404913197,19267,"2026-09-27T08:36:00.000-06:00",0.703713715076447,0.756524205207825,8.8063109252093,"almost_certain","BirdNET",NA,10.2198,-83.7874,FALSE,229,"Great Kiskadee","Pitangus sulphuratus","#7d4410","avian","https://media.birdweather.com/species/229/GreatKiskadee-standard-cd28a1b8e8b8e5aed433e809c229004e.jpg","https://media.birdweather.com/species/229/GreatKiskadee-thumbnail-b2749ed2442fb322cf3c4cb72f9c97f6.jpg","https://media.birdweather.com/species/229/GreatKiskadee-png200-003973af4f863deb00a4ce9b6f10e59c.png","0PgFDwIrhYqfZJh1mVe3SZZ3uKEJBncG",17445809562,"https://media.birdweather.com/soundscapes/19267/19267-20260927-143554.flac",6,9,"live"
11404913196,19267,"2026-09-27T08:35:58.500-06:00",0.879301011562347,0.756524205207825,9.30104015149046,"almost_certain","BirdNET",NA,10.2198,-83.7874,FALSE,229,"Great Kiskadee","Pitangus sulphuratus","#7d4410","avian","https://media.birdweather.com/species/229/GreatKiskadee-standard-cd28a1b8e8b8e5aed433e809c229004e.jpg","https://media.birdweather.com/species/229/GreatKiskadee-thumbnail-b2749ed2442fb322cf3c4cb72f9c97f6.jpg","https://media.birdweather.com/species/229/GreatKiskadee-png200-003973af4f863deb00a4ce9b6f10e59c.png","0PgFDwIrhYqfZJh1mVe3SZZ3uKEJBncG",17445809562,"https://media.birdweather.com/soundscapes/19267/19267-20260927-143554.flac",4.5,7.5,"live"
11404913194,19267,"2026-09-27T08:35:55.500-06:00",0.936739206314087,0.756524205207825,9.4305571268515,"almost_certain","BirdNET",NA,10.2198,-83.7874,FALSE,229,"Great Kiskadee","Pitangus sulphuratus","#7d4410","avian","https://media.birdweather.com/species/229/GreatKiskadee-standard-cd28a1b8e8b8e5aed433e809c229004e.jpg","https://media.birdweather.com/species/229/GreatKiskadee-thumbnail-b2749ed2442fb322cf3c4cb72f9c97f6.jpg","https://media.birdweather.com/species/229/GreatKiskadee-png200-003973af4f863deb00a4ce9b6f10e59c.png","0PgFDwIrhYqfZJh1mVe3SZZ3uKEJBncG",17445809562,"https://media.birdweather.com/soundscapes/19267/19267-20260927-143554.flac",1.5,4.5,"live"
11404913190,19267,"2026-09-27T08:35:54.000-06:00",0.848178029060364,0.756524205207825,9.22538584771461,"almost_certain","BirdNET",NA,10.2198,-83.7874,FALSE,229,"Great Kiskadee","Pitangus sulphuratus","#7d4410","avian","https://media.birdweather.com/species/229/GreatKiskadee-standard-cd28a1b8e8b8e5aed433e809c229004e.jpg","https://media.birdweather.com/species/229/GreatKiskadee-thumbnail-b2749ed2442fb322cf3c4cb72f9c97f6.jpg","https://media.birdweather.com/species/229/GreatKiskadee-png200-003973af4f863deb00a4ce9b6f10e59c.png","0PgFDwIrhYqfZJh1mVe3SZZ3uKEJBncG",17445809562,"https://media.birdweather.com/soundscapes/19267/19267-20260927-143554.flac",0,3,"live"
11404783090,19267,"2026-09-27T08:29:18.500-06:00",0.926378786563873,0.231075972318649,7.82332924331878,"almost_certain","BirdNET",NA,10.2198,-83.7874,FALSE,501,"White-winged Dove","Zenaida asiatica","#d16ff8","avian","https://media.birdweather.com/species/501/White-wingedDove-standard-6528ef689b07d5a91f1c2275cdef19c9.jpg","https://media.birdweather.com/species/501/White-wingedDove-thumbnail-4a940adfd5a6c78c73c48c5095e7b896.jpg","https://media.birdweather.com/species/501/White-wingedDove-png200-d65decd3d571b5a9dbeca249ef97689f.png","IscJLwb6hoVelZWZdoh3eIeIdxBoB4IG",17445609351,"https://media.birdweather.com/soundscapes/19267/19267-20260927-142917.flac",1.5,4.5,"live"
11404756942,19267,"2026-09-27T08:28:02.000-06:00",0.75418484210968,0.231084749102592,7.38299121937055,"almost_certain","BirdNET",NA,10.2198,-83.7874,FALSE,501,"White-winged Dove","Zenaida asiatica","#d16ff8","avian","https://media.birdweather.com/species/501/White-wingedDove-standard-6528ef689b07d5a91f1c2275cdef19c9.jpg","https://media.birdweather.com/species/501/White-wingedDove-thumbnail-4a940adfd5a6c78c73c48c5095e7b896.jpg","https://media.birdweather.com/species/501/White-wingedDove-png200-d65decd3d571b5a9dbeca249ef97689f.png","IscJLwb6hoVelZWZdoh3eIeIdxBoB4IG",17445569518,"https://media.birdweather.com/soundscapes/19267/19267-20260927-142759.flac",3,6,"live"
11404756939,19267,"2026-09-27T08:28:00.500-06:00",0.881289899349213,0.231084749102592,7.72103233817732,"almost_certain","BirdNET",NA,10.2198,-83.7874,FALSE,501,"White-winged Dove","Zenaida asiatica","#d16ff8","avian","https://media.birdweather.com/species/501/White-wingedDove-standard-6528ef689b07d5a91f1c2275cdef19c9.jpg","https://media.birdweather.com/species/501/White-wingedDove-thumbnail-4a940adfd5a6c78c73c48c5095e7b896.jpg","https://media.birdweather.com/species/501/White-wingedDove-png200-d65decd3d571b5a9dbeca249ef97689f.png","IscJLwb6hoVelZWZdoh3eIeIdxBoB4IG",17445569518,"https://media.birdweather.com/soundscapes/19267/19267-20260927-142759.flac",1.5,4.5,"live"
11404739469,19267,"2026-09-27T08:27:09.000-06:00",0.764894008636475,0.552713453769684,8.57616147317807,"almost_certain","BirdNET",NA,10.2198,-83.7874,FALSE,121,"Social Flycatcher","Myiozetetes similis","#69b9ff","avian","https://media.birdweather.com/species/121/SocialFlycatcher-standard-6e107581e61c9f556b3a0af5200f486a.jpg","https://media.birdweather.com/species/121/SocialFlycatcher-thumbnail-87f640fcaf1441ecbbd56b57372185a8.jpg","https://media.birdweather.com/species/121/SocialFlycatcher-png200-2f6dd485cf927db0dd7fd9abc239fb19.png","2xkKJwIJh3ekeXh0e5Z4eYaIdyApd5AC",17445542432,"https://media.birdweather.com/soundscapes/19267/19267-20260927-142706.flac",3,6,"live"
11404735231,19267,"2026-09-27T08:26:54.500-06:00",0.819121658802032,0.231068924069405,7.56597988108809,"almost_certain","BirdNET",NA,10.2198,-83.7874,FALSE,501,"White-winged Dove","Zenaida asiatica","#d16ff8","avian","https://media.birdweather.com/species/501/White-wingedDove-standard-6528ef689b07d5a91f1c2275cdef19c9.jpg","https://media.birdweather.com/species/501/White-wingedDove-thumbnail-4a940adfd5a6c78c73c48c5095e7b896.jpg","https://media.birdweather.com/species/501/White-wingedDove-png200-d65decd3d571b5a9dbeca249ef97689f.png","IscJLwb6hoVelZWZdoh3eIeIdxBoB4IG",17445536126,"https://media.birdweather.com/soundscapes/19267/19267-20260927-142653.flac",1.5,4.5,"live"
11404735225,19267,"2026-09-27T08:26:53.000-06:00",0.708861291408539,0.231068924069405,7.23887551911685,"almost_certain","BirdNET",NA,10.2198,-83.7874,FALSE,501,"White-winged Dove","Zenaida asiatica","#d16ff8","avian","https://media.birdweather.com/species/501/White-wingedDove-standard-6528ef689b07d5a91f1c2275cdef19c9.jpg","https://media.birdweather.com/species/501/White-wingedDove-thumbnail-4a940adfd5a6c78c73c48c5095e7b896.jpg","https://media.birdweather.com/species/501/White-wingedDove-png200-d65decd3d571b5a9dbeca249ef97689f.png","IscJLwb6hoVelZWZdoh3eIeIdxBoB4IG",17445536126,"https://media.birdweather.com/soundscapes/19267/19267-20260927-142653.flac",0,3,"live"
11404708322,19267,"2026-09-27T08:25:58.000-06:00",0.740762054920197,0.756525337696075,8.92659781371232,"almost_certain","BirdNET",NA,10.2198,-83.7874,FALSE,229,"Great Kiskadee","Pitangus sulphuratus","#7d4410","avian","https://media.birdweather.com/species/229/GreatKiskadee-standard-cd28a1b8e8b8e5aed433e809c229004e.jpg","https://media.birdweather.com/species/229/GreatKiskadee-thumbnail-b2749ed2442fb322cf3c4cb72f9c97f6.jpg","https://media.birdweather.com/species/229/GreatKiskadee-png200-003973af4f863deb00a4ce9b6f10e59c.png","0PgFDwIrhYqfZJh1mVe3SZZ3uKEJBncG",17445495708,"https://media.birdweather.com/soundscapes/19267/19267-20260927-142555.flac",3,6,"live"
11404703815,19267,"2026-09-27T08:25:47.500-06:00",0.732157230377197,0.231046512722969,7.31466467624689,"almost_certain","BirdNET",NA,10.2198,-83.7874,FALSE,501,"White-winged Dove","Zenaida asiatica","#d16ff8","avian","https://media.birdweather.com/species/501/White-wingedDove-standard-6528ef689b07d5a91f1c2275cdef19c9.jpg","https://media.birdweather.com/species/501/White-wingedDove-thumbnail-4a940adfd5a6c78c73c48c5095e7b896.jpg","https://media.birdweather.com/species/501/White-wingedDove-png200-d65decd3d571b5a9dbeca249ef97689f.png","IscJLwb6hoVelZWZdoh3eIeIdxBoB4IG",17445488888,"https://media.birdweather.com/soundscapes/19267/19267-20260927-142543.flac",4.5,7.5,"live"
11404595428,19267,"2026-09-27T08:20:27.000-06:00",0.782481610774994,0.295399934053421,7.78976093395225,"almost_certain","BirdNET",NA,10.2198,-83.7874,FALSE,910,"Yellow-throated Toucan","Ramphastos ambiguus","#c06a00","avian","https://media.birdweather.com/species/910/Yellow-throatedToucan-standard-c61d4f6e96783b3528d921236aa42942.jpg","https://media.birdweather.com/species/910/Yellow-throatedToucan-thumbnail-a6981d720206d172928a331dc8d7e816.jpg","https://media.birdweather.com/species/910/Yellow-throatedToucan-png200-cc8cb7fe0b250168ace5834450b25cc2.png","19gFFwIfZIcViIipp0OnSJil99PbgM8I",17445326133,"https://media.birdweather.com/soundscapes/19267/19267-20260927-142021.flac",6,9,"live"
11404595416,19267,"2026-09-27T08:20:24.000-06:00",0.776798188686371,0.295399934053421,7.7735271315269,"almost_certain","BirdNET",NA,10.2198,-83.7874,FALSE,910,"Yellow-throated Toucan","Ramphastos ambiguus","#c06a00","avian","https://media.birdweather.com/species/910/Yellow-throatedToucan-standard-c61d4f6e96783b3528d921236aa42942.jpg","https://media.birdweather.com/species/910/Yellow-throatedToucan-thumbnail-a6981d720206d172928a331dc8d7e816.jpg","https://media.birdweather.com/species/910/Yellow-throatedToucan-png200-cc8cb7fe0b250168ace5834450b25cc2.png","19gFFwIfZIcViIipp0OnSJil99PbgM8I",17445326133,"https://media.birdweather.com/soundscapes/19267/19267-20260927-142021.flac",3,6,"live"
11404590376,19267,"2026-09-27T08:20:10.000-06:00",0.882154941558838,0.295399934053421,8.04703847727223,"almost_certain","BirdNET",NA,10.2198,-83.7874,FALSE,910,"Yellow-throated Toucan","Ramphastos ambiguus","#c06a00","avian","https://media.birdweather.com/species/910/Yellow-throatedToucan-standard-c61d4f6e96783b3528d921236aa42942.jpg","https://media.birdweather.com/species/910/Yellow-throatedToucan-thumbnail-a6981d720206d172928a331dc8d7e816.jpg","https://media.birdweather.com/species/910/Yellow-throatedToucan-png200-cc8cb7fe0b250168ace5834450b25cc2.png","19gFFwIfZIcViIipp0OnSJil99PbgM8I",17445318873,"https://media.birdweather.com/soundscapes/19267/19267-20260927-142007.flac",3,6,"live"
11404590374,19267,"2026-09-27T08:20:08.500-06:00",0.858646094799042,0.295399934053421,7.99056643835037,"almost_certain","BirdNET",NA,10.2198,-83.7874,FALSE,910,"Yellow-throated Toucan","Ramphastos ambiguus","#c06a00","avian","https://media.birdweather.com/species/910/Yellow-throatedToucan-standard-c61d4f6e96783b3528d921236aa42942.jpg","https://media.birdweather.com/species/910/Yellow-throatedToucan-thumbnail-a6981d720206d172928a331dc8d7e816.jpg","https://media.birdweather.com/species/910/Yellow-throatedToucan-png200-cc8cb7fe0b250168ace5834450b25cc2.png","19gFFwIfZIcViIipp0OnSJil99PbgM8I",17445318873,"https://media.birdweather.com/soundscapes/19267/19267-20260927-142007.flac",1.5,4.5,"live"
11404590373,19267,"2026-09-27T08:20:07.000-06:00",0.945079386234283,0.295399934053421,8.1876508299028,"almost_certain","BirdNET",NA,10.2198,-83.7874,FALSE,910,"Yellow-throated Toucan","Ramphastos ambiguus","#c06a00","avian","https://media.birdweather.com/species/910/Yellow-throatedToucan-standard-c61d4f6e96783b3528d921236aa42942.jpg","https://media.birdweather.com/species/910/Yellow-throatedToucan-thumbnail-a6981d720206d172928a331dc8d7e816.jpg","https://media.birdweather.com/species/910/Yellow-throatedToucan-png200-cc8cb7fe0b250168ace5834450b25cc2.png","19gFFwIfZIcViIipp0OnSJil99PbgM8I",17445318873,"https://media.birdweather.com/soundscapes/19267/19267-20260927-142007.flac",0,3,"live"
11404567747,19267,"2026-09-27T08:19:04.000-06:00",0.715239882469177,0.295399934053421,7.58414253254148,"almost_certain","BirdNET",NA,10.2198,-83.7874,FALSE,910,"Yellow-throated Toucan","Ramphastos ambiguus","#c06a00","avian","https://media.birdweather.com/species/910/Yellow-throatedToucan-standard-c61d4f6e96783b3528d921236aa42942.jpg","https://media.birdweather.com/species/910/Yellow-throatedToucan-thumbnail-a6981d720206d172928a331dc8d7e816.jpg","https://media.birdweather.com/species/910/Yellow-throatedToucan-png200-cc8cb7fe0b250168ace5834450b25cc2.png","19gFFwIfZIcViIipp0OnSJil99PbgM8I",17445285638,"https://media.birdweather.com/soundscapes/19267/19267-20260927-141901.flac",3,6,"live"
11404536146,19267,"2026-09-27T08:17:35.000-06:00",0.964981257915497,0.295399934053421,8.22927892108726,"almost_certain","BirdNET",NA,10.2198,-83.7874,FALSE,910,"Yellow-throated Toucan","Ramphastos ambiguus","#c06a00","avian","https://media.birdweather.com/species/910/Yellow-throatedToucan-standard-c61d4f6e96783b3528d921236aa42942.jpg","https://media.birdweather.com/species/910/Yellow-throatedToucan-thumbnail-a6981d720206d172928a331dc8d7e816.jpg","https://media.birdweather.com/species/910/Yellow-throatedToucan-png200-cc8cb7fe0b250168ace5834450b25cc2.png","19gFFwIfZIcViIipp0OnSJil99PbgM8I",17445239114,"https://media.birdweather.com/soundscapes/19267/19267-20260927-141729.flac",6,9,"live"
11404527339,19267,"2026-09-27T08:17:09.000-06:00",0.985206305980682,0.756525337696075,9.5310620865652,"almost_certain","BirdNET",NA,10.2198,-83.7874,FALSE,229,"Great Kiskadee","Pitangus sulphuratus","#7d4410","avian","https://media.birdweather.com/species/229/GreatKiskadee-standard-cd28a1b8e8b8e5aed433e809c229004e.jpg","https://media.birdweather.com/species/229/GreatKiskadee-thumbnail-b2749ed2442fb322cf3c4cb72f9c97f6.jpg","https://media.birdweather.com/species/229/GreatKiskadee-png200-003973af4f863deb00a4ce9b6f10e59c.png","0PgFDwIrhYqfZJh1mVe3SZZ3uKEJBncG",17445226203,"https://media.birdweather.com/soundscapes/19267/19267-20260927-141703.flac",6,9,"live"
11404527332,19267,"2026-09-27T08:17:07.500-06:00",0.972561240196228,0.756525337696075,9.50554337232838,"almost_certain","BirdNET",NA,10.2198,-83.7874,FALSE,229,"Great Kiskadee","Pitangus sulphuratus","#7d4410","avian","https://media.birdweather.com/species/229/GreatKiskadee-standard-cd28a1b8e8b8e5aed433e809c229004e.jpg","https://media.birdweather.com/species/229/GreatKiskadee-thumbnail-b2749ed2442fb322cf3c4cb72f9c97f6.jpg","https://media.birdweather.com/species/229/GreatKiskadee-png200-003973af4f863deb00a4ce9b6f10e59c.png","0PgFDwIrhYqfZJh1mVe3SZZ3uKEJBncG",17445226203,"https://media.birdweather.com/soundscapes/19267/19267-20260927-141703.flac",4.5,7.5,"live"
11404517773,19267,"2026-09-27T08:16:40.500-06:00",0.910046637058258,0.756525337696075,9.37188923786774,"almost_certain","BirdNET",NA,10.2198,-83.7874,FALSE,229,"Great Kiskadee","Pitangus sulphuratus","#7d4410","avian","https://media.birdweather.com/species/229/GreatKiskadee-standard-cd28a1b8e8b8e5aed433e809c229004e.jpg","https://media.birdweather.com/species/229/GreatKiskadee-thumbnail-b2749ed2442fb322cf3c4cb72f9c97f6.jpg","https://media.birdweather.com/species/229/GreatKiskadee-png200-003973af4f863deb00a4ce9b6f10e59c.png","0PgFDwIrhYqfZJh1mVe3SZZ3uKEJBncG",17445212134,"https://media.birdweather.com/soundscapes/19267/19267-20260927-141636.flac",4.5,7.5,"live"
11404469006,19267,"2026-09-27T08:14:11.000-06:00",0.888119101524353,0.756525337696075,9.32173911727701,"almost_certain","BirdNET",NA,10.2198,-83.7874,FALSE,229,"Great Kiskadee","Pitangus sulphuratus","#7d4410","avian","https://media.birdweather.com/species/229/GreatKiskadee-standard-cd28a1b8e8b8e5aed433e809c229004e.jpg","https://media.birdweather.com/species/229/GreatKiskadee-thumbnail-b2749ed2442fb322cf3c4cb72f9c97f6.jpg","https://media.birdweather.com/species/229/GreatKiskadee-png200-003973af4f863deb00a4ce9b6f10e59c.png","0PgFDwIrhYqfZJh1mVe3SZZ3uKEJBncG",17445138440,"https://media.birdweather.com/soundscapes/19267/19267-20260927-141411.flac",0,3,"live"
11404460700,19267,"2026-09-27T08:13:45.000-06:00",0.796401858329773,0.756525337696075,9.08946427011035,"almost_certain","BirdNET",NA,10.2198,-83.7874,FALSE,229,"Great Kiskadee","Pitangus sulphuratus","#7d4410","avian","https://media.birdweather.com/species/229/GreatKiskadee-standard-cd28a1b8e8b8e5aed433e809c229004e.jpg","https://media.birdweather.com/species/229/GreatKiskadee-thumbnail-b2749ed2442fb322cf3c4cb72f9c97f6.jpg","https://media.birdweather.com/species/229/GreatKiskadee-png200-003973af4f863deb00a4ce9b6f10e59c.png","0PgFDwIrhYqfZJh1mVe3SZZ3uKEJBncG",17445125550,"https://media.birdweather.com/soundscapes/19267/19267-20260927-141345.flac",0,3,"live"
11404456301,19267,"2026-09-27T08:13:30.000-06:00",0.827661395072937,0.756525337696075,9.17312877797101,"almost_certain","BirdNET",NA,10.2198,-83.7874,FALSE,229,"Great Kiskadee","Pitangus sulphuratus","#7d4410","avian","https://media.birdweather.com/species/229/GreatKiskadee-standard-cd28a1b8e8b8e5aed433e809c229004e.jpg","https://media.birdweather.com/species/229/GreatKiskadee-thumbnail-b2749ed2442fb322cf3c4cb72f9c97f6.jpg","https://media.birdweather.com/species/229/GreatKiskadee-png200-003973af4f863deb00a4ce9b6f10e59c.png","0PgFDwIrhYqfZJh1mVe3SZZ3uKEJBncG",17445118623,"https://media.birdweather.com/soundscapes/19267/19267-20260927-141330.flac",0,3,"live"
11404451533,19267,"2026-09-27T08:13:20.000-06:00",0.899434745311737,0.756525337696075,9.34784808273716,"almost_certain","BirdNET",NA,10.2198,-83.7874,FALSE,229,"Great Kiskadee","Pitangus sulphuratus","#7d4410","avian","https://media.birdweather.com/species/229/GreatKiskadee-standard-cd28a1b8e8b8e5aed433e809c229004e.jpg","https://media.birdweather.com/species/229/GreatKiskadee-thumbnail-b2749ed2442fb322cf3c4cb72f9c97f6.jpg","https://media.birdweather.com/species/229/GreatKiskadee-png200-003973af4f863deb00a4ce9b6f10e59c.png","0PgFDwIrhYqfZJh1mVe3SZZ3uKEJBncG",17445111244,"https://media.birdweather.com/soundscapes/19267/19267-20260927-141317.flac",3,6,"live"
11404451529,19267,"2026-09-27T08:13:18.500-06:00",0.873026072978973,0.756525337696075,9.28612149732372,"almost_certain","BirdNET",NA,10.2198,-83.7874,FALSE,229,"Great Kiskadee","Pitangus sulphuratus","#7d4410","avian","https://media.birdweather.com/species/229/GreatKiskadee-standard-cd28a1b8e8b8e5aed433e809c229004e.jpg","https://media.birdweather.com/species/229/GreatKiskadee-thumbnail-b2749ed2442fb322cf3c4cb72f9c97f6.jpg","https://media.birdweather.com/species/229/GreatKiskadee-png200-003973af4f863deb00a4ce9b6f10e59c.png","0PgFDwIrhYqfZJh1mVe3SZZ3uKEJBncG",17445111244,"https://media.birdweather.com/soundscapes/19267/19267-20260927-141317.flac",1.5,4.5,"live"
11404438429,19267,"2026-09-27T08:12:42.000-06:00",0.906743228435516,0.756525337696075,9.36445051560308,"almost_certain","BirdNET",NA,10.2198,-83.7874,FALSE,229,"Great Kiskadee","Pitangus sulphuratus","#7d4410","avian","https://media.birdweather.com/species/229/GreatKiskadee-standard-cd28a1b8e8b8e5aed433e809c229004e.jpg","https://media.birdweather.com/species/229/GreatKiskadee-thumbnail-b2749ed2442fb322cf3c4cb72f9c97f6.jpg","https://media.birdweather.com/species/229/GreatKiskadee-png200-003973af4f863deb00a4ce9b6f10e59c.png","0PgFDwIrhYqfZJh1mVe3SZZ3uKEJBncG",17445091581,"https://media.birdweather.com/soundscapes/19267/19267-20260927-141236.flac",6,9,"live"
11404438423,19267,"2026-09-27T08:12:40.500-06:00",0.796217918395996,0.756525337696075,9.0889565274317,"almost_certain","BirdNET",NA,10.2198,-83.7874,FALSE,229,"Great Kiskadee","Pitangus sulphuratus","#7d4410","avian","https://media.birdweather.com/species/229/GreatKiskadee-standard-cd28a1b8e8b8e5aed433e809c229004e.jpg","https://media.birdweather.com/species/229/GreatKiskadee-thumbnail-b2749ed2442fb322cf3c4cb72f9c97f6.jpg","https://media.birdweather.com/species/229/GreatKiskadee-png200-003973af4f863deb00a4ce9b6f10e59c.png","0PgFDwIrhYqfZJh1mVe3SZZ3uKEJBncG",17445091581,"https://media.birdweather.com/soundscapes/19267/19267-20260927-141236.flac",4.5,7.5,"live"
11404438402,19267,"2026-09-27T08:12:36.000-06:00",0.86985456943512,0.756525337696075,9.27851795440433,"almost_certain","BirdNET",NA,10.2198,-83.7874,FALSE,229,"Great Kiskadee","Pitangus sulphuratus","#7d4410","avian","https://media.birdweather.com/species/229/GreatKiskadee-standard-cd28a1b8e8b8e5aed433e809c229004e.jpg","https://media.birdweather.com/species/229/GreatKiskadee-thumbnail-b2749ed2442fb322cf3c4cb72f9c97f6.jpg","https://media.birdweather.com/species/229/GreatKiskadee-png200-003973af4f863deb00a4ce9b6f10e59c.png","0PgFDwIrhYqfZJh1mVe3SZZ3uKEJBncG",17445091581,"https://media.birdweather.com/soundscapes/19267/19267-20260927-141236.flac",0,3,"live"
11404401061,19267,"2026-09-27T08:10:52.500-06:00",0.717564225196838,0.756525337696075,8.85252628872197,"almost_certain","BirdNET",NA,10.2198,-83.7874,FALSE,229,"Great Kiskadee","Pitangus sulphuratus","#7d4410","avian","https://media.birdweather.com/species/229/GreatKiskadee-standard-cd28a1b8e8b8e5aed433e809c229004e.jpg","https://media.birdweather.com/species/229/GreatKiskadee-thumbnail-b2749ed2442fb322cf3c4cb72f9c97f6.jpg","https://media.birdweather.com/species/229/GreatKiskadee-png200-003973af4f863deb00a4ce9b6f10e59c.png","0PgFDwIrhYqfZJh1mVe3SZZ3uKEJBncG",17445036062,"https://media.birdweather.com/soundscapes/19267/19267-20260927-141048.flac",4.5,7.5,"live"
11404364355,19267,"2026-09-27T08:09:00.500-06:00",0.811431884765625,0.756525337696075,9.13032946851397,"almost_certain","BirdNET",NA,10.2198,-83.7874,FALSE,229,"Great Kiskadee","Pitangus sulphuratus","#7d4410","avian","https://media.birdweather.com/species/229/GreatKiskadee-standard-cd28a1b8e8b8e5aed433e809c229004e.jpg","https://media.birdweather.com/species/229/GreatKiskadee-thumbnail-b2749ed2442fb322cf3c4cb72f9c97f6.jpg","https://media.birdweather.com/species/229/GreatKiskadee-png200-003973af4f863deb00a4ce9b6f10e59c.png","0PgFDwIrhYqfZJh1mVe3SZZ3uKEJBncG",17444981621,"https://media.birdweather.com/soundscapes/19267/19267-20260927-140859.flac",1.5,4.5,"live"
11404364348,19267,"2026-09-27T08:08:59.000-06:00",0.968950212001801,0.756525337696075,9.49816792940312,"almost_certain","BirdNET",NA,10.2198,-83.7874,FALSE,229,"Great Kiskadee","Pitangus sulphuratus","#7d4410","avian","https://media.birdweather.com/species/229/GreatKiskadee-standard-cd28a1b8e8b8e5aed433e809c229004e.jpg","https://media.birdweather.com/species/229/GreatKiskadee-thumbnail-b2749ed2442fb322cf3c4cb72f9c97f6.jpg","https://media.birdweather.com/species/229/GreatKiskadee-png200-003973af4f863deb00a4ce9b6f10e59c.png","0PgFDwIrhYqfZJh1mVe3SZZ3uKEJBncG",17444981621,"https://media.birdweather.com/soundscapes/19267/19267-20260927-140859.flac",0,3,"live"
11404341699,19267,"2026-09-27T08:07:57.500-06:00",0.989593744277954,0.756525337696075,9.53980635577299,"almost_certain","BirdNET",NA,10.2198,-83.7874,FALSE,229,"Great Kiskadee","Pitangus sulphuratus","#7d4410","avian","https://media.birdweather.com/species/229/GreatKiskadee-standard-cd28a1b8e8b8e5aed433e809c229004e.jpg","https://media.birdweather.com/species/229/GreatKiskadee-thumbnail-b2749ed2442fb322cf3c4cb72f9c97f6.jpg","https://media.birdweather.com/species/229/GreatKiskadee-png200-003973af4f863deb00a4ce9b6f10e59c.png","0PgFDwIrhYqfZJh1mVe3SZZ3uKEJBncG",17444947544,"https://media.birdweather.com/soundscapes/19267/19267-20260927-140753.flac",4.5,7.5,"live"
11404341694,19267,"2026-09-27T08:07:56.000-06:00",0.972802817821503,0.756525337696075,9.50603537499221,"almost_certain","BirdNET",NA,10.2198,-83.7874,FALSE,229,"Great Kiskadee","Pitangus sulphuratus","#7d4410","avian","https://media.birdweather.com/species/229/GreatKiskadee-standard-cd28a1b8e8b8e5aed433e809c229004e.jpg","https://media.birdweather.com/species/229/GreatKiskadee-thumbnail-b2749ed2442fb322cf3c4cb72f9c97f6.jpg","https://media.birdweather.com/species/229/GreatKiskadee-png200-003973af4f863deb00a4ce9b6f10e59c.png","0PgFDwIrhYqfZJh1mVe3SZZ3uKEJBncG",17444947544,"https://media.birdweather.com/soundscapes/19267/19267-20260927-140753.flac",3,6,"live"
11404336699,19267,"2026-09-27T08:07:43.500-06:00",0.756123900413513,0.756525337696075,8.97353307144236,"almost_certain","BirdNET",NA,10.2198,-83.7874,FALSE,229,"Great Kiskadee","Pitangus sulphuratus","#7d4410","avian","https://media.birdweather.com/species/229/GreatKiskadee-standard-cd28a1b8e8b8e5aed433e809c229004e.jpg","https://media.birdweather.com/species/229/GreatKiskadee-thumbnail-b2749ed2442fb322cf3c4cb72f9c97f6.jpg","https://media.birdweather.com/species/229/GreatKiskadee-png200-003973af4f863deb00a4ce9b6f10e59c.png","0PgFDwIrhYqfZJh1mVe3SZZ3uKEJBncG",17444940288,"https://media.birdweather.com/soundscapes/19267/19267-20260927-140739.flac",4.5,7.5,"live"
11404323157,19267,"2026-09-27T08:07:06.000-06:00",0.97162139415741,0.756525337696075,9.50362757718255,"almost_certain","BirdNET",NA,10.2198,-83.7874,FALSE,229,"Great Kiskadee","Pitangus sulphuratus","#7d4410","avian","https://media.birdweather.com/species/229/GreatKiskadee-standard-cd28a1b8e8b8e5aed433e809c229004e.jpg","https://media.birdweather.com/species/229/GreatKiskadee-thumbnail-b2749ed2442fb322cf3c4cb72f9c97f6.jpg","https://media.birdweather.com/species/229/GreatKiskadee-png200-003973af4f863deb00a4ce9b6f10e59c.png","0PgFDwIrhYqfZJh1mVe3SZZ3uKEJBncG",17444920716,"https://media.birdweather.com/soundscapes/19267/19267-20260927-140700.flac",6,9,"live"
11404323155,19267,"2026-09-27T08:07:04.500-06:00",0.724053621292114,0.756525337696075,8.87365380849671,"almost_certain","BirdNET",NA,10.2198,-83.7874,FALSE,229,"Great Kiskadee","Pitangus sulphuratus","#7d4410","avian","https://media.birdweather.com/species/229/GreatKiskadee-standard-cd28a1b8e8b8e5aed433e809c229004e.jpg","https://media.birdweather.com/species/229/GreatKiskadee-thumbnail-b2749ed2442fb322cf3c4cb72f9c97f6.jpg","https://media.birdweather.com/species/229/GreatKiskadee-png200-003973af4f863deb00a4ce9b6f10e59c.png","0PgFDwIrhYqfZJh1mVe3SZZ3uKEJBncG",17444920716,"https://media.birdweather.com/soundscapes/19267/19267-20260927-140700.flac",4.5,7.5,"live"
11404323140,19267,"2026-09-27T08:07:01.500-06:00",0.924599468708038,0.756525337696075,9.40418724241146,"almost_certain","BirdNET",NA,10.2198,-83.7874,FALSE,229,"Great Kiskadee","Pitangus sulphuratus","#7d4410","avian","https://media.birdweather.com/species/229/GreatKiskadee-standard-cd28a1b8e8b8e5aed433e809c229004e.jpg","https://media.birdweather.com/species/229/GreatKiskadee-thumbnail-b2749ed2442fb322cf3c4cb72f9c97f6.jpg","https://media.birdweather.com/species/229/GreatKiskadee-png200-003973af4f863deb00a4ce9b6f10e59c.png","0PgFDwIrhYqfZJh1mVe3SZZ3uKEJBncG",17444920716,"https://media.birdweather.com/soundscapes/19267/19267-20260927-140700.flac",1.5,4.5,"live"
11404313605,19267,"2026-09-27T08:06:39.000-06:00",0.94844651222229,0.756525337696075,9.45551967225399,"almost_certain","BirdNET",NA,10.2198,-83.7874,FALSE,229,"Great Kiskadee","Pitangus sulphuratus","#7d4410","avian","https://media.birdweather.com/species/229/GreatKiskadee-standard-cd28a1b8e8b8e5aed433e809c229004e.jpg","https://media.birdweather.com/species/229/GreatKiskadee-thumbnail-b2749ed2442fb322cf3c4cb72f9c97f6.jpg","https://media.birdweather.com/species/229/GreatKiskadee-png200-003973af4f863deb00a4ce9b6f10e59c.png","0PgFDwIrhYqfZJh1mVe3SZZ3uKEJBncG",17444907150,"https://media.birdweather.com/soundscapes/19267/19267-20260927-140633.flac",6,9,"live"
11404299738,19267,"2026-09-27T08:05:53.000-06:00",0.909408152103424,0.756525337696075,9.37045462220863,"almost_certain","BirdNET",NA,10.2198,-83.7874,FALSE,229,"Great Kiskadee","Pitangus sulphuratus","#7d4410","avian","https://media.birdweather.com/species/229/GreatKiskadee-standard-cd28a1b8e8b8e5aed433e809c229004e.jpg","https://media.birdweather.com/species/229/GreatKiskadee-thumbnail-b2749ed2442fb322cf3c4cb72f9c97f6.jpg","https://media.birdweather.com/species/229/GreatKiskadee-png200-003973af4f863deb00a4ce9b6f10e59c.png","0PgFDwIrhYqfZJh1mVe3SZZ3uKEJBncG",17444887031,"https://media.birdweather.com/soundscapes/19267/19267-20260927-140553.flac",0,3,"live"
11404295346,19267,"2026-09-27T08:05:42.500-06:00",0.963644444942474,0.756525337696075,9.48725847656378,"almost_certain","BirdNET",NA,10.2198,-83.7874,FALSE,229,"Great Kiskadee","Pitangus sulphuratus","#7d4410","avian","https://media.birdweather.com/species/229/GreatKiskadee-standard-cd28a1b8e8b8e5aed433e809c229004e.jpg","https://media.birdweather.com/species/229/GreatKiskadee-thumbnail-b2749ed2442fb322cf3c4cb72f9c97f6.jpg","https://media.birdweather.com/species/229/GreatKiskadee-png200-003973af4f863deb00a4ce9b6f10e59c.png","0PgFDwIrhYqfZJh1mVe3SZZ3uKEJBncG",17444880503,"https://media.birdweather.com/soundscapes/19267/19267-20260927-140541.flac",1.5,4.5,"live"
11404295344,19267,"2026-09-27T08:05:41.000-06:00",0.907147228717804,0.756525337696075,9.36536242722395,"almost_certain","BirdNET",NA,10.2198,-83.7874,FALSE,229,"Great Kiskadee","Pitangus sulphuratus","#7d4410","avian","https://media.birdweather.com/species/229/GreatKiskadee-standard-cd28a1b8e8b8e5aed433e809c229004e.jpg","https://media.birdweather.com/species/229/GreatKiskadee-thumbnail-b2749ed2442fb322cf3c4cb72f9c97f6.jpg","https://media.birdweather.com/species/229/GreatKiskadee-png200-003973af4f863deb00a4ce9b6f10e59c.png","0PgFDwIrhYqfZJh1mVe3SZZ3uKEJBncG",17444880503,"https://media.birdweather.com/soundscapes/19267/19267-20260927-140541.flac",0,3,"live"
11404211929,19267,"2026-09-27T08:01:15.000-06:00",0.753611922264099,0.756522834300995,8.96596284295161,"almost_certain","BirdNET",NA,10.2198,-83.7874,FALSE,229,"Great Kiskadee","Pitangus sulphuratus","#7d4410","avian","https://media.birdweather.com/species/229/GreatKiskadee-standard-cd28a1b8e8b8e5aed433e809c229004e.jpg","https://media.birdweather.com/species/229/GreatKiskadee-thumbnail-b2749ed2442fb322cf3c4cb72f9c97f6.jpg","https://media.birdweather.com/species/229/GreatKiskadee-png200-003973af4f863deb00a4ce9b6f10e59c.png","0PgFDwIrhYqfZJh1mVe3SZZ3uKEJBncG",17444758175,"https://media.birdweather.com/soundscapes/19267/19267-20260927-140109.flac",6,9,"live"
11404211917,19267,"2026-09-27T08:01:12.000-06:00",0.838163673877716,0.756522834300995,9.20012420840929,"almost_certain","BirdNET",NA,10.2198,-83.7874,FALSE,229,"Great Kiskadee","Pitangus sulphuratus","#7d4410","avian","https://media.birdweather.com/species/229/GreatKiskadee-standard-cd28a1b8e8b8e5aed433e809c229004e.jpg","https://media.birdweather.com/species/229/GreatKiskadee-thumbnail-b2749ed2442fb322cf3c4cb72f9c97f6.jpg","https://media.birdweather.com/species/229/GreatKiskadee-png200-003973af4f863deb00a4ce9b6f10e59c.png","0PgFDwIrhYqfZJh1mVe3SZZ3uKEJBncG",17444758175,"https://media.birdweather.com/soundscapes/19267/19267-20260927-140109.flac",3,6,"live"
11404211913,19267,"2026-09-27T08:01:09.000-06:00",0.779268503189087,0.756522834300995,9.04133881006574,"almost_certain","BirdNET",NA,10.2198,-83.7874,FALSE,229,"Great Kiskadee","Pitangus sulphuratus","#7d4410","avian","https://media.birdweather.com/species/229/GreatKiskadee-standard-cd28a1b8e8b8e5aed433e809c229004e.jpg","https://media.birdweather.com/species/229/GreatKiskadee-thumbnail-b2749ed2442fb322cf3c4cb72f9c97f6.jpg","https://media.birdweather.com/species/229/GreatKiskadee-png200-003973af4f863deb00a4ce9b6f10e59c.png","0PgFDwIrhYqfZJh1mVe3SZZ3uKEJBncG",17444758175,"https://media.birdweather.com/soundscapes/19267/19267-20260927-140109.flac",0,3,"live"
11404202750,19267,"2026-09-27T08:00:48.000-06:00",0.980185985565186,0.756522834300995,9.52098304248844,"almost_certain","BirdNET",NA,10.2198,-83.7874,FALSE,229,"Great Kiskadee","Pitangus sulphuratus","#7d4410","avian","https://media.birdweather.com/species/229/GreatKiskadee-standard-cd28a1b8e8b8e5aed433e809c229004e.jpg","https://media.birdweather.com/species/229/GreatKiskadee-thumbnail-b2749ed2442fb322cf3c4cb72f9c97f6.jpg","https://media.birdweather.com/species/229/GreatKiskadee-png200-003973af4f863deb00a4ce9b6f10e59c.png","0PgFDwIrhYqfZJh1mVe3SZZ3uKEJBncG",17444744520,"https://media.birdweather.com/soundscapes/19267/19267-20260927-140042.flac",6,9,"live"
11404202749,19267,"2026-09-27T08:00:46.500-06:00",0.915718615055084,0.756522834300995,9.38456364365511,"almost_certain","BirdNET",NA,10.2198,-83.7874,FALSE,229,"Great Kiskadee","Pitangus sulphuratus","#7d4410","avian","https://media.birdweather.com/species/229/GreatKiskadee-standard-cd28a1b8e8b8e5aed433e809c229004e.jpg","https://media.birdweather.com/species/229/GreatKiskadee-thumbnail-b2749ed2442fb322cf3c4cb72f9c97f6.jpg","https://media.birdweather.com/species/229/GreatKiskadee-png200-003973af4f863deb00a4ce9b6f10e59c.png","0PgFDwIrhYqfZJh1mVe3SZZ3uKEJBncG",17444744520,"https://media.birdweather.com/soundscapes/19267/19267-20260927-140042.flac",4.5,7.5,"live"
11404202746,19267,"2026-09-27T08:00:42.000-06:00",0.84617805480957,0.756522834300995,9.22037594551804,"almost_certain","BirdNET",NA,10.2198,-83.7874,FALSE,229,"Great Kiskadee","Pitangus sulphuratus","#7d4410","avian","https://media.birdweather.com/species/229/GreatKiskadee-standard-cd28a1b8e8b8e5aed433e809c229004e.jpg","https://media.birdweather.com/species/229/GreatKiskadee-thumbnail-b2749ed2442fb322cf3c4cb72f9c97f6.jpg","https://media.birdweather.com/species/229/GreatKiskadee-png200-003973af4f863deb00a4ce9b6f10e59c.png","0PgFDwIrhYqfZJh1mVe3SZZ3uKEJBncG",17444744520,"https://media.birdweather.com/soundscapes/19267/19267-20260927-140042.flac",0,3,"live"
11404184987,19267,"2026-09-27T07:59:56.000-06:00",0.910419821739197,0.756522834300995,9.37272257935706,"almost_certain","BirdNET",NA,10.2198,-83.7874,FALSE,229,"Great Kiskadee","Pitangus sulphuratus","#7d4410","avian","https://media.birdweather.com/species/229/GreatKiskadee-standard-cd28a1b8e8b8e5aed433e809c229004e.jpg","https://media.birdweather.com/species/229/GreatKiskadee-thumbnail-b2749ed2442fb322cf3c4cb72f9c97f6.jpg","https://media.birdweather.com/species/229/GreatKiskadee-png200-003973af4f863deb00a4ce9b6f10e59c.png","0PgFDwIrhYqfZJh1mVe3SZZ3uKEJBncG",17444718075,"https://media.birdweather.com/soundscapes/19267/19267-20260927-135950.flac",6,9,"live"
11404184985,19267,"2026-09-27T07:59:54.500-06:00",0.885003089904785,0.756522834300995,9.31445672089219,"almost_certain","BirdNET",NA,10.2198,-83.7874,FALSE,229,"Great Kiskadee","Pitangus sulphuratus","#7d4410","avian","https://media.birdweather.com/species/229/GreatKiskadee-standard-cd28a1b8e8b8e5aed433e809c229004e.jpg","https://media.birdweather.com/species/229/GreatKiskadee-thumbnail-b2749ed2442fb322cf3c4cb72f9c97f6.jpg","https://media.birdweather.com/species/229/GreatKiskadee-png200-003973af4f863deb00a4ce9b6f10e59c.png","0PgFDwIrhYqfZJh1mVe3SZZ3uKEJBncG",17444718075,"https://media.birdweather.com/soundscapes/19267/19267-20260927-135950.flac",4.5,7.5,"live"
11404184984,19267,"2026-09-27T07:59:53.000-06:00",0.773795306682587,0.756522834300995,9.02560353281237,"almost_certain","BirdNET",NA,10.2198,-83.7874,FALSE,229,"Great Kiskadee","Pitangus sulphuratus","#7d4410","avian","https://media.birdweather.com/species/229/GreatKiskadee-standard-cd28a1b8e8b8e5aed433e809c229004e.jpg","https://media.birdweather.com/species/229/GreatKiskadee-thumbnail-b2749ed2442fb322cf3c4cb72f9c97f6.jpg","https://media.birdweather.com/species/229/GreatKiskadee-png200-003973af4f863deb00a4ce9b6f10e59c.png","0PgFDwIrhYqfZJh1mVe3SZZ3uKEJBncG",17444718075,"https://media.birdweather.com/soundscapes/19267/19267-20260927-135950.flac",3,6,"live"
11404184979,19267,"2026-09-27T07:59:51.500-06:00",0.837084174156189,0.756522834300995,9.19737337264975,"almost_certain","BirdNET",NA,10.2198,-83.7874,FALSE,229,"Great Kiskadee","Pitangus sulphuratus","#7d4410","avian","https://media.birdweather.com/species/229/GreatKiskadee-standard-cd28a1b8e8b8e5aed433e809c229004e.jpg","https://media.birdweather.com/species/229/GreatKiskadee-thumbnail-b2749ed2442fb322cf3c4cb72f9c97f6.jpg","https://media.birdweather.com/species/229/GreatKiskadee-png200-003973af4f863deb00a4ce9b6f10e59c.png","0PgFDwIrhYqfZJh1mVe3SZZ3uKEJBncG",17444718075,"https://media.birdweather.com/soundscapes/19267/19267-20260927-135950.flac",1.5,4.5,"live"
11404175876,19267,"2026-09-27T07:59:29.000-06:00",0.889212191104889,0.756522357463837,9.32427773595679,"almost_certain","BirdNET",NA,10.2198,-83.7874,FALSE,229,"Great Kiskadee","Pitangus sulphuratus","#7d4410","avian","https://media.birdweather.com/species/229/GreatKiskadee-standard-cd28a1b8e8b8e5aed433e809c229004e.jpg","https://media.birdweather.com/species/229/GreatKiskadee-thumbnail-b2749ed2442fb322cf3c4cb72f9c97f6.jpg","https://media.birdweather.com/species/229/GreatKiskadee-png200-003973af4f863deb00a4ce9b6f10e59c.png","0PgFDwIrhYqfZJh1mVe3SZZ3uKEJBncG",17444704477,"https://media.birdweather.com/soundscapes/19267/19267-20260927-135923.flac",6,9,"live"
11404175871,19267,"2026-09-27T07:59:27.500-06:00",0.755787193775177,0.756522357463837,8.97251604953563,"almost_certain","BirdNET",NA,10.2198,-83.7874,FALSE,229,"Great Kiskadee","Pitangus sulphuratus","#7d4410","avian","https://media.birdweather.com/species/229/GreatKiskadee-standard-cd28a1b8e8b8e5aed433e809c229004e.jpg","https://media.birdweather.com/species/229/GreatKiskadee-thumbnail-b2749ed2442fb322cf3c4cb72f9c97f6.jpg","https://media.birdweather.com/species/229/GreatKiskadee-png200-003973af4f863deb00a4ce9b6f10e59c.png","0PgFDwIrhYqfZJh1mVe3SZZ3uKEJBncG",17444704477,"https://media.birdweather.com/soundscapes/19267/19267-20260927-135923.flac",4.5,7.5,"live"
11404157561,19267,"2026-09-27T07:58:31.500-06:00",0.805537819862366,0.756518661975861,9.11443710462485,"almost_certain","BirdNET",NA,10.2198,-83.7874,FALSE,229,"Great Kiskadee","Pitangus sulphuratus","#7d4410","avian","https://media.birdweather.com/species/229/GreatKiskadee-standard-cd28a1b8e8b8e5aed433e809c229004e.jpg","https://media.birdweather.com/species/229/GreatKiskadee-thumbnail-b2749ed2442fb322cf3c4cb72f9c97f6.jpg","https://media.birdweather.com/species/229/GreatKiskadee-png200-003973af4f863deb00a4ce9b6f10e59c.png","0PgFDwIrhYqfZJh1mVe3SZZ3uKEJBncG",17444677986,"https://media.birdweather.com/soundscapes/19267/19267-20260927-135830.flac",1.5,4.5,"live"
11404157552,19267,"2026-09-27T07:58:30.000-06:00",0.872853815555573,0.756518661975861,9.28569766810418,"almost_certain","BirdNET",NA,10.2198,-83.7874,FALSE,229,"Great Kiskadee","Pitangus sulphuratus","#7d4410","avian","https://media.birdweather.com/species/229/GreatKiskadee-standard-cd28a1b8e8b8e5aed433e809c229004e.jpg","https://media.birdweather.com/species/229/GreatKiskadee-thumbnail-b2749ed2442fb322cf3c4cb72f9c97f6.jpg","https://media.birdweather.com/species/229/GreatKiskadee-png200-003973af4f863deb00a4ce9b6f10e59c.png","0PgFDwIrhYqfZJh1mVe3SZZ3uKEJBncG",17444677986,"https://media.birdweather.com/soundscapes/19267/19267-20260927-135830.flac",0,3,"live"
11404125469,19267,"2026-09-27T07:57:03.000-06:00",0.863525152206421,0.756518661975861,9.26320419321951,"almost_certain","BirdNET",NA,10.2198,-83.7874,FALSE,229,"Great Kiskadee","Pitangus sulphuratus","#7d4410","avian","https://media.birdweather.com/species/229/GreatKiskadee-standard-cd28a1b8e8b8e5aed433e809c229004e.jpg","https://media.birdweather.com/species/229/GreatKiskadee-thumbnail-b2749ed2442fb322cf3c4cb72f9c97f6.jpg","https://media.birdweather.com/species/229/GreatKiskadee-png200-003973af4f863deb00a4ce9b6f10e59c.png","0PgFDwIrhYqfZJh1mVe3SZZ3uKEJBncG",17444630520,"https://media.birdweather.com/soundscapes/19267/19267-20260927-135657.flac",6,9,"live"
11404018452,19267,"2026-09-27T07:51:40.000-06:00",0.721479892730713,0.107770264148712,6.2991227076064,"almost_certain","BirdNET",NA,10.2198,-83.7874,FALSE,603,"Tropical Mockingbird","Mimus gilvus","#006e2a","avian","https://media.birdweather.com/species/603/TropicalMockingbird-standard-33be42788a38707b12f757d28526a492.jpg","https://media.birdweather.com/species/603/TropicalMockingbird-thumbnail-4f6417f6928c80a2cb70eb341f54fd79.jpg","https://media.birdweather.com/species/603/TropicalMockingbird-png200-9e94d27578943cfad1e7923fe23d2300.png","q+cJFwL4VohclXidhXh5aJh4qDAaGKYA",17444470416,"https://media.birdweather.com/soundscapes/19267/19267-20260927-135140.flac",0,3,"live"
11404009761,19267,"2026-09-27T07:51:20.000-06:00",0.919690787792206,0.107770264148712,6.82718722390094,"almost_certain","BirdNET",NA,10.2198,-83.7874,FALSE,603,"Tropical Mockingbird","Mimus gilvus","#006e2a","avian","https://media.birdweather.com/species/603/TropicalMockingbird-standard-33be42788a38707b12f757d28526a492.jpg","https://media.birdweather.com/species/603/TropicalMockingbird-thumbnail-4f6417f6928c80a2cb70eb341f54fd79.jpg","https://media.birdweather.com/species/603/TropicalMockingbird-png200-9e94d27578943cfad1e7923fe23d2300.png","q+cJFwL4VohclXidhXh5aJh4qDAaGKYA",17444457572,"https://media.birdweather.com/soundscapes/19267/19267-20260927-135114.flac",6,9,"live"
11404009755,19267,"2026-09-27T07:51:14.000-06:00",0.907090723514557,0.107770264148712,6.79904416023075,"almost_certain","BirdNET",NA,10.2198,-83.7874,FALSE,603,"Tropical Mockingbird","Mimus gilvus","#006e2a","avian","https://media.birdweather.com/species/603/TropicalMockingbird-standard-33be42788a38707b12f757d28526a492.jpg","https://media.birdweather.com/species/603/TropicalMockingbird-thumbnail-4f6417f6928c80a2cb70eb341f54fd79.jpg","https://media.birdweather.com/species/603/TropicalMockingbird-png200-9e94d27578943cfad1e7923fe23d2300.png","q+cJFwL4VohclXidhXh5aJh4qDAaGKYA",17444457572,"https://media.birdweather.com/soundscapes/19267/19267-20260927-135114.flac",0,3,"live"
11404004884,19267,"2026-09-27T07:51:01.500-06:00",0.72012186050415,0.107771590352058,6.29471679020705,"almost_certain","BirdNET",NA,10.2198,-83.7874,FALSE,603,"Tropical Mockingbird","Mimus gilvus","#006e2a","avian","https://media.birdweather.com/species/603/TropicalMockingbird-standard-33be42788a38707b12f757d28526a492.jpg","https://media.birdweather.com/species/603/TropicalMockingbird-thumbnail-4f6417f6928c80a2cb70eb341f54fd79.jpg","https://media.birdweather.com/species/603/TropicalMockingbird-png200-9e94d27578943cfad1e7923fe23d2300.png","q+cJFwL4VohclXidhXh5aJh4qDAaGKYA",17444450141,"https://media.birdweather.com/soundscapes/19267/19267-20260927-135100.flac",1.5,4.5,"live"
11403991218,19267,"2026-09-27T07:50:20.000-06:00",0.805763959884644,0.75651878118515,9.11505001676909,"almost_certain","BirdNET",NA,10.2198,-83.7874,FALSE,229,"Great Kiskadee","Pitangus sulphuratus","#7d4410","avian","https://media.birdweather.com/species/229/GreatKiskadee-standard-cd28a1b8e8b8e5aed433e809c229004e.jpg","https://media.birdweather.com/species/229/GreatKiskadee-thumbnail-b2749ed2442fb322cf3c4cb72f9c97f6.jpg","https://media.birdweather.com/species/229/GreatKiskadee-png200-003973af4f863deb00a4ce9b6f10e59c.png","0PgFDwIrhYqfZJh1mVe3SZZ3uKEJBncG",17444429797,"https://media.birdweather.com/soundscapes/19267/19267-20260927-135020.flac",0,3,"live"
11403950720,19267,"2026-09-27T07:48:21.500-06:00",0.799331605434418,0.756522297859192,9.09752076377615,"almost_certain","BirdNET",NA,10.2198,-83.7874,FALSE,229,"Great Kiskadee","Pitangus sulphuratus","#7d4410","avian","https://media.birdweather.com/species/229/GreatKiskadee-standard-cd28a1b8e8b8e5aed433e809c229004e.jpg","https://media.birdweather.com/species/229/GreatKiskadee-thumbnail-b2749ed2442fb322cf3c4cb72f9c97f6.jpg","https://media.birdweather.com/species/229/GreatKiskadee-png200-003973af4f863deb00a4ce9b6f10e59c.png","0PgFDwIrhYqfZJh1mVe3SZZ3uKEJBncG",17444369037,"https://media.birdweather.com/soundscapes/19267/19267-20260927-134817.flac",4.5,7.5,"live"
11403950717,19267,"2026-09-27T07:48:20.000-06:00",0.865942299365997,0.756522297859192,9.2690745111781,"almost_certain","BirdNET",NA,10.2198,-83.7874,FALSE,229,"Great Kiskadee","Pitangus sulphuratus","#7d4410","avian","https://media.birdweather.com/species/229/GreatKiskadee-standard-cd28a1b8e8b8e5aed433e809c229004e.jpg","https://media.birdweather.com/species/229/GreatKiskadee-thumbnail-b2749ed2442fb322cf3c4cb72f9c97f6.jpg","https://media.birdweather.com/species/229/GreatKiskadee-png200-003973af4f863deb00a4ce9b6f10e59c.png","0PgFDwIrhYqfZJh1mVe3SZZ3uKEJBncG",17444369037,"https://media.birdweather.com/soundscapes/19267/19267-20260927-134817.flac",3,6,"live"
11403928406,19267,"2026-09-27T07:47:11.000-06:00",0.879371047019958,0.179776147007942,7.38865689998276,"almost_certain","BirdNET",NA,10.2198,-83.7874,FALSE,864,"Yellow-faced Grassquit","Tiaris olivaceus","#c70033","avian","https://media.birdweather.com/species/864/Yellow-facedGrassquit-standard-bc13eb67e9183acb9c902fa38205f1cc.jpg","https://media.birdweather.com/species/864/Yellow-facedGrassquit-thumbnail-c24b9b26edf65943c571eefcc409a249.jpg","https://media.birdweather.com/species/864/Yellow-facedGrassquit-png200-3a314b765c10030d7f0761598680fa1f.png","WPgJJwZAunewh4dqloeXdoeVCmVncJQI",17444334919,"https://media.birdweather.com/soundscapes/19267/19267-20260927-134711.flac",0,3,"live"
11403884541,19267,"2026-09-27T07:44:58.500-06:00",0.847975015640259,0.537791848182678,8.76459825067733,"almost_certain","BirdNET",NA,10.2198,-83.7874,FALSE,802,"Rufous-tailed Hummingbird","Amazilia tzacatl","#d9c845","avian","https://media.birdweather.com/species/802/Rufous-tailedHummingbird-standard-4d0209b50ad0c35c6d8337f5c0c16b55.jpg","https://media.birdweather.com/species/802/Rufous-tailedHummingbird-thumbnail-fbf17400c31564f70aa45927c5d75f5e.jpg","https://media.birdweather.com/species/802/Rufous-tailedHummingbird-png200-8ea431c9893cfe027e92471791a8c256.png","mPkJFwIHqJeJl4lriIaGhYh3+H+oVGAH",17444266164,"https://media.birdweather.com/soundscapes/19267/19267-20260927-134454.flac",4.5,7.5,"live"
11403789731,19267,"2026-09-27T07:39:56.000-06:00",0.842185258865356,0.231064975261688,7.62551063192249,"almost_certain","BirdNET",NA,10.2198,-83.7874,FALSE,501,"White-winged Dove","Zenaida asiatica","#d16ff8","avian","https://media.birdweather.com/species/501/White-wingedDove-standard-6528ef689b07d5a91f1c2275cdef19c9.jpg","https://media.birdweather.com/species/501/White-wingedDove-thumbnail-4a940adfd5a6c78c73c48c5095e7b896.jpg","https://media.birdweather.com/species/501/White-wingedDove-png200-d65decd3d571b5a9dbeca249ef97689f.png","IscJLwb6hoVelZWZdoh3eIeIdxBoB4IG",17444114213,"https://media.birdweather.com/soundscapes/19267/19267-20260927-133953.flac",3,6,"live"
11403789728,19267,"2026-09-27T07:39:54.500-06:00",0.941970407962799,0.231064975261688,7.85695084219073,"almost_certain","BirdNET",NA,10.2198,-83.7874,FALSE,501,"White-winged Dove","Zenaida asiatica","#d16ff8","avian","https://media.birdweather.com/species/501/White-wingedDove-standard-6528ef689b07d5a91f1c2275cdef19c9.jpg","https://media.birdweather.com/species/501/White-wingedDove-thumbnail-4a940adfd5a6c78c73c48c5095e7b896.jpg","https://media.birdweather.com/species/501/White-wingedDove-png200-d65decd3d571b5a9dbeca249ef97689f.png","IscJLwb6hoVelZWZdoh3eIeIdxBoB4IG",17444114213,"https://media.birdweather.com/soundscapes/19267/19267-20260927-133953.flac",1.5,4.5,"live"
11403789724,19267,"2026-09-27T07:39:53.000-06:00",0.87889838218689,0.231064975261688,7.71527194604133,"almost_certain","BirdNET",NA,10.2198,-83.7874,FALSE,501,"White-winged Dove","Zenaida asiatica","#d16ff8","avian","https://media.birdweather.com/species/501/White-wingedDove-standard-6528ef689b07d5a91f1c2275cdef19c9.jpg","https://media.birdweather.com/species/501/White-wingedDove-thumbnail-4a940adfd5a6c78c73c48c5095e7b896.jpg","https://media.birdweather.com/species/501/White-wingedDove-png200-d65decd3d571b5a9dbeca249ef97689f.png","IscJLwb6hoVelZWZdoh3eIeIdxBoB4IG",17444114213,"https://media.birdweather.com/soundscapes/19267/19267-20260927-133953.flac",0,3,"live"
11403773269,19267,"2026-09-27T07:39:01.500-06:00",0.897115707397461,0.231064975261688,7.75771996151588,"almost_certain","BirdNET",NA,10.2198,-83.7874,FALSE,501,"White-winged Dove","Zenaida asiatica","#d16ff8","avian","https://media.birdweather.com/species/501/White-wingedDove-standard-6528ef689b07d5a91f1c2275cdef19c9.jpg","https://media.birdweather.com/species/501/White-wingedDove-thumbnail-4a940adfd5a6c78c73c48c5095e7b896.jpg","https://media.birdweather.com/species/501/White-wingedDove-png200-d65decd3d571b5a9dbeca249ef97689f.png","IscJLwb6hoVelZWZdoh3eIeIdxBoB4IG",17444087501,"https://media.birdweather.com/soundscapes/19267/19267-20260927-133900.flac",1.5,4.5,"live"
11403669567,19267,"2026-09-27T07:33:12.000-06:00",0.7858025431633,0.756519675254822,9.05988469249766,"almost_certain","BirdNET",NA,10.2198,-83.7874,FALSE,229,"Great Kiskadee","Pitangus sulphuratus","#7d4410","avian","https://media.birdweather.com/species/229/GreatKiskadee-standard-cd28a1b8e8b8e5aed433e809c229004e.jpg","https://media.birdweather.com/species/229/GreatKiskadee-thumbnail-b2749ed2442fb322cf3c4cb72f9c97f6.jpg","https://media.birdweather.com/species/229/GreatKiskadee-png200-003973af4f863deb00a4ce9b6f10e59c.png","0PgFDwIrhYqfZJh1mVe3SZZ3uKEJBncG",17443912103,"https://media.birdweather.com/soundscapes/19267/19267-20260927-133312.flac",0,3,"live"
11403650899,19267,"2026-09-27T07:32:09.000-06:00",0.800678372383118,0.537792861461639,8.6409366794288,"almost_certain","BirdNET",NA,10.2198,-83.7874,FALSE,802,"Rufous-tailed Hummingbird","Amazilia tzacatl","#d9c845","avian","https://media.birdweather.com/species/802/Rufous-tailedHummingbird-standard-4d0209b50ad0c35c6d8337f5c0c16b55.jpg","https://media.birdweather.com/species/802/Rufous-tailedHummingbird-thumbnail-fbf17400c31564f70aa45927c5d75f5e.jpg","https://media.birdweather.com/species/802/Rufous-tailedHummingbird-png200-8ea431c9893cfe027e92471791a8c256.png","mPkJFwIHqJeJl4lriIaGhYh3+H+oVGAH",17443879338,"https://media.birdweather.com/soundscapes/19267/19267-20260927-133206.flac",3,6,"live"
11403650896,19267,"2026-09-27T07:32:07.500-06:00",0.832669973373413,0.537792861461639,8.72579190633851,"almost_certain","BirdNET",NA,10.2198,-83.7874,FALSE,802,"Rufous-tailed Hummingbird","Amazilia tzacatl","#d9c845","avian","https://media.birdweather.com/species/802/Rufous-tailedHummingbird-standard-4d0209b50ad0c35c6d8337f5c0c16b55.jpg","https://media.birdweather.com/species/802/Rufous-tailedHummingbird-thumbnail-fbf17400c31564f70aa45927c5d75f5e.jpg","https://media.birdweather.com/species/802/Rufous-tailedHummingbird-png200-8ea431c9893cfe027e92471791a8c256.png","mPkJFwIHqJeJl4lriIaGhYh3+H+oVGAH",17443879338,"https://media.birdweather.com/soundscapes/19267/19267-20260927-133206.flac",1.5,4.5,"live"
11403461419,19267,"2026-09-27T07:21:11.000-06:00",0.819927930831909,0.756521046161652,9.1528936422462,"almost_certain","BirdNET",NA,10.2198,-83.7874,FALSE,229,"Great Kiskadee","Pitangus sulphuratus","#7d4410","avian","https://media.birdweather.com/species/229/GreatKiskadee-standard-cd28a1b8e8b8e5aed433e809c229004e.jpg","https://media.birdweather.com/species/229/GreatKiskadee-thumbnail-b2749ed2442fb322cf3c4cb72f9c97f6.jpg","https://media.birdweather.com/species/229/GreatKiskadee-png200-003973af4f863deb00a4ce9b6f10e59c.png","0PgFDwIrhYqfZJh1mVe3SZZ3uKEJBncG",17443549026,"https://media.birdweather.com/soundscapes/19267/19267-20260927-132108.flac",3,6,"live"
11403453718,19267,"2026-09-27T07:20:42.500-06:00",0.704315602779388,0.756521046161652,8.80834626022614,"almost_certain","BirdNET",NA,10.2198,-83.7874,FALSE,229,"Great Kiskadee","Pitangus sulphuratus","#7d4410","avian","https://media.birdweather.com/species/229/GreatKiskadee-standard-cd28a1b8e8b8e5aed433e809c229004e.jpg","https://media.birdweather.com/species/229/GreatKiskadee-thumbnail-b2749ed2442fb322cf3c4cb72f9c97f6.jpg","https://media.birdweather.com/species/229/GreatKiskadee-png200-003973af4f863deb00a4ce9b6f10e59c.png","0PgFDwIrhYqfZJh1mVe3SZZ3uKEJBncG",17443535697,"https://media.birdweather.com/soundscapes/19267/19267-20260927-132041.flac",1.5,4.5,"live"
11403435150,19267,"2026-09-27T07:19:39.500-06:00",0.809955775737762,0.231059193611145,7.54151904810289,"almost_certain","BirdNET",NA,10.2198,-83.7874,FALSE,501,"White-winged Dove","Zenaida asiatica","#d16ff8","avian","https://media.birdweather.com/species/501/White-wingedDove-standard-6528ef689b07d5a91f1c2275cdef19c9.jpg","https://media.birdweather.com/species/501/White-wingedDove-thumbnail-4a940adfd5a6c78c73c48c5095e7b896.jpg","https://media.birdweather.com/species/501/White-wingedDove-png200-d65decd3d571b5a9dbeca249ef97689f.png","IscJLwb6hoVelZWZdoh3eIeIdxBoB4IG",17443502638,"https://media.birdweather.com/soundscapes/19267/19267-20260927-131935.flac",4.5,7.5,"live"
11403416612,19267,"2026-09-27T07:18:31.000-06:00",0.868768751621246,0.231045290827751,7.69097543949545,"almost_certain","BirdNET",NA,10.2198,-83.7874,FALSE,501,"White-winged Dove","Zenaida asiatica","#d16ff8","avian","https://media.birdweather.com/species/501/White-wingedDove-standard-6528ef689b07d5a91f1c2275cdef19c9.jpg","https://media.birdweather.com/species/501/White-wingedDove-thumbnail-4a940adfd5a6c78c73c48c5095e7b896.jpg","https://media.birdweather.com/species/501/White-wingedDove-png200-d65decd3d571b5a9dbeca249ef97689f.png","IscJLwb6hoVelZWZdoh3eIeIdxBoB4IG",17443470621,"https://media.birdweather.com/soundscapes/19267/19267-20260927-131831.flac",0,3,"live"
11403397086,19267,"2026-09-27T07:17:29.000-06:00",0.799926459789276,0.231045290827751,7.51422772207756,"almost_certain","BirdNET",NA,10.2198,-83.7874,FALSE,501,"White-winged Dove","Zenaida asiatica","#d16ff8","avian","https://media.birdweather.com/species/501/White-wingedDove-standard-6528ef689b07d5a91f1c2275cdef19c9.jpg","https://media.birdweather.com/species/501/White-wingedDove-thumbnail-4a940adfd5a6c78c73c48c5095e7b896.jpg","https://media.birdweather.com/species/501/White-wingedDove-png200-d65decd3d571b5a9dbeca249ef97689f.png","IscJLwb6hoVelZWZdoh3eIeIdxBoB4IG",17443436788,"https://media.birdweather.com/soundscapes/19267/19267-20260927-131723.flac",6,9,"live"
11403397077,19267,"2026-09-27T07:17:27.500-06:00",0.940593421459198,0.231045290827751,7.85389724809473,"almost_certain","BirdNET",NA,10.2198,-83.7874,FALSE,501,"White-winged Dove","Zenaida asiatica","#d16ff8","avian","https://media.birdweather.com/species/501/White-wingedDove-standard-6528ef689b07d5a91f1c2275cdef19c9.jpg","https://media.birdweather.com/species/501/White-wingedDove-thumbnail-4a940adfd5a6c78c73c48c5095e7b896.jpg","https://media.birdweather.com/species/501/White-wingedDove-png200-d65decd3d571b5a9dbeca249ef97689f.png","IscJLwb6hoVelZWZdoh3eIeIdxBoB4IG",17443436788,"https://media.birdweather.com/soundscapes/19267/19267-20260927-131723.flac",4.5,7.5,"live"
11403397071,19267,"2026-09-27T07:17:26.000-06:00",0.767832577228546,0.231045290827751,7.42332751483572,"almost_certain","BirdNET",NA,10.2198,-83.7874,FALSE,501,"White-winged Dove","Zenaida asiatica","#d16ff8","avian","https://media.birdweather.com/species/501/White-wingedDove-standard-6528ef689b07d5a91f1c2275cdef19c9.jpg","https://media.birdweather.com/species/501/White-wingedDove-thumbnail-4a940adfd5a6c78c73c48c5095e7b896.jpg","https://media.birdweather.com/species/501/White-wingedDove-png200-d65decd3d571b5a9dbeca249ef97689f.png","IscJLwb6hoVelZWZdoh3eIeIdxBoB4IG",17443436788,"https://media.birdweather.com/soundscapes/19267/19267-20260927-131723.flac",3,6,"live"
11403332841,19267,"2026-09-27T07:13:41.000-06:00",0.991622626781464,0.75652664899826,9.54383351566617,"almost_certain","BirdNET",NA,10.2198,-83.7874,FALSE,229,"Great Kiskadee","Pitangus sulphuratus","#7d4410","avian","https://media.birdweather.com/species/229/GreatKiskadee-standard-cd28a1b8e8b8e5aed433e809c229004e.jpg","https://media.birdweather.com/species/229/GreatKiskadee-thumbnail-b2749ed2442fb322cf3c4cb72f9c97f6.jpg","https://media.birdweather.com/species/229/GreatKiskadee-png200-003973af4f863deb00a4ce9b6f10e59c.png","0PgFDwIrhYqfZJh1mVe3SZZ3uKEJBncG",17443323166,"https://media.birdweather.com/soundscapes/19267/19267-20260927-131335.flac",6,9,"live"
11403332831,19267,"2026-09-27T07:13:35.000-06:00",0.983458161354065,0.75652664899826,9.52756472742566,"almost_certain","BirdNET",NA,10.2198,-83.7874,FALSE,229,"Great Kiskadee","Pitangus sulphuratus","#7d4410","avian","https://media.birdweather.com/species/229/GreatKiskadee-standard-cd28a1b8e8b8e5aed433e809c229004e.jpg","https://media.birdweather.com/species/229/GreatKiskadee-thumbnail-b2749ed2442fb322cf3c4cb72f9c97f6.jpg","https://media.birdweather.com/species/229/GreatKiskadee-png200-003973af4f863deb00a4ce9b6f10e59c.png","0PgFDwIrhYqfZJh1mVe3SZZ3uKEJBncG",17443323166,"https://media.birdweather.com/soundscapes/19267/19267-20260927-131335.flac",0,3,"live"
11403325413,19267,"2026-09-27T07:13:16.000-06:00",0.985977053642273,0.756525039672852,9.53260171905538,"almost_certain","BirdNET",NA,10.2198,-83.7874,FALSE,229,"Great Kiskadee","Pitangus sulphuratus","#7d4410","avian","https://media.birdweather.com/species/229/GreatKiskadee-standard-cd28a1b8e8b8e5aed433e809c229004e.jpg","https://media.birdweather.com/species/229/GreatKiskadee-thumbnail-b2749ed2442fb322cf3c4cb72f9c97f6.jpg","https://media.birdweather.com/species/229/GreatKiskadee-png200-003973af4f863deb00a4ce9b6f10e59c.png","0PgFDwIrhYqfZJh1mVe3SZZ3uKEJBncG",17443310337,"https://media.birdweather.com/soundscapes/19267/19267-20260927-131310.flac",6,9,"live"
11403325410,19267,"2026-09-27T07:13:13.000-06:00",0.960593640804291,0.756525039672852,9.48094547018157,"almost_certain","BirdNET",NA,10.2198,-83.7874,FALSE,229,"Great Kiskadee","Pitangus sulphuratus","#7d4410","avian","https://media.birdweather.com/species/229/GreatKiskadee-standard-cd28a1b8e8b8e5aed433e809c229004e.jpg","https://media.birdweather.com/species/229/GreatKiskadee-thumbnail-b2749ed2442fb322cf3c4cb72f9c97f6.jpg","https://media.birdweather.com/species/229/GreatKiskadee-png200-003973af4f863deb00a4ce9b6f10e59c.png","0PgFDwIrhYqfZJh1mVe3SZZ3uKEJBncG",17443310337,"https://media.birdweather.com/soundscapes/19267/19267-20260927-131310.flac",3,6,"live"
11403325407,19267,"2026-09-27T07:13:11.500-06:00",0.808213114738464,0.756525039672852,9.12167939688002,"almost_certain","BirdNET",NA,10.2198,-83.7874,FALSE,229,"Great Kiskadee","Pitangus sulphuratus","#7d4410","avian","https://media.birdweather.com/species/229/GreatKiskadee-standard-cd28a1b8e8b8e5aed433e809c229004e.jpg","https://media.birdweather.com/species/229/GreatKiskadee-thumbnail-b2749ed2442fb322cf3c4cb72f9c97f6.jpg","https://media.birdweather.com/species/229/GreatKiskadee-png200-003973af4f863deb00a4ce9b6f10e59c.png","0PgFDwIrhYqfZJh1mVe3SZZ3uKEJBncG",17443310337,"https://media.birdweather.com/soundscapes/19267/19267-20260927-131310.flac",1.5,4.5,"live"
11403321498,19267,"2026-09-27T07:13:03.000-06:00",0.987157762050629,0.756525039672852,9.53495774542602,"almost_certain","BirdNET",NA,10.2198,-83.7874,FALSE,229,"Great Kiskadee","Pitangus sulphuratus","#7d4410","avian","https://media.birdweather.com/species/229/GreatKiskadee-standard-cd28a1b8e8b8e5aed433e809c229004e.jpg","https://media.birdweather.com/species/229/GreatKiskadee-thumbnail-b2749ed2442fb322cf3c4cb72f9c97f6.jpg","https://media.birdweather.com/species/229/GreatKiskadee-png200-003973af4f863deb00a4ce9b6f10e59c.png","0PgFDwIrhYqfZJh1mVe3SZZ3uKEJBncG",17443303494,"https://media.birdweather.com/soundscapes/19267/19267-20260927-131257.flac",6,9,"live"
11403321496,19267,"2026-09-27T07:13:00.000-06:00",0.930847406387329,0.756525039672852,9.4178228825953,"almost_certain","BirdNET",NA,10.2198,-83.7874,FALSE,229,"Great Kiskadee","Pitangus sulphuratus","#7d4410","avian","https://media.birdweather.com/species/229/GreatKiskadee-standard-cd28a1b8e8b8e5aed433e809c229004e.jpg","https://media.birdweather.com/species/229/GreatKiskadee-thumbnail-b2749ed2442fb322cf3c4cb72f9c97f6.jpg","https://media.birdweather.com/species/229/GreatKiskadee-png200-003973af4f863deb00a4ce9b6f10e59c.png","0PgFDwIrhYqfZJh1mVe3SZZ3uKEJBncG",17443303494,"https://media.birdweather.com/soundscapes/19267/19267-20260927-131257.flac",3,6,"live"
11403321495,19267,"2026-09-27T07:12:58.500-06:00",0.993106305599213,0.756525039672852,9.54676643523899,"almost_certain","BirdNET",NA,10.2198,-83.7874,FALSE,229,"Great Kiskadee","Pitangus sulphuratus","#7d4410","avian","https://media.birdweather.com/species/229/GreatKiskadee-standard-cd28a1b8e8b8e5aed433e809c229004e.jpg","https://media.birdweather.com/species/229/GreatKiskadee-thumbnail-b2749ed2442fb322cf3c4cb72f9c97f6.jpg","https://media.birdweather.com/species/229/GreatKiskadee-png200-003973af4f863deb00a4ce9b6f10e59c.png","0PgFDwIrhYqfZJh1mVe3SZZ3uKEJBncG",17443303494,"https://media.birdweather.com/soundscapes/19267/19267-20260927-131257.flac",1.5,4.5,"live"
11403321493,19267,"2026-09-27T07:12:57.000-06:00",0.901650667190552,0.756525039672852,9.3529026717048,"almost_certain","BirdNET",NA,10.2198,-83.7874,FALSE,229,"Great Kiskadee","Pitangus sulphuratus","#7d4410","avian","https://media.birdweather.com/species/229/GreatKiskadee-standard-cd28a1b8e8b8e5aed433e809c229004e.jpg","https://media.birdweather.com/species/229/GreatKiskadee-thumbnail-b2749ed2442fb322cf3c4cb72f9c97f6.jpg","https://media.birdweather.com/species/229/GreatKiskadee-png200-003973af4f863deb00a4ce9b6f10e59c.png","0PgFDwIrhYqfZJh1mVe3SZZ3uKEJBncG",17443303494,"https://media.birdweather.com/soundscapes/19267/19267-20260927-131257.flac",0,3,"live"
11403318034,19267,"2026-09-27T07:12:48.500-06:00",0.996136128902435,0.756523489952087,9.55273938919277,"almost_certain","BirdNET",NA,10.2198,-83.7874,FALSE,229,"Great Kiskadee","Pitangus sulphuratus","#7d4410","avian","https://media.birdweather.com/species/229/GreatKiskadee-standard-cd28a1b8e8b8e5aed433e809c229004e.jpg","https://media.birdweather.com/species/229/GreatKiskadee-thumbnail-b2749ed2442fb322cf3c4cb72f9c97f6.jpg","https://media.birdweather.com/species/229/GreatKiskadee-png200-003973af4f863deb00a4ce9b6f10e59c.png","0PgFDwIrhYqfZJh1mVe3SZZ3uKEJBncG",17443297290,"https://media.birdweather.com/soundscapes/19267/19267-20260927-131244.flac",4.5,7.5,"live"
11403318028,19267,"2026-09-27T07:12:47.000-06:00",0.992316246032715,0.756523489952087,9.5452011360564,"almost_certain","BirdNET",NA,10.2198,-83.7874,FALSE,229,"Great Kiskadee","Pitangus sulphuratus","#7d4410","avian","https://media.birdweather.com/species/229/GreatKiskadee-standard-cd28a1b8e8b8e5aed433e809c229004e.jpg","https://media.birdweather.com/species/229/GreatKiskadee-thumbnail-b2749ed2442fb322cf3c4cb72f9c97f6.jpg","https://media.birdweather.com/species/229/GreatKiskadee-png200-003973af4f863deb00a4ce9b6f10e59c.png","0PgFDwIrhYqfZJh1mVe3SZZ3uKEJBncG",17443297290,"https://media.birdweather.com/soundscapes/19267/19267-20260927-131244.flac",3,6,"live"
11403318023,19267,"2026-09-27T07:12:45.500-06:00",0.917361915111542,0.756523489952087,9.38821635706871,"almost_certain","BirdNET",NA,10.2198,-83.7874,FALSE,229,"Great Kiskadee","Pitangus sulphuratus","#7d4410","avian","https://media.birdweather.com/species/229/GreatKiskadee-standard-cd28a1b8e8b8e5aed433e809c229004e.jpg","https://media.birdweather.com/species/229/GreatKiskadee-thumbnail-b2749ed2442fb322cf3c4cb72f9c97f6.jpg","https://media.birdweather.com/species/229/GreatKiskadee-png200-003973af4f863deb00a4ce9b6f10e59c.png","0PgFDwIrhYqfZJh1mVe3SZZ3uKEJBncG",17443297290,"https://media.birdweather.com/soundscapes/19267/19267-20260927-131244.flac",1.5,4.5,"live"
11403318019,19267,"2026-09-27T07:12:44.000-06:00",0.942937612533569,0.756523489952087,9.44382776652828,"almost_certain","BirdNET",NA,10.2198,-83.7874,FALSE,229,"Great Kiskadee","Pitangus sulphuratus","#7d4410","avian","https://media.birdweather.com/species/229/GreatKiskadee-standard-cd28a1b8e8b8e5aed433e809c229004e.jpg","https://media.birdweather.com/species/229/GreatKiskadee-thumbnail-b2749ed2442fb322cf3c4cb72f9c97f6.jpg","https://media.birdweather.com/species/229/GreatKiskadee-png200-003973af4f863deb00a4ce9b6f10e59c.png","0PgFDwIrhYqfZJh1mVe3SZZ3uKEJBncG",17443297290,"https://media.birdweather.com/soundscapes/19267/19267-20260927-131244.flac",0,3,"live"
11403309885,19267,"2026-09-27T07:12:18.000-06:00",0.784892976284027,0.756522059440613,9.05732150192383,"almost_certain","BirdNET",NA,10.2198,-83.7874,FALSE,229,"Great Kiskadee","Pitangus sulphuratus","#7d4410","avian","https://media.birdweather.com/species/229/GreatKiskadee-standard-cd28a1b8e8b8e5aed433e809c229004e.jpg","https://media.birdweather.com/species/229/GreatKiskadee-thumbnail-b2749ed2442fb322cf3c4cb72f9c97f6.jpg","https://media.birdweather.com/species/229/GreatKiskadee-png200-003973af4f863deb00a4ce9b6f10e59c.png","0PgFDwIrhYqfZJh1mVe3SZZ3uKEJBncG",17443282915,"https://media.birdweather.com/soundscapes/19267/19267-20260927-131215.flac",3,6,"live"
11403295092,19267,"2026-09-27T07:11:29.000-06:00",0.758134782314301,0.756522059440613,8.97955376184359,"almost_certain","BirdNET",NA,10.2198,-83.7874,FALSE,229,"Great Kiskadee","Pitangus sulphuratus","#7d4410","avian","https://media.birdweather.com/species/229/GreatKiskadee-standard-cd28a1b8e8b8e5aed433e809c229004e.jpg","https://media.birdweather.com/species/229/GreatKiskadee-thumbnail-b2749ed2442fb322cf3c4cb72f9c97f6.jpg","https://media.birdweather.com/species/229/GreatKiskadee-png200-003973af4f863deb00a4ce9b6f10e59c.png","0PgFDwIrhYqfZJh1mVe3SZZ3uKEJBncG",17443257030,"https://media.birdweather.com/soundscapes/19267/19267-20260927-131123.flac",6,9,"live"
11403291317,19267,"2026-09-27T07:11:11.500-06:00",0.811804354190826,0.756522059440613,9.13132099998373,"almost_certain","BirdNET",NA,10.2198,-83.7874,FALSE,229,"Great Kiskadee","Pitangus sulphuratus","#7d4410","avian","https://media.birdweather.com/species/229/GreatKiskadee-standard-cd28a1b8e8b8e5aed433e809c229004e.jpg","https://media.birdweather.com/species/229/GreatKiskadee-thumbnail-b2749ed2442fb322cf3c4cb72f9c97f6.jpg","https://media.birdweather.com/species/229/GreatKiskadee-png200-003973af4f863deb00a4ce9b6f10e59c.png","0PgFDwIrhYqfZJh1mVe3SZZ3uKEJBncG",17443250382,"https://media.birdweather.com/soundscapes/19267/19267-20260927-131110.flac",1.5,4.5,"live"
11403283603,19267,"2026-09-27T07:10:45.500-06:00",0.924206078052521,0.756522059440613,9.40331824609189,"almost_certain","BirdNET",NA,10.2198,-83.7874,FALSE,229,"Great Kiskadee","Pitangus sulphuratus","#7d4410","avian","https://media.birdweather.com/species/229/GreatKiskadee-standard-cd28a1b8e8b8e5aed433e809c229004e.jpg","https://media.birdweather.com/species/229/GreatKiskadee-thumbnail-b2749ed2442fb322cf3c4cb72f9c97f6.jpg","https://media.birdweather.com/species/229/GreatKiskadee-png200-003973af4f863deb00a4ce9b6f10e59c.png","0PgFDwIrhYqfZJh1mVe3SZZ3uKEJBncG",17443237251,"https://media.birdweather.com/soundscapes/19267/19267-20260927-131044.flac",1.5,4.5,"live"
11403283598,19267,"2026-09-27T07:10:44.000-06:00",0.910921990871429,0.756522059440613,9.37384777792681,"almost_certain","BirdNET",NA,10.2198,-83.7874,FALSE,229,"Great Kiskadee","Pitangus sulphuratus","#7d4410","avian","https://media.birdweather.com/species/229/GreatKiskadee-standard-cd28a1b8e8b8e5aed433e809c229004e.jpg","https://media.birdweather.com/species/229/GreatKiskadee-thumbnail-b2749ed2442fb322cf3c4cb72f9c97f6.jpg","https://media.birdweather.com/species/229/GreatKiskadee-png200-003973af4f863deb00a4ce9b6f10e59c.png","0PgFDwIrhYqfZJh1mVe3SZZ3uKEJBncG",17443237251,"https://media.birdweather.com/soundscapes/19267/19267-20260927-131044.flac",0,3,"live"
11403280025,19267,"2026-09-27T07:10:35.500-06:00",0.851045310497284,0.75652289390564,9.232530703949,"almost_certain","BirdNET",NA,10.2198,-83.7874,FALSE,229,"Great Kiskadee","Pitangus sulphuratus","#7d4410","avian","https://media.birdweather.com/species/229/GreatKiskadee-standard-cd28a1b8e8b8e5aed433e809c229004e.jpg","https://media.birdweather.com/species/229/GreatKiskadee-thumbnail-b2749ed2442fb322cf3c4cb72f9c97f6.jpg","https://media.birdweather.com/species/229/GreatKiskadee-png200-003973af4f863deb00a4ce9b6f10e59c.png","0PgFDwIrhYqfZJh1mVe3SZZ3uKEJBncG",17443231126,"https://media.birdweather.com/soundscapes/19267/19267-20260927-131031.flac",4.5,7.5,"live"
11403280021,19267,"2026-09-27T07:10:32.500-06:00",0.823953330516815,0.75652289390564,9.16346294509118,"almost_certain","BirdNET",NA,10.2198,-83.7874,FALSE,229,"Great Kiskadee","Pitangus sulphuratus","#7d4410","avian","https://media.birdweather.com/species/229/GreatKiskadee-standard-cd28a1b8e8b8e5aed433e809c229004e.jpg","https://media.birdweather.com/species/229/GreatKiskadee-thumbnail-b2749ed2442fb322cf3c4cb72f9c97f6.jpg","https://media.birdweather.com/species/229/GreatKiskadee-png200-003973af4f863deb00a4ce9b6f10e59c.png","0PgFDwIrhYqfZJh1mVe3SZZ3uKEJBncG",17443231126,"https://media.birdweather.com/soundscapes/19267/19267-20260927-131031.flac",1.5,4.5,"live"
11403241348,19267,"2026-09-27T07:08:19.500-06:00",0.811384558677673,0.295398473739624,7.86945969599025,"almost_certain","BirdNET",NA,10.2198,-83.7874,FALSE,910,"Yellow-throated Toucan","Ramphastos ambiguus","#c06a00","avian","https://media.birdweather.com/species/910/Yellow-throatedToucan-standard-c61d4f6e96783b3528d921236aa42942.jpg","https://media.birdweather.com/species/910/Yellow-throatedToucan-thumbnail-a6981d720206d172928a331dc8d7e816.jpg","https://media.birdweather.com/species/910/Yellow-throatedToucan-png200-cc8cb7fe0b250168ace5834450b25cc2.png","19gFFwIfZIcViIipp0OnSJil99PbgM8I",17443162939,"https://media.birdweather.com/soundscapes/19267/19267-20260927-130815.flac",4.5,7.5,"live"
11403241344,19267,"2026-09-27T07:08:18.000-06:00",0.931092619895935,0.295398473739624,8.15761284582722,"almost_certain","BirdNET",NA,10.2198,-83.7874,FALSE,910,"Yellow-throated Toucan","Ramphastos ambiguus","#c06a00","avian","https://media.birdweather.com/species/910/Yellow-throatedToucan-standard-c61d4f6e96783b3528d921236aa42942.jpg","https://media.birdweather.com/species/910/Yellow-throatedToucan-thumbnail-a6981d720206d172928a331dc8d7e816.jpg","https://media.birdweather.com/species/910/Yellow-throatedToucan-png200-cc8cb7fe0b250168ace5834450b25cc2.png","19gFFwIfZIcViIipp0OnSJil99PbgM8I",17443162939,"https://media.birdweather.com/soundscapes/19267/19267-20260927-130815.flac",3,6,"live"
11403241342,19267,"2026-09-27T07:08:16.500-06:00",0.773274779319763,0.295398473739624,7.76335906017638,"almost_certain","BirdNET",NA,10.2198,-83.7874,FALSE,910,"Yellow-throated Toucan","Ramphastos ambiguus","#c06a00","avian","https://media.birdweather.com/species/910/Yellow-throatedToucan-standard-c61d4f6e96783b3528d921236aa42942.jpg","https://media.birdweather.com/species/910/Yellow-throatedToucan-thumbnail-a6981d720206d172928a331dc8d7e816.jpg","https://media.birdweather.com/species/910/Yellow-throatedToucan-png200-cc8cb7fe0b250168ace5834450b25cc2.png","19gFFwIfZIcViIipp0OnSJil99PbgM8I",17443162939,"https://media.birdweather.com/soundscapes/19267/19267-20260927-130815.flac",1.5,4.5,"live"
11403241340,19267,"2026-09-27T07:08:15.000-06:00",0.824989497661591,0.295398473739624,7.90543094995146,"almost_certain","BirdNET",NA,10.2198,-83.7874,FALSE,910,"Yellow-throated Toucan","Ramphastos ambiguus","#c06a00","avian","https://media.birdweather.com/species/910/Yellow-throatedToucan-standard-c61d4f6e96783b3528d921236aa42942.jpg","https://media.birdweather.com/species/910/Yellow-throatedToucan-thumbnail-a6981d720206d172928a331dc8d7e816.jpg","https://media.birdweather.com/species/910/Yellow-throatedToucan-png200-cc8cb7fe0b250168ace5834450b25cc2.png","19gFFwIfZIcViIipp0OnSJil99PbgM8I",17443162939,"https://media.birdweather.com/soundscapes/19267/19267-20260927-130815.flac",0,3,"live"
11403229934,19267,"2026-09-27T07:07:36.500-06:00",0.846056938171387,0.756521880626678,9.22007040568309,"almost_certain","BirdNET",NA,10.2198,-83.7874,FALSE,229,"Great Kiskadee","Pitangus sulphuratus","#7d4410","avian","https://media.birdweather.com/species/229/GreatKiskadee-standard-cd28a1b8e8b8e5aed433e809c229004e.jpg","https://media.birdweather.com/species/229/GreatKiskadee-thumbnail-b2749ed2442fb322cf3c4cb72f9c97f6.jpg","https://media.birdweather.com/species/229/GreatKiskadee-png200-003973af4f863deb00a4ce9b6f10e59c.png","0PgFDwIrhYqfZJh1mVe3SZZ3uKEJBncG",17443142965,"https://media.birdweather.com/soundscapes/19267/19267-20260927-130735.flac",1.5,4.5,"live"
11403222496,19267,"2026-09-27T07:07:13.000-06:00",0.79861456155777,0.295394271612167,7.83479561045182,"almost_certain","BirdNET",NA,10.2198,-83.7874,FALSE,910,"Yellow-throated Toucan","Ramphastos ambiguus","#c06a00","avian","https://media.birdweather.com/species/910/Yellow-throatedToucan-standard-c61d4f6e96783b3528d921236aa42942.jpg","https://media.birdweather.com/species/910/Yellow-throatedToucan-thumbnail-a6981d720206d172928a331dc8d7e816.jpg","https://media.birdweather.com/species/910/Yellow-throatedToucan-png200-cc8cb7fe0b250168ace5834450b25cc2.png","19gFFwIfZIcViIipp0OnSJil99PbgM8I",17443130108,"https://media.birdweather.com/soundscapes/19267/19267-20260927-130707.flac",6,9,"live"
11403222491,19267,"2026-09-27T07:07:11.500-06:00",0.896354973316193,0.295394271612167,8.08002931908362,"almost_certain","BirdNET",NA,10.2198,-83.7874,FALSE,910,"Yellow-throated Toucan","Ramphastos ambiguus","#c06a00","avian","https://media.birdweather.com/species/910/Yellow-throatedToucan-standard-c61d4f6e96783b3528d921236aa42942.jpg","https://media.birdweather.com/species/910/Yellow-throatedToucan-thumbnail-a6981d720206d172928a331dc8d7e816.jpg","https://media.birdweather.com/species/910/Yellow-throatedToucan-png200-cc8cb7fe0b250168ace5834450b25cc2.png","19gFFwIfZIcViIipp0OnSJil99PbgM8I",17443130108,"https://media.birdweather.com/soundscapes/19267/19267-20260927-130707.flac",4.5,7.5,"live"
11403222488,19267,"2026-09-27T07:07:10.000-06:00",0.723713636398315,0.295394271612167,7.61179312839359,"almost_certain","BirdNET",NA,10.2198,-83.7874,FALSE,910,"Yellow-throated Toucan","Ramphastos ambiguus","#c06a00","avian","https://media.birdweather.com/species/910/Yellow-throatedToucan-standard-c61d4f6e96783b3528d921236aa42942.jpg","https://media.birdweather.com/species/910/Yellow-throatedToucan-thumbnail-a6981d720206d172928a331dc8d7e816.jpg","https://media.birdweather.com/species/910/Yellow-throatedToucan-png200-cc8cb7fe0b250168ace5834450b25cc2.png","19gFFwIfZIcViIipp0OnSJil99PbgM8I",17443130108,"https://media.birdweather.com/soundscapes/19267/19267-20260927-130707.flac",3,6,"live"
11403210627,19267,"2026-09-27T07:06:33.000-06:00",0.8213951587677,0.295394271612167,7.89600014240288,"almost_certain","BirdNET",NA,10.2198,-83.7874,FALSE,910,"Yellow-throated Toucan","Ramphastos ambiguus","#c06a00","avian","https://media.birdweather.com/species/910/Yellow-throatedToucan-standard-c61d4f6e96783b3528d921236aa42942.jpg","https://media.birdweather.com/species/910/Yellow-throatedToucan-thumbnail-a6981d720206d172928a331dc8d7e816.jpg","https://media.birdweather.com/species/910/Yellow-throatedToucan-png200-cc8cb7fe0b250168ace5834450b25cc2.png","19gFFwIfZIcViIipp0OnSJil99PbgM8I",17443109111,"https://media.birdweather.com/soundscapes/19267/19267-20260927-130627.flac",6,9,"live"
11403210624,19267,"2026-09-27T07:06:30.000-06:00",0.949217140674591,0.756523966789246,9.45714439423888,"almost_certain","BirdNET",NA,10.2198,-83.7874,FALSE,229,"Great Kiskadee","Pitangus sulphuratus","#7d4410","avian","https://media.birdweather.com/species/229/GreatKiskadee-standard-cd28a1b8e8b8e5aed433e809c229004e.jpg","https://media.birdweather.com/species/229/GreatKiskadee-thumbnail-b2749ed2442fb322cf3c4cb72f9c97f6.jpg","https://media.birdweather.com/species/229/GreatKiskadee-png200-003973af4f863deb00a4ce9b6f10e59c.png","0PgFDwIrhYqfZJh1mVe3SZZ3uKEJBncG",17443109111,"https://media.birdweather.com/soundscapes/19267/19267-20260927-130627.flac",3,6,"live"
11403210620,19267,"2026-09-27T07:06:28.500-06:00",0.960900962352753,0.756523966789246,9.48158075618382,"almost_certain","BirdNET",NA,10.2198,-83.7874,FALSE,229,"Great Kiskadee","Pitangus sulphuratus","#7d4410","avian","https://media.birdweather.com/species/229/GreatKiskadee-standard-cd28a1b8e8b8e5aed433e809c229004e.jpg","https://media.birdweather.com/species/229/GreatKiskadee-thumbnail-b2749ed2442fb322cf3c4cb72f9c97f6.jpg","https://media.birdweather.com/species/229/GreatKiskadee-png200-003973af4f863deb00a4ce9b6f10e59c.png","0PgFDwIrhYqfZJh1mVe3SZZ3uKEJBncG",17443109111,"https://media.birdweather.com/soundscapes/19267/19267-20260927-130627.flac",1.5,4.5,"live"
11403210615,19267,"2026-09-27T07:06:27.000-06:00",0.866262257099152,0.756523966789246,9.26985181013812,"almost_certain","BirdNET",NA,10.2198,-83.7874,FALSE,229,"Great Kiskadee","Pitangus sulphuratus","#7d4410","avian","https://media.birdweather.com/species/229/GreatKiskadee-standard-cd28a1b8e8b8e5aed433e809c229004e.jpg","https://media.birdweather.com/species/229/GreatKiskadee-thumbnail-b2749ed2442fb322cf3c4cb72f9c97f6.jpg","https://media.birdweather.com/species/229/GreatKiskadee-png200-003973af4f863deb00a4ce9b6f10e59c.png","0PgFDwIrhYqfZJh1mVe3SZZ3uKEJBncG",17443109111,"https://media.birdweather.com/soundscapes/19267/19267-20260927-130627.flac",0,3,"live"
11403202771,19267,"2026-09-27T07:06:05.000-06:00",0.748595476150513,0.756526410579681,8.95073415245318,"almost_certain","BirdNET",NA,10.2198,-83.7874,FALSE,229,"Great Kiskadee","Pitangus sulphuratus","#7d4410","avian","https://media.birdweather.com/species/229/GreatKiskadee-standard-cd28a1b8e8b8e5aed433e809c229004e.jpg","https://media.birdweather.com/species/229/GreatKiskadee-thumbnail-b2749ed2442fb322cf3c4cb72f9c97f6.jpg","https://media.birdweather.com/species/229/GreatKiskadee-png200-003973af4f863deb00a4ce9b6f10e59c.png","0PgFDwIrhYqfZJh1mVe3SZZ3uKEJBncG",17443095591,"https://media.birdweather.com/soundscapes/19267/19267-20260927-130559.flac",6,9,"live"
11403202767,19267,"2026-09-27T07:06:03.500-06:00",0.991133153438568,0.756526410579681,9.54286317350109,"almost_certain","BirdNET",NA,10.2198,-83.7874,FALSE,229,"Great Kiskadee","Pitangus sulphuratus","#7d4410","avian","https://media.birdweather.com/species/229/GreatKiskadee-standard-cd28a1b8e8b8e5aed433e809c229004e.jpg","https://media.birdweather.com/species/229/GreatKiskadee-thumbnail-b2749ed2442fb322cf3c4cb72f9c97f6.jpg","https://media.birdweather.com/species/229/GreatKiskadee-png200-003973af4f863deb00a4ce9b6f10e59c.png","0PgFDwIrhYqfZJh1mVe3SZZ3uKEJBncG",17443095591,"https://media.birdweather.com/soundscapes/19267/19267-20260927-130559.flac",4.5,7.5,"live"
11403202759,19267,"2026-09-27T07:06:02.000-06:00",0.980530977249146,0.756526410579681,9.52168412489118,"almost_certain","BirdNET",NA,10.2198,-83.7874,FALSE,229,"Great Kiskadee","Pitangus sulphuratus","#7d4410","avian","https://media.birdweather.com/species/229/GreatKiskadee-standard-cd28a1b8e8b8e5aed433e809c229004e.jpg","https://media.birdweather.com/species/229/GreatKiskadee-thumbnail-b2749ed2442fb322cf3c4cb72f9c97f6.jpg","https://media.birdweather.com/species/229/GreatKiskadee-png200-003973af4f863deb00a4ce9b6f10e59c.png","0PgFDwIrhYqfZJh1mVe3SZZ3uKEJBncG",17443095591,"https://media.birdweather.com/soundscapes/19267/19267-20260927-130559.flac",3,6,"live"
11403176126,19267,"2026-09-27T07:04:30.500-06:00",0.905406534671783,0.231050804257393,7.77653073888143,"almost_certain","BirdNET",NA,10.2198,-83.7874,FALSE,501,"White-winged Dove","Zenaida asiatica","#d16ff8","avian","https://media.birdweather.com/species/501/White-wingedDove-standard-6528ef689b07d5a91f1c2275cdef19c9.jpg","https://media.birdweather.com/species/501/White-wingedDove-thumbnail-4a940adfd5a6c78c73c48c5095e7b896.jpg","https://media.birdweather.com/species/501/White-wingedDove-png200-d65decd3d571b5a9dbeca249ef97689f.png","IscJLwb6hoVelZWZdoh3eIeIdxBoB4IG",17443048974,"https://media.birdweather.com/soundscapes/19267/19267-20260927-130426.flac",4.5,7.5,"live"
11403171957,19267,"2026-09-27T07:04:15.000-06:00",0.826707601547241,0.756526589393616,9.17065238098765,"almost_certain","BirdNET",NA,10.2198,-83.7874,FALSE,229,"Great Kiskadee","Pitangus sulphuratus","#7d4410","avian","https://media.birdweather.com/species/229/GreatKiskadee-standard-cd28a1b8e8b8e5aed433e809c229004e.jpg","https://media.birdweather.com/species/229/GreatKiskadee-thumbnail-b2749ed2442fb322cf3c4cb72f9c97f6.jpg","https://media.birdweather.com/species/229/GreatKiskadee-png200-003973af4f863deb00a4ce9b6f10e59c.png","0PgFDwIrhYqfZJh1mVe3SZZ3uKEJBncG",17443041700,"https://media.birdweather.com/soundscapes/19267/19267-20260927-130412.flac",3,6,"live"
11403160164,19267,"2026-09-27T07:03:38.000-06:00",0.972598671913147,0.756521999835968,9.50561365248711,"almost_certain","BirdNET",NA,10.2198,-83.7874,FALSE,229,"Great Kiskadee","Pitangus sulphuratus","#7d4410","avian","https://media.birdweather.com/species/229/GreatKiskadee-standard-cd28a1b8e8b8e5aed433e809c229004e.jpg","https://media.birdweather.com/species/229/GreatKiskadee-thumbnail-b2749ed2442fb322cf3c4cb72f9c97f6.jpg","https://media.birdweather.com/species/229/GreatKiskadee-png200-003973af4f863deb00a4ce9b6f10e59c.png","0PgFDwIrhYqfZJh1mVe3SZZ3uKEJBncG",17443021810,"https://media.birdweather.com/soundscapes/19267/19267-20260927-130332.flac",6,9,"live"
11403114574,19267,"2026-09-27T07:00:59.500-06:00",0.717802286148071,0.75652402639389,8.85330478437436,"almost_certain","BirdNET",NA,10.2198,-83.7874,FALSE,229,"Great Kiskadee","Pitangus sulphuratus","#7d4410","avian","https://media.birdweather.com/species/229/GreatKiskadee-standard-cd28a1b8e8b8e5aed433e809c229004e.jpg","https://media.birdweather.com/species/229/GreatKiskadee-thumbnail-b2749ed2442fb322cf3c4cb72f9c97f6.jpg","https://media.birdweather.com/species/229/GreatKiskadee-png200-003973af4f863deb00a4ce9b6f10e59c.png","0PgFDwIrhYqfZJh1mVe3SZZ3uKEJBncG",17442943247,"https://media.birdweather.com/soundscapes/19267/19267-20260927-130055.flac",4.5,7.5,"live"
11403114568,19267,"2026-09-27T07:00:56.500-06:00",0.704325616359711,0.75652402639389,8.80838551678967,"almost_certain","BirdNET",NA,10.2198,-83.7874,FALSE,229,"Great Kiskadee","Pitangus sulphuratus","#7d4410","avian","https://media.birdweather.com/species/229/GreatKiskadee-standard-cd28a1b8e8b8e5aed433e809c229004e.jpg","https://media.birdweather.com/species/229/GreatKiskadee-thumbnail-b2749ed2442fb322cf3c4cb72f9c97f6.jpg","https://media.birdweather.com/species/229/GreatKiskadee-png200-003973af4f863deb00a4ce9b6f10e59c.png","0PgFDwIrhYqfZJh1mVe3SZZ3uKEJBncG",17442943247,"https://media.birdweather.com/soundscapes/19267/19267-20260927-130055.flac",1.5,4.5,"live"
11403091904,19267,"2026-09-27T06:59:40.000-06:00",0.852611720561981,0.75652414560318,9.23642179998798,"almost_certain","BirdNET",NA,10.2198,-83.7874,FALSE,229,"Great Kiskadee","Pitangus sulphuratus","#7d4410","avian","https://media.birdweather.com/species/229/GreatKiskadee-standard-cd28a1b8e8b8e5aed433e809c229004e.jpg","https://media.birdweather.com/species/229/GreatKiskadee-thumbnail-b2749ed2442fb322cf3c4cb72f9c97f6.jpg","https://media.birdweather.com/species/229/GreatKiskadee-png200-003973af4f863deb00a4ce9b6f10e59c.png","0PgFDwIrhYqfZJh1mVe3SZZ3uKEJBncG",17442903168,"https://media.birdweather.com/soundscapes/19267/19267-20260927-125934.flac",6,9,"live"
11403046572,19267,"2026-09-27T06:57:02.500-06:00",0.750229239463806,0.756524622440338,8.95571136743485,"almost_certain","BirdNET",NA,10.2198,-83.7874,FALSE,229,"Great Kiskadee","Pitangus sulphuratus","#7d4410","avian","https://media.birdweather.com/species/229/GreatKiskadee-standard-cd28a1b8e8b8e5aed433e809c229004e.jpg","https://media.birdweather.com/species/229/GreatKiskadee-thumbnail-b2749ed2442fb322cf3c4cb72f9c97f6.jpg","https://media.birdweather.com/species/229/GreatKiskadee-png200-003973af4f863deb00a4ce9b6f10e59c.png","0PgFDwIrhYqfZJh1mVe3SZZ3uKEJBncG",17442825107,"https://media.birdweather.com/soundscapes/19267/19267-20260927-125658.flac",4.5,7.5,"live"
11403046568,19267,"2026-09-27T06:57:01.000-06:00",0.962874174118042,0.756524622440338,9.48566615961953,"almost_certain","BirdNET",NA,10.2198,-83.7874,FALSE,229,"Great Kiskadee","Pitangus sulphuratus","#7d4410","avian","https://media.birdweather.com/species/229/GreatKiskadee-standard-cd28a1b8e8b8e5aed433e809c229004e.jpg","https://media.birdweather.com/species/229/GreatKiskadee-thumbnail-b2749ed2442fb322cf3c4cb72f9c97f6.jpg","https://media.birdweather.com/species/229/GreatKiskadee-png200-003973af4f863deb00a4ce9b6f10e59c.png","0PgFDwIrhYqfZJh1mVe3SZZ3uKEJBncG",17442825107,"https://media.birdweather.com/soundscapes/19267/19267-20260927-125658.flac",3,6,"live"
11403027844,19267,"2026-09-27T06:55:57.500-06:00",0.795482933521271,0.231053978204727,7.50204560376076,"almost_certain","BirdNET",NA,10.2198,-83.7874,FALSE,501,"White-winged Dove","Zenaida asiatica","#d16ff8","avian","https://media.birdweather.com/species/501/White-wingedDove-standard-6528ef689b07d5a91f1c2275cdef19c9.jpg","https://media.birdweather.com/species/501/White-wingedDove-thumbnail-4a940adfd5a6c78c73c48c5095e7b896.jpg","https://media.birdweather.com/species/501/White-wingedDove-png200-d65decd3d571b5a9dbeca249ef97689f.png","IscJLwb6hoVelZWZdoh3eIeIdxBoB4IG",17442792783,"https://media.birdweather.com/soundscapes/19267/19267-20260927-125553.flac",4.5,7.5,"live"
11403019739,19267,"2026-09-27T06:55:32.000-06:00",0.849546074867249,0.231052681803703,7.6439150368751,"almost_certain","BirdNET",NA,10.2198,-83.7874,FALSE,501,"White-winged Dove","Zenaida asiatica","#d16ff8","avian","https://media.birdweather.com/species/501/White-wingedDove-standard-6528ef689b07d5a91f1c2275cdef19c9.jpg","https://media.birdweather.com/species/501/White-wingedDove-thumbnail-4a940adfd5a6c78c73c48c5095e7b896.jpg","https://media.birdweather.com/species/501/White-wingedDove-png200-d65decd3d571b5a9dbeca249ef97689f.png","IscJLwb6hoVelZWZdoh3eIeIdxBoB4IG",17442779201,"https://media.birdweather.com/soundscapes/19267/19267-20260927-125526.flac",6,9,"live"
11403016142,19267,"2026-09-27T06:55:19.000-06:00",0.723288416862488,0.75652664899826,8.87118175503697,"almost_certain","BirdNET",NA,10.2198,-83.7874,FALSE,229,"Great Kiskadee","Pitangus sulphuratus","#7d4410","avian","https://media.birdweather.com/species/229/GreatKiskadee-standard-cd28a1b8e8b8e5aed433e809c229004e.jpg","https://media.birdweather.com/species/229/GreatKiskadee-thumbnail-b2749ed2442fb322cf3c4cb72f9c97f6.jpg","https://media.birdweather.com/species/229/GreatKiskadee-png200-003973af4f863deb00a4ce9b6f10e59c.png","0PgFDwIrhYqfZJh1mVe3SZZ3uKEJBncG",17442773205,"https://media.birdweather.com/soundscapes/19267/19267-20260927-125513.flac",6,9,"live"
11403004605,19267,"2026-09-27T06:54:37.000-06:00",0.788138270378113,0.231054231524467,7.48158718457389,"almost_certain","BirdNET",NA,10.2198,-83.7874,FALSE,501,"White-winged Dove","Zenaida asiatica","#d16ff8","avian","https://media.birdweather.com/species/501/White-wingedDove-standard-6528ef689b07d5a91f1c2275cdef19c9.jpg","https://media.birdweather.com/species/501/White-wingedDove-thumbnail-4a940adfd5a6c78c73c48c5095e7b896.jpg","https://media.birdweather.com/species/501/White-wingedDove-png200-d65decd3d571b5a9dbeca249ef97689f.png","IscJLwb6hoVelZWZdoh3eIeIdxBoB4IG",17442753378,"https://media.birdweather.com/soundscapes/19267/19267-20260927-125434.flac",3,6,"live"
11402977840,19267,"2026-09-27T06:53:05.500-06:00",0.753517866134644,0.231064736843109,7.3808641516412,"almost_certain","BirdNET",NA,10.2198,-83.7874,FALSE,501,"White-winged Dove","Zenaida asiatica","#d16ff8","avian","https://media.birdweather.com/species/501/White-wingedDove-standard-6528ef689b07d5a91f1c2275cdef19c9.jpg","https://media.birdweather.com/species/501/White-wingedDove-thumbnail-4a940adfd5a6c78c73c48c5095e7b896.jpg","https://media.birdweather.com/species/501/White-wingedDove-png200-d65decd3d571b5a9dbeca249ef97689f.png","IscJLwb6hoVelZWZdoh3eIeIdxBoB4IG",17442707566,"https://media.birdweather.com/soundscapes/19267/19267-20260927-125301.flac",4.5,7.5,"live"
11402951623,19267,"2026-09-27T06:51:30.000-06:00",0.760528922080994,0.231064736843109,7.40188131432352,"almost_certain","BirdNET",NA,10.2198,-83.7874,FALSE,501,"White-winged Dove","Zenaida asiatica","#d16ff8","avian","https://media.birdweather.com/species/501/White-wingedDove-standard-6528ef689b07d5a91f1c2275cdef19c9.jpg","https://media.birdweather.com/species/501/White-wingedDove-thumbnail-4a940adfd5a6c78c73c48c5095e7b896.jpg","https://media.birdweather.com/species/501/White-wingedDove-png200-d65decd3d571b5a9dbeca249ef97689f.png","IscJLwb6hoVelZWZdoh3eIeIdxBoB4IG",17442661615,"https://media.birdweather.com/soundscapes/19267/19267-20260927-125130.flac",0,3,"live"
11402925405,19267,"2026-09-27T06:50:01.000-06:00",0.857759535312653,0.231069654226303,7.66433586954797,"almost_certain","BirdNET",NA,10.2198,-83.7874,FALSE,501,"White-winged Dove","Zenaida asiatica","#d16ff8","avian","https://media.birdweather.com/species/501/White-wingedDove-standard-6528ef689b07d5a91f1c2275cdef19c9.jpg","https://media.birdweather.com/species/501/White-wingedDove-thumbnail-4a940adfd5a6c78c73c48c5095e7b896.jpg","https://media.birdweather.com/species/501/White-wingedDove-png200-d65decd3d571b5a9dbeca249ef97689f.png","IscJLwb6hoVelZWZdoh3eIeIdxBoB4IG",17442616159,"https://media.birdweather.com/soundscapes/19267/19267-20260927-124958.flac",3,6,"live"
11402925404,19267,"2026-09-27T06:49:59.500-06:00",0.851454138755798,0.231069654226303,7.64875999533284,"almost_certain","BirdNET",NA,10.2198,-83.7874,FALSE,501,"White-winged Dove","Zenaida asiatica","#d16ff8","avian","https://media.birdweather.com/species/501/White-wingedDove-standard-6528ef689b07d5a91f1c2275cdef19c9.jpg","https://media.birdweather.com/species/501/White-wingedDove-thumbnail-4a940adfd5a6c78c73c48c5095e7b896.jpg","https://media.birdweather.com/species/501/White-wingedDove-png200-d65decd3d571b5a9dbeca249ef97689f.png","IscJLwb6hoVelZWZdoh3eIeIdxBoB4IG",17442616159,"https://media.birdweather.com/soundscapes/19267/19267-20260927-124958.flac",1.5,4.5,"live"
11402925398,19267,"2026-09-27T06:49:58.000-06:00",0.909922182559967,0.231069654226303,7.78681859639854,"almost_certain","BirdNET",NA,10.2198,-83.7874,FALSE,501,"White-winged Dove","Zenaida asiatica","#d16ff8","avian","https://media.birdweather.com/species/501/White-wingedDove-standard-6528ef689b07d5a91f1c2275cdef19c9.jpg","https://media.birdweather.com/species/501/White-wingedDove-thumbnail-4a940adfd5a6c78c73c48c5095e7b896.jpg","https://media.birdweather.com/species/501/White-wingedDove-png200-d65decd3d571b5a9dbeca249ef97689f.png","IscJLwb6hoVelZWZdoh3eIeIdxBoB4IG",17442616159,"https://media.birdweather.com/soundscapes/19267/19267-20260927-124958.flac",0,3,"live"
11402921300,19267,"2026-09-27T06:49:47.000-06:00",0.827862083911896,0.231061890721321,7.58881449727503,"almost_certain","BirdNET",NA,10.2198,-83.7874,FALSE,501,"White-winged Dove","Zenaida asiatica","#d16ff8","avian","https://media.birdweather.com/species/501/White-wingedDove-standard-6528ef689b07d5a91f1c2275cdef19c9.jpg","https://media.birdweather.com/species/501/White-wingedDove-thumbnail-4a940adfd5a6c78c73c48c5095e7b896.jpg","https://media.birdweather.com/species/501/White-wingedDove-png200-d65decd3d571b5a9dbeca249ef97689f.png","IscJLwb6hoVelZWZdoh3eIeIdxBoB4IG",17442608985,"https://media.birdweather.com/soundscapes/19267/19267-20260927-124944.flac",3,6,"live"
11402921295,19267,"2026-09-27T06:49:45.500-06:00",0.87037867307663,0.231061890721321,7.69494214200599,"almost_certain","BirdNET",NA,10.2198,-83.7874,FALSE,501,"White-winged Dove","Zenaida asiatica","#d16ff8","avian","https://media.birdweather.com/species/501/White-wingedDove-standard-6528ef689b07d5a91f1c2275cdef19c9.jpg","https://media.birdweather.com/species/501/White-wingedDove-thumbnail-4a940adfd5a6c78c73c48c5095e7b896.jpg","https://media.birdweather.com/species/501/White-wingedDove-png200-d65decd3d571b5a9dbeca249ef97689f.png","IscJLwb6hoVelZWZdoh3eIeIdxBoB4IG",17442608985,"https://media.birdweather.com/soundscapes/19267/19267-20260927-124944.flac",1.5,4.5,"live"
11402914394,19267,"2026-09-27T06:49:23.500-06:00",0.845303356647491,0.368235141038895,8.25048281173767,"almost_certain","BirdNET",NA,10.2198,-83.7874,FALSE,321,"Palm Tanager","Thraupis palmarum","#008efd","avian","https://media.birdweather.com/species/321/PalmTanager-standard-cbade2e4973d8cb57c4014568207591d.jpg","https://media.birdweather.com/species/321/PalmTanager-thumbnail-66ffacacc3b9c5f5dad0cf97c949e40f.jpg","https://media.birdweather.com/species/321/PalmTanager-png200-100c123f8e9a99aad801e3e79a865873.png","lvkJHwR/d2lneYlEp0hrx2iL+XtlNZgA",17442596356,"https://media.birdweather.com/soundscapes/19267/19267-20260927-124919.flac",4.5,7.5,"live"
11402838975,19267,"2026-09-27T06:44:56.000-06:00",0.707271456718445,0.147748738527298,6.65254921477392,"almost_certain","BirdNET",NA,10.2198,-83.7874,FALSE,597,"Common Pauraque","Nyctidromus albicollis","#076101","avian","https://media.birdweather.com/species/597/CommonPauraque-standard-1f631aa6b634a4efa22904c59e55a5ff.jpg","https://media.birdweather.com/species/597/CommonPauraque-thumbnail-9699b58845a36e47070f5544282c6c24.jpg","https://media.birdweather.com/species/597/CommonPauraque-png200-82e98e61a2cf8d726c173c71516bac0a.png","kigGBwKMdndgmIh1lpiHiIaHaCv5h3AK",17442462778,"https://media.birdweather.com/soundscapes/19267/19267-20260927-124450.flac",6,9,"live"
11402816506,19267,"2026-09-27T06:43:34.000-06:00",0.88219678401947,0.147747859358788,7.14208172652398,"almost_certain","BirdNET",NA,10.2198,-83.7874,FALSE,597,"Common Pauraque","Nyctidromus albicollis","#076101","avian","https://media.birdweather.com/species/597/CommonPauraque-standard-1f631aa6b634a4efa22904c59e55a5ff.jpg","https://media.birdweather.com/species/597/CommonPauraque-thumbnail-9699b58845a36e47070f5544282c6c24.jpg","https://media.birdweather.com/species/597/CommonPauraque-png200-82e98e61a2cf8d726c173c71516bac0a.png","kigGBwKMdndgmIh1lpiHiIaHaCv5h3AK",17442423238,"https://media.birdweather.com/soundscapes/19267/19267-20260927-124331.flac",3,6,"live"
11402816497,19267,"2026-09-27T06:43:31.000-06:00",0.709765255451202,0.147747859358788,6.66090476513995,"almost_certain","BirdNET",NA,10.2198,-83.7874,FALSE,597,"Common Pauraque","Nyctidromus albicollis","#076101","avian","https://media.birdweather.com/species/597/CommonPauraque-standard-1f631aa6b634a4efa22904c59e55a5ff.jpg","https://media.birdweather.com/species/597/CommonPauraque-thumbnail-9699b58845a36e47070f5544282c6c24.jpg","https://media.birdweather.com/species/597/CommonPauraque-png200-82e98e61a2cf8d726c173c71516bac0a.png","kigGBwKMdndgmIh1lpiHiIaHaCv5h3AK",17442423238,"https://media.birdweather.com/soundscapes/19267/19267-20260927-124331.flac",0,3,"live"
11402794860,19267,"2026-09-27T06:42:15.500-06:00",0.974575757980347,0.756524503231049,9.50963929849774,"almost_certain","BirdNET",NA,10.2198,-83.7874,FALSE,229,"Great Kiskadee","Pitangus sulphuratus","#7d4410","avian","https://media.birdweather.com/species/229/GreatKiskadee-standard-cd28a1b8e8b8e5aed433e809c229004e.jpg","https://media.birdweather.com/species/229/GreatKiskadee-thumbnail-b2749ed2442fb322cf3c4cb72f9c97f6.jpg","https://media.birdweather.com/species/229/GreatKiskadee-png200-003973af4f863deb00a4ce9b6f10e59c.png","0PgFDwIrhYqfZJh1mVe3SZZ3uKEJBncG",17442383568,"https://media.birdweather.com/soundscapes/19267/19267-20260927-124211.flac",4.5,7.5,"live"
11402794856,19267,"2026-09-27T06:42:14.000-06:00",0.73885315656662,0.756524503231049,8.92065009758077,"almost_certain","BirdNET",NA,10.2198,-83.7874,FALSE,229,"Great Kiskadee","Pitangus sulphuratus","#7d4410","avian","https://media.birdweather.com/species/229/GreatKiskadee-standard-cd28a1b8e8b8e5aed433e809c229004e.jpg","https://media.birdweather.com/species/229/GreatKiskadee-thumbnail-b2749ed2442fb322cf3c4cb72f9c97f6.jpg","https://media.birdweather.com/species/229/GreatKiskadee-png200-003973af4f863deb00a4ce9b6f10e59c.png","0PgFDwIrhYqfZJh1mVe3SZZ3uKEJBncG",17442383568,"https://media.birdweather.com/soundscapes/19267/19267-20260927-124211.flac",3,6,"live"
11402794853,19267,"2026-09-27T06:42:12.500-06:00",0.81573486328125,0.147747695446014,6.97601478729722,"almost_certain","BirdNET",NA,10.2198,-83.7874,FALSE,597,"Common Pauraque","Nyctidromus albicollis","#076101","avian","https://media.birdweather.com/species/597/CommonPauraque-standard-1f631aa6b634a4efa22904c59e55a5ff.jpg","https://media.birdweather.com/species/597/CommonPauraque-thumbnail-9699b58845a36e47070f5544282c6c24.jpg","https://media.birdweather.com/species/597/CommonPauraque-png200-82e98e61a2cf8d726c173c71516bac0a.png","kigGBwKMdndgmIh1lpiHiIaHaCv5h3AK",17442383568,"https://media.birdweather.com/soundscapes/19267/19267-20260927-124211.flac",1.5,4.5,"live"
11402791352,19267,"2026-09-27T06:42:02.500-06:00",0.979653477668762,0.756524503231049,9.51991305184842,"almost_certain","BirdNET",NA,10.2198,-83.7874,FALSE,229,"Great Kiskadee","Pitangus sulphuratus","#7d4410","avian","https://media.birdweather.com/species/229/GreatKiskadee-standard-cd28a1b8e8b8e5aed433e809c229004e.jpg","https://media.birdweather.com/species/229/GreatKiskadee-thumbnail-b2749ed2442fb322cf3c4cb72f9c97f6.jpg","https://media.birdweather.com/species/229/GreatKiskadee-png200-003973af4f863deb00a4ce9b6f10e59c.png","0PgFDwIrhYqfZJh1mVe3SZZ3uKEJBncG",17442377068,"https://media.birdweather.com/soundscapes/19267/19267-20260927-124158.flac",4.5,7.5,"live"
11402787330,19267,"2026-09-27T06:41:47.000-06:00",0.972880423069,0.756524503231049,9.50619189874289,"almost_certain","BirdNET",NA,10.2198,-83.7874,FALSE,229,"Great Kiskadee","Pitangus sulphuratus","#7d4410","avian","https://media.birdweather.com/species/229/GreatKiskadee-standard-cd28a1b8e8b8e5aed433e809c229004e.jpg","https://media.birdweather.com/species/229/GreatKiskadee-thumbnail-b2749ed2442fb322cf3c4cb72f9c97f6.jpg","https://media.birdweather.com/species/229/GreatKiskadee-png200-003973af4f863deb00a4ce9b6f10e59c.png","0PgFDwIrhYqfZJh1mVe3SZZ3uKEJBncG",17442369810,"https://media.birdweather.com/soundscapes/19267/19267-20260927-124141.flac",6,9,"live"
11402783406,19267,"2026-09-27T06:41:33.500-06:00",0.975215435028076,0.756524503231049,9.5109378069271,"almost_certain","BirdNET",NA,10.2198,-83.7874,FALSE,229,"Great Kiskadee","Pitangus sulphuratus","#7d4410","avian","https://media.birdweather.com/species/229/GreatKiskadee-standard-cd28a1b8e8b8e5aed433e809c229004e.jpg","https://media.birdweather.com/species/229/GreatKiskadee-thumbnail-b2749ed2442fb322cf3c4cb72f9c97f6.jpg","https://media.birdweather.com/species/229/GreatKiskadee-png200-003973af4f863deb00a4ce9b6f10e59c.png","0PgFDwIrhYqfZJh1mVe3SZZ3uKEJBncG",17442362378,"https://media.birdweather.com/soundscapes/19267/19267-20260927-124129.flac",4.5,7.5,"live"
11402783400,19267,"2026-09-27T06:41:32.000-06:00",0.928961932659149,0.756524503231049,9.41372114308058,"almost_certain","BirdNET",NA,10.2198,-83.7874,FALSE,229,"Great Kiskadee","Pitangus sulphuratus","#7d4410","avian","https://media.birdweather.com/species/229/GreatKiskadee-standard-cd28a1b8e8b8e5aed433e809c229004e.jpg","https://media.birdweather.com/species/229/GreatKiskadee-thumbnail-b2749ed2442fb322cf3c4cb72f9c97f6.jpg","https://media.birdweather.com/species/229/GreatKiskadee-png200-003973af4f863deb00a4ce9b6f10e59c.png","0PgFDwIrhYqfZJh1mVe3SZZ3uKEJBncG",17442362378,"https://media.birdweather.com/soundscapes/19267/19267-20260927-124129.flac",3,6,"live"
11402772665,19267,"2026-09-27T06:40:55.000-06:00",0.978048801422119,0.756524503231049,9.516674628351,"almost_certain","BirdNET",NA,10.2198,-83.7874,FALSE,229,"Great Kiskadee","Pitangus sulphuratus","#7d4410","avian","https://media.birdweather.com/species/229/GreatKiskadee-standard-cd28a1b8e8b8e5aed433e809c229004e.jpg","https://media.birdweather.com/species/229/GreatKiskadee-thumbnail-b2749ed2442fb322cf3c4cb72f9c97f6.jpg","https://media.birdweather.com/species/229/GreatKiskadee-png200-003973af4f863deb00a4ce9b6f10e59c.png","0PgFDwIrhYqfZJh1mVe3SZZ3uKEJBncG",17442342683,"https://media.birdweather.com/soundscapes/19267/19267-20260927-124049.flac",6,9,"live"
11402765415,19267,"2026-09-27T06:40:27.500-06:00",0.70855987071991,0.756521463394165,8.82265350210125,"almost_certain","BirdNET",NA,10.2198,-83.7874,FALSE,229,"Great Kiskadee","Pitangus sulphuratus","#7d4410","avian","https://media.birdweather.com/species/229/GreatKiskadee-standard-cd28a1b8e8b8e5aed433e809c229004e.jpg","https://media.birdweather.com/species/229/GreatKiskadee-thumbnail-b2749ed2442fb322cf3c4cb72f9c97f6.jpg","https://media.birdweather.com/species/229/GreatKiskadee-png200-003973af4f863deb00a4ce9b6f10e59c.png","0PgFDwIrhYqfZJh1mVe3SZZ3uKEJBncG",17442329544,"https://media.birdweather.com/soundscapes/19267/19267-20260927-124023.flac",4.5,7.5,"live"
11402717148,19267,"2026-09-27T06:37:38.500-06:00",0.955412864685059,0.756523370742798,9.47015576260516,"almost_certain","BirdNET",NA,10.2198,-83.7874,FALSE,229,"Great Kiskadee","Pitangus sulphuratus","#7d4410","avian","https://media.birdweather.com/species/229/GreatKiskadee-standard-cd28a1b8e8b8e5aed433e809c229004e.jpg","https://media.birdweather.com/species/229/GreatKiskadee-thumbnail-b2749ed2442fb322cf3c4cb72f9c97f6.jpg","https://media.birdweather.com/species/229/GreatKiskadee-png200-003973af4f863deb00a4ce9b6f10e59c.png","0PgFDwIrhYqfZJh1mVe3SZZ3uKEJBncG",17442244990,"https://media.birdweather.com/soundscapes/19267/19267-20260927-123734.flac",4.5,7.5,"live"
11402705710,19267,"2026-09-27T06:37:00.000-06:00",0.7339728474617,0.756525158882141,8.90533070582155,"almost_certain","BirdNET",NA,10.2198,-83.7874,FALSE,229,"Great Kiskadee","Pitangus sulphuratus","#7d4410","avian","https://media.birdweather.com/species/229/GreatKiskadee-standard-cd28a1b8e8b8e5aed433e809c229004e.jpg","https://media.birdweather.com/species/229/GreatKiskadee-thumbnail-b2749ed2442fb322cf3c4cb72f9c97f6.jpg","https://media.birdweather.com/species/229/GreatKiskadee-png200-003973af4f863deb00a4ce9b6f10e59c.png","0PgFDwIrhYqfZJh1mVe3SZZ3uKEJBncG",17442225082,"https://media.birdweather.com/soundscapes/19267/19267-20260927-123654.flac",6,9,"live"
11402594392,19267,"2026-09-27T06:30:20.500-06:00",0.716069519519806,0.756520688533783,8.84760515282427,"almost_certain","BirdNET",NA,10.2198,-83.7874,FALSE,229,"Great Kiskadee","Pitangus sulphuratus","#7d4410","avian","https://media.birdweather.com/species/229/GreatKiskadee-standard-cd28a1b8e8b8e5aed433e809c229004e.jpg","https://media.birdweather.com/species/229/GreatKiskadee-thumbnail-b2749ed2442fb322cf3c4cb72f9c97f6.jpg","https://media.birdweather.com/species/229/GreatKiskadee-png200-003973af4f863deb00a4ce9b6f10e59c.png","0PgFDwIrhYqfZJh1mVe3SZZ3uKEJBncG",17442026514,"https://media.birdweather.com/soundscapes/19267/19267-20260927-123016.flac",4.5,7.5,"live"
11402594388,19267,"2026-09-27T06:30:19.000-06:00",0.719099938869476,0.756520688533783,8.85754730932414,"almost_certain","BirdNET",NA,10.2198,-83.7874,FALSE,229,"Great Kiskadee","Pitangus sulphuratus","#7d4410","avian","https://media.birdweather.com/species/229/GreatKiskadee-standard-cd28a1b8e8b8e5aed433e809c229004e.jpg","https://media.birdweather.com/species/229/GreatKiskadee-thumbnail-b2749ed2442fb322cf3c4cb72f9c97f6.jpg","https://media.birdweather.com/species/229/GreatKiskadee-png200-003973af4f863deb00a4ce9b6f10e59c.png","0PgFDwIrhYqfZJh1mVe3SZZ3uKEJBncG",17442026514,"https://media.birdweather.com/soundscapes/19267/19267-20260927-123016.flac",3,6,"live"
11402591054,19267,"2026-09-27T06:30:09.000-06:00",0.796618521213531,0.756520688533783,9.09005378963245,"almost_certain","BirdNET",NA,10.2198,-83.7874,FALSE,229,"Great Kiskadee","Pitangus sulphuratus","#7d4410","avian","https://media.birdweather.com/species/229/GreatKiskadee-standard-cd28a1b8e8b8e5aed433e809c229004e.jpg","https://media.birdweather.com/species/229/GreatKiskadee-thumbnail-b2749ed2442fb322cf3c4cb72f9c97f6.jpg","https://media.birdweather.com/species/229/GreatKiskadee-png200-003973af4f863deb00a4ce9b6f10e59c.png","0PgFDwIrhYqfZJh1mVe3SZZ3uKEJBncG",17442020375,"https://media.birdweather.com/soundscapes/19267/19267-20260927-123003.flac",6,9,"live"
11402580019,19267,"2026-09-27T06:29:29.000-06:00",0.90557336807251,0.231055945158005,7.77693743895195,"almost_certain","BirdNET",NA,10.2198,-83.7874,FALSE,501,"White-winged Dove","Zenaida asiatica","#d16ff8","avian","https://media.birdweather.com/species/501/White-wingedDove-standard-6528ef689b07d5a91f1c2275cdef19c9.jpg","https://media.birdweather.com/species/501/White-wingedDove-thumbnail-4a940adfd5a6c78c73c48c5095e7b896.jpg","https://media.birdweather.com/species/501/White-wingedDove-png200-d65decd3d571b5a9dbeca249ef97689f.png","IscJLwb6hoVelZWZdoh3eIeIdxBoB4IG",17442000437,"https://media.birdweather.com/soundscapes/19267/19267-20260927-122923.flac",6,9,"live"
11402580015,19267,"2026-09-27T06:29:27.500-06:00",0.970664322376251,0.231055945158005,7.916804879131,"almost_certain","BirdNET",NA,10.2198,-83.7874,FALSE,501,"White-winged Dove","Zenaida asiatica","#d16ff8","avian","https://media.birdweather.com/species/501/White-wingedDove-standard-6528ef689b07d5a91f1c2275cdef19c9.jpg","https://media.birdweather.com/species/501/White-wingedDove-thumbnail-4a940adfd5a6c78c73c48c5095e7b896.jpg","https://media.birdweather.com/species/501/White-wingedDove-png200-d65decd3d571b5a9dbeca249ef97689f.png","IscJLwb6hoVelZWZdoh3eIeIdxBoB4IG",17442000437,"https://media.birdweather.com/soundscapes/19267/19267-20260927-122923.flac",4.5,7.5,"live"
11402580012,19267,"2026-09-27T06:29:26.000-06:00",0.943136811256409,0.231055945158005,7.85938643203902,"almost_certain","BirdNET",NA,10.2198,-83.7874,FALSE,501,"White-winged Dove","Zenaida asiatica","#d16ff8","avian","https://media.birdweather.com/species/501/White-wingedDove-standard-6528ef689b07d5a91f1c2275cdef19c9.jpg","https://media.birdweather.com/species/501/White-wingedDove-thumbnail-4a940adfd5a6c78c73c48c5095e7b896.jpg","https://media.birdweather.com/species/501/White-wingedDove-png200-d65decd3d571b5a9dbeca249ef97689f.png","IscJLwb6hoVelZWZdoh3eIeIdxBoB4IG",17442000437,"https://media.birdweather.com/soundscapes/19267/19267-20260927-122923.flac",3,6,"live"
11402580005,19267,"2026-09-27T06:29:24.500-06:00",0.939827263355255,0.231055945158005,7.85231828294345,"almost_certain","BirdNET",NA,10.2198,-83.7874,FALSE,501,"White-winged Dove","Zenaida asiatica","#d16ff8","avian","https://media.birdweather.com/species/501/White-wingedDove-standard-6528ef689b07d5a91f1c2275cdef19c9.jpg","https://media.birdweather.com/species/501/White-wingedDove-thumbnail-4a940adfd5a6c78c73c48c5095e7b896.jpg","https://media.birdweather.com/species/501/White-wingedDove-png200-d65decd3d571b5a9dbeca249ef97689f.png","IscJLwb6hoVelZWZdoh3eIeIdxBoB4IG",17442000437,"https://media.birdweather.com/soundscapes/19267/19267-20260927-122923.flac",1.5,4.5,"live"
11402580002,19267,"2026-09-27T06:29:23.000-06:00",0.955476403236389,0.231055945158005,7.8854230527134,"almost_certain","BirdNET",NA,10.2198,-83.7874,FALSE,501,"White-winged Dove","Zenaida asiatica","#d16ff8","avian","https://media.birdweather.com/species/501/White-wingedDove-standard-6528ef689b07d5a91f1c2275cdef19c9.jpg","https://media.birdweather.com/species/501/White-wingedDove-thumbnail-4a940adfd5a6c78c73c48c5095e7b896.jpg","https://media.birdweather.com/species/501/White-wingedDove-png200-d65decd3d571b5a9dbeca249ef97689f.png","IscJLwb6hoVelZWZdoh3eIeIdxBoB4IG",17442000437,"https://media.birdweather.com/soundscapes/19267/19267-20260927-122923.flac",0,3,"live"
11402542745,19267,"2026-09-27T06:27:13.000-06:00",0.701091051101685,0.756521463394165,8.79737699624531,"almost_certain","BirdNET",NA,10.2198,-83.7874,FALSE,229,"Great Kiskadee","Pitangus sulphuratus","#7d4410","avian","https://media.birdweather.com/species/229/GreatKiskadee-standard-cd28a1b8e8b8e5aed433e809c229004e.jpg","https://media.birdweather.com/species/229/GreatKiskadee-thumbnail-b2749ed2442fb322cf3c4cb72f9c97f6.jpg","https://media.birdweather.com/species/229/GreatKiskadee-png200-003973af4f863deb00a4ce9b6f10e59c.png","0PgFDwIrhYqfZJh1mVe3SZZ3uKEJBncG",17441934197,"https://media.birdweather.com/soundscapes/19267/19267-20260927-122710.flac",3,6,"live"
11402531823,19267,"2026-09-27T06:26:31.000-06:00",0.896891355514526,0.231045514345169,7.75709451710786,"almost_certain","BirdNET",NA,10.2198,-83.7874,FALSE,501,"White-winged Dove","Zenaida asiatica","#d16ff8","avian","https://media.birdweather.com/species/501/White-wingedDove-standard-6528ef689b07d5a91f1c2275cdef19c9.jpg","https://media.birdweather.com/species/501/White-wingedDove-thumbnail-4a940adfd5a6c78c73c48c5095e7b896.jpg","https://media.birdweather.com/species/501/White-wingedDove-png200-d65decd3d571b5a9dbeca249ef97689f.png","IscJLwb6hoVelZWZdoh3eIeIdxBoB4IG",17441914695,"https://media.birdweather.com/soundscapes/19267/19267-20260927-122631.flac",0,3,"live"
11402524670,19267,"2026-09-27T06:26:10.500-06:00",0.707038819789886,0.231045514345169,7.23262214147695,"almost_certain","BirdNET",NA,10.2198,-83.7874,FALSE,501,"White-winged Dove","Zenaida asiatica","#d16ff8","avian","https://media.birdweather.com/species/501/White-wingedDove-standard-6528ef689b07d5a91f1c2275cdef19c9.jpg","https://media.birdweather.com/species/501/White-wingedDove-thumbnail-4a940adfd5a6c78c73c48c5095e7b896.jpg","https://media.birdweather.com/species/501/White-wingedDove-png200-d65decd3d571b5a9dbeca249ef97689f.png","IscJLwb6hoVelZWZdoh3eIeIdxBoB4IG",17441901994,"https://media.birdweather.com/soundscapes/19267/19267-20260927-122606.flac",4.5,7.5,"live"
11402524669,19267,"2026-09-27T06:26:07.500-06:00",0.828077733516693,0.756521463394165,9.17420239255583,"almost_certain","BirdNET",NA,10.2198,-83.7874,FALSE,229,"Great Kiskadee","Pitangus sulphuratus","#7d4410","avian","https://media.birdweather.com/species/229/GreatKiskadee-standard-cd28a1b8e8b8e5aed433e809c229004e.jpg","https://media.birdweather.com/species/229/GreatKiskadee-thumbnail-b2749ed2442fb322cf3c4cb72f9c97f6.jpg","https://media.birdweather.com/species/229/GreatKiskadee-png200-003973af4f863deb00a4ce9b6f10e59c.png","0PgFDwIrhYqfZJh1mVe3SZZ3uKEJBncG",17441901994,"https://media.birdweather.com/soundscapes/19267/19267-20260927-122606.flac",1.5,4.5,"live"
11402520516,19267,"2026-09-27T06:25:51.000-06:00",0.7089923620224,0.756521463394165,8.82410298291961,"almost_certain","BirdNET",NA,10.2198,-83.7874,FALSE,229,"Great Kiskadee","Pitangus sulphuratus","#7d4410","avian","https://media.birdweather.com/species/229/GreatKiskadee-standard-cd28a1b8e8b8e5aed433e809c229004e.jpg","https://media.birdweather.com/species/229/GreatKiskadee-thumbnail-b2749ed2442fb322cf3c4cb72f9c97f6.jpg","https://media.birdweather.com/species/229/GreatKiskadee-png200-003973af4f863deb00a4ce9b6f10e59c.png","0PgFDwIrhYqfZJh1mVe3SZZ3uKEJBncG",17441894966,"https://media.birdweather.com/soundscapes/19267/19267-20260927-122551.flac",0,3,"live"
11402516889,19267,"2026-09-27T06:25:45.000-06:00",0.762559711933136,0.231045514345169,7.40780006065158,"almost_certain","BirdNET",NA,10.2198,-83.7874,FALSE,501,"White-winged Dove","Zenaida asiatica","#d16ff8","avian","https://media.birdweather.com/species/501/White-wingedDove-standard-6528ef689b07d5a91f1c2275cdef19c9.jpg","https://media.birdweather.com/species/501/White-wingedDove-thumbnail-4a940adfd5a6c78c73c48c5095e7b896.jpg","https://media.birdweather.com/species/501/White-wingedDove-png200-d65decd3d571b5a9dbeca249ef97689f.png","IscJLwb6hoVelZWZdoh3eIeIdxBoB4IG",17441888590,"https://media.birdweather.com/soundscapes/19267/19267-20260927-122539.flac",6,9,"live"
11402513256,19267,"2026-09-27T06:25:33.000-06:00",0.836200952529907,0.231045514345169,7.610194745691,"almost_certain","BirdNET",NA,10.2198,-83.7874,FALSE,501,"White-winged Dove","Zenaida asiatica","#d16ff8","avian","https://media.birdweather.com/species/501/White-wingedDove-standard-6528ef689b07d5a91f1c2275cdef19c9.jpg","https://media.birdweather.com/species/501/White-wingedDove-thumbnail-4a940adfd5a6c78c73c48c5095e7b896.jpg","https://media.birdweather.com/species/501/White-wingedDove-png200-d65decd3d571b5a9dbeca249ef97689f.png","IscJLwb6hoVelZWZdoh3eIeIdxBoB4IG",17441882370,"https://media.birdweather.com/soundscapes/19267/19267-20260927-122527.flac",6,9,"live"
11402494605,19267,"2026-09-27T06:24:26.000-06:00",0.754657566547394,0.231062948703766,7.3842925109129,"almost_certain","BirdNET",NA,10.2198,-83.7874,FALSE,501,"White-winged Dove","Zenaida asiatica","#d16ff8","avian","https://media.birdweather.com/species/501/White-wingedDove-standard-6528ef689b07d5a91f1c2275cdef19c9.jpg","https://media.birdweather.com/species/501/White-wingedDove-thumbnail-4a940adfd5a6c78c73c48c5095e7b896.jpg","https://media.birdweather.com/species/501/White-wingedDove-png200-d65decd3d571b5a9dbeca249ef97689f.png","IscJLwb6hoVelZWZdoh3eIeIdxBoB4IG",17441849340,"https://media.birdweather.com/soundscapes/19267/19267-20260927-122420.flac",6,9,"live"
11402494599,19267,"2026-09-27T06:24:24.500-06:00",0.812390506267548,0.231062948703766,7.54806574587254,"almost_certain","BirdNET",NA,10.2198,-83.7874,FALSE,501,"White-winged Dove","Zenaida asiatica","#d16ff8","avian","https://media.birdweather.com/species/501/White-wingedDove-standard-6528ef689b07d5a91f1c2275cdef19c9.jpg","https://media.birdweather.com/species/501/White-wingedDove-thumbnail-4a940adfd5a6c78c73c48c5095e7b896.jpg","https://media.birdweather.com/species/501/White-wingedDove-png200-d65decd3d571b5a9dbeca249ef97689f.png","IscJLwb6hoVelZWZdoh3eIeIdxBoB4IG",17441849340,"https://media.birdweather.com/soundscapes/19267/19267-20260927-122420.flac",4.5,7.5,"live"
11402487263,19267,"2026-09-27T06:23:56.000-06:00",0.874693334102631,0.756521224975586,9.29009447382507,"almost_certain","BirdNET",NA,10.2198,-83.7874,FALSE,229,"Great Kiskadee","Pitangus sulphuratus","#7d4410","avian","https://media.birdweather.com/species/229/GreatKiskadee-standard-cd28a1b8e8b8e5aed433e809c229004e.jpg","https://media.birdweather.com/species/229/GreatKiskadee-thumbnail-b2749ed2442fb322cf3c4cb72f9c97f6.jpg","https://media.birdweather.com/species/229/GreatKiskadee-png200-003973af4f863deb00a4ce9b6f10e59c.png","0PgFDwIrhYqfZJh1mVe3SZZ3uKEJBncG",17441836302,"https://media.birdweather.com/soundscapes/19267/19267-20260927-122353.flac",3,6,"live"
11402487262,19267,"2026-09-27T06:23:54.500-06:00",0.882534980773926,0.756521224975586,9.30866163163972,"almost_certain","BirdNET",NA,10.2198,-83.7874,FALSE,229,"Great Kiskadee","Pitangus sulphuratus","#7d4410","avian","https://media.birdweather.com/species/229/GreatKiskadee-standard-cd28a1b8e8b8e5aed433e809c229004e.jpg","https://media.birdweather.com/species/229/GreatKiskadee-thumbnail-b2749ed2442fb322cf3c4cb72f9c97f6.jpg","https://media.birdweather.com/species/229/GreatKiskadee-png200-003973af4f863deb00a4ce9b6f10e59c.png","0PgFDwIrhYqfZJh1mVe3SZZ3uKEJBncG",17441836302,"https://media.birdweather.com/soundscapes/19267/19267-20260927-122353.flac",1.5,4.5,"live"
11402487261,19267,"2026-09-27T06:23:53.000-06:00",0.750624299049377,0.756521224975586,8.95690689264583,"almost_certain","BirdNET",NA,10.2198,-83.7874,FALSE,229,"Great Kiskadee","Pitangus sulphuratus","#7d4410","avian","https://media.birdweather.com/species/229/GreatKiskadee-standard-cd28a1b8e8b8e5aed433e809c229004e.jpg","https://media.birdweather.com/species/229/GreatKiskadee-thumbnail-b2749ed2442fb322cf3c4cb72f9c97f6.jpg","https://media.birdweather.com/species/229/GreatKiskadee-png200-003973af4f863deb00a4ce9b6f10e59c.png","0PgFDwIrhYqfZJh1mVe3SZZ3uKEJBncG",17441836302,"https://media.birdweather.com/soundscapes/19267/19267-20260927-122353.flac",0,3,"live"
11402465196,19267,"2026-09-27T06:22:38.000-06:00",0.983550548553467,0.756513357162476,9.52772614967104,"almost_certain","BirdNET",NA,10.2198,-83.7874,FALSE,229,"Great Kiskadee","Pitangus sulphuratus","#7d4410","avian","https://media.birdweather.com/species/229/GreatKiskadee-standard-cd28a1b8e8b8e5aed433e809c229004e.jpg","https://media.birdweather.com/species/229/GreatKiskadee-thumbnail-b2749ed2442fb322cf3c4cb72f9c97f6.jpg","https://media.birdweather.com/species/229/GreatKiskadee-png200-003973af4f863deb00a4ce9b6f10e59c.png","0PgFDwIrhYqfZJh1mVe3SZZ3uKEJBncG",17441796811,"https://media.birdweather.com/soundscapes/19267/19267-20260927-122235.flac",3,6,"live"
11402465194,19267,"2026-09-27T06:22:36.500-06:00",0.953971266746521,0.756513357162476,9.46712119521898,"almost_certain","BirdNET",NA,10.2198,-83.7874,FALSE,229,"Great Kiskadee","Pitangus sulphuratus","#7d4410","avian","https://media.birdweather.com/species/229/GreatKiskadee-standard-cd28a1b8e8b8e5aed433e809c229004e.jpg","https://media.birdweather.com/species/229/GreatKiskadee-thumbnail-b2749ed2442fb322cf3c4cb72f9c97f6.jpg","https://media.birdweather.com/species/229/GreatKiskadee-png200-003973af4f863deb00a4ce9b6f10e59c.png","0PgFDwIrhYqfZJh1mVe3SZZ3uKEJBncG",17441796811,"https://media.birdweather.com/soundscapes/19267/19267-20260927-122235.flac",1.5,4.5,"live"
11402458092,19267,"2026-09-27T06:22:11.500-06:00",0.724915087223053,0.756517767906189,8.8764206141055,"almost_certain","BirdNET",NA,10.2198,-83.7874,FALSE,229,"Great Kiskadee","Pitangus sulphuratus","#7d4410","avian","https://media.birdweather.com/species/229/GreatKiskadee-standard-cd28a1b8e8b8e5aed433e809c229004e.jpg","https://media.birdweather.com/species/229/GreatKiskadee-thumbnail-b2749ed2442fb322cf3c4cb72f9c97f6.jpg","https://media.birdweather.com/species/229/GreatKiskadee-png200-003973af4f863deb00a4ce9b6f10e59c.png","0PgFDwIrhYqfZJh1mVe3SZZ3uKEJBncG",17441784450,"https://media.birdweather.com/soundscapes/19267/19267-20260927-122210.flac",1.5,4.5,"live"
11402439516,19267,"2026-09-27T06:21:06.000-06:00",0.835126519203186,0.231065765023232,7.60756189270501,"almost_certain","BirdNET",NA,10.2198,-83.7874,FALSE,501,"White-winged Dove","Zenaida asiatica","#d16ff8","avian","https://media.birdweather.com/species/501/White-wingedDove-standard-6528ef689b07d5a91f1c2275cdef19c9.jpg","https://media.birdweather.com/species/501/White-wingedDove-thumbnail-4a940adfd5a6c78c73c48c5095e7b896.jpg","https://media.birdweather.com/species/501/White-wingedDove-png200-d65decd3d571b5a9dbeca249ef97689f.png","IscJLwb6hoVelZWZdoh3eIeIdxBoB4IG",17441750873,"https://media.birdweather.com/soundscapes/19267/19267-20260927-122103.flac",3,6,"live"
11402439511,19267,"2026-09-27T06:21:04.500-06:00",0.820010721683502,0.231065765023232,7.56830622308555,"almost_certain","BirdNET",NA,10.2198,-83.7874,FALSE,501,"White-winged Dove","Zenaida asiatica","#d16ff8","avian","https://media.birdweather.com/species/501/White-wingedDove-standard-6528ef689b07d5a91f1c2275cdef19c9.jpg","https://media.birdweather.com/species/501/White-wingedDove-thumbnail-4a940adfd5a6c78c73c48c5095e7b896.jpg","https://media.birdweather.com/species/501/White-wingedDove-png200-d65decd3d571b5a9dbeca249ef97689f.png","IscJLwb6hoVelZWZdoh3eIeIdxBoB4IG",17441750873,"https://media.birdweather.com/soundscapes/19267/19267-20260927-122103.flac",1.5,4.5,"live"
11402439506,19267,"2026-09-27T06:21:03.000-06:00",0.867655515670776,0.231065765023232,7.68840770909309,"almost_certain","BirdNET",NA,10.2198,-83.7874,FALSE,501,"White-winged Dove","Zenaida asiatica","#d16ff8","avian","https://media.birdweather.com/species/501/White-wingedDove-standard-6528ef689b07d5a91f1c2275cdef19c9.jpg","https://media.birdweather.com/species/501/White-wingedDove-thumbnail-4a940adfd5a6c78c73c48c5095e7b896.jpg","https://media.birdweather.com/species/501/White-wingedDove-png200-d65decd3d571b5a9dbeca249ef97689f.png","IscJLwb6hoVelZWZdoh3eIeIdxBoB4IG",17441750873,"https://media.birdweather.com/soundscapes/19267/19267-20260927-122103.flac",0,3,"live"
11402424449,19267,"2026-09-27T06:20:16.000-06:00",0.779008805751801,0.231080576777458,7.45587168182303,"almost_certain","BirdNET",NA,10.2198,-83.7874,FALSE,501,"White-winged Dove","Zenaida asiatica","#d16ff8","avian","https://media.birdweather.com/species/501/White-wingedDove-standard-6528ef689b07d5a91f1c2275cdef19c9.jpg","https://media.birdweather.com/species/501/White-wingedDove-thumbnail-4a940adfd5a6c78c73c48c5095e7b896.jpg","https://media.birdweather.com/species/501/White-wingedDove-png200-d65decd3d571b5a9dbeca249ef97689f.png","IscJLwb6hoVelZWZdoh3eIeIdxBoB4IG",17441725016,"https://media.birdweather.com/soundscapes/19267/19267-20260927-122010.flac",6,9,"live"
11402409159,19267,"2026-09-27T06:19:24.000-06:00",0.707990884780884,0.231083244085312,7.23603725671693,"almost_certain","BirdNET",NA,10.2198,-83.7874,FALSE,501,"White-winged Dove","Zenaida asiatica","#d16ff8","avian","https://media.birdweather.com/species/501/White-wingedDove-standard-6528ef689b07d5a91f1c2275cdef19c9.jpg","https://media.birdweather.com/species/501/White-wingedDove-thumbnail-4a940adfd5a6c78c73c48c5095e7b896.jpg","https://media.birdweather.com/species/501/White-wingedDove-png200-d65decd3d571b5a9dbeca249ef97689f.png","IscJLwb6hoVelZWZdoh3eIeIdxBoB4IG",17441698426,"https://media.birdweather.com/soundscapes/19267/19267-20260927-121918.flac",6,9,"live"
11402409157,19267,"2026-09-27T06:19:22.500-06:00",0.879311859607697,0.231083244085312,7.71635393737572,"almost_certain","BirdNET",NA,10.2198,-83.7874,FALSE,501,"White-winged Dove","Zenaida asiatica","#d16ff8","avian","https://media.birdweather.com/species/501/White-wingedDove-standard-6528ef689b07d5a91f1c2275cdef19c9.jpg","https://media.birdweather.com/species/501/White-wingedDove-thumbnail-4a940adfd5a6c78c73c48c5095e7b896.jpg","https://media.birdweather.com/species/501/White-wingedDove-png200-d65decd3d571b5a9dbeca249ef97689f.png","IscJLwb6hoVelZWZdoh3eIeIdxBoB4IG",17441698426,"https://media.birdweather.com/soundscapes/19267/19267-20260927-121918.flac",4.5,7.5,"live"
11402409154,19267,"2026-09-27T06:19:19.500-06:00",0.775939702987671,0.756519079208374,9.03178344793587,"almost_certain","BirdNET",NA,10.2198,-83.7874,FALSE,229,"Great Kiskadee","Pitangus sulphuratus","#7d4410","avian","https://media.birdweather.com/species/229/GreatKiskadee-standard-cd28a1b8e8b8e5aed433e809c229004e.jpg","https://media.birdweather.com/species/229/GreatKiskadee-thumbnail-b2749ed2442fb322cf3c4cb72f9c97f6.jpg","https://media.birdweather.com/species/229/GreatKiskadee-png200-003973af4f863deb00a4ce9b6f10e59c.png","0PgFDwIrhYqfZJh1mVe3SZZ3uKEJBncG",17441698426,"https://media.birdweather.com/soundscapes/19267/19267-20260927-121918.flac",1.5,4.5,"live"
11402409150,19267,"2026-09-27T06:19:18.000-06:00",0.805621445178986,0.756519079208374,9.11466445497194,"almost_certain","BirdNET",NA,10.2198,-83.7874,FALSE,229,"Great Kiskadee","Pitangus sulphuratus","#7d4410","avian","https://media.birdweather.com/species/229/GreatKiskadee-standard-cd28a1b8e8b8e5aed433e809c229004e.jpg","https://media.birdweather.com/species/229/GreatKiskadee-thumbnail-b2749ed2442fb322cf3c4cb72f9c97f6.jpg","https://media.birdweather.com/species/229/GreatKiskadee-png200-003973af4f863deb00a4ce9b6f10e59c.png","0PgFDwIrhYqfZJh1mVe3SZZ3uKEJBncG",17441698426,"https://media.birdweather.com/soundscapes/19267/19267-20260927-121918.flac",0,3,"live"
11402379215,19267,"2026-09-27T06:17:33.500-06:00",0.807999193668365,0.231050685048103,7.53620420899689,"almost_certain","BirdNET",NA,10.2198,-83.7874,FALSE,501,"White-winged Dove","Zenaida asiatica","#d16ff8","avian","https://media.birdweather.com/species/501/White-wingedDove-standard-6528ef689b07d5a91f1c2275cdef19c9.jpg","https://media.birdweather.com/species/501/White-wingedDove-thumbnail-4a940adfd5a6c78c73c48c5095e7b896.jpg","https://media.birdweather.com/species/501/White-wingedDove-png200-d65decd3d571b5a9dbeca249ef97689f.png","IscJLwb6hoVelZWZdoh3eIeIdxBoB4IG",17441646044,"https://media.birdweather.com/soundscapes/19267/19267-20260927-121732.flac",1.5,4.5,"live"
11402352132,19267,"2026-09-27T06:16:05.000-06:00",0.89765191078186,0.231054350733757,7.75888927276616,"almost_certain","BirdNET",NA,10.2198,-83.7874,FALSE,501,"White-winged Dove","Zenaida asiatica","#d16ff8","avian","https://media.birdweather.com/species/501/White-wingedDove-standard-6528ef689b07d5a91f1c2275cdef19c9.jpg","https://media.birdweather.com/species/501/White-wingedDove-thumbnail-4a940adfd5a6c78c73c48c5095e7b896.jpg","https://media.birdweather.com/species/501/White-wingedDove-png200-d65decd3d571b5a9dbeca249ef97689f.png","IscJLwb6hoVelZWZdoh3eIeIdxBoB4IG",17441599710,"https://media.birdweather.com/soundscapes/19267/19267-20260927-121559.flac",6,9,"live"
11402322213,19267,"2026-09-27T06:14:21.000-06:00",0.950741410255432,0.756521821022034,9.46035335430615,"almost_certain","BirdNET",NA,10.2198,-83.7874,FALSE,229,"Great Kiskadee","Pitangus sulphuratus","#7d4410","avian","https://media.birdweather.com/species/229/GreatKiskadee-standard-cd28a1b8e8b8e5aed433e809c229004e.jpg","https://media.birdweather.com/species/229/GreatKiskadee-thumbnail-b2749ed2442fb322cf3c4cb72f9c97f6.jpg","https://media.birdweather.com/species/229/GreatKiskadee-png200-003973af4f863deb00a4ce9b6f10e59c.png","0PgFDwIrhYqfZJh1mVe3SZZ3uKEJBncG",17441547705,"https://media.birdweather.com/soundscapes/19267/19267-20260927-121415.flac",6,9,"live"
11402322211,19267,"2026-09-27T06:14:19.500-06:00",0.704688549041748,0.756521821022034,8.80961076946527,"almost_certain","BirdNET",NA,10.2198,-83.7874,FALSE,229,"Great Kiskadee","Pitangus sulphuratus","#7d4410","avian","https://media.birdweather.com/species/229/GreatKiskadee-standard-cd28a1b8e8b8e5aed433e809c229004e.jpg","https://media.birdweather.com/species/229/GreatKiskadee-thumbnail-b2749ed2442fb322cf3c4cb72f9c97f6.jpg","https://media.birdweather.com/species/229/GreatKiskadee-png200-003973af4f863deb00a4ce9b6f10e59c.png","0PgFDwIrhYqfZJh1mVe3SZZ3uKEJBncG",17441547705,"https://media.birdweather.com/soundscapes/19267/19267-20260927-121415.flac",4.5,7.5,"live"
11402322205,19267,"2026-09-27T06:14:16.500-06:00",0.865910649299622,0.756521821022034,9.26899704015907,"almost_certain","BirdNET",NA,10.2198,-83.7874,FALSE,229,"Great Kiskadee","Pitangus sulphuratus","#7d4410","avian","https://media.birdweather.com/species/229/GreatKiskadee-standard-cd28a1b8e8b8e5aed433e809c229004e.jpg","https://media.birdweather.com/species/229/GreatKiskadee-thumbnail-b2749ed2442fb322cf3c4cb72f9c97f6.jpg","https://media.birdweather.com/species/229/GreatKiskadee-png200-003973af4f863deb00a4ce9b6f10e59c.png","0PgFDwIrhYqfZJh1mVe3SZZ3uKEJBncG",17441547705,"https://media.birdweather.com/soundscapes/19267/19267-20260927-121415.flac",1.5,4.5,"live"
11402322203,19267,"2026-09-27T06:14:15.000-06:00",0.820753872394562,0.756521821022034,9.15506964032205,"almost_certain","BirdNET",NA,10.2198,-83.7874,FALSE,229,"Great Kiskadee","Pitangus sulphuratus","#7d4410","avian","https://media.birdweather.com/species/229/GreatKiskadee-standard-cd28a1b8e8b8e5aed433e809c229004e.jpg","https://media.birdweather.com/species/229/GreatKiskadee-thumbnail-b2749ed2442fb322cf3c4cb72f9c97f6.jpg","https://media.birdweather.com/species/229/GreatKiskadee-png200-003973af4f863deb00a4ce9b6f10e59c.png","0PgFDwIrhYqfZJh1mVe3SZZ3uKEJBncG",17441547705,"https://media.birdweather.com/soundscapes/19267/19267-20260927-121415.flac",0,3,"live"
11402295904,19267,"2026-09-27T06:12:46.500-06:00",0.87027233839035,0.756523311138153,9.27951833198652,"almost_certain","BirdNET",NA,10.2198,-83.7874,FALSE,229,"Great Kiskadee","Pitangus sulphuratus","#7d4410","avian","https://media.birdweather.com/species/229/GreatKiskadee-standard-cd28a1b8e8b8e5aed433e809c229004e.jpg","https://media.birdweather.com/species/229/GreatKiskadee-thumbnail-b2749ed2442fb322cf3c4cb72f9c97f6.jpg","https://media.birdweather.com/species/229/GreatKiskadee-png200-003973af4f863deb00a4ce9b6f10e59c.png","0PgFDwIrhYqfZJh1mVe3SZZ3uKEJBncG",17441501400,"https://media.birdweather.com/soundscapes/19267/19267-20260927-121242.flac",4.5,7.5,"live"
11402288503,19267,"2026-09-27T06:12:19.000-06:00",0.705997347831726,0.231066286563873,7.22923034715896,"almost_certain","BirdNET",NA,10.2198,-83.7874,FALSE,501,"White-winged Dove","Zenaida asiatica","#d16ff8","avian","https://media.birdweather.com/species/501/White-wingedDove-standard-6528ef689b07d5a91f1c2275cdef19c9.jpg","https://media.birdweather.com/species/501/White-wingedDove-thumbnail-4a940adfd5a6c78c73c48c5095e7b896.jpg","https://media.birdweather.com/species/501/White-wingedDove-png200-d65decd3d571b5a9dbeca249ef97689f.png","IscJLwb6hoVelZWZdoh3eIeIdxBoB4IG",17441488517,"https://media.birdweather.com/soundscapes/19267/19267-20260927-121216.flac",3,6,"live"
11402288498,19267,"2026-09-27T06:12:17.500-06:00",0.800557196140289,0.231066286563873,7.51607443018184,"almost_certain","BirdNET",NA,10.2198,-83.7874,FALSE,501,"White-winged Dove","Zenaida asiatica","#d16ff8","avian","https://media.birdweather.com/species/501/White-wingedDove-standard-6528ef689b07d5a91f1c2275cdef19c9.jpg","https://media.birdweather.com/species/501/White-wingedDove-thumbnail-4a940adfd5a6c78c73c48c5095e7b896.jpg","https://media.birdweather.com/species/501/White-wingedDove-png200-d65decd3d571b5a9dbeca249ef97689f.png","IscJLwb6hoVelZWZdoh3eIeIdxBoB4IG",17441488517,"https://media.birdweather.com/soundscapes/19267/19267-20260927-121216.flac",1.5,4.5,"live"
11402280910,19267,"2026-09-27T06:11:55.000-06:00",0.832338690757751,0.552714407444,8.76175835583837,"almost_certain","BirdNET",NA,10.2198,-83.7874,FALSE,121,"Social Flycatcher","Myiozetetes similis","#69b9ff","avian","https://media.birdweather.com/species/121/SocialFlycatcher-standard-6e107581e61c9f556b3a0af5200f486a.jpg","https://media.birdweather.com/species/121/SocialFlycatcher-thumbnail-87f640fcaf1441ecbbd56b57372185a8.jpg","https://media.birdweather.com/species/121/SocialFlycatcher-png200-2f6dd485cf927db0dd7fd9abc239fb19.png","2xkKJwIJh3ekeXh0e5Z4eYaIdyApd5AC",17441475187,"https://media.birdweather.com/soundscapes/19267/19267-20260927-121149.flac",6,9,"live"
11402277022,19267,"2026-09-27T06:11:40.000-06:00",0.850520431995392,0.231077566742897,7.64648334969275,"almost_certain","BirdNET",NA,10.2198,-83.7874,FALSE,501,"White-winged Dove","Zenaida asiatica","#d16ff8","avian","https://media.birdweather.com/species/501/White-wingedDove-standard-6528ef689b07d5a91f1c2275cdef19c9.jpg","https://media.birdweather.com/species/501/White-wingedDove-thumbnail-4a940adfd5a6c78c73c48c5095e7b896.jpg","https://media.birdweather.com/species/501/White-wingedDove-png200-d65decd3d571b5a9dbeca249ef97689f.png","IscJLwb6hoVelZWZdoh3eIeIdxBoB4IG",17441468614,"https://media.birdweather.com/soundscapes/19267/19267-20260927-121137.flac",3,6,"live"
11402265995,19267,"2026-09-27T06:10:58.000-06:00",0.75814300775528,0.552714407444,8.55612335034767,"almost_certain","BirdNET",NA,10.2198,-83.7874,FALSE,121,"Social Flycatcher","Myiozetetes similis","#69b9ff","avian","https://media.birdweather.com/species/121/SocialFlycatcher-standard-6e107581e61c9f556b3a0af5200f486a.jpg","https://media.birdweather.com/species/121/SocialFlycatcher-thumbnail-87f640fcaf1441ecbbd56b57372185a8.jpg","https://media.birdweather.com/species/121/SocialFlycatcher-png200-2f6dd485cf927db0dd7fd9abc239fb19.png","2xkKJwIJh3ekeXh0e5Z4eYaIdyApd5AC",17441449216,"https://media.birdweather.com/soundscapes/19267/19267-20260927-121055.flac",3,6,"live"
11402246301,19267,"2026-09-27T06:09:54.000-06:00",0.795619070529938,0.756521999835968,9.0872962138962,"almost_certain","BirdNET",NA,10.2198,-83.7874,FALSE,229,"Great Kiskadee","Pitangus sulphuratus","#7d4410","avian","https://media.birdweather.com/species/229/GreatKiskadee-standard-cd28a1b8e8b8e5aed433e809c229004e.jpg","https://media.birdweather.com/species/229/GreatKiskadee-thumbnail-b2749ed2442fb322cf3c4cb72f9c97f6.jpg","https://media.birdweather.com/species/229/GreatKiskadee-png200-003973af4f863deb00a4ce9b6f10e59c.png","0PgFDwIrhYqfZJh1mVe3SZZ3uKEJBncG",17441414704,"https://media.birdweather.com/soundscapes/19267/19267-20260927-120948.flac",6,9,"live"
11402202034,19267,"2026-09-27T06:07:11.500-06:00",0.705985069274902,0.231072634458542,7.22922498883798,"almost_certain","BirdNET",NA,10.2198,-83.7874,FALSE,501,"White-winged Dove","Zenaida asiatica","#d16ff8","avian","https://media.birdweather.com/species/501/White-wingedDove-standard-6528ef689b07d5a91f1c2275cdef19c9.jpg","https://media.birdweather.com/species/501/White-wingedDove-thumbnail-4a940adfd5a6c78c73c48c5095e7b896.jpg","https://media.birdweather.com/species/501/White-wingedDove-png200-d65decd3d571b5a9dbeca249ef97689f.png","IscJLwb6hoVelZWZdoh3eIeIdxBoB4IG",17441335876,"https://media.birdweather.com/soundscapes/19267/19267-20260927-120710.flac",1.5,4.5,"live"
11402175852,19267,"2026-09-27T06:05:43.000-06:00",0.770778894424438,0.23107023537159,7.43207021612417,"almost_certain","BirdNET",NA,10.2198,-83.7874,FALSE,501,"White-winged Dove","Zenaida asiatica","#d16ff8","avian","https://media.birdweather.com/species/501/White-wingedDove-standard-6528ef689b07d5a91f1c2275cdef19c9.jpg","https://media.birdweather.com/species/501/White-wingedDove-thumbnail-4a940adfd5a6c78c73c48c5095e7b896.jpg","https://media.birdweather.com/species/501/White-wingedDove-png200-d65decd3d571b5a9dbeca249ef97689f.png","IscJLwb6hoVelZWZdoh3eIeIdxBoB4IG",17441289807,"https://media.birdweather.com/soundscapes/19267/19267-20260927-120537.flac",6,9,"live"
11402168043,19267,"2026-09-27T06:05:16.000-06:00",0.717722773551941,0.23107023537159,7.26825855731182,"almost_certain","BirdNET",NA,10.2198,-83.7874,FALSE,501,"White-winged Dove","Zenaida asiatica","#d16ff8","avian","https://media.birdweather.com/species/501/White-wingedDove-standard-6528ef689b07d5a91f1c2275cdef19c9.jpg","https://media.birdweather.com/species/501/White-wingedDove-thumbnail-4a940adfd5a6c78c73c48c5095e7b896.jpg","https://media.birdweather.com/species/501/White-wingedDove-png200-d65decd3d571b5a9dbeca249ef97689f.png","IscJLwb6hoVelZWZdoh3eIeIdxBoB4IG",17441276064,"https://media.birdweather.com/soundscapes/19267/19267-20260927-120510.flac",6,9,"live"
11402168036,19267,"2026-09-27T06:05:11.500-06:00",0.934093713760376,0.169224515557289,7.43393229881977,"almost_certain","BirdNET",NA,10.2198,-83.7874,FALSE,319,"Eastern Wood-Pewee","Contopus virens","#7e8cff","avian","https://media.birdweather.com/species/319/EasternWood-Pewee-standard-8f0ea3352d81e7de45d60fd4ed70101e.jpg","https://media.birdweather.com/species/319/EasternWood-Pewee-thumbnail-4d4d386ac91abf092ddcda716cc80bcc.jpg","https://media.birdweather.com/species/319/EasternWood-Pewee-png200-57d3c387f776425a7a978e7fe4082938.png","7cYFFwL1lmh0Z4icMZp2qHdqV6AnBnoC",17441276064,"https://media.birdweather.com/soundscapes/19267/19267-20260927-120510.flac",1.5,4.5,"live"
11402130589,19267,"2026-09-27T06:03:02.500-06:00",0.733622908592224,0.231072261929512,7.31944956266627,"almost_certain","BirdNET",NA,10.2198,-83.7874,FALSE,501,"White-winged Dove","Zenaida asiatica","#d16ff8","avian","https://media.birdweather.com/species/501/White-wingedDove-standard-6528ef689b07d5a91f1c2275cdef19c9.jpg","https://media.birdweather.com/species/501/White-wingedDove-thumbnail-4a940adfd5a6c78c73c48c5095e7b896.jpg","https://media.birdweather.com/species/501/White-wingedDove-png200-d65decd3d571b5a9dbeca249ef97689f.png","IscJLwb6hoVelZWZdoh3eIeIdxBoB4IG",17441211545,"https://media.birdweather.com/soundscapes/19267/19267-20260927-120301.flac",1.5,4.5,"live"
11402130584,19267,"2026-09-27T06:03:01.000-06:00",0.756961822509766,0.231072261929512,7.39127121786668,"almost_certain","BirdNET",NA,10.2198,-83.7874,FALSE,501,"White-winged Dove","Zenaida asiatica","#d16ff8","avian","https://media.birdweather.com/species/501/White-wingedDove-standard-6528ef689b07d5a91f1c2275cdef19c9.jpg","https://media.birdweather.com/species/501/White-wingedDove-thumbnail-4a940adfd5a6c78c73c48c5095e7b896.jpg","https://media.birdweather.com/species/501/White-wingedDove-png200-d65decd3d571b5a9dbeca249ef97689f.png","IscJLwb6hoVelZWZdoh3eIeIdxBoB4IG",17441211545,"https://media.birdweather.com/soundscapes/19267/19267-20260927-120301.flac",0,3,"live"
11402119407,19267,"2026-09-27T06:02:22.000-06:00",0.881738305091858,0.231057405471802,7.72193335267659,"almost_certain","BirdNET",NA,10.2198,-83.7874,FALSE,501,"White-winged Dove","Zenaida asiatica","#d16ff8","avian","https://media.birdweather.com/species/501/White-wingedDove-standard-6528ef689b07d5a91f1c2275cdef19c9.jpg","https://media.birdweather.com/species/501/White-wingedDove-thumbnail-4a940adfd5a6c78c73c48c5095e7b896.jpg","https://media.birdweather.com/species/501/White-wingedDove-png200-d65decd3d571b5a9dbeca249ef97689f.png","IscJLwb6hoVelZWZdoh3eIeIdxBoB4IG",17441192179,"https://media.birdweather.com/soundscapes/19267/19267-20260927-120222.flac",0,3,"live"
11402115074,19267,"2026-09-27T06:02:09.500-06:00",0.904811441898346,0.231057405471802,7.77522093318667,"almost_certain","BirdNET",NA,10.2198,-83.7874,FALSE,501,"White-winged Dove","Zenaida asiatica","#d16ff8","avian","https://media.birdweather.com/species/501/White-wingedDove-standard-6528ef689b07d5a91f1c2275cdef19c9.jpg","https://media.birdweather.com/species/501/White-wingedDove-thumbnail-4a940adfd5a6c78c73c48c5095e7b896.jpg","https://media.birdweather.com/species/501/White-wingedDove-png200-d65decd3d571b5a9dbeca249ef97689f.png","IscJLwb6hoVelZWZdoh3eIeIdxBoB4IG",17441184894,"https://media.birdweather.com/soundscapes/19267/19267-20260927-120208.flac",1.5,4.5,"live"
11402103585,19267,"2026-09-27T06:01:31.000-06:00",0.774358093738556,0.231057405471802,7.44237363167907,"almost_certain","BirdNET",NA,10.2198,-83.7874,FALSE,501,"White-winged Dove","Zenaida asiatica","#d16ff8","avian","https://media.birdweather.com/species/501/White-wingedDove-standard-6528ef689b07d5a91f1c2275cdef19c9.jpg","https://media.birdweather.com/species/501/White-wingedDove-thumbnail-4a940adfd5a6c78c73c48c5095e7b896.jpg","https://media.birdweather.com/species/501/White-wingedDove-png200-d65decd3d571b5a9dbeca249ef97689f.png","IscJLwb6hoVelZWZdoh3eIeIdxBoB4IG",17441165070,"https://media.birdweather.com/soundscapes/19267/19267-20260927-120128.flac",3,6,"live"
11402099844,19267,"2026-09-27T06:01:16.500-06:00",0.895095825195312,0.231053292751312,7.75301136840544,"almost_certain","BirdNET",NA,10.2198,-83.7874,FALSE,501,"White-winged Dove","Zenaida asiatica","#d16ff8","avian","https://media.birdweather.com/species/501/White-wingedDove-standard-6528ef689b07d5a91f1c2275cdef19c9.jpg","https://media.birdweather.com/species/501/White-wingedDove-thumbnail-4a940adfd5a6c78c73c48c5095e7b896.jpg","https://media.birdweather.com/species/501/White-wingedDove-png200-d65decd3d571b5a9dbeca249ef97689f.png","IscJLwb6hoVelZWZdoh3eIeIdxBoB4IG",17441158580,"https://media.birdweather.com/soundscapes/19267/19267-20260927-120115.flac",1.5,4.5,"live"
11402092292,19267,"2026-09-27T06:00:55.000-06:00",0.822620868682861,0.231054231524467,7.57510006650392,"almost_certain","BirdNET",NA,10.2198,-83.7874,FALSE,501,"White-winged Dove","Zenaida asiatica","#d16ff8","avian","https://media.birdweather.com/species/501/White-wingedDove-standard-6528ef689b07d5a91f1c2275cdef19c9.jpg","https://media.birdweather.com/species/501/White-wingedDove-thumbnail-4a940adfd5a6c78c73c48c5095e7b896.jpg","https://media.birdweather.com/species/501/White-wingedDove-png200-d65decd3d571b5a9dbeca249ef97689f.png","IscJLwb6hoVelZWZdoh3eIeIdxBoB4IG",17441145435,"https://media.birdweather.com/soundscapes/19267/19267-20260927-120049.flac",6,9,"live"
11401932581,19267,"2026-09-27T05:51:20.000-06:00",0.774336278438568,0.218186154961586,7.36713415327288,"almost_certain","BirdNET",NA,10.2198,-83.7874,FALSE,3766,"Crimson-fronted Parakeet","Psittacara finschi","#65ad00","avian","https://media.birdweather.com/species/3766/Crimson-frontedParakeet-standard-ddc77fa728634b78b78a31cc430f7895.jpg","https://media.birdweather.com/species/3766/Crimson-frontedParakeet-thumbnail-df6cfd5712c254c532e4f60547260885.jpg","https://media.birdweather.com/species/3766/Crimson-frontedParakeet-png200-7ac02114402521892623f1f6b95ca6c2.png","1PgJHwR1hXZghIXBaJmliYSndzA49JgL",17440862206,"https://media.birdweather.com/soundscapes/19267/19267-20260927-115120.flac",0,3,"live"
11401653419,19267,"2026-09-27T05:33:48.000-06:00",0.96471780538559,0.756524503231049,9.48947099584925,"almost_certain","BirdNET",NA,10.2198,-83.7874,FALSE,229,"Great Kiskadee","Pitangus sulphuratus","#7d4410","avian","https://media.birdweather.com/species/229/GreatKiskadee-standard-cd28a1b8e8b8e5aed433e809c229004e.jpg","https://media.birdweather.com/species/229/GreatKiskadee-thumbnail-b2749ed2442fb322cf3c4cb72f9c97f6.jpg","https://media.birdweather.com/species/229/GreatKiskadee-png200-003973af4f863deb00a4ce9b6f10e59c.png","0PgFDwIrhYqfZJh1mVe3SZZ3uKEJBncG",17440338130,"https://media.birdweather.com/soundscapes/19267/19267-20260927-113342.flac",6,9,"live"
11401630833,19267,"2026-09-27T05:32:17.000-06:00",0.737078011035919,0.756519675254822,8.91508862881177,"almost_certain","BirdNET",NA,10.2198,-83.7874,FALSE,229,"Great Kiskadee","Pitangus sulphuratus","#7d4410","avian","https://media.birdweather.com/species/229/GreatKiskadee-standard-cd28a1b8e8b8e5aed433e809c229004e.jpg","https://media.birdweather.com/species/229/GreatKiskadee-thumbnail-b2749ed2442fb322cf3c4cb72f9c97f6.jpg","https://media.birdweather.com/species/229/GreatKiskadee-png200-003973af4f863deb00a4ce9b6f10e59c.png","0PgFDwIrhYqfZJh1mVe3SZZ3uKEJBncG",17440293021,"https://media.birdweather.com/soundscapes/19267/19267-20260927-113211.flac",6,9,"live"
11401630827,19267,"2026-09-27T05:32:14.000-06:00",0.956561923027039,0.756519675254822,9.47254891466422,"almost_certain","BirdNET",NA,10.2198,-83.7874,FALSE,229,"Great Kiskadee","Pitangus sulphuratus","#7d4410","avian","https://media.birdweather.com/species/229/GreatKiskadee-standard-cd28a1b8e8b8e5aed433e809c229004e.jpg","https://media.birdweather.com/species/229/GreatKiskadee-thumbnail-b2749ed2442fb322cf3c4cb72f9c97f6.jpg","https://media.birdweather.com/species/229/GreatKiskadee-png200-003973af4f863deb00a4ce9b6f10e59c.png","0PgFDwIrhYqfZJh1mVe3SZZ3uKEJBncG",17440293021,"https://media.birdweather.com/soundscapes/19267/19267-20260927-113211.flac",3,6,"live"
11401630822,19267,"2026-09-27T05:32:12.500-06:00",0.876512050628662,0.756519675254822,9.29442046019634,"almost_certain","BirdNET",NA,10.2198,-83.7874,FALSE,229,"Great Kiskadee","Pitangus sulphuratus","#7d4410","avian","https://media.birdweather.com/species/229/GreatKiskadee-standard-cd28a1b8e8b8e5aed433e809c229004e.jpg","https://media.birdweather.com/species/229/GreatKiskadee-thumbnail-b2749ed2442fb322cf3c4cb72f9c97f6.jpg","https://media.birdweather.com/species/229/GreatKiskadee-png200-003973af4f863deb00a4ce9b6f10e59c.png","0PgFDwIrhYqfZJh1mVe3SZZ3uKEJBncG",17440293021,"https://media.birdweather.com/soundscapes/19267/19267-20260927-113211.flac",1.5,4.5,"live"
11401555264,19267,"2026-09-27T05:27:16.000-06:00",0.715691804885864,0.151477560400963,6.71259204380427,"almost_certain","BirdNET",NA,10.2198,-83.7874,FALSE,386,"Melodious Blackbird","Dives dives","#ff6aae","avian","https://media.birdweather.com/species/386/MelodiousBlackbird-standard-baf80eb1af218e1b234076fbc0fe135d.jpg","https://media.birdweather.com/species/386/MelodiousBlackbird-thumbnail-d6ddaf1f26452285c408803ba1060566.jpg","https://media.birdweather.com/species/386/MelodiousBlackbird-png200-62ebea0b1af473e7ad50598364b93c3c.png","3/gFHwTlepR/Zoi5VWiKZ4aUx+j3hYAD",17440146420,"https://media.birdweather.com/soundscapes/19267/19267-20260927-112716.flac",0,3,"live"
11401516347,19267,"2026-09-27T05:24:39.500-06:00",0.850720882415771,0.231059193611145,7.64687767551196,"almost_certain","BirdNET",NA,10.2198,-83.7874,FALSE,501,"White-winged Dove","Zenaida asiatica","#d16ff8","avian","https://media.birdweather.com/species/501/White-wingedDove-standard-6528ef689b07d5a91f1c2275cdef19c9.jpg","https://media.birdweather.com/species/501/White-wingedDove-thumbnail-4a940adfd5a6c78c73c48c5095e7b896.jpg","https://media.birdweather.com/species/501/White-wingedDove-png200-d65decd3d571b5a9dbeca249ef97689f.png","IscJLwb6hoVelZWZdoh3eIeIdxBoB4IG",17440068219,"https://media.birdweather.com/soundscapes/19267/19267-20260927-112438.flac",1.5,4.5,"live"
11401496451,19267,"2026-09-27T05:23:17.000-06:00",0.728723108768463,0.231039643287659,7.30369549234122,"almost_certain","BirdNET",NA,10.2198,-83.7874,FALSE,501,"White-winged Dove","Zenaida asiatica","#d16ff8","avian","https://media.birdweather.com/species/501/White-wingedDove-standard-6528ef689b07d5a91f1c2275cdef19c9.jpg","https://media.birdweather.com/species/501/White-wingedDove-thumbnail-4a940adfd5a6c78c73c48c5095e7b896.jpg","https://media.birdweather.com/species/501/White-wingedDove-png200-d65decd3d571b5a9dbeca249ef97689f.png","IscJLwb6hoVelZWZdoh3eIeIdxBoB4IG",17440028336,"https://media.birdweather.com/soundscapes/19267/19267-20260927-112317.flac",0,3,"live"
11401489586,19267,"2026-09-27T05:22:54.000-06:00",0.746112167835236,0.231039643287659,7.35816551598895,"almost_certain","BirdNET",NA,10.2198,-83.7874,FALSE,501,"White-winged Dove","Zenaida asiatica","#d16ff8","avian","https://media.birdweather.com/species/501/White-wingedDove-standard-6528ef689b07d5a91f1c2275cdef19c9.jpg","https://media.birdweather.com/species/501/White-wingedDove-thumbnail-4a940adfd5a6c78c73c48c5095e7b896.jpg","https://media.birdweather.com/species/501/White-wingedDove-png200-d65decd3d571b5a9dbeca249ef97689f.png","IscJLwb6hoVelZWZdoh3eIeIdxBoB4IG",17440015090,"https://media.birdweather.com/soundscapes/19267/19267-20260927-112251.flac",3,6,"live"
11401486620,19267,"2026-09-27T05:22:41.000-06:00",0.73817765712738,0.231056064367294,7.33367285321905,"almost_certain","BirdNET",NA,10.2198,-83.7874,FALSE,501,"White-winged Dove","Zenaida asiatica","#d16ff8","avian","https://media.birdweather.com/species/501/White-wingedDove-standard-6528ef689b07d5a91f1c2275cdef19c9.jpg","https://media.birdweather.com/species/501/White-wingedDove-thumbnail-4a940adfd5a6c78c73c48c5095e7b896.jpg","https://media.birdweather.com/species/501/White-wingedDove-png200-d65decd3d571b5a9dbeca249ef97689f.png","IscJLwb6hoVelZWZdoh3eIeIdxBoB4IG",17440009012,"https://media.birdweather.com/soundscapes/19267/19267-20260927-112238.flac",3,6,"live"
11401283468,19267,"2026-09-27T05:08:40.000-06:00",0.822910964488983,0.756525635719299,9.16073961809707,"almost_certain","BirdNET",NA,10.2198,-83.7874,FALSE,229,"Great Kiskadee","Pitangus sulphuratus","#7d4410","avian","https://media.birdweather.com/species/229/GreatKiskadee-standard-cd28a1b8e8b8e5aed433e809c229004e.jpg","https://media.birdweather.com/species/229/GreatKiskadee-thumbnail-b2749ed2442fb322cf3c4cb72f9c97f6.jpg","https://media.birdweather.com/species/229/GreatKiskadee-png200-003973af4f863deb00a4ce9b6f10e59c.png","0PgFDwIrhYqfZJh1mVe3SZZ3uKEJBncG",17439591877,"https://media.birdweather.com/soundscapes/19267/19267-20260927-110834.flac",6,9,"live"
11401283456,19267,"2026-09-27T05:08:34.000-06:00",0.779684484004974,0.756525635719299,9.04253239196721,"almost_certain","BirdNET",NA,10.2198,-83.7874,FALSE,229,"Great Kiskadee","Pitangus sulphuratus","#7d4410","avian","https://media.birdweather.com/species/229/GreatKiskadee-standard-cd28a1b8e8b8e5aed433e809c229004e.jpg","https://media.birdweather.com/species/229/GreatKiskadee-thumbnail-b2749ed2442fb322cf3c4cb72f9c97f6.jpg","https://media.birdweather.com/species/229/GreatKiskadee-png200-003973af4f863deb00a4ce9b6f10e59c.png","0PgFDwIrhYqfZJh1mVe3SZZ3uKEJBncG",17439591877,"https://media.birdweather.com/soundscapes/19267/19267-20260927-110834.flac",0,3,"live"
11401277643,19267,"2026-09-27T05:08:14.000-06:00",0.701456785202026,0.756525635719299,8.79863311604634,"almost_certain","BirdNET",NA,10.2198,-83.7874,FALSE,229,"Great Kiskadee","Pitangus sulphuratus","#7d4410","avian","https://media.birdweather.com/species/229/GreatKiskadee-standard-cd28a1b8e8b8e5aed433e809c229004e.jpg","https://media.birdweather.com/species/229/GreatKiskadee-thumbnail-b2749ed2442fb322cf3c4cb72f9c97f6.jpg","https://media.birdweather.com/species/229/GreatKiskadee-png200-003973af4f863deb00a4ce9b6f10e59c.png","0PgFDwIrhYqfZJh1mVe3SZZ3uKEJBncG",17439579471,"https://media.birdweather.com/soundscapes/19267/19267-20260927-110808.flac",6,9,"live"
11401211395,19267,"2026-09-27T05:03:12.500-06:00",0.888013899326324,0.031044639647007,5.31121974531617,"almost_certain","BirdNET",NA,10.2198,-83.7874,FALSE,242,"Barn Owl","Tyto alba","#c57e94","avian","https://media.birdweather.com/species/242/BarnOwl-standard-8bec9306e3928726cbb18b498dd33c03.jpg","https://media.birdweather.com/species/242/BarnOwl-thumbnail-f2dc3ee81bc91e5f2214d7a2b7be6eef.jpg","https://media.birdweather.com/species/242/BarnOwl-png200-fe95e07244e391ae77d98d1c722d7699.png","4PgFFwKCFGWPgIlpq2aJdXiHiQRFCWME",17439433390,"https://media.birdweather.com/soundscapes/19267/19267-20260927-110311.flac",1.5,4.5,"live"
11400876927,19267,"2026-09-27T04:33:04.500-06:00",0.859137117862701,0.056955698877573,5.91267042150031,"almost_certain","BirdNET",NA,10.2198,-83.7874,FALSE,2106,"Scale-crested Pygmy-Tyrant","Lophotriccus pileatus","#ff3f73","avian","https://media.birdweather.com/species/2106/Scale-crestedPygmy-Tyrant-standard-30688703276d7a86ba8040e08ec546e4.jpg","https://media.birdweather.com/species/2106/Scale-crestedPygmy-Tyrant-thumbnail-a2fa4da6488b42e46af0521226507326.jpg","https://media.birdweather.com/species/2106/Scale-crestedPygmy-Tyrant-png200-7dba50c93511c6b01ee479c707de9a8b.png","IroFJwJKZ2tcVqZvUmlauFW0Vp9LCUoK",17438547174,"https://media.birdweather.com/soundscapes/19267/19267-20260927-103303.flac",1.5,4.5,"live"
11400876922,19267,"2026-09-27T04:33:03.000-06:00",0.828305721282959,0.056955698877573,5.83496456853996,"almost_certain","BirdNET",NA,10.2198,-83.7874,FALSE,2106,"Scale-crested Pygmy-Tyrant","Lophotriccus pileatus","#ff3f73","avian","https://media.birdweather.com/species/2106/Scale-crestedPygmy-Tyrant-standard-30688703276d7a86ba8040e08ec546e4.jpg","https://media.birdweather.com/species/2106/Scale-crestedPygmy-Tyrant-thumbnail-a2fa4da6488b42e46af0521226507326.jpg","https://media.birdweather.com/species/2106/Scale-crestedPygmy-Tyrant-png200-7dba50c93511c6b01ee479c707de9a8b.png","IroFJwJKZ2tcVqZvUmlauFW0Vp9LCUoK",17438547174,"https://media.birdweather.com/soundscapes/19267/19267-20260927-103303.flac",0,3,"live"
11398830248,19267,"2026-09-27T01:10:33.000-06:00",0.863387644290924,0.0768106058239937,6.27883141937089,"almost_certain","BirdNET",NA,10.2198,-83.7874,FALSE,1061,"Solitary Sandpiper","Tringa solitaria","#c20085","avian","https://media.birdweather.com/species/1061/SolitarySandpiper-standard-d0a4df94f67deb4e0b0dc41470bee607.jpg","https://media.birdweather.com/species/1061/SolitarySandpiper-thumbnail-88095a27300b313f9d7417d6ba285e3f.jpg","https://media.birdweather.com/species/1061/SolitarySandpiper-png200-d9f393dd3b028ccd7af8dcf9c3040423.png","nfkBDwKUj8S6i6mnFauPmHgGq2f4RJkA",17432587028,"https://media.birdweather.com/soundscapes/19267/19267-20260927-071027.flac",6,9,"live"
