"id","stationId","timestamp","confidence","probability","score","certainty","algorithm","metadata","lat","lon","favorite","species.id","species.commonName","species.scientificName","species.color","species.classification","species.imageUrl","species.thumbnailUrl","species.pngUrl","species.thumbhash","soundscape.id","soundscape.url","soundscape.startTime","soundscape.endTime","soundscape.mode"
10897480775,19267,"2026-09-02T23:25:23.000-06:00",0.754437804222107,0.018999682739377,4.48228085633667,"almost_certain","BirdNET",NA,10.2198,-83.7874,FALSE,1779,"Alder Flycatcher","Empidonax alnorum","#ac069e","avian","https://media.birdweather.com/species/1779/AlderFlycatcher-standard-f461220438b20e583ff9009e70cb8b93.jpg","https://media.birdweather.com/species/1779/AlderFlycatcher-thumbnail-8453d804bc0c4fb99c12f02756d0dfa9.jpg","https://media.birdweather.com/species/1779/AlderFlycatcher-png200-e5dd19bd1efaacaec1dfb17d83202fed.png","VekFDwIKmZqbl3eJWFemeIeH+J22BMkC",16411455472,"https://media.birdweather.com/soundscapes/19267/19267-20260903-052517.flac",6,9,"live"
10896444018,19267,"2026-09-02T22:21:21.500-06:00",0.888262212276459,0.0632069557905197,6.10452152842077,"almost_certain","BirdNET",NA,10.2198,-83.7874,FALSE,2106,"Scale-crested Pygmy-Tyrant","Lophotriccus pileatus","#ff3f73","avian","https://media.birdweather.com/species/2106/Scale-crestedPygmy-Tyrant-standard-30688703276d7a86ba8040e08ec546e4.jpg","https://media.birdweather.com/species/2106/Scale-crestedPygmy-Tyrant-thumbnail-a2fa4da6488b42e46af0521226507326.jpg","https://media.birdweather.com/species/2106/Scale-crestedPygmy-Tyrant-png200-7dba50c93511c6b01ee479c707de9a8b.png","IroFJwJKZ2tcVqZvUmlauFW0Vp9LCUoK",16409548765,"https://media.birdweather.com/soundscapes/19267/19267-20260903-042120.flac",1.5,4.5,"live"
10894342626,19267,"2026-09-02T19:58:31.000-06:00",0.811081409454346,0.0340044610202312,5.21451017791278,"almost_certain","BirdNET",NA,10.2198,-83.7874,FALSE,242,"Barn Owl","Tyto alba","#c57e94","avian","https://media.birdweather.com/species/242/BarnOwl-standard-8bec9306e3928726cbb18b498dd33c03.jpg","https://media.birdweather.com/species/242/BarnOwl-thumbnail-f2dc3ee81bc91e5f2214d7a2b7be6eef.jpg","https://media.birdweather.com/species/242/BarnOwl-png200-fe95e07244e391ae77d98d1c722d7699.png","4PgFFwKCFGWPgIlpq2aJdXiHiQRFCWME",16405405522,"https://media.birdweather.com/soundscapes/19267/19267-20260903-015825.flac",6,9,"live"
10890911684,19267,"2026-09-02T16:04:49.500-06:00",0.797623455524445,0.19986455142498,7.31812613478926,"almost_certain","BirdNET",NA,10.2198,-83.7874,FALSE,501,"White-winged Dove","Zenaida asiatica","#d16ff8","avian","https://media.birdweather.com/species/501/White-wingedDove-standard-6528ef689b07d5a91f1c2275cdef19c9.jpg","https://media.birdweather.com/species/501/White-wingedDove-thumbnail-4a940adfd5a6c78c73c48c5095e7b896.jpg","https://media.birdweather.com/species/501/White-wingedDove-png200-d65decd3d571b5a9dbeca249ef97689f.png","IscJLwb6hoVelZWZdoh3eIeIdxBoB4IG",16398578981,"https://media.birdweather.com/soundscapes/19267/19267-20260902-220448.flac",1.5,4.5,"live"
10890911682,19267,"2026-09-02T16:04:48.000-06:00",0.739836692810059,0.19986455142498,7.14901309872685,"almost_certain","BirdNET",NA,10.2198,-83.7874,FALSE,501,"White-winged Dove","Zenaida asiatica","#d16ff8","avian","https://media.birdweather.com/species/501/White-wingedDove-standard-6528ef689b07d5a91f1c2275cdef19c9.jpg","https://media.birdweather.com/species/501/White-wingedDove-thumbnail-4a940adfd5a6c78c73c48c5095e7b896.jpg","https://media.birdweather.com/species/501/White-wingedDove-png200-d65decd3d571b5a9dbeca249ef97689f.png","IscJLwb6hoVelZWZdoh3eIeIdxBoB4IG",16398578981,"https://media.birdweather.com/soundscapes/19267/19267-20260902-220448.flac",0,3,"live"
10889991378,19267,"2026-09-02T15:04:21.000-06:00",0.781097054481506,0.0215873122215271,4.67747654442767,"almost_certain","BirdNET",NA,10.2198,-83.7874,FALSE,209,"Belted Kingfisher","Megaceryle alcyon","#caca8b","avian","https://media.birdweather.com/species/209/BeltedKingfisher-standard-371f4b97741d652f760bb71134bf5162.jpg","https://media.birdweather.com/species/209/BeltedKingfisher-thumbnail-8f16396dfb739d5aee7315abbbf33a28.jpg","https://media.birdweather.com/species/209/BeltedKingfisher-png200-47c2ad3f00fba2cd6f2def7a93944fb1.png","VggGDwJZn5aXS4hmaGZ4eHdox7+534wK",16396816234,"https://media.birdweather.com/soundscapes/19267/19267-20260902-210421.flac",0,3,"live"
10889633727,19267,"2026-09-02T14:41:11.000-06:00",0.781140744686127,0.0574266649782658,5.71645145083593,"almost_certain","BirdNET",NA,10.2198,-83.7874,FALSE,975,"Eastern Kingbird","Tyrannus tyrannus","#6c4d04","avian","https://media.birdweather.com/species/975/EasternKingbird-standard-34678c5d143fe1d9c0e9b1e5d9b899a4.jpg","https://media.birdweather.com/species/975/EasternKingbird-thumbnail-60f4f4ce9a78c11e9cc2b3e0bb29855e.jpg","https://media.birdweather.com/species/975/EasternKingbird-png200-3c6899f34dcf03ea173ed72829ab0048.png","LQgGDwDyloi2WXeYZFpnuYZpqAPXOnQA",16396137054,"https://media.birdweather.com/soundscapes/19267/19267-20260902-204111.flac",0,3,"live"
10889522746,19267,"2026-09-02T14:34:06.500-06:00",0.701645255088806,0.772586941719055,8.82768565899821,"almost_certain","BirdNET",NA,10.2198,-83.7874,FALSE,229,"Great Kiskadee","Pitangus sulphuratus","#7d4410","avian","https://media.birdweather.com/species/229/GreatKiskadee-standard-cd28a1b8e8b8e5aed433e809c229004e.jpg","https://media.birdweather.com/species/229/GreatKiskadee-thumbnail-b2749ed2442fb322cf3c4cb72f9c97f6.jpg","https://media.birdweather.com/species/229/GreatKiskadee-png200-003973af4f863deb00a4ce9b6f10e59c.png","0PgFDwIrhYqfZJh1mVe3SZZ3uKEJBncG",16395929476,"https://media.birdweather.com/soundscapes/19267/19267-20260902-203405.flac",1.5,4.5,"live"
10889519379,19267,"2026-09-02T14:33:56.500-06:00",0.721046626567841,0.772586941719055,8.89231449176884,"almost_certain","BirdNET",NA,10.2198,-83.7874,FALSE,229,"Great Kiskadee","Pitangus sulphuratus","#7d4410","avian","https://media.birdweather.com/species/229/GreatKiskadee-standard-cd28a1b8e8b8e5aed433e809c229004e.jpg","https://media.birdweather.com/species/229/GreatKiskadee-thumbnail-b2749ed2442fb322cf3c4cb72f9c97f6.jpg","https://media.birdweather.com/species/229/GreatKiskadee-png200-003973af4f863deb00a4ce9b6f10e59c.png","0PgFDwIrhYqfZJh1mVe3SZZ3uKEJBncG",16395923239,"https://media.birdweather.com/soundscapes/19267/19267-20260902-203352.flac",4.5,7.5,"live"
10889493787,19267,"2026-09-02T14:32:19.000-06:00",0.969224154949188,0.558729588985443,9.08983498497076,"almost_certain","BirdNET",NA,10.2198,-83.7874,FALSE,802,"Rufous-tailed Hummingbird","Amazilia tzacatl","#d9c845","avian","https://media.birdweather.com/species/802/Rufous-tailedHummingbird-standard-4d0209b50ad0c35c6d8337f5c0c16b55.jpg","https://media.birdweather.com/species/802/Rufous-tailedHummingbird-thumbnail-fbf17400c31564f70aa45927c5d75f5e.jpg","https://media.birdweather.com/species/802/Rufous-tailedHummingbird-png200-8ea431c9893cfe027e92471791a8c256.png","mPkJFwIHqJeJl4lriIaGhYh3+H+oVGAH",16395874957,"https://media.birdweather.com/soundscapes/19267/19267-20260902-203213.flac",6,9,"live"
10889446552,19267,"2026-09-02T14:29:14.500-06:00",0.734728991985321,0.558731257915497,8.49882616502485,"almost_certain","BirdNET",NA,10.2198,-83.7874,FALSE,802,"Rufous-tailed Hummingbird","Amazilia tzacatl","#d9c845","avian","https://media.birdweather.com/species/802/Rufous-tailedHummingbird-standard-4d0209b50ad0c35c6d8337f5c0c16b55.jpg","https://media.birdweather.com/species/802/Rufous-tailedHummingbird-thumbnail-fbf17400c31564f70aa45927c5d75f5e.jpg","https://media.birdweather.com/species/802/Rufous-tailedHummingbird-png200-8ea431c9893cfe027e92471791a8c256.png","mPkJFwIHqJeJl4lriIaGhYh3+H+oVGAH",16395788662,"https://media.birdweather.com/soundscapes/19267/19267-20260902-202913.flac",1.5,4.5,"live"
10889446550,19267,"2026-09-02T14:29:13.000-06:00",0.90108448266983,0.558731257915497,8.94272351581911,"almost_certain","BirdNET",NA,10.2198,-83.7874,FALSE,802,"Rufous-tailed Hummingbird","Amazilia tzacatl","#d9c845","avian","https://media.birdweather.com/species/802/Rufous-tailedHummingbird-standard-4d0209b50ad0c35c6d8337f5c0c16b55.jpg","https://media.birdweather.com/species/802/Rufous-tailedHummingbird-thumbnail-fbf17400c31564f70aa45927c5d75f5e.jpg","https://media.birdweather.com/species/802/Rufous-tailedHummingbird-png200-8ea431c9893cfe027e92471791a8c256.png","mPkJFwIHqJeJl4lriIaGhYh3+H+oVGAH",16395788662,"https://media.birdweather.com/soundscapes/19267/19267-20260902-202913.flac",0,3,"live"
10889421779,19267,"2026-09-02T14:27:41.000-06:00",0.947778761386871,0.772586107254028,9.48251675905253,"almost_certain","BirdNET",NA,10.2198,-83.7874,FALSE,229,"Great Kiskadee","Pitangus sulphuratus","#7d4410","avian","https://media.birdweather.com/species/229/GreatKiskadee-standard-cd28a1b8e8b8e5aed433e809c229004e.jpg","https://media.birdweather.com/species/229/GreatKiskadee-thumbnail-b2749ed2442fb322cf3c4cb72f9c97f6.jpg","https://media.birdweather.com/species/229/GreatKiskadee-png200-003973af4f863deb00a4ce9b6f10e59c.png","0PgFDwIrhYqfZJh1mVe3SZZ3uKEJBncG",16395741294,"https://media.birdweather.com/soundscapes/19267/19267-20260902-202738.flac",3,6,"live"
10889418113,19267,"2026-09-02T14:27:25.500-06:00",0.936044573783875,0.57957249879837,9.06947979289102,"almost_certain","BirdNET",NA,10.2198,-83.7874,FALSE,121,"Social Flycatcher","Myiozetetes similis","#69b9ff","avian","https://media.birdweather.com/species/121/SocialFlycatcher-standard-6e107581e61c9f556b3a0af5200f486a.jpg","https://media.birdweather.com/species/121/SocialFlycatcher-thumbnail-87f640fcaf1441ecbbd56b57372185a8.jpg","https://media.birdweather.com/species/121/SocialFlycatcher-png200-2f6dd485cf927db0dd7fd9abc239fb19.png","2xkKJwIJh3ekeXh0e5Z4eYaIdyApd5AC",16395734360,"https://media.birdweather.com/soundscapes/19267/19267-20260902-202724.flac",1.5,4.5,"live"
10889415016,19267,"2026-09-02T14:27:15.500-06:00",0.8759925365448,0.57957249879837,8.93361149204179,"almost_certain","BirdNET",NA,10.2198,-83.7874,FALSE,121,"Social Flycatcher","Myiozetetes similis","#69b9ff","avian","https://media.birdweather.com/species/121/SocialFlycatcher-standard-6e107581e61c9f556b3a0af5200f486a.jpg","https://media.birdweather.com/species/121/SocialFlycatcher-thumbnail-87f640fcaf1441ecbbd56b57372185a8.jpg","https://media.birdweather.com/species/121/SocialFlycatcher-png200-2f6dd485cf927db0dd7fd9abc239fb19.png","2xkKJwIJh3ekeXh0e5Z4eYaIdyApd5AC",16395728196,"https://media.birdweather.com/soundscapes/19267/19267-20260902-202711.flac",4.5,7.5,"live"
10889411724,19267,"2026-09-02T14:27:04.000-06:00",0.894751846790314,0.579572260379791,8.97751882304186,"almost_certain","BirdNET",NA,10.2198,-83.7874,FALSE,121,"Social Flycatcher","Myiozetetes similis","#69b9ff","avian","https://media.birdweather.com/species/121/SocialFlycatcher-standard-6e107581e61c9f556b3a0af5200f486a.jpg","https://media.birdweather.com/species/121/SocialFlycatcher-thumbnail-87f640fcaf1441ecbbd56b57372185a8.jpg","https://media.birdweather.com/species/121/SocialFlycatcher-png200-2f6dd485cf927db0dd7fd9abc239fb19.png","2xkKJwIJh3ekeXh0e5Z4eYaIdyApd5AC",16395721956,"https://media.birdweather.com/soundscapes/19267/19267-20260902-202658.flac",6,9,"live"
10889411721,19267,"2026-09-02T14:27:02.500-06:00",0.774681866168976,0.579572260379791,8.66858460378067,"almost_certain","BirdNET",NA,10.2198,-83.7874,FALSE,121,"Social Flycatcher","Myiozetetes similis","#69b9ff","avian","https://media.birdweather.com/species/121/SocialFlycatcher-standard-6e107581e61c9f556b3a0af5200f486a.jpg","https://media.birdweather.com/species/121/SocialFlycatcher-thumbnail-87f640fcaf1441ecbbd56b57372185a8.jpg","https://media.birdweather.com/species/121/SocialFlycatcher-png200-2f6dd485cf927db0dd7fd9abc239fb19.png","2xkKJwIJh3ekeXh0e5Z4eYaIdyApd5AC",16395721956,"https://media.birdweather.com/soundscapes/19267/19267-20260902-202658.flac",4.5,7.5,"live"
10889408389,19267,"2026-09-02T14:26:48.000-06:00",0.901713848114014,0.579572260379791,8.9934625304178,"almost_certain","BirdNET",NA,10.2198,-83.7874,FALSE,121,"Social Flycatcher","Myiozetetes similis","#69b9ff","avian","https://media.birdweather.com/species/121/SocialFlycatcher-standard-6e107581e61c9f556b3a0af5200f486a.jpg","https://media.birdweather.com/species/121/SocialFlycatcher-thumbnail-87f640fcaf1441ecbbd56b57372185a8.jpg","https://media.birdweather.com/species/121/SocialFlycatcher-png200-2f6dd485cf927db0dd7fd9abc239fb19.png","2xkKJwIJh3ekeXh0e5Z4eYaIdyApd5AC",16395715131,"https://media.birdweather.com/soundscapes/19267/19267-20260902-202645.flac",3,6,"live"
10889408384,19267,"2026-09-02T14:26:46.500-06:00",0.88334584236145,0.579572260379791,8.95099009883953,"almost_certain","BirdNET",NA,10.2198,-83.7874,FALSE,121,"Social Flycatcher","Myiozetetes similis","#69b9ff","avian","https://media.birdweather.com/species/121/SocialFlycatcher-standard-6e107581e61c9f556b3a0af5200f486a.jpg","https://media.birdweather.com/species/121/SocialFlycatcher-thumbnail-87f640fcaf1441ecbbd56b57372185a8.jpg","https://media.birdweather.com/species/121/SocialFlycatcher-png200-2f6dd485cf927db0dd7fd9abc239fb19.png","2xkKJwIJh3ekeXh0e5Z4eYaIdyApd5AC",16395715131,"https://media.birdweather.com/soundscapes/19267/19267-20260902-202645.flac",1.5,4.5,"live"
10889172396,19267,"2026-09-02T14:11:37.500-06:00",0.738892138004303,0.558731257915497,8.51188343441629,"almost_certain","BirdNET",NA,10.2198,-83.7874,FALSE,802,"Rufous-tailed Hummingbird","Amazilia tzacatl","#d9c845","avian","https://media.birdweather.com/species/802/Rufous-tailedHummingbird-standard-4d0209b50ad0c35c6d8337f5c0c16b55.jpg","https://media.birdweather.com/species/802/Rufous-tailedHummingbird-thumbnail-fbf17400c31564f70aa45927c5d75f5e.jpg","https://media.birdweather.com/species/802/Rufous-tailedHummingbird-png200-8ea431c9893cfe027e92471791a8c256.png","mPkJFwIHqJeJl4lriIaGhYh3+H+oVGAH",16395271723,"https://media.birdweather.com/soundscapes/19267/19267-20260902-201133.flac",4.5,7.5,"live"
10888217832,19267,"2026-09-02T13:09:49.000-06:00",0.834496796131134,0.558722257614136,8.78185046591795,"almost_certain","BirdNET",NA,10.2198,-83.7874,FALSE,802,"Rufous-tailed Hummingbird","Amazilia tzacatl","#d9c845","avian","https://media.birdweather.com/species/802/Rufous-tailedHummingbird-standard-4d0209b50ad0c35c6d8337f5c0c16b55.jpg","https://media.birdweather.com/species/802/Rufous-tailedHummingbird-thumbnail-fbf17400c31564f70aa45927c5d75f5e.jpg","https://media.birdweather.com/species/802/Rufous-tailedHummingbird-png200-8ea431c9893cfe027e92471791a8c256.png","mPkJFwIHqJeJl4lriIaGhYh3+H+oVGAH",16393466841,"https://media.birdweather.com/soundscapes/19267/19267-20260902-190946.flac",3,6,"live"
10888217820,19267,"2026-09-02T13:09:47.500-06:00",0.749503076076508,0.558722257614136,8.54458970236785,"almost_certain","BirdNET",NA,10.2198,-83.7874,FALSE,802,"Rufous-tailed Hummingbird","Amazilia tzacatl","#d9c845","avian","https://media.birdweather.com/species/802/Rufous-tailedHummingbird-standard-4d0209b50ad0c35c6d8337f5c0c16b55.jpg","https://media.birdweather.com/species/802/Rufous-tailedHummingbird-thumbnail-fbf17400c31564f70aa45927c5d75f5e.jpg","https://media.birdweather.com/species/802/Rufous-tailedHummingbird-png200-8ea431c9893cfe027e92471791a8c256.png","mPkJFwIHqJeJl4lriIaGhYh3+H+oVGAH",16393466841,"https://media.birdweather.com/soundscapes/19267/19267-20260902-190946.flac",1.5,4.5,"live"
10887089298,19267,"2026-09-02T11:55:51.000-06:00",0.964816331863403,0.0287004057317972,5.39883132970536,"almost_certain","BirdNET",NA,10.2198,-83.7874,FALSE,973,"Rose-breasted Grosbeak","Pheucticus ludovicianus","#615120","avian","https://media.birdweather.com/species/973/Rose-breastedGrosbeak-standard-94c5c7a47bc0d3ccf8aacc8541a2958a.jpg","https://media.birdweather.com/species/973/Rose-breastedGrosbeak-thumbnail-39b9a38037dd162c6215236a406c73ec.jpg","https://media.birdweather.com/species/973/Rose-breastedGrosbeak-png200-04cb157bd64b214588ee2884b6c5fe4c.png","G+kFDwIRsXiD0IxbamZZ6TaLZ6/HBmUC",16391303471,"https://media.birdweather.com/soundscapes/19267/19267-20260902-175545.flac",6,9,"live"
10886006462,19267,"2026-09-02T10:48:08.500-06:00",0.845973551273346,0.106046162545681,6.63347218524961,"almost_certain","BirdNET",NA,10.2198,-83.7874,FALSE,603,"Tropical Mockingbird","Mimus gilvus","#006e2a","avian","https://media.birdweather.com/species/603/TropicalMockingbird-standard-33be42788a38707b12f757d28526a492.jpg","https://media.birdweather.com/species/603/TropicalMockingbird-thumbnail-4f6417f6928c80a2cb70eb341f54fd79.jpg","https://media.birdweather.com/species/603/TropicalMockingbird-png200-9e94d27578943cfad1e7923fe23d2300.png","q+cJFwL4VohclXidhXh5aJh4qDAaGKYA",16389315564,"https://media.birdweather.com/soundscapes/19267/19267-20260902-164807.flac",1.5,4.5,"live"
10885976252,19267,"2026-09-02T10:46:23.000-06:00",0.932542204856873,0.106046319007874,6.83510571647182,"almost_certain","BirdNET",NA,10.2198,-83.7874,FALSE,603,"Tropical Mockingbird","Mimus gilvus","#006e2a","avian","https://media.birdweather.com/species/603/TropicalMockingbird-standard-33be42788a38707b12f757d28526a492.jpg","https://media.birdweather.com/species/603/TropicalMockingbird-thumbnail-4f6417f6928c80a2cb70eb341f54fd79.jpg","https://media.birdweather.com/species/603/TropicalMockingbird-png200-9e94d27578943cfad1e7923fe23d2300.png","q+cJFwL4VohclXidhXh5aJh4qDAaGKYA",16389263291,"https://media.birdweather.com/soundscapes/19267/19267-20260902-164620.flac",3,6,"live"
10885972612,19267,"2026-09-02T10:46:14.000-06:00",0.844939887523651,0.106047578155994,6.6308926881287,"almost_certain","BirdNET",NA,10.2198,-83.7874,FALSE,603,"Tropical Mockingbird","Mimus gilvus","#006e2a","avian","https://media.birdweather.com/species/603/TropicalMockingbird-standard-33be42788a38707b12f757d28526a492.jpg","https://media.birdweather.com/species/603/TropicalMockingbird-thumbnail-4f6417f6928c80a2cb70eb341f54fd79.jpg","https://media.birdweather.com/species/603/TropicalMockingbird-png200-9e94d27578943cfad1e7923fe23d2300.png","q+cJFwL4VohclXidhXh5aJh4qDAaGKYA",16389256966,"https://media.birdweather.com/soundscapes/19267/19267-20260902-164608.flac",6,9,"live"
10885972608,19267,"2026-09-02T10:46:12.500-06:00",0.824374258518219,0.106047578155994,6.57818902477241,"almost_certain","BirdNET",NA,10.2198,-83.7874,FALSE,603,"Tropical Mockingbird","Mimus gilvus","#006e2a","avian","https://media.birdweather.com/species/603/TropicalMockingbird-standard-33be42788a38707b12f757d28526a492.jpg","https://media.birdweather.com/species/603/TropicalMockingbird-thumbnail-4f6417f6928c80a2cb70eb341f54fd79.jpg","https://media.birdweather.com/species/603/TropicalMockingbird-png200-9e94d27578943cfad1e7923fe23d2300.png","q+cJFwL4VohclXidhXh5aJh4qDAaGKYA",16389256966,"https://media.birdweather.com/soundscapes/19267/19267-20260902-164608.flac",4.5,7.5,"live"
10885964543,19267,"2026-09-02T10:45:42.000-06:00",0.954645097255707,0.106047578155994,6.88217502217816,"almost_certain","BirdNET",NA,10.2198,-83.7874,FALSE,603,"Tropical Mockingbird","Mimus gilvus","#006e2a","avian","https://media.birdweather.com/species/603/TropicalMockingbird-standard-33be42788a38707b12f757d28526a492.jpg","https://media.birdweather.com/species/603/TropicalMockingbird-thumbnail-4f6417f6928c80a2cb70eb341f54fd79.jpg","https://media.birdweather.com/species/603/TropicalMockingbird-png200-9e94d27578943cfad1e7923fe23d2300.png","q+cJFwL4VohclXidhXh5aJh4qDAaGKYA",16389243071,"https://media.birdweather.com/soundscapes/19267/19267-20260902-164539.flac",3,6,"live"
10885964541,19267,"2026-09-02T10:45:40.500-06:00",0.805655181407928,0.106047578155994,6.52838858512956,"almost_certain","BirdNET",NA,10.2198,-83.7874,FALSE,603,"Tropical Mockingbird","Mimus gilvus","#006e2a","avian","https://media.birdweather.com/species/603/TropicalMockingbird-standard-33be42788a38707b12f757d28526a492.jpg","https://media.birdweather.com/species/603/TropicalMockingbird-thumbnail-4f6417f6928c80a2cb70eb341f54fd79.jpg","https://media.birdweather.com/species/603/TropicalMockingbird-png200-9e94d27578943cfad1e7923fe23d2300.png","q+cJFwL4VohclXidhXh5aJh4qDAaGKYA",16389243071,"https://media.birdweather.com/soundscapes/19267/19267-20260902-164539.flac",1.5,4.5,"live"
10885960946,19267,"2026-09-02T10:45:27.000-06:00",0.936682879924774,0.106047265231609,6.84405579808756,"almost_certain","BirdNET",NA,10.2198,-83.7874,FALSE,603,"Tropical Mockingbird","Mimus gilvus","#006e2a","avian","https://media.birdweather.com/species/603/TropicalMockingbird-standard-33be42788a38707b12f757d28526a492.jpg","https://media.birdweather.com/species/603/TropicalMockingbird-thumbnail-4f6417f6928c80a2cb70eb341f54fd79.jpg","https://media.birdweather.com/species/603/TropicalMockingbird-png200-9e94d27578943cfad1e7923fe23d2300.png","q+cJFwL4VohclXidhXh5aJh4qDAaGKYA",16389236995,"https://media.birdweather.com/soundscapes/19267/19267-20260902-164527.flac",0,3,"live"
10885957381,19267,"2026-09-02T10:45:19.500-06:00",0.747540950775146,0.106047071516514,6.36112350484115,"almost_certain","BirdNET",NA,10.2198,-83.7874,FALSE,603,"Tropical Mockingbird","Mimus gilvus","#006e2a","avian","https://media.birdweather.com/species/603/TropicalMockingbird-standard-33be42788a38707b12f757d28526a492.jpg","https://media.birdweather.com/species/603/TropicalMockingbird-thumbnail-4f6417f6928c80a2cb70eb341f54fd79.jpg","https://media.birdweather.com/species/603/TropicalMockingbird-png200-9e94d27578943cfad1e7923fe23d2300.png","q+cJFwL4VohclXidhXh5aJh4qDAaGKYA",16389230899,"https://media.birdweather.com/soundscapes/19267/19267-20260902-164515.flac",4.5,7.5,"live"
10885957369,19267,"2026-09-02T10:45:16.500-06:00",0.850977182388306,0.106047071516514,6.64598123897419,"almost_certain","BirdNET",NA,10.2198,-83.7874,FALSE,603,"Tropical Mockingbird","Mimus gilvus","#006e2a","avian","https://media.birdweather.com/species/603/TropicalMockingbird-standard-33be42788a38707b12f757d28526a492.jpg","https://media.birdweather.com/species/603/TropicalMockingbird-thumbnail-4f6417f6928c80a2cb70eb341f54fd79.jpg","https://media.birdweather.com/species/603/TropicalMockingbird-png200-9e94d27578943cfad1e7923fe23d2300.png","q+cJFwL4VohclXidhXh5aJh4qDAaGKYA",16389230899,"https://media.birdweather.com/soundscapes/19267/19267-20260902-164515.flac",1.5,4.5,"live"
10885930434,19267,"2026-09-02T10:43:44.000-06:00",0.820015549659729,0.106045454740524,6.56672863660311,"almost_certain","BirdNET",NA,10.2198,-83.7874,FALSE,603,"Tropical Mockingbird","Mimus gilvus","#006e2a","avian","https://media.birdweather.com/species/603/TropicalMockingbird-standard-33be42788a38707b12f757d28526a492.jpg","https://media.birdweather.com/species/603/TropicalMockingbird-thumbnail-4f6417f6928c80a2cb70eb341f54fd79.jpg","https://media.birdweather.com/species/603/TropicalMockingbird-png200-9e94d27578943cfad1e7923fe23d2300.png","q+cJFwL4VohclXidhXh5aJh4qDAaGKYA",16389183986,"https://media.birdweather.com/soundscapes/19267/19267-20260902-164338.flac",6,9,"live"
10885930431,19267,"2026-09-02T10:43:42.500-06:00",0.908413350582123,0.106045454740524,6.78181286833018,"almost_certain","BirdNET",NA,10.2198,-83.7874,FALSE,603,"Tropical Mockingbird","Mimus gilvus","#006e2a","avian","https://media.birdweather.com/species/603/TropicalMockingbird-standard-33be42788a38707b12f757d28526a492.jpg","https://media.birdweather.com/species/603/TropicalMockingbird-thumbnail-4f6417f6928c80a2cb70eb341f54fd79.jpg","https://media.birdweather.com/species/603/TropicalMockingbird-png200-9e94d27578943cfad1e7923fe23d2300.png","q+cJFwL4VohclXidhXh5aJh4qDAaGKYA",16389183986,"https://media.birdweather.com/soundscapes/19267/19267-20260902-164338.flac",4.5,7.5,"live"
10885765951,19267,"2026-09-02T10:34:04.500-06:00",0.8659787774086,0.77258688211441,9.29757820052531,"almost_certain","BirdNET",NA,10.2198,-83.7874,FALSE,229,"Great Kiskadee","Pitangus sulphuratus","#7d4410","avian","https://media.birdweather.com/species/229/GreatKiskadee-standard-cd28a1b8e8b8e5aed433e809c229004e.jpg","https://media.birdweather.com/species/229/GreatKiskadee-thumbnail-b2749ed2442fb322cf3c4cb72f9c97f6.jpg","https://media.birdweather.com/species/229/GreatKiskadee-png200-003973af4f863deb00a4ce9b6f10e59c.png","0PgFDwIrhYqfZJh1mVe3SZZ3uKEJBncG",16388901634,"https://media.birdweather.com/soundscapes/19267/19267-20260902-163403.flac",1.5,4.5,"live"
10885468920,19267,"2026-09-02T10:16:59.500-06:00",0.836415350437164,0.38777431845665,8.29697410143248,"almost_certain","BirdNET",NA,10.2198,-83.7874,FALSE,321,"Palm Tanager","Thraupis palmarum","#008efd","avian","https://media.birdweather.com/species/321/PalmTanager-standard-cbade2e4973d8cb57c4014568207591d.jpg","https://media.birdweather.com/species/321/PalmTanager-thumbnail-66ffacacc3b9c5f5dad0cf97c949e40f.jpg","https://media.birdweather.com/species/321/PalmTanager-png200-100c123f8e9a99aad801e3e79a865873.png","lvkJHwR/d2lneYlEp0hrx2iL+XtlNZgA",16388399599,"https://media.birdweather.com/soundscapes/19267/19267-20260902-161658.flac",1.5,4.5,"live"
10885468917,19267,"2026-09-02T10:16:58.000-06:00",0.939437985420227,0.38777431845665,8.53765689916619,"almost_certain","BirdNET",NA,10.2198,-83.7874,FALSE,321,"Palm Tanager","Thraupis palmarum","#008efd","avian","https://media.birdweather.com/species/321/PalmTanager-standard-cbade2e4973d8cb57c4014568207591d.jpg","https://media.birdweather.com/species/321/PalmTanager-thumbnail-66ffacacc3b9c5f5dad0cf97c949e40f.jpg","https://media.birdweather.com/species/321/PalmTanager-png200-100c123f8e9a99aad801e3e79a865873.png","lvkJHwR/d2lneYlEp0hrx2iL+XtlNZgA",16388399599,"https://media.birdweather.com/soundscapes/19267/19267-20260902-161658.flac",0,3,"live"
10885280877,19267,"2026-09-02T10:06:07.500-06:00",0.837009906768799,0.38777095079422,8.29848015322916,"almost_certain","BirdNET",NA,10.2198,-83.7874,FALSE,321,"Palm Tanager","Thraupis palmarum","#008efd","avian","https://media.birdweather.com/species/321/PalmTanager-standard-cbade2e4973d8cb57c4014568207591d.jpg","https://media.birdweather.com/species/321/PalmTanager-thumbnail-66ffacacc3b9c5f5dad0cf97c949e40f.jpg","https://media.birdweather.com/species/321/PalmTanager-png200-100c123f8e9a99aad801e3e79a865873.png","lvkJHwR/d2lneYlEp0hrx2iL+XtlNZgA",16388079080,"https://media.birdweather.com/soundscapes/19267/19267-20260902-160603.flac",4.5,7.5,"live"
10885272967,19267,"2026-09-02T10:05:36.000-06:00",0.886687576770782,0.38776957988739,8.4196874121612,"almost_certain","BirdNET",NA,10.2198,-83.7874,FALSE,321,"Palm Tanager","Thraupis palmarum","#008efd","avian","https://media.birdweather.com/species/321/PalmTanager-standard-cbade2e4973d8cb57c4014568207591d.jpg","https://media.birdweather.com/species/321/PalmTanager-thumbnail-66ffacacc3b9c5f5dad0cf97c949e40f.jpg","https://media.birdweather.com/species/321/PalmTanager-png200-100c123f8e9a99aad801e3e79a865873.png","lvkJHwR/d2lneYlEp0hrx2iL+XtlNZgA",16388065579,"https://media.birdweather.com/soundscapes/19267/19267-20260902-160536.flac",0,3,"live"
10885269272,19267,"2026-09-02T10:05:29.000-06:00",0.750877141952515,0.38778156042099,8.05901102997145,"almost_certain","BirdNET",NA,10.2198,-83.7874,FALSE,321,"Palm Tanager","Thraupis palmarum","#008efd","avian","https://media.birdweather.com/species/321/PalmTanager-standard-cbade2e4973d8cb57c4014568207591d.jpg","https://media.birdweather.com/species/321/PalmTanager-thumbnail-66ffacacc3b9c5f5dad0cf97c949e40f.jpg","https://media.birdweather.com/species/321/PalmTanager-png200-100c123f8e9a99aad801e3e79a865873.png","lvkJHwR/d2lneYlEp0hrx2iL+XtlNZgA",16388059380,"https://media.birdweather.com/soundscapes/19267/19267-20260902-160523.flac",6,9,"live"
10885230667,19267,"2026-09-02T10:03:11.500-06:00",0.970789968967438,0.772590816020966,9.53034739433964,"almost_certain","BirdNET",NA,10.2198,-83.7874,FALSE,229,"Great Kiskadee","Pitangus sulphuratus","#7d4410","avian","https://media.birdweather.com/species/229/GreatKiskadee-standard-cd28a1b8e8b8e5aed433e809c229004e.jpg","https://media.birdweather.com/species/229/GreatKiskadee-thumbnail-b2749ed2442fb322cf3c4cb72f9c97f6.jpg","https://media.birdweather.com/species/229/GreatKiskadee-png200-003973af4f863deb00a4ce9b6f10e59c.png","0PgFDwIrhYqfZJh1mVe3SZZ3uKEJBncG",16387994261,"https://media.birdweather.com/soundscapes/19267/19267-20260902-160310.flac",1.5,4.5,"live"
10885202413,19267,"2026-09-02T10:01:34.000-06:00",0.957309663295746,0.772587299346924,9.50252908815467,"almost_certain","BirdNET",NA,10.2198,-83.7874,FALSE,229,"Great Kiskadee","Pitangus sulphuratus","#7d4410","avian","https://media.birdweather.com/species/229/GreatKiskadee-standard-cd28a1b8e8b8e5aed433e809c229004e.jpg","https://media.birdweather.com/species/229/GreatKiskadee-thumbnail-b2749ed2442fb322cf3c4cb72f9c97f6.jpg","https://media.birdweather.com/species/229/GreatKiskadee-png200-003973af4f863deb00a4ce9b6f10e59c.png","0PgFDwIrhYqfZJh1mVe3SZZ3uKEJBncG",16387947367,"https://media.birdweather.com/soundscapes/19267/19267-20260902-160134.flac",0,3,"live"
10884963869,19267,"2026-09-02T09:48:03.000-06:00",0.842745244503021,0.387781739234924,8.31307151090802,"almost_certain","BirdNET",NA,10.2198,-83.7874,FALSE,321,"Palm Tanager","Thraupis palmarum","#008efd","avian","https://media.birdweather.com/species/321/PalmTanager-standard-cbade2e4973d8cb57c4014568207591d.jpg","https://media.birdweather.com/species/321/PalmTanager-thumbnail-66ffacacc3b9c5f5dad0cf97c949e40f.jpg","https://media.birdweather.com/species/321/PalmTanager-png200-100c123f8e9a99aad801e3e79a865873.png","lvkJHwR/d2lneYlEp0hrx2iL+XtlNZgA",16387546533,"https://media.birdweather.com/soundscapes/19267/19267-20260902-154757.flac",6,9,"live"
10884963866,19267,"2026-09-02T09:47:58.500-06:00",0.798109948635101,0.387781739234924,8.19549918797918,"almost_certain","BirdNET",NA,10.2198,-83.7874,FALSE,321,"Palm Tanager","Thraupis palmarum","#008efd","avian","https://media.birdweather.com/species/321/PalmTanager-standard-cbade2e4973d8cb57c4014568207591d.jpg","https://media.birdweather.com/species/321/PalmTanager-thumbnail-66ffacacc3b9c5f5dad0cf97c949e40f.jpg","https://media.birdweather.com/species/321/PalmTanager-png200-100c123f8e9a99aad801e3e79a865873.png","lvkJHwR/d2lneYlEp0hrx2iL+XtlNZgA",16387546533,"https://media.birdweather.com/soundscapes/19267/19267-20260902-154757.flac",1.5,4.5,"live"
10884154644,19267,"2026-09-02T09:01:56.000-06:00",0.725929439067841,0.772590577602386,8.90811711712823,"almost_certain","BirdNET",NA,10.2198,-83.7874,FALSE,229,"Great Kiskadee","Pitangus sulphuratus","#7d4410","avian","https://media.birdweather.com/species/229/GreatKiskadee-standard-cd28a1b8e8b8e5aed433e809c229004e.jpg","https://media.birdweather.com/species/229/GreatKiskadee-thumbnail-b2749ed2442fb322cf3c4cb72f9c97f6.jpg","https://media.birdweather.com/species/229/GreatKiskadee-png200-003973af4f863deb00a4ce9b6f10e59c.png","0PgFDwIrhYqfZJh1mVe3SZZ3uKEJBncG",16386195990,"https://media.birdweather.com/soundscapes/19267/19267-20260902-150153.flac",3,6,"live"
10884146994,19267,"2026-09-02T09:01:28.000-06:00",0.830103874206543,0.772586286067963,9.20786461776225,"almost_certain","BirdNET",NA,10.2198,-83.7874,FALSE,229,"Great Kiskadee","Pitangus sulphuratus","#7d4410","avian","https://media.birdweather.com/species/229/GreatKiskadee-standard-cd28a1b8e8b8e5aed433e809c229004e.jpg","https://media.birdweather.com/species/229/GreatKiskadee-thumbnail-b2749ed2442fb322cf3c4cb72f9c97f6.jpg","https://media.birdweather.com/species/229/GreatKiskadee-png200-003973af4f863deb00a4ce9b6f10e59c.png","0PgFDwIrhYqfZJh1mVe3SZZ3uKEJBncG",16386183637,"https://media.birdweather.com/soundscapes/19267/19267-20260902-150128.flac",0,3,"live"
10884138851,19267,"2026-09-02T09:01:07.000-06:00",0.774381220340729,0.772586286067963,9.0557100673353,"almost_certain","BirdNET",NA,10.2198,-83.7874,FALSE,229,"Great Kiskadee","Pitangus sulphuratus","#7d4410","avian","https://media.birdweather.com/species/229/GreatKiskadee-standard-cd28a1b8e8b8e5aed433e809c229004e.jpg","https://media.birdweather.com/species/229/GreatKiskadee-thumbnail-b2749ed2442fb322cf3c4cb72f9c97f6.jpg","https://media.birdweather.com/species/229/GreatKiskadee-png200-003973af4f863deb00a4ce9b6f10e59c.png","0PgFDwIrhYqfZJh1mVe3SZZ3uKEJBncG",16386170263,"https://media.birdweather.com/soundscapes/19267/19267-20260902-150101.flac",6,9,"live"
10884138850,19267,"2026-09-02T09:01:05.500-06:00",0.91449373960495,0.772586286067963,9.41024891547733,"almost_certain","BirdNET",NA,10.2198,-83.7874,FALSE,229,"Great Kiskadee","Pitangus sulphuratus","#7d4410","avian","https://media.birdweather.com/species/229/GreatKiskadee-standard-cd28a1b8e8b8e5aed433e809c229004e.jpg","https://media.birdweather.com/species/229/GreatKiskadee-thumbnail-b2749ed2442fb322cf3c4cb72f9c97f6.jpg","https://media.birdweather.com/species/229/GreatKiskadee-png200-003973af4f863deb00a4ce9b6f10e59c.png","0PgFDwIrhYqfZJh1mVe3SZZ3uKEJBncG",16386170263,"https://media.birdweather.com/soundscapes/19267/19267-20260902-150101.flac",4.5,7.5,"live"
10884130601,19267,"2026-09-02T09:00:37.500-06:00",0.808756291866302,0.772587954998016,9.15155523417304,"almost_certain","BirdNET",NA,10.2198,-83.7874,FALSE,229,"Great Kiskadee","Pitangus sulphuratus","#7d4410","avian","https://media.birdweather.com/species/229/GreatKiskadee-standard-cd28a1b8e8b8e5aed433e809c229004e.jpg","https://media.birdweather.com/species/229/GreatKiskadee-thumbnail-b2749ed2442fb322cf3c4cb72f9c97f6.jpg","https://media.birdweather.com/species/229/GreatKiskadee-png200-003973af4f863deb00a4ce9b6f10e59c.png","0PgFDwIrhYqfZJh1mVe3SZZ3uKEJBncG",16386156965,"https://media.birdweather.com/soundscapes/19267/19267-20260902-150033.flac",4.5,7.5,"live"
10884126650,19267,"2026-09-02T09:00:23.000-06:00",0.854290306568146,0.772587954998016,9.26899090065889,"almost_certain","BirdNET",NA,10.2198,-83.7874,FALSE,229,"Great Kiskadee","Pitangus sulphuratus","#7d4410","avian","https://media.birdweather.com/species/229/GreatKiskadee-standard-cd28a1b8e8b8e5aed433e809c229004e.jpg","https://media.birdweather.com/species/229/GreatKiskadee-thumbnail-b2749ed2442fb322cf3c4cb72f9c97f6.jpg","https://media.birdweather.com/species/229/GreatKiskadee-png200-003973af4f863deb00a4ce9b6f10e59c.png","0PgFDwIrhYqfZJh1mVe3SZZ3uKEJBncG",16386150453,"https://media.birdweather.com/soundscapes/19267/19267-20260902-150020.flac",3,6,"live"
10883512208,19267,"2026-09-02T08:26:20.500-06:00",0.700580418109894,0.0577027760446072,5.47100406813976,"almost_certain","BirdNET",NA,10.2198,-83.7874,FALSE,343,"Rufous-collared Sparrow","Zonotrichia capensis","#becf5c","avian","https://media.birdweather.com/species/343/Rufous-collaredSparrow-standard-e628a34c10763d215326702d59b67e0b.jpg","https://media.birdweather.com/species/343/Rufous-collaredSparrow-thumbnail-db656eeb106c0b7edbb744ed170bc0bc.jpg","https://media.birdweather.com/species/343/Rufous-collaredSparrow-png200-d701b3240aba667c8d7d0a08e4543d05.png","HgkGDwJwgXqoh3lbZgmUCqRklTf9QhcA",16385152370,"https://media.birdweather.com/soundscapes/19267/19267-20260902-142619.flac",1.5,4.5,"live"
10883071307,19267,"2026-09-02T08:02:49.500-06:00",0.744988918304443,0.387780725955963,8.04099880632735,"almost_certain","BirdNET",NA,10.2198,-83.7874,FALSE,321,"Palm Tanager","Thraupis palmarum","#008efd","avian","https://media.birdweather.com/species/321/PalmTanager-standard-cbade2e4973d8cb57c4014568207591d.jpg","https://media.birdweather.com/species/321/PalmTanager-thumbnail-66ffacacc3b9c5f5dad0cf97c949e40f.jpg","https://media.birdweather.com/species/321/PalmTanager-png200-100c123f8e9a99aad801e3e79a865873.png","lvkJHwR/d2lneYlEp0hrx2iL+XtlNZgA",16384458724,"https://media.birdweather.com/soundscapes/19267/19267-20260902-140245.flac",4.5,7.5,"live"
10882762808,19267,"2026-09-02T07:46:29.000-06:00",0.751123428344727,0.558731138706207,8.54954074211881,"almost_certain","BirdNET",NA,10.2198,-83.7874,FALSE,802,"Rufous-tailed Hummingbird","Amazilia tzacatl","#d9c845","avian","https://media.birdweather.com/species/802/Rufous-tailedHummingbird-standard-4d0209b50ad0c35c6d8337f5c0c16b55.jpg","https://media.birdweather.com/species/802/Rufous-tailedHummingbird-thumbnail-fbf17400c31564f70aa45927c5d75f5e.jpg","https://media.birdweather.com/species/802/Rufous-tailedHummingbird-png200-8ea431c9893cfe027e92471791a8c256.png","mPkJFwIHqJeJl4lriIaGhYh3+H+oVGAH",16383978726,"https://media.birdweather.com/soundscapes/19267/19267-20260902-134623.flac",6,9,"live"
10882223474,19267,"2026-09-02T07:16:47.000-06:00",0.854897320270538,0.772591352462769,9.27049634001787,"almost_certain","BirdNET",NA,10.2198,-83.7874,FALSE,229,"Great Kiskadee","Pitangus sulphuratus","#7d4410","avian","https://media.birdweather.com/species/229/GreatKiskadee-standard-cd28a1b8e8b8e5aed433e809c229004e.jpg","https://media.birdweather.com/species/229/GreatKiskadee-thumbnail-b2749ed2442fb322cf3c4cb72f9c97f6.jpg","https://media.birdweather.com/species/229/GreatKiskadee-png200-003973af4f863deb00a4ce9b6f10e59c.png","0PgFDwIrhYqfZJh1mVe3SZZ3uKEJBncG",16383107826,"https://media.birdweather.com/soundscapes/19267/19267-20260902-131641.flac",6,9,"live"
10882223470,19267,"2026-09-02T07:16:42.500-06:00",0.891210496425629,0.772591352462769,9.35733931907603,"almost_certain","BirdNET",NA,10.2198,-83.7874,FALSE,229,"Great Kiskadee","Pitangus sulphuratus","#7d4410","avian","https://media.birdweather.com/species/229/GreatKiskadee-standard-cd28a1b8e8b8e5aed433e809c229004e.jpg","https://media.birdweather.com/species/229/GreatKiskadee-thumbnail-b2749ed2442fb322cf3c4cb72f9c97f6.jpg","https://media.birdweather.com/species/229/GreatKiskadee-png200-003973af4f863deb00a4ce9b6f10e59c.png","0PgFDwIrhYqfZJh1mVe3SZZ3uKEJBncG",16383107826,"https://media.birdweather.com/soundscapes/19267/19267-20260902-131641.flac",1.5,4.5,"live"
10882052185,19267,"2026-09-02T07:06:38.000-06:00",0.842344999313354,0.912468075752258,9.46443538959146,"almost_certain","BirdNET",NA,10.2198,-83.7874,FALSE,254,"Great-tailed Grackle","Quiscalus mexicanus","#4cdf64","avian","https://media.birdweather.com/species/254/Great-tailedGrackle-standard-84167b7e46a2aae7f30286e714478461.jpg","https://media.birdweather.com/species/254/Great-tailedGrackle-thumbnail-388529862f53a8a975b80daf9e76e3ac.jpg","https://media.birdweather.com/species/254/Great-tailedGrackle-png200-ca2dc12559d8d2db107eefc8eff73513.png","GAgKDwKYmnVgeIeVhniHRXiahgv2mWAN",16382810959,"https://media.birdweather.com/soundscapes/19267/19267-20260902-130632.flac",6,9,"live"
10882041427,19267,"2026-09-02T07:05:59.000-06:00",0.92788565158844,0.912468075752258,9.665079749819,"almost_certain","BirdNET",NA,10.2198,-83.7874,FALSE,254,"Great-tailed Grackle","Quiscalus mexicanus","#4cdf64","avian","https://media.birdweather.com/species/254/Great-tailedGrackle-standard-84167b7e46a2aae7f30286e714478461.jpg","https://media.birdweather.com/species/254/Great-tailedGrackle-thumbnail-388529862f53a8a975b80daf9e76e3ac.jpg","https://media.birdweather.com/species/254/Great-tailedGrackle-png200-ca2dc12559d8d2db107eefc8eff73513.png","GAgKDwKYmnVgeIeVhniHRXiahgv2mWAN",16382792029,"https://media.birdweather.com/soundscapes/19267/19267-20260902-130553.flac",6,9,"live"
10882041423,19267,"2026-09-02T07:05:57.500-06:00",0.800231635570526,0.912468075752258,9.35369682814063,"almost_certain","BirdNET",NA,10.2198,-83.7874,FALSE,254,"Great-tailed Grackle","Quiscalus mexicanus","#4cdf64","avian","https://media.birdweather.com/species/254/Great-tailedGrackle-standard-84167b7e46a2aae7f30286e714478461.jpg","https://media.birdweather.com/species/254/Great-tailedGrackle-thumbnail-388529862f53a8a975b80daf9e76e3ac.jpg","https://media.birdweather.com/species/254/Great-tailedGrackle-png200-ca2dc12559d8d2db107eefc8eff73513.png","GAgKDwKYmnVgeIeVhniHRXiahgv2mWAN",16382792029,"https://media.birdweather.com/soundscapes/19267/19267-20260902-130553.flac",4.5,7.5,"live"
10882030606,19267,"2026-09-02T07:05:20.000-06:00",0.832473158836365,0.199899062514305,7.41108507881822,"almost_certain","BirdNET",NA,10.2198,-83.7874,FALSE,501,"White-winged Dove","Zenaida asiatica","#d16ff8","avian","https://media.birdweather.com/species/501/White-wingedDove-standard-6528ef689b07d5a91f1c2275cdef19c9.jpg","https://media.birdweather.com/species/501/White-wingedDove-thumbnail-4a940adfd5a6c78c73c48c5095e7b896.jpg","https://media.birdweather.com/species/501/White-wingedDove-png200-d65decd3d571b5a9dbeca249ef97689f.png","IscJLwb6hoVelZWZdoh3eIeIdxBoB4IG",16382773068,"https://media.birdweather.com/soundscapes/19267/19267-20260902-130514.flac",6,9,"live"
10882030601,19267,"2026-09-02T07:05:18.500-06:00",0.96165931224823,0.199899062514305,7.70867414848832,"almost_certain","BirdNET",NA,10.2198,-83.7874,FALSE,501,"White-winged Dove","Zenaida asiatica","#d16ff8","avian","https://media.birdweather.com/species/501/White-wingedDove-standard-6528ef689b07d5a91f1c2275cdef19c9.jpg","https://media.birdweather.com/species/501/White-wingedDove-thumbnail-4a940adfd5a6c78c73c48c5095e7b896.jpg","https://media.birdweather.com/species/501/White-wingedDove-png200-d65decd3d571b5a9dbeca249ef97689f.png","IscJLwb6hoVelZWZdoh3eIeIdxBoB4IG",16382773068,"https://media.birdweather.com/soundscapes/19267/19267-20260902-130514.flac",4.5,7.5,"live"
10882030585,19267,"2026-09-02T07:05:14.000-06:00",0.964147329330444,0.199899062514305,7.71381605575748,"almost_certain","BirdNET",NA,10.2198,-83.7874,FALSE,501,"White-winged Dove","Zenaida asiatica","#d16ff8","avian","https://media.birdweather.com/species/501/White-wingedDove-standard-6528ef689b07d5a91f1c2275cdef19c9.jpg","https://media.birdweather.com/species/501/White-wingedDove-thumbnail-4a940adfd5a6c78c73c48c5095e7b896.jpg","https://media.birdweather.com/species/501/White-wingedDove-png200-d65decd3d571b5a9dbeca249ef97689f.png","IscJLwb6hoVelZWZdoh3eIeIdxBoB4IG",16382773068,"https://media.birdweather.com/soundscapes/19267/19267-20260902-130514.flac",0,3,"live"
10882026645,19267,"2026-09-02T07:05:06.000-06:00",0.972366094589233,0.199899062514305,7.73066564385088,"almost_certain","BirdNET",NA,10.2198,-83.7874,FALSE,501,"White-winged Dove","Zenaida asiatica","#d16ff8","avian","https://media.birdweather.com/species/501/White-wingedDove-standard-6528ef689b07d5a91f1c2275cdef19c9.jpg","https://media.birdweather.com/species/501/White-wingedDove-thumbnail-4a940adfd5a6c78c73c48c5095e7b896.jpg","https://media.birdweather.com/species/501/White-wingedDove-png200-d65decd3d571b5a9dbeca249ef97689f.png","IscJLwb6hoVelZWZdoh3eIeIdxBoB4IG",16382765979,"https://media.birdweather.com/soundscapes/19267/19267-20260902-130500.flac",6,9,"live"
10881960435,19267,"2026-09-02T07:01:05.000-06:00",0.800365686416626,0.106048353016376,6.51399112317451,"almost_certain","BirdNET",NA,10.2198,-83.7874,FALSE,603,"Tropical Mockingbird","Mimus gilvus","#006e2a","avian","https://media.birdweather.com/species/603/TropicalMockingbird-standard-33be42788a38707b12f757d28526a492.jpg","https://media.birdweather.com/species/603/TropicalMockingbird-thumbnail-4f6417f6928c80a2cb70eb341f54fd79.jpg","https://media.birdweather.com/species/603/TropicalMockingbird-png200-9e94d27578943cfad1e7923fe23d2300.png","q+cJFwL4VohclXidhXh5aJh4qDAaGKYA",16382650487,"https://media.birdweather.com/soundscapes/19267/19267-20260902-130102.flac",3,6,"live"
10881924981,19267,"2026-09-02T06:58:57.000-06:00",0.930297315120697,0.106046214699745,6.83023371227049,"almost_certain","BirdNET",NA,10.2198,-83.7874,FALSE,603,"Tropical Mockingbird","Mimus gilvus","#006e2a","avian","https://media.birdweather.com/species/603/TropicalMockingbird-standard-33be42788a38707b12f757d28526a492.jpg","https://media.birdweather.com/species/603/TropicalMockingbird-thumbnail-4f6417f6928c80a2cb70eb341f54fd79.jpg","https://media.birdweather.com/species/603/TropicalMockingbird-png200-9e94d27578943cfad1e7923fe23d2300.png","q+cJFwL4VohclXidhXh5aJh4qDAaGKYA",16382586832,"https://media.birdweather.com/soundscapes/19267/19267-20260902-125851.flac",6,9,"live"
10881924977,19267,"2026-09-02T06:58:52.500-06:00",0.818395256996155,0.199886128306389,7.37429219760729,"almost_certain","BirdNET",NA,10.2198,-83.7874,FALSE,501,"White-winged Dove","Zenaida asiatica","#d16ff8","avian","https://media.birdweather.com/species/501/White-wingedDove-standard-6528ef689b07d5a91f1c2275cdef19c9.jpg","https://media.birdweather.com/species/501/White-wingedDove-thumbnail-4a940adfd5a6c78c73c48c5095e7b896.jpg","https://media.birdweather.com/species/501/White-wingedDove-png200-d65decd3d571b5a9dbeca249ef97689f.png","IscJLwb6hoVelZWZdoh3eIeIdxBoB4IG",16382586832,"https://media.birdweather.com/soundscapes/19267/19267-20260902-125851.flac",1.5,4.5,"live"
10881891819,19267,"2026-09-02T06:56:59.000-06:00",0.952562153339386,0.10604801774025,6.87781420838823,"almost_certain","BirdNET",NA,10.2198,-83.7874,FALSE,603,"Tropical Mockingbird","Mimus gilvus","#006e2a","avian","https://media.birdweather.com/species/603/TropicalMockingbird-standard-33be42788a38707b12f757d28526a492.jpg","https://media.birdweather.com/species/603/TropicalMockingbird-thumbnail-4f6417f6928c80a2cb70eb341f54fd79.jpg","https://media.birdweather.com/species/603/TropicalMockingbird-png200-9e94d27578943cfad1e7923fe23d2300.png","q+cJFwL4VohclXidhXh5aJh4qDAaGKYA",16382528670,"https://media.birdweather.com/soundscapes/19267/19267-20260902-125653.flac",6,9,"live"
10881891817,19267,"2026-09-02T06:56:57.500-06:00",0.92038106918335,0.10604801774025,6.80852992192294,"almost_certain","BirdNET",NA,10.2198,-83.7874,FALSE,603,"Tropical Mockingbird","Mimus gilvus","#006e2a","avian","https://media.birdweather.com/species/603/TropicalMockingbird-standard-33be42788a38707b12f757d28526a492.jpg","https://media.birdweather.com/species/603/TropicalMockingbird-thumbnail-4f6417f6928c80a2cb70eb341f54fd79.jpg","https://media.birdweather.com/species/603/TropicalMockingbird-png200-9e94d27578943cfad1e7923fe23d2300.png","q+cJFwL4VohclXidhXh5aJh4qDAaGKYA",16382528670,"https://media.birdweather.com/soundscapes/19267/19267-20260902-125653.flac",4.5,7.5,"live"
10881891811,19267,"2026-09-02T06:56:56.000-06:00",0.874642074108124,0.10604801774025,6.70360634871946,"almost_certain","BirdNET",NA,10.2198,-83.7874,FALSE,603,"Tropical Mockingbird","Mimus gilvus","#006e2a","avian","https://media.birdweather.com/species/603/TropicalMockingbird-standard-33be42788a38707b12f757d28526a492.jpg","https://media.birdweather.com/species/603/TropicalMockingbird-thumbnail-4f6417f6928c80a2cb70eb341f54fd79.jpg","https://media.birdweather.com/species/603/TropicalMockingbird-png200-9e94d27578943cfad1e7923fe23d2300.png","q+cJFwL4VohclXidhXh5aJh4qDAaGKYA",16382528670,"https://media.birdweather.com/soundscapes/19267/19267-20260902-125653.flac",3,6,"live"
10881891805,19267,"2026-09-02T06:56:54.500-06:00",0.945440292358398,0.10604801774025,6.86278026528828,"almost_certain","BirdNET",NA,10.2198,-83.7874,FALSE,603,"Tropical Mockingbird","Mimus gilvus","#006e2a","avian","https://media.birdweather.com/species/603/TropicalMockingbird-standard-33be42788a38707b12f757d28526a492.jpg","https://media.birdweather.com/species/603/TropicalMockingbird-thumbnail-4f6417f6928c80a2cb70eb341f54fd79.jpg","https://media.birdweather.com/species/603/TropicalMockingbird-png200-9e94d27578943cfad1e7923fe23d2300.png","q+cJFwL4VohclXidhXh5aJh4qDAaGKYA",16382528670,"https://media.birdweather.com/soundscapes/19267/19267-20260902-125653.flac",1.5,4.5,"live"
10881877502,19267,"2026-09-02T06:56:04.500-06:00",0.832181930541992,0.106047108769417,6.59843173049614,"almost_certain","BirdNET",NA,10.2198,-83.7874,FALSE,603,"Tropical Mockingbird","Mimus gilvus","#006e2a","avian","https://media.birdweather.com/species/603/TropicalMockingbird-standard-33be42788a38707b12f757d28526a492.jpg","https://media.birdweather.com/species/603/TropicalMockingbird-thumbnail-4f6417f6928c80a2cb70eb341f54fd79.jpg","https://media.birdweather.com/species/603/TropicalMockingbird-png200-9e94d27578943cfad1e7923fe23d2300.png","q+cJFwL4VohclXidhXh5aJh4qDAaGKYA",16382503023,"https://media.birdweather.com/soundscapes/19267/19267-20260902-125600.flac",4.5,7.5,"live"
10881768018,19267,"2026-09-02T06:49:21.000-06:00",0.921306669712067,0.391542166471481,8.51116506414046,"almost_certain","BirdNET",NA,10.2198,-83.7874,FALSE,880,"Boat-billed Flycatcher","Megarynchus pitangua","#aa005f","avian","https://media.birdweather.com/species/880/Boat-billedFlycatcher-standard-923cef341eedab79cf4ea985e1b1b5fc.jpg","https://media.birdweather.com/species/880/Boat-billedFlycatcher-thumbnail-03be235471939ac93a6f8121d84e0b42.jpg","https://media.birdweather.com/species/880/Boat-billedFlycatcher-png200-d437d3d92f6d042b491194f57680d511.png","ofgFDwKheqm/SZlHdcd2a2d2uo9dpwMG",16382307451,"https://media.birdweather.com/soundscapes/19267/19267-20260902-124918.flac",3,6,"live"
10881720261,19267,"2026-09-02T06:46:29.500-06:00",0.881859123706818,0.0893534049391747,6.50791580197859,"almost_certain","BirdNET",NA,10.2198,-83.7874,FALSE,646,"Smooth-billed Ani","Crotophaga ani","#006aa9","avian","https://media.birdweather.com/species/646/Smooth-billedAni-standard-1c1b9d4379f8bdb6fb0ac5e4d616bb9a.jpg","https://media.birdweather.com/species/646/Smooth-billedAni-thumbnail-209416ec9b9d377cea2c12685cc8d22a.jpg","https://media.birdweather.com/species/646/Smooth-billedAni-png200-58a914ed25b4952dcf15345fda7073c0.png","4QkGFwKEnGWiPbN/gItmbKiIds+YOHAJ",16382222862,"https://media.birdweather.com/soundscapes/19267/19267-20260902-124625.flac",4.5,7.5,"live"
10881702755,19267,"2026-09-02T06:45:23.000-06:00",0.720409631729126,0.912463545799255,9.11552695411333,"almost_certain","BirdNET",NA,10.2198,-83.7874,FALSE,254,"Great-tailed Grackle","Quiscalus mexicanus","#4cdf64","avian","https://media.birdweather.com/species/254/Great-tailedGrackle-standard-84167b7e46a2aae7f30286e714478461.jpg","https://media.birdweather.com/species/254/Great-tailedGrackle-thumbnail-388529862f53a8a975b80daf9e76e3ac.jpg","https://media.birdweather.com/species/254/Great-tailedGrackle-png200-ca2dc12559d8d2db107eefc8eff73513.png","GAgKDwKYmnVgeIeVhniHRXiahgv2mWAN",16382191317,"https://media.birdweather.com/soundscapes/19267/19267-20260902-124517.flac",6,9,"live"
10881694790,19267,"2026-09-02T06:44:52.500-06:00",0.739361882209778,0.199875324964523,7.14760369149923,"almost_certain","BirdNET",NA,10.2198,-83.7874,FALSE,501,"White-winged Dove","Zenaida asiatica","#d16ff8","avian","https://media.birdweather.com/species/501/White-wingedDove-standard-6528ef689b07d5a91f1c2275cdef19c9.jpg","https://media.birdweather.com/species/501/White-wingedDove-thumbnail-4a940adfd5a6c78c73c48c5095e7b896.jpg","https://media.birdweather.com/species/501/White-wingedDove-png200-d65decd3d571b5a9dbeca249ef97689f.png","IscJLwb6hoVelZWZdoh3eIeIdxBoB4IG",16382177285,"https://media.birdweather.com/soundscapes/19267/19267-20260902-124451.flac",1.5,4.5,"live"
10881680337,19267,"2026-09-02T06:44:01.000-06:00",0.877303421497345,0.199875324964523,7.52167476914258,"almost_certain","BirdNET",NA,10.2198,-83.7874,FALSE,501,"White-winged Dove","Zenaida asiatica","#d16ff8","avian","https://media.birdweather.com/species/501/White-wingedDove-standard-6528ef689b07d5a91f1c2275cdef19c9.jpg","https://media.birdweather.com/species/501/White-wingedDove-thumbnail-4a940adfd5a6c78c73c48c5095e7b896.jpg","https://media.birdweather.com/species/501/White-wingedDove-png200-d65decd3d571b5a9dbeca249ef97689f.png","IscJLwb6hoVelZWZdoh3eIeIdxBoB4IG",16382151690,"https://media.birdweather.com/soundscapes/19267/19267-20260902-124358.flac",3,6,"live"
10881680332,19267,"2026-09-02T06:43:59.500-06:00",0.990555107593536,0.199875324964523,7.76707984026132,"almost_certain","BirdNET",NA,10.2198,-83.7874,FALSE,501,"White-winged Dove","Zenaida asiatica","#d16ff8","avian","https://media.birdweather.com/species/501/White-wingedDove-standard-6528ef689b07d5a91f1c2275cdef19c9.jpg","https://media.birdweather.com/species/501/White-wingedDove-thumbnail-4a940adfd5a6c78c73c48c5095e7b896.jpg","https://media.birdweather.com/species/501/White-wingedDove-png200-d65decd3d571b5a9dbeca249ef97689f.png","IscJLwb6hoVelZWZdoh3eIeIdxBoB4IG",16382151690,"https://media.birdweather.com/soundscapes/19267/19267-20260902-124358.flac",1.5,4.5,"live"
10881680328,19267,"2026-09-02T06:43:58.000-06:00",0.830934405326843,0.199875324964523,7.40696534644442,"almost_certain","BirdNET",NA,10.2198,-83.7874,FALSE,501,"White-winged Dove","Zenaida asiatica","#d16ff8","avian","https://media.birdweather.com/species/501/White-wingedDove-standard-6528ef689b07d5a91f1c2275cdef19c9.jpg","https://media.birdweather.com/species/501/White-wingedDove-thumbnail-4a940adfd5a6c78c73c48c5095e7b896.jpg","https://media.birdweather.com/species/501/White-wingedDove-png200-d65decd3d571b5a9dbeca249ef97689f.png","IscJLwb6hoVelZWZdoh3eIeIdxBoB4IG",16382151690,"https://media.birdweather.com/soundscapes/19267/19267-20260902-124358.flac",0,3,"live"
10881676180,19267,"2026-09-02T06:43:50.000-06:00",0.952534794807434,0.19988027215004,7.68952723232811,"almost_certain","BirdNET",NA,10.2198,-83.7874,FALSE,501,"White-winged Dove","Zenaida asiatica","#d16ff8","avian","https://media.birdweather.com/species/501/White-wingedDove-standard-6528ef689b07d5a91f1c2275cdef19c9.jpg","https://media.birdweather.com/species/501/White-wingedDove-thumbnail-4a940adfd5a6c78c73c48c5095e7b896.jpg","https://media.birdweather.com/species/501/White-wingedDove-png200-d65decd3d571b5a9dbeca249ef97689f.png","IscJLwb6hoVelZWZdoh3eIeIdxBoB4IG",16382144649,"https://media.birdweather.com/soundscapes/19267/19267-20260902-124344.flac",6,9,"live"
10881676175,19267,"2026-09-02T06:43:48.500-06:00",0.970722019672394,0.19988027215004,7.72718895743643,"almost_certain","BirdNET",NA,10.2198,-83.7874,FALSE,501,"White-winged Dove","Zenaida asiatica","#d16ff8","avian","https://media.birdweather.com/species/501/White-wingedDove-standard-6528ef689b07d5a91f1c2275cdef19c9.jpg","https://media.birdweather.com/species/501/White-wingedDove-thumbnail-4a940adfd5a6c78c73c48c5095e7b896.jpg","https://media.birdweather.com/species/501/White-wingedDove-png200-d65decd3d571b5a9dbeca249ef97689f.png","IscJLwb6hoVelZWZdoh3eIeIdxBoB4IG",16382144649,"https://media.birdweather.com/soundscapes/19267/19267-20260902-124344.flac",4.5,7.5,"live"
10881676170,19267,"2026-09-02T06:43:47.000-06:00",0.894070088863373,0.19988027215004,7.56092922856813,"almost_certain","BirdNET",NA,10.2198,-83.7874,FALSE,501,"White-winged Dove","Zenaida asiatica","#d16ff8","avian","https://media.birdweather.com/species/501/White-wingedDove-standard-6528ef689b07d5a91f1c2275cdef19c9.jpg","https://media.birdweather.com/species/501/White-wingedDove-thumbnail-4a940adfd5a6c78c73c48c5095e7b896.jpg","https://media.birdweather.com/species/501/White-wingedDove-png200-d65decd3d571b5a9dbeca249ef97689f.png","IscJLwb6hoVelZWZdoh3eIeIdxBoB4IG",16382144649,"https://media.birdweather.com/soundscapes/19267/19267-20260902-124344.flac",3,6,"live"
10881672847,19267,"2026-09-02T06:43:35.000-06:00",0.817579984664917,0.19988027215004,7.37209769773341,"almost_certain","BirdNET",NA,10.2198,-83.7874,FALSE,501,"White-winged Dove","Zenaida asiatica","#d16ff8","avian","https://media.birdweather.com/species/501/White-wingedDove-standard-6528ef689b07d5a91f1c2275cdef19c9.jpg","https://media.birdweather.com/species/501/White-wingedDove-thumbnail-4a940adfd5a6c78c73c48c5095e7b896.jpg","https://media.birdweather.com/species/501/White-wingedDove-png200-d65decd3d571b5a9dbeca249ef97689f.png","IscJLwb6hoVelZWZdoh3eIeIdxBoB4IG",16382138647,"https://media.birdweather.com/soundscapes/19267/19267-20260902-124332.flac",3,6,"live"
10881672846,19267,"2026-09-02T06:43:33.500-06:00",0.76574182510376,0.19988027215004,7.22751801419718,"almost_certain","BirdNET",NA,10.2198,-83.7874,FALSE,501,"White-winged Dove","Zenaida asiatica","#d16ff8","avian","https://media.birdweather.com/species/501/White-wingedDove-standard-6528ef689b07d5a91f1c2275cdef19c9.jpg","https://media.birdweather.com/species/501/White-wingedDove-thumbnail-4a940adfd5a6c78c73c48c5095e7b896.jpg","https://media.birdweather.com/species/501/White-wingedDove-png200-d65decd3d571b5a9dbeca249ef97689f.png","IscJLwb6hoVelZWZdoh3eIeIdxBoB4IG",16382138647,"https://media.birdweather.com/soundscapes/19267/19267-20260902-124332.flac",1.5,4.5,"live"
10881669349,19267,"2026-09-02T06:43:25.000-06:00",0.935824155807495,0.19988027215004,7.65398611334052,"almost_certain","BirdNET",NA,10.2198,-83.7874,FALSE,501,"White-winged Dove","Zenaida asiatica","#d16ff8","avian","https://media.birdweather.com/species/501/White-wingedDove-standard-6528ef689b07d5a91f1c2275cdef19c9.jpg","https://media.birdweather.com/species/501/White-wingedDove-thumbnail-4a940adfd5a6c78c73c48c5095e7b896.jpg","https://media.birdweather.com/species/501/White-wingedDove-png200-d65decd3d571b5a9dbeca249ef97689f.png","IscJLwb6hoVelZWZdoh3eIeIdxBoB4IG",16382132585,"https://media.birdweather.com/soundscapes/19267/19267-20260902-124319.flac",6,9,"live"
10881669348,19267,"2026-09-02T06:43:23.500-06:00",0.834321081638336,0.19988027215004,7.41570871840878,"almost_certain","BirdNET",NA,10.2198,-83.7874,FALSE,501,"White-winged Dove","Zenaida asiatica","#d16ff8","avian","https://media.birdweather.com/species/501/White-wingedDove-standard-6528ef689b07d5a91f1c2275cdef19c9.jpg","https://media.birdweather.com/species/501/White-wingedDove-thumbnail-4a940adfd5a6c78c73c48c5095e7b896.jpg","https://media.birdweather.com/species/501/White-wingedDove-png200-d65decd3d571b5a9dbeca249ef97689f.png","IscJLwb6hoVelZWZdoh3eIeIdxBoB4IG",16382132585,"https://media.birdweather.com/soundscapes/19267/19267-20260902-124319.flac",4.5,7.5,"live"
10881669342,19267,"2026-09-02T06:43:19.000-06:00",0.73696905374527,0.19988027215004,7.14015437479496,"almost_certain","BirdNET",NA,10.2198,-83.7874,FALSE,501,"White-winged Dove","Zenaida asiatica","#d16ff8","avian","https://media.birdweather.com/species/501/White-wingedDove-standard-6528ef689b07d5a91f1c2275cdef19c9.jpg","https://media.birdweather.com/species/501/White-wingedDove-thumbnail-4a940adfd5a6c78c73c48c5095e7b896.jpg","https://media.birdweather.com/species/501/White-wingedDove-png200-d65decd3d571b5a9dbeca249ef97689f.png","IscJLwb6hoVelZWZdoh3eIeIdxBoB4IG",16382132585,"https://media.birdweather.com/soundscapes/19267/19267-20260902-124319.flac",0,3,"live"
10881662097,19267,"2026-09-02T06:42:53.500-06:00",0.958666086196899,0.19988027215004,7.7023398082642,"almost_certain","BirdNET",NA,10.2198,-83.7874,FALSE,501,"White-winged Dove","Zenaida asiatica","#d16ff8","avian","https://media.birdweather.com/species/501/White-wingedDove-standard-6528ef689b07d5a91f1c2275cdef19c9.jpg","https://media.birdweather.com/species/501/White-wingedDove-thumbnail-4a940adfd5a6c78c73c48c5095e7b896.jpg","https://media.birdweather.com/species/501/White-wingedDove-png200-d65decd3d571b5a9dbeca249ef97689f.png","IscJLwb6hoVelZWZdoh3eIeIdxBoB4IG",16382119373,"https://media.birdweather.com/soundscapes/19267/19267-20260902-124252.flac",1.5,4.5,"live"
10881662093,19267,"2026-09-02T06:42:52.000-06:00",0.95910382270813,0.19988027215004,7.70324998087991,"almost_certain","BirdNET",NA,10.2198,-83.7874,FALSE,501,"White-winged Dove","Zenaida asiatica","#d16ff8","avian","https://media.birdweather.com/species/501/White-wingedDove-standard-6528ef689b07d5a91f1c2275cdef19c9.jpg","https://media.birdweather.com/species/501/White-wingedDove-thumbnail-4a940adfd5a6c78c73c48c5095e7b896.jpg","https://media.birdweather.com/species/501/White-wingedDove-png200-d65decd3d571b5a9dbeca249ef97689f.png","IscJLwb6hoVelZWZdoh3eIeIdxBoB4IG",16382119373,"https://media.birdweather.com/soundscapes/19267/19267-20260902-124252.flac",0,3,"live"
10881658673,19267,"2026-09-02T06:42:43.500-06:00",0.913371324539185,0.170279026031494,7.39644943270329,"almost_certain","BirdNET",NA,10.2198,-83.7874,FALSE,349,"Southern Lapwing","Vanellus chilensis","#008b44","avian","https://media.birdweather.com/species/349/SouthernLapwing-standard-02014dbe85174d8ed1a9e83d1367f600.jpg","https://media.birdweather.com/species/349/SouthernLapwing-thumbnail-33b4d17a45224d79dbf2a0a3aa5ea2c7.jpg","https://media.birdweather.com/species/349/SouthernLapwing-png200-1801892688cffe6fb6fd8c00fbf91764.png","XhkGDwDoWodoiXerVYpYCZVFGq/V3xQD",16382113142,"https://media.birdweather.com/soundscapes/19267/19267-20260902-124239.flac",4.5,7.5,"live"
10881654707,19267,"2026-09-02T06:42:28.000-06:00",0.9836106300354,0.199863538146019,7.75315592837192,"almost_certain","BirdNET",NA,10.2198,-83.7874,FALSE,501,"White-winged Dove","Zenaida asiatica","#d16ff8","avian","https://media.birdweather.com/species/501/White-wingedDove-standard-6528ef689b07d5a91f1c2275cdef19c9.jpg","https://media.birdweather.com/species/501/White-wingedDove-thumbnail-4a940adfd5a6c78c73c48c5095e7b896.jpg","https://media.birdweather.com/species/501/White-wingedDove-png200-d65decd3d571b5a9dbeca249ef97689f.png","IscJLwb6hoVelZWZdoh3eIeIdxBoB4IG",16382106264,"https://media.birdweather.com/soundscapes/19267/19267-20260902-124225.flac",3,6,"live"
10881654703,19267,"2026-09-02T06:42:26.500-06:00",0.840960502624512,0.199863538146019,7.43251806901383,"almost_certain","BirdNET",NA,10.2198,-83.7874,FALSE,501,"White-winged Dove","Zenaida asiatica","#d16ff8","avian","https://media.birdweather.com/species/501/White-wingedDove-standard-6528ef689b07d5a91f1c2275cdef19c9.jpg","https://media.birdweather.com/species/501/White-wingedDove-thumbnail-4a940adfd5a6c78c73c48c5095e7b896.jpg","https://media.birdweather.com/species/501/White-wingedDove-png200-d65decd3d571b5a9dbeca249ef97689f.png","IscJLwb6hoVelZWZdoh3eIeIdxBoB4IG",16382106264,"https://media.birdweather.com/soundscapes/19267/19267-20260902-124225.flac",1.5,4.5,"live"
10881651294,19267,"2026-09-02T06:42:19.000-06:00",0.954448401927948,0.199863538146019,7.69342974426591,"almost_certain","BirdNET",NA,10.2198,-83.7874,FALSE,501,"White-winged Dove","Zenaida asiatica","#d16ff8","avian","https://media.birdweather.com/species/501/White-wingedDove-standard-6528ef689b07d5a91f1c2275cdef19c9.jpg","https://media.birdweather.com/species/501/White-wingedDove-thumbnail-4a940adfd5a6c78c73c48c5095e7b896.jpg","https://media.birdweather.com/species/501/White-wingedDove-png200-d65decd3d571b5a9dbeca249ef97689f.png","IscJLwb6hoVelZWZdoh3eIeIdxBoB4IG",16382099967,"https://media.birdweather.com/soundscapes/19267/19267-20260902-124213.flac",6,9,"live"
10881651288,19267,"2026-09-02T06:42:16.000-06:00",0.724462509155273,0.199863538146019,7.10026212907393,"almost_certain","BirdNET",NA,10.2198,-83.7874,FALSE,501,"White-winged Dove","Zenaida asiatica","#d16ff8","avian","https://media.birdweather.com/species/501/White-wingedDove-standard-6528ef689b07d5a91f1c2275cdef19c9.jpg","https://media.birdweather.com/species/501/White-wingedDove-thumbnail-4a940adfd5a6c78c73c48c5095e7b896.jpg","https://media.birdweather.com/species/501/White-wingedDove-png200-d65decd3d571b5a9dbeca249ef97689f.png","IscJLwb6hoVelZWZdoh3eIeIdxBoB4IG",16382099967,"https://media.birdweather.com/soundscapes/19267/19267-20260902-124213.flac",3,6,"live"
10881647808,19267,"2026-09-02T06:42:06.000-06:00",0.715237200260162,0.199864685535431,7.07016556758404,"almost_certain","BirdNET",NA,10.2198,-83.7874,FALSE,501,"White-winged Dove","Zenaida asiatica","#d16ff8","avian","https://media.birdweather.com/species/501/White-wingedDove-standard-6528ef689b07d5a91f1c2275cdef19c9.jpg","https://media.birdweather.com/species/501/White-wingedDove-thumbnail-4a940adfd5a6c78c73c48c5095e7b896.jpg","https://media.birdweather.com/species/501/White-wingedDove-png200-d65decd3d571b5a9dbeca249ef97689f.png","IscJLwb6hoVelZWZdoh3eIeIdxBoB4IG",16382093878,"https://media.birdweather.com/soundscapes/19267/19267-20260902-124200.flac",6,9,"live"
10881647804,19267,"2026-09-02T06:42:04.500-06:00",0.925337076187134,0.199864685535431,7.63109960389056,"almost_certain","BirdNET",NA,10.2198,-83.7874,FALSE,501,"White-winged Dove","Zenaida asiatica","#d16ff8","avian","https://media.birdweather.com/species/501/White-wingedDove-standard-6528ef689b07d5a91f1c2275cdef19c9.jpg","https://media.birdweather.com/species/501/White-wingedDove-thumbnail-4a940adfd5a6c78c73c48c5095e7b896.jpg","https://media.birdweather.com/species/501/White-wingedDove-png200-d65decd3d571b5a9dbeca249ef97689f.png","IscJLwb6hoVelZWZdoh3eIeIdxBoB4IG",16382093878,"https://media.birdweather.com/soundscapes/19267/19267-20260902-124200.flac",4.5,7.5,"live"
10881518157,19267,"2026-09-02T06:34:17.000-06:00",0.853211402893066,0.772585451602936,9.26631726994902,"almost_certain","BirdNET",NA,10.2198,-83.7874,FALSE,229,"Great Kiskadee","Pitangus sulphuratus","#7d4410","avian","https://media.birdweather.com/species/229/GreatKiskadee-standard-cd28a1b8e8b8e5aed433e809c229004e.jpg","https://media.birdweather.com/species/229/GreatKiskadee-thumbnail-b2749ed2442fb322cf3c4cb72f9c97f6.jpg","https://media.birdweather.com/species/229/GreatKiskadee-png200-003973af4f863deb00a4ce9b6f10e59c.png","0PgFDwIrhYqfZJh1mVe3SZZ3uKEJBncG",16381864695,"https://media.birdweather.com/soundscapes/19267/19267-20260902-123411.flac",6,9,"live"
10881503027,19267,"2026-09-02T06:33:24.000-06:00",0.847042560577393,0.772590160369873,9.25096287356931,"almost_certain","BirdNET",NA,10.2198,-83.7874,FALSE,229,"Great Kiskadee","Pitangus sulphuratus","#7d4410","avian","https://media.birdweather.com/species/229/GreatKiskadee-standard-cd28a1b8e8b8e5aed433e809c229004e.jpg","https://media.birdweather.com/species/229/GreatKiskadee-thumbnail-b2749ed2442fb322cf3c4cb72f9c97f6.jpg","https://media.birdweather.com/species/229/GreatKiskadee-png200-003973af4f863deb00a4ce9b6f10e59c.png","0PgFDwIrhYqfZJh1mVe3SZZ3uKEJBncG",16381838368,"https://media.birdweather.com/soundscapes/19267/19267-20260902-123318.flac",6,9,"live"
10881503018,19267,"2026-09-02T06:33:19.500-06:00",0.950876116752625,0.772590160369873,9.48905890077271,"almost_certain","BirdNET",NA,10.2198,-83.7874,FALSE,229,"Great Kiskadee","Pitangus sulphuratus","#7d4410","avian","https://media.birdweather.com/species/229/GreatKiskadee-standard-cd28a1b8e8b8e5aed433e809c229004e.jpg","https://media.birdweather.com/species/229/GreatKiskadee-thumbnail-b2749ed2442fb322cf3c4cb72f9c97f6.jpg","https://media.birdweather.com/species/229/GreatKiskadee-png200-003973af4f863deb00a4ce9b6f10e59c.png","0PgFDwIrhYqfZJh1mVe3SZZ3uKEJBncG",16381838368,"https://media.birdweather.com/soundscapes/19267/19267-20260902-123318.flac",1.5,4.5,"live"
10881499219,19267,"2026-09-02T06:33:05.500-06:00",0.964255034923553,0.772585213184357,9.51692540720944,"almost_certain","BirdNET",NA,10.2198,-83.7874,FALSE,229,"Great Kiskadee","Pitangus sulphuratus","#7d4410","avian","https://media.birdweather.com/species/229/GreatKiskadee-standard-cd28a1b8e8b8e5aed433e809c229004e.jpg","https://media.birdweather.com/species/229/GreatKiskadee-thumbnail-b2749ed2442fb322cf3c4cb72f9c97f6.jpg","https://media.birdweather.com/species/229/GreatKiskadee-png200-003973af4f863deb00a4ce9b6f10e59c.png","0PgFDwIrhYqfZJh1mVe3SZZ3uKEJBncG",16381831722,"https://media.birdweather.com/soundscapes/19267/19267-20260902-123304.flac",1.5,4.5,"live"
10881499216,19267,"2026-09-02T06:33:04.000-06:00",0.955552041530609,0.772585213184357,9.49885720014838,"almost_certain","BirdNET",NA,10.2198,-83.7874,FALSE,229,"Great Kiskadee","Pitangus sulphuratus","#7d4410","avian","https://media.birdweather.com/species/229/GreatKiskadee-standard-cd28a1b8e8b8e5aed433e809c229004e.jpg","https://media.birdweather.com/species/229/GreatKiskadee-thumbnail-b2749ed2442fb322cf3c4cb72f9c97f6.jpg","https://media.birdweather.com/species/229/GreatKiskadee-png200-003973af4f863deb00a4ce9b6f10e59c.png","0PgFDwIrhYqfZJh1mVe3SZZ3uKEJBncG",16381831722,"https://media.birdweather.com/soundscapes/19267/19267-20260902-123304.flac",0,3,"live"
10881492171,19267,"2026-09-02T06:32:41.000-06:00",0.782665193080902,0.772582709789276,9.07942120624132,"almost_certain","BirdNET",NA,10.2198,-83.7874,FALSE,229,"Great Kiskadee","Pitangus sulphuratus","#7d4410","avian","https://media.birdweather.com/species/229/GreatKiskadee-standard-cd28a1b8e8b8e5aed433e809c229004e.jpg","https://media.birdweather.com/species/229/GreatKiskadee-thumbnail-b2749ed2442fb322cf3c4cb72f9c97f6.jpg","https://media.birdweather.com/species/229/GreatKiskadee-png200-003973af4f863deb00a4ce9b6f10e59c.png","0PgFDwIrhYqfZJh1mVe3SZZ3uKEJBncG",16381819304,"https://media.birdweather.com/soundscapes/19267/19267-20260902-123238.flac",3,6,"live"
10881492169,19267,"2026-09-02T06:32:39.500-06:00",0.881585896015167,0.772582709789276,9.33483776499226,"almost_certain","BirdNET",NA,10.2198,-83.7874,FALSE,229,"Great Kiskadee","Pitangus sulphuratus","#7d4410","avian","https://media.birdweather.com/species/229/GreatKiskadee-standard-cd28a1b8e8b8e5aed433e809c229004e.jpg","https://media.birdweather.com/species/229/GreatKiskadee-thumbnail-b2749ed2442fb322cf3c4cb72f9c97f6.jpg","https://media.birdweather.com/species/229/GreatKiskadee-png200-003973af4f863deb00a4ce9b6f10e59c.png","0PgFDwIrhYqfZJh1mVe3SZZ3uKEJBncG",16381819304,"https://media.birdweather.com/soundscapes/19267/19267-20260902-123238.flac",1.5,4.5,"live"
10881492167,19267,"2026-09-02T06:32:38.000-06:00",0.980946242809296,0.772582709789276,9.55092058867594,"almost_certain","BirdNET",NA,10.2198,-83.7874,FALSE,229,"Great Kiskadee","Pitangus sulphuratus","#7d4410","avian","https://media.birdweather.com/species/229/GreatKiskadee-standard-cd28a1b8e8b8e5aed433e809c229004e.jpg","https://media.birdweather.com/species/229/GreatKiskadee-thumbnail-b2749ed2442fb322cf3c4cb72f9c97f6.jpg","https://media.birdweather.com/species/229/GreatKiskadee-png200-003973af4f863deb00a4ce9b6f10e59c.png","0PgFDwIrhYqfZJh1mVe3SZZ3uKEJBncG",16381819304,"https://media.birdweather.com/soundscapes/19267/19267-20260902-123238.flac",0,3,"live"
10881488208,19267,"2026-09-02T06:32:30.000-06:00",0.781910359859467,0.77258437871933,9.07727992732154,"almost_certain","BirdNET",NA,10.2198,-83.7874,FALSE,229,"Great Kiskadee","Pitangus sulphuratus","#7d4410","avian","https://media.birdweather.com/species/229/GreatKiskadee-standard-cd28a1b8e8b8e5aed433e809c229004e.jpg","https://media.birdweather.com/species/229/GreatKiskadee-thumbnail-b2749ed2442fb322cf3c4cb72f9c97f6.jpg","https://media.birdweather.com/species/229/GreatKiskadee-png200-003973af4f863deb00a4ce9b6f10e59c.png","0PgFDwIrhYqfZJh1mVe3SZZ3uKEJBncG",16381812237,"https://media.birdweather.com/soundscapes/19267/19267-20260902-123224.flac",6,9,"live"
10881488207,19267,"2026-09-02T06:32:28.500-06:00",0.907638490200043,0.77258437871933,9.39487606085765,"almost_certain","BirdNET",NA,10.2198,-83.7874,FALSE,229,"Great Kiskadee","Pitangus sulphuratus","#7d4410","avian","https://media.birdweather.com/species/229/GreatKiskadee-standard-cd28a1b8e8b8e5aed433e809c229004e.jpg","https://media.birdweather.com/species/229/GreatKiskadee-thumbnail-b2749ed2442fb322cf3c4cb72f9c97f6.jpg","https://media.birdweather.com/species/229/GreatKiskadee-png200-003973af4f863deb00a4ce9b6f10e59c.png","0PgFDwIrhYqfZJh1mVe3SZZ3uKEJBncG",16381812237,"https://media.birdweather.com/soundscapes/19267/19267-20260902-123224.flac",4.5,7.5,"live"
10881488205,19267,"2026-09-02T06:32:27.000-06:00",0.972923278808594,0.77258437871933,9.53468621541526,"almost_certain","BirdNET",NA,10.2198,-83.7874,FALSE,229,"Great Kiskadee","Pitangus sulphuratus","#7d4410","avian","https://media.birdweather.com/species/229/GreatKiskadee-standard-cd28a1b8e8b8e5aed433e809c229004e.jpg","https://media.birdweather.com/species/229/GreatKiskadee-thumbnail-b2749ed2442fb322cf3c4cb72f9c97f6.jpg","https://media.birdweather.com/species/229/GreatKiskadee-png200-003973af4f863deb00a4ce9b6f10e59c.png","0PgFDwIrhYqfZJh1mVe3SZZ3uKEJBncG",16381812237,"https://media.birdweather.com/soundscapes/19267/19267-20260902-123224.flac",3,6,"live"
10881488202,19267,"2026-09-02T06:32:25.500-06:00",0.960130989551544,0.77258437871933,9.50839175061217,"almost_certain","BirdNET",NA,10.2198,-83.7874,FALSE,229,"Great Kiskadee","Pitangus sulphuratus","#7d4410","avian","https://media.birdweather.com/species/229/GreatKiskadee-standard-cd28a1b8e8b8e5aed433e809c229004e.jpg","https://media.birdweather.com/species/229/GreatKiskadee-thumbnail-b2749ed2442fb322cf3c4cb72f9c97f6.jpg","https://media.birdweather.com/species/229/GreatKiskadee-png200-003973af4f863deb00a4ce9b6f10e59c.png","0PgFDwIrhYqfZJh1mVe3SZZ3uKEJBncG",16381812237,"https://media.birdweather.com/soundscapes/19267/19267-20260902-123224.flac",1.5,4.5,"live"
10881488200,19267,"2026-09-02T06:32:24.000-06:00",0.870157420635223,0.77258437871933,9.3076514250338,"almost_certain","BirdNET",NA,10.2198,-83.7874,FALSE,229,"Great Kiskadee","Pitangus sulphuratus","#7d4410","avian","https://media.birdweather.com/species/229/GreatKiskadee-standard-cd28a1b8e8b8e5aed433e809c229004e.jpg","https://media.birdweather.com/species/229/GreatKiskadee-thumbnail-b2749ed2442fb322cf3c4cb72f9c97f6.jpg","https://media.birdweather.com/species/229/GreatKiskadee-png200-003973af4f863deb00a4ce9b6f10e59c.png","0PgFDwIrhYqfZJh1mVe3SZZ3uKEJBncG",16381812237,"https://media.birdweather.com/soundscapes/19267/19267-20260902-123224.flac",0,3,"live"
10881451672,19267,"2026-09-02T06:30:12.000-06:00",0.797120869159698,0.772585809230804,9.11985528114971,"almost_certain","BirdNET",NA,10.2198,-83.7874,FALSE,229,"Great Kiskadee","Pitangus sulphuratus","#7d4410","avian","https://media.birdweather.com/species/229/GreatKiskadee-standard-cd28a1b8e8b8e5aed433e809c229004e.jpg","https://media.birdweather.com/species/229/GreatKiskadee-thumbnail-b2749ed2442fb322cf3c4cb72f9c97f6.jpg","https://media.birdweather.com/species/229/GreatKiskadee-png200-003973af4f863deb00a4ce9b6f10e59c.png","0PgFDwIrhYqfZJh1mVe3SZZ3uKEJBncG",16381747557,"https://media.birdweather.com/soundscapes/19267/19267-20260902-123012.flac",0,3,"live"
10881421559,19267,"2026-09-02T06:28:31.000-06:00",0.733955442905426,0.772591948509216,8.9336949046614,"almost_certain","BirdNET",NA,10.2198,-83.7874,FALSE,229,"Great Kiskadee","Pitangus sulphuratus","#7d4410","avian","https://media.birdweather.com/species/229/GreatKiskadee-standard-cd28a1b8e8b8e5aed433e809c229004e.jpg","https://media.birdweather.com/species/229/GreatKiskadee-thumbnail-b2749ed2442fb322cf3c4cb72f9c97f6.jpg","https://media.birdweather.com/species/229/GreatKiskadee-png200-003973af4f863deb00a4ce9b6f10e59c.png","0PgFDwIrhYqfZJh1mVe3SZZ3uKEJBncG",16381695581,"https://media.birdweather.com/soundscapes/19267/19267-20260902-122825.flac",6,9,"live"
10881421558,19267,"2026-09-02T06:28:28.000-06:00",0.786784768104553,0.772591948509216,9.09108078971421,"almost_certain","BirdNET",NA,10.2198,-83.7874,FALSE,229,"Great Kiskadee","Pitangus sulphuratus","#7d4410","avian","https://media.birdweather.com/species/229/GreatKiskadee-standard-cd28a1b8e8b8e5aed433e809c229004e.jpg","https://media.birdweather.com/species/229/GreatKiskadee-thumbnail-b2749ed2442fb322cf3c4cb72f9c97f6.jpg","https://media.birdweather.com/species/229/GreatKiskadee-png200-003973af4f863deb00a4ce9b6f10e59c.png","0PgFDwIrhYqfZJh1mVe3SZZ3uKEJBncG",16381695581,"https://media.birdweather.com/soundscapes/19267/19267-20260902-122825.flac",3,6,"live"
10881387894,19267,"2026-09-02T06:26:27.500-06:00",0.731360554695129,0.772588789463043,8.92547270558913,"almost_certain","BirdNET",NA,10.2198,-83.7874,FALSE,229,"Great Kiskadee","Pitangus sulphuratus","#7d4410","avian","https://media.birdweather.com/species/229/GreatKiskadee-standard-cd28a1b8e8b8e5aed433e809c229004e.jpg","https://media.birdweather.com/species/229/GreatKiskadee-thumbnail-b2749ed2442fb322cf3c4cb72f9c97f6.jpg","https://media.birdweather.com/species/229/GreatKiskadee-png200-003973af4f863deb00a4ce9b6f10e59c.png","0PgFDwIrhYqfZJh1mVe3SZZ3uKEJBncG",16381636173,"https://media.birdweather.com/soundscapes/19267/19267-20260902-122623.flac",4.5,7.5,"live"
10881384172,19267,"2026-09-02T06:26:11.500-06:00",0.735663712024689,0.772589266300201,8.93907263825326,"almost_certain","BirdNET",NA,10.2198,-83.7874,FALSE,229,"Great Kiskadee","Pitangus sulphuratus","#7d4410","avian","https://media.birdweather.com/species/229/GreatKiskadee-standard-cd28a1b8e8b8e5aed433e809c229004e.jpg","https://media.birdweather.com/species/229/GreatKiskadee-thumbnail-b2749ed2442fb322cf3c4cb72f9c97f6.jpg","https://media.birdweather.com/species/229/GreatKiskadee-png200-003973af4f863deb00a4ce9b6f10e59c.png","0PgFDwIrhYqfZJh1mVe3SZZ3uKEJBncG",16381629686,"https://media.birdweather.com/soundscapes/19267/19267-20260902-122610.flac",1.5,4.5,"live"
10881365448,19267,"2026-09-02T06:25:06.000-06:00",0.753240406513214,0.772586464881897,8.993254029392,"almost_certain","BirdNET",NA,10.2198,-83.7874,FALSE,229,"Great Kiskadee","Pitangus sulphuratus","#7d4410","avian","https://media.birdweather.com/species/229/GreatKiskadee-standard-cd28a1b8e8b8e5aed433e809c229004e.jpg","https://media.birdweather.com/species/229/GreatKiskadee-thumbnail-b2749ed2442fb322cf3c4cb72f9c97f6.jpg","https://media.birdweather.com/species/229/GreatKiskadee-png200-003973af4f863deb00a4ce9b6f10e59c.png","0PgFDwIrhYqfZJh1mVe3SZZ3uKEJBncG",16381597000,"https://media.birdweather.com/soundscapes/19267/19267-20260902-122503.flac",3,6,"live"
10881362097,19267,"2026-09-02T06:24:57.000-06:00",0.751233160495758,0.772586762905121,8.98717381717282,"almost_certain","BirdNET",NA,10.2198,-83.7874,FALSE,229,"Great Kiskadee","Pitangus sulphuratus","#7d4410","avian","https://media.birdweather.com/species/229/GreatKiskadee-standard-cd28a1b8e8b8e5aed433e809c229004e.jpg","https://media.birdweather.com/species/229/GreatKiskadee-thumbnail-b2749ed2442fb322cf3c4cb72f9c97f6.jpg","https://media.birdweather.com/species/229/GreatKiskadee-png200-003973af4f863deb00a4ce9b6f10e59c.png","0PgFDwIrhYqfZJh1mVe3SZZ3uKEJBncG",16381590894,"https://media.birdweather.com/soundscapes/19267/19267-20260902-122451.flac",6,9,"live"
10881340028,19267,"2026-09-02T06:23:35.000-06:00",0.781535267829895,0.772588908672333,9.07622111101917,"almost_certain","BirdNET",NA,10.2198,-83.7874,FALSE,229,"Great Kiskadee","Pitangus sulphuratus","#7d4410","avian","https://media.birdweather.com/species/229/GreatKiskadee-standard-cd28a1b8e8b8e5aed433e809c229004e.jpg","https://media.birdweather.com/species/229/GreatKiskadee-thumbnail-b2749ed2442fb322cf3c4cb72f9c97f6.jpg","https://media.birdweather.com/species/229/GreatKiskadee-png200-003973af4f863deb00a4ce9b6f10e59c.png","0PgFDwIrhYqfZJh1mVe3SZZ3uKEJBncG",16381552092,"https://media.birdweather.com/soundscapes/19267/19267-20260902-122332.flac",3,6,"live"
10881340024,19267,"2026-09-02T06:23:33.500-06:00",0.804889917373657,0.772588908672333,9.14110560677327,"almost_certain","BirdNET",NA,10.2198,-83.7874,FALSE,229,"Great Kiskadee","Pitangus sulphuratus","#7d4410","avian","https://media.birdweather.com/species/229/GreatKiskadee-standard-cd28a1b8e8b8e5aed433e809c229004e.jpg","https://media.birdweather.com/species/229/GreatKiskadee-thumbnail-b2749ed2442fb322cf3c4cb72f9c97f6.jpg","https://media.birdweather.com/species/229/GreatKiskadee-png200-003973af4f863deb00a4ce9b6f10e59c.png","0PgFDwIrhYqfZJh1mVe3SZZ3uKEJBncG",16381552092,"https://media.birdweather.com/soundscapes/19267/19267-20260902-122332.flac",1.5,4.5,"live"
10881309860,19267,"2026-09-02T06:21:45.500-06:00",0.733395457267761,0.199875324964523,7.12887195670547,"almost_certain","BirdNET",NA,10.2198,-83.7874,FALSE,501,"White-winged Dove","Zenaida asiatica","#d16ff8","avian","https://media.birdweather.com/species/501/White-wingedDove-standard-6528ef689b07d5a91f1c2275cdef19c9.jpg","https://media.birdweather.com/species/501/White-wingedDove-thumbnail-4a940adfd5a6c78c73c48c5095e7b896.jpg","https://media.birdweather.com/species/501/White-wingedDove-png200-d65decd3d571b5a9dbeca249ef97689f.png","IscJLwb6hoVelZWZdoh3eIeIdxBoB4IG",16381499586,"https://media.birdweather.com/soundscapes/19267/19267-20260902-122144.flac",1.5,4.5,"live"
10881142007,19267,"2026-09-02T06:11:37.000-06:00",0.82792329788208,0.0577024929225445,5.84916829380855,"almost_certain","BirdNET",NA,10.2198,-83.7874,FALSE,343,"Rufous-collared Sparrow","Zonotrichia capensis","#becf5c","avian","https://media.birdweather.com/species/343/Rufous-collaredSparrow-standard-e628a34c10763d215326702d59b67e0b.jpg","https://media.birdweather.com/species/343/Rufous-collaredSparrow-thumbnail-db656eeb106c0b7edbb744ed170bc0bc.jpg","https://media.birdweather.com/species/343/Rufous-collaredSparrow-png200-d701b3240aba667c8d7d0a08e4543d05.png","HgkGDwJwgXqoh3lbZgmUCqRklTf9QhcA",16381202588,"https://media.birdweather.com/soundscapes/19267/19267-20260902-121137.flac",0,3,"live"
10880969588,19267,"2026-09-02T06:00:49.000-06:00",0.995213389396667,0.199890732765198,7.7763910000539,"almost_certain","BirdNET",NA,10.2198,-83.7874,FALSE,501,"White-winged Dove","Zenaida asiatica","#d16ff8","avian","https://media.birdweather.com/species/501/White-wingedDove-standard-6528ef689b07d5a91f1c2275cdef19c9.jpg","https://media.birdweather.com/species/501/White-wingedDove-thumbnail-4a940adfd5a6c78c73c48c5095e7b896.jpg","https://media.birdweather.com/species/501/White-wingedDove-png200-d65decd3d571b5a9dbeca249ef97689f.png","IscJLwb6hoVelZWZdoh3eIeIdxBoB4IG",16380886626,"https://media.birdweather.com/soundscapes/19267/19267-20260902-120049.flac",0,3,"live"
10880962174,19267,"2026-09-02T06:00:23.500-06:00",0.948232591152191,0.199885442852974,7.68049857873122,"almost_certain","BirdNET",NA,10.2198,-83.7874,FALSE,501,"White-winged Dove","Zenaida asiatica","#d16ff8","avian","https://media.birdweather.com/species/501/White-wingedDove-standard-6528ef689b07d5a91f1c2275cdef19c9.jpg","https://media.birdweather.com/species/501/White-wingedDove-thumbnail-4a940adfd5a6c78c73c48c5095e7b896.jpg","https://media.birdweather.com/species/501/White-wingedDove-png200-d65decd3d571b5a9dbeca249ef97689f.png","IscJLwb6hoVelZWZdoh3eIeIdxBoB4IG",16380873322,"https://media.birdweather.com/soundscapes/19267/19267-20260902-120022.flac",1.5,4.5,"live"
10880962173,19267,"2026-09-02T06:00:22.000-06:00",0.876857936382294,0.199885442852974,7.52068322414206,"almost_certain","BirdNET",NA,10.2198,-83.7874,FALSE,501,"White-winged Dove","Zenaida asiatica","#d16ff8","avian","https://media.birdweather.com/species/501/White-wingedDove-standard-6528ef689b07d5a91f1c2275cdef19c9.jpg","https://media.birdweather.com/species/501/White-wingedDove-thumbnail-4a940adfd5a6c78c73c48c5095e7b896.jpg","https://media.birdweather.com/species/501/White-wingedDove-png200-d65decd3d571b5a9dbeca249ef97689f.png","IscJLwb6hoVelZWZdoh3eIeIdxBoB4IG",16380873322,"https://media.birdweather.com/soundscapes/19267/19267-20260902-120022.flac",0,3,"live"
10880958943,19267,"2026-09-02T06:00:14.500-06:00",0.958007395267487,0.199887529015541,7.70101643967875,"almost_certain","BirdNET",NA,10.2198,-83.7874,FALSE,501,"White-winged Dove","Zenaida asiatica","#d16ff8","avian","https://media.birdweather.com/species/501/White-wingedDove-standard-6528ef689b07d5a91f1c2275cdef19c9.jpg","https://media.birdweather.com/species/501/White-wingedDove-thumbnail-4a940adfd5a6c78c73c48c5095e7b896.jpg","https://media.birdweather.com/species/501/White-wingedDove-png200-d65decd3d571b5a9dbeca249ef97689f.png","IscJLwb6hoVelZWZdoh3eIeIdxBoB4IG",16380867278,"https://media.birdweather.com/soundscapes/19267/19267-20260902-120010.flac",4.5,7.5,"live"
10880958924,19267,"2026-09-02T06:00:10.000-06:00",0.814254760742188,0.199887529015541,7.36331502340874,"almost_certain","BirdNET",NA,10.2198,-83.7874,FALSE,501,"White-winged Dove","Zenaida asiatica","#d16ff8","avian","https://media.birdweather.com/species/501/White-wingedDove-standard-6528ef689b07d5a91f1c2275cdef19c9.jpg","https://media.birdweather.com/species/501/White-wingedDove-thumbnail-4a940adfd5a6c78c73c48c5095e7b896.jpg","https://media.birdweather.com/species/501/White-wingedDove-png200-d65decd3d571b5a9dbeca249ef97689f.png","IscJLwb6hoVelZWZdoh3eIeIdxBoB4IG",16380867278,"https://media.birdweather.com/soundscapes/19267/19267-20260902-120010.flac",0,3,"live"
10880955826,19267,"2026-09-02T06:00:01.000-06:00",0.805976271629333,0.199887529015541,7.34108127702755,"almost_certain","BirdNET",NA,10.2198,-83.7874,FALSE,501,"White-winged Dove","Zenaida asiatica","#d16ff8","avian","https://media.birdweather.com/species/501/White-wingedDove-standard-6528ef689b07d5a91f1c2275cdef19c9.jpg","https://media.birdweather.com/species/501/White-wingedDove-thumbnail-4a940adfd5a6c78c73c48c5095e7b896.jpg","https://media.birdweather.com/species/501/White-wingedDove-png200-d65decd3d571b5a9dbeca249ef97689f.png","IscJLwb6hoVelZWZdoh3eIeIdxBoB4IG",16380861292,"https://media.birdweather.com/soundscapes/19267/19267-20260902-115958.flac",3,6,"live"
10880955823,19267,"2026-09-02T05:59:59.500-06:00",0.902763366699219,0.199887529015541,7.58087911582713,"almost_certain","BirdNET",NA,10.2198,-83.7874,FALSE,501,"White-winged Dove","Zenaida asiatica","#d16ff8","avian","https://media.birdweather.com/species/501/White-wingedDove-standard-6528ef689b07d5a91f1c2275cdef19c9.jpg","https://media.birdweather.com/species/501/White-wingedDove-thumbnail-4a940adfd5a6c78c73c48c5095e7b896.jpg","https://media.birdweather.com/species/501/White-wingedDove-png200-d65decd3d571b5a9dbeca249ef97689f.png","IscJLwb6hoVelZWZdoh3eIeIdxBoB4IG",16380861292,"https://media.birdweather.com/soundscapes/19267/19267-20260902-115958.flac",1.5,4.5,"live"
10880948488,19267,"2026-09-02T05:59:37.000-06:00",0.920226573944092,0.199887529015541,7.62000653519193,"almost_certain","BirdNET",NA,10.2198,-83.7874,FALSE,501,"White-winged Dove","Zenaida asiatica","#d16ff8","avian","https://media.birdweather.com/species/501/White-wingedDove-standard-6528ef689b07d5a91f1c2275cdef19c9.jpg","https://media.birdweather.com/species/501/White-wingedDove-thumbnail-4a940adfd5a6c78c73c48c5095e7b896.jpg","https://media.birdweather.com/species/501/White-wingedDove-png200-d65decd3d571b5a9dbeca249ef97689f.png","IscJLwb6hoVelZWZdoh3eIeIdxBoB4IG",16380848198,"https://media.birdweather.com/soundscapes/19267/19267-20260902-115931.flac",6,9,"live"
10880945210,19267,"2026-09-02T05:59:19.500-06:00",0.733154773712158,0.199895083904266,7.12823989818641,"almost_certain","BirdNET",NA,10.2198,-83.7874,FALSE,501,"White-winged Dove","Zenaida asiatica","#d16ff8","avian","https://media.birdweather.com/species/501/White-wingedDove-standard-6528ef689b07d5a91f1c2275cdef19c9.jpg","https://media.birdweather.com/species/501/White-wingedDove-thumbnail-4a940adfd5a6c78c73c48c5095e7b896.jpg","https://media.birdweather.com/species/501/White-wingedDove-png200-d65decd3d571b5a9dbeca249ef97689f.png","IscJLwb6hoVelZWZdoh3eIeIdxBoB4IG",16380842106,"https://media.birdweather.com/soundscapes/19267/19267-20260902-115918.flac",1.5,4.5,"live"
10880945207,19267,"2026-09-02T05:59:18.000-06:00",0.977998614311218,0.199895083904266,7.74206858307147,"almost_certain","BirdNET",NA,10.2198,-83.7874,FALSE,501,"White-winged Dove","Zenaida asiatica","#d16ff8","avian","https://media.birdweather.com/species/501/White-wingedDove-standard-6528ef689b07d5a91f1c2275cdef19c9.jpg","https://media.birdweather.com/species/501/White-wingedDove-thumbnail-4a940adfd5a6c78c73c48c5095e7b896.jpg","https://media.birdweather.com/species/501/White-wingedDove-png200-d65decd3d571b5a9dbeca249ef97689f.png","IscJLwb6hoVelZWZdoh3eIeIdxBoB4IG",16380842106,"https://media.birdweather.com/soundscapes/19267/19267-20260902-115918.flac",0,3,"live"
10880941413,19267,"2026-09-02T05:59:08.500-06:00",0.76735132932663,0.199895083904266,7.23234096042935,"almost_certain","BirdNET",NA,10.2198,-83.7874,FALSE,501,"White-winged Dove","Zenaida asiatica","#d16ff8","avian","https://media.birdweather.com/species/501/White-wingedDove-standard-6528ef689b07d5a91f1c2275cdef19c9.jpg","https://media.birdweather.com/species/501/White-wingedDove-thumbnail-4a940adfd5a6c78c73c48c5095e7b896.jpg","https://media.birdweather.com/species/501/White-wingedDove-png200-d65decd3d571b5a9dbeca249ef97689f.png","IscJLwb6hoVelZWZdoh3eIeIdxBoB4IG",16380835060,"https://media.birdweather.com/soundscapes/19267/19267-20260902-115904.flac",4.5,7.5,"live"
10880941408,19267,"2026-09-02T05:59:07.000-06:00",0.908210754394531,0.199895083904266,7.593253995251,"almost_certain","BirdNET",NA,10.2198,-83.7874,FALSE,501,"White-winged Dove","Zenaida asiatica","#d16ff8","avian","https://media.birdweather.com/species/501/White-wingedDove-standard-6528ef689b07d5a91f1c2275cdef19c9.jpg","https://media.birdweather.com/species/501/White-wingedDove-thumbnail-4a940adfd5a6c78c73c48c5095e7b896.jpg","https://media.birdweather.com/species/501/White-wingedDove-png200-d65decd3d571b5a9dbeca249ef97689f.png","IscJLwb6hoVelZWZdoh3eIeIdxBoB4IG",16380835060,"https://media.birdweather.com/soundscapes/19267/19267-20260902-115904.flac",3,6,"live"
10880941395,19267,"2026-09-02T05:59:04.000-06:00",0.742925345897675,0.199895083904266,7.15879929248994,"almost_certain","BirdNET",NA,10.2198,-83.7874,FALSE,501,"White-winged Dove","Zenaida asiatica","#d16ff8","avian","https://media.birdweather.com/species/501/White-wingedDove-standard-6528ef689b07d5a91f1c2275cdef19c9.jpg","https://media.birdweather.com/species/501/White-wingedDove-thumbnail-4a940adfd5a6c78c73c48c5095e7b896.jpg","https://media.birdweather.com/species/501/White-wingedDove-png200-d65decd3d571b5a9dbeca249ef97689f.png","IscJLwb6hoVelZWZdoh3eIeIdxBoB4IG",16380835060,"https://media.birdweather.com/soundscapes/19267/19267-20260902-115904.flac",0,3,"live"
10880938152,19267,"2026-09-02T05:58:54.500-06:00",0.922516942024231,0.199895083904266,7.62510565496481,"almost_certain","BirdNET",NA,10.2198,-83.7874,FALSE,501,"White-winged Dove","Zenaida asiatica","#d16ff8","avian","https://media.birdweather.com/species/501/White-wingedDove-standard-6528ef689b07d5a91f1c2275cdef19c9.jpg","https://media.birdweather.com/species/501/White-wingedDove-thumbnail-4a940adfd5a6c78c73c48c5095e7b896.jpg","https://media.birdweather.com/species/501/White-wingedDove-png200-d65decd3d571b5a9dbeca249ef97689f.png","IscJLwb6hoVelZWZdoh3eIeIdxBoB4IG",16380829056,"https://media.birdweather.com/soundscapes/19267/19267-20260902-115850.flac",4.5,7.5,"live"
10880938149,19267,"2026-09-02T05:58:53.000-06:00",0.787075281143188,0.199895083904266,7.28897320736498,"almost_certain","BirdNET",NA,10.2198,-83.7874,FALSE,501,"White-winged Dove","Zenaida asiatica","#d16ff8","avian","https://media.birdweather.com/species/501/White-wingedDove-standard-6528ef689b07d5a91f1c2275cdef19c9.jpg","https://media.birdweather.com/species/501/White-wingedDove-thumbnail-4a940adfd5a6c78c73c48c5095e7b896.jpg","https://media.birdweather.com/species/501/White-wingedDove-png200-d65decd3d571b5a9dbeca249ef97689f.png","IscJLwb6hoVelZWZdoh3eIeIdxBoB4IG",16380829056,"https://media.birdweather.com/soundscapes/19267/19267-20260902-115850.flac",3,6,"live"
10880934673,19267,"2026-09-02T05:58:42.500-06:00",0.761956334114075,0.199895083904266,7.21643400782974,"almost_certain","BirdNET",NA,10.2198,-83.7874,FALSE,501,"White-winged Dove","Zenaida asiatica","#d16ff8","avian","https://media.birdweather.com/species/501/White-wingedDove-standard-6528ef689b07d5a91f1c2275cdef19c9.jpg","https://media.birdweather.com/species/501/White-wingedDove-thumbnail-4a940adfd5a6c78c73c48c5095e7b896.jpg","https://media.birdweather.com/species/501/White-wingedDove-png200-d65decd3d571b5a9dbeca249ef97689f.png","IscJLwb6hoVelZWZdoh3eIeIdxBoB4IG",16380822626,"https://media.birdweather.com/soundscapes/19267/19267-20260902-115838.flac",4.5,7.5,"live"
10880934671,19267,"2026-09-02T05:58:41.000-06:00",0.838944554328918,0.199895083904266,7.42760899478277,"almost_certain","BirdNET",NA,10.2198,-83.7874,FALSE,501,"White-winged Dove","Zenaida asiatica","#d16ff8","avian","https://media.birdweather.com/species/501/White-wingedDove-standard-6528ef689b07d5a91f1c2275cdef19c9.jpg","https://media.birdweather.com/species/501/White-wingedDove-thumbnail-4a940adfd5a6c78c73c48c5095e7b896.jpg","https://media.birdweather.com/species/501/White-wingedDove-png200-d65decd3d571b5a9dbeca249ef97689f.png","IscJLwb6hoVelZWZdoh3eIeIdxBoB4IG",16380822626,"https://media.birdweather.com/soundscapes/19267/19267-20260902-115838.flac",3,6,"live"
10880930974,19267,"2026-09-02T05:58:25.500-06:00",0.874922454357147,0.199895083904266,7.51614178109626,"almost_certain","BirdNET",NA,10.2198,-83.7874,FALSE,501,"White-winged Dove","Zenaida asiatica","#d16ff8","avian","https://media.birdweather.com/species/501/White-wingedDove-standard-6528ef689b07d5a91f1c2275cdef19c9.jpg","https://media.birdweather.com/species/501/White-wingedDove-thumbnail-4a940adfd5a6c78c73c48c5095e7b896.jpg","https://media.birdweather.com/species/501/White-wingedDove-png200-d65decd3d571b5a9dbeca249ef97689f.png","IscJLwb6hoVelZWZdoh3eIeIdxBoB4IG",16380815780,"https://media.birdweather.com/soundscapes/19267/19267-20260902-115824.flac",1.5,4.5,"live"
10880930972,19267,"2026-09-02T05:58:24.000-06:00",0.807079255580902,0.199895083904266,7.34411381879242,"almost_certain","BirdNET",NA,10.2198,-83.7874,FALSE,501,"White-winged Dove","Zenaida asiatica","#d16ff8","avian","https://media.birdweather.com/species/501/White-wingedDove-standard-6528ef689b07d5a91f1c2275cdef19c9.jpg","https://media.birdweather.com/species/501/White-wingedDove-thumbnail-4a940adfd5a6c78c73c48c5095e7b896.jpg","https://media.birdweather.com/species/501/White-wingedDove-png200-d65decd3d571b5a9dbeca249ef97689f.png","IscJLwb6hoVelZWZdoh3eIeIdxBoB4IG",16380815780,"https://media.birdweather.com/soundscapes/19267/19267-20260902-115824.flac",0,3,"live"
10880924317,19267,"2026-09-02T05:57:59.500-06:00",0.981600880622864,0.199895083904266,7.74932824507243,"almost_certain","BirdNET",NA,10.2198,-83.7874,FALSE,501,"White-winged Dove","Zenaida asiatica","#d16ff8","avian","https://media.birdweather.com/species/501/White-wingedDove-standard-6528ef689b07d5a91f1c2275cdef19c9.jpg","https://media.birdweather.com/species/501/White-wingedDove-thumbnail-4a940adfd5a6c78c73c48c5095e7b896.jpg","https://media.birdweather.com/species/501/White-wingedDove-png200-d65decd3d571b5a9dbeca249ef97689f.png","IscJLwb6hoVelZWZdoh3eIeIdxBoB4IG",16380803288,"https://media.birdweather.com/soundscapes/19267/19267-20260902-115758.flac",1.5,4.5,"live"
10880924316,19267,"2026-09-02T05:57:58.000-06:00",0.915347635746002,0.199895083904266,7.60923629477707,"almost_certain","BirdNET",NA,10.2198,-83.7874,FALSE,501,"White-winged Dove","Zenaida asiatica","#d16ff8","avian","https://media.birdweather.com/species/501/White-wingedDove-standard-6528ef689b07d5a91f1c2275cdef19c9.jpg","https://media.birdweather.com/species/501/White-wingedDove-thumbnail-4a940adfd5a6c78c73c48c5095e7b896.jpg","https://media.birdweather.com/species/501/White-wingedDove-png200-d65decd3d571b5a9dbeca249ef97689f.png","IscJLwb6hoVelZWZdoh3eIeIdxBoB4IG",16380803288,"https://media.birdweather.com/soundscapes/19267/19267-20260902-115758.flac",0,3,"live"
10880913802,19267,"2026-09-02T05:57:23.000-06:00",0.951970279216766,0.199916020035744,7.68857484168107,"almost_certain","BirdNET",NA,10.2198,-83.7874,FALSE,501,"White-winged Dove","Zenaida asiatica","#d16ff8","avian","https://media.birdweather.com/species/501/White-wingedDove-standard-6528ef689b07d5a91f1c2275cdef19c9.jpg","https://media.birdweather.com/species/501/White-wingedDove-thumbnail-4a940adfd5a6c78c73c48c5095e7b896.jpg","https://media.birdweather.com/species/501/White-wingedDove-png200-d65decd3d571b5a9dbeca249ef97689f.png","IscJLwb6hoVelZWZdoh3eIeIdxBoB4IG",16380783308,"https://media.birdweather.com/soundscapes/19267/19267-20260902-115717.flac",6,9,"live"
10880913797,19267,"2026-09-02T05:57:21.500-06:00",0.851340532302856,0.199916020035744,7.45889936594675,"almost_certain","BirdNET",NA,10.2198,-83.7874,FALSE,501,"White-winged Dove","Zenaida asiatica","#d16ff8","avian","https://media.birdweather.com/species/501/White-wingedDove-standard-6528ef689b07d5a91f1c2275cdef19c9.jpg","https://media.birdweather.com/species/501/White-wingedDove-thumbnail-4a940adfd5a6c78c73c48c5095e7b896.jpg","https://media.birdweather.com/species/501/White-wingedDove-png200-d65decd3d571b5a9dbeca249ef97689f.png","IscJLwb6hoVelZWZdoh3eIeIdxBoB4IG",16380783308,"https://media.birdweather.com/soundscapes/19267/19267-20260902-115717.flac",4.5,7.5,"live"
10880913783,19267,"2026-09-02T05:57:17.000-06:00",0.973610520362854,0.199916020035744,7.73330959424015,"almost_certain","BirdNET",NA,10.2198,-83.7874,FALSE,501,"White-winged Dove","Zenaida asiatica","#d16ff8","avian","https://media.birdweather.com/species/501/White-wingedDove-standard-6528ef689b07d5a91f1c2275cdef19c9.jpg","https://media.birdweather.com/species/501/White-wingedDove-thumbnail-4a940adfd5a6c78c73c48c5095e7b896.jpg","https://media.birdweather.com/species/501/White-wingedDove-png200-d65decd3d571b5a9dbeca249ef97689f.png","IscJLwb6hoVelZWZdoh3eIeIdxBoB4IG",16380783308,"https://media.birdweather.com/soundscapes/19267/19267-20260902-115717.flac",0,3,"live"
10880910184,19267,"2026-09-02T05:57:03.000-06:00",0.932677507400513,0.772590160369873,9.45020775315204,"almost_certain","BirdNET",NA,10.2198,-83.7874,FALSE,229,"Great Kiskadee","Pitangus sulphuratus","#7d4410","avian","https://media.birdweather.com/species/229/GreatKiskadee-standard-cd28a1b8e8b8e5aed433e809c229004e.jpg","https://media.birdweather.com/species/229/GreatKiskadee-thumbnail-b2749ed2442fb322cf3c4cb72f9c97f6.jpg","https://media.birdweather.com/species/229/GreatKiskadee-png200-003973af4f863deb00a4ce9b6f10e59c.png","0PgFDwIrhYqfZJh1mVe3SZZ3uKEJBncG",16380776265,"https://media.birdweather.com/soundscapes/19267/19267-20260902-115703.flac",0,3,"live"
10880906939,19267,"2026-09-02T05:56:56.000-06:00",0.935011386871338,0.199902951717377,7.65238176660808,"almost_certain","BirdNET",NA,10.2198,-83.7874,FALSE,501,"White-winged Dove","Zenaida asiatica","#d16ff8","avian","https://media.birdweather.com/species/501/White-wingedDove-standard-6528ef689b07d5a91f1c2275cdef19c9.jpg","https://media.birdweather.com/species/501/White-wingedDove-thumbnail-4a940adfd5a6c78c73c48c5095e7b896.jpg","https://media.birdweather.com/species/501/White-wingedDove-png200-d65decd3d571b5a9dbeca249ef97689f.png","IscJLwb6hoVelZWZdoh3eIeIdxBoB4IG",16380770235,"https://media.birdweather.com/soundscapes/19267/19267-20260902-115650.flac",6,9,"live"
10880906936,19267,"2026-09-02T05:56:53.000-06:00",0.89089834690094,0.772590160369873,9.3566137034671,"almost_certain","BirdNET",NA,10.2198,-83.7874,FALSE,229,"Great Kiskadee","Pitangus sulphuratus","#7d4410","avian","https://media.birdweather.com/species/229/GreatKiskadee-standard-cd28a1b8e8b8e5aed433e809c229004e.jpg","https://media.birdweather.com/species/229/GreatKiskadee-thumbnail-b2749ed2442fb322cf3c4cb72f9c97f6.jpg","https://media.birdweather.com/species/229/GreatKiskadee-png200-003973af4f863deb00a4ce9b6f10e59c.png","0PgFDwIrhYqfZJh1mVe3SZZ3uKEJBncG",16380770235,"https://media.birdweather.com/soundscapes/19267/19267-20260902-115650.flac",3,6,"live"
10880906931,19267,"2026-09-02T05:56:50.000-06:00",0.858328878879547,0.199902951717377,7.47606995447787,"almost_certain","BirdNET",NA,10.2198,-83.7874,FALSE,501,"White-winged Dove","Zenaida asiatica","#d16ff8","avian","https://media.birdweather.com/species/501/White-wingedDove-standard-6528ef689b07d5a91f1c2275cdef19c9.jpg","https://media.birdweather.com/species/501/White-wingedDove-thumbnail-4a940adfd5a6c78c73c48c5095e7b896.jpg","https://media.birdweather.com/species/501/White-wingedDove-png200-d65decd3d571b5a9dbeca249ef97689f.png","IscJLwb6hoVelZWZdoh3eIeIdxBoB4IG",16380770235,"https://media.birdweather.com/soundscapes/19267/19267-20260902-115650.flac",0,3,"live"
10880903448,19267,"2026-09-02T05:56:43.000-06:00",0.805852890014648,0.199886843562126,7.34074268951132,"almost_certain","BirdNET",NA,10.2198,-83.7874,FALSE,501,"White-winged Dove","Zenaida asiatica","#d16ff8","avian","https://media.birdweather.com/species/501/White-wingedDove-standard-6528ef689b07d5a91f1c2275cdef19c9.jpg","https://media.birdweather.com/species/501/White-wingedDove-thumbnail-4a940adfd5a6c78c73c48c5095e7b896.jpg","https://media.birdweather.com/species/501/White-wingedDove-png200-d65decd3d571b5a9dbeca249ef97689f.png","IscJLwb6hoVelZWZdoh3eIeIdxBoB4IG",16380763985,"https://media.birdweather.com/soundscapes/19267/19267-20260902-115637.flac",6,9,"live"
10880903439,19267,"2026-09-02T05:56:40.000-06:00",0.755143046379089,0.199886843562126,7.19602391958445,"almost_certain","BirdNET",NA,10.2198,-83.7874,FALSE,501,"White-winged Dove","Zenaida asiatica","#d16ff8","avian","https://media.birdweather.com/species/501/White-wingedDove-standard-6528ef689b07d5a91f1c2275cdef19c9.jpg","https://media.birdweather.com/species/501/White-wingedDove-thumbnail-4a940adfd5a6c78c73c48c5095e7b896.jpg","https://media.birdweather.com/species/501/White-wingedDove-png200-d65decd3d571b5a9dbeca249ef97689f.png","IscJLwb6hoVelZWZdoh3eIeIdxBoB4IG",16380763985,"https://media.birdweather.com/soundscapes/19267/19267-20260902-115637.flac",3,6,"live"
10880903434,19267,"2026-09-02T05:56:38.500-06:00",0.938355922698975,0.199886843562126,7.65947333273119,"almost_certain","BirdNET",NA,10.2198,-83.7874,FALSE,501,"White-winged Dove","Zenaida asiatica","#d16ff8","avian","https://media.birdweather.com/species/501/White-wingedDove-standard-6528ef689b07d5a91f1c2275cdef19c9.jpg","https://media.birdweather.com/species/501/White-wingedDove-thumbnail-4a940adfd5a6c78c73c48c5095e7b896.jpg","https://media.birdweather.com/species/501/White-wingedDove-png200-d65decd3d571b5a9dbeca249ef97689f.png","IscJLwb6hoVelZWZdoh3eIeIdxBoB4IG",16380763985,"https://media.birdweather.com/soundscapes/19267/19267-20260902-115637.flac",1.5,4.5,"live"
10880882316,19267,"2026-09-02T05:55:18.500-06:00",0.851187467575073,0.199893787503242,7.45837386332441,"almost_certain","BirdNET",NA,10.2198,-83.7874,FALSE,501,"White-winged Dove","Zenaida asiatica","#d16ff8","avian","https://media.birdweather.com/species/501/White-wingedDove-standard-6528ef689b07d5a91f1c2275cdef19c9.jpg","https://media.birdweather.com/species/501/White-wingedDove-thumbnail-4a940adfd5a6c78c73c48c5095e7b896.jpg","https://media.birdweather.com/species/501/White-wingedDove-png200-d65decd3d571b5a9dbeca249ef97689f.png","IscJLwb6hoVelZWZdoh3eIeIdxBoB4IG",16380724655,"https://media.birdweather.com/soundscapes/19267/19267-20260902-115517.flac",1.5,4.5,"live"
10880878565,19267,"2026-09-02T05:55:06.500-06:00",0.976011037826538,0.199900716543198,7.73808324628037,"almost_certain","BirdNET",NA,10.2198,-83.7874,FALSE,501,"White-winged Dove","Zenaida asiatica","#d16ff8","avian","https://media.birdweather.com/species/501/White-wingedDove-standard-6528ef689b07d5a91f1c2275cdef19c9.jpg","https://media.birdweather.com/species/501/White-wingedDove-thumbnail-4a940adfd5a6c78c73c48c5095e7b896.jpg","https://media.birdweather.com/species/501/White-wingedDove-png200-d65decd3d571b5a9dbeca249ef97689f.png","IscJLwb6hoVelZWZdoh3eIeIdxBoB4IG",16380717764,"https://media.birdweather.com/soundscapes/19267/19267-20260902-115502.flac",4.5,7.5,"live"
10880874967,19267,"2026-09-02T05:54:50.000-06:00",0.725639045238495,0.199900716543198,7.10429695809262,"almost_certain","BirdNET",NA,10.2198,-83.7874,FALSE,501,"White-winged Dove","Zenaida asiatica","#d16ff8","avian","https://media.birdweather.com/species/501/White-wingedDove-standard-6528ef689b07d5a91f1c2275cdef19c9.jpg","https://media.birdweather.com/species/501/White-wingedDove-thumbnail-4a940adfd5a6c78c73c48c5095e7b896.jpg","https://media.birdweather.com/species/501/White-wingedDove-png200-d65decd3d571b5a9dbeca249ef97689f.png","IscJLwb6hoVelZWZdoh3eIeIdxBoB4IG",16380711433,"https://media.birdweather.com/soundscapes/19267/19267-20260902-115450.flac",0,3,"live"
10880614788,19267,"2026-09-02T05:38:17.000-06:00",0.750313580036163,0.199887901544571,7.18141625092665,"almost_certain","BirdNET",NA,10.2198,-83.7874,FALSE,501,"White-winged Dove","Zenaida asiatica","#d16ff8","avian","https://media.birdweather.com/species/501/White-wingedDove-standard-6528ef689b07d5a91f1c2275cdef19c9.jpg","https://media.birdweather.com/species/501/White-wingedDove-thumbnail-4a940adfd5a6c78c73c48c5095e7b896.jpg","https://media.birdweather.com/species/501/White-wingedDove-png200-d65decd3d571b5a9dbeca249ef97689f.png","IscJLwb6hoVelZWZdoh3eIeIdxBoB4IG",16380224643,"https://media.birdweather.com/soundscapes/19267/19267-20260902-113811.flac",6,9,"live"
10880614784,19267,"2026-09-02T05:38:15.500-06:00",0.774341940879822,0.199887901544571,7.25263470256761,"almost_certain","BirdNET",NA,10.2198,-83.7874,FALSE,501,"White-winged Dove","Zenaida asiatica","#d16ff8","avian","https://media.birdweather.com/species/501/White-wingedDove-standard-6528ef689b07d5a91f1c2275cdef19c9.jpg","https://media.birdweather.com/species/501/White-wingedDove-thumbnail-4a940adfd5a6c78c73c48c5095e7b896.jpg","https://media.birdweather.com/species/501/White-wingedDove-png200-d65decd3d571b5a9dbeca249ef97689f.png","IscJLwb6hoVelZWZdoh3eIeIdxBoB4IG",16380224643,"https://media.birdweather.com/soundscapes/19267/19267-20260902-113811.flac",4.5,7.5,"live"
10880565217,19267,"2026-09-02T05:34:52.000-06:00",0.731015801429749,0.199906393885612,7.12153172744676,"almost_certain","BirdNET",NA,10.2198,-83.7874,FALSE,501,"White-winged Dove","Zenaida asiatica","#d16ff8","avian","https://media.birdweather.com/species/501/White-wingedDove-standard-6528ef689b07d5a91f1c2275cdef19c9.jpg","https://media.birdweather.com/species/501/White-wingedDove-thumbnail-4a940adfd5a6c78c73c48c5095e7b896.jpg","https://media.birdweather.com/species/501/White-wingedDove-png200-d65decd3d571b5a9dbeca249ef97689f.png","IscJLwb6hoVelZWZdoh3eIeIdxBoB4IG",16380127974,"https://media.birdweather.com/soundscapes/19267/19267-20260902-113452.flac",0,3,"live"
10880561996,19267,"2026-09-02T05:34:43.500-06:00",0.727464973926544,0.199906393885612,7.11019854082074,"almost_certain","BirdNET",NA,10.2198,-83.7874,FALSE,501,"White-winged Dove","Zenaida asiatica","#d16ff8","avian","https://media.birdweather.com/species/501/White-wingedDove-standard-6528ef689b07d5a91f1c2275cdef19c9.jpg","https://media.birdweather.com/species/501/White-wingedDove-thumbnail-4a940adfd5a6c78c73c48c5095e7b896.jpg","https://media.birdweather.com/species/501/White-wingedDove-png200-d65decd3d571b5a9dbeca249ef97689f.png","IscJLwb6hoVelZWZdoh3eIeIdxBoB4IG",16380121661,"https://media.birdweather.com/soundscapes/19267/19267-20260902-113439.flac",4.5,7.5,"live"
10880542267,19267,"2026-09-02T05:33:22.000-06:00",0.821419596672058,0.558730065822601,8.74793348346256,"almost_certain","BirdNET",NA,10.2198,-83.7874,FALSE,802,"Rufous-tailed Hummingbird","Amazilia tzacatl","#d9c845","avian","https://media.birdweather.com/species/802/Rufous-tailedHummingbird-standard-4d0209b50ad0c35c6d8337f5c0c16b55.jpg","https://media.birdweather.com/species/802/Rufous-tailedHummingbird-thumbnail-fbf17400c31564f70aa45927c5d75f5e.jpg","https://media.birdweather.com/species/802/Rufous-tailedHummingbird-png200-8ea431c9893cfe027e92471791a8c256.png","mPkJFwIHqJeJl4lriIaGhYh3+H+oVGAH",16380082735,"https://media.birdweather.com/soundscapes/19267/19267-20260902-113319.flac",3,6,"live"
10880464996,19267,"2026-09-02T05:28:03.000-06:00",0.789014220237732,0.199895575642586,7.29441925812464,"almost_certain","BirdNET",NA,10.2198,-83.7874,FALSE,501,"White-winged Dove","Zenaida asiatica","#d16ff8","avian","https://media.birdweather.com/species/501/White-wingedDove-standard-6528ef689b07d5a91f1c2275cdef19c9.jpg","https://media.birdweather.com/species/501/White-wingedDove-thumbnail-4a940adfd5a6c78c73c48c5095e7b896.jpg","https://media.birdweather.com/species/501/White-wingedDove-png200-d65decd3d571b5a9dbeca249ef97689f.png","IscJLwb6hoVelZWZdoh3eIeIdxBoB4IG",16379927489,"https://media.birdweather.com/soundscapes/19267/19267-20260902-112800.flac",3,6,"live"
10880464989,19267,"2026-09-02T05:28:01.500-06:00",0.756431221961975,0.199895575642586,7.1999529022447,"almost_certain","BirdNET",NA,10.2198,-83.7874,FALSE,501,"White-winged Dove","Zenaida asiatica","#d16ff8","avian","https://media.birdweather.com/species/501/White-wingedDove-standard-6528ef689b07d5a91f1c2275cdef19c9.jpg","https://media.birdweather.com/species/501/White-wingedDove-thumbnail-4a940adfd5a6c78c73c48c5095e7b896.jpg","https://media.birdweather.com/species/501/White-wingedDove-png200-d65decd3d571b5a9dbeca249ef97689f.png","IscJLwb6hoVelZWZdoh3eIeIdxBoB4IG",16379927489,"https://media.birdweather.com/soundscapes/19267/19267-20260902-112800.flac",1.5,4.5,"live"
10880455073,19267,"2026-09-02T05:27:23.500-06:00",0.719909131526947,0.19989962875843,7.08572178092517,"almost_certain","BirdNET",NA,10.2198,-83.7874,FALSE,501,"White-winged Dove","Zenaida asiatica","#d16ff8","avian","https://media.birdweather.com/species/501/White-wingedDove-standard-6528ef689b07d5a91f1c2275cdef19c9.jpg","https://media.birdweather.com/species/501/White-wingedDove-thumbnail-4a940adfd5a6c78c73c48c5095e7b896.jpg","https://media.birdweather.com/species/501/White-wingedDove-png200-d65decd3d571b5a9dbeca249ef97689f.png","IscJLwb6hoVelZWZdoh3eIeIdxBoB4IG",16379908267,"https://media.birdweather.com/soundscapes/19267/19267-20260902-112719.flac",4.5,7.5,"live"
10880451247,19267,"2026-09-02T05:27:10.000-06:00",0.807326018810272,0.19989962875843,7.34481001277291,"almost_certain","BirdNET",NA,10.2198,-83.7874,FALSE,501,"White-winged Dove","Zenaida asiatica","#d16ff8","avian","https://media.birdweather.com/species/501/White-wingedDove-standard-6528ef689b07d5a91f1c2275cdef19c9.jpg","https://media.birdweather.com/species/501/White-wingedDove-thumbnail-4a940adfd5a6c78c73c48c5095e7b896.jpg","https://media.birdweather.com/species/501/White-wingedDove-png200-d65decd3d571b5a9dbeca249ef97689f.png","IscJLwb6hoVelZWZdoh3eIeIdxBoB4IG",16379900579,"https://media.birdweather.com/soundscapes/19267/19267-20260902-112704.flac",6,9,"live"
10880451233,19267,"2026-09-02T05:27:04.000-06:00",0.713192880153656,0.19989962875843,7.06363213621115,"almost_certain","BirdNET",NA,10.2198,-83.7874,FALSE,501,"White-winged Dove","Zenaida asiatica","#d16ff8","avian","https://media.birdweather.com/species/501/White-wingedDove-standard-6528ef689b07d5a91f1c2275cdef19c9.jpg","https://media.birdweather.com/species/501/White-wingedDove-thumbnail-4a940adfd5a6c78c73c48c5095e7b896.jpg","https://media.birdweather.com/species/501/White-wingedDove-png200-d65decd3d571b5a9dbeca249ef97689f.png","IscJLwb6hoVelZWZdoh3eIeIdxBoB4IG",16379900579,"https://media.birdweather.com/soundscapes/19267/19267-20260902-112704.flac",0,3,"live"
10880448201,19267,"2026-09-02T05:26:55.500-06:00",0.724023699760437,0.19989962875843,7.09908067143258,"almost_certain","BirdNET",NA,10.2198,-83.7874,FALSE,501,"White-winged Dove","Zenaida asiatica","#d16ff8","avian","https://media.birdweather.com/species/501/White-wingedDove-standard-6528ef689b07d5a91f1c2275cdef19c9.jpg","https://media.birdweather.com/species/501/White-wingedDove-thumbnail-4a940adfd5a6c78c73c48c5095e7b896.jpg","https://media.birdweather.com/species/501/White-wingedDove-png200-d65decd3d571b5a9dbeca249ef97689f.png","IscJLwb6hoVelZWZdoh3eIeIdxBoB4IG",16379894317,"https://media.birdweather.com/soundscapes/19267/19267-20260902-112651.flac",4.5,7.5,"live"
10880448198,19267,"2026-09-02T05:26:54.000-06:00",0.961180865764618,0.19989962875843,7.7076868376718,"almost_certain","BirdNET",NA,10.2198,-83.7874,FALSE,501,"White-winged Dove","Zenaida asiatica","#d16ff8","avian","https://media.birdweather.com/species/501/White-wingedDove-standard-6528ef689b07d5a91f1c2275cdef19c9.jpg","https://media.birdweather.com/species/501/White-wingedDove-thumbnail-4a940adfd5a6c78c73c48c5095e7b896.jpg","https://media.birdweather.com/species/501/White-wingedDove-png200-d65decd3d571b5a9dbeca249ef97689f.png","IscJLwb6hoVelZWZdoh3eIeIdxBoB4IG",16379894317,"https://media.birdweather.com/soundscapes/19267/19267-20260902-112651.flac",3,6,"live"
10880448195,19267,"2026-09-02T05:26:52.500-06:00",0.840386629104614,0.19989962875843,7.43129952541961,"almost_certain","BirdNET",NA,10.2198,-83.7874,FALSE,501,"White-winged Dove","Zenaida asiatica","#d16ff8","avian","https://media.birdweather.com/species/501/White-wingedDove-standard-6528ef689b07d5a91f1c2275cdef19c9.jpg","https://media.birdweather.com/species/501/White-wingedDove-thumbnail-4a940adfd5a6c78c73c48c5095e7b896.jpg","https://media.birdweather.com/species/501/White-wingedDove-png200-d65decd3d571b5a9dbeca249ef97689f.png","IscJLwb6hoVelZWZdoh3eIeIdxBoB4IG",16379894317,"https://media.birdweather.com/soundscapes/19267/19267-20260902-112651.flac",1.5,4.5,"live"
10880438561,19267,"2026-09-02T05:26:13.500-06:00",0.783690929412842,0.19989962875843,7.27945045704027,"almost_certain","BirdNET",NA,10.2198,-83.7874,FALSE,501,"White-winged Dove","Zenaida asiatica","#d16ff8","avian","https://media.birdweather.com/species/501/White-wingedDove-standard-6528ef689b07d5a91f1c2275cdef19c9.jpg","https://media.birdweather.com/species/501/White-wingedDove-thumbnail-4a940adfd5a6c78c73c48c5095e7b896.jpg","https://media.birdweather.com/species/501/White-wingedDove-png200-d65decd3d571b5a9dbeca249ef97689f.png","IscJLwb6hoVelZWZdoh3eIeIdxBoB4IG",16379874953,"https://media.birdweather.com/soundscapes/19267/19267-20260902-112612.flac",1.5,4.5,"live"
10880438558,19267,"2026-09-02T05:26:12.000-06:00",0.863175392150879,0.19989962875843,7.48788908488498,"almost_certain","BirdNET",NA,10.2198,-83.7874,FALSE,501,"White-winged Dove","Zenaida asiatica","#d16ff8","avian","https://media.birdweather.com/species/501/White-wingedDove-standard-6528ef689b07d5a91f1c2275cdef19c9.jpg","https://media.birdweather.com/species/501/White-wingedDove-thumbnail-4a940adfd5a6c78c73c48c5095e7b896.jpg","https://media.birdweather.com/species/501/White-wingedDove-png200-d65decd3d571b5a9dbeca249ef97689f.png","IscJLwb6hoVelZWZdoh3eIeIdxBoB4IG",16379874953,"https://media.birdweather.com/soundscapes/19267/19267-20260902-112612.flac",0,3,"live"
10880428902,19267,"2026-09-02T05:25:36.500-06:00",0.754348993301392,0.199895545840263,7.1936884999875,"almost_certain","BirdNET",NA,10.2198,-83.7874,FALSE,501,"White-winged Dove","Zenaida asiatica","#d16ff8","avian","https://media.birdweather.com/species/501/White-wingedDove-standard-6528ef689b07d5a91f1c2275cdef19c9.jpg","https://media.birdweather.com/species/501/White-wingedDove-thumbnail-4a940adfd5a6c78c73c48c5095e7b896.jpg","https://media.birdweather.com/species/501/White-wingedDove-png200-d65decd3d571b5a9dbeca249ef97689f.png","IscJLwb6hoVelZWZdoh3eIeIdxBoB4IG",16379855806,"https://media.birdweather.com/soundscapes/19267/19267-20260902-112532.flac",4.5,7.5,"live"
10880428899,19267,"2026-09-02T05:25:35.000-06:00",0.770596981048584,0.199895545840263,7.24182543746306,"almost_certain","BirdNET",NA,10.2198,-83.7874,FALSE,501,"White-winged Dove","Zenaida asiatica","#d16ff8","avian","https://media.birdweather.com/species/501/White-wingedDove-standard-6528ef689b07d5a91f1c2275cdef19c9.jpg","https://media.birdweather.com/species/501/White-wingedDove-thumbnail-4a940adfd5a6c78c73c48c5095e7b896.jpg","https://media.birdweather.com/species/501/White-wingedDove-png200-d65decd3d571b5a9dbeca249ef97689f.png","IscJLwb6hoVelZWZdoh3eIeIdxBoB4IG",16379855806,"https://media.birdweather.com/soundscapes/19267/19267-20260902-112532.flac",3,6,"live"
10880316934,19267,"2026-09-02T05:17:35.000-06:00",0.812638103961945,0.969203472137451,9.46903106195766,"almost_certain","BirdNET",NA,10.2198,-83.7874,FALSE,115,"Tropical Kingbird","Tyrannus melancholicus","#00b3a1","avian","https://media.birdweather.com/species/115/TropicalKingbird-standard-712bd41627c48fa23dafd70e7c83c2e4.jpg","https://media.birdweather.com/species/115/TropicalKingbird-thumbnail-d19e465885b300e6a764cb58df2c377e.jpg","https://media.birdweather.com/species/115/TropicalKingbird-png200-7879336d61c20ea19f905a307c05d2d1.png","G/kFDwLXdWqfdmeOkkq2uXmK16/aGV8M",16379624068,"https://media.birdweather.com/soundscapes/19267/19267-20260902-111735.flac",0,3,"live"
10878575282,19267,"2026-09-02T02:53:59.000-06:00",0.741075396537781,0.0632070749998093,5.71002272451602,"almost_certain","BirdNET",NA,10.2198,-83.7874,FALSE,2106,"Scale-crested Pygmy-Tyrant","Lophotriccus pileatus","#ff3f73","avian","https://media.birdweather.com/species/2106/Scale-crestedPygmy-Tyrant-standard-30688703276d7a86ba8040e08ec546e4.jpg","https://media.birdweather.com/species/2106/Scale-crestedPygmy-Tyrant-thumbnail-a2fa4da6488b42e46af0521226507326.jpg","https://media.birdweather.com/species/2106/Scale-crestedPygmy-Tyrant-png200-7dba50c93511c6b01ee479c707de9a8b.png","IroFJwJKZ2tcVqZvUmlauFW0Vp9LCUoK",16375467408,"https://media.birdweather.com/soundscapes/19267/19267-20260902-085356.flac",3,6,"live"
10878549570,19267,"2026-09-02T02:51:59.500-06:00",0.777520179748535,0.0632065013051033,5.81877709970057,"almost_certain","BirdNET",NA,10.2198,-83.7874,FALSE,2106,"Scale-crested Pygmy-Tyrant","Lophotriccus pileatus","#ff3f73","avian","https://media.birdweather.com/species/2106/Scale-crestedPygmy-Tyrant-standard-30688703276d7a86ba8040e08ec546e4.jpg","https://media.birdweather.com/species/2106/Scale-crestedPygmy-Tyrant-thumbnail-a2fa4da6488b42e46af0521226507326.jpg","https://media.birdweather.com/species/2106/Scale-crestedPygmy-Tyrant-png200-7dba50c93511c6b01ee479c707de9a8b.png","IroFJwJKZ2tcVqZvUmlauFW0Vp9LCUoK",16375409391,"https://media.birdweather.com/soundscapes/19267/19267-20260902-085155.flac",4.5,7.5,"live"
10878549565,19267,"2026-09-02T02:51:58.000-06:00",0.854270279407501,0.0632065013051033,6.02297014225521,"almost_certain","BirdNET",NA,10.2198,-83.7874,FALSE,2106,"Scale-crested Pygmy-Tyrant","Lophotriccus pileatus","#ff3f73","avian","https://media.birdweather.com/species/2106/Scale-crestedPygmy-Tyrant-standard-30688703276d7a86ba8040e08ec546e4.jpg","https://media.birdweather.com/species/2106/Scale-crestedPygmy-Tyrant-thumbnail-a2fa4da6488b42e46af0521226507326.jpg","https://media.birdweather.com/species/2106/Scale-crestedPygmy-Tyrant-png200-7dba50c93511c6b01ee479c707de9a8b.png","IroFJwJKZ2tcVqZvUmlauFW0Vp9LCUoK",16375409391,"https://media.birdweather.com/soundscapes/19267/19267-20260902-085155.flac",3,6,"live"
