"id","stationId","timestamp","confidence","probability","score","certainty","algorithm","metadata","lat","lon","favorite","species.id","species.commonName","species.scientificName","species.color","species.classification","species.imageUrl","species.thumbnailUrl","species.pngUrl","species.thumbhash","soundscape.id","soundscape.url","soundscape.startTime","soundscape.endTime","soundscape.mode"
11273263061,19267,"2026-09-20T17:37:55.500-06:00",0.879603624343872,0.962148547172546,9.62732562846218,"almost_certain","BirdNET",NA,10.2198,-83.7874,FALSE,115,"Tropical Kingbird","Tyrannus melancholicus","#00b3a1","avian","https://media.birdweather.com/species/115/TropicalKingbird-standard-712bd41627c48fa23dafd70e7c83c2e4.jpg","https://media.birdweather.com/species/115/TropicalKingbird-thumbnail-d19e465885b300e6a764cb58df2c377e.jpg","https://media.birdweather.com/species/115/TropicalKingbird-png200-7879336d61c20ea19f905a307c05d2d1.png","G/kFDwLXdWqfdmeOkkq2uXmK16/aGV8M",17161333184,"https://media.birdweather.com/soundscapes/19267/19267-20260920-233751.flac",4.5,7.5,"live"
11273188728,19267,"2026-09-20T17:32:44.000-06:00",0.899530351161957,0.779329776763916,9.38823010415121,"almost_certain","BirdNET",NA,10.2198,-83.7874,FALSE,547,"Clay-colored Thrush","Turdus grayi","#6a35aa","avian","https://media.birdweather.com/species/547/Clay-coloredThrush-standard-6bfc97468790235aef16f793d0f164d2.jpg","https://media.birdweather.com/species/547/Clay-coloredThrush-thumbnail-a430288208e6c65f3790075ad1f1192e.jpg","https://media.birdweather.com/species/547/Clay-coloredThrush-png200-1247890112c02c6395175d20c306cf45.png","m/gFDwZ7toiKZoh0hQl26Wx8OeevSGcA",17161179807,"https://media.birdweather.com/soundscapes/19267/19267-20260920-233238.flac",6,9,"live"
11273188725,19267,"2026-09-20T17:32:42.500-06:00",0.825367629528046,0.779329776763916,9.20732388329396,"almost_certain","BirdNET",NA,10.2198,-83.7874,FALSE,547,"Clay-colored Thrush","Turdus grayi","#6a35aa","avian","https://media.birdweather.com/species/547/Clay-coloredThrush-standard-6bfc97468790235aef16f793d0f164d2.jpg","https://media.birdweather.com/species/547/Clay-coloredThrush-thumbnail-a430288208e6c65f3790075ad1f1192e.jpg","https://media.birdweather.com/species/547/Clay-coloredThrush-png200-1247890112c02c6395175d20c306cf45.png","m/gFDwZ7toiKZoh0hQl26Wx8OeevSGcA",17161179807,"https://media.birdweather.com/soundscapes/19267/19267-20260920-233238.flac",4.5,7.5,"live"
11273188723,19267,"2026-09-20T17:32:41.000-06:00",0.804748475551605,0.779329776763916,9.1524717859343,"almost_certain","BirdNET",NA,10.2198,-83.7874,FALSE,547,"Clay-colored Thrush","Turdus grayi","#6a35aa","avian","https://media.birdweather.com/species/547/Clay-coloredThrush-standard-6bfc97468790235aef16f793d0f164d2.jpg","https://media.birdweather.com/species/547/Clay-coloredThrush-thumbnail-a430288208e6c65f3790075ad1f1192e.jpg","https://media.birdweather.com/species/547/Clay-coloredThrush-png200-1247890112c02c6395175d20c306cf45.png","m/gFDwZ7toiKZoh0hQl26Wx8OeevSGcA",17161179807,"https://media.birdweather.com/soundscapes/19267/19267-20260920-233238.flac",3,6,"live"
11273188717,19267,"2026-09-20T17:32:39.500-06:00",0.719461143016815,0.779329776763916,8.89889938703377,"almost_certain","BirdNET",NA,10.2198,-83.7874,FALSE,547,"Clay-colored Thrush","Turdus grayi","#6a35aa","avian","https://media.birdweather.com/species/547/Clay-coloredThrush-standard-6bfc97468790235aef16f793d0f164d2.jpg","https://media.birdweather.com/species/547/Clay-coloredThrush-thumbnail-a430288208e6c65f3790075ad1f1192e.jpg","https://media.birdweather.com/species/547/Clay-coloredThrush-png200-1247890112c02c6395175d20c306cf45.png","m/gFDwZ7toiKZoh0hQl26Wx8OeevSGcA",17161179807,"https://media.birdweather.com/soundscapes/19267/19267-20260920-233238.flac",1.5,4.5,"live"
11273188713,19267,"2026-09-20T17:32:38.000-06:00",0.904055416584015,0.779329776763916,9.39853160322807,"almost_certain","BirdNET",NA,10.2198,-83.7874,FALSE,547,"Clay-colored Thrush","Turdus grayi","#6a35aa","avian","https://media.birdweather.com/species/547/Clay-coloredThrush-standard-6bfc97468790235aef16f793d0f164d2.jpg","https://media.birdweather.com/species/547/Clay-coloredThrush-thumbnail-a430288208e6c65f3790075ad1f1192e.jpg","https://media.birdweather.com/species/547/Clay-coloredThrush-png200-1247890112c02c6395175d20c306cf45.png","m/gFDwZ7toiKZoh0hQl26Wx8OeevSGcA",17161179807,"https://media.birdweather.com/soundscapes/19267/19267-20260920-233238.flac",0,3,"live"
11273185496,19267,"2026-09-20T17:32:29.000-06:00",0.936565279960632,0.779326200485229,9.47034220785801,"almost_certain","BirdNET",NA,10.2198,-83.7874,FALSE,547,"Clay-colored Thrush","Turdus grayi","#6a35aa","avian","https://media.birdweather.com/species/547/Clay-coloredThrush-standard-6bfc97468790235aef16f793d0f164d2.jpg","https://media.birdweather.com/species/547/Clay-coloredThrush-thumbnail-a430288208e6c65f3790075ad1f1192e.jpg","https://media.birdweather.com/species/547/Clay-coloredThrush-png200-1247890112c02c6395175d20c306cf45.png","m/gFDwZ7toiKZoh0hQl26Wx8OeevSGcA",17161173091,"https://media.birdweather.com/soundscapes/19267/19267-20260920-233223.flac",6,9,"live"
11273185489,19267,"2026-09-20T17:32:26.000-06:00",0.715060889720917,0.779326200485229,8.88444562149707,"almost_certain","BirdNET",NA,10.2198,-83.7874,FALSE,547,"Clay-colored Thrush","Turdus grayi","#6a35aa","avian","https://media.birdweather.com/species/547/Clay-coloredThrush-standard-6bfc97468790235aef16f793d0f164d2.jpg","https://media.birdweather.com/species/547/Clay-coloredThrush-thumbnail-a430288208e6c65f3790075ad1f1192e.jpg","https://media.birdweather.com/species/547/Clay-coloredThrush-png200-1247890112c02c6395175d20c306cf45.png","m/gFDwZ7toiKZoh0hQl26Wx8OeevSGcA",17161173091,"https://media.birdweather.com/soundscapes/19267/19267-20260920-233223.flac",3,6,"live"
11273185483,19267,"2026-09-20T17:32:24.500-06:00",0.892341673374176,0.779326200485229,9.37169761261759,"almost_certain","BirdNET",NA,10.2198,-83.7874,FALSE,547,"Clay-colored Thrush","Turdus grayi","#6a35aa","avian","https://media.birdweather.com/species/547/Clay-coloredThrush-standard-6bfc97468790235aef16f793d0f164d2.jpg","https://media.birdweather.com/species/547/Clay-coloredThrush-thumbnail-a430288208e6c65f3790075ad1f1192e.jpg","https://media.birdweather.com/species/547/Clay-coloredThrush-png200-1247890112c02c6395175d20c306cf45.png","m/gFDwZ7toiKZoh0hQl26Wx8OeevSGcA",17161173091,"https://media.birdweather.com/soundscapes/19267/19267-20260920-233223.flac",1.5,4.5,"live"
11273185474,19267,"2026-09-20T17:32:23.000-06:00",0.937773168087006,0.779326200485229,9.4729393314577,"almost_certain","BirdNET",NA,10.2198,-83.7874,FALSE,547,"Clay-colored Thrush","Turdus grayi","#6a35aa","avian","https://media.birdweather.com/species/547/Clay-coloredThrush-standard-6bfc97468790235aef16f793d0f164d2.jpg","https://media.birdweather.com/species/547/Clay-coloredThrush-thumbnail-a430288208e6c65f3790075ad1f1192e.jpg","https://media.birdweather.com/species/547/Clay-coloredThrush-png200-1247890112c02c6395175d20c306cf45.png","m/gFDwZ7toiKZoh0hQl26Wx8OeevSGcA",17161173091,"https://media.birdweather.com/soundscapes/19267/19267-20260920-233223.flac",0,3,"live"
11271892284,19267,"2026-09-20T16:06:29.000-06:00",0.919748544692993,0.761457324028015,9.40229229818173,"almost_certain","BirdNET",NA,10.2198,-83.7874,FALSE,229,"Great Kiskadee","Pitangus sulphuratus","#7d4410","avian","https://media.birdweather.com/species/229/GreatKiskadee-standard-cd28a1b8e8b8e5aed433e809c229004e.jpg","https://media.birdweather.com/species/229/GreatKiskadee-thumbnail-b2749ed2442fb322cf3c4cb72f9c97f6.jpg","https://media.birdweather.com/species/229/GreatKiskadee-png200-003973af4f863deb00a4ce9b6f10e59c.png","0PgFDwIrhYqfZJh1mVe3SZZ3uKEJBncG",17158619705,"https://media.birdweather.com/soundscapes/19267/19267-20260920-220623.flac",6,9,"live"
11271892282,19267,"2026-09-20T16:06:26.000-06:00",0.924698829650879,0.761457324028015,9.41319179671246,"almost_certain","BirdNET",NA,10.2198,-83.7874,FALSE,229,"Great Kiskadee","Pitangus sulphuratus","#7d4410","avian","https://media.birdweather.com/species/229/GreatKiskadee-standard-cd28a1b8e8b8e5aed433e809c229004e.jpg","https://media.birdweather.com/species/229/GreatKiskadee-thumbnail-b2749ed2442fb322cf3c4cb72f9c97f6.jpg","https://media.birdweather.com/species/229/GreatKiskadee-png200-003973af4f863deb00a4ce9b6f10e59c.png","0PgFDwIrhYqfZJh1mVe3SZZ3uKEJBncG",17158619705,"https://media.birdweather.com/soundscapes/19267/19267-20260920-220623.flac",3,6,"live"
11271892280,19267,"2026-09-20T16:06:24.500-06:00",0.856244623661041,0.761457324028015,9.254187551392,"almost_certain","BirdNET",NA,10.2198,-83.7874,FALSE,229,"Great Kiskadee","Pitangus sulphuratus","#7d4410","avian","https://media.birdweather.com/species/229/GreatKiskadee-standard-cd28a1b8e8b8e5aed433e809c229004e.jpg","https://media.birdweather.com/species/229/GreatKiskadee-thumbnail-b2749ed2442fb322cf3c4cb72f9c97f6.jpg","https://media.birdweather.com/species/229/GreatKiskadee-png200-003973af4f863deb00a4ce9b6f10e59c.png","0PgFDwIrhYqfZJh1mVe3SZZ3uKEJBncG",17158619705,"https://media.birdweather.com/soundscapes/19267/19267-20260920-220623.flac",1.5,4.5,"live"
11271892278,19267,"2026-09-20T16:06:23.000-06:00",0.71944659948349,0.761457324028015,8.86747498546772,"almost_certain","BirdNET",NA,10.2198,-83.7874,FALSE,229,"Great Kiskadee","Pitangus sulphuratus","#7d4410","avian","https://media.birdweather.com/species/229/GreatKiskadee-standard-cd28a1b8e8b8e5aed433e809c229004e.jpg","https://media.birdweather.com/species/229/GreatKiskadee-thumbnail-b2749ed2442fb322cf3c4cb72f9c97f6.jpg","https://media.birdweather.com/species/229/GreatKiskadee-png200-003973af4f863deb00a4ce9b6f10e59c.png","0PgFDwIrhYqfZJh1mVe3SZZ3uKEJBncG",17158619705,"https://media.birdweather.com/soundscapes/19267/19267-20260920-220623.flac",0,3,"live"
11271762466,19267,"2026-09-20T15:58:03.500-06:00",0.750004589557648,0.217132121324539,7.28864874232403,"almost_certain","BirdNET",NA,10.2198,-83.7874,FALSE,3766,"Crimson-fronted Parakeet","Psittacara finschi","#65ad00","avian","https://media.birdweather.com/species/3766/Crimson-frontedParakeet-standard-ddc77fa728634b78b78a31cc430f7895.jpg","https://media.birdweather.com/species/3766/Crimson-frontedParakeet-thumbnail-df6cfd5712c254c532e4f60547260885.jpg","https://media.birdweather.com/species/3766/Crimson-frontedParakeet-png200-7ac02114402521892623f1f6b95ca6c2.png","1PgJHwR1hXZghIXBaJmliYSndzA49JgL",17158369910,"https://media.birdweather.com/soundscapes/19267/19267-20260920-215759.flac",4.5,7.5,"live"
11271674089,19267,"2026-09-20T15:52:22.500-06:00",0.813738942146301,0.779325783252716,9.17665221114584,"almost_certain","BirdNET",NA,10.2198,-83.7874,FALSE,547,"Clay-colored Thrush","Turdus grayi","#6a35aa","avian","https://media.birdweather.com/species/547/Clay-coloredThrush-standard-6bfc97468790235aef16f793d0f164d2.jpg","https://media.birdweather.com/species/547/Clay-coloredThrush-thumbnail-a430288208e6c65f3790075ad1f1192e.jpg","https://media.birdweather.com/species/547/Clay-coloredThrush-png200-1247890112c02c6395175d20c306cf45.png","m/gFDwZ7toiKZoh0hQl26Wx8OeevSGcA",17158202124,"https://media.birdweather.com/soundscapes/19267/19267-20260920-215218.flac",4.5,7.5,"live"
11271674084,19267,"2026-09-20T15:52:18.000-06:00",0.941233575344086,0.779325783252716,9.48035181215482,"almost_certain","BirdNET",NA,10.2198,-83.7874,FALSE,547,"Clay-colored Thrush","Turdus grayi","#6a35aa","avian","https://media.birdweather.com/species/547/Clay-coloredThrush-standard-6bfc97468790235aef16f793d0f164d2.jpg","https://media.birdweather.com/species/547/Clay-coloredThrush-thumbnail-a430288208e6c65f3790075ad1f1192e.jpg","https://media.birdweather.com/species/547/Clay-coloredThrush-png200-1247890112c02c6395175d20c306cf45.png","m/gFDwZ7toiKZoh0hQl26Wx8OeevSGcA",17158202124,"https://media.birdweather.com/soundscapes/19267/19267-20260920-215218.flac",0,3,"live"
11271574948,19267,"2026-09-20T15:46:05.000-06:00",0.851030886173248,0.779326200485229,9.27265653549533,"almost_certain","BirdNET",NA,10.2198,-83.7874,FALSE,547,"Clay-colored Thrush","Turdus grayi","#6a35aa","avian","https://media.birdweather.com/species/547/Clay-coloredThrush-standard-6bfc97468790235aef16f793d0f164d2.jpg","https://media.birdweather.com/species/547/Clay-coloredThrush-thumbnail-a430288208e6c65f3790075ad1f1192e.jpg","https://media.birdweather.com/species/547/Clay-coloredThrush-png200-1247890112c02c6395175d20c306cf45.png","m/gFDwZ7toiKZoh0hQl26Wx8OeevSGcA",17158014102,"https://media.birdweather.com/soundscapes/19267/19267-20260920-214559.flac",6,9,"live"
11271238396,19267,"2026-09-20T15:24:45.500-06:00",0.813616871833801,0.216400265693665,7.46536841211914,"almost_certain","BirdNET",NA,10.2198,-83.7874,FALSE,501,"White-winged Dove","Zenaida asiatica","#d16ff8","avian","https://media.birdweather.com/species/501/White-wingedDove-standard-6528ef689b07d5a91f1c2275cdef19c9.jpg","https://media.birdweather.com/species/501/White-wingedDove-thumbnail-4a940adfd5a6c78c73c48c5095e7b896.jpg","https://media.birdweather.com/species/501/White-wingedDove-png200-d65decd3d571b5a9dbeca249ef97689f.png","IscJLwb6hoVelZWZdoh3eIeIdxBoB4IG",17157383205,"https://media.birdweather.com/soundscapes/19267/19267-20260920-212444.flac",1.5,4.5,"live"
11271238394,19267,"2026-09-20T15:24:44.000-06:00",0.954230844974518,0.216400265693665,7.79688465791355,"almost_certain","BirdNET",NA,10.2198,-83.7874,FALSE,501,"White-winged Dove","Zenaida asiatica","#d16ff8","avian","https://media.birdweather.com/species/501/White-wingedDove-standard-6528ef689b07d5a91f1c2275cdef19c9.jpg","https://media.birdweather.com/species/501/White-wingedDove-thumbnail-4a940adfd5a6c78c73c48c5095e7b896.jpg","https://media.birdweather.com/species/501/White-wingedDove-png200-d65decd3d571b5a9dbeca249ef97689f.png","IscJLwb6hoVelZWZdoh3eIeIdxBoB4IG",17157383205,"https://media.birdweather.com/soundscapes/19267/19267-20260920-212444.flac",0,3,"live"
11270788324,19267,"2026-09-20T14:56:25.000-06:00",0.780742108821869,0.761458814144135,9.05433843625955,"almost_certain","BirdNET",NA,10.2198,-83.7874,FALSE,229,"Great Kiskadee","Pitangus sulphuratus","#7d4410","avian","https://media.birdweather.com/species/229/GreatKiskadee-standard-cd28a1b8e8b8e5aed433e809c229004e.jpg","https://media.birdweather.com/species/229/GreatKiskadee-thumbnail-b2749ed2442fb322cf3c4cb72f9c97f6.jpg","https://media.birdweather.com/species/229/GreatKiskadee-png200-003973af4f863deb00a4ce9b6f10e59c.png","0PgFDwIrhYqfZJh1mVe3SZZ3uKEJBncG",17156539417,"https://media.birdweather.com/soundscapes/19267/19267-20260920-205619.flac",6,9,"live"
11270766425,19267,"2026-09-20T14:55:01.000-06:00",0.92945796251297,0.761458218097687,9.42359087758611,"almost_certain","BirdNET",NA,10.2198,-83.7874,FALSE,229,"Great Kiskadee","Pitangus sulphuratus","#7d4410","avian","https://media.birdweather.com/species/229/GreatKiskadee-standard-cd28a1b8e8b8e5aed433e809c229004e.jpg","https://media.birdweather.com/species/229/GreatKiskadee-thumbnail-b2749ed2442fb322cf3c4cb72f9c97f6.jpg","https://media.birdweather.com/species/229/GreatKiskadee-png200-003973af4f863deb00a4ce9b6f10e59c.png","0PgFDwIrhYqfZJh1mVe3SZZ3uKEJBncG",17156497683,"https://media.birdweather.com/soundscapes/19267/19267-20260920-205455.flac",6,9,"live"
11270766420,19267,"2026-09-20T14:54:59.500-06:00",0.991157054901123,0.761458218097687,9.55169685437524,"almost_certain","BirdNET",NA,10.2198,-83.7874,FALSE,229,"Great Kiskadee","Pitangus sulphuratus","#7d4410","avian","https://media.birdweather.com/species/229/GreatKiskadee-standard-cd28a1b8e8b8e5aed433e809c229004e.jpg","https://media.birdweather.com/species/229/GreatKiskadee-thumbnail-b2749ed2442fb322cf3c4cb72f9c97f6.jpg","https://media.birdweather.com/species/229/GreatKiskadee-png200-003973af4f863deb00a4ce9b6f10e59c.png","0PgFDwIrhYqfZJh1mVe3SZZ3uKEJBncG",17156497683,"https://media.birdweather.com/soundscapes/19267/19267-20260920-205455.flac",4.5,7.5,"live"
11270766416,19267,"2026-09-20T14:54:58.000-06:00",0.961348831653595,0.761458218097687,9.49129951322038,"almost_certain","BirdNET",NA,10.2198,-83.7874,FALSE,229,"Great Kiskadee","Pitangus sulphuratus","#7d4410","avian","https://media.birdweather.com/species/229/GreatKiskadee-standard-cd28a1b8e8b8e5aed433e809c229004e.jpg","https://media.birdweather.com/species/229/GreatKiskadee-thumbnail-b2749ed2442fb322cf3c4cb72f9c97f6.jpg","https://media.birdweather.com/species/229/GreatKiskadee-png200-003973af4f863deb00a4ce9b6f10e59c.png","0PgFDwIrhYqfZJh1mVe3SZZ3uKEJBncG",17156497683,"https://media.birdweather.com/soundscapes/19267/19267-20260920-205455.flac",3,6,"live"
11270766411,19267,"2026-09-20T14:54:55.000-06:00",0.84918338060379,0.761458218097687,9.2366863537292,"almost_certain","BirdNET",NA,10.2198,-83.7874,FALSE,229,"Great Kiskadee","Pitangus sulphuratus","#7d4410","avian","https://media.birdweather.com/species/229/GreatKiskadee-standard-cd28a1b8e8b8e5aed433e809c229004e.jpg","https://media.birdweather.com/species/229/GreatKiskadee-thumbnail-b2749ed2442fb322cf3c4cb72f9c97f6.jpg","https://media.birdweather.com/species/229/GreatKiskadee-png200-003973af4f863deb00a4ce9b6f10e59c.png","0PgFDwIrhYqfZJh1mVe3SZZ3uKEJBncG",17156497683,"https://media.birdweather.com/soundscapes/19267/19267-20260920-205455.flac",0,3,"live"
11270744774,19267,"2026-09-20T14:53:38.000-06:00",0.98190826177597,0.761457979679108,9.53323986075257,"almost_certain","BirdNET",NA,10.2198,-83.7874,FALSE,229,"Great Kiskadee","Pitangus sulphuratus","#7d4410","avian","https://media.birdweather.com/species/229/GreatKiskadee-standard-cd28a1b8e8b8e5aed433e809c229004e.jpg","https://media.birdweather.com/species/229/GreatKiskadee-thumbnail-b2749ed2442fb322cf3c4cb72f9c97f6.jpg","https://media.birdweather.com/species/229/GreatKiskadee-png200-003973af4f863deb00a4ce9b6f10e59c.png","0PgFDwIrhYqfZJh1mVe3SZZ3uKEJBncG",17156457510,"https://media.birdweather.com/soundscapes/19267/19267-20260920-205332.flac",6,9,"live"
11270744772,19267,"2026-09-20T14:53:36.500-06:00",0.9867924451828,0.761457979679108,9.54301754207641,"almost_certain","BirdNET",NA,10.2198,-83.7874,FALSE,229,"Great Kiskadee","Pitangus sulphuratus","#7d4410","avian","https://media.birdweather.com/species/229/GreatKiskadee-standard-cd28a1b8e8b8e5aed433e809c229004e.jpg","https://media.birdweather.com/species/229/GreatKiskadee-thumbnail-b2749ed2442fb322cf3c4cb72f9c97f6.jpg","https://media.birdweather.com/species/229/GreatKiskadee-png200-003973af4f863deb00a4ce9b6f10e59c.png","0PgFDwIrhYqfZJh1mVe3SZZ3uKEJBncG",17156457510,"https://media.birdweather.com/soundscapes/19267/19267-20260920-205332.flac",4.5,7.5,"live"
11270744771,19267,"2026-09-20T14:53:35.000-06:00",0.782322645187378,0.761457979679108,9.05883371692967,"almost_certain","BirdNET",NA,10.2198,-83.7874,FALSE,229,"Great Kiskadee","Pitangus sulphuratus","#7d4410","avian","https://media.birdweather.com/species/229/GreatKiskadee-standard-cd28a1b8e8b8e5aed433e809c229004e.jpg","https://media.birdweather.com/species/229/GreatKiskadee-thumbnail-b2749ed2442fb322cf3c4cb72f9c97f6.jpg","https://media.birdweather.com/species/229/GreatKiskadee-png200-003973af4f863deb00a4ce9b6f10e59c.png","0PgFDwIrhYqfZJh1mVe3SZZ3uKEJBncG",17156457510,"https://media.birdweather.com/soundscapes/19267/19267-20260920-205332.flac",3,6,"live"
11270744768,19267,"2026-09-20T14:53:33.500-06:00",0.961183428764343,0.761457979679108,9.49095641090872,"almost_certain","BirdNET",NA,10.2198,-83.7874,FALSE,229,"Great Kiskadee","Pitangus sulphuratus","#7d4410","avian","https://media.birdweather.com/species/229/GreatKiskadee-standard-cd28a1b8e8b8e5aed433e809c229004e.jpg","https://media.birdweather.com/species/229/GreatKiskadee-thumbnail-b2749ed2442fb322cf3c4cb72f9c97f6.jpg","https://media.birdweather.com/species/229/GreatKiskadee-png200-003973af4f863deb00a4ce9b6f10e59c.png","0PgFDwIrhYqfZJh1mVe3SZZ3uKEJBncG",17156457510,"https://media.birdweather.com/soundscapes/19267/19267-20260920-205332.flac",1.5,4.5,"live"
11270744762,19267,"2026-09-20T14:53:32.000-06:00",0.97757351398468,0.761457979679108,9.52450326022514,"almost_certain","BirdNET",NA,10.2198,-83.7874,FALSE,229,"Great Kiskadee","Pitangus sulphuratus","#7d4410","avian","https://media.birdweather.com/species/229/GreatKiskadee-standard-cd28a1b8e8b8e5aed433e809c229004e.jpg","https://media.birdweather.com/species/229/GreatKiskadee-thumbnail-b2749ed2442fb322cf3c4cb72f9c97f6.jpg","https://media.birdweather.com/species/229/GreatKiskadee-png200-003973af4f863deb00a4ce9b6f10e59c.png","0PgFDwIrhYqfZJh1mVe3SZZ3uKEJBncG",17156457510,"https://media.birdweather.com/soundscapes/19267/19267-20260920-205332.flac",0,3,"live"
11270740597,19267,"2026-09-20T14:53:18.000-06:00",0.963521063327789,0.761456727981567,9.49578932329445,"almost_certain","BirdNET",NA,10.2198,-83.7874,FALSE,229,"Great Kiskadee","Pitangus sulphuratus","#7d4410","avian","https://media.birdweather.com/species/229/GreatKiskadee-standard-cd28a1b8e8b8e5aed433e809c229004e.jpg","https://media.birdweather.com/species/229/GreatKiskadee-thumbnail-b2749ed2442fb322cf3c4cb72f9c97f6.jpg","https://media.birdweather.com/species/229/GreatKiskadee-png200-003973af4f863deb00a4ce9b6f10e59c.png","0PgFDwIrhYqfZJh1mVe3SZZ3uKEJBncG",17156449795,"https://media.birdweather.com/soundscapes/19267/19267-20260920-205318.flac",0,3,"live"
11270729927,19267,"2026-09-20T14:52:40.500-06:00",0.728728473186493,0.761462211608887,8.89746963152271,"almost_certain","BirdNET",NA,10.2198,-83.7874,FALSE,229,"Great Kiskadee","Pitangus sulphuratus","#7d4410","avian","https://media.birdweather.com/species/229/GreatKiskadee-standard-cd28a1b8e8b8e5aed433e809c229004e.jpg","https://media.birdweather.com/species/229/GreatKiskadee-thumbnail-b2749ed2442fb322cf3c4cb72f9c97f6.jpg","https://media.birdweather.com/species/229/GreatKiskadee-png200-003973af4f863deb00a4ce9b6f10e59c.png","0PgFDwIrhYqfZJh1mVe3SZZ3uKEJBncG",17156429994,"https://media.birdweather.com/soundscapes/19267/19267-20260920-205236.flac",4.5,7.5,"live"
11270729921,19267,"2026-09-20T14:52:37.500-06:00",0.725564122200012,0.761462211608887,8.88732046084916,"almost_certain","BirdNET",NA,10.2198,-83.7874,FALSE,229,"Great Kiskadee","Pitangus sulphuratus","#7d4410","avian","https://media.birdweather.com/species/229/GreatKiskadee-standard-cd28a1b8e8b8e5aed433e809c229004e.jpg","https://media.birdweather.com/species/229/GreatKiskadee-thumbnail-b2749ed2442fb322cf3c4cb72f9c97f6.jpg","https://media.birdweather.com/species/229/GreatKiskadee-png200-003973af4f863deb00a4ce9b6f10e59c.png","0PgFDwIrhYqfZJh1mVe3SZZ3uKEJBncG",17156429994,"https://media.birdweather.com/soundscapes/19267/19267-20260920-205236.flac",1.5,4.5,"live"
11270726031,19267,"2026-09-20T14:52:26.000-06:00",0.775271892547607,0.761462211608887,9.03866629324045,"almost_certain","BirdNET",NA,10.2198,-83.7874,FALSE,229,"Great Kiskadee","Pitangus sulphuratus","#7d4410","avian","https://media.birdweather.com/species/229/GreatKiskadee-standard-cd28a1b8e8b8e5aed433e809c229004e.jpg","https://media.birdweather.com/species/229/GreatKiskadee-thumbnail-b2749ed2442fb322cf3c4cb72f9c97f6.jpg","https://media.birdweather.com/species/229/GreatKiskadee-png200-003973af4f863deb00a4ce9b6f10e59c.png","0PgFDwIrhYqfZJh1mVe3SZZ3uKEJBncG",17156422834,"https://media.birdweather.com/soundscapes/19267/19267-20260920-205223.flac",3,6,"live"
11270726028,19267,"2026-09-20T14:52:24.500-06:00",0.926592111587524,0.761462211608887,9.41734627193238,"almost_certain","BirdNET",NA,10.2198,-83.7874,FALSE,229,"Great Kiskadee","Pitangus sulphuratus","#7d4410","avian","https://media.birdweather.com/species/229/GreatKiskadee-standard-cd28a1b8e8b8e5aed433e809c229004e.jpg","https://media.birdweather.com/species/229/GreatKiskadee-thumbnail-b2749ed2442fb322cf3c4cb72f9c97f6.jpg","https://media.birdweather.com/species/229/GreatKiskadee-png200-003973af4f863deb00a4ce9b6f10e59c.png","0PgFDwIrhYqfZJh1mVe3SZZ3uKEJBncG",17156422834,"https://media.birdweather.com/soundscapes/19267/19267-20260920-205223.flac",1.5,4.5,"live"
11270726022,19267,"2026-09-20T14:52:23.000-06:00",0.973619222640991,0.761462211608887,9.51649209030161,"almost_certain","BirdNET",NA,10.2198,-83.7874,FALSE,229,"Great Kiskadee","Pitangus sulphuratus","#7d4410","avian","https://media.birdweather.com/species/229/GreatKiskadee-standard-cd28a1b8e8b8e5aed433e809c229004e.jpg","https://media.birdweather.com/species/229/GreatKiskadee-thumbnail-b2749ed2442fb322cf3c4cb72f9c97f6.jpg","https://media.birdweather.com/species/229/GreatKiskadee-png200-003973af4f863deb00a4ce9b6f10e59c.png","0PgFDwIrhYqfZJh1mVe3SZZ3uKEJBncG",17156422834,"https://media.birdweather.com/soundscapes/19267/19267-20260920-205223.flac",0,3,"live"
11270718994,19267,"2026-09-20T14:52:03.000-06:00",0.872936308383942,0.761462211608887,9.29470218227916,"almost_certain","BirdNET",NA,10.2198,-83.7874,FALSE,229,"Great Kiskadee","Pitangus sulphuratus","#7d4410","avian","https://media.birdweather.com/species/229/GreatKiskadee-standard-cd28a1b8e8b8e5aed433e809c229004e.jpg","https://media.birdweather.com/species/229/GreatKiskadee-thumbnail-b2749ed2442fb322cf3c4cb72f9c97f6.jpg","https://media.birdweather.com/species/229/GreatKiskadee-png200-003973af4f863deb00a4ce9b6f10e59c.png","0PgFDwIrhYqfZJh1mVe3SZZ3uKEJBncG",17156409539,"https://media.birdweather.com/soundscapes/19267/19267-20260920-205157.flac",6,9,"live"
11270718990,19267,"2026-09-20T14:52:01.500-06:00",0.910799562931061,0.761462211608887,9.38237437587177,"almost_certain","BirdNET",NA,10.2198,-83.7874,FALSE,229,"Great Kiskadee","Pitangus sulphuratus","#7d4410","avian","https://media.birdweather.com/species/229/GreatKiskadee-standard-cd28a1b8e8b8e5aed433e809c229004e.jpg","https://media.birdweather.com/species/229/GreatKiskadee-thumbnail-b2749ed2442fb322cf3c4cb72f9c97f6.jpg","https://media.birdweather.com/species/229/GreatKiskadee-png200-003973af4f863deb00a4ce9b6f10e59c.png","0PgFDwIrhYqfZJh1mVe3SZZ3uKEJBncG",17156409539,"https://media.birdweather.com/soundscapes/19267/19267-20260920-205157.flac",4.5,7.5,"live"
11270718982,19267,"2026-09-20T14:51:57.000-06:00",0.714991867542267,0.761462211608887,8.8528557662627,"almost_certain","BirdNET",NA,10.2198,-83.7874,FALSE,229,"Great Kiskadee","Pitangus sulphuratus","#7d4410","avian","https://media.birdweather.com/species/229/GreatKiskadee-standard-cd28a1b8e8b8e5aed433e809c229004e.jpg","https://media.birdweather.com/species/229/GreatKiskadee-thumbnail-b2749ed2442fb322cf3c4cb72f9c97f6.jpg","https://media.birdweather.com/species/229/GreatKiskadee-png200-003973af4f863deb00a4ce9b6f10e59c.png","0PgFDwIrhYqfZJh1mVe3SZZ3uKEJBncG",17156409539,"https://media.birdweather.com/soundscapes/19267/19267-20260920-205157.flac",0,3,"live"
11270715810,19267,"2026-09-20T14:51:48.500-06:00",0.708851754665375,0.761462211608887,8.83243414698052,"almost_certain","BirdNET",NA,10.2198,-83.7874,FALSE,229,"Great Kiskadee","Pitangus sulphuratus","#7d4410","avian","https://media.birdweather.com/species/229/GreatKiskadee-standard-cd28a1b8e8b8e5aed433e809c229004e.jpg","https://media.birdweather.com/species/229/GreatKiskadee-thumbnail-b2749ed2442fb322cf3c4cb72f9c97f6.jpg","https://media.birdweather.com/species/229/GreatKiskadee-png200-003973af4f863deb00a4ce9b6f10e59c.png","0PgFDwIrhYqfZJh1mVe3SZZ3uKEJBncG",17156403452,"https://media.birdweather.com/soundscapes/19267/19267-20260920-205144.flac",4.5,7.5,"live"
11270715807,19267,"2026-09-20T14:51:47.000-06:00",0.960908055305481,0.761462211608887,9.49039322190053,"almost_certain","BirdNET",NA,10.2198,-83.7874,FALSE,229,"Great Kiskadee","Pitangus sulphuratus","#7d4410","avian","https://media.birdweather.com/species/229/GreatKiskadee-standard-cd28a1b8e8b8e5aed433e809c229004e.jpg","https://media.birdweather.com/species/229/GreatKiskadee-thumbnail-b2749ed2442fb322cf3c4cb72f9c97f6.jpg","https://media.birdweather.com/species/229/GreatKiskadee-png200-003973af4f863deb00a4ce9b6f10e59c.png","0PgFDwIrhYqfZJh1mVe3SZZ3uKEJBncG",17156403452,"https://media.birdweather.com/soundscapes/19267/19267-20260920-205144.flac",3,6,"live"
11270715803,19267,"2026-09-20T14:51:45.500-06:00",0.953917324542999,0.761462211608887,9.47582491261851,"almost_certain","BirdNET",NA,10.2198,-83.7874,FALSE,229,"Great Kiskadee","Pitangus sulphuratus","#7d4410","avian","https://media.birdweather.com/species/229/GreatKiskadee-standard-cd28a1b8e8b8e5aed433e809c229004e.jpg","https://media.birdweather.com/species/229/GreatKiskadee-thumbnail-b2749ed2442fb322cf3c4cb72f9c97f6.jpg","https://media.birdweather.com/species/229/GreatKiskadee-png200-003973af4f863deb00a4ce9b6f10e59c.png","0PgFDwIrhYqfZJh1mVe3SZZ3uKEJBncG",17156403452,"https://media.birdweather.com/soundscapes/19267/19267-20260920-205144.flac",1.5,4.5,"live"
11270715798,19267,"2026-09-20T14:51:44.000-06:00",0.894979238510132,0.761462211608887,9.34642236171525,"almost_certain","BirdNET",NA,10.2198,-83.7874,FALSE,229,"Great Kiskadee","Pitangus sulphuratus","#7d4410","avian","https://media.birdweather.com/species/229/GreatKiskadee-standard-cd28a1b8e8b8e5aed433e809c229004e.jpg","https://media.birdweather.com/species/229/GreatKiskadee-thumbnail-b2749ed2442fb322cf3c4cb72f9c97f6.jpg","https://media.birdweather.com/species/229/GreatKiskadee-png200-003973af4f863deb00a4ce9b6f10e59c.png","0PgFDwIrhYqfZJh1mVe3SZZ3uKEJBncG",17156403452,"https://media.birdweather.com/soundscapes/19267/19267-20260920-205144.flac",0,3,"live"
11270712478,19267,"2026-09-20T14:51:36.500-06:00",0.842858076095581,0.761462211608887,9.2208226853385,"almost_certain","BirdNET",NA,10.2198,-83.7874,FALSE,229,"Great Kiskadee","Pitangus sulphuratus","#7d4410","avian","https://media.birdweather.com/species/229/GreatKiskadee-standard-cd28a1b8e8b8e5aed433e809c229004e.jpg","https://media.birdweather.com/species/229/GreatKiskadee-thumbnail-b2749ed2442fb322cf3c4cb72f9c97f6.jpg","https://media.birdweather.com/species/229/GreatKiskadee-png200-003973af4f863deb00a4ce9b6f10e59c.png","0PgFDwIrhYqfZJh1mVe3SZZ3uKEJBncG",17156397312,"https://media.birdweather.com/soundscapes/19267/19267-20260920-205132.flac",4.5,7.5,"live"
11270712470,19267,"2026-09-20T14:51:32.000-06:00",0.776822924613953,0.761462211608887,9.04312995751495,"almost_certain","BirdNET",NA,10.2198,-83.7874,FALSE,229,"Great Kiskadee","Pitangus sulphuratus","#7d4410","avian","https://media.birdweather.com/species/229/GreatKiskadee-standard-cd28a1b8e8b8e5aed433e809c229004e.jpg","https://media.birdweather.com/species/229/GreatKiskadee-thumbnail-b2749ed2442fb322cf3c4cb72f9c97f6.jpg","https://media.birdweather.com/species/229/GreatKiskadee-png200-003973af4f863deb00a4ce9b6f10e59c.png","0PgFDwIrhYqfZJh1mVe3SZZ3uKEJBncG",17156397312,"https://media.birdweather.com/soundscapes/19267/19267-20260920-205132.flac",0,3,"live"
11270694235,19267,"2026-09-20T14:50:29.000-06:00",0.769416332244873,0.76146137714386,9.02168096389464,"almost_certain","BirdNET",NA,10.2198,-83.7874,FALSE,229,"Great Kiskadee","Pitangus sulphuratus","#7d4410","avian","https://media.birdweather.com/species/229/GreatKiskadee-standard-cd28a1b8e8b8e5aed433e809c229004e.jpg","https://media.birdweather.com/species/229/GreatKiskadee-thumbnail-b2749ed2442fb322cf3c4cb72f9c97f6.jpg","https://media.birdweather.com/species/229/GreatKiskadee-png200-003973af4f863deb00a4ce9b6f10e59c.png","0PgFDwIrhYqfZJh1mVe3SZZ3uKEJBncG",17156363315,"https://media.birdweather.com/soundscapes/19267/19267-20260920-205023.flac",6,9,"live"
11270694227,19267,"2026-09-20T14:50:26.000-06:00",0.77638179063797,0.76146137714386,9.04186042988864,"almost_certain","BirdNET",NA,10.2198,-83.7874,FALSE,229,"Great Kiskadee","Pitangus sulphuratus","#7d4410","avian","https://media.birdweather.com/species/229/GreatKiskadee-standard-cd28a1b8e8b8e5aed433e809c229004e.jpg","https://media.birdweather.com/species/229/GreatKiskadee-thumbnail-b2749ed2442fb322cf3c4cb72f9c97f6.jpg","https://media.birdweather.com/species/229/GreatKiskadee-png200-003973af4f863deb00a4ce9b6f10e59c.png","0PgFDwIrhYqfZJh1mVe3SZZ3uKEJBncG",17156363315,"https://media.birdweather.com/soundscapes/19267/19267-20260920-205023.flac",3,6,"live"
11270508787,19267,"2026-09-20T14:38:52.000-06:00",0.839950561523438,0.779323637485504,9.24482289379545,"almost_certain","BirdNET",NA,10.2198,-83.7874,FALSE,547,"Clay-colored Thrush","Turdus grayi","#6a35aa","avian","https://media.birdweather.com/species/547/Clay-coloredThrush-standard-6bfc97468790235aef16f793d0f164d2.jpg","https://media.birdweather.com/species/547/Clay-coloredThrush-thumbnail-a430288208e6c65f3790075ad1f1192e.jpg","https://media.birdweather.com/species/547/Clay-coloredThrush-png200-1247890112c02c6395175d20c306cf45.png","m/gFDwZ7toiKZoh0hQl26Wx8OeevSGcA",17156018493,"https://media.birdweather.com/soundscapes/19267/19267-20260920-203846.flac",6,9,"live"
11270508784,19267,"2026-09-20T14:38:50.500-06:00",0.847864508628845,0.779323637485504,9.26475697839779,"almost_certain","BirdNET",NA,10.2198,-83.7874,FALSE,547,"Clay-colored Thrush","Turdus grayi","#6a35aa","avian","https://media.birdweather.com/species/547/Clay-coloredThrush-standard-6bfc97468790235aef16f793d0f164d2.jpg","https://media.birdweather.com/species/547/Clay-coloredThrush-thumbnail-a430288208e6c65f3790075ad1f1192e.jpg","https://media.birdweather.com/species/547/Clay-coloredThrush-png200-1247890112c02c6395175d20c306cf45.png","m/gFDwZ7toiKZoh0hQl26Wx8OeevSGcA",17156018493,"https://media.birdweather.com/soundscapes/19267/19267-20260920-203846.flac",4.5,7.5,"live"
11270501670,19267,"2026-09-20T14:38:20.500-06:00",0.856480598449707,0.779323637485504,9.28613486561048,"almost_certain","BirdNET",NA,10.2198,-83.7874,FALSE,547,"Clay-colored Thrush","Turdus grayi","#6a35aa","avian","https://media.birdweather.com/species/547/Clay-coloredThrush-standard-6bfc97468790235aef16f793d0f164d2.jpg","https://media.birdweather.com/species/547/Clay-coloredThrush-thumbnail-a430288208e6c65f3790075ad1f1192e.jpg","https://media.birdweather.com/species/547/Clay-coloredThrush-png200-1247890112c02c6395175d20c306cf45.png","m/gFDwZ7toiKZoh0hQl26Wx8OeevSGcA",17156004944,"https://media.birdweather.com/soundscapes/19267/19267-20260920-203819.flac",1.5,4.5,"live"
11270498126,19267,"2026-09-20T14:38:12.000-06:00",0.904967486858368,0.779320240020752,9.40058206944512,"almost_certain","BirdNET",NA,10.2198,-83.7874,FALSE,547,"Clay-colored Thrush","Turdus grayi","#6a35aa","avian","https://media.birdweather.com/species/547/Clay-coloredThrush-standard-6bfc97468790235aef16f793d0f164d2.jpg","https://media.birdweather.com/species/547/Clay-coloredThrush-thumbnail-a430288208e6c65f3790075ad1f1192e.jpg","https://media.birdweather.com/species/547/Clay-coloredThrush-png200-1247890112c02c6395175d20c306cf45.png","m/gFDwZ7toiKZoh0hQl26Wx8OeevSGcA",17155998570,"https://media.birdweather.com/soundscapes/19267/19267-20260920-203806.flac",6,9,"live"
11270498118,19267,"2026-09-20T14:38:10.500-06:00",0.91313374042511,0.779320240020752,9.41895153620343,"almost_certain","BirdNET",NA,10.2198,-83.7874,FALSE,547,"Clay-colored Thrush","Turdus grayi","#6a35aa","avian","https://media.birdweather.com/species/547/Clay-coloredThrush-standard-6bfc97468790235aef16f793d0f164d2.jpg","https://media.birdweather.com/species/547/Clay-coloredThrush-thumbnail-a430288208e6c65f3790075ad1f1192e.jpg","https://media.birdweather.com/species/547/Clay-coloredThrush-png200-1247890112c02c6395175d20c306cf45.png","m/gFDwZ7toiKZoh0hQl26Wx8OeevSGcA",17155998570,"https://media.birdweather.com/soundscapes/19267/19267-20260920-203806.flac",4.5,7.5,"live"
11270498113,19267,"2026-09-20T14:38:07.500-06:00",0.7239830493927,0.779320240020752,8.91357277164334,"almost_certain","BirdNET",NA,10.2198,-83.7874,FALSE,547,"Clay-colored Thrush","Turdus grayi","#6a35aa","avian","https://media.birdweather.com/species/547/Clay-coloredThrush-standard-6bfc97468790235aef16f793d0f164d2.jpg","https://media.birdweather.com/species/547/Clay-coloredThrush-thumbnail-a430288208e6c65f3790075ad1f1192e.jpg","https://media.birdweather.com/species/547/Clay-coloredThrush-png200-1247890112c02c6395175d20c306cf45.png","m/gFDwZ7toiKZoh0hQl26Wx8OeevSGcA",17155998570,"https://media.birdweather.com/soundscapes/19267/19267-20260920-203806.flac",1.5,4.5,"live"
11270403697,19267,"2026-09-20T14:32:14.500-06:00",0.91233766078949,0.21638460457325,7.70612821833365,"almost_certain","BirdNET",NA,10.2198,-83.7874,FALSE,501,"White-winged Dove","Zenaida asiatica","#d16ff8","avian","https://media.birdweather.com/species/501/White-wingedDove-standard-6528ef689b07d5a91f1c2275cdef19c9.jpg","https://media.birdweather.com/species/501/White-wingedDove-thumbnail-4a940adfd5a6c78c73c48c5095e7b896.jpg","https://media.birdweather.com/species/501/White-wingedDove-png200-d65decd3d571b5a9dbeca249ef97689f.png","IscJLwb6hoVelZWZdoh3eIeIdxBoB4IG",17155822745,"https://media.birdweather.com/soundscapes/19267/19267-20260920-203210.flac",4.5,7.5,"live"
11270403696,19267,"2026-09-20T14:32:13.000-06:00",0.714840948581696,0.21638460457325,7.17266573585773,"almost_certain","BirdNET",NA,10.2198,-83.7874,FALSE,501,"White-winged Dove","Zenaida asiatica","#d16ff8","avian","https://media.birdweather.com/species/501/White-wingedDove-standard-6528ef689b07d5a91f1c2275cdef19c9.jpg","https://media.birdweather.com/species/501/White-wingedDove-thumbnail-4a940adfd5a6c78c73c48c5095e7b896.jpg","https://media.birdweather.com/species/501/White-wingedDove-png200-d65decd3d571b5a9dbeca249ef97689f.png","IscJLwb6hoVelZWZdoh3eIeIdxBoB4IG",17155822745,"https://media.birdweather.com/soundscapes/19267/19267-20260920-203210.flac",3,6,"live"
11270403693,19267,"2026-09-20T14:32:11.500-06:00",0.710800468921661,0.21638460457325,7.1592567638594,"almost_certain","BirdNET",NA,10.2198,-83.7874,FALSE,501,"White-winged Dove","Zenaida asiatica","#d16ff8","avian","https://media.birdweather.com/species/501/White-wingedDove-standard-6528ef689b07d5a91f1c2275cdef19c9.jpg","https://media.birdweather.com/species/501/White-wingedDove-thumbnail-4a940adfd5a6c78c73c48c5095e7b896.jpg","https://media.birdweather.com/species/501/White-wingedDove-png200-d65decd3d571b5a9dbeca249ef97689f.png","IscJLwb6hoVelZWZdoh3eIeIdxBoB4IG",17155822745,"https://media.birdweather.com/soundscapes/19267/19267-20260920-203210.flac",1.5,4.5,"live"
11270129145,19267,"2026-09-20T14:15:09.500-06:00",0.782544195652008,0.806996464729309,9.13803588082268,"almost_certain","BirdNET",NA,10.2198,-83.7874,FALSE,451,"Blue-gray Tanager","Thraupis episcopus","#844800","avian","https://media.birdweather.com/species/451/Blue-grayTanager-standard-04bc83ed9930251b50b0a08bf40fec04.jpg","https://media.birdweather.com/species/451/Blue-grayTanager-thumbnail-dc3af9565dbd849047cf157316f7ef59.jpg","https://media.birdweather.com/species/451/Blue-grayTanager-png200-be5418cb49793536e5c09e1af73aefe1.png","GvkFHwZvZYaoamVVjYZ1i1Z2Zoz1l3EP",17155314748,"https://media.birdweather.com/soundscapes/19267/19267-20260920-201505.flac",4.5,7.5,"live"
11270122097,19267,"2026-09-20T14:14:46.000-06:00",0.74741667509079,0.234337389469147,7.38078216188176,"almost_certain","BirdNET",NA,10.2198,-83.7874,FALSE,2060,"Tennessee Warbler","Leiothlypis peregrina","#8ed96e","avian","https://media.birdweather.com/species/2060/TennesseeWarbler-standard-223ecb0171de5be1bb1e00741bd8f83f.jpg","https://media.birdweather.com/species/2060/TennesseeWarbler-thumbnail-fd4af4b087494a9b82c8136213ae3a15.jpg","https://media.birdweather.com/species/2060/TennesseeWarbler-png200-b143843a4eabc2da6e1928b8e8450e88.png","0AgGDwJ3WYh/h4eSd2mHh3aJ97ksj4kN",17155302237,"https://media.birdweather.com/soundscapes/19267/19267-20260920-201440.flac",6,9,"live"
11270122087,19267,"2026-09-20T14:14:40.000-06:00",0.935712337493896,0.806996464729309,9.51570877816268,"almost_certain","BirdNET",NA,10.2198,-83.7874,FALSE,451,"Blue-gray Tanager","Thraupis episcopus","#844800","avian","https://media.birdweather.com/species/451/Blue-grayTanager-standard-04bc83ed9930251b50b0a08bf40fec04.jpg","https://media.birdweather.com/species/451/Blue-grayTanager-thumbnail-dc3af9565dbd849047cf157316f7ef59.jpg","https://media.birdweather.com/species/451/Blue-grayTanager-png200-be5418cb49793536e5c09e1af73aefe1.png","GvkFHwZvZYaoamVVjYZ1i1Z2Zoz1l3EP",17155302237,"https://media.birdweather.com/soundscapes/19267/19267-20260920-201440.flac",0,3,"live"
11270118359,19267,"2026-09-20T14:14:30.000-06:00",0.788763642311096,0.806996464729309,9.15558079921647,"almost_certain","BirdNET",NA,10.2198,-83.7874,FALSE,451,"Blue-gray Tanager","Thraupis episcopus","#844800","avian","https://media.birdweather.com/species/451/Blue-grayTanager-standard-04bc83ed9930251b50b0a08bf40fec04.jpg","https://media.birdweather.com/species/451/Blue-grayTanager-thumbnail-dc3af9565dbd849047cf157316f7ef59.jpg","https://media.birdweather.com/species/451/Blue-grayTanager-png200-be5418cb49793536e5c09e1af73aefe1.png","GvkFHwZvZYaoamVVjYZ1i1Z2Zoz1l3EP",17155295366,"https://media.birdweather.com/soundscapes/19267/19267-20260920-201424.flac",6,9,"live"
11270118358,19267,"2026-09-20T14:14:28.500-06:00",0.812191307544708,0.806996464729309,9.21972307476418,"almost_certain","BirdNET",NA,10.2198,-83.7874,FALSE,451,"Blue-gray Tanager","Thraupis episcopus","#844800","avian","https://media.birdweather.com/species/451/Blue-grayTanager-standard-04bc83ed9930251b50b0a08bf40fec04.jpg","https://media.birdweather.com/species/451/Blue-grayTanager-thumbnail-dc3af9565dbd849047cf157316f7ef59.jpg","https://media.birdweather.com/species/451/Blue-grayTanager-png200-be5418cb49793536e5c09e1af73aefe1.png","GvkFHwZvZYaoamVVjYZ1i1Z2Zoz1l3EP",17155295366,"https://media.birdweather.com/soundscapes/19267/19267-20260920-201424.flac",4.5,7.5,"live"
11270043045,19267,"2026-09-20T14:09:54.000-06:00",0.954418659210205,0.553817510604858,9.04730167573903,"almost_certain","BirdNET",NA,10.2198,-83.7874,FALSE,121,"Social Flycatcher","Myiozetetes similis","#69b9ff","avian","https://media.birdweather.com/species/121/SocialFlycatcher-standard-6e107581e61c9f556b3a0af5200f486a.jpg","https://media.birdweather.com/species/121/SocialFlycatcher-thumbnail-87f640fcaf1441ecbbd56b57372185a8.jpg","https://media.birdweather.com/species/121/SocialFlycatcher-png200-2f6dd485cf927db0dd7fd9abc239fb19.png","2xkKJwIJh3ekeXh0e5Z4eYaIdyApd5AC",17155157335,"https://media.birdweather.com/soundscapes/19267/19267-20260920-200948.flac",6,9,"live"
11270043038,19267,"2026-09-20T14:09:52.500-06:00",0.797812223434448,0.553817510604858,8.67257331102956,"almost_certain","BirdNET",NA,10.2198,-83.7874,FALSE,121,"Social Flycatcher","Myiozetetes similis","#69b9ff","avian","https://media.birdweather.com/species/121/SocialFlycatcher-standard-6e107581e61c9f556b3a0af5200f486a.jpg","https://media.birdweather.com/species/121/SocialFlycatcher-thumbnail-87f640fcaf1441ecbbd56b57372185a8.jpg","https://media.birdweather.com/species/121/SocialFlycatcher-png200-2f6dd485cf927db0dd7fd9abc239fb19.png","2xkKJwIJh3ekeXh0e5Z4eYaIdyApd5AC",17155157335,"https://media.birdweather.com/soundscapes/19267/19267-20260920-200948.flac",4.5,7.5,"live"
11270043032,19267,"2026-09-20T14:09:51.000-06:00",0.754118204116821,0.553817510604858,8.54671768713854,"almost_certain","BirdNET",NA,10.2198,-83.7874,FALSE,121,"Social Flycatcher","Myiozetetes similis","#69b9ff","avian","https://media.birdweather.com/species/121/SocialFlycatcher-standard-6e107581e61c9f556b3a0af5200f486a.jpg","https://media.birdweather.com/species/121/SocialFlycatcher-thumbnail-87f640fcaf1441ecbbd56b57372185a8.jpg","https://media.birdweather.com/species/121/SocialFlycatcher-png200-2f6dd485cf927db0dd7fd9abc239fb19.png","2xkKJwIJh3ekeXh0e5Z4eYaIdyApd5AC",17155157335,"https://media.birdweather.com/soundscapes/19267/19267-20260920-200948.flac",3,6,"live"
11269989042,19267,"2026-09-20T14:06:32.500-06:00",0.915874600410461,0.761458516120911,9.3937038977816,"almost_certain","BirdNET",NA,10.2198,-83.7874,FALSE,229,"Great Kiskadee","Pitangus sulphuratus","#7d4410","avian","https://media.birdweather.com/species/229/GreatKiskadee-standard-cd28a1b8e8b8e5aed433e809c229004e.jpg","https://media.birdweather.com/species/229/GreatKiskadee-thumbnail-b2749ed2442fb322cf3c4cb72f9c97f6.jpg","https://media.birdweather.com/species/229/GreatKiskadee-png200-003973af4f863deb00a4ce9b6f10e59c.png","0PgFDwIrhYqfZJh1mVe3SZZ3uKEJBncG",17155058103,"https://media.birdweather.com/soundscapes/19267/19267-20260920-200628.flac",4.5,7.5,"live"
11269989041,19267,"2026-09-20T14:06:31.000-06:00",0.961209297180176,0.761458516120911,9.49101096295503,"almost_certain","BirdNET",NA,10.2198,-83.7874,FALSE,229,"Great Kiskadee","Pitangus sulphuratus","#7d4410","avian","https://media.birdweather.com/species/229/GreatKiskadee-standard-cd28a1b8e8b8e5aed433e809c229004e.jpg","https://media.birdweather.com/species/229/GreatKiskadee-thumbnail-b2749ed2442fb322cf3c4cb72f9c97f6.jpg","https://media.birdweather.com/species/229/GreatKiskadee-png200-003973af4f863deb00a4ce9b6f10e59c.png","0PgFDwIrhYqfZJh1mVe3SZZ3uKEJBncG",17155058103,"https://media.birdweather.com/soundscapes/19267/19267-20260920-200628.flac",3,6,"live"
11269883645,19267,"2026-09-20T14:00:13.500-06:00",0.877515912055969,0.0404826812446117,5.57008877338557,"almost_certain","BirdNET",NA,10.2198,-83.7874,FALSE,209,"Belted Kingfisher","Megaceryle alcyon","#caca8b","avian","https://media.birdweather.com/species/209/BeltedKingfisher-standard-371f4b97741d652f760bb71134bf5162.jpg","https://media.birdweather.com/species/209/BeltedKingfisher-thumbnail-8f16396dfb739d5aee7315abbbf33a28.jpg","https://media.birdweather.com/species/209/BeltedKingfisher-png200-47c2ad3f00fba2cd6f2def7a93944fb1.png","VggGDwJZn5aXS4hmaGZ4eHdox7+534wK",17154868614,"https://media.birdweather.com/soundscapes/19267/19267-20260920-200009.flac",4.5,7.5,"live"
11269580149,19267,"2026-09-20T13:43:40.000-06:00",0.763879060745239,0.7614626288414,9.00542648809027,"almost_certain","BirdNET",NA,10.2198,-83.7874,FALSE,229,"Great Kiskadee","Pitangus sulphuratus","#7d4410","avian","https://media.birdweather.com/species/229/GreatKiskadee-standard-cd28a1b8e8b8e5aed433e809c229004e.jpg","https://media.birdweather.com/species/229/GreatKiskadee-thumbnail-b2749ed2442fb322cf3c4cb72f9c97f6.jpg","https://media.birdweather.com/species/229/GreatKiskadee-png200-003973af4f863deb00a4ce9b6f10e59c.png","0PgFDwIrhYqfZJh1mVe3SZZ3uKEJBncG",17154361992,"https://media.birdweather.com/soundscapes/19267/19267-20260920-194334.flac",6,9,"live"
11269569096,19267,"2026-09-20T13:42:58.500-06:00",0.816799700260162,0.7614626288414,9.15342964195239,"almost_certain","BirdNET",NA,10.2198,-83.7874,FALSE,229,"Great Kiskadee","Pitangus sulphuratus","#7d4410","avian","https://media.birdweather.com/species/229/GreatKiskadee-standard-cd28a1b8e8b8e5aed433e809c229004e.jpg","https://media.birdweather.com/species/229/GreatKiskadee-thumbnail-b2749ed2442fb322cf3c4cb72f9c97f6.jpg","https://media.birdweather.com/species/229/GreatKiskadee-png200-003973af4f863deb00a4ce9b6f10e59c.png","0PgFDwIrhYqfZJh1mVe3SZZ3uKEJBncG",17154342161,"https://media.birdweather.com/soundscapes/19267/19267-20260920-194254.flac",4.5,7.5,"live"
11269569095,19267,"2026-09-20T13:42:57.000-06:00",0.747478663921356,0.7614626288414,8.9561133173805,"almost_certain","BirdNET",NA,10.2198,-83.7874,FALSE,229,"Great Kiskadee","Pitangus sulphuratus","#7d4410","avian","https://media.birdweather.com/species/229/GreatKiskadee-standard-cd28a1b8e8b8e5aed433e809c229004e.jpg","https://media.birdweather.com/species/229/GreatKiskadee-thumbnail-b2749ed2442fb322cf3c4cb72f9c97f6.jpg","https://media.birdweather.com/species/229/GreatKiskadee-png200-003973af4f863deb00a4ce9b6f10e59c.png","0PgFDwIrhYqfZJh1mVe3SZZ3uKEJBncG",17154342161,"https://media.birdweather.com/soundscapes/19267/19267-20260920-194254.flac",3,6,"live"
11269561662,19267,"2026-09-20T13:42:31.500-06:00",0.80809873342514,0.7614626288414,9.13016760824655,"almost_certain","BirdNET",NA,10.2198,-83.7874,FALSE,229,"Great Kiskadee","Pitangus sulphuratus","#7d4410","avian","https://media.birdweather.com/species/229/GreatKiskadee-standard-cd28a1b8e8b8e5aed433e809c229004e.jpg","https://media.birdweather.com/species/229/GreatKiskadee-thumbnail-b2749ed2442fb322cf3c4cb72f9c97f6.jpg","https://media.birdweather.com/species/229/GreatKiskadee-png200-003973af4f863deb00a4ce9b6f10e59c.png","0PgFDwIrhYqfZJh1mVe3SZZ3uKEJBncG",17154328605,"https://media.birdweather.com/soundscapes/19267/19267-20260920-194227.flac",4.5,7.5,"live"
11269558241,19267,"2026-09-20T13:42:20.000-06:00",0.778767287731171,0.7614626288414,9.04870585214117,"almost_certain","BirdNET",NA,10.2198,-83.7874,FALSE,229,"Great Kiskadee","Pitangus sulphuratus","#7d4410","avian","https://media.birdweather.com/species/229/GreatKiskadee-standard-cd28a1b8e8b8e5aed433e809c229004e.jpg","https://media.birdweather.com/species/229/GreatKiskadee-thumbnail-b2749ed2442fb322cf3c4cb72f9c97f6.jpg","https://media.birdweather.com/species/229/GreatKiskadee-png200-003973af4f863deb00a4ce9b6f10e59c.png","0PgFDwIrhYqfZJh1mVe3SZZ3uKEJBncG",17154322463,"https://media.birdweather.com/soundscapes/19267/19267-20260920-194214.flac",6,9,"live"
11269558231,19267,"2026-09-20T13:42:15.500-06:00",0.952994227409363,0.7614626288414,9.47389033776687,"almost_certain","BirdNET",NA,10.2198,-83.7874,FALSE,229,"Great Kiskadee","Pitangus sulphuratus","#7d4410","avian","https://media.birdweather.com/species/229/GreatKiskadee-standard-cd28a1b8e8b8e5aed433e809c229004e.jpg","https://media.birdweather.com/species/229/GreatKiskadee-thumbnail-b2749ed2442fb322cf3c4cb72f9c97f6.jpg","https://media.birdweather.com/species/229/GreatKiskadee-png200-003973af4f863deb00a4ce9b6f10e59c.png","0PgFDwIrhYqfZJh1mVe3SZZ3uKEJBncG",17154322463,"https://media.birdweather.com/soundscapes/19267/19267-20260920-194214.flac",1.5,4.5,"live"
11269558229,19267,"2026-09-20T13:42:14.000-06:00",0.816787779331207,0.7614626288414,9.15339804003578,"almost_certain","BirdNET",NA,10.2198,-83.7874,FALSE,229,"Great Kiskadee","Pitangus sulphuratus","#7d4410","avian","https://media.birdweather.com/species/229/GreatKiskadee-standard-cd28a1b8e8b8e5aed433e809c229004e.jpg","https://media.birdweather.com/species/229/GreatKiskadee-thumbnail-b2749ed2442fb322cf3c4cb72f9c97f6.jpg","https://media.birdweather.com/species/229/GreatKiskadee-png200-003973af4f863deb00a4ce9b6f10e59c.png","0PgFDwIrhYqfZJh1mVe3SZZ3uKEJBncG",17154322463,"https://media.birdweather.com/soundscapes/19267/19267-20260920-194214.flac",0,3,"live"
11269550878,19267,"2026-09-20T13:41:53.000-06:00",0.767226099967957,0.216398656368256,7.33566857259164,"almost_certain","BirdNET",NA,10.2198,-83.7874,FALSE,501,"White-winged Dove","Zenaida asiatica","#d16ff8","avian","https://media.birdweather.com/species/501/White-wingedDove-standard-6528ef689b07d5a91f1c2275cdef19c9.jpg","https://media.birdweather.com/species/501/White-wingedDove-thumbnail-4a940adfd5a6c78c73c48c5095e7b896.jpg","https://media.birdweather.com/species/501/White-wingedDove-png200-d65decd3d571b5a9dbeca249ef97689f.png","IscJLwb6hoVelZWZdoh3eIeIdxBoB4IG",17154308973,"https://media.birdweather.com/soundscapes/19267/19267-20260920-194147.flac",6,9,"live"
11269547270,19267,"2026-09-20T13:41:34.000-06:00",0.803816556930542,0.7614626288414,9.11857253329716,"almost_certain","BirdNET",NA,10.2198,-83.7874,FALSE,229,"Great Kiskadee","Pitangus sulphuratus","#7d4410","avian","https://media.birdweather.com/species/229/GreatKiskadee-standard-cd28a1b8e8b8e5aed433e809c229004e.jpg","https://media.birdweather.com/species/229/GreatKiskadee-thumbnail-b2749ed2442fb322cf3c4cb72f9c97f6.jpg","https://media.birdweather.com/species/229/GreatKiskadee-png200-003973af4f863deb00a4ce9b6f10e59c.png","0PgFDwIrhYqfZJh1mVe3SZZ3uKEJBncG",17154302802,"https://media.birdweather.com/soundscapes/19267/19267-20260920-194134.flac",0,3,"live"
11269513721,19267,"2026-09-20T13:39:38.000-06:00",0.858780562877655,0.761463344097137,9.26042992688366,"almost_certain","BirdNET",NA,10.2198,-83.7874,FALSE,229,"Great Kiskadee","Pitangus sulphuratus","#7d4410","avian","https://media.birdweather.com/species/229/GreatKiskadee-standard-cd28a1b8e8b8e5aed433e809c229004e.jpg","https://media.birdweather.com/species/229/GreatKiskadee-thumbnail-b2749ed2442fb322cf3c4cb72f9c97f6.jpg","https://media.birdweather.com/species/229/GreatKiskadee-png200-003973af4f863deb00a4ce9b6f10e59c.png","0PgFDwIrhYqfZJh1mVe3SZZ3uKEJBncG",17154241852,"https://media.birdweather.com/soundscapes/19267/19267-20260920-193932.flac",6,9,"live"
11269513719,19267,"2026-09-20T13:39:35.000-06:00",0.922198116779327,0.761463344097137,9.40770727595673,"almost_certain","BirdNET",NA,10.2198,-83.7874,FALSE,229,"Great Kiskadee","Pitangus sulphuratus","#7d4410","avian","https://media.birdweather.com/species/229/GreatKiskadee-standard-cd28a1b8e8b8e5aed433e809c229004e.jpg","https://media.birdweather.com/species/229/GreatKiskadee-thumbnail-b2749ed2442fb322cf3c4cb72f9c97f6.jpg","https://media.birdweather.com/species/229/GreatKiskadee-png200-003973af4f863deb00a4ce9b6f10e59c.png","0PgFDwIrhYqfZJh1mVe3SZZ3uKEJBncG",17154241852,"https://media.birdweather.com/soundscapes/19267/19267-20260920-193932.flac",3,6,"live"
11269513716,19267,"2026-09-20T13:39:33.500-06:00",0.990240216255188,0.761463344097137,9.54988740865639,"almost_certain","BirdNET",NA,10.2198,-83.7874,FALSE,229,"Great Kiskadee","Pitangus sulphuratus","#7d4410","avian","https://media.birdweather.com/species/229/GreatKiskadee-standard-cd28a1b8e8b8e5aed433e809c229004e.jpg","https://media.birdweather.com/species/229/GreatKiskadee-thumbnail-b2749ed2442fb322cf3c4cb72f9c97f6.jpg","https://media.birdweather.com/species/229/GreatKiskadee-png200-003973af4f863deb00a4ce9b6f10e59c.png","0PgFDwIrhYqfZJh1mVe3SZZ3uKEJBncG",17154241852,"https://media.birdweather.com/soundscapes/19267/19267-20260920-193932.flac",1.5,4.5,"live"
11269506223,19267,"2026-09-20T13:39:12.000-06:00",0.810999572277069,0.76146012544632,9.1379625278506,"almost_certain","BirdNET",NA,10.2198,-83.7874,FALSE,229,"Great Kiskadee","Pitangus sulphuratus","#7d4410","avian","https://media.birdweather.com/species/229/GreatKiskadee-standard-cd28a1b8e8b8e5aed433e809c229004e.jpg","https://media.birdweather.com/species/229/GreatKiskadee-thumbnail-b2749ed2442fb322cf3c4cb72f9c97f6.jpg","https://media.birdweather.com/species/229/GreatKiskadee-png200-003973af4f863deb00a4ce9b6f10e59c.png","0PgFDwIrhYqfZJh1mVe3SZZ3uKEJBncG",17154228254,"https://media.birdweather.com/soundscapes/19267/19267-20260920-193906.flac",6,9,"live"
11269506221,19267,"2026-09-20T13:39:10.500-06:00",0.920725166797638,0.76146012544632,9.4044544692527,"almost_certain","BirdNET",NA,10.2198,-83.7874,FALSE,229,"Great Kiskadee","Pitangus sulphuratus","#7d4410","avian","https://media.birdweather.com/species/229/GreatKiskadee-standard-cd28a1b8e8b8e5aed433e809c229004e.jpg","https://media.birdweather.com/species/229/GreatKiskadee-thumbnail-b2749ed2442fb322cf3c4cb72f9c97f6.jpg","https://media.birdweather.com/species/229/GreatKiskadee-png200-003973af4f863deb00a4ce9b6f10e59c.png","0PgFDwIrhYqfZJh1mVe3SZZ3uKEJBncG",17154228254,"https://media.birdweather.com/soundscapes/19267/19267-20260920-193906.flac",4.5,7.5,"live"
11269506213,19267,"2026-09-20T13:39:07.500-06:00",0.853330373764038,0.76146012544632,9.2469960203518,"almost_certain","BirdNET",NA,10.2198,-83.7874,FALSE,229,"Great Kiskadee","Pitangus sulphuratus","#7d4410","avian","https://media.birdweather.com/species/229/GreatKiskadee-standard-cd28a1b8e8b8e5aed433e809c229004e.jpg","https://media.birdweather.com/species/229/GreatKiskadee-thumbnail-b2749ed2442fb322cf3c4cb72f9c97f6.jpg","https://media.birdweather.com/species/229/GreatKiskadee-png200-003973af4f863deb00a4ce9b6f10e59c.png","0PgFDwIrhYqfZJh1mVe3SZZ3uKEJBncG",17154228254,"https://media.birdweather.com/soundscapes/19267/19267-20260920-193906.flac",1.5,4.5,"live"
11269492152,19267,"2026-09-20T13:38:19.000-06:00",0.936335384845734,0.761458814144135,9.43847929716773,"almost_certain","BirdNET",NA,10.2198,-83.7874,FALSE,229,"Great Kiskadee","Pitangus sulphuratus","#7d4410","avian","https://media.birdweather.com/species/229/GreatKiskadee-standard-cd28a1b8e8b8e5aed433e809c229004e.jpg","https://media.birdweather.com/species/229/GreatKiskadee-thumbnail-b2749ed2442fb322cf3c4cb72f9c97f6.jpg","https://media.birdweather.com/species/229/GreatKiskadee-png200-003973af4f863deb00a4ce9b6f10e59c.png","0PgFDwIrhYqfZJh1mVe3SZZ3uKEJBncG",17154202098,"https://media.birdweather.com/soundscapes/19267/19267-20260920-193813.flac",6,9,"live"
11269492150,19267,"2026-09-20T13:38:17.500-06:00",0.937053084373474,0.761458814144135,9.44002359960314,"almost_certain","BirdNET",NA,10.2198,-83.7874,FALSE,229,"Great Kiskadee","Pitangus sulphuratus","#7d4410","avian","https://media.birdweather.com/species/229/GreatKiskadee-standard-cd28a1b8e8b8e5aed433e809c229004e.jpg","https://media.birdweather.com/species/229/GreatKiskadee-thumbnail-b2749ed2442fb322cf3c4cb72f9c97f6.jpg","https://media.birdweather.com/species/229/GreatKiskadee-png200-003973af4f863deb00a4ce9b6f10e59c.png","0PgFDwIrhYqfZJh1mVe3SZZ3uKEJBncG",17154202098,"https://media.birdweather.com/soundscapes/19267/19267-20260920-193813.flac",4.5,7.5,"live"
11269488747,19267,"2026-09-20T13:38:04.000-06:00",0.89744907617569,0.761458814144135,9.35209160858395,"almost_certain","BirdNET",NA,10.2198,-83.7874,FALSE,229,"Great Kiskadee","Pitangus sulphuratus","#7d4410","avian","https://media.birdweather.com/species/229/GreatKiskadee-standard-cd28a1b8e8b8e5aed433e809c229004e.jpg","https://media.birdweather.com/species/229/GreatKiskadee-thumbnail-b2749ed2442fb322cf3c4cb72f9c97f6.jpg","https://media.birdweather.com/species/229/GreatKiskadee-png200-003973af4f863deb00a4ce9b6f10e59c.png","0PgFDwIrhYqfZJh1mVe3SZZ3uKEJBncG",17154195944,"https://media.birdweather.com/soundscapes/19267/19267-20260920-193801.flac",3,6,"live"
11269484818,19267,"2026-09-20T13:37:53.000-06:00",0.958349108695984,0.761458814144135,9.48507243813242,"almost_certain","BirdNET",NA,10.2198,-83.7874,FALSE,229,"Great Kiskadee","Pitangus sulphuratus","#7d4410","avian","https://media.birdweather.com/species/229/GreatKiskadee-standard-cd28a1b8e8b8e5aed433e809c229004e.jpg","https://media.birdweather.com/species/229/GreatKiskadee-thumbnail-b2749ed2442fb322cf3c4cb72f9c97f6.jpg","https://media.birdweather.com/species/229/GreatKiskadee-png200-003973af4f863deb00a4ce9b6f10e59c.png","0PgFDwIrhYqfZJh1mVe3SZZ3uKEJBncG",17154189072,"https://media.birdweather.com/soundscapes/19267/19267-20260920-193747.flac",6,9,"live"
11269481335,19267,"2026-09-20T13:37:41.000-06:00",0.934354543685913,0.761458814144135,9.43420798828862,"almost_certain","BirdNET",NA,10.2198,-83.7874,FALSE,229,"Great Kiskadee","Pitangus sulphuratus","#7d4410","avian","https://media.birdweather.com/species/229/GreatKiskadee-standard-cd28a1b8e8b8e5aed433e809c229004e.jpg","https://media.birdweather.com/species/229/GreatKiskadee-thumbnail-b2749ed2442fb322cf3c4cb72f9c97f6.jpg","https://media.birdweather.com/species/229/GreatKiskadee-png200-003973af4f863deb00a4ce9b6f10e59c.png","0PgFDwIrhYqfZJh1mVe3SZZ3uKEJBncG",17154182950,"https://media.birdweather.com/soundscapes/19267/19267-20260920-193735.flac",6,9,"live"
11269481326,19267,"2026-09-20T13:37:38.000-06:00",0.793012380599976,0.110376700758934,6.54387649610918,"almost_certain","BirdNET",NA,10.2198,-83.7874,FALSE,603,"Tropical Mockingbird","Mimus gilvus","#006e2a","avian","https://media.birdweather.com/species/603/TropicalMockingbird-standard-33be42788a38707b12f757d28526a492.jpg","https://media.birdweather.com/species/603/TropicalMockingbird-thumbnail-4f6417f6928c80a2cb70eb341f54fd79.jpg","https://media.birdweather.com/species/603/TropicalMockingbird-png200-9e94d27578943cfad1e7923fe23d2300.png","q+cJFwL4VohclXidhXh5aJh4qDAaGKYA",17154182950,"https://media.birdweather.com/soundscapes/19267/19267-20260920-193735.flac",3,6,"live"
11269481322,19267,"2026-09-20T13:37:36.500-06:00",0.955261647701263,0.761458814144135,9.47863243399727,"almost_certain","BirdNET",NA,10.2198,-83.7874,FALSE,229,"Great Kiskadee","Pitangus sulphuratus","#7d4410","avian","https://media.birdweather.com/species/229/GreatKiskadee-standard-cd28a1b8e8b8e5aed433e809c229004e.jpg","https://media.birdweather.com/species/229/GreatKiskadee-thumbnail-b2749ed2442fb322cf3c4cb72f9c97f6.jpg","https://media.birdweather.com/species/229/GreatKiskadee-png200-003973af4f863deb00a4ce9b6f10e59c.png","0PgFDwIrhYqfZJh1mVe3SZZ3uKEJBncG",17154182950,"https://media.birdweather.com/soundscapes/19267/19267-20260920-193735.flac",1.5,4.5,"live"
11269481316,19267,"2026-09-20T13:37:35.000-06:00",0.865782678127289,0.761458814144135,9.27748276700713,"almost_certain","BirdNET",NA,10.2198,-83.7874,FALSE,229,"Great Kiskadee","Pitangus sulphuratus","#7d4410","avian","https://media.birdweather.com/species/229/GreatKiskadee-standard-cd28a1b8e8b8e5aed433e809c229004e.jpg","https://media.birdweather.com/species/229/GreatKiskadee-thumbnail-b2749ed2442fb322cf3c4cb72f9c97f6.jpg","https://media.birdweather.com/species/229/GreatKiskadee-png200-003973af4f863deb00a4ce9b6f10e59c.png","0PgFDwIrhYqfZJh1mVe3SZZ3uKEJBncG",17154182950,"https://media.birdweather.com/soundscapes/19267/19267-20260920-193735.flac",0,3,"live"
11269477813,19267,"2026-09-20T13:37:29.000-06:00",0.992901265621185,0.761458814144135,9.5551509031306,"almost_certain","BirdNET",NA,10.2198,-83.7874,FALSE,229,"Great Kiskadee","Pitangus sulphuratus","#7d4410","avian","https://media.birdweather.com/species/229/GreatKiskadee-standard-cd28a1b8e8b8e5aed433e809c229004e.jpg","https://media.birdweather.com/species/229/GreatKiskadee-thumbnail-b2749ed2442fb322cf3c4cb72f9c97f6.jpg","https://media.birdweather.com/species/229/GreatKiskadee-png200-003973af4f863deb00a4ce9b6f10e59c.png","0PgFDwIrhYqfZJh1mVe3SZZ3uKEJBncG",17154176720,"https://media.birdweather.com/soundscapes/19267/19267-20260920-193723.flac",6,9,"live"
11269477809,19267,"2026-09-20T13:37:27.500-06:00",0.982684075832367,0.761458814144135,9.5347991197794,"almost_certain","BirdNET",NA,10.2198,-83.7874,FALSE,229,"Great Kiskadee","Pitangus sulphuratus","#7d4410","avian","https://media.birdweather.com/species/229/GreatKiskadee-standard-cd28a1b8e8b8e5aed433e809c229004e.jpg","https://media.birdweather.com/species/229/GreatKiskadee-thumbnail-b2749ed2442fb322cf3c4cb72f9c97f6.jpg","https://media.birdweather.com/species/229/GreatKiskadee-png200-003973af4f863deb00a4ce9b6f10e59c.png","0PgFDwIrhYqfZJh1mVe3SZZ3uKEJBncG",17154176720,"https://media.birdweather.com/soundscapes/19267/19267-20260920-193723.flac",4.5,7.5,"live"
11269477801,19267,"2026-09-20T13:37:26.000-06:00",0.881777346134186,0.761458814144135,9.3156753039459,"almost_certain","BirdNET",NA,10.2198,-83.7874,FALSE,229,"Great Kiskadee","Pitangus sulphuratus","#7d4410","avian","https://media.birdweather.com/species/229/GreatKiskadee-standard-cd28a1b8e8b8e5aed433e809c229004e.jpg","https://media.birdweather.com/species/229/GreatKiskadee-thumbnail-b2749ed2442fb322cf3c4cb72f9c97f6.jpg","https://media.birdweather.com/species/229/GreatKiskadee-png200-003973af4f863deb00a4ce9b6f10e59c.png","0PgFDwIrhYqfZJh1mVe3SZZ3uKEJBncG",17154176720,"https://media.birdweather.com/soundscapes/19267/19267-20260920-193723.flac",3,6,"live"
11269477796,19267,"2026-09-20T13:37:24.500-06:00",0.959604561328888,0.761458814144135,9.48768250048352,"almost_certain","BirdNET",NA,10.2198,-83.7874,FALSE,229,"Great Kiskadee","Pitangus sulphuratus","#7d4410","avian","https://media.birdweather.com/species/229/GreatKiskadee-standard-cd28a1b8e8b8e5aed433e809c229004e.jpg","https://media.birdweather.com/species/229/GreatKiskadee-thumbnail-b2749ed2442fb322cf3c4cb72f9c97f6.jpg","https://media.birdweather.com/species/229/GreatKiskadee-png200-003973af4f863deb00a4ce9b6f10e59c.png","0PgFDwIrhYqfZJh1mVe3SZZ3uKEJBncG",17154176720,"https://media.birdweather.com/soundscapes/19267/19267-20260920-193723.flac",1.5,4.5,"live"
11269477789,19267,"2026-09-20T13:37:23.000-06:00",0.864943325519562,0.761458814144135,9.27544882902377,"almost_certain","BirdNET",NA,10.2198,-83.7874,FALSE,229,"Great Kiskadee","Pitangus sulphuratus","#7d4410","avian","https://media.birdweather.com/species/229/GreatKiskadee-standard-cd28a1b8e8b8e5aed433e809c229004e.jpg","https://media.birdweather.com/species/229/GreatKiskadee-thumbnail-b2749ed2442fb322cf3c4cb72f9c97f6.jpg","https://media.birdweather.com/species/229/GreatKiskadee-png200-003973af4f863deb00a4ce9b6f10e59c.png","0PgFDwIrhYqfZJh1mVe3SZZ3uKEJBncG",17154176720,"https://media.birdweather.com/soundscapes/19267/19267-20260920-193723.flac",0,3,"live"
11269474145,19267,"2026-09-20T13:37:15.000-06:00",0.785550236701965,0.761458814144135,9.06797238377225,"almost_certain","BirdNET",NA,10.2198,-83.7874,FALSE,229,"Great Kiskadee","Pitangus sulphuratus","#7d4410","avian","https://media.birdweather.com/species/229/GreatKiskadee-standard-cd28a1b8e8b8e5aed433e809c229004e.jpg","https://media.birdweather.com/species/229/GreatKiskadee-thumbnail-b2749ed2442fb322cf3c4cb72f9c97f6.jpg","https://media.birdweather.com/species/229/GreatKiskadee-png200-003973af4f863deb00a4ce9b6f10e59c.png","0PgFDwIrhYqfZJh1mVe3SZZ3uKEJBncG",17154170002,"https://media.birdweather.com/soundscapes/19267/19267-20260920-193709.flac",6,9,"live"
11269474142,19267,"2026-09-20T13:37:13.500-06:00",0.890435993671417,0.761458814144135,9.33591490107891,"almost_certain","BirdNET",NA,10.2198,-83.7874,FALSE,229,"Great Kiskadee","Pitangus sulphuratus","#7d4410","avian","https://media.birdweather.com/species/229/GreatKiskadee-standard-cd28a1b8e8b8e5aed433e809c229004e.jpg","https://media.birdweather.com/species/229/GreatKiskadee-thumbnail-b2749ed2442fb322cf3c4cb72f9c97f6.jpg","https://media.birdweather.com/species/229/GreatKiskadee-png200-003973af4f863deb00a4ce9b6f10e59c.png","0PgFDwIrhYqfZJh1mVe3SZZ3uKEJBncG",17154170002,"https://media.birdweather.com/soundscapes/19267/19267-20260920-193709.flac",4.5,7.5,"live"
11269474136,19267,"2026-09-20T13:37:09.000-06:00",0.784249007701874,0.761458814144135,9.06429598412521,"almost_certain","BirdNET",NA,10.2198,-83.7874,FALSE,229,"Great Kiskadee","Pitangus sulphuratus","#7d4410","avian","https://media.birdweather.com/species/229/GreatKiskadee-standard-cd28a1b8e8b8e5aed433e809c229004e.jpg","https://media.birdweather.com/species/229/GreatKiskadee-thumbnail-b2749ed2442fb322cf3c4cb72f9c97f6.jpg","https://media.birdweather.com/species/229/GreatKiskadee-png200-003973af4f863deb00a4ce9b6f10e59c.png","0PgFDwIrhYqfZJh1mVe3SZZ3uKEJBncG",17154170002,"https://media.birdweather.com/soundscapes/19267/19267-20260920-193709.flac",0,3,"live"
11269470826,19267,"2026-09-20T13:36:59.000-06:00",0.989788711071014,0.761458814144135,9.54898291607866,"almost_certain","BirdNET",NA,10.2198,-83.7874,FALSE,229,"Great Kiskadee","Pitangus sulphuratus","#7d4410","avian","https://media.birdweather.com/species/229/GreatKiskadee-standard-cd28a1b8e8b8e5aed433e809c229004e.jpg","https://media.birdweather.com/species/229/GreatKiskadee-thumbnail-b2749ed2442fb322cf3c4cb72f9c97f6.jpg","https://media.birdweather.com/species/229/GreatKiskadee-png200-003973af4f863deb00a4ce9b6f10e59c.png","0PgFDwIrhYqfZJh1mVe3SZZ3uKEJBncG",17154163986,"https://media.birdweather.com/soundscapes/19267/19267-20260920-193656.flac",3,6,"live"
11269470817,19267,"2026-09-20T13:36:57.500-06:00",0.992309093475342,0.761458814144135,9.55397956350857,"almost_certain","BirdNET",NA,10.2198,-83.7874,FALSE,229,"Great Kiskadee","Pitangus sulphuratus","#7d4410","avian","https://media.birdweather.com/species/229/GreatKiskadee-standard-cd28a1b8e8b8e5aed433e809c229004e.jpg","https://media.birdweather.com/species/229/GreatKiskadee-thumbnail-b2749ed2442fb322cf3c4cb72f9c97f6.jpg","https://media.birdweather.com/species/229/GreatKiskadee-png200-003973af4f863deb00a4ce9b6f10e59c.png","0PgFDwIrhYqfZJh1mVe3SZZ3uKEJBncG",17154163986,"https://media.birdweather.com/soundscapes/19267/19267-20260920-193656.flac",1.5,4.5,"live"
11269470805,19267,"2026-09-20T13:36:56.000-06:00",0.849507868289948,0.761458814144135,9.23749664437645,"almost_certain","BirdNET",NA,10.2198,-83.7874,FALSE,229,"Great Kiskadee","Pitangus sulphuratus","#7d4410","avian","https://media.birdweather.com/species/229/GreatKiskadee-standard-cd28a1b8e8b8e5aed433e809c229004e.jpg","https://media.birdweather.com/species/229/GreatKiskadee-thumbnail-b2749ed2442fb322cf3c4cb72f9c97f6.jpg","https://media.birdweather.com/species/229/GreatKiskadee-png200-003973af4f863deb00a4ce9b6f10e59c.png","0PgFDwIrhYqfZJh1mVe3SZZ3uKEJBncG",17154163986,"https://media.birdweather.com/soundscapes/19267/19267-20260920-193656.flac",0,3,"live"
11269467198,19267,"2026-09-20T13:36:47.500-06:00",0.956124365329742,0.761458814144135,9.48043498993394,"almost_certain","BirdNET",NA,10.2198,-83.7874,FALSE,229,"Great Kiskadee","Pitangus sulphuratus","#7d4410","avian","https://media.birdweather.com/species/229/GreatKiskadee-standard-cd28a1b8e8b8e5aed433e809c229004e.jpg","https://media.birdweather.com/species/229/GreatKiskadee-thumbnail-b2749ed2442fb322cf3c4cb72f9c97f6.jpg","https://media.birdweather.com/species/229/GreatKiskadee-png200-003973af4f863deb00a4ce9b6f10e59c.png","0PgFDwIrhYqfZJh1mVe3SZZ3uKEJBncG",17154157516,"https://media.birdweather.com/soundscapes/19267/19267-20260920-193643.flac",4.5,7.5,"live"
11269467194,19267,"2026-09-20T13:36:46.000-06:00",0.977394223213196,0.761458814144135,9.52414218240085,"almost_certain","BirdNET",NA,10.2198,-83.7874,FALSE,229,"Great Kiskadee","Pitangus sulphuratus","#7d4410","avian","https://media.birdweather.com/species/229/GreatKiskadee-standard-cd28a1b8e8b8e5aed433e809c229004e.jpg","https://media.birdweather.com/species/229/GreatKiskadee-thumbnail-b2749ed2442fb322cf3c4cb72f9c97f6.jpg","https://media.birdweather.com/species/229/GreatKiskadee-png200-003973af4f863deb00a4ce9b6f10e59c.png","0PgFDwIrhYqfZJh1mVe3SZZ3uKEJBncG",17154157516,"https://media.birdweather.com/soundscapes/19267/19267-20260920-193643.flac",3,6,"live"
11269467191,19267,"2026-09-20T13:36:44.500-06:00",0.97404158115387,0.761458814144135,9.51734477622136,"almost_certain","BirdNET",NA,10.2198,-83.7874,FALSE,229,"Great Kiskadee","Pitangus sulphuratus","#7d4410","avian","https://media.birdweather.com/species/229/GreatKiskadee-standard-cd28a1b8e8b8e5aed433e809c229004e.jpg","https://media.birdweather.com/species/229/GreatKiskadee-thumbnail-b2749ed2442fb322cf3c4cb72f9c97f6.jpg","https://media.birdweather.com/species/229/GreatKiskadee-png200-003973af4f863deb00a4ce9b6f10e59c.png","0PgFDwIrhYqfZJh1mVe3SZZ3uKEJBncG",17154157516,"https://media.birdweather.com/soundscapes/19267/19267-20260920-193643.flac",1.5,4.5,"live"
11269459791,19267,"2026-09-20T13:36:22.000-06:00",0.935829877853394,0.761462450027466,9.43739698878619,"almost_certain","BirdNET",NA,10.2198,-83.7874,FALSE,229,"Great Kiskadee","Pitangus sulphuratus","#7d4410","avian","https://media.birdweather.com/species/229/GreatKiskadee-standard-cd28a1b8e8b8e5aed433e809c229004e.jpg","https://media.birdweather.com/species/229/GreatKiskadee-thumbnail-b2749ed2442fb322cf3c4cb72f9c97f6.jpg","https://media.birdweather.com/species/229/GreatKiskadee-png200-003973af4f863deb00a4ce9b6f10e59c.png","0PgFDwIrhYqfZJh1mVe3SZZ3uKEJBncG",17154144050,"https://media.birdweather.com/soundscapes/19267/19267-20260920-193616.flac",6,9,"live"
11269459788,19267,"2026-09-20T13:36:20.500-06:00",0.943461298942566,0.761462450027466,9.45374224481574,"almost_certain","BirdNET",NA,10.2198,-83.7874,FALSE,229,"Great Kiskadee","Pitangus sulphuratus","#7d4410","avian","https://media.birdweather.com/species/229/GreatKiskadee-standard-cd28a1b8e8b8e5aed433e809c229004e.jpg","https://media.birdweather.com/species/229/GreatKiskadee-thumbnail-b2749ed2442fb322cf3c4cb72f9c97f6.jpg","https://media.birdweather.com/species/229/GreatKiskadee-png200-003973af4f863deb00a4ce9b6f10e59c.png","0PgFDwIrhYqfZJh1mVe3SZZ3uKEJBncG",17154144050,"https://media.birdweather.com/soundscapes/19267/19267-20260920-193616.flac",4.5,7.5,"live"
11269459784,19267,"2026-09-20T13:36:19.000-06:00",0.734636068344116,0.761462450027466,8.91621887141829,"almost_certain","BirdNET",NA,10.2198,-83.7874,FALSE,229,"Great Kiskadee","Pitangus sulphuratus","#7d4410","avian","https://media.birdweather.com/species/229/GreatKiskadee-standard-cd28a1b8e8b8e5aed433e809c229004e.jpg","https://media.birdweather.com/species/229/GreatKiskadee-thumbnail-b2749ed2442fb322cf3c4cb72f9c97f6.jpg","https://media.birdweather.com/species/229/GreatKiskadee-png200-003973af4f863deb00a4ce9b6f10e59c.png","0PgFDwIrhYqfZJh1mVe3SZZ3uKEJBncG",17154144050,"https://media.birdweather.com/soundscapes/19267/19267-20260920-193616.flac",3,6,"live"
11269459780,19267,"2026-09-20T13:36:17.500-06:00",0.751827657222748,0.761462450027466,8.96936358448966,"almost_certain","BirdNET",NA,10.2198,-83.7874,FALSE,229,"Great Kiskadee","Pitangus sulphuratus","#7d4410","avian","https://media.birdweather.com/species/229/GreatKiskadee-standard-cd28a1b8e8b8e5aed433e809c229004e.jpg","https://media.birdweather.com/species/229/GreatKiskadee-thumbnail-b2749ed2442fb322cf3c4cb72f9c97f6.jpg","https://media.birdweather.com/species/229/GreatKiskadee-png200-003973af4f863deb00a4ce9b6f10e59c.png","0PgFDwIrhYqfZJh1mVe3SZZ3uKEJBncG",17154144050,"https://media.birdweather.com/soundscapes/19267/19267-20260920-193616.flac",1.5,4.5,"live"
11269415584,19267,"2026-09-20T13:33:40.000-06:00",0.855104804039001,0.761462450027466,9.25138646098843,"almost_certain","BirdNET",NA,10.2198,-83.7874,FALSE,229,"Great Kiskadee","Pitangus sulphuratus","#7d4410","avian","https://media.birdweather.com/species/229/GreatKiskadee-standard-cd28a1b8e8b8e5aed433e809c229004e.jpg","https://media.birdweather.com/species/229/GreatKiskadee-thumbnail-b2749ed2442fb322cf3c4cb72f9c97f6.jpg","https://media.birdweather.com/species/229/GreatKiskadee-png200-003973af4f863deb00a4ce9b6f10e59c.png","0PgFDwIrhYqfZJh1mVe3SZZ3uKEJBncG",17154064890,"https://media.birdweather.com/soundscapes/19267/19267-20260920-193337.flac",3,6,"live"
11269415575,19267,"2026-09-20T13:33:37.000-06:00",0.970987677574158,0.761462450027466,9.51113002248248,"almost_certain","BirdNET",NA,10.2198,-83.7874,FALSE,229,"Great Kiskadee","Pitangus sulphuratus","#7d4410","avian","https://media.birdweather.com/species/229/GreatKiskadee-standard-cd28a1b8e8b8e5aed433e809c229004e.jpg","https://media.birdweather.com/species/229/GreatKiskadee-thumbnail-b2749ed2442fb322cf3c4cb72f9c97f6.jpg","https://media.birdweather.com/species/229/GreatKiskadee-png200-003973af4f863deb00a4ce9b6f10e59c.png","0PgFDwIrhYqfZJh1mVe3SZZ3uKEJBncG",17154064890,"https://media.birdweather.com/soundscapes/19267/19267-20260920-193337.flac",0,3,"live"
11269411997,19267,"2026-09-20T13:33:31.000-06:00",0.864962577819824,0.761462450027466,9.27550197227132,"almost_certain","BirdNET",NA,10.2198,-83.7874,FALSE,229,"Great Kiskadee","Pitangus sulphuratus","#7d4410","avian","https://media.birdweather.com/species/229/GreatKiskadee-standard-cd28a1b8e8b8e5aed433e809c229004e.jpg","https://media.birdweather.com/species/229/GreatKiskadee-thumbnail-b2749ed2442fb322cf3c4cb72f9c97f6.jpg","https://media.birdweather.com/species/229/GreatKiskadee-png200-003973af4f863deb00a4ce9b6f10e59c.png","0PgFDwIrhYqfZJh1mVe3SZZ3uKEJBncG",17154058479,"https://media.birdweather.com/soundscapes/19267/19267-20260920-193325.flac",6,9,"live"
11269411992,19267,"2026-09-20T13:33:29.500-06:00",0.938224911689758,0.761462450027466,9.44254778802627,"almost_certain","BirdNET",NA,10.2198,-83.7874,FALSE,229,"Great Kiskadee","Pitangus sulphuratus","#7d4410","avian","https://media.birdweather.com/species/229/GreatKiskadee-standard-cd28a1b8e8b8e5aed433e809c229004e.jpg","https://media.birdweather.com/species/229/GreatKiskadee-thumbnail-b2749ed2442fb322cf3c4cb72f9c97f6.jpg","https://media.birdweather.com/species/229/GreatKiskadee-png200-003973af4f863deb00a4ce9b6f10e59c.png","0PgFDwIrhYqfZJh1mVe3SZZ3uKEJBncG",17154058479,"https://media.birdweather.com/soundscapes/19267/19267-20260920-193325.flac",4.5,7.5,"live"
11269411987,19267,"2026-09-20T13:33:25.000-06:00",0.947101235389709,0.761462450027466,9.46147023322818,"almost_certain","BirdNET",NA,10.2198,-83.7874,FALSE,229,"Great Kiskadee","Pitangus sulphuratus","#7d4410","avian","https://media.birdweather.com/species/229/GreatKiskadee-standard-cd28a1b8e8b8e5aed433e809c229004e.jpg","https://media.birdweather.com/species/229/GreatKiskadee-thumbnail-b2749ed2442fb322cf3c4cb72f9c97f6.jpg","https://media.birdweather.com/species/229/GreatKiskadee-png200-003973af4f863deb00a4ce9b6f10e59c.png","0PgFDwIrhYqfZJh1mVe3SZZ3uKEJBncG",17154058479,"https://media.birdweather.com/soundscapes/19267/19267-20260920-193325.flac",0,3,"live"
11269279548,19267,"2026-09-20T13:25:33.000-06:00",0.762774705886841,0.110376678407192,6.45716353405704,"almost_certain","BirdNET",NA,10.2198,-83.7874,FALSE,603,"Tropical Mockingbird","Mimus gilvus","#006e2a","avian","https://media.birdweather.com/species/603/TropicalMockingbird-standard-33be42788a38707b12f757d28526a492.jpg","https://media.birdweather.com/species/603/TropicalMockingbird-thumbnail-4f6417f6928c80a2cb70eb341f54fd79.jpg","https://media.birdweather.com/species/603/TropicalMockingbird-png200-9e94d27578943cfad1e7923fe23d2300.png","q+cJFwL4VohclXidhXh5aJh4qDAaGKYA",17153820449,"https://media.birdweather.com/soundscapes/19267/19267-20260920-192527.flac",6,9,"live"
11269279544,19267,"2026-09-20T13:25:31.500-06:00",0.785698771476746,0.110376678407192,6.52340067855909,"almost_certain","BirdNET",NA,10.2198,-83.7874,FALSE,603,"Tropical Mockingbird","Mimus gilvus","#006e2a","avian","https://media.birdweather.com/species/603/TropicalMockingbird-standard-33be42788a38707b12f757d28526a492.jpg","https://media.birdweather.com/species/603/TropicalMockingbird-thumbnail-4f6417f6928c80a2cb70eb341f54fd79.jpg","https://media.birdweather.com/species/603/TropicalMockingbird-png200-9e94d27578943cfad1e7923fe23d2300.png","q+cJFwL4VohclXidhXh5aJh4qDAaGKYA",17153820449,"https://media.birdweather.com/soundscapes/19267/19267-20260920-192527.flac",4.5,7.5,"live"
11268794636,19267,"2026-09-20T12:56:14.000-06:00",0.874028384685516,0.761457502841949,9.29730269733912,"almost_certain","BirdNET",NA,10.2198,-83.7874,FALSE,229,"Great Kiskadee","Pitangus sulphuratus","#7d4410","avian","https://media.birdweather.com/species/229/GreatKiskadee-standard-cd28a1b8e8b8e5aed433e809c229004e.jpg","https://media.birdweather.com/species/229/GreatKiskadee-thumbnail-b2749ed2442fb322cf3c4cb72f9c97f6.jpg","https://media.birdweather.com/species/229/GreatKiskadee-png200-003973af4f863deb00a4ce9b6f10e59c.png","0PgFDwIrhYqfZJh1mVe3SZZ3uKEJBncG",17152946235,"https://media.birdweather.com/soundscapes/19267/19267-20260920-185608.flac",6,9,"live"
11268743840,19267,"2026-09-20T12:53:00.000-06:00",0.872574985027313,0.545142352581024,8.84302144473425,"almost_certain","BirdNET",NA,10.2198,-83.7874,FALSE,802,"Rufous-tailed Hummingbird","Amazilia tzacatl","#d9c845","avian","https://media.birdweather.com/species/802/Rufous-tailedHummingbird-standard-4d0209b50ad0c35c6d8337f5c0c16b55.jpg","https://media.birdweather.com/species/802/Rufous-tailedHummingbird-thumbnail-fbf17400c31564f70aa45927c5d75f5e.jpg","https://media.birdweather.com/species/802/Rufous-tailedHummingbird-png200-8ea431c9893cfe027e92471791a8c256.png","mPkJFwIHqJeJl4lriIaGhYh3+H+oVGAH",17152850614,"https://media.birdweather.com/soundscapes/19267/19267-20260920-185257.flac",3,6,"live"
11268422102,19267,"2026-09-20T12:32:54.000-06:00",0.882345974445343,0.026308935135603,5.12999306919976,"almost_certain","BirdNET",NA,10.2198,-83.7874,FALSE,1104,"Black-headed Saltator","Saltator atriceps","#ff5499","avian","https://media.birdweather.com/species/1104/Black-headedSaltator-standard-3159be3001c869c7db8f9d22173fe6d6.jpg","https://media.birdweather.com/species/1104/Black-headedSaltator-thumbnail-c7f067dd41ea0a1a2952384b5b9a0212.jpg","https://media.birdweather.com/species/1104/Black-headedSaltator-png200-8d7a7f8741c6037857493b2860ffed9a.png","HAoGFwSXCqi0NV1rlzW4SaiKyTgGWs8E",17152248123,"https://media.birdweather.com/soundscapes/19267/19267-20260920-183248.flac",6,9,"live"
11268422099,19267,"2026-09-20T12:32:52.500-06:00",0.772988736629486,0.026308935135603,4.84504244913013,"almost_certain","BirdNET",NA,10.2198,-83.7874,FALSE,1104,"Black-headed Saltator","Saltator atriceps","#ff5499","avian","https://media.birdweather.com/species/1104/Black-headedSaltator-standard-3159be3001c869c7db8f9d22173fe6d6.jpg","https://media.birdweather.com/species/1104/Black-headedSaltator-thumbnail-c7f067dd41ea0a1a2952384b5b9a0212.jpg","https://media.birdweather.com/species/1104/Black-headedSaltator-png200-8d7a7f8741c6037857493b2860ffed9a.png","HAoGFwSXCqi0NV1rlzW4SaiKyTgGWs8E",17152248123,"https://media.birdweather.com/soundscapes/19267/19267-20260920-183248.flac",4.5,7.5,"live"
11268422095,19267,"2026-09-20T12:32:51.000-06:00",0.976424217224121,0.026308935135603,5.33515836528479,"almost_certain","BirdNET",NA,10.2198,-83.7874,FALSE,1104,"Black-headed Saltator","Saltator atriceps","#ff5499","avian","https://media.birdweather.com/species/1104/Black-headedSaltator-standard-3159be3001c869c7db8f9d22173fe6d6.jpg","https://media.birdweather.com/species/1104/Black-headedSaltator-thumbnail-c7f067dd41ea0a1a2952384b5b9a0212.jpg","https://media.birdweather.com/species/1104/Black-headedSaltator-png200-8d7a7f8741c6037857493b2860ffed9a.png","HAoGFwSXCqi0NV1rlzW4SaiKyTgGWs8E",17152248123,"https://media.birdweather.com/soundscapes/19267/19267-20260920-183248.flac",3,6,"live"
11268422093,19267,"2026-09-20T12:32:49.500-06:00",0.87420928478241,0.026308935135603,5.1107160849543,"almost_certain","BirdNET",NA,10.2198,-83.7874,FALSE,1104,"Black-headed Saltator","Saltator atriceps","#ff5499","avian","https://media.birdweather.com/species/1104/Black-headedSaltator-standard-3159be3001c869c7db8f9d22173fe6d6.jpg","https://media.birdweather.com/species/1104/Black-headedSaltator-thumbnail-c7f067dd41ea0a1a2952384b5b9a0212.jpg","https://media.birdweather.com/species/1104/Black-headedSaltator-png200-8d7a7f8741c6037857493b2860ffed9a.png","HAoGFwSXCqi0NV1rlzW4SaiKyTgGWs8E",17152248123,"https://media.birdweather.com/soundscapes/19267/19267-20260920-183248.flac",1.5,4.5,"live"
11268418589,19267,"2026-09-20T12:32:39.500-06:00",0.860270440578461,0.026308935135603,5.07704923813968,"almost_certain","BirdNET",NA,10.2198,-83.7874,FALSE,1104,"Black-headed Saltator","Saltator atriceps","#ff5499","avian","https://media.birdweather.com/species/1104/Black-headedSaltator-standard-3159be3001c869c7db8f9d22173fe6d6.jpg","https://media.birdweather.com/species/1104/Black-headedSaltator-thumbnail-c7f067dd41ea0a1a2952384b5b9a0212.jpg","https://media.birdweather.com/species/1104/Black-headedSaltator-png200-8d7a7f8741c6037857493b2860ffed9a.png","HAoGFwSXCqi0NV1rlzW4SaiKyTgGWs8E",17152241697,"https://media.birdweather.com/soundscapes/19267/19267-20260920-183235.flac",4.5,7.5,"live"
11268418586,19267,"2026-09-20T12:32:38.000-06:00",0.993198573589325,0.026308935135603,5.36871799574276,"almost_certain","BirdNET",NA,10.2198,-83.7874,FALSE,1104,"Black-headed Saltator","Saltator atriceps","#ff5499","avian","https://media.birdweather.com/species/1104/Black-headedSaltator-standard-3159be3001c869c7db8f9d22173fe6d6.jpg","https://media.birdweather.com/species/1104/Black-headedSaltator-thumbnail-c7f067dd41ea0a1a2952384b5b9a0212.jpg","https://media.birdweather.com/species/1104/Black-headedSaltator-png200-8d7a7f8741c6037857493b2860ffed9a.png","HAoGFwSXCqi0NV1rlzW4SaiKyTgGWs8E",17152241697,"https://media.birdweather.com/soundscapes/19267/19267-20260920-183235.flac",3,6,"live"
11268418585,19267,"2026-09-20T12:32:36.500-06:00",0.903136670589447,0.026308935135603,5.17805142686307,"almost_certain","BirdNET",NA,10.2198,-83.7874,FALSE,1104,"Black-headed Saltator","Saltator atriceps","#ff5499","avian","https://media.birdweather.com/species/1104/Black-headedSaltator-standard-3159be3001c869c7db8f9d22173fe6d6.jpg","https://media.birdweather.com/species/1104/Black-headedSaltator-thumbnail-c7f067dd41ea0a1a2952384b5b9a0212.jpg","https://media.birdweather.com/species/1104/Black-headedSaltator-png200-8d7a7f8741c6037857493b2860ffed9a.png","HAoGFwSXCqi0NV1rlzW4SaiKyTgGWs8E",17152241697,"https://media.birdweather.com/soundscapes/19267/19267-20260920-183235.flac",1.5,4.5,"live"
11268418580,19267,"2026-09-20T12:32:35.000-06:00",0.991614699363708,0.026308935135603,5.36558413115948,"almost_certain","BirdNET",NA,10.2198,-83.7874,FALSE,1104,"Black-headed Saltator","Saltator atriceps","#ff5499","avian","https://media.birdweather.com/species/1104/Black-headedSaltator-standard-3159be3001c869c7db8f9d22173fe6d6.jpg","https://media.birdweather.com/species/1104/Black-headedSaltator-thumbnail-c7f067dd41ea0a1a2952384b5b9a0212.jpg","https://media.birdweather.com/species/1104/Black-headedSaltator-png200-8d7a7f8741c6037857493b2860ffed9a.png","HAoGFwSXCqi0NV1rlzW4SaiKyTgGWs8E",17152241697,"https://media.birdweather.com/soundscapes/19267/19267-20260920-183235.flac",0,3,"live"
11268415030,19267,"2026-09-20T12:32:29.000-06:00",0.774653792381287,0.026308935135603,4.84985677237457,"almost_certain","BirdNET",NA,10.2198,-83.7874,FALSE,1104,"Black-headed Saltator","Saltator atriceps","#ff5499","avian","https://media.birdweather.com/species/1104/Black-headedSaltator-standard-3159be3001c869c7db8f9d22173fe6d6.jpg","https://media.birdweather.com/species/1104/Black-headedSaltator-thumbnail-c7f067dd41ea0a1a2952384b5b9a0212.jpg","https://media.birdweather.com/species/1104/Black-headedSaltator-png200-8d7a7f8741c6037857493b2860ffed9a.png","HAoGFwSXCqi0NV1rlzW4SaiKyTgGWs8E",17152235401,"https://media.birdweather.com/soundscapes/19267/19267-20260920-183223.flac",6,9,"live"
11268415023,19267,"2026-09-20T12:32:24.500-06:00",0.984465420246124,0.026308935135603,5.35134862208143,"almost_certain","BirdNET",NA,10.2198,-83.7874,FALSE,1104,"Black-headed Saltator","Saltator atriceps","#ff5499","avian","https://media.birdweather.com/species/1104/Black-headedSaltator-standard-3159be3001c869c7db8f9d22173fe6d6.jpg","https://media.birdweather.com/species/1104/Black-headedSaltator-thumbnail-c7f067dd41ea0a1a2952384b5b9a0212.jpg","https://media.birdweather.com/species/1104/Black-headedSaltator-png200-8d7a7f8741c6037857493b2860ffed9a.png","HAoGFwSXCqi0NV1rlzW4SaiKyTgGWs8E",17152235401,"https://media.birdweather.com/soundscapes/19267/19267-20260920-183223.flac",1.5,4.5,"live"
11268415020,19267,"2026-09-20T12:32:23.000-06:00",0.94764119386673,0.026308935135603,5.27558584744186,"almost_certain","BirdNET",NA,10.2198,-83.7874,FALSE,1104,"Black-headed Saltator","Saltator atriceps","#ff5499","avian","https://media.birdweather.com/species/1104/Black-headedSaltator-standard-3159be3001c869c7db8f9d22173fe6d6.jpg","https://media.birdweather.com/species/1104/Black-headedSaltator-thumbnail-c7f067dd41ea0a1a2952384b5b9a0212.jpg","https://media.birdweather.com/species/1104/Black-headedSaltator-png200-8d7a7f8741c6037857493b2860ffed9a.png","HAoGFwSXCqi0NV1rlzW4SaiKyTgGWs8E",17152235401,"https://media.birdweather.com/soundscapes/19267/19267-20260920-183223.flac",0,3,"live"
11268407605,19267,"2026-09-20T12:32:02.000-06:00",0.769572794437408,0.0263095442205667,4.83513533892827,"almost_certain","BirdNET",NA,10.2198,-83.7874,FALSE,1104,"Black-headed Saltator","Saltator atriceps","#ff5499","avian","https://media.birdweather.com/species/1104/Black-headedSaltator-standard-3159be3001c869c7db8f9d22173fe6d6.jpg","https://media.birdweather.com/species/1104/Black-headedSaltator-thumbnail-c7f067dd41ea0a1a2952384b5b9a0212.jpg","https://media.birdweather.com/species/1104/Black-headedSaltator-png200-8d7a7f8741c6037857493b2860ffed9a.png","HAoGFwSXCqi0NV1rlzW4SaiKyTgGWs8E",17152222246,"https://media.birdweather.com/soundscapes/19267/19267-20260920-183156.flac",6,9,"live"
11268407603,19267,"2026-09-20T12:32:00.500-06:00",0.860719084739685,0.0263095442205667,5.07816882688961,"almost_certain","BirdNET",NA,10.2198,-83.7874,FALSE,1104,"Black-headed Saltator","Saltator atriceps","#ff5499","avian","https://media.birdweather.com/species/1104/Black-headedSaltator-standard-3159be3001c869c7db8f9d22173fe6d6.jpg","https://media.birdweather.com/species/1104/Black-headedSaltator-thumbnail-c7f067dd41ea0a1a2952384b5b9a0212.jpg","https://media.birdweather.com/species/1104/Black-headedSaltator-png200-8d7a7f8741c6037857493b2860ffed9a.png","HAoGFwSXCqi0NV1rlzW4SaiKyTgGWs8E",17152222246,"https://media.birdweather.com/soundscapes/19267/19267-20260920-183156.flac",4.5,7.5,"live"
11268407600,19267,"2026-09-20T12:31:59.000-06:00",0.769290030002594,0.0263095442205667,4.83431011233004,"almost_certain","BirdNET",NA,10.2198,-83.7874,FALSE,1104,"Black-headed Saltator","Saltator atriceps","#ff5499","avian","https://media.birdweather.com/species/1104/Black-headedSaltator-standard-3159be3001c869c7db8f9d22173fe6d6.jpg","https://media.birdweather.com/species/1104/Black-headedSaltator-thumbnail-c7f067dd41ea0a1a2952384b5b9a0212.jpg","https://media.birdweather.com/species/1104/Black-headedSaltator-png200-8d7a7f8741c6037857493b2860ffed9a.png","HAoGFwSXCqi0NV1rlzW4SaiKyTgGWs8E",17152222246,"https://media.birdweather.com/soundscapes/19267/19267-20260920-183156.flac",3,6,"live"
11268407596,19267,"2026-09-20T12:31:57.500-06:00",0.988520622253418,0.0263095442205667,5.35946439234848,"almost_certain","BirdNET",NA,10.2198,-83.7874,FALSE,1104,"Black-headed Saltator","Saltator atriceps","#ff5499","avian","https://media.birdweather.com/species/1104/Black-headedSaltator-standard-3159be3001c869c7db8f9d22173fe6d6.jpg","https://media.birdweather.com/species/1104/Black-headedSaltator-thumbnail-c7f067dd41ea0a1a2952384b5b9a0212.jpg","https://media.birdweather.com/species/1104/Black-headedSaltator-png200-8d7a7f8741c6037857493b2860ffed9a.png","HAoGFwSXCqi0NV1rlzW4SaiKyTgGWs8E",17152222246,"https://media.birdweather.com/soundscapes/19267/19267-20260920-183156.flac",1.5,4.5,"live"
11268404058,19267,"2026-09-20T12:31:49.000-06:00",0.968686938285828,0.0263095442205667,5.31942028657886,"almost_certain","BirdNET",NA,10.2198,-83.7874,FALSE,1104,"Black-headed Saltator","Saltator atriceps","#ff5499","avian","https://media.birdweather.com/species/1104/Black-headedSaltator-standard-3159be3001c869c7db8f9d22173fe6d6.jpg","https://media.birdweather.com/species/1104/Black-headedSaltator-thumbnail-c7f067dd41ea0a1a2952384b5b9a0212.jpg","https://media.birdweather.com/species/1104/Black-headedSaltator-png200-8d7a7f8741c6037857493b2860ffed9a.png","HAoGFwSXCqi0NV1rlzW4SaiKyTgGWs8E",17152215897,"https://media.birdweather.com/soundscapes/19267/19267-20260920-183143.flac",6,9,"live"
11268404053,19267,"2026-09-20T12:31:46.000-06:00",0.967270970344543,0.0263095442205667,5.31651618788919,"almost_certain","BirdNET",NA,10.2198,-83.7874,FALSE,1104,"Black-headed Saltator","Saltator atriceps","#ff5499","avian","https://media.birdweather.com/species/1104/Black-headedSaltator-standard-3159be3001c869c7db8f9d22173fe6d6.jpg","https://media.birdweather.com/species/1104/Black-headedSaltator-thumbnail-c7f067dd41ea0a1a2952384b5b9a0212.jpg","https://media.birdweather.com/species/1104/Black-headedSaltator-png200-8d7a7f8741c6037857493b2860ffed9a.png","HAoGFwSXCqi0NV1rlzW4SaiKyTgGWs8E",17152215897,"https://media.birdweather.com/soundscapes/19267/19267-20260920-183143.flac",3,6,"live"
11268404050,19267,"2026-09-20T12:31:44.500-06:00",0.98547226190567,0.0263095442205667,5.35338537901912,"almost_certain","BirdNET",NA,10.2198,-83.7874,FALSE,1104,"Black-headed Saltator","Saltator atriceps","#ff5499","avian","https://media.birdweather.com/species/1104/Black-headedSaltator-standard-3159be3001c869c7db8f9d22173fe6d6.jpg","https://media.birdweather.com/species/1104/Black-headedSaltator-thumbnail-c7f067dd41ea0a1a2952384b5b9a0212.jpg","https://media.birdweather.com/species/1104/Black-headedSaltator-png200-8d7a7f8741c6037857493b2860ffed9a.png","HAoGFwSXCqi0NV1rlzW4SaiKyTgGWs8E",17152215897,"https://media.birdweather.com/soundscapes/19267/19267-20260920-183143.flac",1.5,4.5,"live"
11268404044,19267,"2026-09-20T12:31:43.000-06:00",0.994212329387665,0.0263095442205667,5.37074304569281,"almost_certain","BirdNET",NA,10.2198,-83.7874,FALSE,1104,"Black-headed Saltator","Saltator atriceps","#ff5499","avian","https://media.birdweather.com/species/1104/Black-headedSaltator-standard-3159be3001c869c7db8f9d22173fe6d6.jpg","https://media.birdweather.com/species/1104/Black-headedSaltator-thumbnail-c7f067dd41ea0a1a2952384b5b9a0212.jpg","https://media.birdweather.com/species/1104/Black-headedSaltator-png200-8d7a7f8741c6037857493b2860ffed9a.png","HAoGFwSXCqi0NV1rlzW4SaiKyTgGWs8E",17152215897,"https://media.birdweather.com/soundscapes/19267/19267-20260920-183143.flac",0,3,"live"
11268400125,19267,"2026-09-20T12:31:34.000-06:00",0.710788369178772,0.0263095442205667,4.65190445833837,"almost_certain","BirdNET",NA,10.2198,-83.7874,FALSE,1104,"Black-headed Saltator","Saltator atriceps","#ff5499","avian","https://media.birdweather.com/species/1104/Black-headedSaltator-standard-3159be3001c869c7db8f9d22173fe6d6.jpg","https://media.birdweather.com/species/1104/Black-headedSaltator-thumbnail-c7f067dd41ea0a1a2952384b5b9a0212.jpg","https://media.birdweather.com/species/1104/Black-headedSaltator-png200-8d7a7f8741c6037857493b2860ffed9a.png","HAoGFwSXCqi0NV1rlzW4SaiKyTgGWs8E",17152208737,"https://media.birdweather.com/soundscapes/19267/19267-20260920-183128.flac",6,9,"live"
11268400124,19267,"2026-09-20T12:31:32.500-06:00",0.799928605556488,0.0263095442205667,4.92095483232772,"almost_certain","BirdNET",NA,10.2198,-83.7874,FALSE,1104,"Black-headed Saltator","Saltator atriceps","#ff5499","avian","https://media.birdweather.com/species/1104/Black-headedSaltator-standard-3159be3001c869c7db8f9d22173fe6d6.jpg","https://media.birdweather.com/species/1104/Black-headedSaltator-thumbnail-c7f067dd41ea0a1a2952384b5b9a0212.jpg","https://media.birdweather.com/species/1104/Black-headedSaltator-png200-8d7a7f8741c6037857493b2860ffed9a.png","HAoGFwSXCqi0NV1rlzW4SaiKyTgGWs8E",17152208737,"https://media.birdweather.com/soundscapes/19267/19267-20260920-183128.flac",4.5,7.5,"live"
11268400122,19267,"2026-09-20T12:31:31.000-06:00",0.992515623569489,0.0263095442205667,5.36739056675,"almost_certain","BirdNET",NA,10.2198,-83.7874,FALSE,1104,"Black-headed Saltator","Saltator atriceps","#ff5499","avian","https://media.birdweather.com/species/1104/Black-headedSaltator-standard-3159be3001c869c7db8f9d22173fe6d6.jpg","https://media.birdweather.com/species/1104/Black-headedSaltator-thumbnail-c7f067dd41ea0a1a2952384b5b9a0212.jpg","https://media.birdweather.com/species/1104/Black-headedSaltator-png200-8d7a7f8741c6037857493b2860ffed9a.png","HAoGFwSXCqi0NV1rlzW4SaiKyTgGWs8E",17152208737,"https://media.birdweather.com/soundscapes/19267/19267-20260920-183128.flac",3,6,"live"
11268400119,19267,"2026-09-20T12:31:29.500-06:00",0.892077326774597,0.0263095442205667,5.15272039912292,"almost_certain","BirdNET",NA,10.2198,-83.7874,FALSE,1104,"Black-headed Saltator","Saltator atriceps","#ff5499","avian","https://media.birdweather.com/species/1104/Black-headedSaltator-standard-3159be3001c869c7db8f9d22173fe6d6.jpg","https://media.birdweather.com/species/1104/Black-headedSaltator-thumbnail-c7f067dd41ea0a1a2952384b5b9a0212.jpg","https://media.birdweather.com/species/1104/Black-headedSaltator-png200-8d7a7f8741c6037857493b2860ffed9a.png","HAoGFwSXCqi0NV1rlzW4SaiKyTgGWs8E",17152208737,"https://media.birdweather.com/soundscapes/19267/19267-20260920-183128.flac",1.5,4.5,"live"
11268393404,19267,"2026-09-20T12:31:10.000-06:00",0.986651659011841,0.0263095442205667,5.3557405226162,"almost_certain","BirdNET",NA,10.2198,-83.7874,FALSE,1104,"Black-headed Saltator","Saltator atriceps","#ff5499","avian","https://media.birdweather.com/species/1104/Black-headedSaltator-standard-3159be3001c869c7db8f9d22173fe6d6.jpg","https://media.birdweather.com/species/1104/Black-headedSaltator-thumbnail-c7f067dd41ea0a1a2952384b5b9a0212.jpg","https://media.birdweather.com/species/1104/Black-headedSaltator-png200-8d7a7f8741c6037857493b2860ffed9a.png","HAoGFwSXCqi0NV1rlzW4SaiKyTgGWs8E",17152196373,"https://media.birdweather.com/soundscapes/19267/19267-20260920-183104.flac",6,9,"live"
11268393401,19267,"2026-09-20T12:31:08.500-06:00",0.95271509885788,0.0263095442205667,5.28630018369645,"almost_certain","BirdNET",NA,10.2198,-83.7874,FALSE,1104,"Black-headed Saltator","Saltator atriceps","#ff5499","avian","https://media.birdweather.com/species/1104/Black-headedSaltator-standard-3159be3001c869c7db8f9d22173fe6d6.jpg","https://media.birdweather.com/species/1104/Black-headedSaltator-thumbnail-c7f067dd41ea0a1a2952384b5b9a0212.jpg","https://media.birdweather.com/species/1104/Black-headedSaltator-png200-8d7a7f8741c6037857493b2860ffed9a.png","HAoGFwSXCqi0NV1rlzW4SaiKyTgGWs8E",17152196373,"https://media.birdweather.com/soundscapes/19267/19267-20260920-183104.flac",4.5,7.5,"live"
11268393398,19267,"2026-09-20T12:31:07.000-06:00",0.76008141040802,0.0263095442205667,4.80716010280382,"almost_certain","BirdNET",NA,10.2198,-83.7874,FALSE,1104,"Black-headed Saltator","Saltator atriceps","#ff5499","avian","https://media.birdweather.com/species/1104/Black-headedSaltator-standard-3159be3001c869c7db8f9d22173fe6d6.jpg","https://media.birdweather.com/species/1104/Black-headedSaltator-thumbnail-c7f067dd41ea0a1a2952384b5b9a0212.jpg","https://media.birdweather.com/species/1104/Black-headedSaltator-png200-8d7a7f8741c6037857493b2860ffed9a.png","HAoGFwSXCqi0NV1rlzW4SaiKyTgGWs8E",17152196373,"https://media.birdweather.com/soundscapes/19267/19267-20260920-183104.flac",3,6,"live"
11268385907,19267,"2026-09-20T12:30:38.500-06:00",0.847606658935547,0.0263083707541227,5.04570653268136,"almost_certain","BirdNET",NA,10.2198,-83.7874,FALSE,1104,"Black-headed Saltator","Saltator atriceps","#ff5499","avian","https://media.birdweather.com/species/1104/Black-headedSaltator-standard-3159be3001c869c7db8f9d22173fe6d6.jpg","https://media.birdweather.com/species/1104/Black-headedSaltator-thumbnail-c7f067dd41ea0a1a2952384b5b9a0212.jpg","https://media.birdweather.com/species/1104/Black-headedSaltator-png200-8d7a7f8741c6037857493b2860ffed9a.png","HAoGFwSXCqi0NV1rlzW4SaiKyTgGWs8E",17152183141,"https://media.birdweather.com/soundscapes/19267/19267-20260920-183037.flac",1.5,4.5,"live"
11268385904,19267,"2026-09-20T12:30:37.000-06:00",0.945039391517639,0.0263083707541227,5.27004969556629,"almost_certain","BirdNET",NA,10.2198,-83.7874,FALSE,1104,"Black-headed Saltator","Saltator atriceps","#ff5499","avian","https://media.birdweather.com/species/1104/Black-headedSaltator-standard-3159be3001c869c7db8f9d22173fe6d6.jpg","https://media.birdweather.com/species/1104/Black-headedSaltator-thumbnail-c7f067dd41ea0a1a2952384b5b9a0212.jpg","https://media.birdweather.com/species/1104/Black-headedSaltator-png200-8d7a7f8741c6037857493b2860ffed9a.png","HAoGFwSXCqi0NV1rlzW4SaiKyTgGWs8E",17152183141,"https://media.birdweather.com/soundscapes/19267/19267-20260920-183037.flac",0,3,"live"
11268382556,19267,"2026-09-20T12:30:31.000-06:00",0.904128789901733,0.0263083707541227,5.18028183812704,"almost_certain","BirdNET",NA,10.2198,-83.7874,FALSE,1104,"Black-headed Saltator","Saltator atriceps","#ff5499","avian","https://media.birdweather.com/species/1104/Black-headedSaltator-standard-3159be3001c869c7db8f9d22173fe6d6.jpg","https://media.birdweather.com/species/1104/Black-headedSaltator-thumbnail-c7f067dd41ea0a1a2952384b5b9a0212.jpg","https://media.birdweather.com/species/1104/Black-headedSaltator-png200-8d7a7f8741c6037857493b2860ffed9a.png","HAoGFwSXCqi0NV1rlzW4SaiKyTgGWs8E",17152177018,"https://media.birdweather.com/soundscapes/19267/19267-20260920-183025.flac",6,9,"live"
11268382550,19267,"2026-09-20T12:30:29.500-06:00",0.995173037052155,0.0263083707541227,5.37259337589571,"almost_certain","BirdNET",NA,10.2198,-83.7874,FALSE,1104,"Black-headed Saltator","Saltator atriceps","#ff5499","avian","https://media.birdweather.com/species/1104/Black-headedSaltator-standard-3159be3001c869c7db8f9d22173fe6d6.jpg","https://media.birdweather.com/species/1104/Black-headedSaltator-thumbnail-c7f067dd41ea0a1a2952384b5b9a0212.jpg","https://media.birdweather.com/species/1104/Black-headedSaltator-png200-8d7a7f8741c6037857493b2860ffed9a.png","HAoGFwSXCqi0NV1rlzW4SaiKyTgGWs8E",17152177018,"https://media.birdweather.com/soundscapes/19267/19267-20260920-183025.flac",4.5,7.5,"live"
11268382543,19267,"2026-09-20T12:30:28.000-06:00",0.951616704463959,0.0263083707541227,5.28394851739048,"almost_certain","BirdNET",NA,10.2198,-83.7874,FALSE,1104,"Black-headed Saltator","Saltator atriceps","#ff5499","avian","https://media.birdweather.com/species/1104/Black-headedSaltator-standard-3159be3001c869c7db8f9d22173fe6d6.jpg","https://media.birdweather.com/species/1104/Black-headedSaltator-thumbnail-c7f067dd41ea0a1a2952384b5b9a0212.jpg","https://media.birdweather.com/species/1104/Black-headedSaltator-png200-8d7a7f8741c6037857493b2860ffed9a.png","HAoGFwSXCqi0NV1rlzW4SaiKyTgGWs8E",17152177018,"https://media.birdweather.com/soundscapes/19267/19267-20260920-183025.flac",3,6,"live"
11268382535,19267,"2026-09-20T12:30:25.000-06:00",0.839065432548523,0.0263083707541227,5.02416973014293,"almost_certain","BirdNET",NA,10.2198,-83.7874,FALSE,1104,"Black-headed Saltator","Saltator atriceps","#ff5499","avian","https://media.birdweather.com/species/1104/Black-headedSaltator-standard-3159be3001c869c7db8f9d22173fe6d6.jpg","https://media.birdweather.com/species/1104/Black-headedSaltator-thumbnail-c7f067dd41ea0a1a2952384b5b9a0212.jpg","https://media.birdweather.com/species/1104/Black-headedSaltator-png200-8d7a7f8741c6037857493b2860ffed9a.png","HAoGFwSXCqi0NV1rlzW4SaiKyTgGWs8E",17152177018,"https://media.birdweather.com/soundscapes/19267/19267-20260920-183025.flac",0,3,"live"
11268309263,19267,"2026-09-20T12:26:06.000-06:00",0.918135285377502,0.0263119973242283,5.21181898584341,"almost_certain","BirdNET",NA,10.2198,-83.7874,FALSE,1104,"Black-headed Saltator","Saltator atriceps","#ff5499","avian","https://media.birdweather.com/species/1104/Black-headedSaltator-standard-3159be3001c869c7db8f9d22173fe6d6.jpg","https://media.birdweather.com/species/1104/Black-headedSaltator-thumbnail-c7f067dd41ea0a1a2952384b5b9a0212.jpg","https://media.birdweather.com/species/1104/Black-headedSaltator-png200-8d7a7f8741c6037857493b2860ffed9a.png","HAoGFwSXCqi0NV1rlzW4SaiKyTgGWs8E",17152046645,"https://media.birdweather.com/soundscapes/19267/19267-20260920-182600.flac",6,9,"live"
11268309260,19267,"2026-09-20T12:26:04.500-06:00",0.745516538619995,0.0263119973242283,4.76318101429842,"almost_certain","BirdNET",NA,10.2198,-83.7874,FALSE,1104,"Black-headed Saltator","Saltator atriceps","#ff5499","avian","https://media.birdweather.com/species/1104/Black-headedSaltator-standard-3159be3001c869c7db8f9d22173fe6d6.jpg","https://media.birdweather.com/species/1104/Black-headedSaltator-thumbnail-c7f067dd41ea0a1a2952384b5b9a0212.jpg","https://media.birdweather.com/species/1104/Black-headedSaltator-png200-8d7a7f8741c6037857493b2860ffed9a.png","HAoGFwSXCqi0NV1rlzW4SaiKyTgGWs8E",17152046645,"https://media.birdweather.com/soundscapes/19267/19267-20260920-182600.flac",4.5,7.5,"live"
11268305672,19267,"2026-09-20T12:25:48.500-06:00",0.868614375591278,0.0263119973242283,5.09741732689196,"almost_certain","BirdNET",NA,10.2198,-83.7874,FALSE,1104,"Black-headed Saltator","Saltator atriceps","#ff5499","avian","https://media.birdweather.com/species/1104/Black-headedSaltator-standard-3159be3001c869c7db8f9d22173fe6d6.jpg","https://media.birdweather.com/species/1104/Black-headedSaltator-thumbnail-c7f067dd41ea0a1a2952384b5b9a0212.jpg","https://media.birdweather.com/species/1104/Black-headedSaltator-png200-8d7a7f8741c6037857493b2860ffed9a.png","HAoGFwSXCqi0NV1rlzW4SaiKyTgGWs8E",17152040282,"https://media.birdweather.com/soundscapes/19267/19267-20260920-182547.flac",1.5,4.5,"live"
11268305670,19267,"2026-09-20T12:25:47.000-06:00",0.868839919567108,0.0263119973242283,5.0979606370755,"almost_certain","BirdNET",NA,10.2198,-83.7874,FALSE,1104,"Black-headed Saltator","Saltator atriceps","#ff5499","avian","https://media.birdweather.com/species/1104/Black-headedSaltator-standard-3159be3001c869c7db8f9d22173fe6d6.jpg","https://media.birdweather.com/species/1104/Black-headedSaltator-thumbnail-c7f067dd41ea0a1a2952384b5b9a0212.jpg","https://media.birdweather.com/species/1104/Black-headedSaltator-png200-8d7a7f8741c6037857493b2860ffed9a.png","HAoGFwSXCqi0NV1rlzW4SaiKyTgGWs8E",17152040282,"https://media.birdweather.com/soundscapes/19267/19267-20260920-182547.flac",0,3,"live"
11268301748,19267,"2026-09-20T12:25:34.500-06:00",0.809840023517609,0.761456370353699,9.13484355356776,"almost_certain","BirdNET",NA,10.2198,-83.7874,FALSE,229,"Great Kiskadee","Pitangus sulphuratus","#7d4410","avian","https://media.birdweather.com/species/229/GreatKiskadee-standard-cd28a1b8e8b8e5aed433e809c229004e.jpg","https://media.birdweather.com/species/229/GreatKiskadee-thumbnail-b2749ed2442fb322cf3c4cb72f9c97f6.jpg","https://media.birdweather.com/species/229/GreatKiskadee-png200-003973af4f863deb00a4ce9b6f10e59c.png","0PgFDwIrhYqfZJh1mVe3SZZ3uKEJBncG",17152033259,"https://media.birdweather.com/soundscapes/19267/19267-20260920-182533.flac",1.5,4.5,"live"
11268286513,19267,"2026-09-20T12:24:42.000-06:00",0.729701519012451,0.761457204818726,8.9005665807733,"almost_certain","BirdNET",NA,10.2198,-83.7874,FALSE,229,"Great Kiskadee","Pitangus sulphuratus","#7d4410","avian","https://media.birdweather.com/species/229/GreatKiskadee-standard-cd28a1b8e8b8e5aed433e809c229004e.jpg","https://media.birdweather.com/species/229/GreatKiskadee-thumbnail-b2749ed2442fb322cf3c4cb72f9c97f6.jpg","https://media.birdweather.com/species/229/GreatKiskadee-png200-003973af4f863deb00a4ce9b6f10e59c.png","0PgFDwIrhYqfZJh1mVe3SZZ3uKEJBncG",17152006239,"https://media.birdweather.com/soundscapes/19267/19267-20260920-182439.flac",3,6,"live"
11268286508,19267,"2026-09-20T12:24:40.500-06:00",0.946653187274933,0.761457204818726,9.46051201207876,"almost_certain","BirdNET",NA,10.2198,-83.7874,FALSE,229,"Great Kiskadee","Pitangus sulphuratus","#7d4410","avian","https://media.birdweather.com/species/229/GreatKiskadee-standard-cd28a1b8e8b8e5aed433e809c229004e.jpg","https://media.birdweather.com/species/229/GreatKiskadee-thumbnail-b2749ed2442fb322cf3c4cb72f9c97f6.jpg","https://media.birdweather.com/species/229/GreatKiskadee-png200-003973af4f863deb00a4ce9b6f10e59c.png","0PgFDwIrhYqfZJh1mVe3SZZ3uKEJBncG",17152006239,"https://media.birdweather.com/soundscapes/19267/19267-20260920-182439.flac",1.5,4.5,"live"
11268282964,19267,"2026-09-20T12:24:30.500-06:00",0.912757575511932,0.761455416679382,9.38674703199161,"almost_certain","BirdNET",NA,10.2198,-83.7874,FALSE,229,"Great Kiskadee","Pitangus sulphuratus","#7d4410","avian","https://media.birdweather.com/species/229/GreatKiskadee-standard-cd28a1b8e8b8e5aed433e809c229004e.jpg","https://media.birdweather.com/species/229/GreatKiskadee-thumbnail-b2749ed2442fb322cf3c4cb72f9c97f6.jpg","https://media.birdweather.com/species/229/GreatKiskadee-png200-003973af4f863deb00a4ce9b6f10e59c.png","0PgFDwIrhYqfZJh1mVe3SZZ3uKEJBncG",17151999860,"https://media.birdweather.com/soundscapes/19267/19267-20260920-182426.flac",4.5,7.5,"live"
11268282961,19267,"2026-09-20T12:24:29.000-06:00",0.742593050003052,0.761455416679382,8.9410604669232,"almost_certain","BirdNET",NA,10.2198,-83.7874,FALSE,229,"Great Kiskadee","Pitangus sulphuratus","#7d4410","avian","https://media.birdweather.com/species/229/GreatKiskadee-standard-cd28a1b8e8b8e5aed433e809c229004e.jpg","https://media.birdweather.com/species/229/GreatKiskadee-thumbnail-b2749ed2442fb322cf3c4cb72f9c97f6.jpg","https://media.birdweather.com/species/229/GreatKiskadee-png200-003973af4f863deb00a4ce9b6f10e59c.png","0PgFDwIrhYqfZJh1mVe3SZZ3uKEJBncG",17151999860,"https://media.birdweather.com/soundscapes/19267/19267-20260920-182426.flac",3,6,"live"
11268282958,19267,"2026-09-20T12:24:27.500-06:00",0.705254375934601,0.761455416679382,8.82031446727617,"almost_certain","BirdNET",NA,10.2198,-83.7874,FALSE,229,"Great Kiskadee","Pitangus sulphuratus","#7d4410","avian","https://media.birdweather.com/species/229/GreatKiskadee-standard-cd28a1b8e8b8e5aed433e809c229004e.jpg","https://media.birdweather.com/species/229/GreatKiskadee-thumbnail-b2749ed2442fb322cf3c4cb72f9c97f6.jpg","https://media.birdweather.com/species/229/GreatKiskadee-png200-003973af4f863deb00a4ce9b6f10e59c.png","0PgFDwIrhYqfZJh1mVe3SZZ3uKEJBncG",17151999860,"https://media.birdweather.com/soundscapes/19267/19267-20260920-182426.flac",1.5,4.5,"live"
11268282956,19267,"2026-09-20T12:24:26.000-06:00",0.812224328517914,0.761455416679382,9.1412338327864,"almost_certain","BirdNET",NA,10.2198,-83.7874,FALSE,229,"Great Kiskadee","Pitangus sulphuratus","#7d4410","avian","https://media.birdweather.com/species/229/GreatKiskadee-standard-cd28a1b8e8b8e5aed433e809c229004e.jpg","https://media.birdweather.com/species/229/GreatKiskadee-thumbnail-b2749ed2442fb322cf3c4cb72f9c97f6.jpg","https://media.birdweather.com/species/229/GreatKiskadee-png200-003973af4f863deb00a4ce9b6f10e59c.png","0PgFDwIrhYqfZJh1mVe3SZZ3uKEJBncG",17151999860,"https://media.birdweather.com/soundscapes/19267/19267-20260920-182426.flac",0,3,"live"
11268264406,19267,"2026-09-20T12:23:22.000-06:00",0.858965396881104,0.761458992958069,9.26087529497071,"almost_certain","BirdNET",NA,10.2198,-83.7874,FALSE,229,"Great Kiskadee","Pitangus sulphuratus","#7d4410","avian","https://media.birdweather.com/species/229/GreatKiskadee-standard-cd28a1b8e8b8e5aed433e809c229004e.jpg","https://media.birdweather.com/species/229/GreatKiskadee-thumbnail-b2749ed2442fb322cf3c4cb72f9c97f6.jpg","https://media.birdweather.com/species/229/GreatKiskadee-png200-003973af4f863deb00a4ce9b6f10e59c.png","0PgFDwIrhYqfZJh1mVe3SZZ3uKEJBncG",17151966776,"https://media.birdweather.com/soundscapes/19267/19267-20260920-182319.flac",3,6,"live"
11268264401,19267,"2026-09-20T12:23:20.500-06:00",0.845634520053864,0.761458992958069,9.22780596782736,"almost_certain","BirdNET",NA,10.2198,-83.7874,FALSE,229,"Great Kiskadee","Pitangus sulphuratus","#7d4410","avian","https://media.birdweather.com/species/229/GreatKiskadee-standard-cd28a1b8e8b8e5aed433e809c229004e.jpg","https://media.birdweather.com/species/229/GreatKiskadee-thumbnail-b2749ed2442fb322cf3c4cb72f9c97f6.jpg","https://media.birdweather.com/species/229/GreatKiskadee-png200-003973af4f863deb00a4ce9b6f10e59c.png","0PgFDwIrhYqfZJh1mVe3SZZ3uKEJBncG",17151966776,"https://media.birdweather.com/soundscapes/19267/19267-20260920-182319.flac",1.5,4.5,"live"
11268170416,19267,"2026-09-20T12:17:42.000-06:00",0.841217815876007,0.761461436748505,9.21667555118369,"almost_certain","BirdNET",NA,10.2198,-83.7874,FALSE,229,"Great Kiskadee","Pitangus sulphuratus","#7d4410","avian","https://media.birdweather.com/species/229/GreatKiskadee-standard-cd28a1b8e8b8e5aed433e809c229004e.jpg","https://media.birdweather.com/species/229/GreatKiskadee-thumbnail-b2749ed2442fb322cf3c4cb72f9c97f6.jpg","https://media.birdweather.com/species/229/GreatKiskadee-png200-003973af4f863deb00a4ce9b6f10e59c.png","0PgFDwIrhYqfZJh1mVe3SZZ3uKEJBncG",17151800046,"https://media.birdweather.com/soundscapes/19267/19267-20260920-181742.flac",0,3,"live"
11268138706,19267,"2026-09-20T12:15:51.000-06:00",0.720992565155029,0.761462807655334,8.87252488698626,"almost_certain","BirdNET",NA,10.2198,-83.7874,FALSE,229,"Great Kiskadee","Pitangus sulphuratus","#7d4410","avian","https://media.birdweather.com/species/229/GreatKiskadee-standard-cd28a1b8e8b8e5aed433e809c229004e.jpg","https://media.birdweather.com/species/229/GreatKiskadee-thumbnail-b2749ed2442fb322cf3c4cb72f9c97f6.jpg","https://media.birdweather.com/species/229/GreatKiskadee-png200-003973af4f863deb00a4ce9b6f10e59c.png","0PgFDwIrhYqfZJh1mVe3SZZ3uKEJBncG",17151743705,"https://media.birdweather.com/soundscapes/19267/19267-20260920-181548.flac",3,6,"live"
11268138703,19267,"2026-09-20T12:15:49.500-06:00",0.933364510536194,0.761462807655334,9.43207525954512,"almost_certain","BirdNET",NA,10.2198,-83.7874,FALSE,229,"Great Kiskadee","Pitangus sulphuratus","#7d4410","avian","https://media.birdweather.com/species/229/GreatKiskadee-standard-cd28a1b8e8b8e5aed433e809c229004e.jpg","https://media.birdweather.com/species/229/GreatKiskadee-thumbnail-b2749ed2442fb322cf3c4cb72f9c97f6.jpg","https://media.birdweather.com/species/229/GreatKiskadee-png200-003973af4f863deb00a4ce9b6f10e59c.png","0PgFDwIrhYqfZJh1mVe3SZZ3uKEJBncG",17151743705,"https://media.birdweather.com/soundscapes/19267/19267-20260920-181548.flac",1.5,4.5,"live"
11268112929,19267,"2026-09-20T12:14:17.500-06:00",0.807882487773895,0.761463105678558,9.12958526207868,"almost_certain","BirdNET",NA,10.2198,-83.7874,FALSE,229,"Great Kiskadee","Pitangus sulphuratus","#7d4410","avian","https://media.birdweather.com/species/229/GreatKiskadee-standard-cd28a1b8e8b8e5aed433e809c229004e.jpg","https://media.birdweather.com/species/229/GreatKiskadee-thumbnail-b2749ed2442fb322cf3c4cb72f9c97f6.jpg","https://media.birdweather.com/species/229/GreatKiskadee-png200-003973af4f863deb00a4ce9b6f10e59c.png","0PgFDwIrhYqfZJh1mVe3SZZ3uKEJBncG",17151697213,"https://media.birdweather.com/soundscapes/19267/19267-20260920-181413.flac",4.5,7.5,"live"
11268108466,19267,"2026-09-20T12:14:01.000-06:00",0.766924381256104,0.761463105678558,9.01439185692174,"almost_certain","BirdNET",NA,10.2198,-83.7874,FALSE,229,"Great Kiskadee","Pitangus sulphuratus","#7d4410","avian","https://media.birdweather.com/species/229/GreatKiskadee-standard-cd28a1b8e8b8e5aed433e809c229004e.jpg","https://media.birdweather.com/species/229/GreatKiskadee-thumbnail-b2749ed2442fb322cf3c4cb72f9c97f6.jpg","https://media.birdweather.com/species/229/GreatKiskadee-png200-003973af4f863deb00a4ce9b6f10e59c.png","0PgFDwIrhYqfZJh1mVe3SZZ3uKEJBncG",17151689412,"https://media.birdweather.com/soundscapes/19267/19267-20260920-181358.flac",3,6,"live"
11268101179,19267,"2026-09-20T12:13:34.000-06:00",0.870010018348694,0.76146012544632,9.28768322931725,"almost_certain","BirdNET",NA,10.2198,-83.7874,FALSE,229,"Great Kiskadee","Pitangus sulphuratus","#7d4410","avian","https://media.birdweather.com/species/229/GreatKiskadee-standard-cd28a1b8e8b8e5aed433e809c229004e.jpg","https://media.birdweather.com/species/229/GreatKiskadee-thumbnail-b2749ed2442fb322cf3c4cb72f9c97f6.jpg","https://media.birdweather.com/species/229/GreatKiskadee-png200-003973af4f863deb00a4ce9b6f10e59c.png","0PgFDwIrhYqfZJh1mVe3SZZ3uKEJBncG",17151675503,"https://media.birdweather.com/soundscapes/19267/19267-20260920-181331.flac",3,6,"live"
11268092364,19267,"2026-09-20T12:13:08.000-06:00",0.725459098815918,0.761460363864899,8.88697904061065,"almost_certain","BirdNET",NA,10.2198,-83.7874,FALSE,229,"Great Kiskadee","Pitangus sulphuratus","#7d4410","avian","https://media.birdweather.com/species/229/GreatKiskadee-standard-cd28a1b8e8b8e5aed433e809c229004e.jpg","https://media.birdweather.com/species/229/GreatKiskadee-thumbnail-b2749ed2442fb322cf3c4cb72f9c97f6.jpg","https://media.birdweather.com/species/229/GreatKiskadee-png200-003973af4f863deb00a4ce9b6f10e59c.png","0PgFDwIrhYqfZJh1mVe3SZZ3uKEJBncG",17151661352,"https://media.birdweather.com/soundscapes/19267/19267-20260920-181302.flac",6,9,"live"
11268092355,19267,"2026-09-20T12:13:03.500-06:00",0.896573901176453,0.761460363864899,9.3500860409126,"almost_certain","BirdNET",NA,10.2198,-83.7874,FALSE,229,"Great Kiskadee","Pitangus sulphuratus","#7d4410","avian","https://media.birdweather.com/species/229/GreatKiskadee-standard-cd28a1b8e8b8e5aed433e809c229004e.jpg","https://media.birdweather.com/species/229/GreatKiskadee-thumbnail-b2749ed2442fb322cf3c4cb72f9c97f6.jpg","https://media.birdweather.com/species/229/GreatKiskadee-png200-003973af4f863deb00a4ce9b6f10e59c.png","0PgFDwIrhYqfZJh1mVe3SZZ3uKEJBncG",17151661352,"https://media.birdweather.com/soundscapes/19267/19267-20260920-181302.flac",1.5,4.5,"live"
11268080098,19267,"2026-09-20T12:12:26.000-06:00",0.928680658340454,0.761460363864899,9.42190185903059,"almost_certain","BirdNET",NA,10.2198,-83.7874,FALSE,229,"Great Kiskadee","Pitangus sulphuratus","#7d4410","avian","https://media.birdweather.com/species/229/GreatKiskadee-standard-cd28a1b8e8b8e5aed433e809c229004e.jpg","https://media.birdweather.com/species/229/GreatKiskadee-thumbnail-b2749ed2442fb322cf3c4cb72f9c97f6.jpg","https://media.birdweather.com/species/229/GreatKiskadee-png200-003973af4f863deb00a4ce9b6f10e59c.png","0PgFDwIrhYqfZJh1mVe3SZZ3uKEJBncG",17151640351,"https://media.birdweather.com/soundscapes/19267/19267-20260920-181220.flac",6,9,"live"
11268068999,19267,"2026-09-20T12:11:46.000-06:00",0.861516714096069,0.761461317539215,9.26711836361116,"almost_certain","BirdNET",NA,10.2198,-83.7874,FALSE,229,"Great Kiskadee","Pitangus sulphuratus","#7d4410","avian","https://media.birdweather.com/species/229/GreatKiskadee-standard-cd28a1b8e8b8e5aed433e809c229004e.jpg","https://media.birdweather.com/species/229/GreatKiskadee-thumbnail-b2749ed2442fb322cf3c4cb72f9c97f6.jpg","https://media.birdweather.com/species/229/GreatKiskadee-png200-003973af4f863deb00a4ce9b6f10e59c.png","0PgFDwIrhYqfZJh1mVe3SZZ3uKEJBncG",17151620755,"https://media.birdweather.com/soundscapes/19267/19267-20260920-181140.flac",6,9,"live"
11268068994,19267,"2026-09-20T12:11:44.500-06:00",0.734553158283234,0.761461317539215,8.91595549767684,"almost_certain","BirdNET",NA,10.2198,-83.7874,FALSE,229,"Great Kiskadee","Pitangus sulphuratus","#7d4410","avian","https://media.birdweather.com/species/229/GreatKiskadee-standard-cd28a1b8e8b8e5aed433e809c229004e.jpg","https://media.birdweather.com/species/229/GreatKiskadee-thumbnail-b2749ed2442fb322cf3c4cb72f9c97f6.jpg","https://media.birdweather.com/species/229/GreatKiskadee-png200-003973af4f863deb00a4ce9b6f10e59c.png","0PgFDwIrhYqfZJh1mVe3SZZ3uKEJBncG",17151620755,"https://media.birdweather.com/soundscapes/19267/19267-20260920-181140.flac",4.5,7.5,"live"
11268068989,19267,"2026-09-20T12:11:43.000-06:00",0.895630419254303,0.761461317539215,9.34791936372161,"almost_certain","BirdNET",NA,10.2198,-83.7874,FALSE,229,"Great Kiskadee","Pitangus sulphuratus","#7d4410","avian","https://media.birdweather.com/species/229/GreatKiskadee-standard-cd28a1b8e8b8e5aed433e809c229004e.jpg","https://media.birdweather.com/species/229/GreatKiskadee-thumbnail-b2749ed2442fb322cf3c4cb72f9c97f6.jpg","https://media.birdweather.com/species/229/GreatKiskadee-png200-003973af4f863deb00a4ce9b6f10e59c.png","0PgFDwIrhYqfZJh1mVe3SZZ3uKEJBncG",17151620755,"https://media.birdweather.com/soundscapes/19267/19267-20260920-181140.flac",3,6,"live"
11268068986,19267,"2026-09-20T12:11:41.500-06:00",0.756327271461487,0.761461317539215,8.98293749913475,"almost_certain","BirdNET",NA,10.2198,-83.7874,FALSE,229,"Great Kiskadee","Pitangus sulphuratus","#7d4410","avian","https://media.birdweather.com/species/229/GreatKiskadee-standard-cd28a1b8e8b8e5aed433e809c229004e.jpg","https://media.birdweather.com/species/229/GreatKiskadee-thumbnail-b2749ed2442fb322cf3c4cb72f9c97f6.jpg","https://media.birdweather.com/species/229/GreatKiskadee-png200-003973af4f863deb00a4ce9b6f10e59c.png","0PgFDwIrhYqfZJh1mVe3SZZ3uKEJBncG",17151620755,"https://media.birdweather.com/soundscapes/19267/19267-20260920-181140.flac",1.5,4.5,"live"
11267956759,19267,"2026-09-20T12:05:00.000-06:00",0.861491203308105,0.216395199298859,7.58743010661338,"almost_certain","BirdNET",NA,10.2198,-83.7874,FALSE,501,"White-winged Dove","Zenaida asiatica","#d16ff8","avian","https://media.birdweather.com/species/501/White-wingedDove-standard-6528ef689b07d5a91f1c2275cdef19c9.jpg","https://media.birdweather.com/species/501/White-wingedDove-thumbnail-4a940adfd5a6c78c73c48c5095e7b896.jpg","https://media.birdweather.com/species/501/White-wingedDove-png200-d65decd3d571b5a9dbeca249ef97689f.png","IscJLwb6hoVelZWZdoh3eIeIdxBoB4IG",17151421841,"https://media.birdweather.com/soundscapes/19267/19267-20260920-180500.flac",0,3,"live"
11267949125,19267,"2026-09-20T12:04:39.000-06:00",0.948852777481079,0.216395199298859,7.78554544788476,"almost_certain","BirdNET",NA,10.2198,-83.7874,FALSE,501,"White-winged Dove","Zenaida asiatica","#d16ff8","avian","https://media.birdweather.com/species/501/White-wingedDove-standard-6528ef689b07d5a91f1c2275cdef19c9.jpg","https://media.birdweather.com/species/501/White-wingedDove-thumbnail-4a940adfd5a6c78c73c48c5095e7b896.jpg","https://media.birdweather.com/species/501/White-wingedDove-png200-d65decd3d571b5a9dbeca249ef97689f.png","IscJLwb6hoVelZWZdoh3eIeIdxBoB4IG",17151408233,"https://media.birdweather.com/soundscapes/19267/19267-20260920-180433.flac",6,9,"live"
11267945449,19267,"2026-09-20T12:04:20.000-06:00",0.816268384456635,0.216395199298859,7.47239209374103,"almost_certain","BirdNET",NA,10.2198,-83.7874,FALSE,501,"White-winged Dove","Zenaida asiatica","#d16ff8","avian","https://media.birdweather.com/species/501/White-wingedDove-standard-6528ef689b07d5a91f1c2275cdef19c9.jpg","https://media.birdweather.com/species/501/White-wingedDove-thumbnail-4a940adfd5a6c78c73c48c5095e7b896.jpg","https://media.birdweather.com/species/501/White-wingedDove-png200-d65decd3d571b5a9dbeca249ef97689f.png","IscJLwb6hoVelZWZdoh3eIeIdxBoB4IG",17151401773,"https://media.birdweather.com/soundscapes/19267/19267-20260920-180420.flac",0,3,"live"
11267941916,19267,"2026-09-20T12:04:10.000-06:00",0.804433643817902,0.227272674441338,7.50491234629082,"almost_certain","BirdNET",NA,10.2198,-83.7874,FALSE,203,"Pale-vented Pigeon","Patagioenas cayennensis","#5c5311","avian","https://media.birdweather.com/species/203/Pale-ventedPigeon-standard-c76dd1ea2976acff91d41075c7c4767d.jpg","https://media.birdweather.com/species/203/Pale-ventedPigeon-thumbnail-85eda375f8f3190f1c3b5f09dd3bdd1c.jpg","https://media.birdweather.com/species/203/Pale-ventedPigeon-png200-c6fd4121f3c94e3477b46be224ef9f1a.png","0tkFFwJgS0qIl5fEZ3loeYd3SQXLpk8D",17151395356,"https://media.birdweather.com/soundscapes/19267/19267-20260920-180407.flac",3,6,"live"
11267941912,19267,"2026-09-20T12:04:08.500-06:00",0.857001841068268,0.227272674441338,7.64072351880978,"almost_certain","BirdNET",NA,10.2198,-83.7874,FALSE,203,"Pale-vented Pigeon","Patagioenas cayennensis","#5c5311","avian","https://media.birdweather.com/species/203/Pale-ventedPigeon-standard-c76dd1ea2976acff91d41075c7c4767d.jpg","https://media.birdweather.com/species/203/Pale-ventedPigeon-thumbnail-85eda375f8f3190f1c3b5f09dd3bdd1c.jpg","https://media.birdweather.com/species/203/Pale-ventedPigeon-png200-c6fd4121f3c94e3477b46be224ef9f1a.png","0tkFFwJgS0qIl5fEZ3loeYd3SQXLpk8D",17151395356,"https://media.birdweather.com/soundscapes/19267/19267-20260920-180407.flac",1.5,4.5,"live"
11267927234,19267,"2026-09-20T12:03:14.000-06:00",0.770074367523193,0.22727669775486,7.40828839003601,"almost_certain","BirdNET",NA,10.2198,-83.7874,FALSE,203,"Pale-vented Pigeon","Patagioenas cayennensis","#5c5311","avian","https://media.birdweather.com/species/203/Pale-ventedPigeon-standard-c76dd1ea2976acff91d41075c7c4767d.jpg","https://media.birdweather.com/species/203/Pale-ventedPigeon-thumbnail-85eda375f8f3190f1c3b5f09dd3bdd1c.jpg","https://media.birdweather.com/species/203/Pale-ventedPigeon-png200-c6fd4121f3c94e3477b46be224ef9f1a.png","0tkFFwJgS0qIl5fEZ3loeYd3SQXLpk8D",17151369223,"https://media.birdweather.com/soundscapes/19267/19267-20260920-180314.flac",0,3,"live"
11267858390,19267,"2026-09-20T11:59:14.000-06:00",0.883448243141174,0.216393828392029,7.63997451677818,"almost_certain","BirdNET",NA,10.2198,-83.7874,FALSE,501,"White-winged Dove","Zenaida asiatica","#d16ff8","avian","https://media.birdweather.com/species/501/White-wingedDove-standard-6528ef689b07d5a91f1c2275cdef19c9.jpg","https://media.birdweather.com/species/501/White-wingedDove-thumbnail-4a940adfd5a6c78c73c48c5095e7b896.jpg","https://media.birdweather.com/species/501/White-wingedDove-png200-d65decd3d571b5a9dbeca249ef97689f.png","IscJLwb6hoVelZWZdoh3eIeIdxBoB4IG",17151247919,"https://media.birdweather.com/soundscapes/19267/19267-20260920-175911.flac",3,6,"live"
11267858387,19267,"2026-09-20T11:59:12.500-06:00",0.924008369445801,0.216393828392029,7.73204952303082,"almost_certain","BirdNET",NA,10.2198,-83.7874,FALSE,501,"White-winged Dove","Zenaida asiatica","#d16ff8","avian","https://media.birdweather.com/species/501/White-wingedDove-standard-6528ef689b07d5a91f1c2275cdef19c9.jpg","https://media.birdweather.com/species/501/White-wingedDove-thumbnail-4a940adfd5a6c78c73c48c5095e7b896.jpg","https://media.birdweather.com/species/501/White-wingedDove-png200-d65decd3d571b5a9dbeca249ef97689f.png","IscJLwb6hoVelZWZdoh3eIeIdxBoB4IG",17151247919,"https://media.birdweather.com/soundscapes/19267/19267-20260920-175911.flac",1.5,4.5,"live"
11267846628,19267,"2026-09-20T11:58:33.000-06:00",0.71126788854599,0.216395363211632,7.16087980583217,"almost_certain","BirdNET",NA,10.2198,-83.7874,FALSE,501,"White-winged Dove","Zenaida asiatica","#d16ff8","avian","https://media.birdweather.com/species/501/White-wingedDove-standard-6528ef689b07d5a91f1c2275cdef19c9.jpg","https://media.birdweather.com/species/501/White-wingedDove-thumbnail-4a940adfd5a6c78c73c48c5095e7b896.jpg","https://media.birdweather.com/species/501/White-wingedDove-png200-d65decd3d571b5a9dbeca249ef97689f.png","IscJLwb6hoVelZWZdoh3eIeIdxBoB4IG",17151228011,"https://media.birdweather.com/soundscapes/19267/19267-20260920-175830.flac",3,6,"live"
11267846626,19267,"2026-09-20T11:58:31.500-06:00",0.702278256416321,0.216395363211632,7.13060175119959,"almost_certain","BirdNET",NA,10.2198,-83.7874,FALSE,501,"White-winged Dove","Zenaida asiatica","#d16ff8","avian","https://media.birdweather.com/species/501/White-wingedDove-standard-6528ef689b07d5a91f1c2275cdef19c9.jpg","https://media.birdweather.com/species/501/White-wingedDove-thumbnail-4a940adfd5a6c78c73c48c5095e7b896.jpg","https://media.birdweather.com/species/501/White-wingedDove-png200-d65decd3d571b5a9dbeca249ef97689f.png","IscJLwb6hoVelZWZdoh3eIeIdxBoB4IG",17151228011,"https://media.birdweather.com/soundscapes/19267/19267-20260920-175830.flac",1.5,4.5,"live"
11267077747,19267,"2026-09-20T11:14:10.500-06:00",0.725428521633148,0.545143067836761,8.43606915151048,"almost_certain","BirdNET",NA,10.2198,-83.7874,FALSE,802,"Rufous-tailed Hummingbird","Amazilia tzacatl","#d9c845","avian","https://media.birdweather.com/species/802/Rufous-tailedHummingbird-standard-4d0209b50ad0c35c6d8337f5c0c16b55.jpg","https://media.birdweather.com/species/802/Rufous-tailedHummingbird-thumbnail-fbf17400c31564f70aa45927c5d75f5e.jpg","https://media.birdweather.com/species/802/Rufous-tailedHummingbird-png200-8ea431c9893cfe027e92471791a8c256.png","mPkJFwIHqJeJl4lriIaGhYh3+H+oVGAH",17149901266,"https://media.birdweather.com/soundscapes/19267/19267-20260920-171406.flac",4.5,7.5,"live"
11266489919,19267,"2026-09-20T10:40:39.500-06:00",0.840964913368225,0.545144498348236,8.76522542177914,"almost_certain","BirdNET",NA,10.2198,-83.7874,FALSE,802,"Rufous-tailed Hummingbird","Amazilia tzacatl","#d9c845","avian","https://media.birdweather.com/species/802/Rufous-tailedHummingbird-standard-4d0209b50ad0c35c6d8337f5c0c16b55.jpg","https://media.birdweather.com/species/802/Rufous-tailedHummingbird-thumbnail-fbf17400c31564f70aa45927c5d75f5e.jpg","https://media.birdweather.com/species/802/Rufous-tailedHummingbird-png200-8ea431c9893cfe027e92471791a8c256.png","mPkJFwIHqJeJl4lriIaGhYh3+H+oVGAH",17148901192,"https://media.birdweather.com/soundscapes/19267/19267-20260920-164038.flac",1.5,4.5,"live"
11266283513,19267,"2026-09-20T10:29:12.000-06:00",0.840567171573639,0.761460542678833,9.21502597829091,"almost_certain","BirdNET",NA,10.2198,-83.7874,FALSE,229,"Great Kiskadee","Pitangus sulphuratus","#7d4410","avian","https://media.birdweather.com/species/229/GreatKiskadee-standard-cd28a1b8e8b8e5aed433e809c229004e.jpg","https://media.birdweather.com/species/229/GreatKiskadee-thumbnail-b2749ed2442fb322cf3c4cb72f9c97f6.jpg","https://media.birdweather.com/species/229/GreatKiskadee-png200-003973af4f863deb00a4ce9b6f10e59c.png","0PgFDwIrhYqfZJh1mVe3SZZ3uKEJBncG",17148557736,"https://media.birdweather.com/soundscapes/19267/19267-20260920-162909.flac",3,6,"live"
11266283507,19267,"2026-09-20T10:29:09.000-06:00",0.953012228012085,0.761460542678833,9.47392439829847,"almost_certain","BirdNET",NA,10.2198,-83.7874,FALSE,229,"Great Kiskadee","Pitangus sulphuratus","#7d4410","avian","https://media.birdweather.com/species/229/GreatKiskadee-standard-cd28a1b8e8b8e5aed433e809c229004e.jpg","https://media.birdweather.com/species/229/GreatKiskadee-thumbnail-b2749ed2442fb322cf3c4cb72f9c97f6.jpg","https://media.birdweather.com/species/229/GreatKiskadee-png200-003973af4f863deb00a4ce9b6f10e59c.png","0PgFDwIrhYqfZJh1mVe3SZZ3uKEJBncG",17148557736,"https://media.birdweather.com/soundscapes/19267/19267-20260920-162909.flac",0,3,"live"
11266177208,19267,"2026-09-20T10:23:17.500-06:00",0.759533882141113,0.761462271213531,8.99253251276211,"almost_certain","BirdNET",NA,10.2198,-83.7874,FALSE,229,"Great Kiskadee","Pitangus sulphuratus","#7d4410","avian","https://media.birdweather.com/species/229/GreatKiskadee-standard-cd28a1b8e8b8e5aed433e809c229004e.jpg","https://media.birdweather.com/species/229/GreatKiskadee-thumbnail-b2749ed2442fb322cf3c4cb72f9c97f6.jpg","https://media.birdweather.com/species/229/GreatKiskadee-png200-003973af4f863deb00a4ce9b6f10e59c.png","0PgFDwIrhYqfZJh1mVe3SZZ3uKEJBncG",17148380512,"https://media.birdweather.com/soundscapes/19267/19267-20260920-162313.flac",4.5,7.5,"live"
11266040624,19267,"2026-09-20T10:15:44.500-06:00",0.969324171543121,0.761462152004242,9.50772878550879,"almost_certain","BirdNET",NA,10.2198,-83.7874,FALSE,229,"Great Kiskadee","Pitangus sulphuratus","#7d4410","avian","https://media.birdweather.com/species/229/GreatKiskadee-standard-cd28a1b8e8b8e5aed433e809c229004e.jpg","https://media.birdweather.com/species/229/GreatKiskadee-thumbnail-b2749ed2442fb322cf3c4cb72f9c97f6.jpg","https://media.birdweather.com/species/229/GreatKiskadee-png200-003973af4f863deb00a4ce9b6f10e59c.png","0PgFDwIrhYqfZJh1mVe3SZZ3uKEJBncG",17148154310,"https://media.birdweather.com/soundscapes/19267/19267-20260920-161540.flac",4.5,7.5,"live"
11266011544,19267,"2026-09-20T10:14:10.000-06:00",0.70328563451767,0.761462152004242,8.81365469639136,"almost_certain","BirdNET",NA,10.2198,-83.7874,FALSE,229,"Great Kiskadee","Pitangus sulphuratus","#7d4410","avian","https://media.birdweather.com/species/229/GreatKiskadee-standard-cd28a1b8e8b8e5aed433e809c229004e.jpg","https://media.birdweather.com/species/229/GreatKiskadee-thumbnail-b2749ed2442fb322cf3c4cb72f9c97f6.jpg","https://media.birdweather.com/species/229/GreatKiskadee-png200-003973af4f863deb00a4ce9b6f10e59c.png","0PgFDwIrhYqfZJh1mVe3SZZ3uKEJBncG",17148106079,"https://media.birdweather.com/soundscapes/19267/19267-20260920-161404.flac",6,9,"live"
11266011539,19267,"2026-09-20T10:14:08.500-06:00",0.736471891403198,0.761462152004242,8.92199278444925,"almost_certain","BirdNET",NA,10.2198,-83.7874,FALSE,229,"Great Kiskadee","Pitangus sulphuratus","#7d4410","avian","https://media.birdweather.com/species/229/GreatKiskadee-standard-cd28a1b8e8b8e5aed433e809c229004e.jpg","https://media.birdweather.com/species/229/GreatKiskadee-thumbnail-b2749ed2442fb322cf3c4cb72f9c97f6.jpg","https://media.birdweather.com/species/229/GreatKiskadee-png200-003973af4f863deb00a4ce9b6f10e59c.png","0PgFDwIrhYqfZJh1mVe3SZZ3uKEJBncG",17148106079,"https://media.birdweather.com/soundscapes/19267/19267-20260920-161404.flac",4.5,7.5,"live"
11265987813,19267,"2026-09-20T10:12:50.500-06:00",0.718322038650513,0.761455297470093,8.86379340390977,"almost_certain","BirdNET",NA,10.2198,-83.7874,FALSE,229,"Great Kiskadee","Pitangus sulphuratus","#7d4410","avian","https://media.birdweather.com/species/229/GreatKiskadee-standard-cd28a1b8e8b8e5aed433e809c229004e.jpg","https://media.birdweather.com/species/229/GreatKiskadee-thumbnail-b2749ed2442fb322cf3c4cb72f9c97f6.jpg","https://media.birdweather.com/species/229/GreatKiskadee-png200-003973af4f863deb00a4ce9b6f10e59c.png","0PgFDwIrhYqfZJh1mVe3SZZ3uKEJBncG",17148066812,"https://media.birdweather.com/soundscapes/19267/19267-20260920-161246.flac",4.5,7.5,"live"
11265980207,19267,"2026-09-20T10:12:26.000-06:00",0.709477782249451,0.761455297470093,8.83451798724801,"almost_certain","BirdNET",NA,10.2198,-83.7874,FALSE,229,"Great Kiskadee","Pitangus sulphuratus","#7d4410","avian","https://media.birdweather.com/species/229/GreatKiskadee-standard-cd28a1b8e8b8e5aed433e809c229004e.jpg","https://media.birdweather.com/species/229/GreatKiskadee-thumbnail-b2749ed2442fb322cf3c4cb72f9c97f6.jpg","https://media.birdweather.com/species/229/GreatKiskadee-png200-003973af4f863deb00a4ce9b6f10e59c.png","0PgFDwIrhYqfZJh1mVe3SZZ3uKEJBncG",17148054368,"https://media.birdweather.com/soundscapes/19267/19267-20260920-161220.flac",6,9,"live"
11265942416,19267,"2026-09-20T10:10:21.500-06:00",0.705956280231476,0.371574103832245,7.85824115159379,"almost_certain","BirdNET",NA,10.2198,-83.7874,FALSE,321,"Palm Tanager","Thraupis palmarum","#008efd","avian","https://media.birdweather.com/species/321/PalmTanager-standard-cbade2e4973d8cb57c4014568207591d.jpg","https://media.birdweather.com/species/321/PalmTanager-thumbnail-66ffacacc3b9c5f5dad0cf97c949e40f.jpg","https://media.birdweather.com/species/321/PalmTanager-png200-100c123f8e9a99aad801e3e79a865873.png","lvkJHwR/d2lneYlEp0hrx2iL+XtlNZgA",17147992969,"https://media.birdweather.com/soundscapes/19267/19267-20260920-161017.flac",4.5,7.5,"live"
11265912808,19267,"2026-09-20T10:08:45.500-06:00",0.746279835700989,0.37157678604126,7.98799076803902,"almost_certain","BirdNET",NA,10.2198,-83.7874,FALSE,321,"Palm Tanager","Thraupis palmarum","#008efd","avian","https://media.birdweather.com/species/321/PalmTanager-standard-cbade2e4973d8cb57c4014568207591d.jpg","https://media.birdweather.com/species/321/PalmTanager-thumbnail-66ffacacc3b9c5f5dad0cf97c949e40f.jpg","https://media.birdweather.com/species/321/PalmTanager-png200-100c123f8e9a99aad801e3e79a865873.png","lvkJHwR/d2lneYlEp0hrx2iL+XtlNZgA",17147944715,"https://media.birdweather.com/soundscapes/19267/19267-20260920-160841.flac",4.5,7.5,"live"
11265888057,19267,"2026-09-20T10:07:26.000-06:00",0.776641726493835,0.761458516120911,9.04260268038716,"almost_certain","BirdNET",NA,10.2198,-83.7874,FALSE,229,"Great Kiskadee","Pitangus sulphuratus","#7d4410","avian","https://media.birdweather.com/species/229/GreatKiskadee-standard-cd28a1b8e8b8e5aed433e809c229004e.jpg","https://media.birdweather.com/species/229/GreatKiskadee-thumbnail-b2749ed2442fb322cf3c4cb72f9c97f6.jpg","https://media.birdweather.com/species/229/GreatKiskadee-png200-003973af4f863deb00a4ce9b6f10e59c.png","0PgFDwIrhYqfZJh1mVe3SZZ3uKEJBncG",17147904484,"https://media.birdweather.com/soundscapes/19267/19267-20260920-160720.flac",6,9,"live"
11265867558,19267,"2026-09-20T10:06:18.000-06:00",0.818462908267975,0.572300493717194,8.77244841301055,"almost_certain","BirdNET",NA,10.2198,-83.7874,FALSE,897,"Orange-chinned Parakeet","Brotogeris jugularis","#c85500","avian","https://media.birdweather.com/species/897/Orange-chinnedParakeet-standard-0bf0068f65faf91a77e897bad45dfb9c.jpg","https://media.birdweather.com/species/897/Orange-chinnedParakeet-thumbnail-542c4a6c0820592c04275ed546d0c49a.jpg","https://media.birdweather.com/species/897/Orange-chinnedParakeet-png200-7d59a0f58540798895be6be2a6dcfe26.png","U+kFHwJATKdHaLhzaSaJJpuXZ4BFePYK",17147870553,"https://media.birdweather.com/soundscapes/19267/19267-20260920-160612.flac",6,9,"live"
11265858967,19267,"2026-09-20T10:05:49.500-06:00",0.756661891937256,0.761461496353149,8.9839420565799,"almost_certain","BirdNET",NA,10.2198,-83.7874,FALSE,229,"Great Kiskadee","Pitangus sulphuratus","#7d4410","avian","https://media.birdweather.com/species/229/GreatKiskadee-standard-cd28a1b8e8b8e5aed433e809c229004e.jpg","https://media.birdweather.com/species/229/GreatKiskadee-thumbnail-b2749ed2442fb322cf3c4cb72f9c97f6.jpg","https://media.birdweather.com/species/229/GreatKiskadee-png200-003973af4f863deb00a4ce9b6f10e59c.png","0PgFDwIrhYqfZJh1mVe3SZZ3uKEJBncG",17147856878,"https://media.birdweather.com/soundscapes/19267/19267-20260920-160545.flac",4.5,7.5,"live"
11265855314,19267,"2026-09-20T10:05:38.000-06:00",0.896840155124664,0.761459469795227,9.35069575469862,"almost_certain","BirdNET",NA,10.2198,-83.7874,FALSE,229,"Great Kiskadee","Pitangus sulphuratus","#7d4410","avian","https://media.birdweather.com/species/229/GreatKiskadee-standard-cd28a1b8e8b8e5aed433e809c229004e.jpg","https://media.birdweather.com/species/229/GreatKiskadee-thumbnail-b2749ed2442fb322cf3c4cb72f9c97f6.jpg","https://media.birdweather.com/species/229/GreatKiskadee-png200-003973af4f863deb00a4ce9b6f10e59c.png","0PgFDwIrhYqfZJh1mVe3SZZ3uKEJBncG",17147850685,"https://media.birdweather.com/soundscapes/19267/19267-20260920-160532.flac",6,9,"live"
11265855292,19267,"2026-09-20T10:05:35.000-06:00",0.909595906734467,0.761459469795227,9.37966708851945,"almost_certain","BirdNET",NA,10.2198,-83.7874,FALSE,229,"Great Kiskadee","Pitangus sulphuratus","#7d4410","avian","https://media.birdweather.com/species/229/GreatKiskadee-standard-cd28a1b8e8b8e5aed433e809c229004e.jpg","https://media.birdweather.com/species/229/GreatKiskadee-thumbnail-b2749ed2442fb322cf3c4cb72f9c97f6.jpg","https://media.birdweather.com/species/229/GreatKiskadee-png200-003973af4f863deb00a4ce9b6f10e59c.png","0PgFDwIrhYqfZJh1mVe3SZZ3uKEJBncG",17147850685,"https://media.birdweather.com/soundscapes/19267/19267-20260920-160532.flac",3,6,"live"
11265855289,19267,"2026-09-20T10:05:33.500-06:00",0.757279396057129,0.761459469795227,8.98578973806026,"almost_certain","BirdNET",NA,10.2198,-83.7874,FALSE,229,"Great Kiskadee","Pitangus sulphuratus","#7d4410","avian","https://media.birdweather.com/species/229/GreatKiskadee-standard-cd28a1b8e8b8e5aed433e809c229004e.jpg","https://media.birdweather.com/species/229/GreatKiskadee-thumbnail-b2749ed2442fb322cf3c4cb72f9c97f6.jpg","https://media.birdweather.com/species/229/GreatKiskadee-png200-003973af4f863deb00a4ce9b6f10e59c.png","0PgFDwIrhYqfZJh1mVe3SZZ3uKEJBncG",17147850685,"https://media.birdweather.com/soundscapes/19267/19267-20260920-160532.flac",1.5,4.5,"live"
11265855266,19267,"2026-09-20T10:05:32.000-06:00",0.732239782810211,0.761459469795227,8.90863943893723,"almost_certain","BirdNET",NA,10.2198,-83.7874,FALSE,229,"Great Kiskadee","Pitangus sulphuratus","#7d4410","avian","https://media.birdweather.com/species/229/GreatKiskadee-standard-cd28a1b8e8b8e5aed433e809c229004e.jpg","https://media.birdweather.com/species/229/GreatKiskadee-thumbnail-b2749ed2442fb322cf3c4cb72f9c97f6.jpg","https://media.birdweather.com/species/229/GreatKiskadee-png200-003973af4f863deb00a4ce9b6f10e59c.png","0PgFDwIrhYqfZJh1mVe3SZZ3uKEJBncG",17147850685,"https://media.birdweather.com/soundscapes/19267/19267-20260920-160532.flac",0,3,"live"
11265818335,19267,"2026-09-20T10:03:33.000-06:00",0.946897745132446,0.761460304260254,9.46103553878038,"almost_certain","BirdNET",NA,10.2198,-83.7874,FALSE,229,"Great Kiskadee","Pitangus sulphuratus","#7d4410","avian","https://media.birdweather.com/species/229/GreatKiskadee-standard-cd28a1b8e8b8e5aed433e809c229004e.jpg","https://media.birdweather.com/species/229/GreatKiskadee-thumbnail-b2749ed2442fb322cf3c4cb72f9c97f6.jpg","https://media.birdweather.com/species/229/GreatKiskadee-png200-003973af4f863deb00a4ce9b6f10e59c.png","0PgFDwIrhYqfZJh1mVe3SZZ3uKEJBncG",17147791149,"https://media.birdweather.com/soundscapes/19267/19267-20260920-160333.flac",0,3,"live"
11265814080,19267,"2026-09-20T10:03:23.500-06:00",0.881731808185577,0.761460304260254,9.31557071081357,"almost_certain","BirdNET",NA,10.2198,-83.7874,FALSE,229,"Great Kiskadee","Pitangus sulphuratus","#7d4410","avian","https://media.birdweather.com/species/229/GreatKiskadee-standard-cd28a1b8e8b8e5aed433e809c229004e.jpg","https://media.birdweather.com/species/229/GreatKiskadee-thumbnail-b2749ed2442fb322cf3c4cb72f9c97f6.jpg","https://media.birdweather.com/species/229/GreatKiskadee-png200-003973af4f863deb00a4ce9b6f10e59c.png","0PgFDwIrhYqfZJh1mVe3SZZ3uKEJBncG",17147784296,"https://media.birdweather.com/soundscapes/19267/19267-20260920-160319.flac",4.5,7.5,"live"
11265814075,19267,"2026-09-20T10:03:22.000-06:00",0.853824317455292,0.761460304260254,9.24821875588146,"almost_certain","BirdNET",NA,10.2198,-83.7874,FALSE,229,"Great Kiskadee","Pitangus sulphuratus","#7d4410","avian","https://media.birdweather.com/species/229/GreatKiskadee-standard-cd28a1b8e8b8e5aed433e809c229004e.jpg","https://media.birdweather.com/species/229/GreatKiskadee-thumbnail-b2749ed2442fb322cf3c4cb72f9c97f6.jpg","https://media.birdweather.com/species/229/GreatKiskadee-png200-003973af4f863deb00a4ce9b6f10e59c.png","0PgFDwIrhYqfZJh1mVe3SZZ3uKEJBncG",17147784296,"https://media.birdweather.com/soundscapes/19267/19267-20260920-160319.flac",3,6,"live"
11265814072,19267,"2026-09-20T10:03:20.500-06:00",0.81801849603653,0.761460304260254,9.15665265266304,"almost_certain","BirdNET",NA,10.2198,-83.7874,FALSE,229,"Great Kiskadee","Pitangus sulphuratus","#7d4410","avian","https://media.birdweather.com/species/229/GreatKiskadee-standard-cd28a1b8e8b8e5aed433e809c229004e.jpg","https://media.birdweather.com/species/229/GreatKiskadee-thumbnail-b2749ed2442fb322cf3c4cb72f9c97f6.jpg","https://media.birdweather.com/species/229/GreatKiskadee-png200-003973af4f863deb00a4ce9b6f10e59c.png","0PgFDwIrhYqfZJh1mVe3SZZ3uKEJBncG",17147784296,"https://media.birdweather.com/soundscapes/19267/19267-20260920-160319.flac",1.5,4.5,"live"
11265781821,19267,"2026-09-20T10:01:34.000-06:00",0.844137251377106,0.031621266156435,5.22409038319521,"almost_certain","BirdNET",NA,10.2198,-83.7874,FALSE,242,"Barn Owl","Tyto alba","#c57e94","avian","https://media.birdweather.com/species/242/BarnOwl-standard-8bec9306e3928726cbb18b498dd33c03.jpg","https://media.birdweather.com/species/242/BarnOwl-thumbnail-f2dc3ee81bc91e5f2214d7a2b7be6eef.jpg","https://media.birdweather.com/species/242/BarnOwl-png200-fe95e07244e391ae77d98d1c722d7699.png","4PgFFwKCFGWPgIlpq2aJdXiHiQRFCWME",17147732712,"https://media.birdweather.com/soundscapes/19267/19267-20260920-160134.flac",0,3,"live"
11265765223,19267,"2026-09-20T10:00:45.500-06:00",0.717396259307861,0.779327809810638,8.89213521213989,"almost_certain","BirdNET",NA,10.2198,-83.7874,FALSE,547,"Clay-colored Thrush","Turdus grayi","#6a35aa","avian","https://media.birdweather.com/species/547/Clay-coloredThrush-standard-6bfc97468790235aef16f793d0f164d2.jpg","https://media.birdweather.com/species/547/Clay-coloredThrush-thumbnail-a430288208e6c65f3790075ad1f1192e.jpg","https://media.birdweather.com/species/547/Clay-coloredThrush-png200-1247890112c02c6395175d20c306cf45.png","m/gFDwZ7toiKZoh0hQl26Wx8OeevSGcA",17147705659,"https://media.birdweather.com/soundscapes/19267/19267-20260920-160041.flac",4.5,7.5,"live"
11265765218,19267,"2026-09-20T10:00:42.500-06:00",0.85085916519165,0.779327809810638,9.27223232106944,"almost_certain","BirdNET",NA,10.2198,-83.7874,FALSE,547,"Clay-colored Thrush","Turdus grayi","#6a35aa","avian","https://media.birdweather.com/species/547/Clay-coloredThrush-standard-6bfc97468790235aef16f793d0f164d2.jpg","https://media.birdweather.com/species/547/Clay-coloredThrush-thumbnail-a430288208e6c65f3790075ad1f1192e.jpg","https://media.birdweather.com/species/547/Clay-coloredThrush-png200-1247890112c02c6395175d20c306cf45.png","m/gFDwZ7toiKZoh0hQl26Wx8OeevSGcA",17147705659,"https://media.birdweather.com/soundscapes/19267/19267-20260920-160041.flac",1.5,4.5,"live"
11265765210,19267,"2026-09-20T10:00:41.000-06:00",0.739331007003784,0.779327809810638,8.96230263712605,"almost_certain","BirdNET",NA,10.2198,-83.7874,FALSE,547,"Clay-colored Thrush","Turdus grayi","#6a35aa","avian","https://media.birdweather.com/species/547/Clay-coloredThrush-standard-6bfc97468790235aef16f793d0f164d2.jpg","https://media.birdweather.com/species/547/Clay-coloredThrush-thumbnail-a430288208e6c65f3790075ad1f1192e.jpg","https://media.birdweather.com/species/547/Clay-coloredThrush-png200-1247890112c02c6395175d20c306cf45.png","m/gFDwZ7toiKZoh0hQl26Wx8OeevSGcA",17147705659,"https://media.birdweather.com/soundscapes/19267/19267-20260920-160041.flac",0,3,"live"
11265761444,19267,"2026-09-20T10:00:34.000-06:00",0.845697581768036,0.779327809810638,9.25933481888991,"almost_certain","BirdNET",NA,10.2198,-83.7874,FALSE,547,"Clay-colored Thrush","Turdus grayi","#6a35aa","avian","https://media.birdweather.com/species/547/Clay-coloredThrush-standard-6bfc97468790235aef16f793d0f164d2.jpg","https://media.birdweather.com/species/547/Clay-coloredThrush-thumbnail-a430288208e6c65f3790075ad1f1192e.jpg","https://media.birdweather.com/species/547/Clay-coloredThrush-png200-1247890112c02c6395175d20c306cf45.png","m/gFDwZ7toiKZoh0hQl26Wx8OeevSGcA",17147699493,"https://media.birdweather.com/soundscapes/19267/19267-20260920-160028.flac",6,9,"live"
11265761443,19267,"2026-09-20T10:00:32.500-06:00",0.786676824092865,0.779327809810638,9.10251825453973,"almost_certain","BirdNET",NA,10.2198,-83.7874,FALSE,547,"Clay-colored Thrush","Turdus grayi","#6a35aa","avian","https://media.birdweather.com/species/547/Clay-coloredThrush-standard-6bfc97468790235aef16f793d0f164d2.jpg","https://media.birdweather.com/species/547/Clay-coloredThrush-thumbnail-a430288208e6c65f3790075ad1f1192e.jpg","https://media.birdweather.com/species/547/Clay-coloredThrush-png200-1247890112c02c6395175d20c306cf45.png","m/gFDwZ7toiKZoh0hQl26Wx8OeevSGcA",17147699493,"https://media.birdweather.com/soundscapes/19267/19267-20260920-160028.flac",4.5,7.5,"live"
11265761439,19267,"2026-09-20T10:00:28.000-06:00",0.91630494594574,0.779327809810638,9.42603222725032,"almost_certain","BirdNET",NA,10.2198,-83.7874,FALSE,547,"Clay-colored Thrush","Turdus grayi","#6a35aa","avian","https://media.birdweather.com/species/547/Clay-coloredThrush-standard-6bfc97468790235aef16f793d0f164d2.jpg","https://media.birdweather.com/species/547/Clay-coloredThrush-thumbnail-a430288208e6c65f3790075ad1f1192e.jpg","https://media.birdweather.com/species/547/Clay-coloredThrush-png200-1247890112c02c6395175d20c306cf45.png","m/gFDwZ7toiKZoh0hQl26Wx8OeevSGcA",17147699493,"https://media.birdweather.com/soundscapes/19267/19267-20260920-160028.flac",0,3,"live"
11265605604,19267,"2026-09-20T09:51:54.000-06:00",0.894175887107849,0.371569097042084,8.38009715476202,"almost_certain","BirdNET",NA,10.2198,-83.7874,FALSE,321,"Palm Tanager","Thraupis palmarum","#008efd","avian","https://media.birdweather.com/species/321/PalmTanager-standard-cbade2e4973d8cb57c4014568207591d.jpg","https://media.birdweather.com/species/321/PalmTanager-thumbnail-66ffacacc3b9c5f5dad0cf97c949e40f.jpg","https://media.birdweather.com/species/321/PalmTanager-png200-100c123f8e9a99aad801e3e79a865873.png","lvkJHwR/d2lneYlEp0hrx2iL+XtlNZgA",17147443655,"https://media.birdweather.com/soundscapes/19267/19267-20260920-155154.flac",0,3,"live"
11265580452,19267,"2026-09-20T09:50:38.500-06:00",0.771103382110596,0.284731894731522,7.70835374202341,"almost_certain","BirdNET",NA,10.2198,-83.7874,FALSE,1707,"Black-bellied Whistling-Duck","Dendrocygna autumnalis","#b5ce98","avian","https://media.birdweather.com/species/1707/Black-belliedWhistling-Duck-standard-3c67052236bdaf7c7be1cb0cf74b99fa.jpg","https://media.birdweather.com/species/1707/Black-belliedWhistling-Duck-thumbnail-8d15772c1f15cb725f3a99aadfd35f15.jpg","https://media.birdweather.com/species/1707/Black-belliedWhistling-Duck-png200-4aa6c27c6ac4d0e05e9c4c47f8027480.png","4BgGNwaSV7qJimafhqlJNXdGbvloh48F",17147403857,"https://media.birdweather.com/soundscapes/19267/19267-20260920-155034.flac",4.5,7.5,"live"
11265429989,19267,"2026-09-20T09:42:36.500-06:00",0.804156482219696,0.371572196483612,8.15503278969088,"almost_certain","BirdNET",NA,10.2198,-83.7874,FALSE,321,"Palm Tanager","Thraupis palmarum","#008efd","avian","https://media.birdweather.com/species/321/PalmTanager-standard-cbade2e4973d8cb57c4014568207591d.jpg","https://media.birdweather.com/species/321/PalmTanager-thumbnail-66ffacacc3b9c5f5dad0cf97c949e40f.jpg","https://media.birdweather.com/species/321/PalmTanager-png200-100c123f8e9a99aad801e3e79a865873.png","lvkJHwR/d2lneYlEp0hrx2iL+XtlNZgA",17147163803,"https://media.birdweather.com/soundscapes/19267/19267-20260920-154232.flac",4.5,7.5,"live"
11265421756,19267,"2026-09-20T09:42:09.000-06:00",0.716919183731079,0.371572196483612,7.89474059668697,"almost_certain","BirdNET",NA,10.2198,-83.7874,FALSE,321,"Palm Tanager","Thraupis palmarum","#008efd","avian","https://media.birdweather.com/species/321/PalmTanager-standard-cbade2e4973d8cb57c4014568207591d.jpg","https://media.birdweather.com/species/321/PalmTanager-thumbnail-66ffacacc3b9c5f5dad0cf97c949e40f.jpg","https://media.birdweather.com/species/321/PalmTanager-png200-100c123f8e9a99aad801e3e79a865873.png","lvkJHwR/d2lneYlEp0hrx2iL+XtlNZgA",17147151246,"https://media.birdweather.com/soundscapes/19267/19267-20260920-154206.flac",3,6,"live"
11265421752,19267,"2026-09-20T09:42:07.500-06:00",0.7083939909935,0.371572196483612,7.86643636056831,"almost_certain","BirdNET",NA,10.2198,-83.7874,FALSE,321,"Palm Tanager","Thraupis palmarum","#008efd","avian","https://media.birdweather.com/species/321/PalmTanager-standard-cbade2e4973d8cb57c4014568207591d.jpg","https://media.birdweather.com/species/321/PalmTanager-thumbnail-66ffacacc3b9c5f5dad0cf97c949e40f.jpg","https://media.birdweather.com/species/321/PalmTanager-png200-100c123f8e9a99aad801e3e79a865873.png","lvkJHwR/d2lneYlEp0hrx2iL+XtlNZgA",17147151246,"https://media.birdweather.com/soundscapes/19267/19267-20260920-154206.flac",1.5,4.5,"live"
11265421746,19267,"2026-09-20T09:42:06.000-06:00",0.716177761554718,0.371572196483612,7.89230210821206,"almost_certain","BirdNET",NA,10.2198,-83.7874,FALSE,321,"Palm Tanager","Thraupis palmarum","#008efd","avian","https://media.birdweather.com/species/321/PalmTanager-standard-cbade2e4973d8cb57c4014568207591d.jpg","https://media.birdweather.com/species/321/PalmTanager-thumbnail-66ffacacc3b9c5f5dad0cf97c949e40f.jpg","https://media.birdweather.com/species/321/PalmTanager-png200-100c123f8e9a99aad801e3e79a865873.png","lvkJHwR/d2lneYlEp0hrx2iL+XtlNZgA",17147151246,"https://media.birdweather.com/soundscapes/19267/19267-20260920-154206.flac",0,3,"live"
11265306043,19267,"2026-09-20T09:35:56.000-06:00",0.940660297870636,0.9621502161026,9.76454018835183,"almost_certain","BirdNET",NA,10.2198,-83.7874,FALSE,115,"Tropical Kingbird","Tyrannus melancholicus","#00b3a1","avian","https://media.birdweather.com/species/115/TropicalKingbird-standard-712bd41627c48fa23dafd70e7c83c2e4.jpg","https://media.birdweather.com/species/115/TropicalKingbird-thumbnail-d19e465885b300e6a764cb58df2c377e.jpg","https://media.birdweather.com/species/115/TropicalKingbird-png200-7879336d61c20ea19f905a307c05d2d1.png","G/kFDwLXdWqfdmeOkkq2uXmK16/aGV8M",17146965209,"https://media.birdweather.com/soundscapes/19267/19267-20260920-153553.flac",3,6,"live"
11265302127,19267,"2026-09-20T09:35:46.000-06:00",0.958210825920105,0.9621502161026,9.80156570452879,"almost_certain","BirdNET",NA,10.2198,-83.7874,FALSE,115,"Tropical Kingbird","Tyrannus melancholicus","#00b3a1","avian","https://media.birdweather.com/species/115/TropicalKingbird-standard-712bd41627c48fa23dafd70e7c83c2e4.jpg","https://media.birdweather.com/species/115/TropicalKingbird-thumbnail-d19e465885b300e6a764cb58df2c377e.jpg","https://media.birdweather.com/species/115/TropicalKingbird-png200-7879336d61c20ea19f905a307c05d2d1.png","G/kFDwLXdWqfdmeOkkq2uXmK16/aGV8M",17146958920,"https://media.birdweather.com/soundscapes/19267/19267-20260920-153540.flac",6,9,"live"
11265298091,19267,"2026-09-20T09:35:31.500-06:00",0.759730517864227,0.9621502161026,9.30989353256558,"almost_certain","BirdNET",NA,10.2198,-83.7874,FALSE,115,"Tropical Kingbird","Tyrannus melancholicus","#00b3a1","avian","https://media.birdweather.com/species/115/TropicalKingbird-standard-712bd41627c48fa23dafd70e7c83c2e4.jpg","https://media.birdweather.com/species/115/TropicalKingbird-thumbnail-d19e465885b300e6a764cb58df2c377e.jpg","https://media.birdweather.com/species/115/TropicalKingbird-png200-7879336d61c20ea19f905a307c05d2d1.png","G/kFDwLXdWqfdmeOkkq2uXmK16/aGV8M",17146952526,"https://media.birdweather.com/soundscapes/19267/19267-20260920-153527.flac",4.5,7.5,"live"
11265285698,19267,"2026-09-20T09:34:51.500-06:00",0.989330530166626,0.9621502161026,9.86485367148959,"almost_certain","BirdNET",NA,10.2198,-83.7874,FALSE,115,"Tropical Kingbird","Tyrannus melancholicus","#00b3a1","avian","https://media.birdweather.com/species/115/TropicalKingbird-standard-712bd41627c48fa23dafd70e7c83c2e4.jpg","https://media.birdweather.com/species/115/TropicalKingbird-thumbnail-d19e465885b300e6a764cb58df2c377e.jpg","https://media.birdweather.com/species/115/TropicalKingbird-png200-7879336d61c20ea19f905a307c05d2d1.png","G/kFDwLXdWqfdmeOkkq2uXmK16/aGV8M",17146932538,"https://media.birdweather.com/soundscapes/19267/19267-20260920-153447.flac",4.5,7.5,"live"
11265285697,19267,"2026-09-20T09:34:50.000-06:00",0.757911205291748,0.9621502161026,9.3044612131165,"almost_certain","BirdNET",NA,10.2198,-83.7874,FALSE,115,"Tropical Kingbird","Tyrannus melancholicus","#00b3a1","avian","https://media.birdweather.com/species/115/TropicalKingbird-standard-712bd41627c48fa23dafd70e7c83c2e4.jpg","https://media.birdweather.com/species/115/TropicalKingbird-thumbnail-d19e465885b300e6a764cb58df2c377e.jpg","https://media.birdweather.com/species/115/TropicalKingbird-png200-7879336d61c20ea19f905a307c05d2d1.png","G/kFDwLXdWqfdmeOkkq2uXmK16/aGV8M",17146932538,"https://media.birdweather.com/soundscapes/19267/19267-20260920-153447.flac",3,6,"live"
11265251954,19267,"2026-09-20T09:33:01.000-06:00",0.950624942779541,0.761461913585663,9.46890920292274,"almost_certain","BirdNET",NA,10.2198,-83.7874,FALSE,229,"Great Kiskadee","Pitangus sulphuratus","#7d4410","avian","https://media.birdweather.com/species/229/GreatKiskadee-standard-cd28a1b8e8b8e5aed433e809c229004e.jpg","https://media.birdweather.com/species/229/GreatKiskadee-thumbnail-b2749ed2442fb322cf3c4cb72f9c97f6.jpg","https://media.birdweather.com/species/229/GreatKiskadee-png200-003973af4f863deb00a4ce9b6f10e59c.png","0PgFDwIrhYqfZJh1mVe3SZZ3uKEJBncG",17146878386,"https://media.birdweather.com/soundscapes/19267/19267-20260920-153258.flac",3,6,"live"
11265251950,19267,"2026-09-20T09:32:59.500-06:00",0.951382637023926,0.761461913585663,9.47050372702243,"almost_certain","BirdNET",NA,10.2198,-83.7874,FALSE,229,"Great Kiskadee","Pitangus sulphuratus","#7d4410","avian","https://media.birdweather.com/species/229/GreatKiskadee-standard-cd28a1b8e8b8e5aed433e809c229004e.jpg","https://media.birdweather.com/species/229/GreatKiskadee-thumbnail-b2749ed2442fb322cf3c4cb72f9c97f6.jpg","https://media.birdweather.com/species/229/GreatKiskadee-png200-003973af4f863deb00a4ce9b6f10e59c.png","0PgFDwIrhYqfZJh1mVe3SZZ3uKEJBncG",17146878386,"https://media.birdweather.com/soundscapes/19267/19267-20260920-153258.flac",1.5,4.5,"live"
11265251949,19267,"2026-09-20T09:32:58.000-06:00",0.930750966072083,0.761461913585663,9.42640874470197,"almost_certain","BirdNET",NA,10.2198,-83.7874,FALSE,229,"Great Kiskadee","Pitangus sulphuratus","#7d4410","avian","https://media.birdweather.com/species/229/GreatKiskadee-standard-cd28a1b8e8b8e5aed433e809c229004e.jpg","https://media.birdweather.com/species/229/GreatKiskadee-thumbnail-b2749ed2442fb322cf3c4cb72f9c97f6.jpg","https://media.birdweather.com/species/229/GreatKiskadee-png200-003973af4f863deb00a4ce9b6f10e59c.png","0PgFDwIrhYqfZJh1mVe3SZZ3uKEJBncG",17146878386,"https://media.birdweather.com/soundscapes/19267/19267-20260920-153258.flac",0,3,"live"
11265247950,19267,"2026-09-20T09:32:52.000-06:00",0.844785988330841,0.761461913585663,9.22567897022114,"almost_certain","BirdNET",NA,10.2198,-83.7874,FALSE,229,"Great Kiskadee","Pitangus sulphuratus","#7d4410","avian","https://media.birdweather.com/species/229/GreatKiskadee-standard-cd28a1b8e8b8e5aed433e809c229004e.jpg","https://media.birdweather.com/species/229/GreatKiskadee-thumbnail-b2749ed2442fb322cf3c4cb72f9c97f6.jpg","https://media.birdweather.com/species/229/GreatKiskadee-png200-003973af4f863deb00a4ce9b6f10e59c.png","0PgFDwIrhYqfZJh1mVe3SZZ3uKEJBncG",17146872016,"https://media.birdweather.com/soundscapes/19267/19267-20260920-153246.flac",6,9,"live"
11265247947,19267,"2026-09-20T09:32:50.500-06:00",0.900409936904907,0.761461913585663,9.35886984210689,"almost_certain","BirdNET",NA,10.2198,-83.7874,FALSE,229,"Great Kiskadee","Pitangus sulphuratus","#7d4410","avian","https://media.birdweather.com/species/229/GreatKiskadee-standard-cd28a1b8e8b8e5aed433e809c229004e.jpg","https://media.birdweather.com/species/229/GreatKiskadee-thumbnail-b2749ed2442fb322cf3c4cb72f9c97f6.jpg","https://media.birdweather.com/species/229/GreatKiskadee-png200-003973af4f863deb00a4ce9b6f10e59c.png","0PgFDwIrhYqfZJh1mVe3SZZ3uKEJBncG",17146872016,"https://media.birdweather.com/soundscapes/19267/19267-20260920-153246.flac",4.5,7.5,"live"
11265236078,19267,"2026-09-20T09:32:11.500-06:00",0.963495910167694,0.9621502161026,9.81252215018011,"almost_certain","BirdNET",NA,10.2198,-83.7874,FALSE,115,"Tropical Kingbird","Tyrannus melancholicus","#00b3a1","avian","https://media.birdweather.com/species/115/TropicalKingbird-standard-712bd41627c48fa23dafd70e7c83c2e4.jpg","https://media.birdweather.com/species/115/TropicalKingbird-thumbnail-d19e465885b300e6a764cb58df2c377e.jpg","https://media.birdweather.com/species/115/TropicalKingbird-png200-7879336d61c20ea19f905a307c05d2d1.png","G/kFDwLXdWqfdmeOkkq2uXmK16/aGV8M",17146852826,"https://media.birdweather.com/soundscapes/19267/19267-20260920-153207.flac",4.5,7.5,"live"
11265223837,19267,"2026-09-20T09:31:30.500-06:00",0.916357636451721,0.779327869415283,9.42614945276785,"almost_certain","BirdNET",NA,10.2198,-83.7874,FALSE,547,"Clay-colored Thrush","Turdus grayi","#6a35aa","avian","https://media.birdweather.com/species/547/Clay-coloredThrush-standard-6bfc97468790235aef16f793d0f164d2.jpg","https://media.birdweather.com/species/547/Clay-coloredThrush-thumbnail-a430288208e6c65f3790075ad1f1192e.jpg","https://media.birdweather.com/species/547/Clay-coloredThrush-png200-1247890112c02c6395175d20c306cf45.png","m/gFDwZ7toiKZoh0hQl26Wx8OeevSGcA",17146832857,"https://media.birdweather.com/soundscapes/19267/19267-20260920-153126.flac",4.5,7.5,"live"
11265223835,19267,"2026-09-20T09:31:29.000-06:00",0.87136048078537,0.779327869415283,9.32229379646373,"almost_certain","BirdNET",NA,10.2198,-83.7874,FALSE,547,"Clay-colored Thrush","Turdus grayi","#6a35aa","avian","https://media.birdweather.com/species/547/Clay-coloredThrush-standard-6bfc97468790235aef16f793d0f164d2.jpg","https://media.birdweather.com/species/547/Clay-coloredThrush-thumbnail-a430288208e6c65f3790075ad1f1192e.jpg","https://media.birdweather.com/species/547/Clay-coloredThrush-png200-1247890112c02c6395175d20c306cf45.png","m/gFDwZ7toiKZoh0hQl26Wx8OeevSGcA",17146832857,"https://media.birdweather.com/soundscapes/19267/19267-20260920-153126.flac",3,6,"live"
11265223832,19267,"2026-09-20T09:31:26.000-06:00",0.988425493240356,0.779327869415283,9.57764367263561,"almost_certain","BirdNET",NA,10.2198,-83.7874,FALSE,547,"Clay-colored Thrush","Turdus grayi","#6a35aa","avian","https://media.birdweather.com/species/547/Clay-coloredThrush-standard-6bfc97468790235aef16f793d0f164d2.jpg","https://media.birdweather.com/species/547/Clay-coloredThrush-thumbnail-a430288208e6c65f3790075ad1f1192e.jpg","https://media.birdweather.com/species/547/Clay-coloredThrush-png200-1247890112c02c6395175d20c306cf45.png","m/gFDwZ7toiKZoh0hQl26Wx8OeevSGcA",17146832857,"https://media.birdweather.com/soundscapes/19267/19267-20260920-153126.flac",0,3,"live"
11265219086,19267,"2026-09-20T09:31:14.000-06:00",0.725330591201782,0.779327869415283,8.91793336840512,"almost_certain","BirdNET",NA,10.2198,-83.7874,FALSE,547,"Clay-colored Thrush","Turdus grayi","#6a35aa","avian","https://media.birdweather.com/species/547/Clay-coloredThrush-standard-6bfc97468790235aef16f793d0f164d2.jpg","https://media.birdweather.com/species/547/Clay-coloredThrush-thumbnail-a430288208e6c65f3790075ad1f1192e.jpg","https://media.birdweather.com/species/547/Clay-coloredThrush-png200-1247890112c02c6395175d20c306cf45.png","m/gFDwZ7toiKZoh0hQl26Wx8OeevSGcA",17146825212,"https://media.birdweather.com/soundscapes/19267/19267-20260920-153111.flac",3,6,"live"
11265219080,19267,"2026-09-20T09:31:11.000-06:00",0.760923445224762,0.779327869415283,9.02803374527273,"almost_certain","BirdNET",NA,10.2198,-83.7874,FALSE,547,"Clay-colored Thrush","Turdus grayi","#6a35aa","avian","https://media.birdweather.com/species/547/Clay-coloredThrush-standard-6bfc97468790235aef16f793d0f164d2.jpg","https://media.birdweather.com/species/547/Clay-coloredThrush-thumbnail-a430288208e6c65f3790075ad1f1192e.jpg","https://media.birdweather.com/species/547/Clay-coloredThrush-png200-1247890112c02c6395175d20c306cf45.png","m/gFDwZ7toiKZoh0hQl26Wx8OeevSGcA",17146825212,"https://media.birdweather.com/soundscapes/19267/19267-20260920-153111.flac",0,3,"live"
11265215213,19267,"2026-09-20T09:31:03.000-06:00",0.773695290088654,0.779327869415283,9.06547899665351,"almost_certain","BirdNET",NA,10.2198,-83.7874,FALSE,547,"Clay-colored Thrush","Turdus grayi","#6a35aa","avian","https://media.birdweather.com/species/547/Clay-coloredThrush-standard-6bfc97468790235aef16f793d0f164d2.jpg","https://media.birdweather.com/species/547/Clay-coloredThrush-thumbnail-a430288208e6c65f3790075ad1f1192e.jpg","https://media.birdweather.com/species/547/Clay-coloredThrush-png200-1247890112c02c6395175d20c306cf45.png","m/gFDwZ7toiKZoh0hQl26Wx8OeevSGcA",17146818787,"https://media.birdweather.com/soundscapes/19267/19267-20260920-153057.flac",6,9,"live"
11265215209,19267,"2026-09-20T09:31:01.500-06:00",0.948478043079376,0.779327869415283,9.49574650965876,"almost_certain","BirdNET",NA,10.2198,-83.7874,FALSE,547,"Clay-colored Thrush","Turdus grayi","#6a35aa","avian","https://media.birdweather.com/species/547/Clay-coloredThrush-standard-6bfc97468790235aef16f793d0f164d2.jpg","https://media.birdweather.com/species/547/Clay-coloredThrush-thumbnail-a430288208e6c65f3790075ad1f1192e.jpg","https://media.birdweather.com/species/547/Clay-coloredThrush-png200-1247890112c02c6395175d20c306cf45.png","m/gFDwZ7toiKZoh0hQl26Wx8OeevSGcA",17146818787,"https://media.birdweather.com/soundscapes/19267/19267-20260920-153057.flac",4.5,7.5,"live"
11265215207,19267,"2026-09-20T09:31:00.000-06:00",0.962779581546783,0.779327869415283,9.52563214662177,"almost_certain","BirdNET",NA,10.2198,-83.7874,FALSE,547,"Clay-colored Thrush","Turdus grayi","#6a35aa","avian","https://media.birdweather.com/species/547/Clay-coloredThrush-standard-6bfc97468790235aef16f793d0f164d2.jpg","https://media.birdweather.com/species/547/Clay-coloredThrush-thumbnail-a430288208e6c65f3790075ad1f1192e.jpg","https://media.birdweather.com/species/547/Clay-coloredThrush-png200-1247890112c02c6395175d20c306cf45.png","m/gFDwZ7toiKZoh0hQl26Wx8OeevSGcA",17146818787,"https://media.birdweather.com/soundscapes/19267/19267-20260920-153057.flac",3,6,"live"
11265215203,19267,"2026-09-20T09:30:58.500-06:00",0.983330190181732,0.779327869415283,9.56746606246975,"almost_certain","BirdNET",NA,10.2198,-83.7874,FALSE,547,"Clay-colored Thrush","Turdus grayi","#6a35aa","avian","https://media.birdweather.com/species/547/Clay-coloredThrush-standard-6bfc97468790235aef16f793d0f164d2.jpg","https://media.birdweather.com/species/547/Clay-coloredThrush-thumbnail-a430288208e6c65f3790075ad1f1192e.jpg","https://media.birdweather.com/species/547/Clay-coloredThrush-png200-1247890112c02c6395175d20c306cf45.png","m/gFDwZ7toiKZoh0hQl26Wx8OeevSGcA",17146818787,"https://media.birdweather.com/soundscapes/19267/19267-20260920-153057.flac",1.5,4.5,"live"
11265210799,19267,"2026-09-20T09:30:51.000-06:00",0.958039164543152,0.779327869415283,9.51579824746052,"almost_certain","BirdNET",NA,10.2198,-83.7874,FALSE,547,"Clay-colored Thrush","Turdus grayi","#6a35aa","avian","https://media.birdweather.com/species/547/Clay-coloredThrush-standard-6bfc97468790235aef16f793d0f164d2.jpg","https://media.birdweather.com/species/547/Clay-coloredThrush-thumbnail-a430288208e6c65f3790075ad1f1192e.jpg","https://media.birdweather.com/species/547/Clay-coloredThrush-png200-1247890112c02c6395175d20c306cf45.png","m/gFDwZ7toiKZoh0hQl26Wx8OeevSGcA",17146811827,"https://media.birdweather.com/soundscapes/19267/19267-20260920-153045.flac",6,9,"live"
11265210797,19267,"2026-09-20T09:30:48.000-06:00",0.958265483379364,0.779327869415283,9.51626934935802,"almost_certain","BirdNET",NA,10.2198,-83.7874,FALSE,547,"Clay-colored Thrush","Turdus grayi","#6a35aa","avian","https://media.birdweather.com/species/547/Clay-coloredThrush-standard-6bfc97468790235aef16f793d0f164d2.jpg","https://media.birdweather.com/species/547/Clay-coloredThrush-thumbnail-a430288208e6c65f3790075ad1f1192e.jpg","https://media.birdweather.com/species/547/Clay-coloredThrush-png200-1247890112c02c6395175d20c306cf45.png","m/gFDwZ7toiKZoh0hQl26Wx8OeevSGcA",17146811827,"https://media.birdweather.com/soundscapes/19267/19267-20260920-153045.flac",3,6,"live"
11265210793,19267,"2026-09-20T09:30:46.500-06:00",0.777180194854736,0.779327869415283,9.07552098633822,"almost_certain","BirdNET",NA,10.2198,-83.7874,FALSE,547,"Clay-colored Thrush","Turdus grayi","#6a35aa","avian","https://media.birdweather.com/species/547/Clay-coloredThrush-standard-6bfc97468790235aef16f793d0f164d2.jpg","https://media.birdweather.com/species/547/Clay-coloredThrush-thumbnail-a430288208e6c65f3790075ad1f1192e.jpg","https://media.birdweather.com/species/547/Clay-coloredThrush-png200-1247890112c02c6395175d20c306cf45.png","m/gFDwZ7toiKZoh0hQl26Wx8OeevSGcA",17146811827,"https://media.birdweather.com/soundscapes/19267/19267-20260920-153045.flac",1.5,4.5,"live"
11265210789,19267,"2026-09-20T09:30:45.000-06:00",0.760560750961304,0.779327869415283,9.02695528691468,"almost_certain","BirdNET",NA,10.2198,-83.7874,FALSE,547,"Clay-colored Thrush","Turdus grayi","#6a35aa","avian","https://media.birdweather.com/species/547/Clay-coloredThrush-standard-6bfc97468790235aef16f793d0f164d2.jpg","https://media.birdweather.com/species/547/Clay-coloredThrush-thumbnail-a430288208e6c65f3790075ad1f1192e.jpg","https://media.birdweather.com/species/547/Clay-coloredThrush-png200-1247890112c02c6395175d20c306cf45.png","m/gFDwZ7toiKZoh0hQl26Wx8OeevSGcA",17146811827,"https://media.birdweather.com/soundscapes/19267/19267-20260920-153045.flac",0,3,"live"
11265103138,19267,"2026-09-20T09:25:00.500-06:00",0.873615682125092,0.761460304260254,9.29632234492476,"almost_certain","BirdNET",NA,10.2198,-83.7874,FALSE,229,"Great Kiskadee","Pitangus sulphuratus","#7d4410","avian","https://media.birdweather.com/species/229/GreatKiskadee-standard-cd28a1b8e8b8e5aed433e809c229004e.jpg","https://media.birdweather.com/species/229/GreatKiskadee-thumbnail-b2749ed2442fb322cf3c4cb72f9c97f6.jpg","https://media.birdweather.com/species/229/GreatKiskadee-png200-003973af4f863deb00a4ce9b6f10e59c.png","0PgFDwIrhYqfZJh1mVe3SZZ3uKEJBncG",17146639935,"https://media.birdweather.com/soundscapes/19267/19267-20260920-152459.flac",1.5,4.5,"live"
11265103130,19267,"2026-09-20T09:24:59.000-06:00",0.827635765075684,0.761460304260254,9.18185415684899,"almost_certain","BirdNET",NA,10.2198,-83.7874,FALSE,229,"Great Kiskadee","Pitangus sulphuratus","#7d4410","avian","https://media.birdweather.com/species/229/GreatKiskadee-standard-cd28a1b8e8b8e5aed433e809c229004e.jpg","https://media.birdweather.com/species/229/GreatKiskadee-thumbnail-b2749ed2442fb322cf3c4cb72f9c97f6.jpg","https://media.birdweather.com/species/229/GreatKiskadee-png200-003973af4f863deb00a4ce9b6f10e59c.png","0PgFDwIrhYqfZJh1mVe3SZZ3uKEJBncG",17146639935,"https://media.birdweather.com/soundscapes/19267/19267-20260920-152459.flac",0,3,"live"
11265064564,19267,"2026-09-20T09:23:02.000-06:00",0.815114259719849,0.761460304260254,9.1489502267894,"almost_certain","BirdNET",NA,10.2198,-83.7874,FALSE,229,"Great Kiskadee","Pitangus sulphuratus","#7d4410","avian","https://media.birdweather.com/species/229/GreatKiskadee-standard-cd28a1b8e8b8e5aed433e809c229004e.jpg","https://media.birdweather.com/species/229/GreatKiskadee-thumbnail-b2749ed2442fb322cf3c4cb72f9c97f6.jpg","https://media.birdweather.com/species/229/GreatKiskadee-png200-003973af4f863deb00a4ce9b6f10e59c.png","0PgFDwIrhYqfZJh1mVe3SZZ3uKEJBncG",17146578540,"https://media.birdweather.com/soundscapes/19267/19267-20260920-152256.flac",6,9,"live"
11265047675,19267,"2026-09-20T09:22:03.000-06:00",0.800169229507446,0.761458992958069,9.10861203010693,"almost_certain","BirdNET",NA,10.2198,-83.7874,FALSE,229,"Great Kiskadee","Pitangus sulphuratus","#7d4410","avian","https://media.birdweather.com/species/229/GreatKiskadee-standard-cd28a1b8e8b8e5aed433e809c229004e.jpg","https://media.birdweather.com/species/229/GreatKiskadee-thumbnail-b2749ed2442fb322cf3c4cb72f9c97f6.jpg","https://media.birdweather.com/species/229/GreatKiskadee-png200-003973af4f863deb00a4ce9b6f10e59c.png","0PgFDwIrhYqfZJh1mVe3SZZ3uKEJBncG",17146551723,"https://media.birdweather.com/soundscapes/19267/19267-20260920-152203.flac",0,3,"live"
11265043405,19267,"2026-09-20T09:21:54.000-06:00",0.883921325206757,0.761458992958069,9.32071509646889,"almost_certain","BirdNET",NA,10.2198,-83.7874,FALSE,229,"Great Kiskadee","Pitangus sulphuratus","#7d4410","avian","https://media.birdweather.com/species/229/GreatKiskadee-standard-cd28a1b8e8b8e5aed433e809c229004e.jpg","https://media.birdweather.com/species/229/GreatKiskadee-thumbnail-b2749ed2442fb322cf3c4cb72f9c97f6.jpg","https://media.birdweather.com/species/229/GreatKiskadee-png200-003973af4f863deb00a4ce9b6f10e59c.png","0PgFDwIrhYqfZJh1mVe3SZZ3uKEJBncG",17146544849,"https://media.birdweather.com/soundscapes/19267/19267-20260920-152148.flac",6,9,"live"
11265043403,19267,"2026-09-20T09:21:52.500-06:00",0.977131426334381,0.761458992958069,9.52361090170449,"almost_certain","BirdNET",NA,10.2198,-83.7874,FALSE,229,"Great Kiskadee","Pitangus sulphuratus","#7d4410","avian","https://media.birdweather.com/species/229/GreatKiskadee-standard-cd28a1b8e8b8e5aed433e809c229004e.jpg","https://media.birdweather.com/species/229/GreatKiskadee-thumbnail-b2749ed2442fb322cf3c4cb72f9c97f6.jpg","https://media.birdweather.com/species/229/GreatKiskadee-png200-003973af4f863deb00a4ce9b6f10e59c.png","0PgFDwIrhYqfZJh1mVe3SZZ3uKEJBncG",17146544849,"https://media.birdweather.com/soundscapes/19267/19267-20260920-152148.flac",4.5,7.5,"live"
11265043400,19267,"2026-09-20T09:21:51.000-06:00",0.96952211856842,0.761458992958069,9.50812828164998,"almost_certain","BirdNET",NA,10.2198,-83.7874,FALSE,229,"Great Kiskadee","Pitangus sulphuratus","#7d4410","avian","https://media.birdweather.com/species/229/GreatKiskadee-standard-cd28a1b8e8b8e5aed433e809c229004e.jpg","https://media.birdweather.com/species/229/GreatKiskadee-thumbnail-b2749ed2442fb322cf3c4cb72f9c97f6.jpg","https://media.birdweather.com/species/229/GreatKiskadee-png200-003973af4f863deb00a4ce9b6f10e59c.png","0PgFDwIrhYqfZJh1mVe3SZZ3uKEJBncG",17146544849,"https://media.birdweather.com/soundscapes/19267/19267-20260920-152148.flac",3,6,"live"
11265043396,19267,"2026-09-20T09:21:48.000-06:00",0.764864861965179,0.761458992958069,9.00832836404014,"almost_certain","BirdNET",NA,10.2198,-83.7874,FALSE,229,"Great Kiskadee","Pitangus sulphuratus","#7d4410","avian","https://media.birdweather.com/species/229/GreatKiskadee-standard-cd28a1b8e8b8e5aed433e809c229004e.jpg","https://media.birdweather.com/species/229/GreatKiskadee-thumbnail-b2749ed2442fb322cf3c4cb72f9c97f6.jpg","https://media.birdweather.com/species/229/GreatKiskadee-png200-003973af4f863deb00a4ce9b6f10e59c.png","0PgFDwIrhYqfZJh1mVe3SZZ3uKEJBncG",17146544849,"https://media.birdweather.com/soundscapes/19267/19267-20260920-152148.flac",0,3,"live"
11265039443,19267,"2026-09-20T09:21:39.500-06:00",0.857011020183563,0.761458992958069,9.25607680860139,"almost_certain","BirdNET",NA,10.2198,-83.7874,FALSE,229,"Great Kiskadee","Pitangus sulphuratus","#7d4410","avian","https://media.birdweather.com/species/229/GreatKiskadee-standard-cd28a1b8e8b8e5aed433e809c229004e.jpg","https://media.birdweather.com/species/229/GreatKiskadee-thumbnail-b2749ed2442fb322cf3c4cb72f9c97f6.jpg","https://media.birdweather.com/species/229/GreatKiskadee-png200-003973af4f863deb00a4ce9b6f10e59c.png","0PgFDwIrhYqfZJh1mVe3SZZ3uKEJBncG",17146538441,"https://media.birdweather.com/soundscapes/19267/19267-20260920-152135.flac",4.5,7.5,"live"
11265039438,19267,"2026-09-20T09:21:38.000-06:00",0.988389849662781,0.761458992958069,9.54620211245391,"almost_certain","BirdNET",NA,10.2198,-83.7874,FALSE,229,"Great Kiskadee","Pitangus sulphuratus","#7d4410","avian","https://media.birdweather.com/species/229/GreatKiskadee-standard-cd28a1b8e8b8e5aed433e809c229004e.jpg","https://media.birdweather.com/species/229/GreatKiskadee-thumbnail-b2749ed2442fb322cf3c4cb72f9c97f6.jpg","https://media.birdweather.com/species/229/GreatKiskadee-png200-003973af4f863deb00a4ce9b6f10e59c.png","0PgFDwIrhYqfZJh1mVe3SZZ3uKEJBncG",17146538441,"https://media.birdweather.com/soundscapes/19267/19267-20260920-152135.flac",3,6,"live"
11265039434,19267,"2026-09-20T09:21:36.500-06:00",0.944594144821167,0.761458992958069,9.45614593856738,"almost_certain","BirdNET",NA,10.2198,-83.7874,FALSE,229,"Great Kiskadee","Pitangus sulphuratus","#7d4410","avian","https://media.birdweather.com/species/229/GreatKiskadee-standard-cd28a1b8e8b8e5aed433e809c229004e.jpg","https://media.birdweather.com/species/229/GreatKiskadee-thumbnail-b2749ed2442fb322cf3c4cb72f9c97f6.jpg","https://media.birdweather.com/species/229/GreatKiskadee-png200-003973af4f863deb00a4ce9b6f10e59c.png","0PgFDwIrhYqfZJh1mVe3SZZ3uKEJBncG",17146538441,"https://media.birdweather.com/soundscapes/19267/19267-20260920-152135.flac",1.5,4.5,"live"
11265039430,19267,"2026-09-20T09:21:35.000-06:00",0.965691983699799,0.761458992958069,9.50026841984388,"almost_certain","BirdNET",NA,10.2198,-83.7874,FALSE,229,"Great Kiskadee","Pitangus sulphuratus","#7d4410","avian","https://media.birdweather.com/species/229/GreatKiskadee-standard-cd28a1b8e8b8e5aed433e809c229004e.jpg","https://media.birdweather.com/species/229/GreatKiskadee-thumbnail-b2749ed2442fb322cf3c4cb72f9c97f6.jpg","https://media.birdweather.com/species/229/GreatKiskadee-png200-003973af4f863deb00a4ce9b6f10e59c.png","0PgFDwIrhYqfZJh1mVe3SZZ3uKEJBncG",17146538441,"https://media.birdweather.com/soundscapes/19267/19267-20260920-152135.flac",0,3,"live"
11265035374,19267,"2026-09-20T09:21:28.000-06:00",0.912943243980408,0.761458516120911,9.38716758982457,"almost_certain","BirdNET",NA,10.2198,-83.7874,FALSE,229,"Great Kiskadee","Pitangus sulphuratus","#7d4410","avian","https://media.birdweather.com/species/229/GreatKiskadee-standard-cd28a1b8e8b8e5aed433e809c229004e.jpg","https://media.birdweather.com/species/229/GreatKiskadee-thumbnail-b2749ed2442fb322cf3c4cb72f9c97f6.jpg","https://media.birdweather.com/species/229/GreatKiskadee-png200-003973af4f863deb00a4ce9b6f10e59c.png","0PgFDwIrhYqfZJh1mVe3SZZ3uKEJBncG",17146532001,"https://media.birdweather.com/soundscapes/19267/19267-20260920-152122.flac",6,9,"live"
11265035372,19267,"2026-09-20T09:21:26.500-06:00",0.982834339141846,0.761458516120911,9.5351001034712,"almost_certain","BirdNET",NA,10.2198,-83.7874,FALSE,229,"Great Kiskadee","Pitangus sulphuratus","#7d4410","avian","https://media.birdweather.com/species/229/GreatKiskadee-standard-cd28a1b8e8b8e5aed433e809c229004e.jpg","https://media.birdweather.com/species/229/GreatKiskadee-thumbnail-b2749ed2442fb322cf3c4cb72f9c97f6.jpg","https://media.birdweather.com/species/229/GreatKiskadee-png200-003973af4f863deb00a4ce9b6f10e59c.png","0PgFDwIrhYqfZJh1mVe3SZZ3uKEJBncG",17146532001,"https://media.birdweather.com/soundscapes/19267/19267-20260920-152122.flac",4.5,7.5,"live"
11265030892,19267,"2026-09-20T09:21:14.000-06:00",0.944784343242645,0.761458516120911,9.45654927385258,"almost_certain","BirdNET",NA,10.2198,-83.7874,FALSE,229,"Great Kiskadee","Pitangus sulphuratus","#7d4410","avian","https://media.birdweather.com/species/229/GreatKiskadee-standard-cd28a1b8e8b8e5aed433e809c229004e.jpg","https://media.birdweather.com/species/229/GreatKiskadee-thumbnail-b2749ed2442fb322cf3c4cb72f9c97f6.jpg","https://media.birdweather.com/species/229/GreatKiskadee-png200-003973af4f863deb00a4ce9b6f10e59c.png","0PgFDwIrhYqfZJh1mVe3SZZ3uKEJBncG",17146524840,"https://media.birdweather.com/soundscapes/19267/19267-20260920-152108.flac",6,9,"live"
11265030891,19267,"2026-09-20T09:21:12.500-06:00",0.835986614227295,0.761458516120911,9.20336406468023,"almost_certain","BirdNET",NA,10.2198,-83.7874,FALSE,229,"Great Kiskadee","Pitangus sulphuratus","#7d4410","avian","https://media.birdweather.com/species/229/GreatKiskadee-standard-cd28a1b8e8b8e5aed433e809c229004e.jpg","https://media.birdweather.com/species/229/GreatKiskadee-thumbnail-b2749ed2442fb322cf3c4cb72f9c97f6.jpg","https://media.birdweather.com/species/229/GreatKiskadee-png200-003973af4f863deb00a4ce9b6f10e59c.png","0PgFDwIrhYqfZJh1mVe3SZZ3uKEJBncG",17146524840,"https://media.birdweather.com/soundscapes/19267/19267-20260920-152108.flac",4.5,7.5,"live"
11265030882,19267,"2026-09-20T09:21:08.000-06:00",0.770991265773773,0.761458516120911,9.02626466135637,"almost_certain","BirdNET",NA,10.2198,-83.7874,FALSE,229,"Great Kiskadee","Pitangus sulphuratus","#7d4410","avian","https://media.birdweather.com/species/229/GreatKiskadee-standard-cd28a1b8e8b8e5aed433e809c229004e.jpg","https://media.birdweather.com/species/229/GreatKiskadee-thumbnail-b2749ed2442fb322cf3c4cb72f9c97f6.jpg","https://media.birdweather.com/species/229/GreatKiskadee-png200-003973af4f863deb00a4ce9b6f10e59c.png","0PgFDwIrhYqfZJh1mVe3SZZ3uKEJBncG",17146524840,"https://media.birdweather.com/soundscapes/19267/19267-20260920-152108.flac",0,3,"live"
11265027102,19267,"2026-09-20T09:21:00.500-06:00",0.959463000297546,0.761458516120911,9.48738791713496,"almost_certain","BirdNET",NA,10.2198,-83.7874,FALSE,229,"Great Kiskadee","Pitangus sulphuratus","#7d4410","avian","https://media.birdweather.com/species/229/GreatKiskadee-standard-cd28a1b8e8b8e5aed433e809c229004e.jpg","https://media.birdweather.com/species/229/GreatKiskadee-thumbnail-b2749ed2442fb322cf3c4cb72f9c97f6.jpg","https://media.birdweather.com/species/229/GreatKiskadee-png200-003973af4f863deb00a4ce9b6f10e59c.png","0PgFDwIrhYqfZJh1mVe3SZZ3uKEJBncG",17146518755,"https://media.birdweather.com/soundscapes/19267/19267-20260920-152056.flac",4.5,7.5,"live"
11265027098,19267,"2026-09-20T09:20:59.000-06:00",0.992702126502991,0.761458516120911,9.55475658068848,"almost_certain","BirdNET",NA,10.2198,-83.7874,FALSE,229,"Great Kiskadee","Pitangus sulphuratus","#7d4410","avian","https://media.birdweather.com/species/229/GreatKiskadee-standard-cd28a1b8e8b8e5aed433e809c229004e.jpg","https://media.birdweather.com/species/229/GreatKiskadee-thumbnail-b2749ed2442fb322cf3c4cb72f9c97f6.jpg","https://media.birdweather.com/species/229/GreatKiskadee-png200-003973af4f863deb00a4ce9b6f10e59c.png","0PgFDwIrhYqfZJh1mVe3SZZ3uKEJBncG",17146518755,"https://media.birdweather.com/soundscapes/19267/19267-20260920-152056.flac",3,6,"live"
11265027095,19267,"2026-09-20T09:20:57.500-06:00",0.796684324741364,0.761458516120911,9.09903236612552,"almost_certain","BirdNET",NA,10.2198,-83.7874,FALSE,229,"Great Kiskadee","Pitangus sulphuratus","#7d4410","avian","https://media.birdweather.com/species/229/GreatKiskadee-standard-cd28a1b8e8b8e5aed433e809c229004e.jpg","https://media.birdweather.com/species/229/GreatKiskadee-thumbnail-b2749ed2442fb322cf3c4cb72f9c97f6.jpg","https://media.birdweather.com/species/229/GreatKiskadee-png200-003973af4f863deb00a4ce9b6f10e59c.png","0PgFDwIrhYqfZJh1mVe3SZZ3uKEJBncG",17146518755,"https://media.birdweather.com/soundscapes/19267/19267-20260920-152056.flac",1.5,4.5,"live"
11265027087,19267,"2026-09-20T09:20:56.000-06:00",0.955998301506042,0.761458516120911,9.48017121176509,"almost_certain","BirdNET",NA,10.2198,-83.7874,FALSE,229,"Great Kiskadee","Pitangus sulphuratus","#7d4410","avian","https://media.birdweather.com/species/229/GreatKiskadee-standard-cd28a1b8e8b8e5aed433e809c229004e.jpg","https://media.birdweather.com/species/229/GreatKiskadee-thumbnail-b2749ed2442fb322cf3c4cb72f9c97f6.jpg","https://media.birdweather.com/species/229/GreatKiskadee-png200-003973af4f863deb00a4ce9b6f10e59c.png","0PgFDwIrhYqfZJh1mVe3SZZ3uKEJBncG",17146518755,"https://media.birdweather.com/soundscapes/19267/19267-20260920-152056.flac",0,3,"live"
11265022959,19267,"2026-09-20T09:20:49.000-06:00",0.844337821006775,0.761458516120911,9.22454544468038,"almost_certain","BirdNET",NA,10.2198,-83.7874,FALSE,229,"Great Kiskadee","Pitangus sulphuratus","#7d4410","avian","https://media.birdweather.com/species/229/GreatKiskadee-standard-cd28a1b8e8b8e5aed433e809c229004e.jpg","https://media.birdweather.com/species/229/GreatKiskadee-thumbnail-b2749ed2442fb322cf3c4cb72f9c97f6.jpg","https://media.birdweather.com/species/229/GreatKiskadee-png200-003973af4f863deb00a4ce9b6f10e59c.png","0PgFDwIrhYqfZJh1mVe3SZZ3uKEJBncG",17146512296,"https://media.birdweather.com/soundscapes/19267/19267-20260920-152043.flac",6,9,"live"
11265022957,19267,"2026-09-20T09:20:47.500-06:00",0.71901398897171,0.761458516120911,8.86606337720296,"almost_certain","BirdNET",NA,10.2198,-83.7874,FALSE,229,"Great Kiskadee","Pitangus sulphuratus","#7d4410","avian","https://media.birdweather.com/species/229/GreatKiskadee-standard-cd28a1b8e8b8e5aed433e809c229004e.jpg","https://media.birdweather.com/species/229/GreatKiskadee-thumbnail-b2749ed2442fb322cf3c4cb72f9c97f6.jpg","https://media.birdweather.com/species/229/GreatKiskadee-png200-003973af4f863deb00a4ce9b6f10e59c.png","0PgFDwIrhYqfZJh1mVe3SZZ3uKEJBncG",17146512296,"https://media.birdweather.com/soundscapes/19267/19267-20260920-152043.flac",4.5,7.5,"live"
11265022955,19267,"2026-09-20T09:20:46.000-06:00",0.968550264835358,0.761458516120911,9.50613734842245,"almost_certain","BirdNET",NA,10.2198,-83.7874,FALSE,229,"Great Kiskadee","Pitangus sulphuratus","#7d4410","avian","https://media.birdweather.com/species/229/GreatKiskadee-standard-cd28a1b8e8b8e5aed433e809c229004e.jpg","https://media.birdweather.com/species/229/GreatKiskadee-thumbnail-b2749ed2442fb322cf3c4cb72f9c97f6.jpg","https://media.birdweather.com/species/229/GreatKiskadee-png200-003973af4f863deb00a4ce9b6f10e59c.png","0PgFDwIrhYqfZJh1mVe3SZZ3uKEJBncG",17146512296,"https://media.birdweather.com/soundscapes/19267/19267-20260920-152043.flac",3,6,"live"
11265022949,19267,"2026-09-20T09:20:44.500-06:00",0.979514479637146,0.761458516120911,9.52842308146088,"almost_certain","BirdNET",NA,10.2198,-83.7874,FALSE,229,"Great Kiskadee","Pitangus sulphuratus","#7d4410","avian","https://media.birdweather.com/species/229/GreatKiskadee-standard-cd28a1b8e8b8e5aed433e809c229004e.jpg","https://media.birdweather.com/species/229/GreatKiskadee-thumbnail-b2749ed2442fb322cf3c4cb72f9c97f6.jpg","https://media.birdweather.com/species/229/GreatKiskadee-png200-003973af4f863deb00a4ce9b6f10e59c.png","0PgFDwIrhYqfZJh1mVe3SZZ3uKEJBncG",17146512296,"https://media.birdweather.com/soundscapes/19267/19267-20260920-152043.flac",1.5,4.5,"live"
11265018531,19267,"2026-09-20T09:20:35.000-06:00",0.733367264270782,0.761458516120911,8.91220668689071,"almost_certain","BirdNET",NA,10.2198,-83.7874,FALSE,229,"Great Kiskadee","Pitangus sulphuratus","#7d4410","avian","https://media.birdweather.com/species/229/GreatKiskadee-standard-cd28a1b8e8b8e5aed433e809c229004e.jpg","https://media.birdweather.com/species/229/GreatKiskadee-thumbnail-b2749ed2442fb322cf3c4cb72f9c97f6.jpg","https://media.birdweather.com/species/229/GreatKiskadee-png200-003973af4f863deb00a4ce9b6f10e59c.png","0PgFDwIrhYqfZJh1mVe3SZZ3uKEJBncG",17146505172,"https://media.birdweather.com/soundscapes/19267/19267-20260920-152029.flac",6,9,"live"
11265018527,19267,"2026-09-20T09:20:33.500-06:00",0.931426107883453,0.761458516120911,9.4278683445954,"almost_certain","BirdNET",NA,10.2198,-83.7874,FALSE,229,"Great Kiskadee","Pitangus sulphuratus","#7d4410","avian","https://media.birdweather.com/species/229/GreatKiskadee-standard-cd28a1b8e8b8e5aed433e809c229004e.jpg","https://media.birdweather.com/species/229/GreatKiskadee-thumbnail-b2749ed2442fb322cf3c4cb72f9c97f6.jpg","https://media.birdweather.com/species/229/GreatKiskadee-png200-003973af4f863deb00a4ce9b6f10e59c.png","0PgFDwIrhYqfZJh1mVe3SZZ3uKEJBncG",17146505172,"https://media.birdweather.com/soundscapes/19267/19267-20260920-152029.flac",4.5,7.5,"live"
11265018526,19267,"2026-09-20T09:20:32.000-06:00",0.963014781475067,0.761458516120911,9.49474675821291,"almost_certain","BirdNET",NA,10.2198,-83.7874,FALSE,229,"Great Kiskadee","Pitangus sulphuratus","#7d4410","avian","https://media.birdweather.com/species/229/GreatKiskadee-standard-cd28a1b8e8b8e5aed433e809c229004e.jpg","https://media.birdweather.com/species/229/GreatKiskadee-thumbnail-b2749ed2442fb322cf3c4cb72f9c97f6.jpg","https://media.birdweather.com/species/229/GreatKiskadee-png200-003973af4f863deb00a4ce9b6f10e59c.png","0PgFDwIrhYqfZJh1mVe3SZZ3uKEJBncG",17146505172,"https://media.birdweather.com/soundscapes/19267/19267-20260920-152029.flac",3,6,"live"
11265018523,19267,"2026-09-20T09:20:30.500-06:00",0.988676190376282,0.761458516120911,9.54677100853572,"almost_certain","BirdNET",NA,10.2198,-83.7874,FALSE,229,"Great Kiskadee","Pitangus sulphuratus","#7d4410","avian","https://media.birdweather.com/species/229/GreatKiskadee-standard-cd28a1b8e8b8e5aed433e809c229004e.jpg","https://media.birdweather.com/species/229/GreatKiskadee-thumbnail-b2749ed2442fb322cf3c4cb72f9c97f6.jpg","https://media.birdweather.com/species/229/GreatKiskadee-png200-003973af4f863deb00a4ce9b6f10e59c.png","0PgFDwIrhYqfZJh1mVe3SZZ3uKEJBncG",17146505172,"https://media.birdweather.com/soundscapes/19267/19267-20260920-152029.flac",1.5,4.5,"live"
11265018516,19267,"2026-09-20T09:20:29.000-06:00",0.945604383945465,0.761458516120911,9.45829054125586,"almost_certain","BirdNET",NA,10.2198,-83.7874,FALSE,229,"Great Kiskadee","Pitangus sulphuratus","#7d4410","avian","https://media.birdweather.com/species/229/GreatKiskadee-standard-cd28a1b8e8b8e5aed433e809c229004e.jpg","https://media.birdweather.com/species/229/GreatKiskadee-thumbnail-b2749ed2442fb322cf3c4cb72f9c97f6.jpg","https://media.birdweather.com/species/229/GreatKiskadee-png200-003973af4f863deb00a4ce9b6f10e59c.png","0PgFDwIrhYqfZJh1mVe3SZZ3uKEJBncG",17146505172,"https://media.birdweather.com/soundscapes/19267/19267-20260920-152029.flac",0,3,"live"
11265014850,19267,"2026-09-20T09:20:22.000-06:00",0.967747688293457,0.761458516120911,9.50449171244429,"almost_certain","BirdNET",NA,10.2198,-83.7874,FALSE,229,"Great Kiskadee","Pitangus sulphuratus","#7d4410","avian","https://media.birdweather.com/species/229/GreatKiskadee-standard-cd28a1b8e8b8e5aed433e809c229004e.jpg","https://media.birdweather.com/species/229/GreatKiskadee-thumbnail-b2749ed2442fb322cf3c4cb72f9c97f6.jpg","https://media.birdweather.com/species/229/GreatKiskadee-png200-003973af4f863deb00a4ce9b6f10e59c.png","0PgFDwIrhYqfZJh1mVe3SZZ3uKEJBncG",17146499104,"https://media.birdweather.com/soundscapes/19267/19267-20260920-152016.flac",6,9,"live"
11265014846,19267,"2026-09-20T09:20:20.500-06:00",0.883003354072571,0.761458516120911,9.3185588051363,"almost_certain","BirdNET",NA,10.2198,-83.7874,FALSE,229,"Great Kiskadee","Pitangus sulphuratus","#7d4410","avian","https://media.birdweather.com/species/229/GreatKiskadee-standard-cd28a1b8e8b8e5aed433e809c229004e.jpg","https://media.birdweather.com/species/229/GreatKiskadee-thumbnail-b2749ed2442fb322cf3c4cb72f9c97f6.jpg","https://media.birdweather.com/species/229/GreatKiskadee-png200-003973af4f863deb00a4ce9b6f10e59c.png","0PgFDwIrhYqfZJh1mVe3SZZ3uKEJBncG",17146499104,"https://media.birdweather.com/soundscapes/19267/19267-20260920-152016.flac",4.5,7.5,"live"
11265014840,19267,"2026-09-20T09:20:19.000-06:00",0.765118539333344,0.761458516120911,9.00907492414042,"almost_certain","BirdNET",NA,10.2198,-83.7874,FALSE,229,"Great Kiskadee","Pitangus sulphuratus","#7d4410","avian","https://media.birdweather.com/species/229/GreatKiskadee-standard-cd28a1b8e8b8e5aed433e809c229004e.jpg","https://media.birdweather.com/species/229/GreatKiskadee-thumbnail-b2749ed2442fb322cf3c4cb72f9c97f6.jpg","https://media.birdweather.com/species/229/GreatKiskadee-png200-003973af4f863deb00a4ce9b6f10e59c.png","0PgFDwIrhYqfZJh1mVe3SZZ3uKEJBncG",17146499104,"https://media.birdweather.com/soundscapes/19267/19267-20260920-152016.flac",3,6,"live"
11265010951,19267,"2026-09-20T09:20:09.000-06:00",0.94139564037323,0.761458516120911,9.44933016963302,"almost_certain","BirdNET",NA,10.2198,-83.7874,FALSE,229,"Great Kiskadee","Pitangus sulphuratus","#7d4410","avian","https://media.birdweather.com/species/229/GreatKiskadee-standard-cd28a1b8e8b8e5aed433e809c229004e.jpg","https://media.birdweather.com/species/229/GreatKiskadee-thumbnail-b2749ed2442fb322cf3c4cb72f9c97f6.jpg","https://media.birdweather.com/species/229/GreatKiskadee-png200-003973af4f863deb00a4ce9b6f10e59c.png","0PgFDwIrhYqfZJh1mVe3SZZ3uKEJBncG",17146492695,"https://media.birdweather.com/soundscapes/19267/19267-20260920-152003.flac",6,9,"live"
11264990242,19267,"2026-09-20T09:19:01.500-06:00",0.834922194480896,0.761458516120911,9.20064066653294,"almost_certain","BirdNET",NA,10.2198,-83.7874,FALSE,229,"Great Kiskadee","Pitangus sulphuratus","#7d4410","avian","https://media.birdweather.com/species/229/GreatKiskadee-standard-cd28a1b8e8b8e5aed433e809c229004e.jpg","https://media.birdweather.com/species/229/GreatKiskadee-thumbnail-b2749ed2442fb322cf3c4cb72f9c97f6.jpg","https://media.birdweather.com/species/229/GreatKiskadee-png200-003973af4f863deb00a4ce9b6f10e59c.png","0PgFDwIrhYqfZJh1mVe3SZZ3uKEJBncG",17146459512,"https://media.birdweather.com/soundscapes/19267/19267-20260920-151857.flac",4.5,7.5,"live"
11264982029,19267,"2026-09-20T09:18:36.000-06:00",0.800001502037048,0.0180921964347363,4.56962792380297,"almost_certain","BirdNET",NA,10.2198,-83.7874,FALSE,2903,"Elegant Trogon","Trogon elegans","#a7d386","avian","https://media.birdweather.com/species/2903/ElegantTrogon-standard-8d993978602b1f33c1ef58f7d21654d6.jpg","https://media.birdweather.com/species/2903/ElegantTrogon-thumbnail-e6ec32b8548c204871483a3a4e807182.jpg","https://media.birdweather.com/species/2903/ElegantTrogon-png200-90e9ed39fc804a3867485e5bc850c104.png","3AcGBwKWc2rQqmRmdaiHt3prWLAVB3gA",17146446184,"https://media.birdweather.com/soundscapes/19267/19267-20260920-151830.flac",6,9,"live"
11264977984,19267,"2026-09-20T09:18:24.000-06:00",0.873692989349365,0.761459052562714,9.29650474703246,"almost_certain","BirdNET",NA,10.2198,-83.7874,FALSE,229,"Great Kiskadee","Pitangus sulphuratus","#7d4410","avian","https://media.birdweather.com/species/229/GreatKiskadee-standard-cd28a1b8e8b8e5aed433e809c229004e.jpg","https://media.birdweather.com/species/229/GreatKiskadee-thumbnail-b2749ed2442fb322cf3c4cb72f9c97f6.jpg","https://media.birdweather.com/species/229/GreatKiskadee-png200-003973af4f863deb00a4ce9b6f10e59c.png","0PgFDwIrhYqfZJh1mVe3SZZ3uKEJBncG",17146439847,"https://media.birdweather.com/soundscapes/19267/19267-20260920-151818.flac",6,9,"live"
11264965122,19267,"2026-09-20T09:17:38.500-06:00",0.773701429367065,0.761456549167633,9.03412178655059,"almost_certain","BirdNET",NA,10.2198,-83.7874,FALSE,229,"Great Kiskadee","Pitangus sulphuratus","#7d4410","avian","https://media.birdweather.com/species/229/GreatKiskadee-standard-cd28a1b8e8b8e5aed433e809c229004e.jpg","https://media.birdweather.com/species/229/GreatKiskadee-thumbnail-b2749ed2442fb322cf3c4cb72f9c97f6.jpg","https://media.birdweather.com/species/229/GreatKiskadee-png200-003973af4f863deb00a4ce9b6f10e59c.png","0PgFDwIrhYqfZJh1mVe3SZZ3uKEJBncG",17146419431,"https://media.birdweather.com/soundscapes/19267/19267-20260920-151737.flac",1.5,4.5,"live"
11264965115,19267,"2026-09-20T09:17:37.000-06:00",0.974375009536743,0.761456549167633,9.51801828475471,"almost_certain","BirdNET",NA,10.2198,-83.7874,FALSE,229,"Great Kiskadee","Pitangus sulphuratus","#7d4410","avian","https://media.birdweather.com/species/229/GreatKiskadee-standard-cd28a1b8e8b8e5aed433e809c229004e.jpg","https://media.birdweather.com/species/229/GreatKiskadee-thumbnail-b2749ed2442fb322cf3c4cb72f9c97f6.jpg","https://media.birdweather.com/species/229/GreatKiskadee-png200-003973af4f863deb00a4ce9b6f10e59c.png","0PgFDwIrhYqfZJh1mVe3SZZ3uKEJBncG",17146419431,"https://media.birdweather.com/soundscapes/19267/19267-20260920-151737.flac",0,3,"live"
11264961290,19267,"2026-09-20T09:17:28.500-06:00",0.718580365180969,0.761456549167633,8.86464138213947,"almost_certain","BirdNET",NA,10.2198,-83.7874,FALSE,229,"Great Kiskadee","Pitangus sulphuratus","#7d4410","avian","https://media.birdweather.com/species/229/GreatKiskadee-standard-cd28a1b8e8b8e5aed433e809c229004e.jpg","https://media.birdweather.com/species/229/GreatKiskadee-thumbnail-b2749ed2442fb322cf3c4cb72f9c97f6.jpg","https://media.birdweather.com/species/229/GreatKiskadee-png200-003973af4f863deb00a4ce9b6f10e59c.png","0PgFDwIrhYqfZJh1mVe3SZZ3uKEJBncG",17146413312,"https://media.birdweather.com/soundscapes/19267/19267-20260920-151724.flac",4.5,7.5,"live"
11264956873,19267,"2026-09-20T09:17:09.000-06:00",0.892390966415405,0.761457920074463,9.3404419809942,"almost_certain","BirdNET",NA,10.2198,-83.7874,FALSE,229,"Great Kiskadee","Pitangus sulphuratus","#7d4410","avian","https://media.birdweather.com/species/229/GreatKiskadee-standard-cd28a1b8e8b8e5aed433e809c229004e.jpg","https://media.birdweather.com/species/229/GreatKiskadee-thumbnail-b2749ed2442fb322cf3c4cb72f9c97f6.jpg","https://media.birdweather.com/species/229/GreatKiskadee-png200-003973af4f863deb00a4ce9b6f10e59c.png","0PgFDwIrhYqfZJh1mVe3SZZ3uKEJBncG",17146406084,"https://media.birdweather.com/soundscapes/19267/19267-20260920-151709.flac",0,3,"live"
11264952832,19267,"2026-09-20T09:17:01.500-06:00",0.921262979507446,0.0599175654351711,6.11631469741923,"almost_certain","BirdNET",NA,10.2198,-83.7874,FALSE,1099,"Great Antshrike","Taraba major","#008b44","avian","https://media.birdweather.com/species/1099/GreatAntshrike-standard-1d7a5a05bff028cc4d1efef3b963cc21.jpg","https://media.birdweather.com/species/1099/GreatAntshrike-thumbnail-4c1685066087537e657ccc4be0405f45.jpg","https://media.birdweather.com/species/1099/GreatAntshrike-png200-1c460a11beaa4cae13a45e29c38ab7ee.png","ZvgNFwD9KaOXk3aLZGd2d5h4BpunpvID",17146399714,"https://media.birdweather.com/soundscapes/19267/19267-20260920-151657.flac",4.5,7.5,"live"
11264695298,19267,"2026-09-20T09:03:16.500-06:00",0.735730409622192,0.761455297470093,8.9196512662063,"almost_certain","BirdNET",NA,10.2198,-83.7874,FALSE,229,"Great Kiskadee","Pitangus sulphuratus","#7d4410","avian","https://media.birdweather.com/species/229/GreatKiskadee-standard-cd28a1b8e8b8e5aed433e809c229004e.jpg","https://media.birdweather.com/species/229/GreatKiskadee-thumbnail-b2749ed2442fb322cf3c4cb72f9c97f6.jpg","https://media.birdweather.com/species/229/GreatKiskadee-png200-003973af4f863deb00a4ce9b6f10e59c.png","0PgFDwIrhYqfZJh1mVe3SZZ3uKEJBncG",17145989536,"https://media.birdweather.com/soundscapes/19267/19267-20260920-150312.flac",4.5,7.5,"live"
11264612170,19267,"2026-09-20T08:58:52.000-06:00",0.803794622421265,0.779327571392059,9.1498765385711,"almost_certain","BirdNET",NA,10.2198,-83.7874,FALSE,547,"Clay-colored Thrush","Turdus grayi","#6a35aa","avian","https://media.birdweather.com/species/547/Clay-coloredThrush-standard-6bfc97468790235aef16f793d0f164d2.jpg","https://media.birdweather.com/species/547/Clay-coloredThrush-thumbnail-a430288208e6c65f3790075ad1f1192e.jpg","https://media.birdweather.com/species/547/Clay-coloredThrush-png200-1247890112c02c6395175d20c306cf45.png","m/gFDwZ7toiKZoh0hQl26Wx8OeevSGcA",17145857144,"https://media.birdweather.com/soundscapes/19267/19267-20260920-145846.flac",6,9,"live"
11264612164,19267,"2026-09-20T08:58:50.500-06:00",0.774712204933167,0.779327571392059,9.06841640191247,"almost_certain","BirdNET",NA,10.2198,-83.7874,FALSE,547,"Clay-colored Thrush","Turdus grayi","#6a35aa","avian","https://media.birdweather.com/species/547/Clay-coloredThrush-standard-6bfc97468790235aef16f793d0f164d2.jpg","https://media.birdweather.com/species/547/Clay-coloredThrush-thumbnail-a430288208e6c65f3790075ad1f1192e.jpg","https://media.birdweather.com/species/547/Clay-coloredThrush-png200-1247890112c02c6395175d20c306cf45.png","m/gFDwZ7toiKZoh0hQl26Wx8OeevSGcA",17145857144,"https://media.birdweather.com/soundscapes/19267/19267-20260920-145846.flac",4.5,7.5,"live"
11264522134,19267,"2026-09-20T08:54:04.500-06:00",0.796569406986237,0.761459231376648,9.09871662300956,"almost_certain","BirdNET",NA,10.2198,-83.7874,FALSE,229,"Great Kiskadee","Pitangus sulphuratus","#7d4410","avian","https://media.birdweather.com/species/229/GreatKiskadee-standard-cd28a1b8e8b8e5aed433e809c229004e.jpg","https://media.birdweather.com/species/229/GreatKiskadee-thumbnail-b2749ed2442fb322cf3c4cb72f9c97f6.jpg","https://media.birdweather.com/species/229/GreatKiskadee-png200-003973af4f863deb00a4ce9b6f10e59c.png","0PgFDwIrhYqfZJh1mVe3SZZ3uKEJBncG",17145714708,"https://media.birdweather.com/soundscapes/19267/19267-20260920-145400.flac",4.5,7.5,"live"
11264319577,19267,"2026-09-20T08:43:24.000-06:00",0.805477380752563,0.216401487588882,7.44349100026321,"almost_certain","BirdNET",NA,10.2198,-83.7874,FALSE,501,"White-winged Dove","Zenaida asiatica","#d16ff8","avian","https://media.birdweather.com/species/501/White-wingedDove-standard-6528ef689b07d5a91f1c2275cdef19c9.jpg","https://media.birdweather.com/species/501/White-wingedDove-thumbnail-4a940adfd5a6c78c73c48c5095e7b896.jpg","https://media.birdweather.com/species/501/White-wingedDove-png200-d65decd3d571b5a9dbeca249ef97689f.png","IscJLwb6hoVelZWZdoh3eIeIdxBoB4IG",17145395076,"https://media.birdweather.com/soundscapes/19267/19267-20260920-144318.flac",6,9,"live"
11264319572,19267,"2026-09-20T08:43:22.500-06:00",0.916484773159027,0.216401487588882,7.71547755548107,"almost_certain","BirdNET",NA,10.2198,-83.7874,FALSE,501,"White-winged Dove","Zenaida asiatica","#d16ff8","avian","https://media.birdweather.com/species/501/White-wingedDove-standard-6528ef689b07d5a91f1c2275cdef19c9.jpg","https://media.birdweather.com/species/501/White-wingedDove-thumbnail-4a940adfd5a6c78c73c48c5095e7b896.jpg","https://media.birdweather.com/species/501/White-wingedDove-png200-d65decd3d571b5a9dbeca249ef97689f.png","IscJLwb6hoVelZWZdoh3eIeIdxBoB4IG",17145395076,"https://media.birdweather.com/soundscapes/19267/19267-20260920-144318.flac",4.5,7.5,"live"
11264307684,19267,"2026-09-20T08:42:40.500-06:00",0.94763457775116,0.216401487588882,7.78300895262333,"almost_certain","BirdNET",NA,10.2198,-83.7874,FALSE,501,"White-winged Dove","Zenaida asiatica","#d16ff8","avian","https://media.birdweather.com/species/501/White-wingedDove-standard-6528ef689b07d5a91f1c2275cdef19c9.jpg","https://media.birdweather.com/species/501/White-wingedDove-thumbnail-4a940adfd5a6c78c73c48c5095e7b896.jpg","https://media.birdweather.com/species/501/White-wingedDove-png200-d65decd3d571b5a9dbeca249ef97689f.png","IscJLwb6hoVelZWZdoh3eIeIdxBoB4IG",17145375881,"https://media.birdweather.com/soundscapes/19267/19267-20260920-144239.flac",1.5,4.5,"live"
11264298889,19267,"2026-09-20T08:42:16.500-06:00",0.963872909545898,0.553821802139282,9.06696260473528,"almost_certain","BirdNET",NA,10.2198,-83.7874,FALSE,121,"Social Flycatcher","Myiozetetes similis","#69b9ff","avian","https://media.birdweather.com/species/121/SocialFlycatcher-standard-6e107581e61c9f556b3a0af5200f486a.jpg","https://media.birdweather.com/species/121/SocialFlycatcher-thumbnail-87f640fcaf1441ecbbd56b57372185a8.jpg","https://media.birdweather.com/species/121/SocialFlycatcher-png200-2f6dd485cf927db0dd7fd9abc239fb19.png","2xkKJwIJh3ekeXh0e5Z4eYaIdyApd5AC",17145362475,"https://media.birdweather.com/soundscapes/19267/19267-20260920-144212.flac",4.5,7.5,"live"
11264298887,19267,"2026-09-20T08:42:15.000-06:00",0.70307457447052,0.553821802139282,8.38337488741617,"almost_certain","BirdNET",NA,10.2198,-83.7874,FALSE,121,"Social Flycatcher","Myiozetetes similis","#69b9ff","avian","https://media.birdweather.com/species/121/SocialFlycatcher-standard-6e107581e61c9f556b3a0af5200f486a.jpg","https://media.birdweather.com/species/121/SocialFlycatcher-thumbnail-87f640fcaf1441ecbbd56b57372185a8.jpg","https://media.birdweather.com/species/121/SocialFlycatcher-png200-2f6dd485cf927db0dd7fd9abc239fb19.png","2xkKJwIJh3ekeXh0e5Z4eYaIdyApd5AC",17145362475,"https://media.birdweather.com/soundscapes/19267/19267-20260920-144212.flac",3,6,"live"
11264298885,19267,"2026-09-20T08:42:13.500-06:00",0.840397238731384,0.553821802139282,8.78503546487721,"almost_certain","BirdNET",NA,10.2198,-83.7874,FALSE,121,"Social Flycatcher","Myiozetetes similis","#69b9ff","avian","https://media.birdweather.com/species/121/SocialFlycatcher-standard-6e107581e61c9f556b3a0af5200f486a.jpg","https://media.birdweather.com/species/121/SocialFlycatcher-thumbnail-87f640fcaf1441ecbbd56b57372185a8.jpg","https://media.birdweather.com/species/121/SocialFlycatcher-png200-2f6dd485cf927db0dd7fd9abc239fb19.png","2xkKJwIJh3ekeXh0e5Z4eYaIdyApd5AC",17145362475,"https://media.birdweather.com/soundscapes/19267/19267-20260920-144212.flac",1.5,4.5,"live"
11264298882,19267,"2026-09-20T08:42:12.000-06:00",0.879943311214447,0.553821802139282,8.88179289729777,"almost_certain","BirdNET",NA,10.2198,-83.7874,FALSE,121,"Social Flycatcher","Myiozetetes similis","#69b9ff","avian","https://media.birdweather.com/species/121/SocialFlycatcher-standard-6e107581e61c9f556b3a0af5200f486a.jpg","https://media.birdweather.com/species/121/SocialFlycatcher-thumbnail-87f640fcaf1441ecbbd56b57372185a8.jpg","https://media.birdweather.com/species/121/SocialFlycatcher-png200-2f6dd485cf927db0dd7fd9abc239fb19.png","2xkKJwIJh3ekeXh0e5Z4eYaIdyApd5AC",17145362475,"https://media.birdweather.com/soundscapes/19267/19267-20260920-144212.flac",0,3,"live"
11264294987,19267,"2026-09-20T08:42:05.000-06:00",0.940355241298676,0.553821802139282,9.01754993385403,"almost_certain","BirdNET",NA,10.2198,-83.7874,FALSE,121,"Social Flycatcher","Myiozetetes similis","#69b9ff","avian","https://media.birdweather.com/species/121/SocialFlycatcher-standard-6e107581e61c9f556b3a0af5200f486a.jpg","https://media.birdweather.com/species/121/SocialFlycatcher-thumbnail-87f640fcaf1441ecbbd56b57372185a8.jpg","https://media.birdweather.com/species/121/SocialFlycatcher-png200-2f6dd485cf927db0dd7fd9abc239fb19.png","2xkKJwIJh3ekeXh0e5Z4eYaIdyApd5AC",17145356210,"https://media.birdweather.com/soundscapes/19267/19267-20260920-144159.flac",6,9,"live"
11264294980,19267,"2026-09-20T08:42:02.000-06:00",0.754303574562073,0.553821802139282,8.54728723300977,"almost_certain","BirdNET",NA,10.2198,-83.7874,FALSE,121,"Social Flycatcher","Myiozetetes similis","#69b9ff","avian","https://media.birdweather.com/species/121/SocialFlycatcher-standard-6e107581e61c9f556b3a0af5200f486a.jpg","https://media.birdweather.com/species/121/SocialFlycatcher-thumbnail-87f640fcaf1441ecbbd56b57372185a8.jpg","https://media.birdweather.com/species/121/SocialFlycatcher-png200-2f6dd485cf927db0dd7fd9abc239fb19.png","2xkKJwIJh3ekeXh0e5Z4eYaIdyApd5AC",17145356210,"https://media.birdweather.com/soundscapes/19267/19267-20260920-144159.flac",3,6,"live"
11264294969,19267,"2026-09-20T08:41:59.000-06:00",0.829417169094086,0.553821802139282,8.75691241189604,"almost_certain","BirdNET",NA,10.2198,-83.7874,FALSE,121,"Social Flycatcher","Myiozetetes similis","#69b9ff","avian","https://media.birdweather.com/species/121/SocialFlycatcher-standard-6e107581e61c9f556b3a0af5200f486a.jpg","https://media.birdweather.com/species/121/SocialFlycatcher-thumbnail-87f640fcaf1441ecbbd56b57372185a8.jpg","https://media.birdweather.com/species/121/SocialFlycatcher-png200-2f6dd485cf927db0dd7fd9abc239fb19.png","2xkKJwIJh3ekeXh0e5Z4eYaIdyApd5AC",17145356210,"https://media.birdweather.com/soundscapes/19267/19267-20260920-144159.flac",0,3,"live"
11264286306,19267,"2026-09-20T08:41:37.000-06:00",0.796100616455078,0.216397121548653,7.41781197514596,"almost_certain","BirdNET",NA,10.2198,-83.7874,FALSE,501,"White-winged Dove","Zenaida asiatica","#d16ff8","avian","https://media.birdweather.com/species/501/White-wingedDove-standard-6528ef689b07d5a91f1c2275cdef19c9.jpg","https://media.birdweather.com/species/501/White-wingedDove-thumbnail-4a940adfd5a6c78c73c48c5095e7b896.jpg","https://media.birdweather.com/species/501/White-wingedDove-png200-d65decd3d571b5a9dbeca249ef97689f.png","IscJLwb6hoVelZWZdoh3eIeIdxBoB4IG",17145342668,"https://media.birdweather.com/soundscapes/19267/19267-20260920-144131.flac",6,9,"live"
11264286299,19267,"2026-09-20T08:41:32.500-06:00",0.938259780406952,0.553820550441742,9.01305643369099,"almost_certain","BirdNET",NA,10.2198,-83.7874,FALSE,121,"Social Flycatcher","Myiozetetes similis","#69b9ff","avian","https://media.birdweather.com/species/121/SocialFlycatcher-standard-6e107581e61c9f556b3a0af5200f486a.jpg","https://media.birdweather.com/species/121/SocialFlycatcher-thumbnail-87f640fcaf1441ecbbd56b57372185a8.jpg","https://media.birdweather.com/species/121/SocialFlycatcher-png200-2f6dd485cf927db0dd7fd9abc239fb19.png","2xkKJwIJh3ekeXh0e5Z4eYaIdyApd5AC",17145342668,"https://media.birdweather.com/soundscapes/19267/19267-20260920-144131.flac",1.5,4.5,"live"
11264286295,19267,"2026-09-20T08:41:31.000-06:00",0.970024704933167,0.553820550441742,9.07959624447081,"almost_certain","BirdNET",NA,10.2198,-83.7874,FALSE,121,"Social Flycatcher","Myiozetetes similis","#69b9ff","avian","https://media.birdweather.com/species/121/SocialFlycatcher-standard-6e107581e61c9f556b3a0af5200f486a.jpg","https://media.birdweather.com/species/121/SocialFlycatcher-thumbnail-87f640fcaf1441ecbbd56b57372185a8.jpg","https://media.birdweather.com/species/121/SocialFlycatcher-png200-2f6dd485cf927db0dd7fd9abc239fb19.png","2xkKJwIJh3ekeXh0e5Z4eYaIdyApd5AC",17145342668,"https://media.birdweather.com/soundscapes/19267/19267-20260920-144131.flac",0,3,"live"
11264282207,19267,"2026-09-20T08:41:20.500-06:00",0.92096745967865,0.216386541724205,7.72531284054011,"almost_certain","BirdNET",NA,10.2198,-83.7874,FALSE,501,"White-winged Dove","Zenaida asiatica","#d16ff8","avian","https://media.birdweather.com/species/501/White-wingedDove-standard-6528ef689b07d5a91f1c2275cdef19c9.jpg","https://media.birdweather.com/species/501/White-wingedDove-thumbnail-4a940adfd5a6c78c73c48c5095e7b896.jpg","https://media.birdweather.com/species/501/White-wingedDove-png200-d65decd3d571b5a9dbeca249ef97689f.png","IscJLwb6hoVelZWZdoh3eIeIdxBoB4IG",17145336116,"https://media.birdweather.com/soundscapes/19267/19267-20260920-144119.flac",1.5,4.5,"live"
11264269742,19267,"2026-09-20T08:40:41.000-06:00",0.981669783592224,0.553816556930542,9.10319269236345,"almost_certain","BirdNET",NA,10.2198,-83.7874,FALSE,121,"Social Flycatcher","Myiozetetes similis","#69b9ff","avian","https://media.birdweather.com/species/121/SocialFlycatcher-standard-6e107581e61c9f556b3a0af5200f486a.jpg","https://media.birdweather.com/species/121/SocialFlycatcher-thumbnail-87f640fcaf1441ecbbd56b57372185a8.jpg","https://media.birdweather.com/species/121/SocialFlycatcher-png200-2f6dd485cf927db0dd7fd9abc239fb19.png","2xkKJwIJh3ekeXh0e5Z4eYaIdyApd5AC",17145316231,"https://media.birdweather.com/soundscapes/19267/19267-20260920-144038.flac",3,6,"live"
11264269737,19267,"2026-09-20T08:40:39.500-06:00",0.974432647228241,0.553816556930542,9.08856994599561,"almost_certain","BirdNET",NA,10.2198,-83.7874,FALSE,121,"Social Flycatcher","Myiozetetes similis","#69b9ff","avian","https://media.birdweather.com/species/121/SocialFlycatcher-standard-6e107581e61c9f556b3a0af5200f486a.jpg","https://media.birdweather.com/species/121/SocialFlycatcher-thumbnail-87f640fcaf1441ecbbd56b57372185a8.jpg","https://media.birdweather.com/species/121/SocialFlycatcher-png200-2f6dd485cf927db0dd7fd9abc239fb19.png","2xkKJwIJh3ekeXh0e5Z4eYaIdyApd5AC",17145316231,"https://media.birdweather.com/soundscapes/19267/19267-20260920-144038.flac",1.5,4.5,"live"
11264256832,19267,"2026-09-20T08:40:02.000-06:00",0.944112360477448,0.216374427080154,7.77537399473685,"almost_certain","BirdNET",NA,10.2198,-83.7874,FALSE,501,"White-winged Dove","Zenaida asiatica","#d16ff8","avian","https://media.birdweather.com/species/501/White-wingedDove-standard-6528ef689b07d5a91f1c2275cdef19c9.jpg","https://media.birdweather.com/species/501/White-wingedDove-thumbnail-4a940adfd5a6c78c73c48c5095e7b896.jpg","https://media.birdweather.com/species/501/White-wingedDove-png200-d65decd3d571b5a9dbeca249ef97689f.png","IscJLwb6hoVelZWZdoh3eIeIdxBoB4IG",17145296261,"https://media.birdweather.com/soundscapes/19267/19267-20260920-143959.flac",3,6,"live"
11264256826,19267,"2026-09-20T08:40:00.500-06:00",0.71433562040329,0.216374427080154,7.17093429520764,"almost_certain","BirdNET",NA,10.2198,-83.7874,FALSE,501,"White-winged Dove","Zenaida asiatica","#d16ff8","avian","https://media.birdweather.com/species/501/White-wingedDove-standard-6528ef689b07d5a91f1c2275cdef19c9.jpg","https://media.birdweather.com/species/501/White-wingedDove-thumbnail-4a940adfd5a6c78c73c48c5095e7b896.jpg","https://media.birdweather.com/species/501/White-wingedDove-png200-d65decd3d571b5a9dbeca249ef97689f.png","IscJLwb6hoVelZWZdoh3eIeIdxBoB4IG",17145296261,"https://media.birdweather.com/soundscapes/19267/19267-20260920-143959.flac",1.5,4.5,"live"
11264244356,19267,"2026-09-20T08:39:25.000-06:00",0.980799794197083,0.216381624341011,7.85130882635647,"almost_certain","BirdNET",NA,10.2198,-83.7874,FALSE,501,"White-winged Dove","Zenaida asiatica","#d16ff8","avian","https://media.birdweather.com/species/501/White-wingedDove-standard-6528ef689b07d5a91f1c2275cdef19c9.jpg","https://media.birdweather.com/species/501/White-wingedDove-thumbnail-4a940adfd5a6c78c73c48c5095e7b896.jpg","https://media.birdweather.com/species/501/White-wingedDove-png200-d65decd3d571b5a9dbeca249ef97689f.png","IscJLwb6hoVelZWZdoh3eIeIdxBoB4IG",17145276613,"https://media.birdweather.com/soundscapes/19267/19267-20260920-143919.flac",6,9,"live"
11264244347,19267,"2026-09-20T08:39:19.000-06:00",0.922843515872955,0.216381624341011,7.72941586279865,"almost_certain","BirdNET",NA,10.2198,-83.7874,FALSE,501,"White-winged Dove","Zenaida asiatica","#d16ff8","avian","https://media.birdweather.com/species/501/White-wingedDove-standard-6528ef689b07d5a91f1c2275cdef19c9.jpg","https://media.birdweather.com/species/501/White-wingedDove-thumbnail-4a940adfd5a6c78c73c48c5095e7b896.jpg","https://media.birdweather.com/species/501/White-wingedDove-png200-d65decd3d571b5a9dbeca249ef97689f.png","IscJLwb6hoVelZWZdoh3eIeIdxBoB4IG",17145276613,"https://media.birdweather.com/soundscapes/19267/19267-20260920-143919.flac",0,3,"live"
11264231764,19267,"2026-09-20T08:38:43.500-06:00",0.73126494884491,0.216400608420372,7.22595617679732,"almost_certain","BirdNET",NA,10.2198,-83.7874,FALSE,501,"White-winged Dove","Zenaida asiatica","#d16ff8","avian","https://media.birdweather.com/species/501/White-wingedDove-standard-6528ef689b07d5a91f1c2275cdef19c9.jpg","https://media.birdweather.com/species/501/White-wingedDove-thumbnail-4a940adfd5a6c78c73c48c5095e7b896.jpg","https://media.birdweather.com/species/501/White-wingedDove-png200-d65decd3d571b5a9dbeca249ef97689f.png","IscJLwb6hoVelZWZdoh3eIeIdxBoB4IG",17145256960,"https://media.birdweather.com/soundscapes/19267/19267-20260920-143839.flac",4.5,7.5,"live"
11264135467,19267,"2026-09-20T08:33:36.500-06:00",0.949408292770386,0.216386318206787,7.78666412775258,"almost_certain","BirdNET",NA,10.2198,-83.7874,FALSE,501,"White-winged Dove","Zenaida asiatica","#d16ff8","avian","https://media.birdweather.com/species/501/White-wingedDove-standard-6528ef689b07d5a91f1c2275cdef19c9.jpg","https://media.birdweather.com/species/501/White-wingedDove-thumbnail-4a940adfd5a6c78c73c48c5095e7b896.jpg","https://media.birdweather.com/species/501/White-wingedDove-png200-d65decd3d571b5a9dbeca249ef97689f.png","IscJLwb6hoVelZWZdoh3eIeIdxBoB4IG",17145105419,"https://media.birdweather.com/soundscapes/19267/19267-20260920-143335.flac",1.5,4.5,"live"
11264131489,19267,"2026-09-20T08:33:25.000-06:00",0.877245545387268,0.216386318206787,7.62528648717193,"almost_certain","BirdNET",NA,10.2198,-83.7874,FALSE,501,"White-winged Dove","Zenaida asiatica","#d16ff8","avian","https://media.birdweather.com/species/501/White-wingedDove-standard-6528ef689b07d5a91f1c2275cdef19c9.jpg","https://media.birdweather.com/species/501/White-wingedDove-thumbnail-4a940adfd5a6c78c73c48c5095e7b896.jpg","https://media.birdweather.com/species/501/White-wingedDove-png200-d65decd3d571b5a9dbeca249ef97689f.png","IscJLwb6hoVelZWZdoh3eIeIdxBoB4IG",17145099020,"https://media.birdweather.com/soundscapes/19267/19267-20260920-143322.flac",3,6,"live"
11264131484,19267,"2026-09-20T08:33:23.500-06:00",0.710688650608063,0.216386318206787,7.15889417461556,"almost_certain","BirdNET",NA,10.2198,-83.7874,FALSE,501,"White-winged Dove","Zenaida asiatica","#d16ff8","avian","https://media.birdweather.com/species/501/White-wingedDove-standard-6528ef689b07d5a91f1c2275cdef19c9.jpg","https://media.birdweather.com/species/501/White-wingedDove-thumbnail-4a940adfd5a6c78c73c48c5095e7b896.jpg","https://media.birdweather.com/species/501/White-wingedDove-png200-d65decd3d571b5a9dbeca249ef97689f.png","IscJLwb6hoVelZWZdoh3eIeIdxBoB4IG",17145099020,"https://media.birdweather.com/soundscapes/19267/19267-20260920-143322.flac",1.5,4.5,"live"
11264122621,19267,"2026-09-20T08:33:00.000-06:00",0.934516191482544,0.216386318206787,7.75488173864895,"almost_certain","BirdNET",NA,10.2198,-83.7874,FALSE,501,"White-winged Dove","Zenaida asiatica","#d16ff8","avian","https://media.birdweather.com/species/501/White-wingedDove-standard-6528ef689b07d5a91f1c2275cdef19c9.jpg","https://media.birdweather.com/species/501/White-wingedDove-thumbnail-4a940adfd5a6c78c73c48c5095e7b896.jpg","https://media.birdweather.com/species/501/White-wingedDove-png200-d65decd3d571b5a9dbeca249ef97689f.png","IscJLwb6hoVelZWZdoh3eIeIdxBoB4IG",17145085285,"https://media.birdweather.com/soundscapes/19267/19267-20260920-143254.flac",6,9,"live"
11264122613,19267,"2026-09-20T08:32:54.000-06:00",0.962931871414185,0.216386318206787,7.81490064615608,"almost_certain","BirdNET",NA,10.2198,-83.7874,FALSE,501,"White-winged Dove","Zenaida asiatica","#d16ff8","avian","https://media.birdweather.com/species/501/White-wingedDove-standard-6528ef689b07d5a91f1c2275cdef19c9.jpg","https://media.birdweather.com/species/501/White-wingedDove-thumbnail-4a940adfd5a6c78c73c48c5095e7b896.jpg","https://media.birdweather.com/species/501/White-wingedDove-png200-d65decd3d571b5a9dbeca249ef97689f.png","IscJLwb6hoVelZWZdoh3eIeIdxBoB4IG",17145085285,"https://media.birdweather.com/soundscapes/19267/19267-20260920-143254.flac",0,3,"live"
11264089065,19267,"2026-09-20T08:31:14.000-06:00",0.802304267883301,0.216402754187584,7.43487144071254,"almost_certain","BirdNET",NA,10.2198,-83.7874,FALSE,501,"White-winged Dove","Zenaida asiatica","#d16ff8","avian","https://media.birdweather.com/species/501/White-wingedDove-standard-6528ef689b07d5a91f1c2275cdef19c9.jpg","https://media.birdweather.com/species/501/White-wingedDove-thumbnail-4a940adfd5a6c78c73c48c5095e7b896.jpg","https://media.birdweather.com/species/501/White-wingedDove-png200-d65decd3d571b5a9dbeca249ef97689f.png","IscJLwb6hoVelZWZdoh3eIeIdxBoB4IG",17145032466,"https://media.birdweather.com/soundscapes/19267/19267-20260920-143108.flac",6,9,"live"
11264089061,19267,"2026-09-20T08:31:12.500-06:00",0.809775054454803,0.216402754187584,7.45509745122133,"almost_certain","BirdNET",NA,10.2198,-83.7874,FALSE,501,"White-winged Dove","Zenaida asiatica","#d16ff8","avian","https://media.birdweather.com/species/501/White-wingedDove-standard-6528ef689b07d5a91f1c2275cdef19c9.jpg","https://media.birdweather.com/species/501/White-wingedDove-thumbnail-4a940adfd5a6c78c73c48c5095e7b896.jpg","https://media.birdweather.com/species/501/White-wingedDove-png200-d65decd3d571b5a9dbeca249ef97689f.png","IscJLwb6hoVelZWZdoh3eIeIdxBoB4IG",17145032466,"https://media.birdweather.com/soundscapes/19267/19267-20260920-143108.flac",4.5,7.5,"live"
11263762307,19267,"2026-09-20T08:14:29.000-06:00",0.736411929130554,0.761458098888397,8.92179736392101,"almost_certain","BirdNET",NA,10.2198,-83.7874,FALSE,229,"Great Kiskadee","Pitangus sulphuratus","#7d4410","avian","https://media.birdweather.com/species/229/GreatKiskadee-standard-cd28a1b8e8b8e5aed433e809c229004e.jpg","https://media.birdweather.com/species/229/GreatKiskadee-thumbnail-b2749ed2442fb322cf3c4cb72f9c97f6.jpg","https://media.birdweather.com/species/229/GreatKiskadee-png200-003973af4f863deb00a4ce9b6f10e59c.png","0PgFDwIrhYqfZJh1mVe3SZZ3uKEJBncG",17144533766,"https://media.birdweather.com/soundscapes/19267/19267-20260920-141426.flac",3,6,"live"
11263689835,19267,"2026-09-20T08:10:44.000-06:00",0.887522876262665,0.962149739265442,9.64591919477847,"almost_certain","BirdNET",NA,10.2198,-83.7874,FALSE,115,"Tropical Kingbird","Tyrannus melancholicus","#00b3a1","avian","https://media.birdweather.com/species/115/TropicalKingbird-standard-712bd41627c48fa23dafd70e7c83c2e4.jpg","https://media.birdweather.com/species/115/TropicalKingbird-thumbnail-d19e465885b300e6a764cb58df2c377e.jpg","https://media.birdweather.com/species/115/TropicalKingbird-png200-7879336d61c20ea19f905a307c05d2d1.png","G/kFDwLXdWqfdmeOkkq2uXmK16/aGV8M",17144422264,"https://media.birdweather.com/soundscapes/19267/19267-20260920-141041.flac",3,6,"live"
11263689832,19267,"2026-09-20T08:10:42.500-06:00",0.951289653778076,0.962149739265442,9.78708303078208,"almost_certain","BirdNET",NA,10.2198,-83.7874,FALSE,115,"Tropical Kingbird","Tyrannus melancholicus","#00b3a1","avian","https://media.birdweather.com/species/115/TropicalKingbird-standard-712bd41627c48fa23dafd70e7c83c2e4.jpg","https://media.birdweather.com/species/115/TropicalKingbird-thumbnail-d19e465885b300e6a764cb58df2c377e.jpg","https://media.birdweather.com/species/115/TropicalKingbird-png200-7879336d61c20ea19f905a307c05d2d1.png","G/kFDwLXdWqfdmeOkkq2uXmK16/aGV8M",17144422264,"https://media.birdweather.com/soundscapes/19267/19267-20260920-141041.flac",1.5,4.5,"live"
11263689828,19267,"2026-09-20T08:10:41.000-06:00",0.932028830051422,0.962149739265442,9.74595635735299,"almost_certain","BirdNET",NA,10.2198,-83.7874,FALSE,115,"Tropical Kingbird","Tyrannus melancholicus","#00b3a1","avian","https://media.birdweather.com/species/115/TropicalKingbird-standard-712bd41627c48fa23dafd70e7c83c2e4.jpg","https://media.birdweather.com/species/115/TropicalKingbird-thumbnail-d19e465885b300e6a764cb58df2c377e.jpg","https://media.birdweather.com/species/115/TropicalKingbird-png200-7879336d61c20ea19f905a307c05d2d1.png","G/kFDwLXdWqfdmeOkkq2uXmK16/aGV8M",17144422264,"https://media.birdweather.com/soundscapes/19267/19267-20260920-141041.flac",0,3,"live"
11263681240,19267,"2026-09-20T08:10:20.000-06:00",0.979066073894501,0.962149739265442,9.84429964705981,"almost_certain","BirdNET",NA,10.2198,-83.7874,FALSE,115,"Tropical Kingbird","Tyrannus melancholicus","#00b3a1","avian","https://media.birdweather.com/species/115/TropicalKingbird-standard-712bd41627c48fa23dafd70e7c83c2e4.jpg","https://media.birdweather.com/species/115/TropicalKingbird-thumbnail-d19e465885b300e6a764cb58df2c377e.jpg","https://media.birdweather.com/species/115/TropicalKingbird-png200-7879336d61c20ea19f905a307c05d2d1.png","G/kFDwLXdWqfdmeOkkq2uXmK16/aGV8M",17144409020,"https://media.birdweather.com/soundscapes/19267/19267-20260920-141014.flac",6,9,"live"
11263664360,19267,"2026-09-20T08:09:28.000-06:00",0.718572020530701,0.962149739265442,9.18139847832732,"almost_certain","BirdNET",NA,10.2198,-83.7874,FALSE,115,"Tropical Kingbird","Tyrannus melancholicus","#00b3a1","avian","https://media.birdweather.com/species/115/TropicalKingbird-standard-712bd41627c48fa23dafd70e7c83c2e4.jpg","https://media.birdweather.com/species/115/TropicalKingbird-thumbnail-d19e465885b300e6a764cb58df2c377e.jpg","https://media.birdweather.com/species/115/TropicalKingbird-png200-7879336d61c20ea19f905a307c05d2d1.png","G/kFDwLXdWqfdmeOkkq2uXmK16/aGV8M",17144383084,"https://media.birdweather.com/soundscapes/19267/19267-20260920-140922.flac",6,9,"live"
11263655699,19267,"2026-09-20T08:08:59.500-06:00",0.820436000823975,0.962149739265442,9.47980907831131,"almost_certain","BirdNET",NA,10.2198,-83.7874,FALSE,115,"Tropical Kingbird","Tyrannus melancholicus","#00b3a1","avian","https://media.birdweather.com/species/115/TropicalKingbird-standard-712bd41627c48fa23dafd70e7c83c2e4.jpg","https://media.birdweather.com/species/115/TropicalKingbird-thumbnail-d19e465885b300e6a764cb58df2c377e.jpg","https://media.birdweather.com/species/115/TropicalKingbird-png200-7879336d61c20ea19f905a307c05d2d1.png","G/kFDwLXdWqfdmeOkkq2uXmK16/aGV8M",17144369771,"https://media.birdweather.com/soundscapes/19267/19267-20260920-140855.flac",4.5,7.5,"live"
11263655692,19267,"2026-09-20T08:08:58.000-06:00",0.961560010910034,0.962149739265442,9.80851835074125,"almost_certain","BirdNET",NA,10.2198,-83.7874,FALSE,115,"Tropical Kingbird","Tyrannus melancholicus","#00b3a1","avian","https://media.birdweather.com/species/115/TropicalKingbird-standard-712bd41627c48fa23dafd70e7c83c2e4.jpg","https://media.birdweather.com/species/115/TropicalKingbird-thumbnail-d19e465885b300e6a764cb58df2c377e.jpg","https://media.birdweather.com/species/115/TropicalKingbird-png200-7879336d61c20ea19f905a307c05d2d1.png","G/kFDwLXdWqfdmeOkkq2uXmK16/aGV8M",17144369771,"https://media.birdweather.com/soundscapes/19267/19267-20260920-140855.flac",3,6,"live"
11263655687,19267,"2026-09-20T08:08:55.000-06:00",0.720860481262207,0.962149739265442,9.18886828432742,"almost_certain","BirdNET",NA,10.2198,-83.7874,FALSE,115,"Tropical Kingbird","Tyrannus melancholicus","#00b3a1","avian","https://media.birdweather.com/species/115/TropicalKingbird-standard-712bd41627c48fa23dafd70e7c83c2e4.jpg","https://media.birdweather.com/species/115/TropicalKingbird-thumbnail-d19e465885b300e6a764cb58df2c377e.jpg","https://media.birdweather.com/species/115/TropicalKingbird-png200-7879336d61c20ea19f905a307c05d2d1.png","G/kFDwLXdWqfdmeOkkq2uXmK16/aGV8M",17144369771,"https://media.birdweather.com/soundscapes/19267/19267-20260920-140855.flac",0,3,"live"
11263229885,19267,"2026-09-20T07:47:11.500-06:00",0.871780276298523,0.216380968689919,7.61222137760327,"almost_certain","BirdNET",NA,10.2198,-83.7874,FALSE,501,"White-winged Dove","Zenaida asiatica","#d16ff8","avian","https://media.birdweather.com/species/501/White-wingedDove-standard-6528ef689b07d5a91f1c2275cdef19c9.jpg","https://media.birdweather.com/species/501/White-wingedDove-thumbnail-4a940adfd5a6c78c73c48c5095e7b896.jpg","https://media.birdweather.com/species/501/White-wingedDove-png200-d65decd3d571b5a9dbeca249ef97689f.png","IscJLwb6hoVelZWZdoh3eIeIdxBoB4IG",17143721688,"https://media.birdweather.com/soundscapes/19267/19267-20260920-134710.flac",1.5,4.5,"live"
11263192217,19267,"2026-09-20T07:45:15.000-06:00",0.7990403175354,0.216382831335068,7.4258196321747,"almost_certain","BirdNET",NA,10.2198,-83.7874,FALSE,501,"White-winged Dove","Zenaida asiatica","#d16ff8","avian","https://media.birdweather.com/species/501/White-wingedDove-standard-6528ef689b07d5a91f1c2275cdef19c9.jpg","https://media.birdweather.com/species/501/White-wingedDove-thumbnail-4a940adfd5a6c78c73c48c5095e7b896.jpg","https://media.birdweather.com/species/501/White-wingedDove-png200-d65decd3d571b5a9dbeca249ef97689f.png","IscJLwb6hoVelZWZdoh3eIeIdxBoB4IG",17143663459,"https://media.birdweather.com/soundscapes/19267/19267-20260920-134512.flac",3,6,"live"
11263192214,19267,"2026-09-20T07:45:13.500-06:00",0.885075151920319,0.216382831335068,7.64372281024553,"almost_certain","BirdNET",NA,10.2198,-83.7874,FALSE,501,"White-winged Dove","Zenaida asiatica","#d16ff8","avian","https://media.birdweather.com/species/501/White-wingedDove-standard-6528ef689b07d5a91f1c2275cdef19c9.jpg","https://media.birdweather.com/species/501/White-wingedDove-thumbnail-4a940adfd5a6c78c73c48c5095e7b896.jpg","https://media.birdweather.com/species/501/White-wingedDove-png200-d65decd3d571b5a9dbeca249ef97689f.png","IscJLwb6hoVelZWZdoh3eIeIdxBoB4IG",17143663459,"https://media.birdweather.com/soundscapes/19267/19267-20260920-134512.flac",1.5,4.5,"live"
11263136535,19267,"2026-09-20T07:42:21.000-06:00",0.913928091526031,0.216391921043396,7.70972619599999,"almost_certain","BirdNET",NA,10.2198,-83.7874,FALSE,501,"White-winged Dove","Zenaida asiatica","#d16ff8","avian","https://media.birdweather.com/species/501/White-wingedDove-standard-6528ef689b07d5a91f1c2275cdef19c9.jpg","https://media.birdweather.com/species/501/White-wingedDove-thumbnail-4a940adfd5a6c78c73c48c5095e7b896.jpg","https://media.birdweather.com/species/501/White-wingedDove-png200-d65decd3d571b5a9dbeca249ef97689f.png","IscJLwb6hoVelZWZdoh3eIeIdxBoB4IG",17143576611,"https://media.birdweather.com/soundscapes/19267/19267-20260920-134218.flac",3,6,"live"
11263099702,19267,"2026-09-20T07:40:23.500-06:00",0.897013187408447,0.216377794742584,7.67136482134851,"almost_certain","BirdNET",NA,10.2198,-83.7874,FALSE,501,"White-winged Dove","Zenaida asiatica","#d16ff8","avian","https://media.birdweather.com/species/501/White-wingedDove-standard-6528ef689b07d5a91f1c2275cdef19c9.jpg","https://media.birdweather.com/species/501/White-wingedDove-thumbnail-4a940adfd5a6c78c73c48c5095e7b896.jpg","https://media.birdweather.com/species/501/White-wingedDove-png200-d65decd3d571b5a9dbeca249ef97689f.png","IscJLwb6hoVelZWZdoh3eIeIdxBoB4IG",17143517440,"https://media.birdweather.com/soundscapes/19267/19267-20260920-134019.flac",4.5,7.5,"live"
11263091630,19267,"2026-09-20T07:39:58.000-06:00",0.848873615264893,0.21637587249279,7.55617592283863,"almost_certain","BirdNET",NA,10.2198,-83.7874,FALSE,501,"White-winged Dove","Zenaida asiatica","#d16ff8","avian","https://media.birdweather.com/species/501/White-wingedDove-standard-6528ef689b07d5a91f1c2275cdef19c9.jpg","https://media.birdweather.com/species/501/White-wingedDove-thumbnail-4a940adfd5a6c78c73c48c5095e7b896.jpg","https://media.birdweather.com/species/501/White-wingedDove-png200-d65decd3d571b5a9dbeca249ef97689f.png","IscJLwb6hoVelZWZdoh3eIeIdxBoB4IG",17143504092,"https://media.birdweather.com/soundscapes/19267/19267-20260920-133952.flac",6,9,"live"
11262871701,19267,"2026-09-20T07:27:36.500-06:00",0.781644701957703,0.0263066962361336,4.86980310218961,"almost_certain","BirdNET",NA,10.2198,-83.7874,FALSE,1104,"Black-headed Saltator","Saltator atriceps","#ff5499","avian","https://media.birdweather.com/species/1104/Black-headedSaltator-standard-3159be3001c869c7db8f9d22173fe6d6.jpg","https://media.birdweather.com/species/1104/Black-headedSaltator-thumbnail-c7f067dd41ea0a1a2952384b5b9a0212.jpg","https://media.birdweather.com/species/1104/Black-headedSaltator-png200-8d7a7f8741c6037857493b2860ffed9a.png","HAoGFwSXCqi0NV1rlzW4SaiKyTgGWs8E",17143137414,"https://media.birdweather.com/soundscapes/19267/19267-20260920-132732.flac",4.5,7.5,"live"
11262871696,19267,"2026-09-20T07:27:35.000-06:00",0.902819514274597,0.0263066962361336,5.1772463497141,"almost_certain","BirdNET",NA,10.2198,-83.7874,FALSE,1104,"Black-headed Saltator","Saltator atriceps","#ff5499","avian","https://media.birdweather.com/species/1104/Black-headedSaltator-standard-3159be3001c869c7db8f9d22173fe6d6.jpg","https://media.birdweather.com/species/1104/Black-headedSaltator-thumbnail-c7f067dd41ea0a1a2952384b5b9a0212.jpg","https://media.birdweather.com/species/1104/Black-headedSaltator-png200-8d7a7f8741c6037857493b2860ffed9a.png","HAoGFwSXCqi0NV1rlzW4SaiKyTgGWs8E",17143137414,"https://media.birdweather.com/soundscapes/19267/19267-20260920-132732.flac",3,6,"live"
11262849403,19267,"2026-09-20T07:26:16.500-06:00",0.812135219573975,0.026307113468647,4.95391216068928,"almost_certain","BirdNET",NA,10.2198,-83.7874,FALSE,1104,"Black-headed Saltator","Saltator atriceps","#ff5499","avian","https://media.birdweather.com/species/1104/Black-headedSaltator-standard-3159be3001c869c7db8f9d22173fe6d6.jpg","https://media.birdweather.com/species/1104/Black-headedSaltator-thumbnail-c7f067dd41ea0a1a2952384b5b9a0212.jpg","https://media.birdweather.com/species/1104/Black-headedSaltator-png200-8d7a7f8741c6037857493b2860ffed9a.png","HAoGFwSXCqi0NV1rlzW4SaiKyTgGWs8E",17143098289,"https://media.birdweather.com/soundscapes/19267/19267-20260920-132612.flac",4.5,7.5,"live"
11262687986,19267,"2026-09-20T07:16:45.500-06:00",0.901703774929047,0.76145988702774,9.36181531329994,"almost_certain","BirdNET",NA,10.2198,-83.7874,FALSE,229,"Great Kiskadee","Pitangus sulphuratus","#7d4410","avian","https://media.birdweather.com/species/229/GreatKiskadee-standard-cd28a1b8e8b8e5aed433e809c229004e.jpg","https://media.birdweather.com/species/229/GreatKiskadee-thumbnail-b2749ed2442fb322cf3c4cb72f9c97f6.jpg","https://media.birdweather.com/species/229/GreatKiskadee-png200-003973af4f863deb00a4ce9b6f10e59c.png","0PgFDwIrhYqfZJh1mVe3SZZ3uKEJBncG",17142816062,"https://media.birdweather.com/soundscapes/19267/19267-20260920-131641.flac",4.5,7.5,"live"
11262643058,19267,"2026-09-20T07:14:01.000-06:00",0.709869027137756,0.761460959911346,8.83583641573439,"almost_certain","BirdNET",NA,10.2198,-83.7874,FALSE,229,"Great Kiskadee","Pitangus sulphuratus","#7d4410","avian","https://media.birdweather.com/species/229/GreatKiskadee-standard-cd28a1b8e8b8e5aed433e809c229004e.jpg","https://media.birdweather.com/species/229/GreatKiskadee-thumbnail-b2749ed2442fb322cf3c4cb72f9c97f6.jpg","https://media.birdweather.com/species/229/GreatKiskadee-png200-003973af4f863deb00a4ce9b6f10e59c.png","0PgFDwIrhYqfZJh1mVe3SZZ3uKEJBncG",17142736703,"https://media.birdweather.com/soundscapes/19267/19267-20260920-131401.flac",0,3,"live"
11262625456,19267,"2026-09-20T07:12:59.500-06:00",0.707078576087952,0.761460959911346,8.82647735086754,"almost_certain","BirdNET",NA,10.2198,-83.7874,FALSE,229,"Great Kiskadee","Pitangus sulphuratus","#7d4410","avian","https://media.birdweather.com/species/229/GreatKiskadee-standard-cd28a1b8e8b8e5aed433e809c229004e.jpg","https://media.birdweather.com/species/229/GreatKiskadee-thumbnail-b2749ed2442fb322cf3c4cb72f9c97f6.jpg","https://media.birdweather.com/species/229/GreatKiskadee-png200-003973af4f863deb00a4ce9b6f10e59c.png","0PgFDwIrhYqfZJh1mVe3SZZ3uKEJBncG",17142704486,"https://media.birdweather.com/soundscapes/19267/19267-20260920-131255.flac",4.5,7.5,"live"
11262618849,19267,"2026-09-20T07:12:34.000-06:00",0.707137167453766,0.761460781097412,8.82667420507001,"almost_certain","BirdNET",NA,10.2198,-83.7874,FALSE,229,"Great Kiskadee","Pitangus sulphuratus","#7d4410","avian","https://media.birdweather.com/species/229/GreatKiskadee-standard-cd28a1b8e8b8e5aed433e809c229004e.jpg","https://media.birdweather.com/species/229/GreatKiskadee-thumbnail-b2749ed2442fb322cf3c4cb72f9c97f6.jpg","https://media.birdweather.com/species/229/GreatKiskadee-png200-003973af4f863deb00a4ce9b6f10e59c.png","0PgFDwIrhYqfZJh1mVe3SZZ3uKEJBncG",17142691060,"https://media.birdweather.com/soundscapes/19267/19267-20260920-131228.flac",6,9,"live"
11262618847,19267,"2026-09-20T07:12:32.500-06:00",0.81743586063385,0.761460781097412,9.15511174036045,"almost_certain","BirdNET",NA,10.2198,-83.7874,FALSE,229,"Great Kiskadee","Pitangus sulphuratus","#7d4410","avian","https://media.birdweather.com/species/229/GreatKiskadee-standard-cd28a1b8e8b8e5aed433e809c229004e.jpg","https://media.birdweather.com/species/229/GreatKiskadee-thumbnail-b2749ed2442fb322cf3c4cb72f9c97f6.jpg","https://media.birdweather.com/species/229/GreatKiskadee-png200-003973af4f863deb00a4ce9b6f10e59c.png","0PgFDwIrhYqfZJh1mVe3SZZ3uKEJBncG",17142691060,"https://media.birdweather.com/soundscapes/19267/19267-20260920-131228.flac",4.5,7.5,"live"
11262596053,19267,"2026-09-20T07:11:12.000-06:00",0.784791767597198,0.761458814144135,9.06583065872984,"almost_certain","BirdNET",NA,10.2198,-83.7874,FALSE,229,"Great Kiskadee","Pitangus sulphuratus","#7d4410","avian","https://media.birdweather.com/species/229/GreatKiskadee-standard-cd28a1b8e8b8e5aed433e809c229004e.jpg","https://media.birdweather.com/species/229/GreatKiskadee-thumbnail-b2749ed2442fb322cf3c4cb72f9c97f6.jpg","https://media.birdweather.com/species/229/GreatKiskadee-png200-003973af4f863deb00a4ce9b6f10e59c.png","0PgFDwIrhYqfZJh1mVe3SZZ3uKEJBncG",17142651894,"https://media.birdweather.com/soundscapes/19267/19267-20260920-131109.flac",3,6,"live"
11262588778,19267,"2026-09-20T07:10:46.500-06:00",0.894804716110229,0.761458814144135,9.34601441385637,"almost_certain","BirdNET",NA,10.2198,-83.7874,FALSE,229,"Great Kiskadee","Pitangus sulphuratus","#7d4410","avian","https://media.birdweather.com/species/229/GreatKiskadee-standard-cd28a1b8e8b8e5aed433e809c229004e.jpg","https://media.birdweather.com/species/229/GreatKiskadee-thumbnail-b2749ed2442fb322cf3c4cb72f9c97f6.jpg","https://media.birdweather.com/species/229/GreatKiskadee-png200-003973af4f863deb00a4ce9b6f10e59c.png","0PgFDwIrhYqfZJh1mVe3SZZ3uKEJBncG",17142638691,"https://media.birdweather.com/soundscapes/19267/19267-20260920-131042.flac",4.5,7.5,"live"
11262555495,19267,"2026-09-20T07:08:47.000-06:00",0.801188290119171,0.761458516120911,9.11139962498835,"almost_certain","BirdNET",NA,10.2198,-83.7874,FALSE,229,"Great Kiskadee","Pitangus sulphuratus","#7d4410","avian","https://media.birdweather.com/species/229/GreatKiskadee-standard-cd28a1b8e8b8e5aed433e809c229004e.jpg","https://media.birdweather.com/species/229/GreatKiskadee-thumbnail-b2749ed2442fb322cf3c4cb72f9c97f6.jpg","https://media.birdweather.com/species/229/GreatKiskadee-png200-003973af4f863deb00a4ce9b6f10e59c.png","0PgFDwIrhYqfZJh1mVe3SZZ3uKEJBncG",17142579116,"https://media.birdweather.com/soundscapes/19267/19267-20260920-130841.flac",6,9,"live"
11262555487,19267,"2026-09-20T07:08:42.500-06:00",0.782810211181641,0.761458516120911,9.06021886339668,"almost_certain","BirdNET",NA,10.2198,-83.7874,FALSE,229,"Great Kiskadee","Pitangus sulphuratus","#7d4410","avian","https://media.birdweather.com/species/229/GreatKiskadee-standard-cd28a1b8e8b8e5aed433e809c229004e.jpg","https://media.birdweather.com/species/229/GreatKiskadee-thumbnail-b2749ed2442fb322cf3c4cb72f9c97f6.jpg","https://media.birdweather.com/species/229/GreatKiskadee-png200-003973af4f863deb00a4ce9b6f10e59c.png","0PgFDwIrhYqfZJh1mVe3SZZ3uKEJBncG",17142579116,"https://media.birdweather.com/soundscapes/19267/19267-20260920-130841.flac",1.5,4.5,"live"
11262551983,19267,"2026-09-20T07:08:29.500-06:00",0.738823354244232,0.761458516120911,8.92934729952957,"almost_certain","BirdNET",NA,10.2198,-83.7874,FALSE,229,"Great Kiskadee","Pitangus sulphuratus","#7d4410","avian","https://media.birdweather.com/species/229/GreatKiskadee-standard-cd28a1b8e8b8e5aed433e809c229004e.jpg","https://media.birdweather.com/species/229/GreatKiskadee-thumbnail-b2749ed2442fb322cf3c4cb72f9c97f6.jpg","https://media.birdweather.com/species/229/GreatKiskadee-png200-003973af4f863deb00a4ce9b6f10e59c.png","0PgFDwIrhYqfZJh1mVe3SZZ3uKEJBncG",17142572798,"https://media.birdweather.com/soundscapes/19267/19267-20260920-130828.flac",1.5,4.5,"live"
11262537568,19267,"2026-09-20T07:07:39.500-06:00",0.75620424747467,0.761458277702332,8.98256270457285,"almost_certain","BirdNET",NA,10.2198,-83.7874,FALSE,229,"Great Kiskadee","Pitangus sulphuratus","#7d4410","avian","https://media.birdweather.com/species/229/GreatKiskadee-standard-cd28a1b8e8b8e5aed433e809c229004e.jpg","https://media.birdweather.com/species/229/GreatKiskadee-thumbnail-b2749ed2442fb322cf3c4cb72f9c97f6.jpg","https://media.birdweather.com/species/229/GreatKiskadee-png200-003973af4f863deb00a4ce9b6f10e59c.png","0PgFDwIrhYqfZJh1mVe3SZZ3uKEJBncG",17142546776,"https://media.birdweather.com/soundscapes/19267/19267-20260920-130735.flac",4.5,7.5,"live"
11262537563,19267,"2026-09-20T07:07:38.000-06:00",0.826227962970734,0.761458277702332,9.17819033136428,"almost_certain","BirdNET",NA,10.2198,-83.7874,FALSE,229,"Great Kiskadee","Pitangus sulphuratus","#7d4410","avian","https://media.birdweather.com/species/229/GreatKiskadee-standard-cd28a1b8e8b8e5aed433e809c229004e.jpg","https://media.birdweather.com/species/229/GreatKiskadee-thumbnail-b2749ed2442fb322cf3c4cb72f9c97f6.jpg","https://media.birdweather.com/species/229/GreatKiskadee-png200-003973af4f863deb00a4ce9b6f10e59c.png","0PgFDwIrhYqfZJh1mVe3SZZ3uKEJBncG",17142546776,"https://media.birdweather.com/soundscapes/19267/19267-20260920-130735.flac",3,6,"live"
11262526449,19267,"2026-09-20T07:06:58.000-06:00",0.70621258020401,0.761459648609161,8.82355745742586,"almost_certain","BirdNET",NA,10.2198,-83.7874,FALSE,229,"Great Kiskadee","Pitangus sulphuratus","#7d4410","avian","https://media.birdweather.com/species/229/GreatKiskadee-standard-cd28a1b8e8b8e5aed433e809c229004e.jpg","https://media.birdweather.com/species/229/GreatKiskadee-thumbnail-b2749ed2442fb322cf3c4cb72f9c97f6.jpg","https://media.birdweather.com/species/229/GreatKiskadee-png200-003973af4f863deb00a4ce9b6f10e59c.png","0PgFDwIrhYqfZJh1mVe3SZZ3uKEJBncG",17142526904,"https://media.birdweather.com/soundscapes/19267/19267-20260920-130655.flac",3,6,"live"
11262526446,19267,"2026-09-20T07:06:56.500-06:00",0.991092026233673,0.761459648609161,9.55157048995217,"almost_certain","BirdNET",NA,10.2198,-83.7874,FALSE,229,"Great Kiskadee","Pitangus sulphuratus","#7d4410","avian","https://media.birdweather.com/species/229/GreatKiskadee-standard-cd28a1b8e8b8e5aed433e809c229004e.jpg","https://media.birdweather.com/species/229/GreatKiskadee-thumbnail-b2749ed2442fb322cf3c4cb72f9c97f6.jpg","https://media.birdweather.com/species/229/GreatKiskadee-png200-003973af4f863deb00a4ce9b6f10e59c.png","0PgFDwIrhYqfZJh1mVe3SZZ3uKEJBncG",17142526904,"https://media.birdweather.com/soundscapes/19267/19267-20260920-130655.flac",1.5,4.5,"live"
11262526444,19267,"2026-09-20T07:06:55.000-06:00",0.996057987213135,0.761459648609161,9.56137966061231,"almost_certain","BirdNET",NA,10.2198,-83.7874,FALSE,229,"Great Kiskadee","Pitangus sulphuratus","#7d4410","avian","https://media.birdweather.com/species/229/GreatKiskadee-standard-cd28a1b8e8b8e5aed433e809c229004e.jpg","https://media.birdweather.com/species/229/GreatKiskadee-thumbnail-b2749ed2442fb322cf3c4cb72f9c97f6.jpg","https://media.birdweather.com/species/229/GreatKiskadee-png200-003973af4f863deb00a4ce9b6f10e59c.png","0PgFDwIrhYqfZJh1mVe3SZZ3uKEJBncG",17142526904,"https://media.birdweather.com/soundscapes/19267/19267-20260920-130655.flac",0,3,"live"
11262515456,19267,"2026-09-20T07:06:18.500-06:00",0.783275961875916,0.761459648609161,9.06154183019532,"almost_certain","BirdNET",NA,10.2198,-83.7874,FALSE,229,"Great Kiskadee","Pitangus sulphuratus","#7d4410","avian","https://media.birdweather.com/species/229/GreatKiskadee-standard-cd28a1b8e8b8e5aed433e809c229004e.jpg","https://media.birdweather.com/species/229/GreatKiskadee-thumbnail-b2749ed2442fb322cf3c4cb72f9c97f6.jpg","https://media.birdweather.com/species/229/GreatKiskadee-png200-003973af4f863deb00a4ce9b6f10e59c.png","0PgFDwIrhYqfZJh1mVe3SZZ3uKEJBncG",17142507014,"https://media.birdweather.com/soundscapes/19267/19267-20260920-130614.flac",4.5,7.5,"live"
11262515453,19267,"2026-09-20T07:06:17.000-06:00",0.791655659675598,0.761459648609161,9.08509316128561,"almost_certain","BirdNET",NA,10.2198,-83.7874,FALSE,229,"Great Kiskadee","Pitangus sulphuratus","#7d4410","avian","https://media.birdweather.com/species/229/GreatKiskadee-standard-cd28a1b8e8b8e5aed433e809c229004e.jpg","https://media.birdweather.com/species/229/GreatKiskadee-thumbnail-b2749ed2442fb322cf3c4cb72f9c97f6.jpg","https://media.birdweather.com/species/229/GreatKiskadee-png200-003973af4f863deb00a4ce9b6f10e59c.png","0PgFDwIrhYqfZJh1mVe3SZZ3uKEJBncG",17142507014,"https://media.birdweather.com/soundscapes/19267/19267-20260920-130614.flac",3,6,"live"
11262515447,19267,"2026-09-20T07:06:14.000-06:00",0.779139220714569,0.761459648609161,9.04976443849186,"almost_certain","BirdNET",NA,10.2198,-83.7874,FALSE,229,"Great Kiskadee","Pitangus sulphuratus","#7d4410","avian","https://media.birdweather.com/species/229/GreatKiskadee-standard-cd28a1b8e8b8e5aed433e809c229004e.jpg","https://media.birdweather.com/species/229/GreatKiskadee-thumbnail-b2749ed2442fb322cf3c4cb72f9c97f6.jpg","https://media.birdweather.com/species/229/GreatKiskadee-png200-003973af4f863deb00a4ce9b6f10e59c.png","0PgFDwIrhYqfZJh1mVe3SZZ3uKEJBncG",17142507014,"https://media.birdweather.com/soundscapes/19267/19267-20260920-130614.flac",0,3,"live"
11262503838,19267,"2026-09-20T07:05:34.000-06:00",0.762721121311188,0.761459529399872,9.00199690119218,"almost_certain","BirdNET",NA,10.2198,-83.7874,FALSE,229,"Great Kiskadee","Pitangus sulphuratus","#7d4410","avian","https://media.birdweather.com/species/229/GreatKiskadee-standard-cd28a1b8e8b8e5aed433e809c229004e.jpg","https://media.birdweather.com/species/229/GreatKiskadee-thumbnail-b2749ed2442fb322cf3c4cb72f9c97f6.jpg","https://media.birdweather.com/species/229/GreatKiskadee-png200-003973af4f863deb00a4ce9b6f10e59c.png","0PgFDwIrhYqfZJh1mVe3SZZ3uKEJBncG",17142487059,"https://media.birdweather.com/soundscapes/19267/19267-20260920-130534.flac",0,3,"live"
11262492533,19267,"2026-09-20T07:04:58.500-06:00",0.700479328632355,0.216383725404739,7.1243911519099,"almost_certain","BirdNET",NA,10.2198,-83.7874,FALSE,501,"White-winged Dove","Zenaida asiatica","#d16ff8","avian","https://media.birdweather.com/species/501/White-wingedDove-standard-6528ef689b07d5a91f1c2275cdef19c9.jpg","https://media.birdweather.com/species/501/White-wingedDove-thumbnail-4a940adfd5a6c78c73c48c5095e7b896.jpg","https://media.birdweather.com/species/501/White-wingedDove-png200-d65decd3d571b5a9dbeca249ef97689f.png","IscJLwb6hoVelZWZdoh3eIeIdxBoB4IG",17142467018,"https://media.birdweather.com/soundscapes/19267/19267-20260920-130454.flac",4.5,7.5,"live"
11262461073,19267,"2026-09-20T07:02:59.500-06:00",0.728753924369812,0.761459767818451,8.89754661844766,"almost_certain","BirdNET",NA,10.2198,-83.7874,FALSE,229,"Great Kiskadee","Pitangus sulphuratus","#7d4410","avian","https://media.birdweather.com/species/229/GreatKiskadee-standard-cd28a1b8e8b8e5aed433e809c229004e.jpg","https://media.birdweather.com/species/229/GreatKiskadee-thumbnail-b2749ed2442fb322cf3c4cb72f9c97f6.jpg","https://media.birdweather.com/species/229/GreatKiskadee-png200-003973af4f863deb00a4ce9b6f10e59c.png","0PgFDwIrhYqfZJh1mVe3SZZ3uKEJBncG",17142408362,"https://media.birdweather.com/soundscapes/19267/19267-20260920-130255.flac",4.5,7.5,"live"
11262457434,19267,"2026-09-20T07:02:44.500-06:00",0.879976451396942,0.761459767818451,9.3114295782067,"almost_certain","BirdNET",NA,10.2198,-83.7874,FALSE,229,"Great Kiskadee","Pitangus sulphuratus","#7d4410","avian","https://media.birdweather.com/species/229/GreatKiskadee-standard-cd28a1b8e8b8e5aed433e809c229004e.jpg","https://media.birdweather.com/species/229/GreatKiskadee-thumbnail-b2749ed2442fb322cf3c4cb72f9c97f6.jpg","https://media.birdweather.com/species/229/GreatKiskadee-png200-003973af4f863deb00a4ce9b6f10e59c.png","0PgFDwIrhYqfZJh1mVe3SZZ3uKEJBncG",17142401522,"https://media.birdweather.com/soundscapes/19267/19267-20260920-130240.flac",4.5,7.5,"live"
11262443111,19267,"2026-09-20T07:01:48.500-06:00",0.811219811439514,0.761461138725281,9.13855466564409,"almost_certain","BirdNET",NA,10.2198,-83.7874,FALSE,229,"Great Kiskadee","Pitangus sulphuratus","#7d4410","avian","https://media.birdweather.com/species/229/GreatKiskadee-standard-cd28a1b8e8b8e5aed433e809c229004e.jpg","https://media.birdweather.com/species/229/GreatKiskadee-thumbnail-b2749ed2442fb322cf3c4cb72f9c97f6.jpg","https://media.birdweather.com/species/229/GreatKiskadee-png200-003973af4f863deb00a4ce9b6f10e59c.png","0PgFDwIrhYqfZJh1mVe3SZZ3uKEJBncG",17142375439,"https://media.birdweather.com/soundscapes/19267/19267-20260920-130147.flac",1.5,4.5,"live"
11262443109,19267,"2026-09-20T07:01:47.000-06:00",0.733013033866882,0.761461138725281,8.91109106097466,"almost_certain","BirdNET",NA,10.2198,-83.7874,FALSE,229,"Great Kiskadee","Pitangus sulphuratus","#7d4410","avian","https://media.birdweather.com/species/229/GreatKiskadee-standard-cd28a1b8e8b8e5aed433e809c229004e.jpg","https://media.birdweather.com/species/229/GreatKiskadee-thumbnail-b2749ed2442fb322cf3c4cb72f9c97f6.jpg","https://media.birdweather.com/species/229/GreatKiskadee-png200-003973af4f863deb00a4ce9b6f10e59c.png","0PgFDwIrhYqfZJh1mVe3SZZ3uKEJBncG",17142375439,"https://media.birdweather.com/soundscapes/19267/19267-20260920-130147.flac",0,3,"live"
11262402603,19267,"2026-09-20T06:59:25.000-06:00",0.861855208873749,0.761458814144135,9.26793953562674,"almost_certain","BirdNET",NA,10.2198,-83.7874,FALSE,229,"Great Kiskadee","Pitangus sulphuratus","#7d4410","avian","https://media.birdweather.com/species/229/GreatKiskadee-standard-cd28a1b8e8b8e5aed433e809c229004e.jpg","https://media.birdweather.com/species/229/GreatKiskadee-thumbnail-b2749ed2442fb322cf3c4cb72f9c97f6.jpg","https://media.birdweather.com/species/229/GreatKiskadee-png200-003973af4f863deb00a4ce9b6f10e59c.png","0PgFDwIrhYqfZJh1mVe3SZZ3uKEJBncG",17142301994,"https://media.birdweather.com/soundscapes/19267/19267-20260920-125919.flac",6,9,"live"
11262402597,19267,"2026-09-20T06:59:22.000-06:00",0.711431741714478,0.761458814144135,8.84104609487583,"almost_certain","BirdNET",NA,10.2198,-83.7874,FALSE,229,"Great Kiskadee","Pitangus sulphuratus","#7d4410","avian","https://media.birdweather.com/species/229/GreatKiskadee-standard-cd28a1b8e8b8e5aed433e809c229004e.jpg","https://media.birdweather.com/species/229/GreatKiskadee-thumbnail-b2749ed2442fb322cf3c4cb72f9c97f6.jpg","https://media.birdweather.com/species/229/GreatKiskadee-png200-003973af4f863deb00a4ce9b6f10e59c.png","0PgFDwIrhYqfZJh1mVe3SZZ3uKEJBncG",17142301994,"https://media.birdweather.com/soundscapes/19267/19267-20260920-125919.flac",3,6,"live"
11262402593,19267,"2026-09-20T06:59:19.000-06:00",0.714274525642395,0.761458814144135,8.85047954481617,"almost_certain","BirdNET",NA,10.2198,-83.7874,FALSE,229,"Great Kiskadee","Pitangus sulphuratus","#7d4410","avian","https://media.birdweather.com/species/229/GreatKiskadee-standard-cd28a1b8e8b8e5aed433e809c229004e.jpg","https://media.birdweather.com/species/229/GreatKiskadee-thumbnail-b2749ed2442fb322cf3c4cb72f9c97f6.jpg","https://media.birdweather.com/species/229/GreatKiskadee-png200-003973af4f863deb00a4ce9b6f10e59c.png","0PgFDwIrhYqfZJh1mVe3SZZ3uKEJBncG",17142301994,"https://media.birdweather.com/soundscapes/19267/19267-20260920-125919.flac",0,3,"live"
11262337779,19267,"2026-09-20T06:55:27.000-06:00",0.789145827293396,0.216389656066895,7.39842499928204,"almost_certain","BirdNET",NA,10.2198,-83.7874,FALSE,501,"White-winged Dove","Zenaida asiatica","#d16ff8","avian","https://media.birdweather.com/species/501/White-wingedDove-standard-6528ef689b07d5a91f1c2275cdef19c9.jpg","https://media.birdweather.com/species/501/White-wingedDove-thumbnail-4a940adfd5a6c78c73c48c5095e7b896.jpg","https://media.birdweather.com/species/501/White-wingedDove-png200-d65decd3d571b5a9dbeca249ef97689f.png","IscJLwb6hoVelZWZdoh3eIeIdxBoB4IG",17142184571,"https://media.birdweather.com/soundscapes/19267/19267-20260920-125521.flac",6,9,"live"
11262323996,19267,"2026-09-20T06:54:29.000-06:00",0.710217475891113,0.371572583913803,7.87254120492991,"almost_certain","BirdNET",NA,10.2198,-83.7874,FALSE,321,"Palm Tanager","Thraupis palmarum","#008efd","avian","https://media.birdweather.com/species/321/PalmTanager-standard-cbade2e4973d8cb57c4014568207591d.jpg","https://media.birdweather.com/species/321/PalmTanager-thumbnail-66ffacacc3b9c5f5dad0cf97c949e40f.jpg","https://media.birdweather.com/species/321/PalmTanager-png200-100c123f8e9a99aad801e3e79a865873.png","lvkJHwR/d2lneYlEp0hrx2iL+XtlNZgA",17142158959,"https://media.birdweather.com/soundscapes/19267/19267-20260920-125429.flac",0,3,"live"
11262284622,19267,"2026-09-20T06:52:04.500-06:00",0.703710079193115,0.216373473405838,7.1353368441078,"almost_certain","BirdNET",NA,10.2198,-83.7874,FALSE,501,"White-winged Dove","Zenaida asiatica","#d16ff8","avian","https://media.birdweather.com/species/501/White-wingedDove-standard-6528ef689b07d5a91f1c2275cdef19c9.jpg","https://media.birdweather.com/species/501/White-wingedDove-thumbnail-4a940adfd5a6c78c73c48c5095e7b896.jpg","https://media.birdweather.com/species/501/White-wingedDove-png200-d65decd3d571b5a9dbeca249ef97689f.png","IscJLwb6hoVelZWZdoh3eIeIdxBoB4IG",17142086778,"https://media.birdweather.com/soundscapes/19267/19267-20260920-125203.flac",1.5,4.5,"live"
11262256649,19267,"2026-09-20T06:50:21.000-06:00",0.842230141162872,0.216408669948578,7.53969097317023,"almost_certain","BirdNET",NA,10.2198,-83.7874,FALSE,501,"White-winged Dove","Zenaida asiatica","#d16ff8","avian","https://media.birdweather.com/species/501/White-wingedDove-standard-6528ef689b07d5a91f1c2275cdef19c9.jpg","https://media.birdweather.com/species/501/White-wingedDove-thumbnail-4a940adfd5a6c78c73c48c5095e7b896.jpg","https://media.birdweather.com/species/501/White-wingedDove-png200-d65decd3d571b5a9dbeca249ef97689f.png","IscJLwb6hoVelZWZdoh3eIeIdxBoB4IG",17142035251,"https://media.birdweather.com/soundscapes/19267/19267-20260920-125018.flac",3,6,"live"
11262256645,19267,"2026-09-20T06:50:19.500-06:00",0.89717561006546,0.216408669948578,7.67192432990048,"almost_certain","BirdNET",NA,10.2198,-83.7874,FALSE,501,"White-winged Dove","Zenaida asiatica","#d16ff8","avian","https://media.birdweather.com/species/501/White-wingedDove-standard-6528ef689b07d5a91f1c2275cdef19c9.jpg","https://media.birdweather.com/species/501/White-wingedDove-thumbnail-4a940adfd5a6c78c73c48c5095e7b896.jpg","https://media.birdweather.com/species/501/White-wingedDove-png200-d65decd3d571b5a9dbeca249ef97689f.png","IscJLwb6hoVelZWZdoh3eIeIdxBoB4IG",17142035251,"https://media.birdweather.com/soundscapes/19267/19267-20260920-125018.flac",1.5,4.5,"live"
11262249107,19267,"2026-09-20T06:49:52.500-06:00",0.842856585979462,0.216408669948578,7.54127283657821,"almost_certain","BirdNET",NA,10.2198,-83.7874,FALSE,501,"White-winged Dove","Zenaida asiatica","#d16ff8","avian","https://media.birdweather.com/species/501/White-wingedDove-standard-6528ef689b07d5a91f1c2275cdef19c9.jpg","https://media.birdweather.com/species/501/White-wingedDove-thumbnail-4a940adfd5a6c78c73c48c5095e7b896.jpg","https://media.birdweather.com/species/501/White-wingedDove-png200-d65decd3d571b5a9dbeca249ef97689f.png","IscJLwb6hoVelZWZdoh3eIeIdxBoB4IG",17142021706,"https://media.birdweather.com/soundscapes/19267/19267-20260920-124951.flac",1.5,4.5,"live"
11262241696,19267,"2026-09-20T06:49:25.500-06:00",0.847616314888,0.216393530368805,7.55314093418594,"almost_certain","BirdNET",NA,10.2198,-83.7874,FALSE,501,"White-winged Dove","Zenaida asiatica","#d16ff8","avian","https://media.birdweather.com/species/501/White-wingedDove-standard-6528ef689b07d5a91f1c2275cdef19c9.jpg","https://media.birdweather.com/species/501/White-wingedDove-thumbnail-4a940adfd5a6c78c73c48c5095e7b896.jpg","https://media.birdweather.com/species/501/White-wingedDove-png200-d65decd3d571b5a9dbeca249ef97689f.png","IscJLwb6hoVelZWZdoh3eIeIdxBoB4IG",17142008499,"https://media.birdweather.com/soundscapes/19267/19267-20260920-124924.flac",1.5,4.5,"live"
11262234620,19267,"2026-09-20T06:49:03.500-06:00",0.709720015525818,0.216408669948578,7.15579438386231,"almost_certain","BirdNET",NA,10.2198,-83.7874,FALSE,501,"White-winged Dove","Zenaida asiatica","#d16ff8","avian","https://media.birdweather.com/species/501/White-wingedDove-standard-6528ef689b07d5a91f1c2275cdef19c9.jpg","https://media.birdweather.com/species/501/White-wingedDove-thumbnail-4a940adfd5a6c78c73c48c5095e7b896.jpg","https://media.birdweather.com/species/501/White-wingedDove-png200-d65decd3d571b5a9dbeca249ef97689f.png","IscJLwb6hoVelZWZdoh3eIeIdxBoB4IG",17141996057,"https://media.birdweather.com/soundscapes/19267/19267-20260920-124859.flac",4.5,7.5,"live"
11262223638,19267,"2026-09-20T06:48:22.500-06:00",0.880464971065521,0.216409832239151,7.63304834111975,"almost_certain","BirdNET",NA,10.2198,-83.7874,FALSE,501,"White-winged Dove","Zenaida asiatica","#d16ff8","avian","https://media.birdweather.com/species/501/White-wingedDove-standard-6528ef689b07d5a91f1c2275cdef19c9.jpg","https://media.birdweather.com/species/501/White-wingedDove-thumbnail-4a940adfd5a6c78c73c48c5095e7b896.jpg","https://media.birdweather.com/species/501/White-wingedDove-png200-d65decd3d571b5a9dbeca249ef97689f.png","IscJLwb6hoVelZWZdoh3eIeIdxBoB4IG",17141976196,"https://media.birdweather.com/soundscapes/19267/19267-20260920-124818.flac",4.5,7.5,"live"
11262223634,19267,"2026-09-20T06:48:21.000-06:00",0.843592762947083,0.216409832239151,7.54313649106796,"almost_certain","BirdNET",NA,10.2198,-83.7874,FALSE,501,"White-winged Dove","Zenaida asiatica","#d16ff8","avian","https://media.birdweather.com/species/501/White-wingedDove-standard-6528ef689b07d5a91f1c2275cdef19c9.jpg","https://media.birdweather.com/species/501/White-wingedDove-thumbnail-4a940adfd5a6c78c73c48c5095e7b896.jpg","https://media.birdweather.com/species/501/White-wingedDove-png200-d65decd3d571b5a9dbeca249ef97689f.png","IscJLwb6hoVelZWZdoh3eIeIdxBoB4IG",17141976196,"https://media.birdweather.com/soundscapes/19267/19267-20260920-124818.flac",3,6,"live"
11262187044,19267,"2026-09-20T06:46:05.500-06:00",0.833623826503754,0.761453449726105,9.19730235083658,"almost_certain","BirdNET",NA,10.2198,-83.7874,FALSE,229,"Great Kiskadee","Pitangus sulphuratus","#7d4410","avian","https://media.birdweather.com/species/229/GreatKiskadee-standard-cd28a1b8e8b8e5aed433e809c229004e.jpg","https://media.birdweather.com/species/229/GreatKiskadee-thumbnail-b2749ed2442fb322cf3c4cb72f9c97f6.jpg","https://media.birdweather.com/species/229/GreatKiskadee-png200-003973af4f863deb00a4ce9b6f10e59c.png","0PgFDwIrhYqfZJh1mVe3SZZ3uKEJBncG",17141909918,"https://media.birdweather.com/soundscapes/19267/19267-20260920-124604.flac",1.5,4.5,"live"
11262180135,19267,"2026-09-20T06:45:40.500-06:00",0.928805589675903,0.761455059051514,9.42216465759887,"almost_certain","BirdNET",NA,10.2198,-83.7874,FALSE,229,"Great Kiskadee","Pitangus sulphuratus","#7d4410","avian","https://media.birdweather.com/species/229/GreatKiskadee-standard-cd28a1b8e8b8e5aed433e809c229004e.jpg","https://media.birdweather.com/species/229/GreatKiskadee-thumbnail-b2749ed2442fb322cf3c4cb72f9c97f6.jpg","https://media.birdweather.com/species/229/GreatKiskadee-png200-003973af4f863deb00a4ce9b6f10e59c.png","0PgFDwIrhYqfZJh1mVe3SZZ3uKEJBncG",17141897441,"https://media.birdweather.com/soundscapes/19267/19267-20260920-124539.flac",1.5,4.5,"live"
11262158021,19267,"2026-09-20T06:44:18.000-06:00",0.885166704654694,0.216386392712593,7.64395872368658,"almost_certain","BirdNET",NA,10.2198,-83.7874,FALSE,501,"White-winged Dove","Zenaida asiatica","#d16ff8","avian","https://media.birdweather.com/species/501/White-wingedDove-standard-6528ef689b07d5a91f1c2275cdef19c9.jpg","https://media.birdweather.com/species/501/White-wingedDove-thumbnail-4a940adfd5a6c78c73c48c5095e7b896.jpg","https://media.birdweather.com/species/501/White-wingedDove-png200-d65decd3d571b5a9dbeca249ef97689f.png","IscJLwb6hoVelZWZdoh3eIeIdxBoB4IG",17141857148,"https://media.birdweather.com/soundscapes/19267/19267-20260920-124418.flac",0,3,"live"
11262154384,19267,"2026-09-20T06:44:07.000-06:00",0.757911205291748,0.216386392712593,7.30800529410075,"almost_certain","BirdNET",NA,10.2198,-83.7874,FALSE,501,"White-winged Dove","Zenaida asiatica","#d16ff8","avian","https://media.birdweather.com/species/501/White-wingedDove-standard-6528ef689b07d5a91f1c2275cdef19c9.jpg","https://media.birdweather.com/species/501/White-wingedDove-thumbnail-4a940adfd5a6c78c73c48c5095e7b896.jpg","https://media.birdweather.com/species/501/White-wingedDove-png200-d65decd3d571b5a9dbeca249ef97689f.png","IscJLwb6hoVelZWZdoh3eIeIdxBoB4IG",17141850397,"https://media.birdweather.com/soundscapes/19267/19267-20260920-124404.flac",3,6,"live"
11262154380,19267,"2026-09-20T06:44:05.500-06:00",0.779220342636108,0.216386392712593,7.37032002732771,"almost_certain","BirdNET",NA,10.2198,-83.7874,FALSE,501,"White-winged Dove","Zenaida asiatica","#d16ff8","avian","https://media.birdweather.com/species/501/White-wingedDove-standard-6528ef689b07d5a91f1c2275cdef19c9.jpg","https://media.birdweather.com/species/501/White-wingedDove-thumbnail-4a940adfd5a6c78c73c48c5095e7b896.jpg","https://media.birdweather.com/species/501/White-wingedDove-png200-d65decd3d571b5a9dbeca249ef97689f.png","IscJLwb6hoVelZWZdoh3eIeIdxBoB4IG",17141850397,"https://media.birdweather.com/soundscapes/19267/19267-20260920-124404.flac",1.5,4.5,"live"
11262143756,19267,"2026-09-20T06:43:30.000-06:00",0.776238977909088,0.216379284858704,7.36172723393792,"almost_certain","BirdNET",NA,10.2198,-83.7874,FALSE,501,"White-winged Dove","Zenaida asiatica","#d16ff8","avian","https://media.birdweather.com/species/501/White-wingedDove-standard-6528ef689b07d5a91f1c2275cdef19c9.jpg","https://media.birdweather.com/species/501/White-wingedDove-thumbnail-4a940adfd5a6c78c73c48c5095e7b896.jpg","https://media.birdweather.com/species/501/White-wingedDove-png200-d65decd3d571b5a9dbeca249ef97689f.png","IscJLwb6hoVelZWZdoh3eIeIdxBoB4IG",17141831170,"https://media.birdweather.com/soundscapes/19267/19267-20260920-124324.flac",6,9,"live"
11262143748,19267,"2026-09-20T06:43:25.500-06:00",0.892714023590088,0.216379284858704,7.66147261144916,"almost_certain","BirdNET",NA,10.2198,-83.7874,FALSE,501,"White-winged Dove","Zenaida asiatica","#d16ff8","avian","https://media.birdweather.com/species/501/White-wingedDove-standard-6528ef689b07d5a91f1c2275cdef19c9.jpg","https://media.birdweather.com/species/501/White-wingedDove-thumbnail-4a940adfd5a6c78c73c48c5095e7b896.jpg","https://media.birdweather.com/species/501/White-wingedDove-png200-d65decd3d571b5a9dbeca249ef97689f.png","IscJLwb6hoVelZWZdoh3eIeIdxBoB4IG",17141831170,"https://media.birdweather.com/soundscapes/19267/19267-20260920-124324.flac",1.5,4.5,"live"
11262143745,19267,"2026-09-20T06:43:24.000-06:00",0.940680980682373,0.216379284858704,7.76808548256762,"almost_certain","BirdNET",NA,10.2198,-83.7874,FALSE,501,"White-winged Dove","Zenaida asiatica","#d16ff8","avian","https://media.birdweather.com/species/501/White-wingedDove-standard-6528ef689b07d5a91f1c2275cdef19c9.jpg","https://media.birdweather.com/species/501/White-wingedDove-thumbnail-4a940adfd5a6c78c73c48c5095e7b896.jpg","https://media.birdweather.com/species/501/White-wingedDove-png200-d65decd3d571b5a9dbeca249ef97689f.png","IscJLwb6hoVelZWZdoh3eIeIdxBoB4IG",17141831170,"https://media.birdweather.com/soundscapes/19267/19267-20260920-124324.flac",0,3,"live"
11262140300,19267,"2026-09-20T06:43:12.000-06:00",0.911889791488647,0.216379284858704,7.705093627903,"almost_certain","BirdNET",NA,10.2198,-83.7874,FALSE,501,"White-winged Dove","Zenaida asiatica","#d16ff8","avian","https://media.birdweather.com/species/501/White-wingedDove-standard-6528ef689b07d5a91f1c2275cdef19c9.jpg","https://media.birdweather.com/species/501/White-wingedDove-thumbnail-4a940adfd5a6c78c73c48c5095e7b896.jpg","https://media.birdweather.com/species/501/White-wingedDove-png200-d65decd3d571b5a9dbeca249ef97689f.png","IscJLwb6hoVelZWZdoh3eIeIdxBoB4IG",17141824961,"https://media.birdweather.com/soundscapes/19267/19267-20260920-124312.flac",0,3,"live"
11262137024,19267,"2026-09-20T06:43:03.000-06:00",0.841001212596893,0.216379284858704,7.53640461440596,"almost_certain","BirdNET",NA,10.2198,-83.7874,FALSE,501,"White-winged Dove","Zenaida asiatica","#d16ff8","avian","https://media.birdweather.com/species/501/White-wingedDove-standard-6528ef689b07d5a91f1c2275cdef19c9.jpg","https://media.birdweather.com/species/501/White-wingedDove-thumbnail-4a940adfd5a6c78c73c48c5095e7b896.jpg","https://media.birdweather.com/species/501/White-wingedDove-png200-d65decd3d571b5a9dbeca249ef97689f.png","IscJLwb6hoVelZWZdoh3eIeIdxBoB4IG",17141818897,"https://media.birdweather.com/soundscapes/19267/19267-20260920-124300.flac",3,6,"live"
11262137023,19267,"2026-09-20T06:43:01.500-06:00",0.790971040725708,0.216379284858704,7.40346478150542,"almost_certain","BirdNET",NA,10.2198,-83.7874,FALSE,501,"White-winged Dove","Zenaida asiatica","#d16ff8","avian","https://media.birdweather.com/species/501/White-wingedDove-standard-6528ef689b07d5a91f1c2275cdef19c9.jpg","https://media.birdweather.com/species/501/White-wingedDove-thumbnail-4a940adfd5a6c78c73c48c5095e7b896.jpg","https://media.birdweather.com/species/501/White-wingedDove-png200-d65decd3d571b5a9dbeca249ef97689f.png","IscJLwb6hoVelZWZdoh3eIeIdxBoB4IG",17141818897,"https://media.birdweather.com/soundscapes/19267/19267-20260920-124300.flac",1.5,4.5,"live"
11262129836,19267,"2026-09-20T06:42:32.500-06:00",0.965008020401001,0.216379284858704,7.81914190050402,"almost_certain","BirdNET",NA,10.2198,-83.7874,FALSE,501,"White-winged Dove","Zenaida asiatica","#d16ff8","avian","https://media.birdweather.com/species/501/White-wingedDove-standard-6528ef689b07d5a91f1c2275cdef19c9.jpg","https://media.birdweather.com/species/501/White-wingedDove-thumbnail-4a940adfd5a6c78c73c48c5095e7b896.jpg","https://media.birdweather.com/species/501/White-wingedDove-png200-d65decd3d571b5a9dbeca249ef97689f.png","IscJLwb6hoVelZWZdoh3eIeIdxBoB4IG",17141805719,"https://media.birdweather.com/soundscapes/19267/19267-20260920-124231.flac",1.5,4.5,"live"
11262129829,19267,"2026-09-20T06:42:31.000-06:00",0.82094806432724,0.216379284858704,7.4846581141759,"almost_certain","BirdNET",NA,10.2198,-83.7874,FALSE,501,"White-winged Dove","Zenaida asiatica","#d16ff8","avian","https://media.birdweather.com/species/501/White-wingedDove-standard-6528ef689b07d5a91f1c2275cdef19c9.jpg","https://media.birdweather.com/species/501/White-wingedDove-thumbnail-4a940adfd5a6c78c73c48c5095e7b896.jpg","https://media.birdweather.com/species/501/White-wingedDove-png200-d65decd3d571b5a9dbeca249ef97689f.png","IscJLwb6hoVelZWZdoh3eIeIdxBoB4IG",17141805719,"https://media.birdweather.com/soundscapes/19267/19267-20260920-124231.flac",0,3,"live"
11262042618,19267,"2026-09-20T06:37:15.000-06:00",0.962450504302979,0.761460840702057,9.49358441327255,"almost_certain","BirdNET",NA,10.2198,-83.7874,FALSE,229,"Great Kiskadee","Pitangus sulphuratus","#7d4410","avian","https://media.birdweather.com/species/229/GreatKiskadee-standard-cd28a1b8e8b8e5aed433e809c229004e.jpg","https://media.birdweather.com/species/229/GreatKiskadee-thumbnail-b2749ed2442fb322cf3c4cb72f9c97f6.jpg","https://media.birdweather.com/species/229/GreatKiskadee-png200-003973af4f863deb00a4ce9b6f10e59c.png","0PgFDwIrhYqfZJh1mVe3SZZ3uKEJBncG",17141646332,"https://media.birdweather.com/soundscapes/19267/19267-20260920-123709.flac",6,9,"live"
11262042615,19267,"2026-09-20T06:37:13.500-06:00",0.973751127719879,0.761460840702057,9.51675789673742,"almost_certain","BirdNET",NA,10.2198,-83.7874,FALSE,229,"Great Kiskadee","Pitangus sulphuratus","#7d4410","avian","https://media.birdweather.com/species/229/GreatKiskadee-standard-cd28a1b8e8b8e5aed433e809c229004e.jpg","https://media.birdweather.com/species/229/GreatKiskadee-thumbnail-b2749ed2442fb322cf3c4cb72f9c97f6.jpg","https://media.birdweather.com/species/229/GreatKiskadee-png200-003973af4f863deb00a4ce9b6f10e59c.png","0PgFDwIrhYqfZJh1mVe3SZZ3uKEJBncG",17141646332,"https://media.birdweather.com/soundscapes/19267/19267-20260920-123709.flac",4.5,7.5,"live"
11262039112,19267,"2026-09-20T06:37:00.500-06:00",0.734110832214355,0.761460840702057,8.91455943530488,"almost_certain","BirdNET",NA,10.2198,-83.7874,FALSE,229,"Great Kiskadee","Pitangus sulphuratus","#7d4410","avian","https://media.birdweather.com/species/229/GreatKiskadee-standard-cd28a1b8e8b8e5aed433e809c229004e.jpg","https://media.birdweather.com/species/229/GreatKiskadee-thumbnail-b2749ed2442fb322cf3c4cb72f9c97f6.jpg","https://media.birdweather.com/species/229/GreatKiskadee-png200-003973af4f863deb00a4ce9b6f10e59c.png","0PgFDwIrhYqfZJh1mVe3SZZ3uKEJBncG",17141639984,"https://media.birdweather.com/soundscapes/19267/19267-20260920-123656.flac",4.5,7.5,"live"
11262039098,19267,"2026-09-20T06:36:56.000-06:00",0.849112153053284,0.761460840702057,9.23651331439639,"almost_certain","BirdNET",NA,10.2198,-83.7874,FALSE,229,"Great Kiskadee","Pitangus sulphuratus","#7d4410","avian","https://media.birdweather.com/species/229/GreatKiskadee-standard-cd28a1b8e8b8e5aed433e809c229004e.jpg","https://media.birdweather.com/species/229/GreatKiskadee-thumbnail-b2749ed2442fb322cf3c4cb72f9c97f6.jpg","https://media.birdweather.com/species/229/GreatKiskadee-png200-003973af4f863deb00a4ce9b6f10e59c.png","0PgFDwIrhYqfZJh1mVe3SZZ3uKEJBncG",17141639984,"https://media.birdweather.com/soundscapes/19267/19267-20260920-123656.flac",0,3,"live"
11262035258,19267,"2026-09-20T06:36:47.000-06:00",0.830548286437988,0.761460840702057,9.18939664129972,"almost_certain","BirdNET",NA,10.2198,-83.7874,FALSE,229,"Great Kiskadee","Pitangus sulphuratus","#7d4410","avian","https://media.birdweather.com/species/229/GreatKiskadee-standard-cd28a1b8e8b8e5aed433e809c229004e.jpg","https://media.birdweather.com/species/229/GreatKiskadee-thumbnail-b2749ed2442fb322cf3c4cb72f9c97f6.jpg","https://media.birdweather.com/species/229/GreatKiskadee-png200-003973af4f863deb00a4ce9b6f10e59c.png","0PgFDwIrhYqfZJh1mVe3SZZ3uKEJBncG",17141632745,"https://media.birdweather.com/soundscapes/19267/19267-20260920-123641.flac",6,9,"live"
11262031823,19267,"2026-09-20T06:36:32.500-06:00",0.705001533031464,0.761460840702057,8.81946907392966,"almost_certain","BirdNET",NA,10.2198,-83.7874,FALSE,229,"Great Kiskadee","Pitangus sulphuratus","#7d4410","avian","https://media.birdweather.com/species/229/GreatKiskadee-standard-cd28a1b8e8b8e5aed433e809c229004e.jpg","https://media.birdweather.com/species/229/GreatKiskadee-thumbnail-b2749ed2442fb322cf3c4cb72f9c97f6.jpg","https://media.birdweather.com/species/229/GreatKiskadee-png200-003973af4f863deb00a4ce9b6f10e59c.png","0PgFDwIrhYqfZJh1mVe3SZZ3uKEJBncG",17141626393,"https://media.birdweather.com/soundscapes/19267/19267-20260920-123628.flac",4.5,7.5,"live"
11262031821,19267,"2026-09-20T06:36:31.000-06:00",0.835425555706024,0.761460840702057,9.20193335704359,"almost_certain","BirdNET",NA,10.2198,-83.7874,FALSE,229,"Great Kiskadee","Pitangus sulphuratus","#7d4410","avian","https://media.birdweather.com/species/229/GreatKiskadee-standard-cd28a1b8e8b8e5aed433e809c229004e.jpg","https://media.birdweather.com/species/229/GreatKiskadee-thumbnail-b2749ed2442fb322cf3c4cb72f9c97f6.jpg","https://media.birdweather.com/species/229/GreatKiskadee-png200-003973af4f863deb00a4ce9b6f10e59c.png","0PgFDwIrhYqfZJh1mVe3SZZ3uKEJBncG",17141626393,"https://media.birdweather.com/soundscapes/19267/19267-20260920-123628.flac",3,6,"live"
11262004252,19267,"2026-09-20T06:34:50.000-06:00",0.800053358078003,0.216394349932671,7.42866758748235,"almost_certain","BirdNET",NA,10.2198,-83.7874,FALSE,501,"White-winged Dove","Zenaida asiatica","#d16ff8","avian","https://media.birdweather.com/species/501/White-wingedDove-standard-6528ef689b07d5a91f1c2275cdef19c9.jpg","https://media.birdweather.com/species/501/White-wingedDove-thumbnail-4a940adfd5a6c78c73c48c5095e7b896.jpg","https://media.birdweather.com/species/501/White-wingedDove-png200-d65decd3d571b5a9dbeca249ef97689f.png","IscJLwb6hoVelZWZdoh3eIeIdxBoB4IG",17141574665,"https://media.birdweather.com/soundscapes/19267/19267-20260920-123444.flac",6,9,"live"
11262004251,19267,"2026-09-20T06:34:48.500-06:00",0.896393179893494,0.216394349932671,7.67004150120522,"almost_certain","BirdNET",NA,10.2198,-83.7874,FALSE,501,"White-winged Dove","Zenaida asiatica","#d16ff8","avian","https://media.birdweather.com/species/501/White-wingedDove-standard-6528ef689b07d5a91f1c2275cdef19c9.jpg","https://media.birdweather.com/species/501/White-wingedDove-thumbnail-4a940adfd5a6c78c73c48c5095e7b896.jpg","https://media.birdweather.com/species/501/White-wingedDove-png200-d65decd3d571b5a9dbeca249ef97689f.png","IscJLwb6hoVelZWZdoh3eIeIdxBoB4IG",17141574665,"https://media.birdweather.com/soundscapes/19267/19267-20260920-123444.flac",4.5,7.5,"live"
11261997518,19267,"2026-09-20T06:34:21.000-06:00",0.819527626037598,0.21639358997345,7.48100408303242,"almost_certain","BirdNET",NA,10.2198,-83.7874,FALSE,501,"White-winged Dove","Zenaida asiatica","#d16ff8","avian","https://media.birdweather.com/species/501/White-wingedDove-standard-6528ef689b07d5a91f1c2275cdef19c9.jpg","https://media.birdweather.com/species/501/White-wingedDove-thumbnail-4a940adfd5a6c78c73c48c5095e7b896.jpg","https://media.birdweather.com/species/501/White-wingedDove-png200-d65decd3d571b5a9dbeca249ef97689f.png","IscJLwb6hoVelZWZdoh3eIeIdxBoB4IG",17141562241,"https://media.birdweather.com/soundscapes/19267/19267-20260920-123418.flac",3,6,"live"
11261997516,19267,"2026-09-20T06:34:19.500-06:00",0.799845159053802,0.21639358997345,7.42809246543381,"almost_certain","BirdNET",NA,10.2198,-83.7874,FALSE,501,"White-winged Dove","Zenaida asiatica","#d16ff8","avian","https://media.birdweather.com/species/501/White-wingedDove-standard-6528ef689b07d5a91f1c2275cdef19c9.jpg","https://media.birdweather.com/species/501/White-wingedDove-thumbnail-4a940adfd5a6c78c73c48c5095e7b896.jpg","https://media.birdweather.com/species/501/White-wingedDove-png200-d65decd3d571b5a9dbeca249ef97689f.png","IscJLwb6hoVelZWZdoh3eIeIdxBoB4IG",17141562241,"https://media.birdweather.com/soundscapes/19267/19267-20260920-123418.flac",1.5,4.5,"live"
11261993680,19267,"2026-09-20T06:34:07.000-06:00",0.700651824474335,0.21639358997345,7.12504081183454,"almost_certain","BirdNET",NA,10.2198,-83.7874,FALSE,501,"White-winged Dove","Zenaida asiatica","#d16ff8","avian","https://media.birdweather.com/species/501/White-wingedDove-standard-6528ef689b07d5a91f1c2275cdef19c9.jpg","https://media.birdweather.com/species/501/White-wingedDove-thumbnail-4a940adfd5a6c78c73c48c5095e7b896.jpg","https://media.birdweather.com/species/501/White-wingedDove-png200-d65decd3d571b5a9dbeca249ef97689f.png","IscJLwb6hoVelZWZdoh3eIeIdxBoB4IG",17141555087,"https://media.birdweather.com/soundscapes/19267/19267-20260920-123404.flac",3,6,"live"
11261993677,19267,"2026-09-20T06:34:05.500-06:00",0.87602037191391,0.21639358997345,7.6224196488229,"almost_certain","BirdNET",NA,10.2198,-83.7874,FALSE,501,"White-winged Dove","Zenaida asiatica","#d16ff8","avian","https://media.birdweather.com/species/501/White-wingedDove-standard-6528ef689b07d5a91f1c2275cdef19c9.jpg","https://media.birdweather.com/species/501/White-wingedDove-thumbnail-4a940adfd5a6c78c73c48c5095e7b896.jpg","https://media.birdweather.com/species/501/White-wingedDove-png200-d65decd3d571b5a9dbeca249ef97689f.png","IscJLwb6hoVelZWZdoh3eIeIdxBoB4IG",17141555087,"https://media.birdweather.com/soundscapes/19267/19267-20260920-123404.flac",1.5,4.5,"live"
11261986984,19267,"2026-09-20T06:33:38.000-06:00",0.872346878051758,0.21639358997345,7.613654676193,"almost_certain","BirdNET",NA,10.2198,-83.7874,FALSE,501,"White-winged Dove","Zenaida asiatica","#d16ff8","avian","https://media.birdweather.com/species/501/White-wingedDove-standard-6528ef689b07d5a91f1c2275cdef19c9.jpg","https://media.birdweather.com/species/501/White-wingedDove-thumbnail-4a940adfd5a6c78c73c48c5095e7b896.jpg","https://media.birdweather.com/species/501/White-wingedDove-png200-d65decd3d571b5a9dbeca249ef97689f.png","IscJLwb6hoVelZWZdoh3eIeIdxBoB4IG",17141542581,"https://media.birdweather.com/soundscapes/19267/19267-20260920-123338.flac",0,3,"live"
11261983209,19267,"2026-09-20T06:33:25.500-06:00",0.907073140144348,0.21639358997345,7.69435321172817,"almost_certain","BirdNET",NA,10.2198,-83.7874,FALSE,501,"White-winged Dove","Zenaida asiatica","#d16ff8","avian","https://media.birdweather.com/species/501/White-wingedDove-standard-6528ef689b07d5a91f1c2275cdef19c9.jpg","https://media.birdweather.com/species/501/White-wingedDove-thumbnail-4a940adfd5a6c78c73c48c5095e7b896.jpg","https://media.birdweather.com/species/501/White-wingedDove-png200-d65decd3d571b5a9dbeca249ef97689f.png","IscJLwb6hoVelZWZdoh3eIeIdxBoB4IG",17141535486,"https://media.birdweather.com/soundscapes/19267/19267-20260920-123324.flac",1.5,4.5,"live"
11261972501,19267,"2026-09-20T06:32:50.000-06:00",0.731675863265991,0.761460363864899,8.90685249584065,"almost_certain","BirdNET",NA,10.2198,-83.7874,FALSE,229,"Great Kiskadee","Pitangus sulphuratus","#7d4410","avian","https://media.birdweather.com/species/229/GreatKiskadee-standard-cd28a1b8e8b8e5aed433e809c229004e.jpg","https://media.birdweather.com/species/229/GreatKiskadee-thumbnail-b2749ed2442fb322cf3c4cb72f9c97f6.jpg","https://media.birdweather.com/species/229/GreatKiskadee-png200-003973af4f863deb00a4ce9b6f10e59c.png","0PgFDwIrhYqfZJh1mVe3SZZ3uKEJBncG",17141515888,"https://media.birdweather.com/soundscapes/19267/19267-20260920-123244.flac",6,9,"live"
11261965472,19267,"2026-09-20T06:32:18.000-06:00",0.803613424301147,0.76146125793457,9.11801762026636,"almost_certain","BirdNET",NA,10.2198,-83.7874,FALSE,229,"Great Kiskadee","Pitangus sulphuratus","#7d4410","avian","https://media.birdweather.com/species/229/GreatKiskadee-standard-cd28a1b8e8b8e5aed433e809c229004e.jpg","https://media.birdweather.com/species/229/GreatKiskadee-thumbnail-b2749ed2442fb322cf3c4cb72f9c97f6.jpg","https://media.birdweather.com/species/229/GreatKiskadee-png200-003973af4f863deb00a4ce9b6f10e59c.png","0PgFDwIrhYqfZJh1mVe3SZZ3uKEJBncG",17141503203,"https://media.birdweather.com/soundscapes/19267/19267-20260920-123218.flac",0,3,"live"
11261961519,19267,"2026-09-20T06:32:10.000-06:00",0.777514100074768,0.761462152004242,9.04511428802851,"almost_certain","BirdNET",NA,10.2198,-83.7874,FALSE,229,"Great Kiskadee","Pitangus sulphuratus","#7d4410","avian","https://media.birdweather.com/species/229/GreatKiskadee-standard-cd28a1b8e8b8e5aed433e809c229004e.jpg","https://media.birdweather.com/species/229/GreatKiskadee-thumbnail-b2749ed2442fb322cf3c4cb72f9c97f6.jpg","https://media.birdweather.com/species/229/GreatKiskadee-png200-003973af4f863deb00a4ce9b6f10e59c.png","0PgFDwIrhYqfZJh1mVe3SZZ3uKEJBncG",17141496001,"https://media.birdweather.com/soundscapes/19267/19267-20260920-123204.flac",6,9,"live"
11261961515,19267,"2026-09-20T06:32:08.500-06:00",0.890020430088043,0.761462152004242,9.33495624895787,"almost_certain","BirdNET",NA,10.2198,-83.7874,FALSE,229,"Great Kiskadee","Pitangus sulphuratus","#7d4410","avian","https://media.birdweather.com/species/229/GreatKiskadee-standard-cd28a1b8e8b8e5aed433e809c229004e.jpg","https://media.birdweather.com/species/229/GreatKiskadee-thumbnail-b2749ed2442fb322cf3c4cb72f9c97f6.jpg","https://media.birdweather.com/species/229/GreatKiskadee-png200-003973af4f863deb00a4ce9b6f10e59c.png","0PgFDwIrhYqfZJh1mVe3SZZ3uKEJBncG",17141496001,"https://media.birdweather.com/soundscapes/19267/19267-20260920-123204.flac",4.5,7.5,"live"
11261957932,19267,"2026-09-20T06:31:55.500-06:00",0.70722907781601,0.176872789859772,6.8845183702277,"almost_certain","BirdNET",NA,10.2198,-83.7874,FALSE,1160,"Common Ground Dove","Columbina passerina","#c06a00","avian","https://media.birdweather.com/species/1160/CommonGroundDove-standard-190fed38e0547c9f862bb6606206b0e1.jpg","https://media.birdweather.com/species/1160/CommonGroundDove-thumbnail-7d88ef9bbc0870bbdf73eadf87864603.jpg","https://media.birdweather.com/species/1160/CommonGroundDove-png200-5be08fea0f16da44154e7283d2fd4fec.png","5xgODwDKd2nHdXiAlii3WIdmyFwMi7AB",17141489707,"https://media.birdweather.com/soundscapes/19267/19267-20260920-123151.flac",4.5,7.5,"live"
11261954676,19267,"2026-09-20T06:31:41.000-06:00",0.77964460849762,0.216384455561638,7.37152066339632,"almost_certain","BirdNET",NA,10.2198,-83.7874,FALSE,501,"White-winged Dove","Zenaida asiatica","#d16ff8","avian","https://media.birdweather.com/species/501/White-wingedDove-standard-6528ef689b07d5a91f1c2275cdef19c9.jpg","https://media.birdweather.com/species/501/White-wingedDove-thumbnail-4a940adfd5a6c78c73c48c5095e7b896.jpg","https://media.birdweather.com/species/501/White-wingedDove-png200-d65decd3d571b5a9dbeca249ef97689f.png","IscJLwb6hoVelZWZdoh3eIeIdxBoB4IG",17141483338,"https://media.birdweather.com/soundscapes/19267/19267-20260920-123138.flac",3,6,"live"
11261940037,19267,"2026-09-20T06:30:46.500-06:00",0.775974810123444,0.216399416327477,7.36108891579085,"almost_certain","BirdNET",NA,10.2198,-83.7874,FALSE,501,"White-winged Dove","Zenaida asiatica","#d16ff8","avian","https://media.birdweather.com/species/501/White-wingedDove-standard-6528ef689b07d5a91f1c2275cdef19c9.jpg","https://media.birdweather.com/species/501/White-wingedDove-thumbnail-4a940adfd5a6c78c73c48c5095e7b896.jpg","https://media.birdweather.com/species/501/White-wingedDove-png200-d65decd3d571b5a9dbeca249ef97689f.png","IscJLwb6hoVelZWZdoh3eIeIdxBoB4IG",17141456846,"https://media.birdweather.com/soundscapes/19267/19267-20260920-123045.flac",1.5,4.5,"live"
11261933491,19267,"2026-09-20T06:30:20.500-06:00",0.800816714763641,0.216399416327477,7.43078802532272,"almost_certain","BirdNET",NA,10.2198,-83.7874,FALSE,501,"White-winged Dove","Zenaida asiatica","#d16ff8","avian","https://media.birdweather.com/species/501/White-wingedDove-standard-6528ef689b07d5a91f1c2275cdef19c9.jpg","https://media.birdweather.com/species/501/White-wingedDove-thumbnail-4a940adfd5a6c78c73c48c5095e7b896.jpg","https://media.birdweather.com/species/501/White-wingedDove-png200-d65decd3d571b5a9dbeca249ef97689f.png","IscJLwb6hoVelZWZdoh3eIeIdxBoB4IG",17141444421,"https://media.birdweather.com/soundscapes/19267/19267-20260920-123019.flac",1.5,4.5,"live"
11261929483,19267,"2026-09-20T06:30:06.500-06:00",0.81403249502182,0.216399416327477,7.46647143986803,"almost_certain","BirdNET",NA,10.2198,-83.7874,FALSE,501,"White-winged Dove","Zenaida asiatica","#d16ff8","avian","https://media.birdweather.com/species/501/White-wingedDove-standard-6528ef689b07d5a91f1c2275cdef19c9.jpg","https://media.birdweather.com/species/501/White-wingedDove-thumbnail-4a940adfd5a6c78c73c48c5095e7b896.jpg","https://media.birdweather.com/species/501/White-wingedDove-png200-d65decd3d571b5a9dbeca249ef97689f.png","IscJLwb6hoVelZWZdoh3eIeIdxBoB4IG",17141437233,"https://media.birdweather.com/soundscapes/19267/19267-20260920-123005.flac",1.5,4.5,"live"
11261918811,19267,"2026-09-20T06:29:29.500-06:00",0.758701801300049,0.216399416327477,7.31044740781855,"almost_certain","BirdNET",NA,10.2198,-83.7874,FALSE,501,"White-winged Dove","Zenaida asiatica","#d16ff8","avian","https://media.birdweather.com/species/501/White-wingedDove-standard-6528ef689b07d5a91f1c2275cdef19c9.jpg","https://media.birdweather.com/species/501/White-wingedDove-thumbnail-4a940adfd5a6c78c73c48c5095e7b896.jpg","https://media.birdweather.com/species/501/White-wingedDove-png200-d65decd3d571b5a9dbeca249ef97689f.png","IscJLwb6hoVelZWZdoh3eIeIdxBoB4IG",17141417471,"https://media.birdweather.com/soundscapes/19267/19267-20260920-122925.flac",4.5,7.5,"live"
11261905116,19267,"2026-09-20T06:28:38.000-06:00",0.906098961830139,0.216399416327477,7.69218824592616,"almost_certain","BirdNET",NA,10.2198,-83.7874,FALSE,501,"White-winged Dove","Zenaida asiatica","#d16ff8","avian","https://media.birdweather.com/species/501/White-wingedDove-standard-6528ef689b07d5a91f1c2275cdef19c9.jpg","https://media.birdweather.com/species/501/White-wingedDove-thumbnail-4a940adfd5a6c78c73c48c5095e7b896.jpg","https://media.birdweather.com/species/501/White-wingedDove-png200-d65decd3d571b5a9dbeca249ef97689f.png","IscJLwb6hoVelZWZdoh3eIeIdxBoB4IG",17141391750,"https://media.birdweather.com/soundscapes/19267/19267-20260920-122832.flac",6,9,"live"
11261905109,19267,"2026-09-20T06:28:33.500-06:00",0.922163009643555,0.216399416327477,7.72802587823383,"almost_certain","BirdNET",NA,10.2198,-83.7874,FALSE,501,"White-winged Dove","Zenaida asiatica","#d16ff8","avian","https://media.birdweather.com/species/501/White-wingedDove-standard-6528ef689b07d5a91f1c2275cdef19c9.jpg","https://media.birdweather.com/species/501/White-wingedDove-thumbnail-4a940adfd5a6c78c73c48c5095e7b896.jpg","https://media.birdweather.com/species/501/White-wingedDove-png200-d65decd3d571b5a9dbeca249ef97689f.png","IscJLwb6hoVelZWZdoh3eIeIdxBoB4IG",17141391750,"https://media.birdweather.com/soundscapes/19267/19267-20260920-122832.flac",1.5,4.5,"live"
11261905106,19267,"2026-09-20T06:28:32.000-06:00",0.901486456394196,0.216399416327477,7.68172246341012,"almost_certain","BirdNET",NA,10.2198,-83.7874,FALSE,501,"White-winged Dove","Zenaida asiatica","#d16ff8","avian","https://media.birdweather.com/species/501/White-wingedDove-standard-6528ef689b07d5a91f1c2275cdef19c9.jpg","https://media.birdweather.com/species/501/White-wingedDove-thumbnail-4a940adfd5a6c78c73c48c5095e7b896.jpg","https://media.birdweather.com/species/501/White-wingedDove-png200-d65decd3d571b5a9dbeca249ef97689f.png","IscJLwb6hoVelZWZdoh3eIeIdxBoB4IG",17141391750,"https://media.birdweather.com/soundscapes/19267/19267-20260920-122832.flac",0,3,"live"
11261901688,19267,"2026-09-20T06:28:24.500-06:00",0.779688239097595,0.216402605175972,7.37175510975401,"almost_certain","BirdNET",NA,10.2198,-83.7874,FALSE,501,"White-winged Dove","Zenaida asiatica","#d16ff8","avian","https://media.birdweather.com/species/501/White-wingedDove-standard-6528ef689b07d5a91f1c2275cdef19c9.jpg","https://media.birdweather.com/species/501/White-wingedDove-thumbnail-4a940adfd5a6c78c73c48c5095e7b896.jpg","https://media.birdweather.com/species/501/White-wingedDove-png200-d65decd3d571b5a9dbeca249ef97689f.png","IscJLwb6hoVelZWZdoh3eIeIdxBoB4IG",17141385367,"https://media.birdweather.com/soundscapes/19267/19267-20260920-122820.flac",4.5,7.5,"live"
11261891072,19267,"2026-09-20T06:27:46.000-06:00",0.730886518955231,0.216403543949127,7.22477125367559,"almost_certain","BirdNET",NA,10.2198,-83.7874,FALSE,501,"White-winged Dove","Zenaida asiatica","#d16ff8","avian","https://media.birdweather.com/species/501/White-wingedDove-standard-6528ef689b07d5a91f1c2275cdef19c9.jpg","https://media.birdweather.com/species/501/White-wingedDove-thumbnail-4a940adfd5a6c78c73c48c5095e7b896.jpg","https://media.birdweather.com/species/501/White-wingedDove-png200-d65decd3d571b5a9dbeca249ef97689f.png","IscJLwb6hoVelZWZdoh3eIeIdxBoB4IG",17141365809,"https://media.birdweather.com/soundscapes/19267/19267-20260920-122740.flac",6,9,"live"
11261879722,19267,"2026-09-20T06:27:01.000-06:00",0.886059045791626,0.761457324028015,9.32571850806323,"almost_certain","BirdNET",NA,10.2198,-83.7874,FALSE,229,"Great Kiskadee","Pitangus sulphuratus","#7d4410","avian","https://media.birdweather.com/species/229/GreatKiskadee-standard-cd28a1b8e8b8e5aed433e809c229004e.jpg","https://media.birdweather.com/species/229/GreatKiskadee-thumbnail-b2749ed2442fb322cf3c4cb72f9c97f6.jpg","https://media.birdweather.com/species/229/GreatKiskadee-png200-003973af4f863deb00a4ce9b6f10e59c.png","0PgFDwIrhYqfZJh1mVe3SZZ3uKEJBncG",17141344861,"https://media.birdweather.com/soundscapes/19267/19267-20260920-122658.flac",3,6,"live"
11261858599,19267,"2026-09-20T06:25:45.000-06:00",0.932836532592773,0.76146012544632,9.43092797663353,"almost_certain","BirdNET",NA,10.2198,-83.7874,FALSE,229,"Great Kiskadee","Pitangus sulphuratus","#7d4410","avian","https://media.birdweather.com/species/229/GreatKiskadee-standard-cd28a1b8e8b8e5aed433e809c229004e.jpg","https://media.birdweather.com/species/229/GreatKiskadee-thumbnail-b2749ed2442fb322cf3c4cb72f9c97f6.jpg","https://media.birdweather.com/species/229/GreatKiskadee-png200-003973af4f863deb00a4ce9b6f10e59c.png","0PgFDwIrhYqfZJh1mVe3SZZ3uKEJBncG",17141305925,"https://media.birdweather.com/soundscapes/19267/19267-20260920-122539.flac",6,9,"live"
11261858598,19267,"2026-09-20T06:25:40.500-06:00",0.979672133922577,0.76146012544632,9.52874375648684,"almost_certain","BirdNET",NA,10.2198,-83.7874,FALSE,229,"Great Kiskadee","Pitangus sulphuratus","#7d4410","avian","https://media.birdweather.com/species/229/GreatKiskadee-standard-cd28a1b8e8b8e5aed433e809c229004e.jpg","https://media.birdweather.com/species/229/GreatKiskadee-thumbnail-b2749ed2442fb322cf3c4cb72f9c97f6.jpg","https://media.birdweather.com/species/229/GreatKiskadee-png200-003973af4f863deb00a4ce9b6f10e59c.png","0PgFDwIrhYqfZJh1mVe3SZZ3uKEJBncG",17141305925,"https://media.birdweather.com/soundscapes/19267/19267-20260920-122539.flac",1.5,4.5,"live"
11261855050,19267,"2026-09-20T06:25:31.000-06:00",0.943174064159393,0.76146012544632,9.4531264256703,"almost_certain","BirdNET",NA,10.2198,-83.7874,FALSE,229,"Great Kiskadee","Pitangus sulphuratus","#7d4410","avian","https://media.birdweather.com/species/229/GreatKiskadee-standard-cd28a1b8e8b8e5aed433e809c229004e.jpg","https://media.birdweather.com/species/229/GreatKiskadee-thumbnail-b2749ed2442fb322cf3c4cb72f9c97f6.jpg","https://media.birdweather.com/species/229/GreatKiskadee-png200-003973af4f863deb00a4ce9b6f10e59c.png","0PgFDwIrhYqfZJh1mVe3SZZ3uKEJBncG",17141299067,"https://media.birdweather.com/soundscapes/19267/19267-20260920-122525.flac",6,9,"live"
11261840938,19267,"2026-09-20T06:24:34.500-06:00",0.728657126426697,0.371563941240311,7.93274895358901,"almost_certain","BirdNET",NA,10.2198,-83.7874,FALSE,321,"Palm Tanager","Thraupis palmarum","#008efd","avian","https://media.birdweather.com/species/321/PalmTanager-standard-cbade2e4973d8cb57c4014568207591d.jpg","https://media.birdweather.com/species/321/PalmTanager-thumbnail-66ffacacc3b9c5f5dad0cf97c949e40f.jpg","https://media.birdweather.com/species/321/PalmTanager-png200-100c123f8e9a99aad801e3e79a865873.png","lvkJHwR/d2lneYlEp0hrx2iL+XtlNZgA",17141272184,"https://media.birdweather.com/soundscapes/19267/19267-20260920-122430.flac",4.5,7.5,"live"
11261833327,19267,"2026-09-20T06:24:01.000-06:00",0.808410465717316,0.761457204818726,9.13099825022782,"almost_certain","BirdNET",NA,10.2198,-83.7874,FALSE,229,"Great Kiskadee","Pitangus sulphuratus","#7d4410","avian","https://media.birdweather.com/species/229/GreatKiskadee-standard-cd28a1b8e8b8e5aed433e809c229004e.jpg","https://media.birdweather.com/species/229/GreatKiskadee-thumbnail-b2749ed2442fb322cf3c4cb72f9c97f6.jpg","https://media.birdweather.com/species/229/GreatKiskadee-png200-003973af4f863deb00a4ce9b6f10e59c.png","0PgFDwIrhYqfZJh1mVe3SZZ3uKEJBncG",17141257727,"https://media.birdweather.com/soundscapes/19267/19267-20260920-122401.flac",0,3,"live"
11261813038,19267,"2026-09-20T06:22:45.000-06:00",0.927704036235809,0.761457204818726,9.41976637182604,"almost_certain","BirdNET",NA,10.2198,-83.7874,FALSE,229,"Great Kiskadee","Pitangus sulphuratus","#7d4410","avian","https://media.birdweather.com/species/229/GreatKiskadee-standard-cd28a1b8e8b8e5aed433e809c229004e.jpg","https://media.birdweather.com/species/229/GreatKiskadee-thumbnail-b2749ed2442fb322cf3c4cb72f9c97f6.jpg","https://media.birdweather.com/species/229/GreatKiskadee-png200-003973af4f863deb00a4ce9b6f10e59c.png","0PgFDwIrhYqfZJh1mVe3SZZ3uKEJBncG",17141218751,"https://media.birdweather.com/soundscapes/19267/19267-20260920-122242.flac",3,6,"live"
11261813034,19267,"2026-09-20T06:22:43.500-06:00",0.824541807174683,0.761457204818726,9.17379158199121,"almost_certain","BirdNET",NA,10.2198,-83.7874,FALSE,229,"Great Kiskadee","Pitangus sulphuratus","#7d4410","avian","https://media.birdweather.com/species/229/GreatKiskadee-standard-cd28a1b8e8b8e5aed433e809c229004e.jpg","https://media.birdweather.com/species/229/GreatKiskadee-thumbnail-b2749ed2442fb322cf3c4cb72f9c97f6.jpg","https://media.birdweather.com/species/229/GreatKiskadee-png200-003973af4f863deb00a4ce9b6f10e59c.png","0PgFDwIrhYqfZJh1mVe3SZZ3uKEJBncG",17141218751,"https://media.birdweather.com/soundscapes/19267/19267-20260920-122242.flac",1.5,4.5,"live"
11261809754,19267,"2026-09-20T06:22:30.500-06:00",0.822086751461029,0.761456787586212,9.16736366596171,"almost_certain","BirdNET",NA,10.2198,-83.7874,FALSE,229,"Great Kiskadee","Pitangus sulphuratus","#7d4410","avian","https://media.birdweather.com/species/229/GreatKiskadee-standard-cd28a1b8e8b8e5aed433e809c229004e.jpg","https://media.birdweather.com/species/229/GreatKiskadee-thumbnail-b2749ed2442fb322cf3c4cb72f9c97f6.jpg","https://media.birdweather.com/species/229/GreatKiskadee-png200-003973af4f863deb00a4ce9b6f10e59c.png","0PgFDwIrhYqfZJh1mVe3SZZ3uKEJBncG",17141212653,"https://media.birdweather.com/soundscapes/19267/19267-20260920-122229.flac",1.5,4.5,"live"
11261806513,19267,"2026-09-20T06:22:17.000-06:00",0.74449223279953,0.761455178260803,8.94692618617562,"almost_certain","BirdNET",NA,10.2198,-83.7874,FALSE,229,"Great Kiskadee","Pitangus sulphuratus","#7d4410","avian","https://media.birdweather.com/species/229/GreatKiskadee-standard-cd28a1b8e8b8e5aed433e809c229004e.jpg","https://media.birdweather.com/species/229/GreatKiskadee-thumbnail-b2749ed2442fb322cf3c4cb72f9c97f6.jpg","https://media.birdweather.com/species/229/GreatKiskadee-png200-003973af4f863deb00a4ce9b6f10e59c.png","0PgFDwIrhYqfZJh1mVe3SZZ3uKEJBncG",17141206524,"https://media.birdweather.com/soundscapes/19267/19267-20260920-122217.flac",0,3,"live"
11261802750,19267,"2026-09-20T06:22:05.000-06:00",0.700254499912262,0.371554672718048,7.83879290567613,"almost_certain","BirdNET",NA,10.2198,-83.7874,FALSE,321,"Palm Tanager","Thraupis palmarum","#008efd","avian","https://media.birdweather.com/species/321/PalmTanager-standard-cbade2e4973d8cb57c4014568207591d.jpg","https://media.birdweather.com/species/321/PalmTanager-thumbnail-66ffacacc3b9c5f5dad0cf97c949e40f.jpg","https://media.birdweather.com/species/321/PalmTanager-png200-100c123f8e9a99aad801e3e79a865873.png","lvkJHwR/d2lneYlEp0hrx2iL+XtlNZgA",17141199560,"https://media.birdweather.com/soundscapes/19267/19267-20260920-122202.flac",3,6,"live"
11261792273,19267,"2026-09-20T06:21:27.500-06:00",0.766941964626312,0.761458516120911,9.01443529683663,"almost_certain","BirdNET",NA,10.2198,-83.7874,FALSE,229,"Great Kiskadee","Pitangus sulphuratus","#7d4410","avian","https://media.birdweather.com/species/229/GreatKiskadee-standard-cd28a1b8e8b8e5aed433e809c229004e.jpg","https://media.birdweather.com/species/229/GreatKiskadee-thumbnail-b2749ed2442fb322cf3c4cb72f9c97f6.jpg","https://media.birdweather.com/species/229/GreatKiskadee-png200-003973af4f863deb00a4ce9b6f10e59c.png","0PgFDwIrhYqfZJh1mVe3SZZ3uKEJBncG",17141179851,"https://media.birdweather.com/soundscapes/19267/19267-20260920-122123.flac",4.5,7.5,"live"
11261785814,19267,"2026-09-20T06:20:59.500-06:00",0.932995498180389,0.110376439988613,6.88627629080929,"almost_certain","BirdNET",NA,10.2198,-83.7874,FALSE,603,"Tropical Mockingbird","Mimus gilvus","#006e2a","avian","https://media.birdweather.com/species/603/TropicalMockingbird-standard-33be42788a38707b12f757d28526a492.jpg","https://media.birdweather.com/species/603/TropicalMockingbird-thumbnail-4f6417f6928c80a2cb70eb341f54fd79.jpg","https://media.birdweather.com/species/603/TropicalMockingbird-png200-9e94d27578943cfad1e7923fe23d2300.png","q+cJFwL4VohclXidhXh5aJh4qDAaGKYA",17141167879,"https://media.birdweather.com/soundscapes/19267/19267-20260920-122058.flac",1.5,4.5,"live"
11261775302,19267,"2026-09-20T06:20:25.000-06:00",0.791267335414886,0.761458992958069,9.08400950265423,"almost_certain","BirdNET",NA,10.2198,-83.7874,FALSE,229,"Great Kiskadee","Pitangus sulphuratus","#7d4410","avian","https://media.birdweather.com/species/229/GreatKiskadee-standard-cd28a1b8e8b8e5aed433e809c229004e.jpg","https://media.birdweather.com/species/229/GreatKiskadee-thumbnail-b2749ed2442fb322cf3c4cb72f9c97f6.jpg","https://media.birdweather.com/species/229/GreatKiskadee-png200-003973af4f863deb00a4ce9b6f10e59c.png","0PgFDwIrhYqfZJh1mVe3SZZ3uKEJBncG",17141148476,"https://media.birdweather.com/soundscapes/19267/19267-20260920-122019.flac",6,9,"live"
11261771715,19267,"2026-09-20T06:20:11.000-06:00",0.798655688762665,0.761460363864899,9.10446248090261,"almost_certain","BirdNET",NA,10.2198,-83.7874,FALSE,229,"Great Kiskadee","Pitangus sulphuratus","#7d4410","avian","https://media.birdweather.com/species/229/GreatKiskadee-standard-cd28a1b8e8b8e5aed433e809c229004e.jpg","https://media.birdweather.com/species/229/GreatKiskadee-thumbnail-b2749ed2442fb322cf3c4cb72f9c97f6.jpg","https://media.birdweather.com/species/229/GreatKiskadee-png200-003973af4f863deb00a4ce9b6f10e59c.png","0PgFDwIrhYqfZJh1mVe3SZZ3uKEJBncG",17141141515,"https://media.birdweather.com/soundscapes/19267/19267-20260920-122005.flac",6,9,"live"
11261771710,19267,"2026-09-20T06:20:09.500-06:00",0.913736701011658,0.761460363864899,9.3889431937329,"almost_certain","BirdNET",NA,10.2198,-83.7874,FALSE,229,"Great Kiskadee","Pitangus sulphuratus","#7d4410","avian","https://media.birdweather.com/species/229/GreatKiskadee-standard-cd28a1b8e8b8e5aed433e809c229004e.jpg","https://media.birdweather.com/species/229/GreatKiskadee-thumbnail-b2749ed2442fb322cf3c4cb72f9c97f6.jpg","https://media.birdweather.com/species/229/GreatKiskadee-png200-003973af4f863deb00a4ce9b6f10e59c.png","0PgFDwIrhYqfZJh1mVe3SZZ3uKEJBncG",17141141515,"https://media.birdweather.com/soundscapes/19267/19267-20260920-122005.flac",4.5,7.5,"live"
11261768435,19267,"2026-09-20T06:19:50.000-06:00",0.914769887924194,0.761460363864899,9.39124756298357,"almost_certain","BirdNET",NA,10.2198,-83.7874,FALSE,229,"Great Kiskadee","Pitangus sulphuratus","#7d4410","avian","https://media.birdweather.com/species/229/GreatKiskadee-standard-cd28a1b8e8b8e5aed433e809c229004e.jpg","https://media.birdweather.com/species/229/GreatKiskadee-thumbnail-b2749ed2442fb322cf3c4cb72f9c97f6.jpg","https://media.birdweather.com/species/229/GreatKiskadee-png200-003973af4f863deb00a4ce9b6f10e59c.png","0PgFDwIrhYqfZJh1mVe3SZZ3uKEJBncG",17141135370,"https://media.birdweather.com/soundscapes/19267/19267-20260920-121950.flac",0,3,"live"
11261764545,19267,"2026-09-20T06:19:40.000-06:00",0.716544151306152,0.761458992958069,8.85796499716045,"almost_certain","BirdNET",NA,10.2198,-83.7874,FALSE,229,"Great Kiskadee","Pitangus sulphuratus","#7d4410","avian","https://media.birdweather.com/species/229/GreatKiskadee-standard-cd28a1b8e8b8e5aed433e809c229004e.jpg","https://media.birdweather.com/species/229/GreatKiskadee-thumbnail-b2749ed2442fb322cf3c4cb72f9c97f6.jpg","https://media.birdweather.com/species/229/GreatKiskadee-png200-003973af4f863deb00a4ce9b6f10e59c.png","0PgFDwIrhYqfZJh1mVe3SZZ3uKEJBncG",17141128088,"https://media.birdweather.com/soundscapes/19267/19267-20260920-121937.flac",3,6,"live"
11261757205,19267,"2026-09-20T06:19:16.000-06:00",0.790943920612335,0.761455416679382,9.08310094598675,"almost_certain","BirdNET",NA,10.2198,-83.7874,FALSE,229,"Great Kiskadee","Pitangus sulphuratus","#7d4410","avian","https://media.birdweather.com/species/229/GreatKiskadee-standard-cd28a1b8e8b8e5aed433e809c229004e.jpg","https://media.birdweather.com/species/229/GreatKiskadee-thumbnail-b2749ed2442fb322cf3c4cb72f9c97f6.jpg","https://media.birdweather.com/species/229/GreatKiskadee-png200-003973af4f863deb00a4ce9b6f10e59c.png","0PgFDwIrhYqfZJh1mVe3SZZ3uKEJBncG",17141114554,"https://media.birdweather.com/soundscapes/19267/19267-20260920-121910.flac",6,9,"live"
11261757196,19267,"2026-09-20T06:19:10.000-06:00",0.813302993774414,0.761455416679382,9.14411580757974,"almost_certain","BirdNET",NA,10.2198,-83.7874,FALSE,229,"Great Kiskadee","Pitangus sulphuratus","#7d4410","avian","https://media.birdweather.com/species/229/GreatKiskadee-standard-cd28a1b8e8b8e5aed433e809c229004e.jpg","https://media.birdweather.com/species/229/GreatKiskadee-thumbnail-b2749ed2442fb322cf3c4cb72f9c97f6.jpg","https://media.birdweather.com/species/229/GreatKiskadee-png200-003973af4f863deb00a4ce9b6f10e59c.png","0PgFDwIrhYqfZJh1mVe3SZZ3uKEJBncG",17141114554,"https://media.birdweather.com/soundscapes/19267/19267-20260920-121910.flac",0,3,"live"
11261753912,19267,"2026-09-20T06:19:01.000-06:00",0.780709624290466,0.761455416679382,9.05423982656619,"almost_certain","BirdNET",NA,10.2198,-83.7874,FALSE,229,"Great Kiskadee","Pitangus sulphuratus","#7d4410","avian","https://media.birdweather.com/species/229/GreatKiskadee-standard-cd28a1b8e8b8e5aed433e809c229004e.jpg","https://media.birdweather.com/species/229/GreatKiskadee-thumbnail-b2749ed2442fb322cf3c4cb72f9c97f6.jpg","https://media.birdweather.com/species/229/GreatKiskadee-png200-003973af4f863deb00a4ce9b6f10e59c.png","0PgFDwIrhYqfZJh1mVe3SZZ3uKEJBncG",17141108572,"https://media.birdweather.com/soundscapes/19267/19267-20260920-121858.flac",3,6,"live"
11261750408,19267,"2026-09-20T06:18:51.000-06:00",0.79804390668869,0.761458039283752,9.10277651895738,"almost_certain","BirdNET",NA,10.2198,-83.7874,FALSE,229,"Great Kiskadee","Pitangus sulphuratus","#7d4410","avian","https://media.birdweather.com/species/229/GreatKiskadee-standard-cd28a1b8e8b8e5aed433e809c229004e.jpg","https://media.birdweather.com/species/229/GreatKiskadee-thumbnail-b2749ed2442fb322cf3c4cb72f9c97f6.jpg","https://media.birdweather.com/species/229/GreatKiskadee-png200-003973af4f863deb00a4ce9b6f10e59c.png","0PgFDwIrhYqfZJh1mVe3SZZ3uKEJBncG",17141101958,"https://media.birdweather.com/soundscapes/19267/19267-20260920-121845.flac",6,9,"live"
11261750405,19267,"2026-09-20T06:18:49.500-06:00",0.904970109462738,0.761458039283752,9.36922893110121,"almost_certain","BirdNET",NA,10.2198,-83.7874,FALSE,229,"Great Kiskadee","Pitangus sulphuratus","#7d4410","avian","https://media.birdweather.com/species/229/GreatKiskadee-standard-cd28a1b8e8b8e5aed433e809c229004e.jpg","https://media.birdweather.com/species/229/GreatKiskadee-thumbnail-b2749ed2442fb322cf3c4cb72f9c97f6.jpg","https://media.birdweather.com/species/229/GreatKiskadee-png200-003973af4f863deb00a4ce9b6f10e59c.png","0PgFDwIrhYqfZJh1mVe3SZZ3uKEJBncG",17141101958,"https://media.birdweather.com/soundscapes/19267/19267-20260920-121845.flac",4.5,7.5,"live"
11261747176,19267,"2026-09-20T06:18:38.000-06:00",0.985349655151367,0.761458039283752,9.54013657158386,"almost_certain","BirdNET",NA,10.2198,-83.7874,FALSE,229,"Great Kiskadee","Pitangus sulphuratus","#7d4410","avian","https://media.birdweather.com/species/229/GreatKiskadee-standard-cd28a1b8e8b8e5aed433e809c229004e.jpg","https://media.birdweather.com/species/229/GreatKiskadee-thumbnail-b2749ed2442fb322cf3c4cb72f9c97f6.jpg","https://media.birdweather.com/species/229/GreatKiskadee-png200-003973af4f863deb00a4ce9b6f10e59c.png","0PgFDwIrhYqfZJh1mVe3SZZ3uKEJBncG",17141095846,"https://media.birdweather.com/soundscapes/19267/19267-20260920-121832.flac",6,9,"live"
11261747164,19267,"2026-09-20T06:18:33.500-06:00",0.892221748828888,0.761458039283752,9.34005079372838,"almost_certain","BirdNET",NA,10.2198,-83.7874,FALSE,229,"Great Kiskadee","Pitangus sulphuratus","#7d4410","avian","https://media.birdweather.com/species/229/GreatKiskadee-standard-cd28a1b8e8b8e5aed433e809c229004e.jpg","https://media.birdweather.com/species/229/GreatKiskadee-thumbnail-b2749ed2442fb322cf3c4cb72f9c97f6.jpg","https://media.birdweather.com/species/229/GreatKiskadee-png200-003973af4f863deb00a4ce9b6f10e59c.png","0PgFDwIrhYqfZJh1mVe3SZZ3uKEJBncG",17141095846,"https://media.birdweather.com/soundscapes/19267/19267-20260920-121832.flac",1.5,4.5,"live"
11261747160,19267,"2026-09-20T06:18:32.000-06:00",0.77065771818161,0.761458039283752,9.02529326135503,"almost_certain","BirdNET",NA,10.2198,-83.7874,FALSE,229,"Great Kiskadee","Pitangus sulphuratus","#7d4410","avian","https://media.birdweather.com/species/229/GreatKiskadee-standard-cd28a1b8e8b8e5aed433e809c229004e.jpg","https://media.birdweather.com/species/229/GreatKiskadee-thumbnail-b2749ed2442fb322cf3c4cb72f9c97f6.jpg","https://media.birdweather.com/species/229/GreatKiskadee-png200-003973af4f863deb00a4ce9b6f10e59c.png","0PgFDwIrhYqfZJh1mVe3SZZ3uKEJBncG",17141095846,"https://media.birdweather.com/soundscapes/19267/19267-20260920-121832.flac",0,3,"live"
11261743886,19267,"2026-09-20T06:18:19.000-06:00",0.724489808082581,0.761458039283752,8.88385018612281,"almost_certain","BirdNET",NA,10.2198,-83.7874,FALSE,229,"Great Kiskadee","Pitangus sulphuratus","#7d4410","avian","https://media.birdweather.com/species/229/GreatKiskadee-standard-cd28a1b8e8b8e5aed433e809c229004e.jpg","https://media.birdweather.com/species/229/GreatKiskadee-thumbnail-b2749ed2442fb322cf3c4cb72f9c97f6.jpg","https://media.birdweather.com/species/229/GreatKiskadee-png200-003973af4f863deb00a4ce9b6f10e59c.png","0PgFDwIrhYqfZJh1mVe3SZZ3uKEJBncG",17141089778,"https://media.birdweather.com/soundscapes/19267/19267-20260920-121819.flac",0,3,"live"
11261716073,19267,"2026-09-20T06:16:38.000-06:00",0.72020298242569,0.761460363864899,8.86994866324769,"almost_certain","BirdNET",NA,10.2198,-83.7874,FALSE,229,"Great Kiskadee","Pitangus sulphuratus","#7d4410","avian","https://media.birdweather.com/species/229/GreatKiskadee-standard-cd28a1b8e8b8e5aed433e809c229004e.jpg","https://media.birdweather.com/species/229/GreatKiskadee-thumbnail-b2749ed2442fb322cf3c4cb72f9c97f6.jpg","https://media.birdweather.com/species/229/GreatKiskadee-png200-003973af4f863deb00a4ce9b6f10e59c.png","0PgFDwIrhYqfZJh1mVe3SZZ3uKEJBncG",17141037175,"https://media.birdweather.com/soundscapes/19267/19267-20260920-121632.flac",6,9,"live"
11261691999,19267,"2026-09-20T06:15:06.000-06:00",0.782947421073914,0.216392800211906,7.38097259179078,"almost_certain","BirdNET",NA,10.2198,-83.7874,FALSE,501,"White-winged Dove","Zenaida asiatica","#d16ff8","avian","https://media.birdweather.com/species/501/White-wingedDove-standard-6528ef689b07d5a91f1c2275cdef19c9.jpg","https://media.birdweather.com/species/501/White-wingedDove-thumbnail-4a940adfd5a6c78c73c48c5095e7b896.jpg","https://media.birdweather.com/species/501/White-wingedDove-png200-d65decd3d571b5a9dbeca249ef97689f.png","IscJLwb6hoVelZWZdoh3eIeIdxBoB4IG",17140991631,"https://media.birdweather.com/soundscapes/19267/19267-20260920-121500.flac",6,9,"live"
11261673966,19267,"2026-09-20T06:13:53.000-06:00",0.851843595504761,0.21638560295105,7.56362795748299,"almost_certain","BirdNET",NA,10.2198,-83.7874,FALSE,501,"White-winged Dove","Zenaida asiatica","#d16ff8","avian","https://media.birdweather.com/species/501/White-wingedDove-standard-6528ef689b07d5a91f1c2275cdef19c9.jpg","https://media.birdweather.com/species/501/White-wingedDove-thumbnail-4a940adfd5a6c78c73c48c5095e7b896.jpg","https://media.birdweather.com/species/501/White-wingedDove-png200-d65decd3d571b5a9dbeca249ef97689f.png","IscJLwb6hoVelZWZdoh3eIeIdxBoB4IG",17140958367,"https://media.birdweather.com/soundscapes/19267/19267-20260920-121353.flac",0,3,"live"
11261670693,19267,"2026-09-20T06:13:46.000-06:00",0.87491637468338,0.21638560295105,7.61974306190621,"almost_certain","BirdNET",NA,10.2198,-83.7874,FALSE,501,"White-winged Dove","Zenaida asiatica","#d16ff8","avian","https://media.birdweather.com/species/501/White-wingedDove-standard-6528ef689b07d5a91f1c2275cdef19c9.jpg","https://media.birdweather.com/species/501/White-wingedDove-thumbnail-4a940adfd5a6c78c73c48c5095e7b896.jpg","https://media.birdweather.com/species/501/White-wingedDove-png200-d65decd3d571b5a9dbeca249ef97689f.png","IscJLwb6hoVelZWZdoh3eIeIdxBoB4IG",17140952294,"https://media.birdweather.com/soundscapes/19267/19267-20260920-121340.flac",6,9,"live"
11261663777,19267,"2026-09-20T06:13:14.500-06:00",0.755121052265167,0.216394439339638,7.29968074287268,"almost_certain","BirdNET",NA,10.2198,-83.7874,FALSE,501,"White-winged Dove","Zenaida asiatica","#d16ff8","avian","https://media.birdweather.com/species/501/White-wingedDove-standard-6528ef689b07d5a91f1c2275cdef19c9.jpg","https://media.birdweather.com/species/501/White-wingedDove-thumbnail-4a940adfd5a6c78c73c48c5095e7b896.jpg","https://media.birdweather.com/species/501/White-wingedDove-png200-d65decd3d571b5a9dbeca249ef97689f.png","IscJLwb6hoVelZWZdoh3eIeIdxBoB4IG",17140938763,"https://media.birdweather.com/soundscapes/19267/19267-20260920-121313.flac",1.5,4.5,"live"
11261660416,19267,"2026-09-20T06:13:03.000-06:00",0.856311738491058,0.216394439339638,7.57472932082483,"almost_certain","BirdNET",NA,10.2198,-83.7874,FALSE,501,"White-winged Dove","Zenaida asiatica","#d16ff8","avian","https://media.birdweather.com/species/501/White-wingedDove-standard-6528ef689b07d5a91f1c2275cdef19c9.jpg","https://media.birdweather.com/species/501/White-wingedDove-thumbnail-4a940adfd5a6c78c73c48c5095e7b896.jpg","https://media.birdweather.com/species/501/White-wingedDove-png200-d65decd3d571b5a9dbeca249ef97689f.png","IscJLwb6hoVelZWZdoh3eIeIdxBoB4IG",17140932407,"https://media.birdweather.com/soundscapes/19267/19267-20260920-121300.flac",3,6,"live"
11261646693,19267,"2026-09-20T06:12:08.500-06:00",0.917779088020325,0.216405391693115,7.71837449085464,"almost_certain","BirdNET",NA,10.2198,-83.7874,FALSE,501,"White-winged Dove","Zenaida asiatica","#d16ff8","avian","https://media.birdweather.com/species/501/White-wingedDove-standard-6528ef689b07d5a91f1c2275cdef19c9.jpg","https://media.birdweather.com/species/501/White-wingedDove-thumbnail-4a940adfd5a6c78c73c48c5095e7b896.jpg","https://media.birdweather.com/species/501/White-wingedDove-png200-d65decd3d571b5a9dbeca249ef97689f.png","IscJLwb6hoVelZWZdoh3eIeIdxBoB4IG",17140906767,"https://media.birdweather.com/soundscapes/19267/19267-20260920-121207.flac",1.5,4.5,"live"
11261646683,19267,"2026-09-20T06:12:07.000-06:00",0.705330073833466,0.216405391693115,7.14101648890145,"almost_certain","BirdNET",NA,10.2198,-83.7874,FALSE,501,"White-winged Dove","Zenaida asiatica","#d16ff8","avian","https://media.birdweather.com/species/501/White-wingedDove-standard-6528ef689b07d5a91f1c2275cdef19c9.jpg","https://media.birdweather.com/species/501/White-wingedDove-thumbnail-4a940adfd5a6c78c73c48c5095e7b896.jpg","https://media.birdweather.com/species/501/White-wingedDove-png200-d65decd3d571b5a9dbeca249ef97689f.png","IscJLwb6hoVelZWZdoh3eIeIdxBoB4IG",17140906767,"https://media.birdweather.com/soundscapes/19267/19267-20260920-121207.flac",0,3,"live"
11261643307,19267,"2026-09-20T06:11:56.500-06:00",0.767840325832367,0.216405391693115,7.33750917906305,"almost_certain","BirdNET",NA,10.2198,-83.7874,FALSE,501,"White-winged Dove","Zenaida asiatica","#d16ff8","avian","https://media.birdweather.com/species/501/White-wingedDove-standard-6528ef689b07d5a91f1c2275cdef19c9.jpg","https://media.birdweather.com/species/501/White-wingedDove-thumbnail-4a940adfd5a6c78c73c48c5095e7b896.jpg","https://media.birdweather.com/species/501/White-wingedDove-png200-d65decd3d571b5a9dbeca249ef97689f.png","IscJLwb6hoVelZWZdoh3eIeIdxBoB4IG",17140900392,"https://media.birdweather.com/soundscapes/19267/19267-20260920-121155.flac",1.5,4.5,"live"
11261640090,19267,"2026-09-20T06:11:49.000-06:00",0.916037082672119,0.216405391693115,7.71450592604,"almost_certain","BirdNET",NA,10.2198,-83.7874,FALSE,501,"White-winged Dove","Zenaida asiatica","#d16ff8","avian","https://media.birdweather.com/species/501/White-wingedDove-standard-6528ef689b07d5a91f1c2275cdef19c9.jpg","https://media.birdweather.com/species/501/White-wingedDove-thumbnail-4a940adfd5a6c78c73c48c5095e7b896.jpg","https://media.birdweather.com/species/501/White-wingedDove-png200-d65decd3d571b5a9dbeca249ef97689f.png","IscJLwb6hoVelZWZdoh3eIeIdxBoB4IG",17140894321,"https://media.birdweather.com/soundscapes/19267/19267-20260920-121143.flac",6,9,"live"
11261636384,19267,"2026-09-20T06:11:29.500-06:00",0.700847804546356,0.76145327091217,8.80533225050913,"almost_certain","BirdNET",NA,10.2198,-83.7874,FALSE,229,"Great Kiskadee","Pitangus sulphuratus","#7d4410","avian","https://media.birdweather.com/species/229/GreatKiskadee-standard-cd28a1b8e8b8e5aed433e809c229004e.jpg","https://media.birdweather.com/species/229/GreatKiskadee-thumbnail-b2749ed2442fb322cf3c4cb72f9c97f6.jpg","https://media.birdweather.com/species/229/GreatKiskadee-png200-003973af4f863deb00a4ce9b6f10e59c.png","0PgFDwIrhYqfZJh1mVe3SZZ3uKEJBncG",17140887492,"https://media.birdweather.com/soundscapes/19267/19267-20260920-121128.flac",1.5,4.5,"live"
11261632915,19267,"2026-09-20T06:11:20.500-06:00",0.7328941822052,0.216406717896461,7.23115898248754,"almost_certain","BirdNET",NA,10.2198,-83.7874,FALSE,501,"White-winged Dove","Zenaida asiatica","#d16ff8","avian","https://media.birdweather.com/species/501/White-wingedDove-standard-6528ef689b07d5a91f1c2275cdef19c9.jpg","https://media.birdweather.com/species/501/White-wingedDove-thumbnail-4a940adfd5a6c78c73c48c5095e7b896.jpg","https://media.birdweather.com/species/501/White-wingedDove-png200-d65decd3d571b5a9dbeca249ef97689f.png","IscJLwb6hoVelZWZdoh3eIeIdxBoB4IG",17140881161,"https://media.birdweather.com/soundscapes/19267/19267-20260920-121116.flac",4.5,7.5,"live"
11261632902,19267,"2026-09-20T06:11:16.000-06:00",0.936158180236816,0.216406717896461,7.75854586417994,"almost_certain","BirdNET",NA,10.2198,-83.7874,FALSE,501,"White-winged Dove","Zenaida asiatica","#d16ff8","avian","https://media.birdweather.com/species/501/White-wingedDove-standard-6528ef689b07d5a91f1c2275cdef19c9.jpg","https://media.birdweather.com/species/501/White-wingedDove-thumbnail-4a940adfd5a6c78c73c48c5095e7b896.jpg","https://media.birdweather.com/species/501/White-wingedDove-png200-d65decd3d571b5a9dbeca249ef97689f.png","IscJLwb6hoVelZWZdoh3eIeIdxBoB4IG",17140881161,"https://media.birdweather.com/soundscapes/19267/19267-20260920-121116.flac",0,3,"live"
11261629405,19267,"2026-09-20T06:11:03.000-06:00",0.82514500617981,0.216406717896461,7.49581710519303,"almost_certain","BirdNET",NA,10.2198,-83.7874,FALSE,501,"White-winged Dove","Zenaida asiatica","#d16ff8","avian","https://media.birdweather.com/species/501/White-wingedDove-standard-6528ef689b07d5a91f1c2275cdef19c9.jpg","https://media.birdweather.com/species/501/White-wingedDove-thumbnail-4a940adfd5a6c78c73c48c5095e7b896.jpg","https://media.birdweather.com/species/501/White-wingedDove-png200-d65decd3d571b5a9dbeca249ef97689f.png","IscJLwb6hoVelZWZdoh3eIeIdxBoB4IG",17140874825,"https://media.birdweather.com/soundscapes/19267/19267-20260920-121103.flac",0,3,"live"
11261622064,19267,"2026-09-20T06:10:40.500-06:00",0.728037714958191,0.216401889920235,7.21567342168161,"almost_certain","BirdNET",NA,10.2198,-83.7874,FALSE,501,"White-winged Dove","Zenaida asiatica","#d16ff8","avian","https://media.birdweather.com/species/501/White-wingedDove-standard-6528ef689b07d5a91f1c2275cdef19c9.jpg","https://media.birdweather.com/species/501/White-wingedDove-thumbnail-4a940adfd5a6c78c73c48c5095e7b896.jpg","https://media.birdweather.com/species/501/White-wingedDove-png200-d65decd3d571b5a9dbeca249ef97689f.png","IscJLwb6hoVelZWZdoh3eIeIdxBoB4IG",17140861388,"https://media.birdweather.com/soundscapes/19267/19267-20260920-121036.flac",4.5,7.5,"live"
11261614966,19267,"2026-09-20T06:10:13.500-06:00",0.806981801986694,0.761460721492767,9.12714929441394,"almost_certain","BirdNET",NA,10.2198,-83.7874,FALSE,229,"Great Kiskadee","Pitangus sulphuratus","#7d4410","avian","https://media.birdweather.com/species/229/GreatKiskadee-standard-cd28a1b8e8b8e5aed433e809c229004e.jpg","https://media.birdweather.com/species/229/GreatKiskadee-thumbnail-b2749ed2442fb322cf3c4cb72f9c97f6.jpg","https://media.birdweather.com/species/229/GreatKiskadee-png200-003973af4f863deb00a4ce9b6f10e59c.png","0PgFDwIrhYqfZJh1mVe3SZZ3uKEJBncG",17140848197,"https://media.birdweather.com/soundscapes/19267/19267-20260920-121009.flac",4.5,7.5,"live"
11261614962,19267,"2026-09-20T06:10:10.500-06:00",0.940040469169617,0.216377705335617,7.76670560087888,"almost_certain","BirdNET",NA,10.2198,-83.7874,FALSE,501,"White-winged Dove","Zenaida asiatica","#d16ff8","avian","https://media.birdweather.com/species/501/White-wingedDove-standard-6528ef689b07d5a91f1c2275cdef19c9.jpg","https://media.birdweather.com/species/501/White-wingedDove-thumbnail-4a940adfd5a6c78c73c48c5095e7b896.jpg","https://media.birdweather.com/species/501/White-wingedDove-png200-d65decd3d571b5a9dbeca249ef97689f.png","IscJLwb6hoVelZWZdoh3eIeIdxBoB4IG",17140848197,"https://media.birdweather.com/soundscapes/19267/19267-20260920-121009.flac",1.5,4.5,"live"
11261614957,19267,"2026-09-20T06:10:09.000-06:00",0.724491775035858,0.216377705335617,7.20413047567633,"almost_certain","BirdNET",NA,10.2198,-83.7874,FALSE,501,"White-winged Dove","Zenaida asiatica","#d16ff8","avian","https://media.birdweather.com/species/501/White-wingedDove-standard-6528ef689b07d5a91f1c2275cdef19c9.jpg","https://media.birdweather.com/species/501/White-wingedDove-thumbnail-4a940adfd5a6c78c73c48c5095e7b896.jpg","https://media.birdweather.com/species/501/White-wingedDove-png200-d65decd3d571b5a9dbeca249ef97689f.png","IscJLwb6hoVelZWZdoh3eIeIdxBoB4IG",17140848197,"https://media.birdweather.com/soundscapes/19267/19267-20260920-121009.flac",0,3,"live"
11261601620,19267,"2026-09-20T06:09:23.000-06:00",0.940492153167725,0.216381564736366,7.76769544106121,"almost_certain","BirdNET",NA,10.2198,-83.7874,FALSE,501,"White-winged Dove","Zenaida asiatica","#d16ff8","avian","https://media.birdweather.com/species/501/White-wingedDove-standard-6528ef689b07d5a91f1c2275cdef19c9.jpg","https://media.birdweather.com/species/501/White-wingedDove-thumbnail-4a940adfd5a6c78c73c48c5095e7b896.jpg","https://media.birdweather.com/species/501/White-wingedDove-png200-d65decd3d571b5a9dbeca249ef97689f.png","IscJLwb6hoVelZWZdoh3eIeIdxBoB4IG",17140822653,"https://media.birdweather.com/soundscapes/19267/19267-20260920-120917.flac",6,9,"live"
11261601617,19267,"2026-09-20T06:09:21.500-06:00",0.967355370521545,0.216381564736366,7.82398301893274,"almost_certain","BirdNET",NA,10.2198,-83.7874,FALSE,501,"White-winged Dove","Zenaida asiatica","#d16ff8","avian","https://media.birdweather.com/species/501/White-wingedDove-standard-6528ef689b07d5a91f1c2275cdef19c9.jpg","https://media.birdweather.com/species/501/White-wingedDove-thumbnail-4a940adfd5a6c78c73c48c5095e7b896.jpg","https://media.birdweather.com/species/501/White-wingedDove-png200-d65decd3d571b5a9dbeca249ef97689f.png","IscJLwb6hoVelZWZdoh3eIeIdxBoB4IG",17140822653,"https://media.birdweather.com/soundscapes/19267/19267-20260920-120917.flac",4.5,7.5,"live"
11261584252,19267,"2026-09-20T06:08:13.000-06:00",0.841115057468414,0.761463522911072,9.21641911592432,"almost_certain","BirdNET",NA,10.2198,-83.7874,FALSE,229,"Great Kiskadee","Pitangus sulphuratus","#7d4410","avian","https://media.birdweather.com/species/229/GreatKiskadee-standard-cd28a1b8e8b8e5aed433e809c229004e.jpg","https://media.birdweather.com/species/229/GreatKiskadee-thumbnail-b2749ed2442fb322cf3c4cb72f9c97f6.jpg","https://media.birdweather.com/species/229/GreatKiskadee-png200-003973af4f863deb00a4ce9b6f10e59c.png","0PgFDwIrhYqfZJh1mVe3SZZ3uKEJBncG",17140790015,"https://media.birdweather.com/soundscapes/19267/19267-20260920-120810.flac",3,6,"live"
11261584248,19267,"2026-09-20T06:08:11.500-06:00",0.727345049381256,0.761463522911072,8.89304408755749,"almost_certain","BirdNET",NA,10.2198,-83.7874,FALSE,229,"Great Kiskadee","Pitangus sulphuratus","#7d4410","avian","https://media.birdweather.com/species/229/GreatKiskadee-standard-cd28a1b8e8b8e5aed433e809c229004e.jpg","https://media.birdweather.com/species/229/GreatKiskadee-thumbnail-b2749ed2442fb322cf3c4cb72f9c97f6.jpg","https://media.birdweather.com/species/229/GreatKiskadee-png200-003973af4f863deb00a4ce9b6f10e59c.png","0PgFDwIrhYqfZJh1mVe3SZZ3uKEJBncG",17140790015,"https://media.birdweather.com/soundscapes/19267/19267-20260920-120810.flac",1.5,4.5,"live"
11261580879,19267,"2026-09-20T06:08:04.000-06:00",0.726485311985016,0.761463522911072,8.89028513054633,"almost_certain","BirdNET",NA,10.2198,-83.7874,FALSE,229,"Great Kiskadee","Pitangus sulphuratus","#7d4410","avian","https://media.birdweather.com/species/229/GreatKiskadee-standard-cd28a1b8e8b8e5aed433e809c229004e.jpg","https://media.birdweather.com/species/229/GreatKiskadee-thumbnail-b2749ed2442fb322cf3c4cb72f9c97f6.jpg","https://media.birdweather.com/species/229/GreatKiskadee-png200-003973af4f863deb00a4ce9b6f10e59c.png","0PgFDwIrhYqfZJh1mVe3SZZ3uKEJBncG",17140783690,"https://media.birdweather.com/soundscapes/19267/19267-20260920-120758.flac",6,9,"live"
11261570389,19267,"2026-09-20T06:07:18.500-06:00",0.853688955307007,0.761459350585938,9.24788217485201,"almost_certain","BirdNET",NA,10.2198,-83.7874,FALSE,229,"Great Kiskadee","Pitangus sulphuratus","#7d4410","avian","https://media.birdweather.com/species/229/GreatKiskadee-standard-cd28a1b8e8b8e5aed433e809c229004e.jpg","https://media.birdweather.com/species/229/GreatKiskadee-thumbnail-b2749ed2442fb322cf3c4cb72f9c97f6.jpg","https://media.birdweather.com/species/229/GreatKiskadee-png200-003973af4f863deb00a4ce9b6f10e59c.png","0PgFDwIrhYqfZJh1mVe3SZZ3uKEJBncG",17140763830,"https://media.birdweather.com/soundscapes/19267/19267-20260920-120717.flac",1.5,4.5,"live"
11261560269,19267,"2026-09-20T06:06:44.000-06:00",0.897982239723206,0.761460959911346,9.35331746193997,"almost_certain","BirdNET",NA,10.2198,-83.7874,FALSE,229,"Great Kiskadee","Pitangus sulphuratus","#7d4410","avian","https://media.birdweather.com/species/229/GreatKiskadee-standard-cd28a1b8e8b8e5aed433e809c229004e.jpg","https://media.birdweather.com/species/229/GreatKiskadee-thumbnail-b2749ed2442fb322cf3c4cb72f9c97f6.jpg","https://media.birdweather.com/species/229/GreatKiskadee-png200-003973af4f863deb00a4ce9b6f10e59c.png","0PgFDwIrhYqfZJh1mVe3SZZ3uKEJBncG",17140744550,"https://media.birdweather.com/soundscapes/19267/19267-20260920-120638.flac",6,9,"live"
11261560268,19267,"2026-09-20T06:06:42.500-06:00",0.90962678194046,0.761460959911346,9.37973912163172,"almost_certain","BirdNET",NA,10.2198,-83.7874,FALSE,229,"Great Kiskadee","Pitangus sulphuratus","#7d4410","avian","https://media.birdweather.com/species/229/GreatKiskadee-standard-cd28a1b8e8b8e5aed433e809c229004e.jpg","https://media.birdweather.com/species/229/GreatKiskadee-thumbnail-b2749ed2442fb322cf3c4cb72f9c97f6.jpg","https://media.birdweather.com/species/229/GreatKiskadee-png200-003973af4f863deb00a4ce9b6f10e59c.png","0PgFDwIrhYqfZJh1mVe3SZZ3uKEJBncG",17140744550,"https://media.birdweather.com/soundscapes/19267/19267-20260920-120638.flac",4.5,7.5,"live"
11261556886,19267,"2026-09-20T06:06:29.500-06:00",0.767709255218506,0.761461138725281,9.01668932449916,"almost_certain","BirdNET",NA,10.2198,-83.7874,FALSE,229,"Great Kiskadee","Pitangus sulphuratus","#7d4410","avian","https://media.birdweather.com/species/229/GreatKiskadee-standard-cd28a1b8e8b8e5aed433e809c229004e.jpg","https://media.birdweather.com/species/229/GreatKiskadee-thumbnail-b2749ed2442fb322cf3c4cb72f9c97f6.jpg","https://media.birdweather.com/species/229/GreatKiskadee-png200-003973af4f863deb00a4ce9b6f10e59c.png","0PgFDwIrhYqfZJh1mVe3SZZ3uKEJBncG",17140738144,"https://media.birdweather.com/soundscapes/19267/19267-20260920-120625.flac",4.5,7.5,"live"
11261552993,19267,"2026-09-20T06:06:17.000-06:00",0.734296262264252,0.761458396911621,8.91514016480436,"almost_certain","BirdNET",NA,10.2198,-83.7874,FALSE,229,"Great Kiskadee","Pitangus sulphuratus","#7d4410","avian","https://media.birdweather.com/species/229/GreatKiskadee-standard-cd28a1b8e8b8e5aed433e809c229004e.jpg","https://media.birdweather.com/species/229/GreatKiskadee-thumbnail-b2749ed2442fb322cf3c4cb72f9c97f6.jpg","https://media.birdweather.com/species/229/GreatKiskadee-png200-003973af4f863deb00a4ce9b6f10e59c.png","0PgFDwIrhYqfZJh1mVe3SZZ3uKEJBncG",17140730994,"https://media.birdweather.com/soundscapes/19267/19267-20260920-120611.flac",6,9,"live"
11261552990,19267,"2026-09-20T06:06:15.500-06:00",0.763588130474091,0.761458396911621,9.00455948259964,"almost_certain","BirdNET",NA,10.2198,-83.7874,FALSE,229,"Great Kiskadee","Pitangus sulphuratus","#7d4410","avian","https://media.birdweather.com/species/229/GreatKiskadee-standard-cd28a1b8e8b8e5aed433e809c229004e.jpg","https://media.birdweather.com/species/229/GreatKiskadee-thumbnail-b2749ed2442fb322cf3c4cb72f9c97f6.jpg","https://media.birdweather.com/species/229/GreatKiskadee-png200-003973af4f863deb00a4ce9b6f10e59c.png","0PgFDwIrhYqfZJh1mVe3SZZ3uKEJBncG",17140730994,"https://media.birdweather.com/soundscapes/19267/19267-20260920-120611.flac",4.5,7.5,"live"
11261552983,19267,"2026-09-20T06:06:11.000-06:00",0.894977033138275,0.761458396911621,9.34641050927251,"almost_certain","BirdNET",NA,10.2198,-83.7874,FALSE,229,"Great Kiskadee","Pitangus sulphuratus","#7d4410","avian","https://media.birdweather.com/species/229/GreatKiskadee-standard-cd28a1b8e8b8e5aed433e809c229004e.jpg","https://media.birdweather.com/species/229/GreatKiskadee-thumbnail-b2749ed2442fb322cf3c4cb72f9c97f6.jpg","https://media.birdweather.com/species/229/GreatKiskadee-png200-003973af4f863deb00a4ce9b6f10e59c.png","0PgFDwIrhYqfZJh1mVe3SZZ3uKEJBncG",17140730994,"https://media.birdweather.com/soundscapes/19267/19267-20260920-120611.flac",0,3,"live"
11261542685,19267,"2026-09-20T06:05:32.000-06:00",0.81642884016037,0.761456727981567,9.15243568567997,"almost_certain","BirdNET",NA,10.2198,-83.7874,FALSE,229,"Great Kiskadee","Pitangus sulphuratus","#7d4410","avian","https://media.birdweather.com/species/229/GreatKiskadee-standard-cd28a1b8e8b8e5aed433e809c229004e.jpg","https://media.birdweather.com/species/229/GreatKiskadee-thumbnail-b2749ed2442fb322cf3c4cb72f9c97f6.jpg","https://media.birdweather.com/species/229/GreatKiskadee-png200-003973af4f863deb00a4ce9b6f10e59c.png","0PgFDwIrhYqfZJh1mVe3SZZ3uKEJBncG",17140711598,"https://media.birdweather.com/soundscapes/19267/19267-20260920-120532.flac",0,3,"live"
11261539451,19267,"2026-09-20T06:05:22.000-06:00",0.84269243478775,0.761455953121185,9.22039348174428,"almost_certain","BirdNET",NA,10.2198,-83.7874,FALSE,229,"Great Kiskadee","Pitangus sulphuratus","#7d4410","avian","https://media.birdweather.com/species/229/GreatKiskadee-standard-cd28a1b8e8b8e5aed433e809c229004e.jpg","https://media.birdweather.com/species/229/GreatKiskadee-thumbnail-b2749ed2442fb322cf3c4cb72f9c97f6.jpg","https://media.birdweather.com/species/229/GreatKiskadee-png200-003973af4f863deb00a4ce9b6f10e59c.png","0PgFDwIrhYqfZJh1mVe3SZZ3uKEJBncG",17140705547,"https://media.birdweather.com/soundscapes/19267/19267-20260920-120519.flac",3,6,"live"
11261536148,19267,"2026-09-20T06:05:12.000-06:00",0.772353947162628,0.545144021511078,8.57941685931811,"almost_certain","BirdNET",NA,10.2198,-83.7874,FALSE,802,"Rufous-tailed Hummingbird","Amazilia tzacatl","#d9c845","avian","https://media.birdweather.com/species/802/Rufous-tailedHummingbird-standard-4d0209b50ad0c35c6d8337f5c0c16b55.jpg","https://media.birdweather.com/species/802/Rufous-tailedHummingbird-thumbnail-fbf17400c31564f70aa45927c5d75f5e.jpg","https://media.birdweather.com/species/802/Rufous-tailedHummingbird-png200-8ea431c9893cfe027e92471791a8c256.png","mPkJFwIHqJeJl4lriIaGhYh3+H+oVGAH",17140699107,"https://media.birdweather.com/soundscapes/19267/19267-20260920-120506.flac",6,9,"live"
11261536145,19267,"2026-09-20T06:05:10.500-06:00",0.739197492599487,0.761458814144135,8.93051538551364,"almost_certain","BirdNET",NA,10.2198,-83.7874,FALSE,229,"Great Kiskadee","Pitangus sulphuratus","#7d4410","avian","https://media.birdweather.com/species/229/GreatKiskadee-standard-cd28a1b8e8b8e5aed433e809c229004e.jpg","https://media.birdweather.com/species/229/GreatKiskadee-thumbnail-b2749ed2442fb322cf3c4cb72f9c97f6.jpg","https://media.birdweather.com/species/229/GreatKiskadee-png200-003973af4f863deb00a4ce9b6f10e59c.png","0PgFDwIrhYqfZJh1mVe3SZZ3uKEJBncG",17140699107,"https://media.birdweather.com/soundscapes/19267/19267-20260920-120506.flac",4.5,7.5,"live"
11261532519,19267,"2026-09-20T06:04:58.000-06:00",0.777000367641449,0.761459469795227,9.04363482009009,"almost_certain","BirdNET",NA,10.2198,-83.7874,FALSE,229,"Great Kiskadee","Pitangus sulphuratus","#7d4410","avian","https://media.birdweather.com/species/229/GreatKiskadee-standard-cd28a1b8e8b8e5aed433e809c229004e.jpg","https://media.birdweather.com/species/229/GreatKiskadee-thumbnail-b2749ed2442fb322cf3c4cb72f9c97f6.jpg","https://media.birdweather.com/species/229/GreatKiskadee-png200-003973af4f863deb00a4ce9b6f10e59c.png","0PgFDwIrhYqfZJh1mVe3SZZ3uKEJBncG",17140692070,"https://media.birdweather.com/soundscapes/19267/19267-20260920-120452.flac",6,9,"live"
11261525978,19267,"2026-09-20T06:04:30.000-06:00",0.860645890235901,0.761454284191132,9.26497957025111,"almost_certain","BirdNET",NA,10.2198,-83.7874,FALSE,229,"Great Kiskadee","Pitangus sulphuratus","#7d4410","avian","https://media.birdweather.com/species/229/GreatKiskadee-standard-cd28a1b8e8b8e5aed433e809c229004e.jpg","https://media.birdweather.com/species/229/GreatKiskadee-thumbnail-b2749ed2442fb322cf3c4cb72f9c97f6.jpg","https://media.birdweather.com/species/229/GreatKiskadee-png200-003973af4f863deb00a4ce9b6f10e59c.png","0PgFDwIrhYqfZJh1mVe3SZZ3uKEJBncG",17140679815,"https://media.birdweather.com/soundscapes/19267/19267-20260920-120427.flac",3,6,"live"
11261522343,19267,"2026-09-20T06:04:19.000-06:00",0.870420575141907,0.761455059051514,9.28866063643201,"almost_certain","BirdNET",NA,10.2198,-83.7874,FALSE,229,"Great Kiskadee","Pitangus sulphuratus","#7d4410","avian","https://media.birdweather.com/species/229/GreatKiskadee-standard-cd28a1b8e8b8e5aed433e809c229004e.jpg","https://media.birdweather.com/species/229/GreatKiskadee-thumbnail-b2749ed2442fb322cf3c4cb72f9c97f6.jpg","https://media.birdweather.com/species/229/GreatKiskadee-png200-003973af4f863deb00a4ce9b6f10e59c.png","0PgFDwIrhYqfZJh1mVe3SZZ3uKEJBncG",17140673042,"https://media.birdweather.com/soundscapes/19267/19267-20260920-120413.flac",6,9,"live"
11261522337,19267,"2026-09-20T06:04:17.500-06:00",0.793485403060913,0.761455059051514,9.09017413245438,"almost_certain","BirdNET",NA,10.2198,-83.7874,FALSE,229,"Great Kiskadee","Pitangus sulphuratus","#7d4410","avian","https://media.birdweather.com/species/229/GreatKiskadee-standard-cd28a1b8e8b8e5aed433e809c229004e.jpg","https://media.birdweather.com/species/229/GreatKiskadee-thumbnail-b2749ed2442fb322cf3c4cb72f9c97f6.jpg","https://media.birdweather.com/species/229/GreatKiskadee-png200-003973af4f863deb00a4ce9b6f10e59c.png","0PgFDwIrhYqfZJh1mVe3SZZ3uKEJBncG",17140673042,"https://media.birdweather.com/soundscapes/19267/19267-20260920-120413.flac",4.5,7.5,"live"
11261522333,19267,"2026-09-20T06:04:14.500-06:00",0.886404633522034,0.761455059051514,9.32652211029036,"almost_certain","BirdNET",NA,10.2198,-83.7874,FALSE,229,"Great Kiskadee","Pitangus sulphuratus","#7d4410","avian","https://media.birdweather.com/species/229/GreatKiskadee-standard-cd28a1b8e8b8e5aed433e809c229004e.jpg","https://media.birdweather.com/species/229/GreatKiskadee-thumbnail-b2749ed2442fb322cf3c4cb72f9c97f6.jpg","https://media.birdweather.com/species/229/GreatKiskadee-png200-003973af4f863deb00a4ce9b6f10e59c.png","0PgFDwIrhYqfZJh1mVe3SZZ3uKEJBncG",17140673042,"https://media.birdweather.com/soundscapes/19267/19267-20260920-120413.flac",1.5,4.5,"live"
11261515380,19267,"2026-09-20T06:03:53.000-06:00",0.748393952846527,0.761457681655884,8.9589039170863,"almost_certain","BirdNET",NA,10.2198,-83.7874,FALSE,229,"Great Kiskadee","Pitangus sulphuratus","#7d4410","avian","https://media.birdweather.com/species/229/GreatKiskadee-standard-cd28a1b8e8b8e5aed433e809c229004e.jpg","https://media.birdweather.com/species/229/GreatKiskadee-thumbnail-b2749ed2442fb322cf3c4cb72f9c97f6.jpg","https://media.birdweather.com/species/229/GreatKiskadee-png200-003973af4f863deb00a4ce9b6f10e59c.png","0PgFDwIrhYqfZJh1mVe3SZZ3uKEJBncG",17140660461,"https://media.birdweather.com/soundscapes/19267/19267-20260920-120347.flac",6,9,"live"
11261501095,19267,"2026-09-20T06:03:00.000-06:00",0.766059458255768,0.761462807655334,9.01185120897571,"almost_certain","BirdNET",NA,10.2198,-83.7874,FALSE,229,"Great Kiskadee","Pitangus sulphuratus","#7d4410","avian","https://media.birdweather.com/species/229/GreatKiskadee-standard-cd28a1b8e8b8e5aed433e809c229004e.jpg","https://media.birdweather.com/species/229/GreatKiskadee-thumbnail-b2749ed2442fb322cf3c4cb72f9c97f6.jpg","https://media.birdweather.com/species/229/GreatKiskadee-png200-003973af4f863deb00a4ce9b6f10e59c.png","0PgFDwIrhYqfZJh1mVe3SZZ3uKEJBncG",17140634058,"https://media.birdweather.com/soundscapes/19267/19267-20260920-120254.flac",6,9,"live"
11261494456,19267,"2026-09-20T06:02:35.000-06:00",0.862039923667908,0.76145988702774,9.26839176632626,"almost_certain","BirdNET",NA,10.2198,-83.7874,FALSE,229,"Great Kiskadee","Pitangus sulphuratus","#7d4410","avian","https://media.birdweather.com/species/229/GreatKiskadee-standard-cd28a1b8e8b8e5aed433e809c229004e.jpg","https://media.birdweather.com/species/229/GreatKiskadee-thumbnail-b2749ed2442fb322cf3c4cb72f9c97f6.jpg","https://media.birdweather.com/species/229/GreatKiskadee-png200-003973af4f863deb00a4ce9b6f10e59c.png","0PgFDwIrhYqfZJh1mVe3SZZ3uKEJBncG",17140621666,"https://media.birdweather.com/soundscapes/19267/19267-20260920-120229.flac",6,9,"live"
11261490635,19267,"2026-09-20T06:02:14.000-06:00",0.775309860706329,0.761461496353149,9.03877446419848,"almost_certain","BirdNET",NA,10.2198,-83.7874,FALSE,229,"Great Kiskadee","Pitangus sulphuratus","#7d4410","avian","https://media.birdweather.com/species/229/GreatKiskadee-standard-cd28a1b8e8b8e5aed433e809c229004e.jpg","https://media.birdweather.com/species/229/GreatKiskadee-thumbnail-b2749ed2442fb322cf3c4cb72f9c97f6.jpg","https://media.birdweather.com/species/229/GreatKiskadee-png200-003973af4f863deb00a4ce9b6f10e59c.png","0PgFDwIrhYqfZJh1mVe3SZZ3uKEJBncG",17140614617,"https://media.birdweather.com/soundscapes/19267/19267-20260920-120214.flac",0,3,"live"
11261487209,19267,"2026-09-20T06:02:05.500-06:00",0.715957164764404,0.761456668376923,8.85602892807412,"almost_certain","BirdNET",NA,10.2198,-83.7874,FALSE,229,"Great Kiskadee","Pitangus sulphuratus","#7d4410","avian","https://media.birdweather.com/species/229/GreatKiskadee-standard-cd28a1b8e8b8e5aed433e809c229004e.jpg","https://media.birdweather.com/species/229/GreatKiskadee-thumbnail-b2749ed2442fb322cf3c4cb72f9c97f6.jpg","https://media.birdweather.com/species/229/GreatKiskadee-png200-003973af4f863deb00a4ce9b6f10e59c.png","0PgFDwIrhYqfZJh1mVe3SZZ3uKEJBncG",17140608305,"https://media.birdweather.com/soundscapes/19267/19267-20260920-120201.flac",4.5,7.5,"live"
11261487202,19267,"2026-09-20T06:02:04.000-06:00",0.703522205352783,0.761456668376923,8.8144483764701,"almost_certain","BirdNET",NA,10.2198,-83.7874,FALSE,229,"Great Kiskadee","Pitangus sulphuratus","#7d4410","avian","https://media.birdweather.com/species/229/GreatKiskadee-standard-cd28a1b8e8b8e5aed433e809c229004e.jpg","https://media.birdweather.com/species/229/GreatKiskadee-thumbnail-b2749ed2442fb322cf3c4cb72f9c97f6.jpg","https://media.birdweather.com/species/229/GreatKiskadee-png200-003973af4f863deb00a4ce9b6f10e59c.png","0PgFDwIrhYqfZJh1mVe3SZZ3uKEJBncG",17140608305,"https://media.birdweather.com/soundscapes/19267/19267-20260920-120201.flac",3,6,"live"
11261487198,19267,"2026-09-20T06:02:02.500-06:00",0.865021646022797,0.761456668376923,9.27563493422447,"almost_certain","BirdNET",NA,10.2198,-83.7874,FALSE,229,"Great Kiskadee","Pitangus sulphuratus","#7d4410","avian","https://media.birdweather.com/species/229/GreatKiskadee-standard-cd28a1b8e8b8e5aed433e809c229004e.jpg","https://media.birdweather.com/species/229/GreatKiskadee-thumbnail-b2749ed2442fb322cf3c4cb72f9c97f6.jpg","https://media.birdweather.com/species/229/GreatKiskadee-png200-003973af4f863deb00a4ce9b6f10e59c.png","0PgFDwIrhYqfZJh1mVe3SZZ3uKEJBncG",17140608305,"https://media.birdweather.com/soundscapes/19267/19267-20260920-120201.flac",1.5,4.5,"live"
11261480201,19267,"2026-09-20T06:01:37.000-06:00",0.939207911491394,0.761455059051514,9.44464312582787,"almost_certain","BirdNET",NA,10.2198,-83.7874,FALSE,229,"Great Kiskadee","Pitangus sulphuratus","#7d4410","avian","https://media.birdweather.com/species/229/GreatKiskadee-standard-cd28a1b8e8b8e5aed433e809c229004e.jpg","https://media.birdweather.com/species/229/GreatKiskadee-thumbnail-b2749ed2442fb322cf3c4cb72f9c97f6.jpg","https://media.birdweather.com/species/229/GreatKiskadee-png200-003973af4f863deb00a4ce9b6f10e59c.png","0PgFDwIrhYqfZJh1mVe3SZZ3uKEJBncG",17140594936,"https://media.birdweather.com/soundscapes/19267/19267-20260920-120134.flac",3,6,"live"
11261480200,19267,"2026-09-20T06:01:35.500-06:00",0.832701325416565,0.761455059051514,9.19493477458315,"almost_certain","BirdNET",NA,10.2198,-83.7874,FALSE,229,"Great Kiskadee","Pitangus sulphuratus","#7d4410","avian","https://media.birdweather.com/species/229/GreatKiskadee-standard-cd28a1b8e8b8e5aed433e809c229004e.jpg","https://media.birdweather.com/species/229/GreatKiskadee-thumbnail-b2749ed2442fb322cf3c4cb72f9c97f6.jpg","https://media.birdweather.com/species/229/GreatKiskadee-png200-003973af4f863deb00a4ce9b6f10e59c.png","0PgFDwIrhYqfZJh1mVe3SZZ3uKEJBncG",17140594936,"https://media.birdweather.com/soundscapes/19267/19267-20260920-120134.flac",1.5,4.5,"live"
11261476899,19267,"2026-09-20T06:01:27.000-06:00",0.714338183403015,0.761455178260803,8.85068358713678,"almost_certain","BirdNET",NA,10.2198,-83.7874,FALSE,229,"Great Kiskadee","Pitangus sulphuratus","#7d4410","avian","https://media.birdweather.com/species/229/GreatKiskadee-standard-cd28a1b8e8b8e5aed433e809c229004e.jpg","https://media.birdweather.com/species/229/GreatKiskadee-thumbnail-b2749ed2442fb322cf3c4cb72f9c97f6.jpg","https://media.birdweather.com/species/229/GreatKiskadee-png200-003973af4f863deb00a4ce9b6f10e59c.png","0PgFDwIrhYqfZJh1mVe3SZZ3uKEJBncG",17140588551,"https://media.birdweather.com/soundscapes/19267/19267-20260920-120121.flac",6,9,"live"
11261476897,19267,"2026-09-20T06:01:25.500-06:00",0.756639957427979,0.761455178260803,8.98386503075256,"almost_certain","BirdNET",NA,10.2198,-83.7874,FALSE,229,"Great Kiskadee","Pitangus sulphuratus","#7d4410","avian","https://media.birdweather.com/species/229/GreatKiskadee-standard-cd28a1b8e8b8e5aed433e809c229004e.jpg","https://media.birdweather.com/species/229/GreatKiskadee-thumbnail-b2749ed2442fb322cf3c4cb72f9c97f6.jpg","https://media.birdweather.com/species/229/GreatKiskadee-png200-003973af4f863deb00a4ce9b6f10e59c.png","0PgFDwIrhYqfZJh1mVe3SZZ3uKEJBncG",17140588551,"https://media.birdweather.com/soundscapes/19267/19267-20260920-120121.flac",4.5,7.5,"live"
11261476895,19267,"2026-09-20T06:01:24.000-06:00",0.778977751731873,0.761455178260803,9.04929473464232,"almost_certain","BirdNET",NA,10.2198,-83.7874,FALSE,229,"Great Kiskadee","Pitangus sulphuratus","#7d4410","avian","https://media.birdweather.com/species/229/GreatKiskadee-standard-cd28a1b8e8b8e5aed433e809c229004e.jpg","https://media.birdweather.com/species/229/GreatKiskadee-thumbnail-b2749ed2442fb322cf3c4cb72f9c97f6.jpg","https://media.birdweather.com/species/229/GreatKiskadee-png200-003973af4f863deb00a4ce9b6f10e59c.png","0PgFDwIrhYqfZJh1mVe3SZZ3uKEJBncG",17140588551,"https://media.birdweather.com/soundscapes/19267/19267-20260920-120121.flac",3,6,"live"
11261476892,19267,"2026-09-20T06:01:22.500-06:00",0.82140988111496,0.761455178260803,9.16558349034606,"almost_certain","BirdNET",NA,10.2198,-83.7874,FALSE,229,"Great Kiskadee","Pitangus sulphuratus","#7d4410","avian","https://media.birdweather.com/species/229/GreatKiskadee-standard-cd28a1b8e8b8e5aed433e809c229004e.jpg","https://media.birdweather.com/species/229/GreatKiskadee-thumbnail-b2749ed2442fb322cf3c4cb72f9c97f6.jpg","https://media.birdweather.com/species/229/GreatKiskadee-png200-003973af4f863deb00a4ce9b6f10e59c.png","0PgFDwIrhYqfZJh1mVe3SZZ3uKEJBncG",17140588551,"https://media.birdweather.com/soundscapes/19267/19267-20260920-120121.flac",1.5,4.5,"live"
11261469878,19267,"2026-09-20T06:00:58.500-06:00",0.853934943675995,0.761456429958344,9.24848550538432,"almost_certain","BirdNET",NA,10.2198,-83.7874,FALSE,229,"Great Kiskadee","Pitangus sulphuratus","#7d4410","avian","https://media.birdweather.com/species/229/GreatKiskadee-standard-cd28a1b8e8b8e5aed433e809c229004e.jpg","https://media.birdweather.com/species/229/GreatKiskadee-thumbnail-b2749ed2442fb322cf3c4cb72f9c97f6.jpg","https://media.birdweather.com/species/229/GreatKiskadee-png200-003973af4f863deb00a4ce9b6f10e59c.png","0PgFDwIrhYqfZJh1mVe3SZZ3uKEJBncG",17140575175,"https://media.birdweather.com/soundscapes/19267/19267-20260920-120054.flac",4.5,7.5,"live"
11261469876,19267,"2026-09-20T06:00:57.000-06:00",0.922639906406403,0.761456429958344,9.40866741604179,"almost_certain","BirdNET",NA,10.2198,-83.7874,FALSE,229,"Great Kiskadee","Pitangus sulphuratus","#7d4410","avian","https://media.birdweather.com/species/229/GreatKiskadee-standard-cd28a1b8e8b8e5aed433e809c229004e.jpg","https://media.birdweather.com/species/229/GreatKiskadee-thumbnail-b2749ed2442fb322cf3c4cb72f9c97f6.jpg","https://media.birdweather.com/species/229/GreatKiskadee-png200-003973af4f863deb00a4ce9b6f10e59c.png","0PgFDwIrhYqfZJh1mVe3SZZ3uKEJBncG",17140575175,"https://media.birdweather.com/soundscapes/19267/19267-20260920-120054.flac",3,6,"live"
11261469871,19267,"2026-09-20T06:00:54.000-06:00",0.922159790992737,0.761456429958344,9.40761060641898,"almost_certain","BirdNET",NA,10.2198,-83.7874,FALSE,229,"Great Kiskadee","Pitangus sulphuratus","#7d4410","avian","https://media.birdweather.com/species/229/GreatKiskadee-standard-cd28a1b8e8b8e5aed433e809c229004e.jpg","https://media.birdweather.com/species/229/GreatKiskadee-thumbnail-b2749ed2442fb322cf3c4cb72f9c97f6.jpg","https://media.birdweather.com/species/229/GreatKiskadee-png200-003973af4f863deb00a4ce9b6f10e59c.png","0PgFDwIrhYqfZJh1mVe3SZZ3uKEJBncG",17140575175,"https://media.birdweather.com/soundscapes/19267/19267-20260920-120054.flac",0,3,"live"
11261463114,19267,"2026-09-20T06:00:33.500-06:00",0.761293232440948,0.761461317539215,8.99776592315463,"almost_certain","BirdNET",NA,10.2198,-83.7874,FALSE,229,"Great Kiskadee","Pitangus sulphuratus","#7d4410","avian","https://media.birdweather.com/species/229/GreatKiskadee-standard-cd28a1b8e8b8e5aed433e809c229004e.jpg","https://media.birdweather.com/species/229/GreatKiskadee-thumbnail-b2749ed2442fb322cf3c4cb72f9c97f6.jpg","https://media.birdweather.com/species/229/GreatKiskadee-png200-003973af4f863deb00a4ce9b6f10e59c.png","0PgFDwIrhYqfZJh1mVe3SZZ3uKEJBncG",17140562342,"https://media.birdweather.com/soundscapes/19267/19267-20260920-120029.flac",4.5,7.5,"live"
11261463105,19267,"2026-09-20T06:00:29.000-06:00",0.700847625732422,0.761461317539215,8.80534592904813,"almost_certain","BirdNET",NA,10.2198,-83.7874,FALSE,229,"Great Kiskadee","Pitangus sulphuratus","#7d4410","avian","https://media.birdweather.com/species/229/GreatKiskadee-standard-cd28a1b8e8b8e5aed433e809c229004e.jpg","https://media.birdweather.com/species/229/GreatKiskadee-thumbnail-b2749ed2442fb322cf3c4cb72f9c97f6.jpg","https://media.birdweather.com/species/229/GreatKiskadee-png200-003973af4f863deb00a4ce9b6f10e59c.png","0PgFDwIrhYqfZJh1mVe3SZZ3uKEJBncG",17140562342,"https://media.birdweather.com/soundscapes/19267/19267-20260920-120029.flac",0,3,"live"
11261435253,19267,"2026-09-20T05:58:43.500-06:00",0.895712792873383,0.216395363211632,7.6684837949209,"almost_certain","BirdNET",NA,10.2198,-83.7874,FALSE,501,"White-winged Dove","Zenaida asiatica","#d16ff8","avian","https://media.birdweather.com/species/501/White-wingedDove-standard-6528ef689b07d5a91f1c2275cdef19c9.jpg","https://media.birdweather.com/species/501/White-wingedDove-thumbnail-4a940adfd5a6c78c73c48c5095e7b896.jpg","https://media.birdweather.com/species/501/White-wingedDove-png200-d65decd3d571b5a9dbeca249ef97689f.png","IscJLwb6hoVelZWZdoh3eIeIdxBoB4IG",17140509827,"https://media.birdweather.com/soundscapes/19267/19267-20260920-115842.flac",1.5,4.5,"live"
11261432054,19267,"2026-09-20T05:58:34.500-06:00",0.733312368392944,0.216395363211632,7.23241308702274,"almost_certain","BirdNET",NA,10.2198,-83.7874,FALSE,501,"White-winged Dove","Zenaida asiatica","#d16ff8","avian","https://media.birdweather.com/species/501/White-wingedDove-standard-6528ef689b07d5a91f1c2275cdef19c9.jpg","https://media.birdweather.com/species/501/White-wingedDove-thumbnail-4a940adfd5a6c78c73c48c5095e7b896.jpg","https://media.birdweather.com/species/501/White-wingedDove-png200-d65decd3d571b5a9dbeca249ef97689f.png","IscJLwb6hoVelZWZdoh3eIeIdxBoB4IG",17140503784,"https://media.birdweather.com/soundscapes/19267/19267-20260920-115830.flac",4.5,7.5,"live"
11261432051,19267,"2026-09-20T05:58:33.000-06:00",0.723904013633728,0.216395363211632,7.20233908497075,"almost_certain","BirdNET",NA,10.2198,-83.7874,FALSE,501,"White-winged Dove","Zenaida asiatica","#d16ff8","avian","https://media.birdweather.com/species/501/White-wingedDove-standard-6528ef689b07d5a91f1c2275cdef19c9.jpg","https://media.birdweather.com/species/501/White-wingedDove-thumbnail-4a940adfd5a6c78c73c48c5095e7b896.jpg","https://media.birdweather.com/species/501/White-wingedDove-png200-d65decd3d571b5a9dbeca249ef97689f.png","IscJLwb6hoVelZWZdoh3eIeIdxBoB4IG",17140503784,"https://media.birdweather.com/soundscapes/19267/19267-20260920-115830.flac",3,6,"live"
11261432045,19267,"2026-09-20T05:58:31.500-06:00",0.727538704872131,0.216395363211632,7.21403583716869,"almost_certain","BirdNET",NA,10.2198,-83.7874,FALSE,501,"White-winged Dove","Zenaida asiatica","#d16ff8","avian","https://media.birdweather.com/species/501/White-wingedDove-standard-6528ef689b07d5a91f1c2275cdef19c9.jpg","https://media.birdweather.com/species/501/White-wingedDove-thumbnail-4a940adfd5a6c78c73c48c5095e7b896.jpg","https://media.birdweather.com/species/501/White-wingedDove-png200-d65decd3d571b5a9dbeca249ef97689f.png","IscJLwb6hoVelZWZdoh3eIeIdxBoB4IG",17140503784,"https://media.birdweather.com/soundscapes/19267/19267-20260920-115830.flac",1.5,4.5,"live"
11261428439,19267,"2026-09-20T05:58:16.500-06:00",0.745589971542358,0.761462032794952,8.95031760366879,"almost_certain","BirdNET",NA,10.2198,-83.7874,FALSE,229,"Great Kiskadee","Pitangus sulphuratus","#7d4410","avian","https://media.birdweather.com/species/229/GreatKiskadee-standard-cd28a1b8e8b8e5aed433e809c229004e.jpg","https://media.birdweather.com/species/229/GreatKiskadee-thumbnail-b2749ed2442fb322cf3c4cb72f9c97f6.jpg","https://media.birdweather.com/species/229/GreatKiskadee-png200-003973af4f863deb00a4ce9b6f10e59c.png","0PgFDwIrhYqfZJh1mVe3SZZ3uKEJBncG",17140497020,"https://media.birdweather.com/soundscapes/19267/19267-20260920-115815.flac",1.5,4.5,"live"
11261425061,19267,"2026-09-20T05:58:08.000-06:00",0.856526494026184,0.216388761997223,7.57522372984578,"almost_certain","BirdNET",NA,10.2198,-83.7874,FALSE,501,"White-winged Dove","Zenaida asiatica","#d16ff8","avian","https://media.birdweather.com/species/501/White-wingedDove-standard-6528ef689b07d5a91f1c2275cdef19c9.jpg","https://media.birdweather.com/species/501/White-wingedDove-thumbnail-4a940adfd5a6c78c73c48c5095e7b896.jpg","https://media.birdweather.com/species/501/White-wingedDove-png200-d65decd3d571b5a9dbeca249ef97689f.png","IscJLwb6hoVelZWZdoh3eIeIdxBoB4IG",17140490717,"https://media.birdweather.com/soundscapes/19267/19267-20260920-115802.flac",6,9,"live"
11261425058,19267,"2026-09-20T05:58:06.500-06:00",0.832057416439056,0.216388761997223,7.51362391467206,"almost_certain","BirdNET",NA,10.2198,-83.7874,FALSE,501,"White-winged Dove","Zenaida asiatica","#d16ff8","avian","https://media.birdweather.com/species/501/White-wingedDove-standard-6528ef689b07d5a91f1c2275cdef19c9.jpg","https://media.birdweather.com/species/501/White-wingedDove-thumbnail-4a940adfd5a6c78c73c48c5095e7b896.jpg","https://media.birdweather.com/species/501/White-wingedDove-png200-d65decd3d571b5a9dbeca249ef97689f.png","IscJLwb6hoVelZWZdoh3eIeIdxBoB4IG",17140490717,"https://media.birdweather.com/soundscapes/19267/19267-20260920-115802.flac",4.5,7.5,"live"
11261421637,19267,"2026-09-20T05:57:53.000-06:00",0.8732630610466,0.761458575725555,9.29547683071416,"almost_certain","BirdNET",NA,10.2198,-83.7874,FALSE,229,"Great Kiskadee","Pitangus sulphuratus","#7d4410","avian","https://media.birdweather.com/species/229/GreatKiskadee-standard-cd28a1b8e8b8e5aed433e809c229004e.jpg","https://media.birdweather.com/species/229/GreatKiskadee-thumbnail-b2749ed2442fb322cf3c4cb72f9c97f6.jpg","https://media.birdweather.com/species/229/GreatKiskadee-png200-003973af4f863deb00a4ce9b6f10e59c.png","0PgFDwIrhYqfZJh1mVe3SZZ3uKEJBncG",17140484447,"https://media.birdweather.com/soundscapes/19267/19267-20260920-115750.flac",3,6,"live"
11261421634,19267,"2026-09-20T05:57:51.500-06:00",0.910312294960022,0.761458575725555,9.3812745595286,"almost_certain","BirdNET",NA,10.2198,-83.7874,FALSE,229,"Great Kiskadee","Pitangus sulphuratus","#7d4410","avian","https://media.birdweather.com/species/229/GreatKiskadee-standard-cd28a1b8e8b8e5aed433e809c229004e.jpg","https://media.birdweather.com/species/229/GreatKiskadee-thumbnail-b2749ed2442fb322cf3c4cb72f9c97f6.jpg","https://media.birdweather.com/species/229/GreatKiskadee-png200-003973af4f863deb00a4ce9b6f10e59c.png","0PgFDwIrhYqfZJh1mVe3SZZ3uKEJBncG",17140484447,"https://media.birdweather.com/soundscapes/19267/19267-20260920-115750.flac",1.5,4.5,"live"
11261418227,19267,"2026-09-20T05:57:40.500-06:00",0.852273881435394,0.761455595493317,9.24436968824175,"almost_certain","BirdNET",NA,10.2198,-83.7874,FALSE,229,"Great Kiskadee","Pitangus sulphuratus","#7d4410","avian","https://media.birdweather.com/species/229/GreatKiskadee-standard-cd28a1b8e8b8e5aed433e809c229004e.jpg","https://media.birdweather.com/species/229/GreatKiskadee-thumbnail-b2749ed2442fb322cf3c4cb72f9c97f6.jpg","https://media.birdweather.com/species/229/GreatKiskadee-png200-003973af4f863deb00a4ce9b6f10e59c.png","0PgFDwIrhYqfZJh1mVe3SZZ3uKEJBncG",17140477644,"https://media.birdweather.com/soundscapes/19267/19267-20260920-115736.flac",4.5,7.5,"live"
11261363417,19267,"2026-09-20T05:54:05.500-06:00",0.810093879699707,0.761457443237305,9.13552743045708,"almost_certain","BirdNET",NA,10.2198,-83.7874,FALSE,229,"Great Kiskadee","Pitangus sulphuratus","#7d4410","avian","https://media.birdweather.com/species/229/GreatKiskadee-standard-cd28a1b8e8b8e5aed433e809c229004e.jpg","https://media.birdweather.com/species/229/GreatKiskadee-thumbnail-b2749ed2442fb322cf3c4cb72f9c97f6.jpg","https://media.birdweather.com/species/229/GreatKiskadee-png200-003973af4f863deb00a4ce9b6f10e59c.png","0PgFDwIrhYqfZJh1mVe3SZZ3uKEJBncG",17140373216,"https://media.birdweather.com/soundscapes/19267/19267-20260920-115404.flac",1.5,4.5,"live"
11261363414,19267,"2026-09-20T05:54:04.000-06:00",0.704593896865845,0.761457443237305,8.81808343393566,"almost_certain","BirdNET",NA,10.2198,-83.7874,FALSE,229,"Great Kiskadee","Pitangus sulphuratus","#7d4410","avian","https://media.birdweather.com/species/229/GreatKiskadee-standard-cd28a1b8e8b8e5aed433e809c229004e.jpg","https://media.birdweather.com/species/229/GreatKiskadee-thumbnail-b2749ed2442fb322cf3c4cb72f9c97f6.jpg","https://media.birdweather.com/species/229/GreatKiskadee-png200-003973af4f863deb00a4ce9b6f10e59c.png","0PgFDwIrhYqfZJh1mVe3SZZ3uKEJBncG",17140373216,"https://media.birdweather.com/soundscapes/19267/19267-20260920-115404.flac",0,3,"live"
11261360253,19267,"2026-09-20T05:53:52.500-06:00",0.814922273159027,0.761457443237305,9.14843444260155,"almost_certain","BirdNET",NA,10.2198,-83.7874,FALSE,229,"Great Kiskadee","Pitangus sulphuratus","#7d4410","avian","https://media.birdweather.com/species/229/GreatKiskadee-standard-cd28a1b8e8b8e5aed433e809c229004e.jpg","https://media.birdweather.com/species/229/GreatKiskadee-thumbnail-b2749ed2442fb322cf3c4cb72f9c97f6.jpg","https://media.birdweather.com/species/229/GreatKiskadee-png200-003973af4f863deb00a4ce9b6f10e59c.png","0PgFDwIrhYqfZJh1mVe3SZZ3uKEJBncG",17140367111,"https://media.birdweather.com/soundscapes/19267/19267-20260920-115351.flac",1.5,4.5,"live"
11261356458,19267,"2026-09-20T05:53:40.000-06:00",0.876268446445465,0.761457443237305,9.30263841161441,"almost_certain","BirdNET",NA,10.2198,-83.7874,FALSE,229,"Great Kiskadee","Pitangus sulphuratus","#7d4410","avian","https://media.birdweather.com/species/229/GreatKiskadee-standard-cd28a1b8e8b8e5aed433e809c229004e.jpg","https://media.birdweather.com/species/229/GreatKiskadee-thumbnail-b2749ed2442fb322cf3c4cb72f9c97f6.jpg","https://media.birdweather.com/species/229/GreatKiskadee-png200-003973af4f863deb00a4ce9b6f10e59c.png","0PgFDwIrhYqfZJh1mVe3SZZ3uKEJBncG",17140359905,"https://media.birdweather.com/soundscapes/19267/19267-20260920-115337.flac",3,6,"live"
11261356454,19267,"2026-09-20T05:53:38.500-06:00",0.772352397441864,0.761457443237305,9.03021624990422,"almost_certain","BirdNET",NA,10.2198,-83.7874,FALSE,229,"Great Kiskadee","Pitangus sulphuratus","#7d4410","avian","https://media.birdweather.com/species/229/GreatKiskadee-standard-cd28a1b8e8b8e5aed433e809c229004e.jpg","https://media.birdweather.com/species/229/GreatKiskadee-thumbnail-b2749ed2442fb322cf3c4cb72f9c97f6.jpg","https://media.birdweather.com/species/229/GreatKiskadee-png200-003973af4f863deb00a4ce9b6f10e59c.png","0PgFDwIrhYqfZJh1mVe3SZZ3uKEJBncG",17140359905,"https://media.birdweather.com/soundscapes/19267/19267-20260920-115337.flac",1.5,4.5,"live"
11261356447,19267,"2026-09-20T05:53:37.000-06:00",0.871557831764221,0.761457443237305,9.29139354213,"almost_certain","BirdNET",NA,10.2198,-83.7874,FALSE,229,"Great Kiskadee","Pitangus sulphuratus","#7d4410","avian","https://media.birdweather.com/species/229/GreatKiskadee-standard-cd28a1b8e8b8e5aed433e809c229004e.jpg","https://media.birdweather.com/species/229/GreatKiskadee-thumbnail-b2749ed2442fb322cf3c4cb72f9c97f6.jpg","https://media.birdweather.com/species/229/GreatKiskadee-png200-003973af4f863deb00a4ce9b6f10e59c.png","0PgFDwIrhYqfZJh1mVe3SZZ3uKEJBncG",17140359905,"https://media.birdweather.com/soundscapes/19267/19267-20260920-115337.flac",0,3,"live"
11261295445,19267,"2026-09-20T05:49:42.000-06:00",0.765355706214905,0.216397315263748,7.33016508323823,"almost_certain","BirdNET",NA,10.2198,-83.7874,FALSE,501,"White-winged Dove","Zenaida asiatica","#d16ff8","avian","https://media.birdweather.com/species/501/White-wingedDove-standard-6528ef689b07d5a91f1c2275cdef19c9.jpg","https://media.birdweather.com/species/501/White-wingedDove-thumbnail-4a940adfd5a6c78c73c48c5095e7b896.jpg","https://media.birdweather.com/species/501/White-wingedDove-png200-d65decd3d571b5a9dbeca249ef97689f.png","IscJLwb6hoVelZWZdoh3eIeIdxBoB4IG",17140241463,"https://media.birdweather.com/soundscapes/19267/19267-20260920-114936.flac",6,9,"live"
11261292327,19267,"2026-09-20T05:49:27.500-06:00",0.729030430316925,0.216399416327477,7.21883211157352,"almost_certain","BirdNET",NA,10.2198,-83.7874,FALSE,501,"White-winged Dove","Zenaida asiatica","#d16ff8","avian","https://media.birdweather.com/species/501/White-wingedDove-standard-6528ef689b07d5a91f1c2275cdef19c9.jpg","https://media.birdweather.com/species/501/White-wingedDove-thumbnail-4a940adfd5a6c78c73c48c5095e7b896.jpg","https://media.birdweather.com/species/501/White-wingedDove-png200-d65decd3d571b5a9dbeca249ef97689f.png","IscJLwb6hoVelZWZdoh3eIeIdxBoB4IG",17140235113,"https://media.birdweather.com/soundscapes/19267/19267-20260920-114923.flac",4.5,7.5,"live"
11261292324,19267,"2026-09-20T05:49:26.000-06:00",0.807918310165405,0.216399416327477,7.45007821789194,"almost_certain","BirdNET",NA,10.2198,-83.7874,FALSE,501,"White-winged Dove","Zenaida asiatica","#d16ff8","avian","https://media.birdweather.com/species/501/White-wingedDove-standard-6528ef689b07d5a91f1c2275cdef19c9.jpg","https://media.birdweather.com/species/501/White-wingedDove-thumbnail-4a940adfd5a6c78c73c48c5095e7b896.jpg","https://media.birdweather.com/species/501/White-wingedDove-png200-d65decd3d571b5a9dbeca249ef97689f.png","IscJLwb6hoVelZWZdoh3eIeIdxBoB4IG",17140235113,"https://media.birdweather.com/soundscapes/19267/19267-20260920-114923.flac",3,6,"live"
11261244009,19267,"2026-09-20T05:46:07.000-06:00",0.881982505321503,0.806998670101166,9.39473356619666,"almost_certain","BirdNET",NA,10.2198,-83.7874,FALSE,451,"Blue-gray Tanager","Thraupis episcopus","#844800","avian","https://media.birdweather.com/species/451/Blue-grayTanager-standard-04bc83ed9930251b50b0a08bf40fec04.jpg","https://media.birdweather.com/species/451/Blue-grayTanager-thumbnail-dc3af9565dbd849047cf157316f7ef59.jpg","https://media.birdweather.com/species/451/Blue-grayTanager-png200-be5418cb49793536e5c09e1af73aefe1.png","GvkFHwZvZYaoamVVjYZ1i1Z2Zoz1l3EP",17140138649,"https://media.birdweather.com/soundscapes/19267/19267-20260920-114607.flac",0,3,"live"
11261240858,19267,"2026-09-20T05:46:01.000-06:00",0.742022156715393,0.806998670101166,9.01787344757233,"almost_certain","BirdNET",NA,10.2198,-83.7874,FALSE,451,"Blue-gray Tanager","Thraupis episcopus","#844800","avian","https://media.birdweather.com/species/451/Blue-grayTanager-standard-04bc83ed9930251b50b0a08bf40fec04.jpg","https://media.birdweather.com/species/451/Blue-grayTanager-thumbnail-dc3af9565dbd849047cf157316f7ef59.jpg","https://media.birdweather.com/species/451/Blue-grayTanager-png200-be5418cb49793536e5c09e1af73aefe1.png","GvkFHwZvZYaoamVVjYZ1i1Z2Zoz1l3EP",17140132355,"https://media.birdweather.com/soundscapes/19267/19267-20260920-114555.flac",6,9,"live"
11261240857,19267,"2026-09-20T05:45:59.500-06:00",0.850027441978455,0.806998670101166,9.31736662999378,"almost_certain","BirdNET",NA,10.2198,-83.7874,FALSE,451,"Blue-gray Tanager","Thraupis episcopus","#844800","avian","https://media.birdweather.com/species/451/Blue-grayTanager-standard-04bc83ed9930251b50b0a08bf40fec04.jpg","https://media.birdweather.com/species/451/Blue-grayTanager-thumbnail-dc3af9565dbd849047cf157316f7ef59.jpg","https://media.birdweather.com/species/451/Blue-grayTanager-png200-be5418cb49793536e5c09e1af73aefe1.png","GvkFHwZvZYaoamVVjYZ1i1Z2Zoz1l3EP",17140132355,"https://media.birdweather.com/soundscapes/19267/19267-20260920-114555.flac",4.5,7.5,"live"
11261230792,19267,"2026-09-20T05:45:20.000-06:00",0.830245316028595,0.806993365287781,9.26717681059757,"almost_certain","BirdNET",NA,10.2198,-83.7874,FALSE,451,"Blue-gray Tanager","Thraupis episcopus","#844800","avian","https://media.birdweather.com/species/451/Blue-grayTanager-standard-04bc83ed9930251b50b0a08bf40fec04.jpg","https://media.birdweather.com/species/451/Blue-grayTanager-thumbnail-dc3af9565dbd849047cf157316f7ef59.jpg","https://media.birdweather.com/species/451/Blue-grayTanager-png200-be5418cb49793536e5c09e1af73aefe1.png","GvkFHwZvZYaoamVVjYZ1i1Z2Zoz1l3EP",17140112472,"https://media.birdweather.com/soundscapes/19267/19267-20260920-114514.flac",6,9,"live"
11261230790,19267,"2026-09-20T05:45:18.500-06:00",0.720995485782623,0.806993365287781,8.95109363164248,"almost_certain","BirdNET",NA,10.2198,-83.7874,FALSE,451,"Blue-gray Tanager","Thraupis episcopus","#844800","avian","https://media.birdweather.com/species/451/Blue-grayTanager-standard-04bc83ed9930251b50b0a08bf40fec04.jpg","https://media.birdweather.com/species/451/Blue-grayTanager-thumbnail-dc3af9565dbd849047cf157316f7ef59.jpg","https://media.birdweather.com/species/451/Blue-grayTanager-png200-be5418cb49793536e5c09e1af73aefe1.png","GvkFHwZvZYaoamVVjYZ1i1Z2Zoz1l3EP",17140112472,"https://media.birdweather.com/soundscapes/19267/19267-20260920-114514.flac",4.5,7.5,"live"
11261230783,19267,"2026-09-20T05:45:14.000-06:00",0.804001152515411,0.806993365287781,9.19763395963119,"almost_certain","BirdNET",NA,10.2198,-83.7874,FALSE,451,"Blue-gray Tanager","Thraupis episcopus","#844800","avian","https://media.birdweather.com/species/451/Blue-grayTanager-standard-04bc83ed9930251b50b0a08bf40fec04.jpg","https://media.birdweather.com/species/451/Blue-grayTanager-thumbnail-dc3af9565dbd849047cf157316f7ef59.jpg","https://media.birdweather.com/species/451/Blue-grayTanager-png200-be5418cb49793536e5c09e1af73aefe1.png","GvkFHwZvZYaoamVVjYZ1i1Z2Zoz1l3EP",17140112472,"https://media.birdweather.com/soundscapes/19267/19267-20260920-114514.flac",0,3,"live"
11261224220,19267,"2026-09-20T05:44:50.000-06:00",0.784644961357117,0.216391921043396,7.38577432174676,"almost_certain","BirdNET",NA,10.2198,-83.7874,FALSE,501,"White-winged Dove","Zenaida asiatica","#d16ff8","avian","https://media.birdweather.com/species/501/White-wingedDove-standard-6528ef689b07d5a91f1c2275cdef19c9.jpg","https://media.birdweather.com/species/501/White-wingedDove-thumbnail-4a940adfd5a6c78c73c48c5095e7b896.jpg","https://media.birdweather.com/species/501/White-wingedDove-png200-d65decd3d571b5a9dbeca249ef97689f.png","IscJLwb6hoVelZWZdoh3eIeIdxBoB4IG",17140099304,"https://media.birdweather.com/soundscapes/19267/19267-20260920-114447.flac",3,6,"live"
11261220895,19267,"2026-09-20T05:44:36.500-06:00",0.857186615467072,0.21639358997345,7.5768770026625,"almost_certain","BirdNET",NA,10.2198,-83.7874,FALSE,501,"White-winged Dove","Zenaida asiatica","#d16ff8","avian","https://media.birdweather.com/species/501/White-wingedDove-standard-6528ef689b07d5a91f1c2275cdef19c9.jpg","https://media.birdweather.com/species/501/White-wingedDove-thumbnail-4a940adfd5a6c78c73c48c5095e7b896.jpg","https://media.birdweather.com/species/501/White-wingedDove-png200-d65decd3d571b5a9dbeca249ef97689f.png","IscJLwb6hoVelZWZdoh3eIeIdxBoB4IG",17140092933,"https://media.birdweather.com/soundscapes/19267/19267-20260920-114435.flac",1.5,4.5,"live"
11261204436,19267,"2026-09-20T05:43:31.000-06:00",0.886761903762817,0.216377794742584,7.64763631111606,"almost_certain","BirdNET",NA,10.2198,-83.7874,FALSE,501,"White-winged Dove","Zenaida asiatica","#d16ff8","avian","https://media.birdweather.com/species/501/White-wingedDove-standard-6528ef689b07d5a91f1c2275cdef19c9.jpg","https://media.birdweather.com/species/501/White-wingedDove-thumbnail-4a940adfd5a6c78c73c48c5095e7b896.jpg","https://media.birdweather.com/species/501/White-wingedDove-png200-d65decd3d571b5a9dbeca249ef97689f.png","IscJLwb6hoVelZWZdoh3eIeIdxBoB4IG",17140059907,"https://media.birdweather.com/soundscapes/19267/19267-20260920-114328.flac",3,6,"live"
11261197622,19267,"2026-09-20T05:43:01.500-06:00",0.726759433746338,0.21637587249279,7.21141852100801,"almost_certain","BirdNET",NA,10.2198,-83.7874,FALSE,501,"White-winged Dove","Zenaida asiatica","#d16ff8","avian","https://media.birdweather.com/species/501/White-wingedDove-standard-6528ef689b07d5a91f1c2275cdef19c9.jpg","https://media.birdweather.com/species/501/White-wingedDove-thumbnail-4a940adfd5a6c78c73c48c5095e7b896.jpg","https://media.birdweather.com/species/501/White-wingedDove-png200-d65decd3d571b5a9dbeca249ef97689f.png","IscJLwb6hoVelZWZdoh3eIeIdxBoB4IG",17140046391,"https://media.birdweather.com/soundscapes/19267/19267-20260920-114300.flac",1.5,4.5,"live"
11261155853,19267,"2026-09-20T05:40:07.000-06:00",0.912207186222076,0.216377392411232,7.70579262670457,"almost_certain","BirdNET",NA,10.2198,-83.7874,FALSE,501,"White-winged Dove","Zenaida asiatica","#d16ff8","avian","https://media.birdweather.com/species/501/White-wingedDove-standard-6528ef689b07d5a91f1c2275cdef19c9.jpg","https://media.birdweather.com/species/501/White-wingedDove-thumbnail-4a940adfd5a6c78c73c48c5095e7b896.jpg","https://media.birdweather.com/species/501/White-wingedDove-png200-d65decd3d571b5a9dbeca249ef97689f.png","IscJLwb6hoVelZWZdoh3eIeIdxBoB4IG",17139961384,"https://media.birdweather.com/soundscapes/19267/19267-20260920-114007.flac",0,3,"live"
11261143363,19267,"2026-09-20T05:39:17.000-06:00",0.73392379283905,0.21639695763588,7.23435450826241,"almost_certain","BirdNET",NA,10.2198,-83.7874,FALSE,501,"White-winged Dove","Zenaida asiatica","#d16ff8","avian","https://media.birdweather.com/species/501/White-wingedDove-standard-6528ef689b07d5a91f1c2275cdef19c9.jpg","https://media.birdweather.com/species/501/White-wingedDove-thumbnail-4a940adfd5a6c78c73c48c5095e7b896.jpg","https://media.birdweather.com/species/501/White-wingedDove-png200-d65decd3d571b5a9dbeca249ef97689f.png","IscJLwb6hoVelZWZdoh3eIeIdxBoB4IG",17139935390,"https://media.birdweather.com/soundscapes/19267/19267-20260920-113914.flac",3,6,"live"
11261121320,19267,"2026-09-20T05:37:45.000-06:00",0.789358615875244,0.142043799161911,6.85363888411062,"almost_certain","BirdNET",NA,10.2198,-83.7874,FALSE,386,"Melodious Blackbird","Dives dives","#ff6aae","avian","https://media.birdweather.com/species/386/MelodiousBlackbird-standard-baf80eb1af218e1b234076fbc0fe135d.jpg","https://media.birdweather.com/species/386/MelodiousBlackbird-thumbnail-d6ddaf1f26452285c408803ba1060566.jpg","https://media.birdweather.com/species/386/MelodiousBlackbird-png200-62ebea0b1af473e7ad50598364b93c3c.png","3/gFHwTlepR/Zoi5VWiKZ4aUx+j3hYAD",17139889100,"https://media.birdweather.com/soundscapes/19267/19267-20260920-113739.flac",6,9,"live"
11261065745,19267,"2026-09-20T05:33:48.000-06:00",0.744870007038116,0.761458992958069,8.94809682992197,"almost_certain","BirdNET",NA,10.2198,-83.7874,FALSE,229,"Great Kiskadee","Pitangus sulphuratus","#7d4410","avian","https://media.birdweather.com/species/229/GreatKiskadee-standard-cd28a1b8e8b8e5aed433e809c229004e.jpg","https://media.birdweather.com/species/229/GreatKiskadee-thumbnail-b2749ed2442fb322cf3c4cb72f9c97f6.jpg","https://media.birdweather.com/species/229/GreatKiskadee-png200-003973af4f863deb00a4ce9b6f10e59c.png","0PgFDwIrhYqfZJh1mVe3SZZ3uKEJBncG",17139772397,"https://media.birdweather.com/soundscapes/19267/19267-20260920-113342.flac",6,9,"live"
11261065742,19267,"2026-09-20T05:33:46.500-06:00",0.88941752910614,0.761458992958069,9.33355001519417,"almost_certain","BirdNET",NA,10.2198,-83.7874,FALSE,229,"Great Kiskadee","Pitangus sulphuratus","#7d4410","avian","https://media.birdweather.com/species/229/GreatKiskadee-standard-cd28a1b8e8b8e5aed433e809c229004e.jpg","https://media.birdweather.com/species/229/GreatKiskadee-thumbnail-b2749ed2442fb322cf3c4cb72f9c97f6.jpg","https://media.birdweather.com/species/229/GreatKiskadee-png200-003973af4f863deb00a4ce9b6f10e59c.png","0PgFDwIrhYqfZJh1mVe3SZZ3uKEJBncG",17139772397,"https://media.birdweather.com/soundscapes/19267/19267-20260920-113342.flac",4.5,7.5,"live"
11261043850,19267,"2026-09-20T05:32:12.000-06:00",0.707910060882568,0.761457979679108,8.82926751962578,"almost_certain","BirdNET",NA,10.2198,-83.7874,FALSE,229,"Great Kiskadee","Pitangus sulphuratus","#7d4410","avian","https://media.birdweather.com/species/229/GreatKiskadee-standard-cd28a1b8e8b8e5aed433e809c229004e.jpg","https://media.birdweather.com/species/229/GreatKiskadee-thumbnail-b2749ed2442fb322cf3c4cb72f9c97f6.jpg","https://media.birdweather.com/species/229/GreatKiskadee-png200-003973af4f863deb00a4ce9b6f10e59c.png","0PgFDwIrhYqfZJh1mVe3SZZ3uKEJBncG",17139726984,"https://media.birdweather.com/soundscapes/19267/19267-20260920-113209.flac",3,6,"live"
11261028452,19267,"2026-09-20T05:31:08.000-06:00",0.700137734413147,0.216381534934044,7.12320883729284,"almost_certain","BirdNET",NA,10.2198,-83.7874,FALSE,501,"White-winged Dove","Zenaida asiatica","#d16ff8","avian","https://media.birdweather.com/species/501/White-wingedDove-standard-6528ef689b07d5a91f1c2275cdef19c9.jpg","https://media.birdweather.com/species/501/White-wingedDove-thumbnail-4a940adfd5a6c78c73c48c5095e7b896.jpg","https://media.birdweather.com/species/501/White-wingedDove-png200-d65decd3d571b5a9dbeca249ef97689f.png","IscJLwb6hoVelZWZdoh3eIeIdxBoB4IG",17139693823,"https://media.birdweather.com/soundscapes/19267/19267-20260920-113102.flac",6,9,"live"
11261028438,19267,"2026-09-20T05:31:03.500-06:00",0.861665844917297,0.216381534934044,7.58777346334482,"almost_certain","BirdNET",NA,10.2198,-83.7874,FALSE,501,"White-winged Dove","Zenaida asiatica","#d16ff8","avian","https://media.birdweather.com/species/501/White-wingedDove-standard-6528ef689b07d5a91f1c2275cdef19c9.jpg","https://media.birdweather.com/species/501/White-wingedDove-thumbnail-4a940adfd5a6c78c73c48c5095e7b896.jpg","https://media.birdweather.com/species/501/White-wingedDove-png200-d65decd3d571b5a9dbeca249ef97689f.png","IscJLwb6hoVelZWZdoh3eIeIdxBoB4IG",17139693823,"https://media.birdweather.com/soundscapes/19267/19267-20260920-113102.flac",1.5,4.5,"live"
11261019607,19267,"2026-09-20T05:30:22.500-06:00",0.726340055465698,0.216381534934044,7.2101058223301,"almost_certain","BirdNET",NA,10.2198,-83.7874,FALSE,501,"White-winged Dove","Zenaida asiatica","#d16ff8","avian","https://media.birdweather.com/species/501/White-wingedDove-standard-6528ef689b07d5a91f1c2275cdef19c9.jpg","https://media.birdweather.com/species/501/White-wingedDove-thumbnail-4a940adfd5a6c78c73c48c5095e7b896.jpg","https://media.birdweather.com/species/501/White-wingedDove-png200-d65decd3d571b5a9dbeca249ef97689f.png","IscJLwb6hoVelZWZdoh3eIeIdxBoB4IG",17139674132,"https://media.birdweather.com/soundscapes/19267/19267-20260920-113021.flac",1.5,4.5,"live"
11261019602,19267,"2026-09-20T05:30:21.000-06:00",0.940154433250427,0.216381534934044,7.76697269399231,"almost_certain","BirdNET",NA,10.2198,-83.7874,FALSE,501,"White-winged Dove","Zenaida asiatica","#d16ff8","avian","https://media.birdweather.com/species/501/White-wingedDove-standard-6528ef689b07d5a91f1c2275cdef19c9.jpg","https://media.birdweather.com/species/501/White-wingedDove-thumbnail-4a940adfd5a6c78c73c48c5095e7b896.jpg","https://media.birdweather.com/species/501/White-wingedDove-png200-d65decd3d571b5a9dbeca249ef97689f.png","IscJLwb6hoVelZWZdoh3eIeIdxBoB4IG",17139674132,"https://media.birdweather.com/soundscapes/19267/19267-20260920-113021.flac",0,3,"live"
11261007886,19267,"2026-09-20T05:29:29.000-06:00",0.725937902927399,0.216381534934044,7.20881293656922,"almost_certain","BirdNET",NA,10.2198,-83.7874,FALSE,501,"White-winged Dove","Zenaida asiatica","#d16ff8","avian","https://media.birdweather.com/species/501/White-wingedDove-standard-6528ef689b07d5a91f1c2275cdef19c9.jpg","https://media.birdweather.com/species/501/White-wingedDove-thumbnail-4a940adfd5a6c78c73c48c5095e7b896.jpg","https://media.birdweather.com/species/501/White-wingedDove-png200-d65decd3d571b5a9dbeca249ef97689f.png","IscJLwb6hoVelZWZdoh3eIeIdxBoB4IG",17139648115,"https://media.birdweather.com/soundscapes/19267/19267-20260920-112929.flac",0,3,"live"
11261001755,19267,"2026-09-20T05:29:01.500-06:00",0.733397841453552,0.216381534934044,7.23259961736507,"almost_certain","BirdNET",NA,10.2198,-83.7874,FALSE,501,"White-winged Dove","Zenaida asiatica","#d16ff8","avian","https://media.birdweather.com/species/501/White-wingedDove-standard-6528ef689b07d5a91f1c2275cdef19c9.jpg","https://media.birdweather.com/species/501/White-wingedDove-thumbnail-4a940adfd5a6c78c73c48c5095e7b896.jpg","https://media.birdweather.com/species/501/White-wingedDove-png200-d65decd3d571b5a9dbeca249ef97689f.png","IscJLwb6hoVelZWZdoh3eIeIdxBoB4IG",17139634852,"https://media.birdweather.com/soundscapes/19267/19267-20260920-112900.flac",1.5,4.5,"live"
11260973120,19267,"2026-09-20T05:27:00.500-06:00",0.937117457389832,0.545146584510803,8.98936203367259,"almost_certain","BirdNET",NA,10.2198,-83.7874,FALSE,802,"Rufous-tailed Hummingbird","Amazilia tzacatl","#d9c845","avian","https://media.birdweather.com/species/802/Rufous-tailedHummingbird-standard-4d0209b50ad0c35c6d8337f5c0c16b55.jpg","https://media.birdweather.com/species/802/Rufous-tailedHummingbird-thumbnail-fbf17400c31564f70aa45927c5d75f5e.jpg","https://media.birdweather.com/species/802/Rufous-tailedHummingbird-png200-8ea431c9893cfe027e92471791a8c256.png","mPkJFwIHqJeJl4lriIaGhYh3+H+oVGAH",17139573341,"https://media.birdweather.com/soundscapes/19267/19267-20260920-112656.flac",4.5,7.5,"live"
11260856497,19267,"2026-09-20T05:18:12.500-06:00",0.79790860414505,0.545154094696045,8.65162419818168,"almost_certain","BirdNET",NA,10.2198,-83.7874,FALSE,802,"Rufous-tailed Hummingbird","Amazilia tzacatl","#d9c845","avian","https://media.birdweather.com/species/802/Rufous-tailedHummingbird-standard-4d0209b50ad0c35c6d8337f5c0c16b55.jpg","https://media.birdweather.com/species/802/Rufous-tailedHummingbird-thumbnail-fbf17400c31564f70aa45927c5d75f5e.jpg","https://media.birdweather.com/species/802/Rufous-tailedHummingbird-png200-8ea431c9893cfe027e92471791a8c256.png","mPkJFwIHqJeJl4lriIaGhYh3+H+oVGAH",17139314917,"https://media.birdweather.com/soundscapes/19267/19267-20260920-111808.flac",4.5,7.5,"live"
11260850251,19267,"2026-09-20T05:17:43.500-06:00",0.774356305599213,0.545150935649872,8.58522922250817,"almost_certain","BirdNET",NA,10.2198,-83.7874,FALSE,802,"Rufous-tailed Hummingbird","Amazilia tzacatl","#d9c845","avian","https://media.birdweather.com/species/802/Rufous-tailedHummingbird-standard-4d0209b50ad0c35c6d8337f5c0c16b55.jpg","https://media.birdweather.com/species/802/Rufous-tailedHummingbird-thumbnail-fbf17400c31564f70aa45927c5d75f5e.jpg","https://media.birdweather.com/species/802/Rufous-tailedHummingbird-png200-8ea431c9893cfe027e92471791a8c256.png","mPkJFwIHqJeJl4lriIaGhYh3+H+oVGAH",17139300890,"https://media.birdweather.com/soundscapes/19267/19267-20260920-111739.flac",4.5,7.5,"live"
11260844152,19267,"2026-09-20T05:17:18.500-06:00",0.836070656776428,0.545153737068176,8.75279704892447,"almost_certain","BirdNET",NA,10.2198,-83.7874,FALSE,802,"Rufous-tailed Hummingbird","Amazilia tzacatl","#d9c845","avian","https://media.birdweather.com/species/802/Rufous-tailedHummingbird-standard-4d0209b50ad0c35c6d8337f5c0c16b55.jpg","https://media.birdweather.com/species/802/Rufous-tailedHummingbird-thumbnail-fbf17400c31564f70aa45927c5d75f5e.jpg","https://media.birdweather.com/species/802/Rufous-tailedHummingbird-png200-8ea431c9893cfe027e92471791a8c256.png","mPkJFwIHqJeJl4lriIaGhYh3+H+oVGAH",17139287547,"https://media.birdweather.com/soundscapes/19267/19267-20260920-111714.flac",4.5,7.5,"live"
11260752604,19267,"2026-09-20T05:10:15.000-06:00",0.805070161819458,0.761464178562164,9.12197990859646,"almost_certain","BirdNET",NA,10.2198,-83.7874,FALSE,229,"Great Kiskadee","Pitangus sulphuratus","#7d4410","avian","https://media.birdweather.com/species/229/GreatKiskadee-standard-cd28a1b8e8b8e5aed433e809c229004e.jpg","https://media.birdweather.com/species/229/GreatKiskadee-thumbnail-b2749ed2442fb322cf3c4cb72f9c97f6.jpg","https://media.birdweather.com/species/229/GreatKiskadee-png200-003973af4f863deb00a4ce9b6f10e59c.png","0PgFDwIrhYqfZJh1mVe3SZZ3uKEJBncG",17139079533,"https://media.birdweather.com/soundscapes/19267/19267-20260920-111009.flac",6,9,"live"
11260752602,19267,"2026-09-20T05:10:13.500-06:00",0.785359978675842,0.761464178562164,9.06744498411297,"almost_certain","BirdNET",NA,10.2198,-83.7874,FALSE,229,"Great Kiskadee","Pitangus sulphuratus","#7d4410","avian","https://media.birdweather.com/species/229/GreatKiskadee-standard-cd28a1b8e8b8e5aed433e809c229004e.jpg","https://media.birdweather.com/species/229/GreatKiskadee-thumbnail-b2749ed2442fb322cf3c4cb72f9c97f6.jpg","https://media.birdweather.com/species/229/GreatKiskadee-png200-003973af4f863deb00a4ce9b6f10e59c.png","0PgFDwIrhYqfZJh1mVe3SZZ3uKEJBncG",17139079533,"https://media.birdweather.com/soundscapes/19267/19267-20260920-111009.flac",4.5,7.5,"live"
11260556641,19267,"2026-09-20T04:54:09.000-06:00",0.953449606895447,0.76145601272583,9.47483365431676,"almost_certain","BirdNET",NA,10.2198,-83.7874,FALSE,229,"Great Kiskadee","Pitangus sulphuratus","#7d4410","avian","https://media.birdweather.com/species/229/GreatKiskadee-standard-cd28a1b8e8b8e5aed433e809c229004e.jpg","https://media.birdweather.com/species/229/GreatKiskadee-thumbnail-b2749ed2442fb322cf3c4cb72f9c97f6.jpg","https://media.birdweather.com/species/229/GreatKiskadee-png200-003973af4f863deb00a4ce9b6f10e59c.png","0PgFDwIrhYqfZJh1mVe3SZZ3uKEJBncG",17138606980,"https://media.birdweather.com/soundscapes/19267/19267-20260920-105403.flac",6,9,"live"
11260501714,19267,"2026-09-20T04:49:27.500-06:00",0.802624404430389,0.962151408195496,9.43210290221724,"almost_certain","BirdNET",NA,10.2198,-83.7874,FALSE,115,"Tropical Kingbird","Tyrannus melancholicus","#00b3a1","avian","https://media.birdweather.com/species/115/TropicalKingbird-standard-712bd41627c48fa23dafd70e7c83c2e4.jpg","https://media.birdweather.com/species/115/TropicalKingbird-thumbnail-d19e465885b300e6a764cb58df2c377e.jpg","https://media.birdweather.com/species/115/TropicalKingbird-png200-7879336d61c20ea19f905a307c05d2d1.png","G/kFDwLXdWqfdmeOkkq2uXmK16/aGV8M",17138471662,"https://media.birdweather.com/soundscapes/19267/19267-20260920-104926.flac",1.5,4.5,"live"
11260501712,19267,"2026-09-20T04:49:26.000-06:00",0.722515940666199,0.962151408195496,9.19424897560645,"almost_certain","BirdNET",NA,10.2198,-83.7874,FALSE,115,"Tropical Kingbird","Tyrannus melancholicus","#00b3a1","avian","https://media.birdweather.com/species/115/TropicalKingbird-standard-712bd41627c48fa23dafd70e7c83c2e4.jpg","https://media.birdweather.com/species/115/TropicalKingbird-thumbnail-d19e465885b300e6a764cb58df2c377e.jpg","https://media.birdweather.com/species/115/TropicalKingbird-png200-7879336d61c20ea19f905a307c05d2d1.png","G/kFDwLXdWqfdmeOkkq2uXmK16/aGV8M",17138471662,"https://media.birdweather.com/soundscapes/19267/19267-20260920-104926.flac",0,3,"live"
11260078935,19267,"2026-09-20T04:06:56.000-06:00",0.742775678634644,0.0572273842990398,5.59855410569931,"almost_certain","BirdNET",NA,10.2198,-83.7874,FALSE,2106,"Scale-crested Pygmy-Tyrant","Lophotriccus pileatus","#ff3f73","avian","https://media.birdweather.com/species/2106/Scale-crestedPygmy-Tyrant-standard-30688703276d7a86ba8040e08ec546e4.jpg","https://media.birdweather.com/species/2106/Scale-crestedPygmy-Tyrant-thumbnail-a2fa4da6488b42e46af0521226507326.jpg","https://media.birdweather.com/species/2106/Scale-crestedPygmy-Tyrant-png200-7dba50c93511c6b01ee479c707de9a8b.png","IroFJwJKZ2tcVqZvUmlauFW0Vp9LCUoK",17137233443,"https://media.birdweather.com/soundscapes/19267/19267-20260920-100656.flac",0,3,"live"
