"id","stationId","timestamp","confidence","probability","score","certainty","algorithm","metadata","lat","lon","favorite","species.id","species.commonName","species.scientificName","species.color","species.classification","species.imageUrl","species.thumbnailUrl","species.pngUrl","species.thumbhash","soundscape.id","soundscape.url","soundscape.startTime","soundscape.endTime","soundscape.mode"
10535121439,19267,"2026-08-17T23:37:00.000-06:00",0.723011016845703,0.0697242692112923,5.76956891471291,"almost_certain","BirdNET",NA,10.2198,-83.7874,FALSE,2106,"Scale-crested Pygmy-Tyrant","Lophotriccus pileatus","#ff3f73","avian","https://media.birdweather.com/species/2106/Scale-crestedPygmy-Tyrant-standard-30688703276d7a86ba8040e08ec546e4.jpg","https://media.birdweather.com/species/2106/Scale-crestedPygmy-Tyrant-thumbnail-a2fa4da6488b42e46af0521226507326.jpg","https://media.birdweather.com/species/2106/Scale-crestedPygmy-Tyrant-png200-7dba50c93511c6b01ee479c707de9a8b.png","IroFJwJKZ2tcVqZvUmlauFW0Vp9LCUoK",15741992243,"https://media.birdweather.com/soundscapes/19267/19267-20260818-053700.flac",0,3,"live"
10533749511,19267,"2026-08-17T22:18:26.000-06:00",0.987331569194794,0.0365731120109558,5.69814796326438,"almost_certain","BirdNET",NA,10.2198,-83.7874,FALSE,242,"Barn Owl","Tyto alba","#c57e94","avian","https://media.birdweather.com/species/242/BarnOwl-standard-8bec9306e3928726cbb18b498dd33c03.jpg","https://media.birdweather.com/species/242/BarnOwl-thumbnail-f2dc3ee81bc91e5f2214d7a2b7be6eef.jpg","https://media.birdweather.com/species/242/BarnOwl-png200-fe95e07244e391ae77d98d1c722d7699.png","4PgFFwKCFGWPgIlpq2aJdXiHiQRFCWME",15739760302,"https://media.birdweather.com/soundscapes/19267/19267-20260818-041820.flac",6,9,"live"
10531750250,19267,"2026-08-17T20:12:04.500-06:00",0.771467566490173,0.069726288318634,5.91818297234109,"almost_certain","BirdNET",NA,10.2198,-83.7874,FALSE,2106,"Scale-crested Pygmy-Tyrant","Lophotriccus pileatus","#ff3f73","avian","https://media.birdweather.com/species/2106/Scale-crestedPygmy-Tyrant-standard-30688703276d7a86ba8040e08ec546e4.jpg","https://media.birdweather.com/species/2106/Scale-crestedPygmy-Tyrant-thumbnail-a2fa4da6488b42e46af0521226507326.jpg","https://media.birdweather.com/species/2106/Scale-crestedPygmy-Tyrant-png200-7dba50c93511c6b01ee479c707de9a8b.png","IroFJwJKZ2tcVqZvUmlauFW0Vp9LCUoK",15736241020,"https://media.birdweather.com/soundscapes/19267/19267-20260818-021203.flac",1.5,4.5,"live"
10529301143,19267,"2026-08-17T17:31:36.000-06:00",0.880641222000122,0.782539248466492,9.34993076125576,"almost_certain","BirdNET",NA,10.2198,-83.7874,FALSE,229,"Great Kiskadee","Pitangus sulphuratus","#7d4410","avian","https://media.birdweather.com/species/229/GreatKiskadee-standard-cd28a1b8e8b8e5aed433e809c229004e.jpg","https://media.birdweather.com/species/229/GreatKiskadee-thumbnail-b2749ed2442fb322cf3c4cb72f9c97f6.jpg","https://media.birdweather.com/species/229/GreatKiskadee-png200-003973af4f863deb00a4ce9b6f10e59c.png","0PgFDwIrhYqfZJh1mVe3SZZ3uKEJBncG",15731744090,"https://media.birdweather.com/soundscapes/19267/19267-20260817-233133.flac",3,6,"live"
10529135160,19267,"2026-08-17T17:20:10.000-06:00",0.733972191810608,0.920286655426025,9.17059522775866,"almost_certain","BirdNET",NA,10.2198,-83.7874,FALSE,254,"Great-tailed Grackle","Quiscalus mexicanus","#4cdf64","avian","https://media.birdweather.com/species/254/Great-tailedGrackle-standard-84167b7e46a2aae7f30286e714478461.jpg","https://media.birdweather.com/species/254/Great-tailedGrackle-thumbnail-388529862f53a8a975b80daf9e76e3ac.jpg","https://media.birdweather.com/species/254/Great-tailedGrackle-png200-ca2dc12559d8d2db107eefc8eff73513.png","GAgKDwKYmnVgeIeVhniHRXiahgv2mWAN",15731418404,"https://media.birdweather.com/soundscapes/19267/19267-20260817-232004.flac",6,9,"live"
10529135125,19267,"2026-08-17T17:20:08.500-06:00",0.849328875541687,0.920286655426025,9.49352731085844,"almost_certain","BirdNET",NA,10.2198,-83.7874,FALSE,254,"Great-tailed Grackle","Quiscalus mexicanus","#4cdf64","avian","https://media.birdweather.com/species/254/Great-tailedGrackle-standard-84167b7e46a2aae7f30286e714478461.jpg","https://media.birdweather.com/species/254/Great-tailedGrackle-thumbnail-388529862f53a8a975b80daf9e76e3ac.jpg","https://media.birdweather.com/species/254/Great-tailedGrackle-png200-ca2dc12559d8d2db107eefc8eff73513.png","GAgKDwKYmnVgeIeVhniHRXiahgv2mWAN",15731418404,"https://media.birdweather.com/soundscapes/19267/19267-20260817-232004.flac",4.5,7.5,"live"
10528074829,19267,"2026-08-17T16:10:52.500-06:00",0.762405812740326,0.782535135746002,9.0379881327671,"almost_certain","BirdNET",NA,10.2198,-83.7874,FALSE,229,"Great Kiskadee","Pitangus sulphuratus","#7d4410","avian","https://media.birdweather.com/species/229/GreatKiskadee-standard-cd28a1b8e8b8e5aed433e809c229004e.jpg","https://media.birdweather.com/species/229/GreatKiskadee-thumbnail-b2749ed2442fb322cf3c4cb72f9c97f6.jpg","https://media.birdweather.com/species/229/GreatKiskadee-png200-003973af4f863deb00a4ce9b6f10e59c.png","0PgFDwIrhYqfZJh1mVe3SZZ3uKEJBncG",15729450150,"https://media.birdweather.com/soundscapes/19267/19267-20260817-221048.flac",4.5,7.5,"live"
10527802854,19267,"2026-08-17T15:53:03.500-06:00",0.733560740947723,0.920288980007172,9.16929913217487,"almost_certain","BirdNET",NA,10.2198,-83.7874,FALSE,254,"Great-tailed Grackle","Quiscalus mexicanus","#4cdf64","avian","https://media.birdweather.com/species/254/Great-tailedGrackle-standard-84167b7e46a2aae7f30286e714478461.jpg","https://media.birdweather.com/species/254/Great-tailedGrackle-thumbnail-388529862f53a8a975b80daf9e76e3ac.jpg","https://media.birdweather.com/species/254/Great-tailedGrackle-png200-ca2dc12559d8d2db107eefc8eff73513.png","GAgKDwKYmnVgeIeVhniHRXiahgv2mWAN",15728944676,"https://media.birdweather.com/soundscapes/19267/19267-20260817-215259.flac",4.5,7.5,"live"
10527720359,19267,"2026-08-17T15:47:48.000-06:00",0.748027682304382,0.206990629434586,7.22003849771248,"almost_certain","BirdNET",NA,10.2198,-83.7874,FALSE,501,"White-winged Dove","Zenaida asiatica","#d16ff8","avian","https://media.birdweather.com/species/501/White-wingedDove-standard-6528ef689b07d5a91f1c2275cdef19c9.jpg","https://media.birdweather.com/species/501/White-wingedDove-thumbnail-4a940adfd5a6c78c73c48c5095e7b896.jpg","https://media.birdweather.com/species/501/White-wingedDove-png200-d65decd3d571b5a9dbeca249ef97689f.png","IscJLwb6hoVelZWZdoh3eIeIdxBoB4IG",15728794727,"https://media.birdweather.com/soundscapes/19267/19267-20260817-214742.flac",6,9,"live"
10527720343,19267,"2026-08-17T15:47:46.500-06:00",0.800698220729828,0.206990629434586,7.3723120035408,"almost_certain","BirdNET",NA,10.2198,-83.7874,FALSE,501,"White-winged Dove","Zenaida asiatica","#d16ff8","avian","https://media.birdweather.com/species/501/White-wingedDove-standard-6528ef689b07d5a91f1c2275cdef19c9.jpg","https://media.birdweather.com/species/501/White-wingedDove-thumbnail-4a940adfd5a6c78c73c48c5095e7b896.jpg","https://media.birdweather.com/species/501/White-wingedDove-png200-d65decd3d571b5a9dbeca249ef97689f.png","IscJLwb6hoVelZWZdoh3eIeIdxBoB4IG",15728794727,"https://media.birdweather.com/soundscapes/19267/19267-20260817-214742.flac",4.5,7.5,"live"
10527713221,19267,"2026-08-17T15:47:19.000-06:00",0.861607253551483,0.206990629434586,7.52958691128361,"almost_certain","BirdNET",NA,10.2198,-83.7874,FALSE,501,"White-winged Dove","Zenaida asiatica","#d16ff8","avian","https://media.birdweather.com/species/501/White-wingedDove-standard-6528ef689b07d5a91f1c2275cdef19c9.jpg","https://media.birdweather.com/species/501/White-wingedDove-thumbnail-4a940adfd5a6c78c73c48c5095e7b896.jpg","https://media.birdweather.com/species/501/White-wingedDove-png200-d65decd3d571b5a9dbeca249ef97689f.png","IscJLwb6hoVelZWZdoh3eIeIdxBoB4IG",15728781393,"https://media.birdweather.com/soundscapes/19267/19267-20260817-214716.flac",3,6,"live"
10527713211,19267,"2026-08-17T15:47:17.500-06:00",0.776433885097504,0.206990629434586,7.30425779687756,"almost_certain","BirdNET",NA,10.2198,-83.7874,FALSE,501,"White-winged Dove","Zenaida asiatica","#d16ff8","avian","https://media.birdweather.com/species/501/White-wingedDove-standard-6528ef689b07d5a91f1c2275cdef19c9.jpg","https://media.birdweather.com/species/501/White-wingedDove-thumbnail-4a940adfd5a6c78c73c48c5095e7b896.jpg","https://media.birdweather.com/species/501/White-wingedDove-png200-d65decd3d571b5a9dbeca249ef97689f.png","IscJLwb6hoVelZWZdoh3eIeIdxBoB4IG",15728781393,"https://media.birdweather.com/soundscapes/19267/19267-20260817-214716.flac",1.5,4.5,"live"
10527713202,19267,"2026-08-17T15:47:16.000-06:00",0.824554204940796,0.206990629434586,7.43607893118948,"almost_certain","BirdNET",NA,10.2198,-83.7874,FALSE,501,"White-winged Dove","Zenaida asiatica","#d16ff8","avian","https://media.birdweather.com/species/501/White-wingedDove-standard-6528ef689b07d5a91f1c2275cdef19c9.jpg","https://media.birdweather.com/species/501/White-wingedDove-thumbnail-4a940adfd5a6c78c73c48c5095e7b896.jpg","https://media.birdweather.com/species/501/White-wingedDove-png200-d65decd3d571b5a9dbeca249ef97689f.png","IscJLwb6hoVelZWZdoh3eIeIdxBoB4IG",15728781393,"https://media.birdweather.com/soundscapes/19267/19267-20260817-214716.flac",0,3,"live"
10527438359,19267,"2026-08-17T15:29:45.500-06:00",0.930371582508087,0.670711576938629,9.25413086618206,"almost_certain","BirdNET",NA,10.2198,-83.7874,FALSE,205,"Ruddy Ground Dove","Columbina talpacoti","#53906e","avian","https://media.birdweather.com/species/205/RuddyGroundDove-standard-53ff31bb086a0bdfee231e383a62179c.jpg","https://media.birdweather.com/species/205/RuddyGroundDove-thumbnail-d67b5868d1bb1d2bfe15c5ab85a0860b.jpg","https://media.birdweather.com/species/205/RuddyGroundDove-png200-f0c3dd93639067047ad97e6d51181cc0.png","WugJDwIImHiTind4dmiIdoaZmf2mFpAJ",15728284095,"https://media.birdweather.com/soundscapes/19267/19267-20260817-212944.flac",1.5,4.5,"live"
10527438316,19267,"2026-08-17T15:29:44.000-06:00",0.836050152778625,0.670711576938629,9.03207889100144,"almost_certain","BirdNET",NA,10.2198,-83.7874,FALSE,205,"Ruddy Ground Dove","Columbina talpacoti","#53906e","avian","https://media.birdweather.com/species/205/RuddyGroundDove-standard-53ff31bb086a0bdfee231e383a62179c.jpg","https://media.birdweather.com/species/205/RuddyGroundDove-thumbnail-d67b5868d1bb1d2bfe15c5ab85a0860b.jpg","https://media.birdweather.com/species/205/RuddyGroundDove-png200-f0c3dd93639067047ad97e6d51181cc0.png","WugJDwIImHiTind4dmiIdoaZmf2mFpAJ",15728284095,"https://media.birdweather.com/soundscapes/19267/19267-20260817-212944.flac",0,3,"live"
10526935471,19267,"2026-08-17T14:58:10.500-06:00",0.782583892345428,0.206994608044624,7.32185428057338,"almost_certain","BirdNET",NA,10.2198,-83.7874,FALSE,501,"White-winged Dove","Zenaida asiatica","#d16ff8","avian","https://media.birdweather.com/species/501/White-wingedDove-standard-6528ef689b07d5a91f1c2275cdef19c9.jpg","https://media.birdweather.com/species/501/White-wingedDove-thumbnail-4a940adfd5a6c78c73c48c5095e7b896.jpg","https://media.birdweather.com/species/501/White-wingedDove-png200-d65decd3d571b5a9dbeca249ef97689f.png","IscJLwb6hoVelZWZdoh3eIeIdxBoB4IG",15727384575,"https://media.birdweather.com/soundscapes/19267/19267-20260817-205809.flac",1.5,4.5,"live"
10526641311,19267,"2026-08-17T14:40:12.000-06:00",0.905042171478271,0.782537639141083,9.40632418344683,"almost_certain","BirdNET",NA,10.2198,-83.7874,FALSE,229,"Great Kiskadee","Pitangus sulphuratus","#7d4410","avian","https://media.birdweather.com/species/229/GreatKiskadee-standard-cd28a1b8e8b8e5aed433e809c229004e.jpg","https://media.birdweather.com/species/229/GreatKiskadee-thumbnail-b2749ed2442fb322cf3c4cb72f9c97f6.jpg","https://media.birdweather.com/species/229/GreatKiskadee-png200-003973af4f863deb00a4ce9b6f10e59c.png","0PgFDwIrhYqfZJh1mVe3SZZ3uKEJBncG",15726870640,"https://media.birdweather.com/soundscapes/19267/19267-20260817-204006.flac",6,9,"live"
10526519384,19267,"2026-08-17T14:32:46.500-06:00",0.817275106906891,0.836267471313477,9.28147904937296,"almost_certain","BirdNET",NA,10.2198,-83.7874,FALSE,451,"Blue-gray Tanager","Thraupis episcopus","#844800","avian","https://media.birdweather.com/species/451/Blue-grayTanager-standard-04bc83ed9930251b50b0a08bf40fec04.jpg","https://media.birdweather.com/species/451/Blue-grayTanager-thumbnail-dc3af9565dbd849047cf157316f7ef59.jpg","https://media.birdweather.com/species/451/Blue-grayTanager-png200-be5418cb49793536e5c09e1af73aefe1.png","GvkFHwZvZYaoamVVjYZ1i1Z2Zoz1l3EP",15726659527,"https://media.birdweather.com/soundscapes/19267/19267-20260817-203242.flac",4.5,7.5,"live"
10526423803,19267,"2026-08-17T14:26:59.000-06:00",0.913039803504944,0.782535374164581,9.42431070483588,"almost_certain","BirdNET",NA,10.2198,-83.7874,FALSE,229,"Great Kiskadee","Pitangus sulphuratus","#7d4410","avian","https://media.birdweather.com/species/229/GreatKiskadee-standard-cd28a1b8e8b8e5aed433e809c229004e.jpg","https://media.birdweather.com/species/229/GreatKiskadee-thumbnail-b2749ed2442fb322cf3c4cb72f9c97f6.jpg","https://media.birdweather.com/species/229/GreatKiskadee-png200-003973af4f863deb00a4ce9b6f10e59c.png","0PgFDwIrhYqfZJh1mVe3SZZ3uKEJBncG",15726494131,"https://media.birdweather.com/soundscapes/19267/19267-20260817-202653.flac",6,9,"live"
10526423774,19267,"2026-08-17T14:26:57.500-06:00",0.874851584434509,0.782535374164581,9.33619508225993,"almost_certain","BirdNET",NA,10.2198,-83.7874,FALSE,229,"Great Kiskadee","Pitangus sulphuratus","#7d4410","avian","https://media.birdweather.com/species/229/GreatKiskadee-standard-cd28a1b8e8b8e5aed433e809c229004e.jpg","https://media.birdweather.com/species/229/GreatKiskadee-thumbnail-b2749ed2442fb322cf3c4cb72f9c97f6.jpg","https://media.birdweather.com/species/229/GreatKiskadee-png200-003973af4f863deb00a4ce9b6f10e59c.png","0PgFDwIrhYqfZJh1mVe3SZZ3uKEJBncG",15726494131,"https://media.birdweather.com/soundscapes/19267/19267-20260817-202653.flac",4.5,7.5,"live"
10526416157,19267,"2026-08-17T14:26:25.500-06:00",0.847932159900665,0.782535016536713,9.27048870239444,"almost_certain","BirdNET",NA,10.2198,-83.7874,FALSE,229,"Great Kiskadee","Pitangus sulphuratus","#7d4410","avian","https://media.birdweather.com/species/229/GreatKiskadee-standard-cd28a1b8e8b8e5aed433e809c229004e.jpg","https://media.birdweather.com/species/229/GreatKiskadee-thumbnail-b2749ed2442fb322cf3c4cb72f9c97f6.jpg","https://media.birdweather.com/species/229/GreatKiskadee-png200-003973af4f863deb00a4ce9b6f10e59c.png","0PgFDwIrhYqfZJh1mVe3SZZ3uKEJBncG",15726480865,"https://media.birdweather.com/soundscapes/19267/19267-20260817-202624.flac",1.5,4.5,"live"
10526416142,19267,"2026-08-17T14:26:24.000-06:00",0.788239359855652,0.782535016536713,9.11246508466208,"almost_certain","BirdNET",NA,10.2198,-83.7874,FALSE,229,"Great Kiskadee","Pitangus sulphuratus","#7d4410","avian","https://media.birdweather.com/species/229/GreatKiskadee-standard-cd28a1b8e8b8e5aed433e809c229004e.jpg","https://media.birdweather.com/species/229/GreatKiskadee-thumbnail-b2749ed2442fb322cf3c4cb72f9c97f6.jpg","https://media.birdweather.com/species/229/GreatKiskadee-png200-003973af4f863deb00a4ce9b6f10e59c.png","0PgFDwIrhYqfZJh1mVe3SZZ3uKEJBncG",15726480865,"https://media.birdweather.com/soundscapes/19267/19267-20260817-202624.flac",0,3,"live"
10526408512,19267,"2026-08-17T14:26:03.000-06:00",0.824836909770966,0.782535016536713,9.21149113581981,"almost_certain","BirdNET",NA,10.2198,-83.7874,FALSE,229,"Great Kiskadee","Pitangus sulphuratus","#7d4410","avian","https://media.birdweather.com/species/229/GreatKiskadee-standard-cd28a1b8e8b8e5aed433e809c229004e.jpg","https://media.birdweather.com/species/229/GreatKiskadee-thumbnail-b2749ed2442fb322cf3c4cb72f9c97f6.jpg","https://media.birdweather.com/species/229/GreatKiskadee-png200-003973af4f863deb00a4ce9b6f10e59c.png","0PgFDwIrhYqfZJh1mVe3SZZ3uKEJBncG",15726467559,"https://media.birdweather.com/soundscapes/19267/19267-20260817-202557.flac",6,9,"live"
10526408484,19267,"2026-08-17T14:26:01.500-06:00",0.89863532781601,0.782535016536713,9.39173524719929,"almost_certain","BirdNET",NA,10.2198,-83.7874,FALSE,229,"Great Kiskadee","Pitangus sulphuratus","#7d4410","avian","https://media.birdweather.com/species/229/GreatKiskadee-standard-cd28a1b8e8b8e5aed433e809c229004e.jpg","https://media.birdweather.com/species/229/GreatKiskadee-thumbnail-b2749ed2442fb322cf3c4cb72f9c97f6.jpg","https://media.birdweather.com/species/229/GreatKiskadee-png200-003973af4f863deb00a4ce9b6f10e59c.png","0PgFDwIrhYqfZJh1mVe3SZZ3uKEJBncG",15726467559,"https://media.birdweather.com/soundscapes/19267/19267-20260817-202557.flac",4.5,7.5,"live"
10526408467,19267,"2026-08-17T14:25:58.500-06:00",0.793882489204407,0.782535016536713,9.12820889954023,"almost_certain","BirdNET",NA,10.2198,-83.7874,FALSE,229,"Great Kiskadee","Pitangus sulphuratus","#7d4410","avian","https://media.birdweather.com/species/229/GreatKiskadee-standard-cd28a1b8e8b8e5aed433e809c229004e.jpg","https://media.birdweather.com/species/229/GreatKiskadee-thumbnail-b2749ed2442fb322cf3c4cb72f9c97f6.jpg","https://media.birdweather.com/species/229/GreatKiskadee-png200-003973af4f863deb00a4ce9b6f10e59c.png","0PgFDwIrhYqfZJh1mVe3SZZ3uKEJBncG",15726467559,"https://media.birdweather.com/soundscapes/19267/19267-20260817-202557.flac",1.5,4.5,"live"
10526408453,19267,"2026-08-17T14:25:57.000-06:00",0.789305448532104,0.782535016536713,9.11545326904656,"almost_certain","BirdNET",NA,10.2198,-83.7874,FALSE,229,"Great Kiskadee","Pitangus sulphuratus","#7d4410","avian","https://media.birdweather.com/species/229/GreatKiskadee-standard-cd28a1b8e8b8e5aed433e809c229004e.jpg","https://media.birdweather.com/species/229/GreatKiskadee-thumbnail-b2749ed2442fb322cf3c4cb72f9c97f6.jpg","https://media.birdweather.com/species/229/GreatKiskadee-png200-003973af4f863deb00a4ce9b6f10e59c.png","0PgFDwIrhYqfZJh1mVe3SZZ3uKEJBncG",15726467559,"https://media.birdweather.com/soundscapes/19267/19267-20260817-202557.flac",0,3,"live"
10526397422,19267,"2026-08-17T14:25:23.000-06:00",0.908912897109985,0.782536625862122,9.41505901895105,"almost_certain","BirdNET",NA,10.2198,-83.7874,FALSE,229,"Great Kiskadee","Pitangus sulphuratus","#7d4410","avian","https://media.birdweather.com/species/229/GreatKiskadee-standard-cd28a1b8e8b8e5aed433e809c229004e.jpg","https://media.birdweather.com/species/229/GreatKiskadee-thumbnail-b2749ed2442fb322cf3c4cb72f9c97f6.jpg","https://media.birdweather.com/species/229/GreatKiskadee-png200-003973af4f863deb00a4ce9b6f10e59c.png","0PgFDwIrhYqfZJh1mVe3SZZ3uKEJBncG",15726447994,"https://media.birdweather.com/soundscapes/19267/19267-20260817-202517.flac",6,9,"live"
10526397407,19267,"2026-08-17T14:25:21.500-06:00",0.864087998867035,0.782536625862122,9.31030201593998,"almost_certain","BirdNET",NA,10.2198,-83.7874,FALSE,229,"Great Kiskadee","Pitangus sulphuratus","#7d4410","avian","https://media.birdweather.com/species/229/GreatKiskadee-standard-cd28a1b8e8b8e5aed433e809c229004e.jpg","https://media.birdweather.com/species/229/GreatKiskadee-thumbnail-b2749ed2442fb322cf3c4cb72f9c97f6.jpg","https://media.birdweather.com/species/229/GreatKiskadee-png200-003973af4f863deb00a4ce9b6f10e59c.png","0PgFDwIrhYqfZJh1mVe3SZZ3uKEJBncG",15726447994,"https://media.birdweather.com/soundscapes/19267/19267-20260817-202517.flac",4.5,7.5,"live"
10526393670,19267,"2026-08-17T14:25:08.000-06:00",0.954895496368408,0.782536625862122,9.51479562721506,"almost_certain","BirdNET",NA,10.2198,-83.7874,FALSE,229,"Great Kiskadee","Pitangus sulphuratus","#7d4410","avian","https://media.birdweather.com/species/229/GreatKiskadee-standard-cd28a1b8e8b8e5aed433e809c229004e.jpg","https://media.birdweather.com/species/229/GreatKiskadee-thumbnail-b2749ed2442fb322cf3c4cb72f9c97f6.jpg","https://media.birdweather.com/species/229/GreatKiskadee-png200-003973af4f863deb00a4ce9b6f10e59c.png","0PgFDwIrhYqfZJh1mVe3SZZ3uKEJBncG",15726441259,"https://media.birdweather.com/soundscapes/19267/19267-20260817-202502.flac",6,9,"live"
10526357379,19267,"2026-08-17T14:22:49.000-06:00",0.893153071403503,0.782534897327423,9.37913088377049,"almost_certain","BirdNET",NA,10.2198,-83.7874,FALSE,229,"Great Kiskadee","Pitangus sulphuratus","#7d4410","avian","https://media.birdweather.com/species/229/GreatKiskadee-standard-cd28a1b8e8b8e5aed433e809c229004e.jpg","https://media.birdweather.com/species/229/GreatKiskadee-thumbnail-b2749ed2442fb322cf3c4cb72f9c97f6.jpg","https://media.birdweather.com/species/229/GreatKiskadee-png200-003973af4f863deb00a4ce9b6f10e59c.png","0PgFDwIrhYqfZJh1mVe3SZZ3uKEJBncG",15726378074,"https://media.birdweather.com/soundscapes/19267/19267-20260817-202249.flac",0,3,"live"
10526349919,19267,"2026-08-17T14:22:25.500-06:00",0.754041790962219,0.782536089420319,9.01298228944462,"almost_certain","BirdNET",NA,10.2198,-83.7874,FALSE,229,"Great Kiskadee","Pitangus sulphuratus","#7d4410","avian","https://media.birdweather.com/species/229/GreatKiskadee-standard-cd28a1b8e8b8e5aed433e809c229004e.jpg","https://media.birdweather.com/species/229/GreatKiskadee-thumbnail-b2749ed2442fb322cf3c4cb72f9c97f6.jpg","https://media.birdweather.com/species/229/GreatKiskadee-png200-003973af4f863deb00a4ce9b6f10e59c.png","0PgFDwIrhYqfZJh1mVe3SZZ3uKEJBncG",15726364868,"https://media.birdweather.com/soundscapes/19267/19267-20260817-202221.flac",4.5,7.5,"live"
10526349868,19267,"2026-08-17T14:22:24.000-06:00",0.828694045543671,0.782536089420319,9.22152458864045,"almost_certain","BirdNET",NA,10.2198,-83.7874,FALSE,229,"Great Kiskadee","Pitangus sulphuratus","#7d4410","avian","https://media.birdweather.com/species/229/GreatKiskadee-standard-cd28a1b8e8b8e5aed433e809c229004e.jpg","https://media.birdweather.com/species/229/GreatKiskadee-thumbnail-b2749ed2442fb322cf3c4cb72f9c97f6.jpg","https://media.birdweather.com/species/229/GreatKiskadee-png200-003973af4f863deb00a4ce9b6f10e59c.png","0PgFDwIrhYqfZJh1mVe3SZZ3uKEJBncG",15726364868,"https://media.birdweather.com/soundscapes/19267/19267-20260817-202221.flac",3,6,"live"
10526349838,19267,"2026-08-17T14:22:22.500-06:00",0.89378160238266,0.782536089420319,9.38058388786779,"almost_certain","BirdNET",NA,10.2198,-83.7874,FALSE,229,"Great Kiskadee","Pitangus sulphuratus","#7d4410","avian","https://media.birdweather.com/species/229/GreatKiskadee-standard-cd28a1b8e8b8e5aed433e809c229004e.jpg","https://media.birdweather.com/species/229/GreatKiskadee-thumbnail-b2749ed2442fb322cf3c4cb72f9c97f6.jpg","https://media.birdweather.com/species/229/GreatKiskadee-png200-003973af4f863deb00a4ce9b6f10e59c.png","0PgFDwIrhYqfZJh1mVe3SZZ3uKEJBncG",15726364868,"https://media.birdweather.com/soundscapes/19267/19267-20260817-202221.flac",1.5,4.5,"live"
10526346542,19267,"2026-08-17T14:22:11.000-06:00",0.741909265518188,0.782536029815674,8.97587619534523,"almost_certain","BirdNET",NA,10.2198,-83.7874,FALSE,229,"Great Kiskadee","Pitangus sulphuratus","#7d4410","avian","https://media.birdweather.com/species/229/GreatKiskadee-standard-cd28a1b8e8b8e5aed433e809c229004e.jpg","https://media.birdweather.com/species/229/GreatKiskadee-thumbnail-b2749ed2442fb322cf3c4cb72f9c97f6.jpg","https://media.birdweather.com/species/229/GreatKiskadee-png200-003973af4f863deb00a4ce9b6f10e59c.png","0PgFDwIrhYqfZJh1mVe3SZZ3uKEJBncG",15726358908,"https://media.birdweather.com/soundscapes/19267/19267-20260817-202205.flac",6,9,"live"
10526346527,19267,"2026-08-17T14:22:09.500-06:00",0.760723888874054,0.782536029815674,9.0329974475206,"almost_certain","BirdNET",NA,10.2198,-83.7874,FALSE,229,"Great Kiskadee","Pitangus sulphuratus","#7d4410","avian","https://media.birdweather.com/species/229/GreatKiskadee-standard-cd28a1b8e8b8e5aed433e809c229004e.jpg","https://media.birdweather.com/species/229/GreatKiskadee-thumbnail-b2749ed2442fb322cf3c4cb72f9c97f6.jpg","https://media.birdweather.com/species/229/GreatKiskadee-png200-003973af4f863deb00a4ce9b6f10e59c.png","0PgFDwIrhYqfZJh1mVe3SZZ3uKEJBncG",15726358908,"https://media.birdweather.com/soundscapes/19267/19267-20260817-202205.flac",4.5,7.5,"live"
10526346508,19267,"2026-08-17T14:22:08.000-06:00",0.876871764659882,0.333444178104401,8.19538998818712,"almost_certain","BirdNET",NA,10.2198,-83.7874,FALSE,910,"Yellow-throated Toucan","Ramphastos ambiguus","#c06a00","avian","https://media.birdweather.com/species/910/Yellow-throatedToucan-standard-c61d4f6e96783b3528d921236aa42942.jpg","https://media.birdweather.com/species/910/Yellow-throatedToucan-thumbnail-a6981d720206d172928a331dc8d7e816.jpg","https://media.birdweather.com/species/910/Yellow-throatedToucan-png200-cc8cb7fe0b250168ace5834450b25cc2.png","19gFFwIfZIcViIipp0OnSJil99PbgM8I",15726358908,"https://media.birdweather.com/soundscapes/19267/19267-20260817-202205.flac",3,6,"live"
10526346443,19267,"2026-08-17T14:22:06.500-06:00",0.714030086994171,0.782536029815674,8.88659886537091,"almost_certain","BirdNET",NA,10.2198,-83.7874,FALSE,229,"Great Kiskadee","Pitangus sulphuratus","#7d4410","avian","https://media.birdweather.com/species/229/GreatKiskadee-standard-cd28a1b8e8b8e5aed433e809c229004e.jpg","https://media.birdweather.com/species/229/GreatKiskadee-thumbnail-b2749ed2442fb322cf3c4cb72f9c97f6.jpg","https://media.birdweather.com/species/229/GreatKiskadee-png200-003973af4f863deb00a4ce9b6f10e59c.png","0PgFDwIrhYqfZJh1mVe3SZZ3uKEJBncG",15726358908,"https://media.birdweather.com/soundscapes/19267/19267-20260817-202205.flac",1.5,4.5,"live"
10526346387,19267,"2026-08-17T14:22:05.000-06:00",0.990057170391083,0.782536029815674,9.58644391782986,"almost_certain","BirdNET",NA,10.2198,-83.7874,FALSE,229,"Great Kiskadee","Pitangus sulphuratus","#7d4410","avian","https://media.birdweather.com/species/229/GreatKiskadee-standard-cd28a1b8e8b8e5aed433e809c229004e.jpg","https://media.birdweather.com/species/229/GreatKiskadee-thumbnail-b2749ed2442fb322cf3c4cb72f9c97f6.jpg","https://media.birdweather.com/species/229/GreatKiskadee-png200-003973af4f863deb00a4ce9b6f10e59c.png","0PgFDwIrhYqfZJh1mVe3SZZ3uKEJBncG",15726358908,"https://media.birdweather.com/soundscapes/19267/19267-20260817-202205.flac",0,3,"live"
10526342134,19267,"2026-08-17T14:21:56.500-06:00",0.870122194290161,0.782536029815674,9.32487839951368,"almost_certain","BirdNET",NA,10.2198,-83.7874,FALSE,229,"Great Kiskadee","Pitangus sulphuratus","#7d4410","avian","https://media.birdweather.com/species/229/GreatKiskadee-standard-cd28a1b8e8b8e5aed433e809c229004e.jpg","https://media.birdweather.com/species/229/GreatKiskadee-thumbnail-b2749ed2442fb322cf3c4cb72f9c97f6.jpg","https://media.birdweather.com/species/229/GreatKiskadee-png200-003973af4f863deb00a4ce9b6f10e59c.png","0PgFDwIrhYqfZJh1mVe3SZZ3uKEJBncG",15726351296,"https://media.birdweather.com/soundscapes/19267/19267-20260817-202152.flac",4.5,7.5,"live"
10526342113,19267,"2026-08-17T14:21:53.500-06:00",0.762833714485168,0.782536029815674,9.03925686459413,"almost_certain","BirdNET",NA,10.2198,-83.7874,FALSE,229,"Great Kiskadee","Pitangus sulphuratus","#7d4410","avian","https://media.birdweather.com/species/229/GreatKiskadee-standard-cd28a1b8e8b8e5aed433e809c229004e.jpg","https://media.birdweather.com/species/229/GreatKiskadee-thumbnail-b2749ed2442fb322cf3c4cb72f9c97f6.jpg","https://media.birdweather.com/species/229/GreatKiskadee-png200-003973af4f863deb00a4ce9b6f10e59c.png","0PgFDwIrhYqfZJh1mVe3SZZ3uKEJBncG",15726351296,"https://media.birdweather.com/soundscapes/19267/19267-20260817-202152.flac",1.5,4.5,"live"
10526342097,19267,"2026-08-17T14:21:52.000-06:00",0.739283919334412,0.782536029815674,8.96771286640556,"almost_certain","BirdNET",NA,10.2198,-83.7874,FALSE,229,"Great Kiskadee","Pitangus sulphuratus","#7d4410","avian","https://media.birdweather.com/species/229/GreatKiskadee-standard-cd28a1b8e8b8e5aed433e809c229004e.jpg","https://media.birdweather.com/species/229/GreatKiskadee-thumbnail-b2749ed2442fb322cf3c4cb72f9c97f6.jpg","https://media.birdweather.com/species/229/GreatKiskadee-png200-003973af4f863deb00a4ce9b6f10e59c.png","0PgFDwIrhYqfZJh1mVe3SZZ3uKEJBncG",15726351296,"https://media.birdweather.com/soundscapes/19267/19267-20260817-202152.flac",0,3,"live"
10526338116,19267,"2026-08-17T14:21:39.500-06:00",0.862639009952545,0.782536029815674,9.30677729992828,"almost_certain","BirdNET",NA,10.2198,-83.7874,FALSE,229,"Great Kiskadee","Pitangus sulphuratus","#7d4410","avian","https://media.birdweather.com/species/229/GreatKiskadee-standard-cd28a1b8e8b8e5aed433e809c229004e.jpg","https://media.birdweather.com/species/229/GreatKiskadee-thumbnail-b2749ed2442fb322cf3c4cb72f9c97f6.jpg","https://media.birdweather.com/species/229/GreatKiskadee-png200-003973af4f863deb00a4ce9b6f10e59c.png","0PgFDwIrhYqfZJh1mVe3SZZ3uKEJBncG",15726344332,"https://media.birdweather.com/soundscapes/19267/19267-20260817-202138.flac",1.5,4.5,"live"
10526334841,19267,"2026-08-17T14:21:31.000-06:00",0.896519482135773,0.782536029815674,9.38688622700645,"almost_certain","BirdNET",NA,10.2198,-83.7874,FALSE,229,"Great Kiskadee","Pitangus sulphuratus","#7d4410","avian","https://media.birdweather.com/species/229/GreatKiskadee-standard-cd28a1b8e8b8e5aed433e809c229004e.jpg","https://media.birdweather.com/species/229/GreatKiskadee-thumbnail-b2749ed2442fb322cf3c4cb72f9c97f6.jpg","https://media.birdweather.com/species/229/GreatKiskadee-png200-003973af4f863deb00a4ce9b6f10e59c.png","0PgFDwIrhYqfZJh1mVe3SZZ3uKEJBncG",15726338408,"https://media.birdweather.com/soundscapes/19267/19267-20260817-202125.flac",6,9,"live"
10526334811,19267,"2026-08-17T14:21:29.500-06:00",0.972868800163269,0.782536029815674,9.55188691876353,"almost_certain","BirdNET",NA,10.2198,-83.7874,FALSE,229,"Great Kiskadee","Pitangus sulphuratus","#7d4410","avian","https://media.birdweather.com/species/229/GreatKiskadee-standard-cd28a1b8e8b8e5aed433e809c229004e.jpg","https://media.birdweather.com/species/229/GreatKiskadee-thumbnail-b2749ed2442fb322cf3c4cb72f9c97f6.jpg","https://media.birdweather.com/species/229/GreatKiskadee-png200-003973af4f863deb00a4ce9b6f10e59c.png","0PgFDwIrhYqfZJh1mVe3SZZ3uKEJBncG",15726338408,"https://media.birdweather.com/soundscapes/19267/19267-20260817-202125.flac",4.5,7.5,"live"
10526334782,19267,"2026-08-17T14:21:28.000-06:00",0.903071522712708,0.782536029815674,9.40185196919175,"almost_certain","BirdNET",NA,10.2198,-83.7874,FALSE,229,"Great Kiskadee","Pitangus sulphuratus","#7d4410","avian","https://media.birdweather.com/species/229/GreatKiskadee-standard-cd28a1b8e8b8e5aed433e809c229004e.jpg","https://media.birdweather.com/species/229/GreatKiskadee-thumbnail-b2749ed2442fb322cf3c4cb72f9c97f6.jpg","https://media.birdweather.com/species/229/GreatKiskadee-png200-003973af4f863deb00a4ce9b6f10e59c.png","0PgFDwIrhYqfZJh1mVe3SZZ3uKEJBncG",15726338408,"https://media.birdweather.com/soundscapes/19267/19267-20260817-202125.flac",3,6,"live"
10526334740,19267,"2026-08-17T14:21:26.500-06:00",0.960106313228607,0.782536029815674,9.52565215830226,"almost_certain","BirdNET",NA,10.2198,-83.7874,FALSE,229,"Great Kiskadee","Pitangus sulphuratus","#7d4410","avian","https://media.birdweather.com/species/229/GreatKiskadee-standard-cd28a1b8e8b8e5aed433e809c229004e.jpg","https://media.birdweather.com/species/229/GreatKiskadee-thumbnail-b2749ed2442fb322cf3c4cb72f9c97f6.jpg","https://media.birdweather.com/species/229/GreatKiskadee-png200-003973af4f863deb00a4ce9b6f10e59c.png","0PgFDwIrhYqfZJh1mVe3SZZ3uKEJBncG",15726338408,"https://media.birdweather.com/soundscapes/19267/19267-20260817-202125.flac",1.5,4.5,"live"
10526331255,19267,"2026-08-17T14:21:19.000-06:00",0.993291139602661,0.782536029815674,9.59284945699767,"almost_certain","BirdNET",NA,10.2198,-83.7874,FALSE,229,"Great Kiskadee","Pitangus sulphuratus","#7d4410","avian","https://media.birdweather.com/species/229/GreatKiskadee-standard-cd28a1b8e8b8e5aed433e809c229004e.jpg","https://media.birdweather.com/species/229/GreatKiskadee-thumbnail-b2749ed2442fb322cf3c4cb72f9c97f6.jpg","https://media.birdweather.com/species/229/GreatKiskadee-png200-003973af4f863deb00a4ce9b6f10e59c.png","0PgFDwIrhYqfZJh1mVe3SZZ3uKEJBncG",15726332211,"https://media.birdweather.com/soundscapes/19267/19267-20260817-202113.flac",6,9,"live"
10526331226,19267,"2026-08-17T14:21:17.500-06:00",0.77412736415863,0.782536029815674,9.07228502291689,"almost_certain","BirdNET",NA,10.2198,-83.7874,FALSE,229,"Great Kiskadee","Pitangus sulphuratus","#7d4410","avian","https://media.birdweather.com/species/229/GreatKiskadee-standard-cd28a1b8e8b8e5aed433e809c229004e.jpg","https://media.birdweather.com/species/229/GreatKiskadee-thumbnail-b2749ed2442fb322cf3c4cb72f9c97f6.jpg","https://media.birdweather.com/species/229/GreatKiskadee-png200-003973af4f863deb00a4ce9b6f10e59c.png","0PgFDwIrhYqfZJh1mVe3SZZ3uKEJBncG",15726332211,"https://media.birdweather.com/soundscapes/19267/19267-20260817-202113.flac",4.5,7.5,"live"
10526331210,19267,"2026-08-17T14:21:16.000-06:00",0.925919055938721,0.782536029815674,9.45279577261084,"almost_certain","BirdNET",NA,10.2198,-83.7874,FALSE,229,"Great Kiskadee","Pitangus sulphuratus","#7d4410","avian","https://media.birdweather.com/species/229/GreatKiskadee-standard-cd28a1b8e8b8e5aed433e809c229004e.jpg","https://media.birdweather.com/species/229/GreatKiskadee-thumbnail-b2749ed2442fb322cf3c4cb72f9c97f6.jpg","https://media.birdweather.com/species/229/GreatKiskadee-png200-003973af4f863deb00a4ce9b6f10e59c.png","0PgFDwIrhYqfZJh1mVe3SZZ3uKEJBncG",15726332211,"https://media.birdweather.com/soundscapes/19267/19267-20260817-202113.flac",3,6,"live"
10526331170,19267,"2026-08-17T14:21:13.000-06:00",0.983265101909637,0.782536029815674,9.57289253243881,"almost_certain","BirdNET",NA,10.2198,-83.7874,FALSE,229,"Great Kiskadee","Pitangus sulphuratus","#7d4410","avian","https://media.birdweather.com/species/229/GreatKiskadee-standard-cd28a1b8e8b8e5aed433e809c229004e.jpg","https://media.birdweather.com/species/229/GreatKiskadee-thumbnail-b2749ed2442fb322cf3c4cb72f9c97f6.jpg","https://media.birdweather.com/species/229/GreatKiskadee-png200-003973af4f863deb00a4ce9b6f10e59c.png","0PgFDwIrhYqfZJh1mVe3SZZ3uKEJBncG",15726332211,"https://media.birdweather.com/soundscapes/19267/19267-20260817-202113.flac",0,3,"live"
10526327504,19267,"2026-08-17T14:21:05.000-06:00",0.942219853401184,0.782536685466766,9.48801910829409,"almost_certain","BirdNET",NA,10.2198,-83.7874,FALSE,229,"Great Kiskadee","Pitangus sulphuratus","#7d4410","avian","https://media.birdweather.com/species/229/GreatKiskadee-standard-cd28a1b8e8b8e5aed433e809c229004e.jpg","https://media.birdweather.com/species/229/GreatKiskadee-thumbnail-b2749ed2442fb322cf3c4cb72f9c97f6.jpg","https://media.birdweather.com/species/229/GreatKiskadee-png200-003973af4f863deb00a4ce9b6f10e59c.png","0PgFDwIrhYqfZJh1mVe3SZZ3uKEJBncG",15726325541,"https://media.birdweather.com/soundscapes/19267/19267-20260817-202059.flac",6,9,"live"
10526327487,19267,"2026-08-17T14:21:03.500-06:00",0.898223698139191,0.782536685466766,9.39079577776785,"almost_certain","BirdNET",NA,10.2198,-83.7874,FALSE,229,"Great Kiskadee","Pitangus sulphuratus","#7d4410","avian","https://media.birdweather.com/species/229/GreatKiskadee-standard-cd28a1b8e8b8e5aed433e809c229004e.jpg","https://media.birdweather.com/species/229/GreatKiskadee-thumbnail-b2749ed2442fb322cf3c4cb72f9c97f6.jpg","https://media.birdweather.com/species/229/GreatKiskadee-png200-003973af4f863deb00a4ce9b6f10e59c.png","0PgFDwIrhYqfZJh1mVe3SZZ3uKEJBncG",15726325541,"https://media.birdweather.com/soundscapes/19267/19267-20260817-202059.flac",4.5,7.5,"live"
10526323936,19267,"2026-08-17T14:20:48.500-06:00",0.838514924049377,0.78253561258316,9.2467390385109,"almost_certain","BirdNET",NA,10.2198,-83.7874,FALSE,229,"Great Kiskadee","Pitangus sulphuratus","#7d4410","avian","https://media.birdweather.com/species/229/GreatKiskadee-standard-cd28a1b8e8b8e5aed433e809c229004e.jpg","https://media.birdweather.com/species/229/GreatKiskadee-thumbnail-b2749ed2442fb322cf3c4cb72f9c97f6.jpg","https://media.birdweather.com/species/229/GreatKiskadee-png200-003973af4f863deb00a4ce9b6f10e59c.png","0PgFDwIrhYqfZJh1mVe3SZZ3uKEJBncG",15726319624,"https://media.birdweather.com/soundscapes/19267/19267-20260817-202044.flac",4.5,7.5,"live"
10526323911,19267,"2026-08-17T14:20:44.000-06:00",0.824094653129578,0.78253561258316,9.20955325650631,"almost_certain","BirdNET",NA,10.2198,-83.7874,FALSE,229,"Great Kiskadee","Pitangus sulphuratus","#7d4410","avian","https://media.birdweather.com/species/229/GreatKiskadee-standard-cd28a1b8e8b8e5aed433e809c229004e.jpg","https://media.birdweather.com/species/229/GreatKiskadee-thumbnail-b2749ed2442fb322cf3c4cb72f9c97f6.jpg","https://media.birdweather.com/species/229/GreatKiskadee-png200-003973af4f863deb00a4ce9b6f10e59c.png","0PgFDwIrhYqfZJh1mVe3SZZ3uKEJBncG",15726319624,"https://media.birdweather.com/soundscapes/19267/19267-20260817-202044.flac",0,3,"live"
10526320013,19267,"2026-08-17T14:20:38.000-06:00",0.745424866676331,0.78253561258316,8.98673135942167,"almost_certain","BirdNET",NA,10.2198,-83.7874,FALSE,229,"Great Kiskadee","Pitangus sulphuratus","#7d4410","avian","https://media.birdweather.com/species/229/GreatKiskadee-standard-cd28a1b8e8b8e5aed433e809c229004e.jpg","https://media.birdweather.com/species/229/GreatKiskadee-thumbnail-b2749ed2442fb322cf3c4cb72f9c97f6.jpg","https://media.birdweather.com/species/229/GreatKiskadee-png200-003973af4f863deb00a4ce9b6f10e59c.png","0PgFDwIrhYqfZJh1mVe3SZZ3uKEJBncG",15726312746,"https://media.birdweather.com/soundscapes/19267/19267-20260817-202032.flac",6,9,"live"
10526319986,19267,"2026-08-17T14:20:36.500-06:00",0.798605859279633,0.78253561258316,9.14125001416906,"almost_certain","BirdNET",NA,10.2198,-83.7874,FALSE,229,"Great Kiskadee","Pitangus sulphuratus","#7d4410","avian","https://media.birdweather.com/species/229/GreatKiskadee-standard-cd28a1b8e8b8e5aed433e809c229004e.jpg","https://media.birdweather.com/species/229/GreatKiskadee-thumbnail-b2749ed2442fb322cf3c4cb72f9c97f6.jpg","https://media.birdweather.com/species/229/GreatKiskadee-png200-003973af4f863deb00a4ce9b6f10e59c.png","0PgFDwIrhYqfZJh1mVe3SZZ3uKEJBncG",15726312746,"https://media.birdweather.com/soundscapes/19267/19267-20260817-202032.flac",4.5,7.5,"live"
10526319973,19267,"2026-08-17T14:20:33.500-06:00",0.969163596630096,0.78253561258316,9.54432134029615,"almost_certain","BirdNET",NA,10.2198,-83.7874,FALSE,229,"Great Kiskadee","Pitangus sulphuratus","#7d4410","avian","https://media.birdweather.com/species/229/GreatKiskadee-standard-cd28a1b8e8b8e5aed433e809c229004e.jpg","https://media.birdweather.com/species/229/GreatKiskadee-thumbnail-b2749ed2442fb322cf3c4cb72f9c97f6.jpg","https://media.birdweather.com/species/229/GreatKiskadee-png200-003973af4f863deb00a4ce9b6f10e59c.png","0PgFDwIrhYqfZJh1mVe3SZZ3uKEJBncG",15726312746,"https://media.birdweather.com/soundscapes/19267/19267-20260817-202032.flac",1.5,4.5,"live"
10526319946,19267,"2026-08-17T14:20:32.000-06:00",0.848996460437775,0.78253561258316,9.27314823241854,"almost_certain","BirdNET",NA,10.2198,-83.7874,FALSE,229,"Great Kiskadee","Pitangus sulphuratus","#7d4410","avian","https://media.birdweather.com/species/229/GreatKiskadee-standard-cd28a1b8e8b8e5aed433e809c229004e.jpg","https://media.birdweather.com/species/229/GreatKiskadee-thumbnail-b2749ed2442fb322cf3c4cb72f9c97f6.jpg","https://media.birdweather.com/species/229/GreatKiskadee-png200-003973af4f863deb00a4ce9b6f10e59c.png","0PgFDwIrhYqfZJh1mVe3SZZ3uKEJBncG",15726312746,"https://media.birdweather.com/soundscapes/19267/19267-20260817-202032.flac",0,3,"live"
10526316121,19267,"2026-08-17T14:20:22.500-06:00",0.744901478290558,0.78253573179245,8.98512082539445,"almost_certain","BirdNET",NA,10.2198,-83.7874,FALSE,229,"Great Kiskadee","Pitangus sulphuratus","#7d4410","avian","https://media.birdweather.com/species/229/GreatKiskadee-standard-cd28a1b8e8b8e5aed433e809c229004e.jpg","https://media.birdweather.com/species/229/GreatKiskadee-thumbnail-b2749ed2442fb322cf3c4cb72f9c97f6.jpg","https://media.birdweather.com/species/229/GreatKiskadee-png200-003973af4f863deb00a4ce9b6f10e59c.png","0PgFDwIrhYqfZJh1mVe3SZZ3uKEJBncG",15726305955,"https://media.birdweather.com/soundscapes/19267/19267-20260817-202018.flac",4.5,7.5,"live"
10526316115,19267,"2026-08-17T14:20:19.500-06:00",0.989690780639648,0.78253573179245,9.58571580024254,"almost_certain","BirdNET",NA,10.2198,-83.7874,FALSE,229,"Great Kiskadee","Pitangus sulphuratus","#7d4410","avian","https://media.birdweather.com/species/229/GreatKiskadee-standard-cd28a1b8e8b8e5aed433e809c229004e.jpg","https://media.birdweather.com/species/229/GreatKiskadee-thumbnail-b2749ed2442fb322cf3c4cb72f9c97f6.jpg","https://media.birdweather.com/species/229/GreatKiskadee-png200-003973af4f863deb00a4ce9b6f10e59c.png","0PgFDwIrhYqfZJh1mVe3SZZ3uKEJBncG",15726305955,"https://media.birdweather.com/soundscapes/19267/19267-20260817-202018.flac",1.5,4.5,"live"
10526316100,19267,"2026-08-17T14:20:18.000-06:00",0.880103230476379,0.78253573179245,9.34865472409293,"almost_certain","BirdNET",NA,10.2198,-83.7874,FALSE,229,"Great Kiskadee","Pitangus sulphuratus","#7d4410","avian","https://media.birdweather.com/species/229/GreatKiskadee-standard-cd28a1b8e8b8e5aed433e809c229004e.jpg","https://media.birdweather.com/species/229/GreatKiskadee-thumbnail-b2749ed2442fb322cf3c4cb72f9c97f6.jpg","https://media.birdweather.com/species/229/GreatKiskadee-png200-003973af4f863deb00a4ce9b6f10e59c.png","0PgFDwIrhYqfZJh1mVe3SZZ3uKEJBncG",15726305955,"https://media.birdweather.com/soundscapes/19267/19267-20260817-202018.flac",0,3,"live"
10526312723,19267,"2026-08-17T14:20:08.000-06:00",0.930637240409851,0.782534539699554,9.46308154296061,"almost_certain","BirdNET",NA,10.2198,-83.7874,FALSE,229,"Great Kiskadee","Pitangus sulphuratus","#7d4410","avian","https://media.birdweather.com/species/229/GreatKiskadee-standard-cd28a1b8e8b8e5aed433e809c229004e.jpg","https://media.birdweather.com/species/229/GreatKiskadee-thumbnail-b2749ed2442fb322cf3c4cb72f9c97f6.jpg","https://media.birdweather.com/species/229/GreatKiskadee-png200-003973af4f863deb00a4ce9b6f10e59c.png","0PgFDwIrhYqfZJh1mVe3SZZ3uKEJBncG",15726300102,"https://media.birdweather.com/soundscapes/19267/19267-20260817-202005.flac",3,6,"live"
10526309627,19267,"2026-08-17T14:19:57.500-06:00",0.953085541725159,0.782534539699554,9.51100046842755,"almost_certain","BirdNET",NA,10.2198,-83.7874,FALSE,229,"Great Kiskadee","Pitangus sulphuratus","#7d4410","avian","https://media.birdweather.com/species/229/GreatKiskadee-standard-cd28a1b8e8b8e5aed433e809c229004e.jpg","https://media.birdweather.com/species/229/GreatKiskadee-thumbnail-b2749ed2442fb322cf3c4cb72f9c97f6.jpg","https://media.birdweather.com/species/229/GreatKiskadee-png200-003973af4f863deb00a4ce9b6f10e59c.png","0PgFDwIrhYqfZJh1mVe3SZZ3uKEJBncG",15726294121,"https://media.birdweather.com/soundscapes/19267/19267-20260817-201953.flac",4.5,7.5,"live"
10526309620,19267,"2026-08-17T14:19:56.000-06:00",0.98067170381546,0.782534539699554,9.56768009692094,"almost_certain","BirdNET",NA,10.2198,-83.7874,FALSE,229,"Great Kiskadee","Pitangus sulphuratus","#7d4410","avian","https://media.birdweather.com/species/229/GreatKiskadee-standard-cd28a1b8e8b8e5aed433e809c229004e.jpg","https://media.birdweather.com/species/229/GreatKiskadee-thumbnail-b2749ed2442fb322cf3c4cb72f9c97f6.jpg","https://media.birdweather.com/species/229/GreatKiskadee-png200-003973af4f863deb00a4ce9b6f10e59c.png","0PgFDwIrhYqfZJh1mVe3SZZ3uKEJBncG",15726294121,"https://media.birdweather.com/soundscapes/19267/19267-20260817-201953.flac",3,6,"live"
10526309609,19267,"2026-08-17T14:19:54.500-06:00",0.984188556671143,0.782534539699554,9.57474030552245,"almost_certain","BirdNET",NA,10.2198,-83.7874,FALSE,229,"Great Kiskadee","Pitangus sulphuratus","#7d4410","avian","https://media.birdweather.com/species/229/GreatKiskadee-standard-cd28a1b8e8b8e5aed433e809c229004e.jpg","https://media.birdweather.com/species/229/GreatKiskadee-thumbnail-b2749ed2442fb322cf3c4cb72f9c97f6.jpg","https://media.birdweather.com/species/229/GreatKiskadee-png200-003973af4f863deb00a4ce9b6f10e59c.png","0PgFDwIrhYqfZJh1mVe3SZZ3uKEJBncG",15726294121,"https://media.birdweather.com/soundscapes/19267/19267-20260817-201953.flac",1.5,4.5,"live"
10526309595,19267,"2026-08-17T14:19:53.000-06:00",0.737022757530212,0.782534539699554,8.96064016628829,"almost_certain","BirdNET",NA,10.2198,-83.7874,FALSE,229,"Great Kiskadee","Pitangus sulphuratus","#7d4410","avian","https://media.birdweather.com/species/229/GreatKiskadee-standard-cd28a1b8e8b8e5aed433e809c229004e.jpg","https://media.birdweather.com/species/229/GreatKiskadee-thumbnail-b2749ed2442fb322cf3c4cb72f9c97f6.jpg","https://media.birdweather.com/species/229/GreatKiskadee-png200-003973af4f863deb00a4ce9b6f10e59c.png","0PgFDwIrhYqfZJh1mVe3SZZ3uKEJBncG",15726294121,"https://media.birdweather.com/soundscapes/19267/19267-20260817-201953.flac",0,3,"live"
10526305928,19267,"2026-08-17T14:19:45.000-06:00",0.709980726242065,0.782534539699554,8.87313125046332,"almost_certain","BirdNET",NA,10.2198,-83.7874,FALSE,229,"Great Kiskadee","Pitangus sulphuratus","#7d4410","avian","https://media.birdweather.com/species/229/GreatKiskadee-standard-cd28a1b8e8b8e5aed433e809c229004e.jpg","https://media.birdweather.com/species/229/GreatKiskadee-thumbnail-b2749ed2442fb322cf3c4cb72f9c97f6.jpg","https://media.birdweather.com/species/229/GreatKiskadee-png200-003973af4f863deb00a4ce9b6f10e59c.png","0PgFDwIrhYqfZJh1mVe3SZZ3uKEJBncG",15726287487,"https://media.birdweather.com/soundscapes/19267/19267-20260817-201939.flac",6,9,"live"
10526305907,19267,"2026-08-17T14:19:42.000-06:00",0.975248277187347,0.782534539699554,9.55672055032753,"almost_certain","BirdNET",NA,10.2198,-83.7874,FALSE,229,"Great Kiskadee","Pitangus sulphuratus","#7d4410","avian","https://media.birdweather.com/species/229/GreatKiskadee-standard-cd28a1b8e8b8e5aed433e809c229004e.jpg","https://media.birdweather.com/species/229/GreatKiskadee-thumbnail-b2749ed2442fb322cf3c4cb72f9c97f6.jpg","https://media.birdweather.com/species/229/GreatKiskadee-png200-003973af4f863deb00a4ce9b6f10e59c.png","0PgFDwIrhYqfZJh1mVe3SZZ3uKEJBncG",15726287487,"https://media.birdweather.com/soundscapes/19267/19267-20260817-201939.flac",3,6,"live"
10526305897,19267,"2026-08-17T14:19:40.500-06:00",0.89333701133728,0.782534539699554,9.37955504401753,"almost_certain","BirdNET",NA,10.2198,-83.7874,FALSE,229,"Great Kiskadee","Pitangus sulphuratus","#7d4410","avian","https://media.birdweather.com/species/229/GreatKiskadee-standard-cd28a1b8e8b8e5aed433e809c229004e.jpg","https://media.birdweather.com/species/229/GreatKiskadee-thumbnail-b2749ed2442fb322cf3c4cb72f9c97f6.jpg","https://media.birdweather.com/species/229/GreatKiskadee-png200-003973af4f863deb00a4ce9b6f10e59c.png","0PgFDwIrhYqfZJh1mVe3SZZ3uKEJBncG",15726287487,"https://media.birdweather.com/soundscapes/19267/19267-20260817-201939.flac",1.5,4.5,"live"
10526305875,19267,"2026-08-17T14:19:39.000-06:00",0.890746533870697,0.782534539699554,9.37356060248399,"almost_certain","BirdNET",NA,10.2198,-83.7874,FALSE,229,"Great Kiskadee","Pitangus sulphuratus","#7d4410","avian","https://media.birdweather.com/species/229/GreatKiskadee-standard-cd28a1b8e8b8e5aed433e809c229004e.jpg","https://media.birdweather.com/species/229/GreatKiskadee-thumbnail-b2749ed2442fb322cf3c4cb72f9c97f6.jpg","https://media.birdweather.com/species/229/GreatKiskadee-png200-003973af4f863deb00a4ce9b6f10e59c.png","0PgFDwIrhYqfZJh1mVe3SZZ3uKEJBncG",15726287487,"https://media.birdweather.com/soundscapes/19267/19267-20260817-201939.flac",0,3,"live"
10526302783,19267,"2026-08-17T14:19:31.000-06:00",0.992685794830322,0.782536447048187,9.59165344491478,"almost_certain","BirdNET",NA,10.2198,-83.7874,FALSE,229,"Great Kiskadee","Pitangus sulphuratus","#7d4410","avian","https://media.birdweather.com/species/229/GreatKiskadee-standard-cd28a1b8e8b8e5aed433e809c229004e.jpg","https://media.birdweather.com/species/229/GreatKiskadee-thumbnail-b2749ed2442fb322cf3c4cb72f9c97f6.jpg","https://media.birdweather.com/species/229/GreatKiskadee-png200-003973af4f863deb00a4ce9b6f10e59c.png","0PgFDwIrhYqfZJh1mVe3SZZ3uKEJBncG",15726281659,"https://media.birdweather.com/soundscapes/19267/19267-20260817-201925.flac",6,9,"live"
10526302749,19267,"2026-08-17T14:19:29.500-06:00",0.979794204235077,0.782536447048187,9.56591609564807,"almost_certain","BirdNET",NA,10.2198,-83.7874,FALSE,229,"Great Kiskadee","Pitangus sulphuratus","#7d4410","avian","https://media.birdweather.com/species/229/GreatKiskadee-standard-cd28a1b8e8b8e5aed433e809c229004e.jpg","https://media.birdweather.com/species/229/GreatKiskadee-thumbnail-b2749ed2442fb322cf3c4cb72f9c97f6.jpg","https://media.birdweather.com/species/229/GreatKiskadee-png200-003973af4f863deb00a4ce9b6f10e59c.png","0PgFDwIrhYqfZJh1mVe3SZZ3uKEJBncG",15726281659,"https://media.birdweather.com/soundscapes/19267/19267-20260817-201925.flac",4.5,7.5,"live"
10526302713,19267,"2026-08-17T14:19:28.000-06:00",0.981339156627655,0.782536447048187,9.56902612989989,"almost_certain","BirdNET",NA,10.2198,-83.7874,FALSE,229,"Great Kiskadee","Pitangus sulphuratus","#7d4410","avian","https://media.birdweather.com/species/229/GreatKiskadee-standard-cd28a1b8e8b8e5aed433e809c229004e.jpg","https://media.birdweather.com/species/229/GreatKiskadee-thumbnail-b2749ed2442fb322cf3c4cb72f9c97f6.jpg","https://media.birdweather.com/species/229/GreatKiskadee-png200-003973af4f863deb00a4ce9b6f10e59c.png","0PgFDwIrhYqfZJh1mVe3SZZ3uKEJBncG",15726281659,"https://media.birdweather.com/soundscapes/19267/19267-20260817-201925.flac",3,6,"live"
10526302666,19267,"2026-08-17T14:19:26.500-06:00",0.913439273834229,0.782536447048187,9.42520499109816,"almost_certain","BirdNET",NA,10.2198,-83.7874,FALSE,229,"Great Kiskadee","Pitangus sulphuratus","#7d4410","avian","https://media.birdweather.com/species/229/GreatKiskadee-standard-cd28a1b8e8b8e5aed433e809c229004e.jpg","https://media.birdweather.com/species/229/GreatKiskadee-thumbnail-b2749ed2442fb322cf3c4cb72f9c97f6.jpg","https://media.birdweather.com/species/229/GreatKiskadee-png200-003973af4f863deb00a4ce9b6f10e59c.png","0PgFDwIrhYqfZJh1mVe3SZZ3uKEJBncG",15726281659,"https://media.birdweather.com/soundscapes/19267/19267-20260817-201925.flac",1.5,4.5,"live"
10526298990,19267,"2026-08-17T14:19:16.000-06:00",0.899029910564423,0.782536447048187,9.39264044036127,"almost_certain","BirdNET",NA,10.2198,-83.7874,FALSE,229,"Great Kiskadee","Pitangus sulphuratus","#7d4410","avian","https://media.birdweather.com/species/229/GreatKiskadee-standard-cd28a1b8e8b8e5aed433e809c229004e.jpg","https://media.birdweather.com/species/229/GreatKiskadee-thumbnail-b2749ed2442fb322cf3c4cb72f9c97f6.jpg","https://media.birdweather.com/species/229/GreatKiskadee-png200-003973af4f863deb00a4ce9b6f10e59c.png","0PgFDwIrhYqfZJh1mVe3SZZ3uKEJBncG",15726275117,"https://media.birdweather.com/soundscapes/19267/19267-20260817-201913.flac",3,6,"live"
10526298968,19267,"2026-08-17T14:19:14.500-06:00",0.982258558273315,0.782536447048187,9.57087356691399,"almost_certain","BirdNET",NA,10.2198,-83.7874,FALSE,229,"Great Kiskadee","Pitangus sulphuratus","#7d4410","avian","https://media.birdweather.com/species/229/GreatKiskadee-standard-cd28a1b8e8b8e5aed433e809c229004e.jpg","https://media.birdweather.com/species/229/GreatKiskadee-thumbnail-b2749ed2442fb322cf3c4cb72f9c97f6.jpg","https://media.birdweather.com/species/229/GreatKiskadee-png200-003973af4f863deb00a4ce9b6f10e59c.png","0PgFDwIrhYqfZJh1mVe3SZZ3uKEJBncG",15726275117,"https://media.birdweather.com/soundscapes/19267/19267-20260817-201913.flac",1.5,4.5,"live"
10525891123,19267,"2026-08-17T13:54:15.000-06:00",0.824668765068054,0.601990938186646,8.85688082814145,"almost_certain","BirdNET",NA,10.2198,-83.7874,FALSE,121,"Social Flycatcher","Myiozetetes similis","#69b9ff","avian","https://media.birdweather.com/species/121/SocialFlycatcher-standard-6e107581e61c9f556b3a0af5200f486a.jpg","https://media.birdweather.com/species/121/SocialFlycatcher-thumbnail-87f640fcaf1441ecbbd56b57372185a8.jpg","https://media.birdweather.com/species/121/SocialFlycatcher-png200-2f6dd485cf927db0dd7fd9abc239fb19.png","2xkKJwIJh3ekeXh0e5Z4eYaIdyApd5AC",15725562054,"https://media.birdweather.com/soundscapes/19267/19267-20260817-195412.flac",3,6,"live"
10525891112,19267,"2026-08-17T13:54:13.500-06:00",0.882134318351746,0.601990938186646,8.999270502472,"almost_certain","BirdNET",NA,10.2198,-83.7874,FALSE,121,"Social Flycatcher","Myiozetetes similis","#69b9ff","avian","https://media.birdweather.com/species/121/SocialFlycatcher-standard-6e107581e61c9f556b3a0af5200f486a.jpg","https://media.birdweather.com/species/121/SocialFlycatcher-thumbnail-87f640fcaf1441ecbbd56b57372185a8.jpg","https://media.birdweather.com/species/121/SocialFlycatcher-png200-2f6dd485cf927db0dd7fd9abc239fb19.png","2xkKJwIJh3ekeXh0e5Z4eYaIdyApd5AC",15725562054,"https://media.birdweather.com/soundscapes/19267/19267-20260817-195412.flac",1.5,4.5,"live"
10525891102,19267,"2026-08-17T13:54:12.000-06:00",0.789653837680817,0.601990938186646,8.76225704881982,"almost_certain","BirdNET",NA,10.2198,-83.7874,FALSE,121,"Social Flycatcher","Myiozetetes similis","#69b9ff","avian","https://media.birdweather.com/species/121/SocialFlycatcher-standard-6e107581e61c9f556b3a0af5200f486a.jpg","https://media.birdweather.com/species/121/SocialFlycatcher-thumbnail-87f640fcaf1441ecbbd56b57372185a8.jpg","https://media.birdweather.com/species/121/SocialFlycatcher-png200-2f6dd485cf927db0dd7fd9abc239fb19.png","2xkKJwIJh3ekeXh0e5Z4eYaIdyApd5AC",15725562054,"https://media.birdweather.com/soundscapes/19267/19267-20260817-195412.flac",0,3,"live"
10525887687,19267,"2026-08-17T13:54:06.000-06:00",0.807413756847382,0.601990878582001,8.81106737333372,"almost_certain","BirdNET",NA,10.2198,-83.7874,FALSE,121,"Social Flycatcher","Myiozetetes similis","#69b9ff","avian","https://media.birdweather.com/species/121/SocialFlycatcher-standard-6e107581e61c9f556b3a0af5200f486a.jpg","https://media.birdweather.com/species/121/SocialFlycatcher-thumbnail-87f640fcaf1441ecbbd56b57372185a8.jpg","https://media.birdweather.com/species/121/SocialFlycatcher-png200-2f6dd485cf927db0dd7fd9abc239fb19.png","2xkKJwIJh3ekeXh0e5Z4eYaIdyApd5AC",15725555869,"https://media.birdweather.com/soundscapes/19267/19267-20260817-195400.flac",6,9,"live"
10525887678,19267,"2026-08-17T13:54:03.000-06:00",0.931765258312225,0.601990878582001,9.11135923403946,"almost_certain","BirdNET",NA,10.2198,-83.7874,FALSE,121,"Social Flycatcher","Myiozetetes similis","#69b9ff","avian","https://media.birdweather.com/species/121/SocialFlycatcher-standard-6e107581e61c9f556b3a0af5200f486a.jpg","https://media.birdweather.com/species/121/SocialFlycatcher-thumbnail-87f640fcaf1441ecbbd56b57372185a8.jpg","https://media.birdweather.com/species/121/SocialFlycatcher-png200-2f6dd485cf927db0dd7fd9abc239fb19.png","2xkKJwIJh3ekeXh0e5Z4eYaIdyApd5AC",15725555869,"https://media.birdweather.com/soundscapes/19267/19267-20260817-195400.flac",3,6,"live"
10525887654,19267,"2026-08-17T13:54:00.000-06:00",0.894897401332855,0.601990878582001,9.02898258283179,"almost_certain","BirdNET",NA,10.2198,-83.7874,FALSE,121,"Social Flycatcher","Myiozetetes similis","#69b9ff","avian","https://media.birdweather.com/species/121/SocialFlycatcher-standard-6e107581e61c9f556b3a0af5200f486a.jpg","https://media.birdweather.com/species/121/SocialFlycatcher-thumbnail-87f640fcaf1441ecbbd56b57372185a8.jpg","https://media.birdweather.com/species/121/SocialFlycatcher-png200-2f6dd485cf927db0dd7fd9abc239fb19.png","2xkKJwIJh3ekeXh0e5Z4eYaIdyApd5AC",15725555869,"https://media.birdweather.com/soundscapes/19267/19267-20260817-195400.flac",0,3,"live"
10525877172,19267,"2026-08-17T13:53:24.000-06:00",0.925535917282104,0.601984858512878,9.09777022408728,"almost_certain","BirdNET",NA,10.2198,-83.7874,FALSE,121,"Social Flycatcher","Myiozetetes similis","#69b9ff","avian","https://media.birdweather.com/species/121/SocialFlycatcher-standard-6e107581e61c9f556b3a0af5200f486a.jpg","https://media.birdweather.com/species/121/SocialFlycatcher-thumbnail-87f640fcaf1441ecbbd56b57372185a8.jpg","https://media.birdweather.com/species/121/SocialFlycatcher-png200-2f6dd485cf927db0dd7fd9abc239fb19.png","2xkKJwIJh3ekeXh0e5Z4eYaIdyApd5AC",15725537810,"https://media.birdweather.com/soundscapes/19267/19267-20260817-195321.flac",3,6,"live"
10525877090,19267,"2026-08-17T13:53:22.500-06:00",0.848474860191345,0.601984858512878,8.91766001616654,"almost_certain","BirdNET",NA,10.2198,-83.7874,FALSE,121,"Social Flycatcher","Myiozetetes similis","#69b9ff","avian","https://media.birdweather.com/species/121/SocialFlycatcher-standard-6e107581e61c9f556b3a0af5200f486a.jpg","https://media.birdweather.com/species/121/SocialFlycatcher-thumbnail-87f640fcaf1441ecbbd56b57372185a8.jpg","https://media.birdweather.com/species/121/SocialFlycatcher-png200-2f6dd485cf927db0dd7fd9abc239fb19.png","2xkKJwIJh3ekeXh0e5Z4eYaIdyApd5AC",15725537810,"https://media.birdweather.com/soundscapes/19267/19267-20260817-195321.flac",1.5,4.5,"live"
10525873990,19267,"2026-08-17T13:53:15.000-06:00",0.88920134305954,0.601984858512878,9.01578834737192,"almost_certain","BirdNET",NA,10.2198,-83.7874,FALSE,121,"Social Flycatcher","Myiozetetes similis","#69b9ff","avian","https://media.birdweather.com/species/121/SocialFlycatcher-standard-6e107581e61c9f556b3a0af5200f486a.jpg","https://media.birdweather.com/species/121/SocialFlycatcher-thumbnail-87f640fcaf1441ecbbd56b57372185a8.jpg","https://media.birdweather.com/species/121/SocialFlycatcher-png200-2f6dd485cf927db0dd7fd9abc239fb19.png","2xkKJwIJh3ekeXh0e5Z4eYaIdyApd5AC",15725531987,"https://media.birdweather.com/soundscapes/19267/19267-20260817-195309.flac",6,9,"live"
10525873960,19267,"2026-08-17T13:53:13.500-06:00",0.942171692848206,0.601984858512878,9.13372854874701,"almost_certain","BirdNET",NA,10.2198,-83.7874,FALSE,121,"Social Flycatcher","Myiozetetes similis","#69b9ff","avian","https://media.birdweather.com/species/121/SocialFlycatcher-standard-6e107581e61c9f556b3a0af5200f486a.jpg","https://media.birdweather.com/species/121/SocialFlycatcher-thumbnail-87f640fcaf1441ecbbd56b57372185a8.jpg","https://media.birdweather.com/species/121/SocialFlycatcher-png200-2f6dd485cf927db0dd7fd9abc239fb19.png","2xkKJwIJh3ekeXh0e5Z4eYaIdyApd5AC",15725531987,"https://media.birdweather.com/soundscapes/19267/19267-20260817-195309.flac",4.5,7.5,"live"
10525873949,19267,"2026-08-17T13:53:12.000-06:00",0.894125461578369,0.601984858512878,9.02719023784363,"almost_certain","BirdNET",NA,10.2198,-83.7874,FALSE,121,"Social Flycatcher","Myiozetetes similis","#69b9ff","avian","https://media.birdweather.com/species/121/SocialFlycatcher-standard-6e107581e61c9f556b3a0af5200f486a.jpg","https://media.birdweather.com/species/121/SocialFlycatcher-thumbnail-87f640fcaf1441ecbbd56b57372185a8.jpg","https://media.birdweather.com/species/121/SocialFlycatcher-png200-2f6dd485cf927db0dd7fd9abc239fb19.png","2xkKJwIJh3ekeXh0e5Z4eYaIdyApd5AC",15725531987,"https://media.birdweather.com/soundscapes/19267/19267-20260817-195309.flac",3,6,"live"
10525873926,19267,"2026-08-17T13:53:10.500-06:00",0.866879045963287,0.601984858512878,8.96287619929763,"almost_certain","BirdNET",NA,10.2198,-83.7874,FALSE,121,"Social Flycatcher","Myiozetetes similis","#69b9ff","avian","https://media.birdweather.com/species/121/SocialFlycatcher-standard-6e107581e61c9f556b3a0af5200f486a.jpg","https://media.birdweather.com/species/121/SocialFlycatcher-thumbnail-87f640fcaf1441ecbbd56b57372185a8.jpg","https://media.birdweather.com/species/121/SocialFlycatcher-png200-2f6dd485cf927db0dd7fd9abc239fb19.png","2xkKJwIJh3ekeXh0e5Z4eYaIdyApd5AC",15725531987,"https://media.birdweather.com/soundscapes/19267/19267-20260817-195309.flac",1.5,4.5,"live"
10525873903,19267,"2026-08-17T13:53:09.000-06:00",0.815170466899872,0.601984858512878,8.83183829055404,"almost_certain","BirdNET",NA,10.2198,-83.7874,FALSE,121,"Social Flycatcher","Myiozetetes similis","#69b9ff","avian","https://media.birdweather.com/species/121/SocialFlycatcher-standard-6e107581e61c9f556b3a0af5200f486a.jpg","https://media.birdweather.com/species/121/SocialFlycatcher-thumbnail-87f640fcaf1441ecbbd56b57372185a8.jpg","https://media.birdweather.com/species/121/SocialFlycatcher-png200-2f6dd485cf927db0dd7fd9abc239fb19.png","2xkKJwIJh3ekeXh0e5Z4eYaIdyApd5AC",15725531987,"https://media.birdweather.com/soundscapes/19267/19267-20260817-195309.flac",0,3,"live"
10525870039,19267,"2026-08-17T13:53:01.000-06:00",0.87569671869278,0.601986229419708,8.98402526457438,"almost_certain","BirdNET",NA,10.2198,-83.7874,FALSE,121,"Social Flycatcher","Myiozetetes similis","#69b9ff","avian","https://media.birdweather.com/species/121/SocialFlycatcher-standard-6e107581e61c9f556b3a0af5200f486a.jpg","https://media.birdweather.com/species/121/SocialFlycatcher-thumbnail-87f640fcaf1441ecbbd56b57372185a8.jpg","https://media.birdweather.com/species/121/SocialFlycatcher-png200-2f6dd485cf927db0dd7fd9abc239fb19.png","2xkKJwIJh3ekeXh0e5Z4eYaIdyApd5AC",15725525214,"https://media.birdweather.com/soundscapes/19267/19267-20260817-195255.flac",6,9,"live"
10525870024,19267,"2026-08-17T13:52:55.000-06:00",0.894896149635315,0.601986229419708,9.02896929263871,"almost_certain","BirdNET",NA,10.2198,-83.7874,FALSE,121,"Social Flycatcher","Myiozetetes similis","#69b9ff","avian","https://media.birdweather.com/species/121/SocialFlycatcher-standard-6e107581e61c9f556b3a0af5200f486a.jpg","https://media.birdweather.com/species/121/SocialFlycatcher-thumbnail-87f640fcaf1441ecbbd56b57372185a8.jpg","https://media.birdweather.com/species/121/SocialFlycatcher-png200-2f6dd485cf927db0dd7fd9abc239fb19.png","2xkKJwIJh3ekeXh0e5Z4eYaIdyApd5AC",15725525214,"https://media.birdweather.com/soundscapes/19267/19267-20260817-195255.flac",0,3,"live"
10525863006,19267,"2026-08-17T13:52:30.000-06:00",0.886827349662781,0.601989090442657,9.01026670533095,"almost_certain","BirdNET",NA,10.2198,-83.7874,FALSE,121,"Social Flycatcher","Myiozetetes similis","#69b9ff","avian","https://media.birdweather.com/species/121/SocialFlycatcher-standard-6e107581e61c9f556b3a0af5200f486a.jpg","https://media.birdweather.com/species/121/SocialFlycatcher-thumbnail-87f640fcaf1441ecbbd56b57372185a8.jpg","https://media.birdweather.com/species/121/SocialFlycatcher-png200-2f6dd485cf927db0dd7fd9abc239fb19.png","2xkKJwIJh3ekeXh0e5Z4eYaIdyApd5AC",15725513347,"https://media.birdweather.com/soundscapes/19267/19267-20260817-195230.flac",0,3,"live"
10525844480,19267,"2026-08-17T13:51:24.500-06:00",0.785803377628326,0.601988196372986,8.75143514667964,"almost_certain","BirdNET",NA,10.2198,-83.7874,FALSE,121,"Social Flycatcher","Myiozetetes similis","#69b9ff","avian","https://media.birdweather.com/species/121/SocialFlycatcher-standard-6e107581e61c9f556b3a0af5200f486a.jpg","https://media.birdweather.com/species/121/SocialFlycatcher-thumbnail-87f640fcaf1441ecbbd56b57372185a8.jpg","https://media.birdweather.com/species/121/SocialFlycatcher-png200-2f6dd485cf927db0dd7fd9abc239fb19.png","2xkKJwIJh3ekeXh0e5Z4eYaIdyApd5AC",15725481379,"https://media.birdweather.com/soundscapes/19267/19267-20260817-195123.flac",1.5,4.5,"live"
10525844412,19267,"2026-08-17T13:51:23.000-06:00",0.858851969242096,0.601988196372986,8.9433456444513,"almost_certain","BirdNET",NA,10.2198,-83.7874,FALSE,121,"Social Flycatcher","Myiozetetes similis","#69b9ff","avian","https://media.birdweather.com/species/121/SocialFlycatcher-standard-6e107581e61c9f556b3a0af5200f486a.jpg","https://media.birdweather.com/species/121/SocialFlycatcher-thumbnail-87f640fcaf1441ecbbd56b57372185a8.jpg","https://media.birdweather.com/species/121/SocialFlycatcher-png200-2f6dd485cf927db0dd7fd9abc239fb19.png","2xkKJwIJh3ekeXh0e5Z4eYaIdyApd5AC",15725481379,"https://media.birdweather.com/soundscapes/19267/19267-20260817-195123.flac",0,3,"live"
10525455759,19267,"2026-08-17T13:27:31.000-06:00",0.761977910995483,0.60198962688446,8.68254530833314,"almost_certain","BirdNET",NA,10.2198,-83.7874,FALSE,121,"Social Flycatcher","Myiozetetes similis","#69b9ff","avian","https://media.birdweather.com/species/121/SocialFlycatcher-standard-6e107581e61c9f556b3a0af5200f486a.jpg","https://media.birdweather.com/species/121/SocialFlycatcher-thumbnail-87f640fcaf1441ecbbd56b57372185a8.jpg","https://media.birdweather.com/species/121/SocialFlycatcher-png200-2f6dd485cf927db0dd7fd9abc239fb19.png","2xkKJwIJh3ekeXh0e5Z4eYaIdyApd5AC",15724801235,"https://media.birdweather.com/soundscapes/19267/19267-20260817-192731.flac",0,3,"live"
10525452135,19267,"2026-08-17T13:27:21.500-06:00",0.758925139904022,0.60198962688446,8.673462242073,"almost_certain","BirdNET",NA,10.2198,-83.7874,FALSE,121,"Social Flycatcher","Myiozetetes similis","#69b9ff","avian","https://media.birdweather.com/species/121/SocialFlycatcher-standard-6e107581e61c9f556b3a0af5200f486a.jpg","https://media.birdweather.com/species/121/SocialFlycatcher-thumbnail-87f640fcaf1441ecbbd56b57372185a8.jpg","https://media.birdweather.com/species/121/SocialFlycatcher-png200-2f6dd485cf927db0dd7fd9abc239fb19.png","2xkKJwIJh3ekeXh0e5Z4eYaIdyApd5AC",15724794597,"https://media.birdweather.com/soundscapes/19267/19267-20260817-192717.flac",4.5,7.5,"live"
10525425225,19267,"2026-08-17T13:25:34.500-06:00",0.784542739391327,0.601993143558502,8.74788651149587,"almost_certain","BirdNET",NA,10.2198,-83.7874,FALSE,121,"Social Flycatcher","Myiozetetes similis","#69b9ff","avian","https://media.birdweather.com/species/121/SocialFlycatcher-standard-6e107581e61c9f556b3a0af5200f486a.jpg","https://media.birdweather.com/species/121/SocialFlycatcher-thumbnail-87f640fcaf1441ecbbd56b57372185a8.jpg","https://media.birdweather.com/species/121/SocialFlycatcher-png200-2f6dd485cf927db0dd7fd9abc239fb19.png","2xkKJwIJh3ekeXh0e5Z4eYaIdyApd5AC",15724745602,"https://media.birdweather.com/soundscapes/19267/19267-20260817-192533.flac",1.5,4.5,"live"
10525403639,19267,"2026-08-17T13:24:14.000-06:00",0.789293587207794,0.601986467838287,8.76123872753701,"almost_certain","BirdNET",NA,10.2198,-83.7874,FALSE,121,"Social Flycatcher","Myiozetetes similis","#69b9ff","avian","https://media.birdweather.com/species/121/SocialFlycatcher-standard-6e107581e61c9f556b3a0af5200f486a.jpg","https://media.birdweather.com/species/121/SocialFlycatcher-thumbnail-87f640fcaf1441ecbbd56b57372185a8.jpg","https://media.birdweather.com/species/121/SocialFlycatcher-png200-2f6dd485cf927db0dd7fd9abc239fb19.png","2xkKJwIJh3ekeXh0e5Z4eYaIdyApd5AC",15724706686,"https://media.birdweather.com/soundscapes/19267/19267-20260817-192411.flac",3,6,"live"
10525332673,19267,"2026-08-17T13:19:49.000-06:00",0.747819185256958,0.601988196372986,8.63989738764922,"almost_certain","BirdNET",NA,10.2198,-83.7874,FALSE,121,"Social Flycatcher","Myiozetetes similis","#69b9ff","avian","https://media.birdweather.com/species/121/SocialFlycatcher-standard-6e107581e61c9f556b3a0af5200f486a.jpg","https://media.birdweather.com/species/121/SocialFlycatcher-thumbnail-87f640fcaf1441ecbbd56b57372185a8.jpg","https://media.birdweather.com/species/121/SocialFlycatcher-png200-2f6dd485cf927db0dd7fd9abc239fb19.png","2xkKJwIJh3ekeXh0e5Z4eYaIdyApd5AC",15724579401,"https://media.birdweather.com/soundscapes/19267/19267-20260817-191943.flac",6,9,"live"
10525324933,19267,"2026-08-17T13:19:16.500-06:00",0.827325046062469,0.78253847360611,9.21797663342765,"almost_certain","BirdNET",NA,10.2198,-83.7874,FALSE,229,"Great Kiskadee","Pitangus sulphuratus","#7d4410","avian","https://media.birdweather.com/species/229/GreatKiskadee-standard-cd28a1b8e8b8e5aed433e809c229004e.jpg","https://media.birdweather.com/species/229/GreatKiskadee-thumbnail-b2749ed2442fb322cf3c4cb72f9c97f6.jpg","https://media.birdweather.com/species/229/GreatKiskadee-png200-003973af4f863deb00a4ce9b6f10e59c.png","0PgFDwIrhYqfZJh1mVe3SZZ3uKEJBncG",15724565819,"https://media.birdweather.com/soundscapes/19267/19267-20260817-191915.flac",1.5,4.5,"live"
10525324924,19267,"2026-08-17T13:19:15.000-06:00",0.805646896362305,0.78253847360611,9.16046601760945,"almost_certain","BirdNET",NA,10.2198,-83.7874,FALSE,229,"Great Kiskadee","Pitangus sulphuratus","#7d4410","avian","https://media.birdweather.com/species/229/GreatKiskadee-standard-cd28a1b8e8b8e5aed433e809c229004e.jpg","https://media.birdweather.com/species/229/GreatKiskadee-thumbnail-b2749ed2442fb322cf3c4cb72f9c97f6.jpg","https://media.birdweather.com/species/229/GreatKiskadee-png200-003973af4f863deb00a4ce9b6f10e59c.png","0PgFDwIrhYqfZJh1mVe3SZZ3uKEJBncG",15724565819,"https://media.birdweather.com/soundscapes/19267/19267-20260817-191915.flac",0,3,"live"
10525180563,19267,"2026-08-17T13:10:14.000-06:00",0.826100170612335,0.601987719535828,8.86060617860146,"almost_certain","BirdNET",NA,10.2198,-83.7874,FALSE,121,"Social Flycatcher","Myiozetetes similis","#69b9ff","avian","https://media.birdweather.com/species/121/SocialFlycatcher-standard-6e107581e61c9f556b3a0af5200f486a.jpg","https://media.birdweather.com/species/121/SocialFlycatcher-thumbnail-87f640fcaf1441ecbbd56b57372185a8.jpg","https://media.birdweather.com/species/121/SocialFlycatcher-png200-2f6dd485cf927db0dd7fd9abc239fb19.png","2xkKJwIJh3ekeXh0e5Z4eYaIdyApd5AC",15724306901,"https://media.birdweather.com/soundscapes/19267/19267-20260817-191011.flac",3,6,"live"
10525180552,19267,"2026-08-17T13:10:12.500-06:00",0.829224646091461,0.601987719535828,8.86871845615974,"almost_certain","BirdNET",NA,10.2198,-83.7874,FALSE,121,"Social Flycatcher","Myiozetetes similis","#69b9ff","avian","https://media.birdweather.com/species/121/SocialFlycatcher-standard-6e107581e61c9f556b3a0af5200f486a.jpg","https://media.birdweather.com/species/121/SocialFlycatcher-thumbnail-87f640fcaf1441ecbbd56b57372185a8.jpg","https://media.birdweather.com/species/121/SocialFlycatcher-png200-2f6dd485cf927db0dd7fd9abc239fb19.png","2xkKJwIJh3ekeXh0e5Z4eYaIdyApd5AC",15724306901,"https://media.birdweather.com/soundscapes/19267/19267-20260817-191011.flac",1.5,4.5,"live"
10525177253,19267,"2026-08-17T13:09:59.500-06:00",0.862664222717285,0.601987719535828,8.95265841021011,"almost_certain","BirdNET",NA,10.2198,-83.7874,FALSE,121,"Social Flycatcher","Myiozetetes similis","#69b9ff","avian","https://media.birdweather.com/species/121/SocialFlycatcher-standard-6e107581e61c9f556b3a0af5200f486a.jpg","https://media.birdweather.com/species/121/SocialFlycatcher-thumbnail-87f640fcaf1441ecbbd56b57372185a8.jpg","https://media.birdweather.com/species/121/SocialFlycatcher-png200-2f6dd485cf927db0dd7fd9abc239fb19.png","2xkKJwIJh3ekeXh0e5Z4eYaIdyApd5AC",15724300846,"https://media.birdweather.com/soundscapes/19267/19267-20260817-190958.flac",1.5,4.5,"live"
10525177237,19267,"2026-08-17T13:09:58.000-06:00",0.883001208305359,0.601987719535828,9.0013019260573,"almost_certain","BirdNET",NA,10.2198,-83.7874,FALSE,121,"Social Flycatcher","Myiozetetes similis","#69b9ff","avian","https://media.birdweather.com/species/121/SocialFlycatcher-standard-6e107581e61c9f556b3a0af5200f486a.jpg","https://media.birdweather.com/species/121/SocialFlycatcher-thumbnail-87f640fcaf1441ecbbd56b57372185a8.jpg","https://media.birdweather.com/species/121/SocialFlycatcher-png200-2f6dd485cf927db0dd7fd9abc239fb19.png","2xkKJwIJh3ekeXh0e5Z4eYaIdyApd5AC",15724300846,"https://media.birdweather.com/soundscapes/19267/19267-20260817-190958.flac",0,3,"live"
10525005627,19267,"2026-08-17T12:59:23.000-06:00",0.865526080131531,0.78253573179245,9.31378869252514,"almost_certain","BirdNET",NA,10.2198,-83.7874,FALSE,229,"Great Kiskadee","Pitangus sulphuratus","#7d4410","avian","https://media.birdweather.com/species/229/GreatKiskadee-standard-cd28a1b8e8b8e5aed433e809c229004e.jpg","https://media.birdweather.com/species/229/GreatKiskadee-thumbnail-b2749ed2442fb322cf3c4cb72f9c97f6.jpg","https://media.birdweather.com/species/229/GreatKiskadee-png200-003973af4f863deb00a4ce9b6f10e59c.png","0PgFDwIrhYqfZJh1mVe3SZZ3uKEJBncG",15723995623,"https://media.birdweather.com/soundscapes/19267/19267-20260817-185917.flac",6,9,"live"
10525005563,19267,"2026-08-17T12:59:17.000-06:00",0.719314754009247,0.601990759372711,8.54980136822057,"almost_certain","BirdNET",NA,10.2198,-83.7874,FALSE,121,"Social Flycatcher","Myiozetetes similis","#69b9ff","avian","https://media.birdweather.com/species/121/SocialFlycatcher-standard-6e107581e61c9f556b3a0af5200f486a.jpg","https://media.birdweather.com/species/121/SocialFlycatcher-thumbnail-87f640fcaf1441ecbbd56b57372185a8.jpg","https://media.birdweather.com/species/121/SocialFlycatcher-png200-2f6dd485cf927db0dd7fd9abc239fb19.png","2xkKJwIJh3ekeXh0e5Z4eYaIdyApd5AC",15723995623,"https://media.birdweather.com/soundscapes/19267/19267-20260817-185917.flac",0,3,"live"
10524991679,19267,"2026-08-17T12:58:32.000-06:00",0.919093430042267,0.60199385881424,9.08360737645958,"almost_certain","BirdNET",NA,10.2198,-83.7874,FALSE,121,"Social Flycatcher","Myiozetetes similis","#69b9ff","avian","https://media.birdweather.com/species/121/SocialFlycatcher-standard-6e107581e61c9f556b3a0af5200f486a.jpg","https://media.birdweather.com/species/121/SocialFlycatcher-thumbnail-87f640fcaf1441ecbbd56b57372185a8.jpg","https://media.birdweather.com/species/121/SocialFlycatcher-png200-2f6dd485cf927db0dd7fd9abc239fb19.png","2xkKJwIJh3ekeXh0e5Z4eYaIdyApd5AC",15723970975,"https://media.birdweather.com/soundscapes/19267/19267-20260817-185826.flac",6,9,"live"
10524991643,19267,"2026-08-17T12:58:29.000-06:00",0.863700687885284,0.60199385881424,8.95519346379405,"almost_certain","BirdNET",NA,10.2198,-83.7874,FALSE,121,"Social Flycatcher","Myiozetetes similis","#69b9ff","avian","https://media.birdweather.com/species/121/SocialFlycatcher-standard-6e107581e61c9f556b3a0af5200f486a.jpg","https://media.birdweather.com/species/121/SocialFlycatcher-thumbnail-87f640fcaf1441ecbbd56b57372185a8.jpg","https://media.birdweather.com/species/121/SocialFlycatcher-png200-2f6dd485cf927db0dd7fd9abc239fb19.png","2xkKJwIJh3ekeXh0e5Z4eYaIdyApd5AC",15723970975,"https://media.birdweather.com/soundscapes/19267/19267-20260817-185826.flac",3,6,"live"
10524984382,19267,"2026-08-17T12:58:01.500-06:00",0.882487058639526,0.782531797885895,9.35426615267764,"almost_certain","BirdNET",NA,10.2198,-83.7874,FALSE,229,"Great Kiskadee","Pitangus sulphuratus","#7d4410","avian","https://media.birdweather.com/species/229/GreatKiskadee-standard-cd28a1b8e8b8e5aed433e809c229004e.jpg","https://media.birdweather.com/species/229/GreatKiskadee-thumbnail-b2749ed2442fb322cf3c4cb72f9c97f6.jpg","https://media.birdweather.com/species/229/GreatKiskadee-png200-003973af4f863deb00a4ce9b6f10e59c.png","0PgFDwIrhYqfZJh1mVe3SZZ3uKEJBncG",15723958362,"https://media.birdweather.com/soundscapes/19267/19267-20260817-185800.flac",1.5,4.5,"live"
10524984366,19267,"2026-08-17T12:58:00.000-06:00",0.98102194070816,0.782531797885895,9.56838010403137,"almost_certain","BirdNET",NA,10.2198,-83.7874,FALSE,229,"Great Kiskadee","Pitangus sulphuratus","#7d4410","avian","https://media.birdweather.com/species/229/GreatKiskadee-standard-cd28a1b8e8b8e5aed433e809c229004e.jpg","https://media.birdweather.com/species/229/GreatKiskadee-thumbnail-b2749ed2442fb322cf3c4cb72f9c97f6.jpg","https://media.birdweather.com/species/229/GreatKiskadee-png200-003973af4f863deb00a4ce9b6f10e59c.png","0PgFDwIrhYqfZJh1mVe3SZZ3uKEJBncG",15723958362,"https://media.birdweather.com/soundscapes/19267/19267-20260817-185800.flac",0,3,"live"
10524980890,19267,"2026-08-17T12:57:53.000-06:00",0.9804767370224,0.782533466815948,9.56728577296949,"almost_certain","BirdNET",NA,10.2198,-83.7874,FALSE,229,"Great Kiskadee","Pitangus sulphuratus","#7d4410","avian","https://media.birdweather.com/species/229/GreatKiskadee-standard-cd28a1b8e8b8e5aed433e809c229004e.jpg","https://media.birdweather.com/species/229/GreatKiskadee-thumbnail-b2749ed2442fb322cf3c4cb72f9c97f6.jpg","https://media.birdweather.com/species/229/GreatKiskadee-png200-003973af4f863deb00a4ce9b6f10e59c.png","0PgFDwIrhYqfZJh1mVe3SZZ3uKEJBncG",15723952392,"https://media.birdweather.com/soundscapes/19267/19267-20260817-185747.flac",6,9,"live"
10524980878,19267,"2026-08-17T12:57:51.500-06:00",0.987331807613373,0.782533466815948,9.58101799503662,"almost_certain","BirdNET",NA,10.2198,-83.7874,FALSE,229,"Great Kiskadee","Pitangus sulphuratus","#7d4410","avian","https://media.birdweather.com/species/229/GreatKiskadee-standard-cd28a1b8e8b8e5aed433e809c229004e.jpg","https://media.birdweather.com/species/229/GreatKiskadee-thumbnail-b2749ed2442fb322cf3c4cb72f9c97f6.jpg","https://media.birdweather.com/species/229/GreatKiskadee-png200-003973af4f863deb00a4ce9b6f10e59c.png","0PgFDwIrhYqfZJh1mVe3SZZ3uKEJBncG",15723952392,"https://media.birdweather.com/soundscapes/19267/19267-20260817-185747.flac",4.5,7.5,"live"
10524980868,19267,"2026-08-17T12:57:50.000-06:00",0.982144951820374,0.782533466815948,9.57064027030911,"almost_certain","BirdNET",NA,10.2198,-83.7874,FALSE,229,"Great Kiskadee","Pitangus sulphuratus","#7d4410","avian","https://media.birdweather.com/species/229/GreatKiskadee-standard-cd28a1b8e8b8e5aed433e809c229004e.jpg","https://media.birdweather.com/species/229/GreatKiskadee-thumbnail-b2749ed2442fb322cf3c4cb72f9c97f6.jpg","https://media.birdweather.com/species/229/GreatKiskadee-png200-003973af4f863deb00a4ce9b6f10e59c.png","0PgFDwIrhYqfZJh1mVe3SZZ3uKEJBncG",15723952392,"https://media.birdweather.com/soundscapes/19267/19267-20260817-185747.flac",3,6,"live"
10524980857,19267,"2026-08-17T12:57:48.500-06:00",0.957881152629852,0.782533466815948,9.52102177652013,"almost_certain","BirdNET",NA,10.2198,-83.7874,FALSE,229,"Great Kiskadee","Pitangus sulphuratus","#7d4410","avian","https://media.birdweather.com/species/229/GreatKiskadee-standard-cd28a1b8e8b8e5aed433e809c229004e.jpg","https://media.birdweather.com/species/229/GreatKiskadee-thumbnail-b2749ed2442fb322cf3c4cb72f9c97f6.jpg","https://media.birdweather.com/species/229/GreatKiskadee-png200-003973af4f863deb00a4ce9b6f10e59c.png","0PgFDwIrhYqfZJh1mVe3SZZ3uKEJBncG",15723952392,"https://media.birdweather.com/soundscapes/19267/19267-20260817-185747.flac",1.5,4.5,"live"
10524908595,19267,"2026-08-17T12:53:27.500-06:00",0.895576298236847,0.782531976699829,9.38471133745277,"almost_certain","BirdNET",NA,10.2198,-83.7874,FALSE,229,"Great Kiskadee","Pitangus sulphuratus","#7d4410","avian","https://media.birdweather.com/species/229/GreatKiskadee-standard-cd28a1b8e8b8e5aed433e809c229004e.jpg","https://media.birdweather.com/species/229/GreatKiskadee-thumbnail-b2749ed2442fb322cf3c4cb72f9c97f6.jpg","https://media.birdweather.com/species/229/GreatKiskadee-png200-003973af4f863deb00a4ce9b6f10e59c.png","0PgFDwIrhYqfZJh1mVe3SZZ3uKEJBncG",15723826476,"https://media.birdweather.com/soundscapes/19267/19267-20260817-185323.flac",4.5,7.5,"live"
10524476635,19267,"2026-08-17T12:26:47.000-06:00",0.870916962623596,0.601991653442383,8.97261541899578,"almost_certain","BirdNET",NA,10.2198,-83.7874,FALSE,121,"Social Flycatcher","Myiozetetes similis","#69b9ff","avian","https://media.birdweather.com/species/121/SocialFlycatcher-standard-6e107581e61c9f556b3a0af5200f486a.jpg","https://media.birdweather.com/species/121/SocialFlycatcher-thumbnail-87f640fcaf1441ecbbd56b57372185a8.jpg","https://media.birdweather.com/species/121/SocialFlycatcher-png200-2f6dd485cf927db0dd7fd9abc239fb19.png","2xkKJwIJh3ekeXh0e5Z4eYaIdyApd5AC",15723063874,"https://media.birdweather.com/soundscapes/19267/19267-20260817-182647.flac",0,3,"live"
10524469350,19267,"2026-08-17T12:26:23.500-06:00",0.733361124992371,0.601991653442383,8.59494424842078,"almost_certain","BirdNET",NA,10.2198,-83.7874,FALSE,121,"Social Flycatcher","Myiozetetes similis","#69b9ff","avian","https://media.birdweather.com/species/121/SocialFlycatcher-standard-6e107581e61c9f556b3a0af5200f486a.jpg","https://media.birdweather.com/species/121/SocialFlycatcher-thumbnail-87f640fcaf1441ecbbd56b57372185a8.jpg","https://media.birdweather.com/species/121/SocialFlycatcher-png200-2f6dd485cf927db0dd7fd9abc239fb19.png","2xkKJwIJh3ekeXh0e5Z4eYaIdyApd5AC",15723051674,"https://media.birdweather.com/soundscapes/19267/19267-20260817-182622.flac",1.5,4.5,"live"
10524469286,19267,"2026-08-17T12:26:22.000-06:00",0.729506731033325,0.601991653442383,8.58270470372243,"almost_certain","BirdNET",NA,10.2198,-83.7874,FALSE,121,"Social Flycatcher","Myiozetetes similis","#69b9ff","avian","https://media.birdweather.com/species/121/SocialFlycatcher-standard-6e107581e61c9f556b3a0af5200f486a.jpg","https://media.birdweather.com/species/121/SocialFlycatcher-thumbnail-87f640fcaf1441ecbbd56b57372185a8.jpg","https://media.birdweather.com/species/121/SocialFlycatcher-png200-2f6dd485cf927db0dd7fd9abc239fb19.png","2xkKJwIJh3ekeXh0e5Z4eYaIdyApd5AC",15723051674,"https://media.birdweather.com/soundscapes/19267/19267-20260817-182622.flac",0,3,"live"
10524446258,19267,"2026-08-17T12:25:03.000-06:00",0.844565093517303,0.601991653442383,8.90787429888302,"almost_certain","BirdNET",NA,10.2198,-83.7874,FALSE,121,"Social Flycatcher","Myiozetetes similis","#69b9ff","avian","https://media.birdweather.com/species/121/SocialFlycatcher-standard-6e107581e61c9f556b3a0af5200f486a.jpg","https://media.birdweather.com/species/121/SocialFlycatcher-thumbnail-87f640fcaf1441ecbbd56b57372185a8.jpg","https://media.birdweather.com/species/121/SocialFlycatcher-png200-2f6dd485cf927db0dd7fd9abc239fb19.png","2xkKJwIJh3ekeXh0e5Z4eYaIdyApd5AC",15723012608,"https://media.birdweather.com/soundscapes/19267/19267-20260817-182500.flac",3,6,"live"
10524424417,19267,"2026-08-17T12:23:47.500-06:00",0.836536228656769,0.601990759372711,8.88752314630858,"almost_certain","BirdNET",NA,10.2198,-83.7874,FALSE,121,"Social Flycatcher","Myiozetetes similis","#69b9ff","avian","https://media.birdweather.com/species/121/SocialFlycatcher-standard-6e107581e61c9f556b3a0af5200f486a.jpg","https://media.birdweather.com/species/121/SocialFlycatcher-thumbnail-87f640fcaf1441ecbbd56b57372185a8.jpg","https://media.birdweather.com/species/121/SocialFlycatcher-png200-2f6dd485cf927db0dd7fd9abc239fb19.png","2xkKJwIJh3ekeXh0e5Z4eYaIdyApd5AC",15722975972,"https://media.birdweather.com/soundscapes/19267/19267-20260817-182343.flac",4.5,7.5,"live"
10524386919,19267,"2026-08-17T12:21:30.000-06:00",0.730193793773651,0.601990103721619,8.58489101137706,"almost_certain","BirdNET",NA,10.2198,-83.7874,FALSE,121,"Social Flycatcher","Myiozetetes similis","#69b9ff","avian","https://media.birdweather.com/species/121/SocialFlycatcher-standard-6e107581e61c9f556b3a0af5200f486a.jpg","https://media.birdweather.com/species/121/SocialFlycatcher-thumbnail-87f640fcaf1441ecbbd56b57372185a8.jpg","https://media.birdweather.com/species/121/SocialFlycatcher-png200-2f6dd485cf927db0dd7fd9abc239fb19.png","2xkKJwIJh3ekeXh0e5Z4eYaIdyApd5AC",15722912013,"https://media.birdweather.com/soundscapes/19267/19267-20260817-182130.flac",0,3,"live"
10524383650,19267,"2026-08-17T12:21:22.500-06:00",0.734639823436737,0.601990103721619,8.59897722213052,"almost_certain","BirdNET",NA,10.2198,-83.7874,FALSE,121,"Social Flycatcher","Myiozetetes similis","#69b9ff","avian","https://media.birdweather.com/species/121/SocialFlycatcher-standard-6e107581e61c9f556b3a0af5200f486a.jpg","https://media.birdweather.com/species/121/SocialFlycatcher-thumbnail-87f640fcaf1441ecbbd56b57372185a8.jpg","https://media.birdweather.com/species/121/SocialFlycatcher-png200-2f6dd485cf927db0dd7fd9abc239fb19.png","2xkKJwIJh3ekeXh0e5Z4eYaIdyApd5AC",15722906242,"https://media.birdweather.com/soundscapes/19267/19267-20260817-182118.flac",4.5,7.5,"live"
10524380230,19267,"2026-08-17T12:21:11.000-06:00",0.79442948102951,0.601990759372711,8.77555365829262,"almost_certain","BirdNET",NA,10.2198,-83.7874,FALSE,121,"Social Flycatcher","Myiozetetes similis","#69b9ff","avian","https://media.birdweather.com/species/121/SocialFlycatcher-standard-6e107581e61c9f556b3a0af5200f486a.jpg","https://media.birdweather.com/species/121/SocialFlycatcher-thumbnail-87f640fcaf1441ecbbd56b57372185a8.jpg","https://media.birdweather.com/species/121/SocialFlycatcher-png200-2f6dd485cf927db0dd7fd9abc239fb19.png","2xkKJwIJh3ekeXh0e5Z4eYaIdyApd5AC",15722900305,"https://media.birdweather.com/soundscapes/19267/19267-20260817-182105.flac",6,9,"live"
10524380209,19267,"2026-08-17T12:21:09.500-06:00",0.832818031311035,0.601990759372711,8.87799599317922,"almost_certain","BirdNET",NA,10.2198,-83.7874,FALSE,121,"Social Flycatcher","Myiozetetes similis","#69b9ff","avian","https://media.birdweather.com/species/121/SocialFlycatcher-standard-6e107581e61c9f556b3a0af5200f486a.jpg","https://media.birdweather.com/species/121/SocialFlycatcher-thumbnail-87f640fcaf1441ecbbd56b57372185a8.jpg","https://media.birdweather.com/species/121/SocialFlycatcher-png200-2f6dd485cf927db0dd7fd9abc239fb19.png","2xkKJwIJh3ekeXh0e5Z4eYaIdyApd5AC",15722900305,"https://media.birdweather.com/soundscapes/19267/19267-20260817-182105.flac",4.5,7.5,"live"
10524380183,19267,"2026-08-17T12:21:06.500-06:00",0.703583836555481,0.601990759372711,8.4974158544441,"almost_certain","BirdNET",NA,10.2198,-83.7874,FALSE,121,"Social Flycatcher","Myiozetetes similis","#69b9ff","avian","https://media.birdweather.com/species/121/SocialFlycatcher-standard-6e107581e61c9f556b3a0af5200f486a.jpg","https://media.birdweather.com/species/121/SocialFlycatcher-thumbnail-87f640fcaf1441ecbbd56b57372185a8.jpg","https://media.birdweather.com/species/121/SocialFlycatcher-png200-2f6dd485cf927db0dd7fd9abc239fb19.png","2xkKJwIJh3ekeXh0e5Z4eYaIdyApd5AC",15722900305,"https://media.birdweather.com/soundscapes/19267/19267-20260817-182105.flac",1.5,4.5,"live"
10524372797,19267,"2026-08-17T12:20:44.000-06:00",0.719870686531067,0.601990759372711,8.5516165276109,"almost_certain","BirdNET",NA,10.2198,-83.7874,FALSE,121,"Social Flycatcher","Myiozetetes similis","#69b9ff","avian","https://media.birdweather.com/species/121/SocialFlycatcher-standard-6e107581e61c9f556b3a0af5200f486a.jpg","https://media.birdweather.com/species/121/SocialFlycatcher-thumbnail-87f640fcaf1441ecbbd56b57372185a8.jpg","https://media.birdweather.com/species/121/SocialFlycatcher-png200-2f6dd485cf927db0dd7fd9abc239fb19.png","2xkKJwIJh3ekeXh0e5Z4eYaIdyApd5AC",15722887469,"https://media.birdweather.com/soundscapes/19267/19267-20260817-182038.flac",6,9,"live"
10524306289,19267,"2026-08-17T12:16:45.000-06:00",0.75687301158905,0.601990699768066,8.66732481816348,"almost_certain","BirdNET",NA,10.2198,-83.7874,FALSE,121,"Social Flycatcher","Myiozetetes similis","#69b9ff","avian","https://media.birdweather.com/species/121/SocialFlycatcher-standard-6e107581e61c9f556b3a0af5200f486a.jpg","https://media.birdweather.com/species/121/SocialFlycatcher-thumbnail-87f640fcaf1441ecbbd56b57372185a8.jpg","https://media.birdweather.com/species/121/SocialFlycatcher-png200-2f6dd485cf927db0dd7fd9abc239fb19.png","2xkKJwIJh3ekeXh0e5Z4eYaIdyApd5AC",15722772664,"https://media.birdweather.com/soundscapes/19267/19267-20260817-181639.flac",6,9,"live"
10524306265,19267,"2026-08-17T12:16:43.500-06:00",0.958738267421722,0.601990699768066,9.16863632928274,"almost_certain","BirdNET",NA,10.2198,-83.7874,FALSE,121,"Social Flycatcher","Myiozetetes similis","#69b9ff","avian","https://media.birdweather.com/species/121/SocialFlycatcher-standard-6e107581e61c9f556b3a0af5200f486a.jpg","https://media.birdweather.com/species/121/SocialFlycatcher-thumbnail-87f640fcaf1441ecbbd56b57372185a8.jpg","https://media.birdweather.com/species/121/SocialFlycatcher-png200-2f6dd485cf927db0dd7fd9abc239fb19.png","2xkKJwIJh3ekeXh0e5Z4eYaIdyApd5AC",15722772664,"https://media.birdweather.com/soundscapes/19267/19267-20260817-181639.flac",4.5,7.5,"live"
10524306233,19267,"2026-08-17T12:16:42.000-06:00",0.841715753078461,0.601990699768066,8.90068506248785,"almost_certain","BirdNET",NA,10.2198,-83.7874,FALSE,121,"Social Flycatcher","Myiozetetes similis","#69b9ff","avian","https://media.birdweather.com/species/121/SocialFlycatcher-standard-6e107581e61c9f556b3a0af5200f486a.jpg","https://media.birdweather.com/species/121/SocialFlycatcher-thumbnail-87f640fcaf1441ecbbd56b57372185a8.jpg","https://media.birdweather.com/species/121/SocialFlycatcher-png200-2f6dd485cf927db0dd7fd9abc239fb19.png","2xkKJwIJh3ekeXh0e5Z4eYaIdyApd5AC",15722772664,"https://media.birdweather.com/soundscapes/19267/19267-20260817-181639.flac",3,6,"live"
10524306138,19267,"2026-08-17T12:16:40.500-06:00",0.742484748363495,0.601990699768066,8.62348552862264,"almost_certain","BirdNET",NA,10.2198,-83.7874,FALSE,121,"Social Flycatcher","Myiozetetes similis","#69b9ff","avian","https://media.birdweather.com/species/121/SocialFlycatcher-standard-6e107581e61c9f556b3a0af5200f486a.jpg","https://media.birdweather.com/species/121/SocialFlycatcher-thumbnail-87f640fcaf1441ecbbd56b57372185a8.jpg","https://media.birdweather.com/species/121/SocialFlycatcher-png200-2f6dd485cf927db0dd7fd9abc239fb19.png","2xkKJwIJh3ekeXh0e5Z4eYaIdyApd5AC",15722772664,"https://media.birdweather.com/soundscapes/19267/19267-20260817-181639.flac",1.5,4.5,"live"
10524306091,19267,"2026-08-17T12:16:39.000-06:00",0.738259613513947,0.601990699768066,8.61034101269052,"almost_certain","BirdNET",NA,10.2198,-83.7874,FALSE,121,"Social Flycatcher","Myiozetetes similis","#69b9ff","avian","https://media.birdweather.com/species/121/SocialFlycatcher-standard-6e107581e61c9f556b3a0af5200f486a.jpg","https://media.birdweather.com/species/121/SocialFlycatcher-thumbnail-87f640fcaf1441ecbbd56b57372185a8.jpg","https://media.birdweather.com/species/121/SocialFlycatcher-png200-2f6dd485cf927db0dd7fd9abc239fb19.png","2xkKJwIJh3ekeXh0e5Z4eYaIdyApd5AC",15722772664,"https://media.birdweather.com/soundscapes/19267/19267-20260817-181639.flac",0,3,"live"
10524273092,19267,"2026-08-17T12:14:45.000-06:00",0.896667122840881,0.251500308513641,7.86816583321194,"almost_certain","BirdNET",NA,10.2198,-83.7874,FALSE,3766,"Crimson-fronted Parakeet","Psittacara finschi","#65ad00","avian","https://media.birdweather.com/species/3766/Crimson-frontedParakeet-standard-ddc77fa728634b78b78a31cc430f7895.jpg","https://media.birdweather.com/species/3766/Crimson-frontedParakeet-thumbnail-df6cfd5712c254c532e4f60547260885.jpg","https://media.birdweather.com/species/3766/Crimson-frontedParakeet-png200-7ac02114402521892623f1f6b95ca6c2.png","1PgJHwR1hXZghIXBaJmliYSndzA49JgL",15722715722,"https://media.birdweather.com/soundscapes/19267/19267-20260817-181439.flac",6,9,"live"
10524273082,19267,"2026-08-17T12:14:43.500-06:00",0.75444632768631,0.251500308513641,7.49514283743791,"almost_certain","BirdNET",NA,10.2198,-83.7874,FALSE,3766,"Crimson-fronted Parakeet","Psittacara finschi","#65ad00","avian","https://media.birdweather.com/species/3766/Crimson-frontedParakeet-standard-ddc77fa728634b78b78a31cc430f7895.jpg","https://media.birdweather.com/species/3766/Crimson-frontedParakeet-thumbnail-df6cfd5712c254c532e4f60547260885.jpg","https://media.birdweather.com/species/3766/Crimson-frontedParakeet-png200-7ac02114402521892623f1f6b95ca6c2.png","1PgJHwR1hXZghIXBaJmliYSndzA49JgL",15722715722,"https://media.birdweather.com/soundscapes/19267/19267-20260817-181439.flac",4.5,7.5,"live"
10524226951,19267,"2026-08-17T12:11:54.000-06:00",0.708506166934967,0.0515605770051479,5.3675512141633,"almost_certain","BirdNET",NA,10.2198,-83.7874,FALSE,343,"Rufous-collared Sparrow","Zonotrichia capensis","#becf5c","avian","https://media.birdweather.com/species/343/Rufous-collaredSparrow-standard-e628a34c10763d215326702d59b67e0b.jpg","https://media.birdweather.com/species/343/Rufous-collaredSparrow-thumbnail-db656eeb106c0b7edbb744ed170bc0bc.jpg","https://media.birdweather.com/species/343/Rufous-collaredSparrow-png200-d701b3240aba667c8d7d0a08e4543d05.png","HgkGDwJwgXqoh3lbZgmUCqRklTf9QhcA",15722637554,"https://media.birdweather.com/soundscapes/19267/19267-20260817-181154.flac",0,3,"live"
10524133839,19267,"2026-08-17T12:06:30.000-06:00",0.773124933242798,0.601982951164246,8.71519445863222,"almost_certain","BirdNET",NA,10.2198,-83.7874,FALSE,121,"Social Flycatcher","Myiozetetes similis","#69b9ff","avian","https://media.birdweather.com/species/121/SocialFlycatcher-standard-6e107581e61c9f556b3a0af5200f486a.jpg","https://media.birdweather.com/species/121/SocialFlycatcher-thumbnail-87f640fcaf1441ecbbd56b57372185a8.jpg","https://media.birdweather.com/species/121/SocialFlycatcher-png200-2f6dd485cf927db0dd7fd9abc239fb19.png","2xkKJwIJh3ekeXh0e5Z4eYaIdyApd5AC",15722479889,"https://media.birdweather.com/soundscapes/19267/19267-20260817-180624.flac",6,9,"live"
10524107440,19267,"2026-08-17T12:04:57.500-06:00",0.857168257236481,0.601993501186371,8.93922374667918,"almost_certain","BirdNET",NA,10.2198,-83.7874,FALSE,121,"Social Flycatcher","Myiozetetes similis","#69b9ff","avian","https://media.birdweather.com/species/121/SocialFlycatcher-standard-6e107581e61c9f556b3a0af5200f486a.jpg","https://media.birdweather.com/species/121/SocialFlycatcher-thumbnail-87f640fcaf1441ecbbd56b57372185a8.jpg","https://media.birdweather.com/species/121/SocialFlycatcher-png200-2f6dd485cf927db0dd7fd9abc239fb19.png","2xkKJwIJh3ekeXh0e5Z4eYaIdyApd5AC",15722435748,"https://media.birdweather.com/soundscapes/19267/19267-20260817-180453.flac",4.5,7.5,"live"
10524107410,19267,"2026-08-17T12:04:54.500-06:00",0.98507696390152,0.601993501186371,9.22235331170399,"almost_certain","BirdNET",NA,10.2198,-83.7874,FALSE,121,"Social Flycatcher","Myiozetetes similis","#69b9ff","avian","https://media.birdweather.com/species/121/SocialFlycatcher-standard-6e107581e61c9f556b3a0af5200f486a.jpg","https://media.birdweather.com/species/121/SocialFlycatcher-thumbnail-87f640fcaf1441ecbbd56b57372185a8.jpg","https://media.birdweather.com/species/121/SocialFlycatcher-png200-2f6dd485cf927db0dd7fd9abc239fb19.png","2xkKJwIJh3ekeXh0e5Z4eYaIdyApd5AC",15722435748,"https://media.birdweather.com/soundscapes/19267/19267-20260817-180453.flac",1.5,4.5,"live"
10524107381,19267,"2026-08-17T12:04:53.000-06:00",0.9771768450737,0.601993501186371,9.20646305093217,"almost_certain","BirdNET",NA,10.2198,-83.7874,FALSE,121,"Social Flycatcher","Myiozetetes similis","#69b9ff","avian","https://media.birdweather.com/species/121/SocialFlycatcher-standard-6e107581e61c9f556b3a0af5200f486a.jpg","https://media.birdweather.com/species/121/SocialFlycatcher-thumbnail-87f640fcaf1441ecbbd56b57372185a8.jpg","https://media.birdweather.com/species/121/SocialFlycatcher-png200-2f6dd485cf927db0dd7fd9abc239fb19.png","2xkKJwIJh3ekeXh0e5Z4eYaIdyApd5AC",15722435748,"https://media.birdweather.com/soundscapes/19267/19267-20260817-180453.flac",0,3,"live"
10524103618,19267,"2026-08-17T12:04:44.000-06:00",0.951526582241058,0.601994037628174,9.15356271534168,"almost_certain","BirdNET",NA,10.2198,-83.7874,FALSE,121,"Social Flycatcher","Myiozetetes similis","#69b9ff","avian","https://media.birdweather.com/species/121/SocialFlycatcher-standard-6e107581e61c9f556b3a0af5200f486a.jpg","https://media.birdweather.com/species/121/SocialFlycatcher-thumbnail-87f640fcaf1441ecbbd56b57372185a8.jpg","https://media.birdweather.com/species/121/SocialFlycatcher-png200-2f6dd485cf927db0dd7fd9abc239fb19.png","2xkKJwIJh3ekeXh0e5Z4eYaIdyApd5AC",15722429074,"https://media.birdweather.com/soundscapes/19267/19267-20260817-180438.flac",6,9,"live"
10524103606,19267,"2026-08-17T12:04:42.500-06:00",0.941972374916077,0.601994037628174,9.13332380906156,"almost_certain","BirdNET",NA,10.2198,-83.7874,FALSE,121,"Social Flycatcher","Myiozetetes similis","#69b9ff","avian","https://media.birdweather.com/species/121/SocialFlycatcher-standard-6e107581e61c9f556b3a0af5200f486a.jpg","https://media.birdweather.com/species/121/SocialFlycatcher-thumbnail-87f640fcaf1441ecbbd56b57372185a8.jpg","https://media.birdweather.com/species/121/SocialFlycatcher-png200-2f6dd485cf927db0dd7fd9abc239fb19.png","2xkKJwIJh3ekeXh0e5Z4eYaIdyApd5AC",15722429074,"https://media.birdweather.com/soundscapes/19267/19267-20260817-180438.flac",4.5,7.5,"live"
10524103586,19267,"2026-08-17T12:04:41.000-06:00",0.871542811393738,0.601994037628174,8.97412175067499,"almost_certain","BirdNET",NA,10.2198,-83.7874,FALSE,121,"Social Flycatcher","Myiozetetes similis","#69b9ff","avian","https://media.birdweather.com/species/121/SocialFlycatcher-standard-6e107581e61c9f556b3a0af5200f486a.jpg","https://media.birdweather.com/species/121/SocialFlycatcher-thumbnail-87f640fcaf1441ecbbd56b57372185a8.jpg","https://media.birdweather.com/species/121/SocialFlycatcher-png200-2f6dd485cf927db0dd7fd9abc239fb19.png","2xkKJwIJh3ekeXh0e5Z4eYaIdyApd5AC",15722429074,"https://media.birdweather.com/soundscapes/19267/19267-20260817-180438.flac",3,6,"live"
10524103570,19267,"2026-08-17T12:04:39.500-06:00",0.893263518810272,0.601994037628174,9.0252217803917,"almost_certain","BirdNET",NA,10.2198,-83.7874,FALSE,121,"Social Flycatcher","Myiozetetes similis","#69b9ff","avian","https://media.birdweather.com/species/121/SocialFlycatcher-standard-6e107581e61c9f556b3a0af5200f486a.jpg","https://media.birdweather.com/species/121/SocialFlycatcher-thumbnail-87f640fcaf1441ecbbd56b57372185a8.jpg","https://media.birdweather.com/species/121/SocialFlycatcher-png200-2f6dd485cf927db0dd7fd9abc239fb19.png","2xkKJwIJh3ekeXh0e5Z4eYaIdyApd5AC",15722429074,"https://media.birdweather.com/soundscapes/19267/19267-20260817-180438.flac",1.5,4.5,"live"
10524103559,19267,"2026-08-17T12:04:38.000-06:00",0.775168597698212,0.601994037628174,8.72112425150352,"almost_certain","BirdNET",NA,10.2198,-83.7874,FALSE,121,"Social Flycatcher","Myiozetetes similis","#69b9ff","avian","https://media.birdweather.com/species/121/SocialFlycatcher-standard-6e107581e61c9f556b3a0af5200f486a.jpg","https://media.birdweather.com/species/121/SocialFlycatcher-thumbnail-87f640fcaf1441ecbbd56b57372185a8.jpg","https://media.birdweather.com/species/121/SocialFlycatcher-png200-2f6dd485cf927db0dd7fd9abc239fb19.png","2xkKJwIJh3ekeXh0e5Z4eYaIdyApd5AC",15722429074,"https://media.birdweather.com/soundscapes/19267/19267-20260817-180438.flac",0,3,"live"
10524099730,19267,"2026-08-17T12:04:26.500-06:00",0.818627655506134,0.601989150047302,8.8410109362181,"almost_certain","BirdNET",NA,10.2198,-83.7874,FALSE,121,"Social Flycatcher","Myiozetetes similis","#69b9ff","avian","https://media.birdweather.com/species/121/SocialFlycatcher-standard-6e107581e61c9f556b3a0af5200f486a.jpg","https://media.birdweather.com/species/121/SocialFlycatcher-thumbnail-87f640fcaf1441ecbbd56b57372185a8.jpg","https://media.birdweather.com/species/121/SocialFlycatcher-png200-2f6dd485cf927db0dd7fd9abc239fb19.png","2xkKJwIJh3ekeXh0e5Z4eYaIdyApd5AC",15722422810,"https://media.birdweather.com/soundscapes/19267/19267-20260817-180425.flac",1.5,4.5,"live"
10524099680,19267,"2026-08-17T12:04:25.000-06:00",0.831266582012177,0.601989150047302,8.87399743183811,"almost_certain","BirdNET",NA,10.2198,-83.7874,FALSE,121,"Social Flycatcher","Myiozetetes similis","#69b9ff","avian","https://media.birdweather.com/species/121/SocialFlycatcher-standard-6e107581e61c9f556b3a0af5200f486a.jpg","https://media.birdweather.com/species/121/SocialFlycatcher-thumbnail-87f640fcaf1441ecbbd56b57372185a8.jpg","https://media.birdweather.com/species/121/SocialFlycatcher-png200-2f6dd485cf927db0dd7fd9abc239fb19.png","2xkKJwIJh3ekeXh0e5Z4eYaIdyApd5AC",15722422810,"https://media.birdweather.com/soundscapes/19267/19267-20260817-180425.flac",0,3,"live"
10524076474,19267,"2026-08-17T12:03:06.500-06:00",0.970071971416473,0.601992249488831,9.19201040559059,"almost_certain","BirdNET",NA,10.2198,-83.7874,FALSE,121,"Social Flycatcher","Myiozetetes similis","#69b9ff","avian","https://media.birdweather.com/species/121/SocialFlycatcher-standard-6e107581e61c9f556b3a0af5200f486a.jpg","https://media.birdweather.com/species/121/SocialFlycatcher-thumbnail-87f640fcaf1441ecbbd56b57372185a8.jpg","https://media.birdweather.com/species/121/SocialFlycatcher-png200-2f6dd485cf927db0dd7fd9abc239fb19.png","2xkKJwIJh3ekeXh0e5Z4eYaIdyApd5AC",15722383234,"https://media.birdweather.com/soundscapes/19267/19267-20260817-180302.flac",4.5,7.5,"live"
10524076354,19267,"2026-08-17T12:03:02.000-06:00",0.967362642288208,0.601992249488831,9.18645980005805,"almost_certain","BirdNET",NA,10.2198,-83.7874,FALSE,121,"Social Flycatcher","Myiozetetes similis","#69b9ff","avian","https://media.birdweather.com/species/121/SocialFlycatcher-standard-6e107581e61c9f556b3a0af5200f486a.jpg","https://media.birdweather.com/species/121/SocialFlycatcher-thumbnail-87f640fcaf1441ecbbd56b57372185a8.jpg","https://media.birdweather.com/species/121/SocialFlycatcher-png200-2f6dd485cf927db0dd7fd9abc239fb19.png","2xkKJwIJh3ekeXh0e5Z4eYaIdyApd5AC",15722383234,"https://media.birdweather.com/soundscapes/19267/19267-20260817-180302.flac",0,3,"live"
10524072670,19267,"2026-08-17T12:02:53.500-06:00",0.970748782157898,0.601992249488831,9.19339348500971,"almost_certain","BirdNET",NA,10.2198,-83.7874,FALSE,121,"Social Flycatcher","Myiozetetes similis","#69b9ff","avian","https://media.birdweather.com/species/121/SocialFlycatcher-standard-6e107581e61c9f556b3a0af5200f486a.jpg","https://media.birdweather.com/species/121/SocialFlycatcher-thumbnail-87f640fcaf1441ecbbd56b57372185a8.jpg","https://media.birdweather.com/species/121/SocialFlycatcher-png200-2f6dd485cf927db0dd7fd9abc239fb19.png","2xkKJwIJh3ekeXh0e5Z4eYaIdyApd5AC",15722376903,"https://media.birdweather.com/soundscapes/19267/19267-20260817-180249.flac",4.5,7.5,"live"
10524072624,19267,"2026-08-17T12:02:52.000-06:00",0.978831648826599,0.601992249488831,9.2098040071065,"almost_certain","BirdNET",NA,10.2198,-83.7874,FALSE,121,"Social Flycatcher","Myiozetetes similis","#69b9ff","avian","https://media.birdweather.com/species/121/SocialFlycatcher-standard-6e107581e61c9f556b3a0af5200f486a.jpg","https://media.birdweather.com/species/121/SocialFlycatcher-thumbnail-87f640fcaf1441ecbbd56b57372185a8.jpg","https://media.birdweather.com/species/121/SocialFlycatcher-png200-2f6dd485cf927db0dd7fd9abc239fb19.png","2xkKJwIJh3ekeXh0e5Z4eYaIdyApd5AC",15722376903,"https://media.birdweather.com/soundscapes/19267/19267-20260817-180249.flac",3,6,"live"
10524018910,19267,"2026-08-17T11:59:43.500-06:00",0.941948413848877,0.569291353225708,9.05803640008822,"almost_certain","BirdNET",NA,10.2198,-83.7874,FALSE,802,"Rufous-tailed Hummingbird","Amazilia tzacatl","#d9c845","avian","https://media.birdweather.com/species/802/Rufous-tailedHummingbird-standard-4d0209b50ad0c35c6d8337f5c0c16b55.jpg","https://media.birdweather.com/species/802/Rufous-tailedHummingbird-thumbnail-fbf17400c31564f70aa45927c5d75f5e.jpg","https://media.birdweather.com/species/802/Rufous-tailedHummingbird-png200-8ea431c9893cfe027e92471791a8c256.png","mPkJFwIHqJeJl4lriIaGhYh3+H+oVGAH",15722286723,"https://media.birdweather.com/soundscapes/19267/19267-20260817-175939.flac",4.5,7.5,"live"
10523971986,19267,"2026-08-17T11:56:58.000-06:00",0.980733752250671,0.601995825767517,9.21364541935984,"almost_certain","BirdNET",NA,10.2198,-83.7874,FALSE,121,"Social Flycatcher","Myiozetetes similis","#69b9ff","avian","https://media.birdweather.com/species/121/SocialFlycatcher-standard-6e107581e61c9f556b3a0af5200f486a.jpg","https://media.birdweather.com/species/121/SocialFlycatcher-thumbnail-87f640fcaf1441ecbbd56b57372185a8.jpg","https://media.birdweather.com/species/121/SocialFlycatcher-png200-2f6dd485cf927db0dd7fd9abc239fb19.png","2xkKJwIJh3ekeXh0e5Z4eYaIdyApd5AC",15722206410,"https://media.birdweather.com/soundscapes/19267/19267-20260817-175652.flac",6,9,"live"
10523971969,19267,"2026-08-17T11:56:56.500-06:00",0.87052845954895,0.601995825767517,8.97169217095805,"almost_certain","BirdNET",NA,10.2198,-83.7874,FALSE,121,"Social Flycatcher","Myiozetetes similis","#69b9ff","avian","https://media.birdweather.com/species/121/SocialFlycatcher-standard-6e107581e61c9f556b3a0af5200f486a.jpg","https://media.birdweather.com/species/121/SocialFlycatcher-thumbnail-87f640fcaf1441ecbbd56b57372185a8.jpg","https://media.birdweather.com/species/121/SocialFlycatcher-png200-2f6dd485cf927db0dd7fd9abc239fb19.png","2xkKJwIJh3ekeXh0e5Z4eYaIdyApd5AC",15722206410,"https://media.birdweather.com/soundscapes/19267/19267-20260817-175652.flac",4.5,7.5,"live"
10523968296,19267,"2026-08-17T11:56:40.500-06:00",0.824673354625702,0.601994574069977,8.85690095145699,"almost_certain","BirdNET",NA,10.2198,-83.7874,FALSE,121,"Social Flycatcher","Myiozetetes similis","#69b9ff","avian","https://media.birdweather.com/species/121/SocialFlycatcher-standard-6e107581e61c9f556b3a0af5200f486a.jpg","https://media.birdweather.com/species/121/SocialFlycatcher-thumbnail-87f640fcaf1441ecbbd56b57372185a8.jpg","https://media.birdweather.com/species/121/SocialFlycatcher-png200-2f6dd485cf927db0dd7fd9abc239fb19.png","2xkKJwIJh3ekeXh0e5Z4eYaIdyApd5AC",15722200246,"https://media.birdweather.com/soundscapes/19267/19267-20260817-175639.flac",1.5,4.5,"live"
10523968253,19267,"2026-08-17T11:56:39.000-06:00",0.725116372108459,0.601994574069977,8.56863522486025,"almost_certain","BirdNET",NA,10.2198,-83.7874,FALSE,121,"Social Flycatcher","Myiozetetes similis","#69b9ff","avian","https://media.birdweather.com/species/121/SocialFlycatcher-standard-6e107581e61c9f556b3a0af5200f486a.jpg","https://media.birdweather.com/species/121/SocialFlycatcher-thumbnail-87f640fcaf1441ecbbd56b57372185a8.jpg","https://media.birdweather.com/species/121/SocialFlycatcher-png200-2f6dd485cf927db0dd7fd9abc239fb19.png","2xkKJwIJh3ekeXh0e5Z4eYaIdyApd5AC",15722200246,"https://media.birdweather.com/soundscapes/19267/19267-20260817-175639.flac",0,3,"live"
10523964108,19267,"2026-08-17T11:56:30.000-06:00",0.889978289604187,0.601994574069977,9.01761544821849,"almost_certain","BirdNET",NA,10.2198,-83.7874,FALSE,121,"Social Flycatcher","Myiozetetes similis","#69b9ff","avian","https://media.birdweather.com/species/121/SocialFlycatcher-standard-6e107581e61c9f556b3a0af5200f486a.jpg","https://media.birdweather.com/species/121/SocialFlycatcher-thumbnail-87f640fcaf1441ecbbd56b57372185a8.jpg","https://media.birdweather.com/species/121/SocialFlycatcher-png200-2f6dd485cf927db0dd7fd9abc239fb19.png","2xkKJwIJh3ekeXh0e5Z4eYaIdyApd5AC",15722193286,"https://media.birdweather.com/soundscapes/19267/19267-20260817-175624.flac",6,9,"live"
10523964089,19267,"2026-08-17T11:56:28.500-06:00",0.809883236885071,0.601994574069977,8.8177269864122,"almost_certain","BirdNET",NA,10.2198,-83.7874,FALSE,121,"Social Flycatcher","Myiozetetes similis","#69b9ff","avian","https://media.birdweather.com/species/121/SocialFlycatcher-standard-6e107581e61c9f556b3a0af5200f486a.jpg","https://media.birdweather.com/species/121/SocialFlycatcher-thumbnail-87f640fcaf1441ecbbd56b57372185a8.jpg","https://media.birdweather.com/species/121/SocialFlycatcher-png200-2f6dd485cf927db0dd7fd9abc239fb19.png","2xkKJwIJh3ekeXh0e5Z4eYaIdyApd5AC",15722193286,"https://media.birdweather.com/soundscapes/19267/19267-20260817-175624.flac",4.5,7.5,"live"
10523964040,19267,"2026-08-17T11:56:27.000-06:00",0.761565268039703,0.601994574069977,8.68133213951455,"almost_certain","BirdNET",NA,10.2198,-83.7874,FALSE,121,"Social Flycatcher","Myiozetetes similis","#69b9ff","avian","https://media.birdweather.com/species/121/SocialFlycatcher-standard-6e107581e61c9f556b3a0af5200f486a.jpg","https://media.birdweather.com/species/121/SocialFlycatcher-thumbnail-87f640fcaf1441ecbbd56b57372185a8.jpg","https://media.birdweather.com/species/121/SocialFlycatcher-png200-2f6dd485cf927db0dd7fd9abc239fb19.png","2xkKJwIJh3ekeXh0e5Z4eYaIdyApd5AC",15722193286,"https://media.birdweather.com/soundscapes/19267/19267-20260817-175624.flac",3,6,"live"
10523446884,19267,"2026-08-17T11:26:41.000-06:00",0.809609115123749,0.601987540721893,8.8169745086103,"almost_certain","BirdNET",NA,10.2198,-83.7874,FALSE,121,"Social Flycatcher","Myiozetetes similis","#69b9ff","avian","https://media.birdweather.com/species/121/SocialFlycatcher-standard-6e107581e61c9f556b3a0af5200f486a.jpg","https://media.birdweather.com/species/121/SocialFlycatcher-thumbnail-87f640fcaf1441ecbbd56b57372185a8.jpg","https://media.birdweather.com/species/121/SocialFlycatcher-png200-2f6dd485cf927db0dd7fd9abc239fb19.png","2xkKJwIJh3ekeXh0e5Z4eYaIdyApd5AC",15721338577,"https://media.birdweather.com/soundscapes/19267/19267-20260817-172638.flac",3,6,"live"
10523426005,19267,"2026-08-17T11:25:31.000-06:00",0.814208209514618,0.601989448070526,8.82928722747574,"almost_certain","BirdNET",NA,10.2198,-83.7874,FALSE,121,"Social Flycatcher","Myiozetetes similis","#69b9ff","avian","https://media.birdweather.com/species/121/SocialFlycatcher-standard-6e107581e61c9f556b3a0af5200f486a.jpg","https://media.birdweather.com/species/121/SocialFlycatcher-thumbnail-87f640fcaf1441ecbbd56b57372185a8.jpg","https://media.birdweather.com/species/121/SocialFlycatcher-png200-2f6dd485cf927db0dd7fd9abc239fb19.png","2xkKJwIJh3ekeXh0e5Z4eYaIdyApd5AC",15721304753,"https://media.birdweather.com/soundscapes/19267/19267-20260817-172528.flac",3,6,"live"
10523425976,19267,"2026-08-17T11:25:28.000-06:00",0.968105256557465,0.601989448070526,9.18797716207482,"almost_certain","BirdNET",NA,10.2198,-83.7874,FALSE,121,"Social Flycatcher","Myiozetetes similis","#69b9ff","avian","https://media.birdweather.com/species/121/SocialFlycatcher-standard-6e107581e61c9f556b3a0af5200f486a.jpg","https://media.birdweather.com/species/121/SocialFlycatcher-thumbnail-87f640fcaf1441ecbbd56b57372185a8.jpg","https://media.birdweather.com/species/121/SocialFlycatcher-png200-2f6dd485cf927db0dd7fd9abc239fb19.png","2xkKJwIJh3ekeXh0e5Z4eYaIdyApd5AC",15721304753,"https://media.birdweather.com/soundscapes/19267/19267-20260817-172528.flac",0,3,"live"
10523414244,19267,"2026-08-17T11:24:52.000-06:00",0.979426980018616,0.601986467838287,9.21099201935586,"almost_certain","BirdNET",NA,10.2198,-83.7874,FALSE,121,"Social Flycatcher","Myiozetetes similis","#69b9ff","avian","https://media.birdweather.com/species/121/SocialFlycatcher-standard-6e107581e61c9f556b3a0af5200f486a.jpg","https://media.birdweather.com/species/121/SocialFlycatcher-thumbnail-87f640fcaf1441ecbbd56b57372185a8.jpg","https://media.birdweather.com/species/121/SocialFlycatcher-png200-2f6dd485cf927db0dd7fd9abc239fb19.png","2xkKJwIJh3ekeXh0e5Z4eYaIdyApd5AC",15721285372,"https://media.birdweather.com/soundscapes/19267/19267-20260817-172446.flac",6,9,"live"
10523414227,19267,"2026-08-17T11:24:50.500-06:00",0.950774013996124,0.601986467838287,9.15196238924118,"almost_certain","BirdNET",NA,10.2198,-83.7874,FALSE,121,"Social Flycatcher","Myiozetetes similis","#69b9ff","avian","https://media.birdweather.com/species/121/SocialFlycatcher-standard-6e107581e61c9f556b3a0af5200f486a.jpg","https://media.birdweather.com/species/121/SocialFlycatcher-thumbnail-87f640fcaf1441ecbbd56b57372185a8.jpg","https://media.birdweather.com/species/121/SocialFlycatcher-png200-2f6dd485cf927db0dd7fd9abc239fb19.png","2xkKJwIJh3ekeXh0e5Z4eYaIdyApd5AC",15721285372,"https://media.birdweather.com/soundscapes/19267/19267-20260817-172446.flac",4.5,7.5,"live"
10523406053,19267,"2026-08-17T11:24:24.000-06:00",0.860415875911713,0.601986467838287,8.94717026611018,"almost_certain","BirdNET",NA,10.2198,-83.7874,FALSE,121,"Social Flycatcher","Myiozetetes similis","#69b9ff","avian","https://media.birdweather.com/species/121/SocialFlycatcher-standard-6e107581e61c9f556b3a0af5200f486a.jpg","https://media.birdweather.com/species/121/SocialFlycatcher-thumbnail-87f640fcaf1441ecbbd56b57372185a8.jpg","https://media.birdweather.com/species/121/SocialFlycatcher-png200-2f6dd485cf927db0dd7fd9abc239fb19.png","2xkKJwIJh3ekeXh0e5Z4eYaIdyApd5AC",15721271864,"https://media.birdweather.com/soundscapes/19267/19267-20260817-172418.flac",6,9,"live"
10522974106,19267,"2026-08-17T10:59:34.000-06:00",0.939283132553101,0.601992428302765,9.12756917954229,"almost_certain","BirdNET",NA,10.2198,-83.7874,FALSE,121,"Social Flycatcher","Myiozetetes similis","#69b9ff","avian","https://media.birdweather.com/species/121/SocialFlycatcher-standard-6e107581e61c9f556b3a0af5200f486a.jpg","https://media.birdweather.com/species/121/SocialFlycatcher-thumbnail-87f640fcaf1441ecbbd56b57372185a8.jpg","https://media.birdweather.com/species/121/SocialFlycatcher-png200-2f6dd485cf927db0dd7fd9abc239fb19.png","2xkKJwIJh3ekeXh0e5Z4eYaIdyApd5AC",15720558258,"https://media.birdweather.com/soundscapes/19267/19267-20260817-165928.flac",6,9,"live"
10522974044,19267,"2026-08-17T10:59:32.500-06:00",0.717865824699402,0.601992428302765,8.54506291319512,"almost_certain","BirdNET",NA,10.2198,-83.7874,FALSE,121,"Social Flycatcher","Myiozetetes similis","#69b9ff","avian","https://media.birdweather.com/species/121/SocialFlycatcher-standard-6e107581e61c9f556b3a0af5200f486a.jpg","https://media.birdweather.com/species/121/SocialFlycatcher-thumbnail-87f640fcaf1441ecbbd56b57372185a8.jpg","https://media.birdweather.com/species/121/SocialFlycatcher-png200-2f6dd485cf927db0dd7fd9abc239fb19.png","2xkKJwIJh3ekeXh0e5Z4eYaIdyApd5AC",15720558258,"https://media.birdweather.com/soundscapes/19267/19267-20260817-165928.flac",4.5,7.5,"live"
10521979084,19267,"2026-08-17T10:03:23.000-06:00",0.771377086639404,0.782535076141357,9.06431325677603,"almost_certain","BirdNET",NA,10.2198,-83.7874,FALSE,229,"Great Kiskadee","Pitangus sulphuratus","#7d4410","avian","https://media.birdweather.com/species/229/GreatKiskadee-standard-cd28a1b8e8b8e5aed433e809c229004e.jpg","https://media.birdweather.com/species/229/GreatKiskadee-thumbnail-b2749ed2442fb322cf3c4cb72f9c97f6.jpg","https://media.birdweather.com/species/229/GreatKiskadee-png200-003973af4f863deb00a4ce9b6f10e59c.png","0PgFDwIrhYqfZJh1mVe3SZZ3uKEJBncG",15718945679,"https://media.birdweather.com/soundscapes/19267/19267-20260817-160323.flac",0,3,"live"
10521452880,19267,"2026-08-17T09:34:16.500-06:00",0.712542533874512,0.206985861063004,7.10696187099566,"almost_certain","BirdNET",NA,10.2198,-83.7874,FALSE,501,"White-winged Dove","Zenaida asiatica","#d16ff8","avian","https://media.birdweather.com/species/501/White-wingedDove-standard-6528ef689b07d5a91f1c2275cdef19c9.jpg","https://media.birdweather.com/species/501/White-wingedDove-thumbnail-4a940adfd5a6c78c73c48c5095e7b896.jpg","https://media.birdweather.com/species/501/White-wingedDove-png200-d65decd3d571b5a9dbeca249ef97689f.png","IscJLwb6hoVelZWZdoh3eIeIdxBoB4IG",15718105360,"https://media.birdweather.com/soundscapes/19267/19267-20260817-153412.flac",4.5,7.5,"live"
10521235369,19267,"2026-08-17T09:22:19.000-06:00",0.919673919677734,0.782540142536163,9.439064993997,"almost_certain","BirdNET",NA,10.2198,-83.7874,FALSE,229,"Great Kiskadee","Pitangus sulphuratus","#7d4410","avian","https://media.birdweather.com/species/229/GreatKiskadee-standard-cd28a1b8e8b8e5aed433e809c229004e.jpg","https://media.birdweather.com/species/229/GreatKiskadee-thumbnail-b2749ed2442fb322cf3c4cb72f9c97f6.jpg","https://media.birdweather.com/species/229/GreatKiskadee-png200-003973af4f863deb00a4ce9b6f10e59c.png","0PgFDwIrhYqfZJh1mVe3SZZ3uKEJBncG",15717762509,"https://media.birdweather.com/soundscapes/19267/19267-20260817-152216.flac",3,6,"live"
10521223619,19267,"2026-08-17T09:21:43.000-06:00",0.972616910934448,0.782533288002014,9.55136922204475,"almost_certain","BirdNET",NA,10.2198,-83.7874,FALSE,229,"Great Kiskadee","Pitangus sulphuratus","#7d4410","avian","https://media.birdweather.com/species/229/GreatKiskadee-standard-cd28a1b8e8b8e5aed433e809c229004e.jpg","https://media.birdweather.com/species/229/GreatKiskadee-thumbnail-b2749ed2442fb322cf3c4cb72f9c97f6.jpg","https://media.birdweather.com/species/229/GreatKiskadee-png200-003973af4f863deb00a4ce9b6f10e59c.png","0PgFDwIrhYqfZJh1mVe3SZZ3uKEJBncG",15717743896,"https://media.birdweather.com/soundscapes/19267/19267-20260817-152137.flac",6,9,"live"
10521223590,19267,"2026-08-17T09:21:41.500-06:00",0.862950503826141,0.782533288002014,9.30753082365858,"almost_certain","BirdNET",NA,10.2198,-83.7874,FALSE,229,"Great Kiskadee","Pitangus sulphuratus","#7d4410","avian","https://media.birdweather.com/species/229/GreatKiskadee-standard-cd28a1b8e8b8e5aed433e809c229004e.jpg","https://media.birdweather.com/species/229/GreatKiskadee-thumbnail-b2749ed2442fb322cf3c4cb72f9c97f6.jpg","https://media.birdweather.com/species/229/GreatKiskadee-png200-003973af4f863deb00a4ce9b6f10e59c.png","0PgFDwIrhYqfZJh1mVe3SZZ3uKEJBncG",15717743896,"https://media.birdweather.com/soundscapes/19267/19267-20260817-152137.flac",4.5,7.5,"live"
10521219182,19267,"2026-08-17T09:21:26.500-06:00",0.741680681705475,0.782532751560211,8.97516169324486,"almost_certain","BirdNET",NA,10.2198,-83.7874,FALSE,229,"Great Kiskadee","Pitangus sulphuratus","#7d4410","avian","https://media.birdweather.com/species/229/GreatKiskadee-standard-cd28a1b8e8b8e5aed433e809c229004e.jpg","https://media.birdweather.com/species/229/GreatKiskadee-thumbnail-b2749ed2442fb322cf3c4cb72f9c97f6.jpg","https://media.birdweather.com/species/229/GreatKiskadee-png200-003973af4f863deb00a4ce9b6f10e59c.png","0PgFDwIrhYqfZJh1mVe3SZZ3uKEJBncG",15717736917,"https://media.birdweather.com/soundscapes/19267/19267-20260817-152122.flac",4.5,7.5,"live"
10521219086,19267,"2026-08-17T09:21:25.000-06:00",0.781343758106232,0.782532751560211,9.09297416818211,"almost_certain","BirdNET",NA,10.2198,-83.7874,FALSE,229,"Great Kiskadee","Pitangus sulphuratus","#7d4410","avian","https://media.birdweather.com/species/229/GreatKiskadee-standard-cd28a1b8e8b8e5aed433e809c229004e.jpg","https://media.birdweather.com/species/229/GreatKiskadee-thumbnail-b2749ed2442fb322cf3c4cb72f9c97f6.jpg","https://media.birdweather.com/species/229/GreatKiskadee-png200-003973af4f863deb00a4ce9b6f10e59c.png","0PgFDwIrhYqfZJh1mVe3SZZ3uKEJBncG",15717736917,"https://media.birdweather.com/soundscapes/19267/19267-20260817-152122.flac",3,6,"live"
10521193655,19267,"2026-08-17T09:20:04.000-06:00",0.899849712848663,0.782537877559662,9.39451654466479,"almost_certain","BirdNET",NA,10.2198,-83.7874,FALSE,229,"Great Kiskadee","Pitangus sulphuratus","#7d4410","avian","https://media.birdweather.com/species/229/GreatKiskadee-standard-cd28a1b8e8b8e5aed433e809c229004e.jpg","https://media.birdweather.com/species/229/GreatKiskadee-thumbnail-b2749ed2442fb322cf3c4cb72f9c97f6.jpg","https://media.birdweather.com/species/229/GreatKiskadee-png200-003973af4f863deb00a4ce9b6f10e59c.png","0PgFDwIrhYqfZJh1mVe3SZZ3uKEJBncG",15717696037,"https://media.birdweather.com/soundscapes/19267/19267-20260817-151958.flac",6,9,"live"
10521193636,19267,"2026-08-17T09:20:02.500-06:00",0.848424911499023,0.782537877559662,9.27172512590574,"almost_certain","BirdNET",NA,10.2198,-83.7874,FALSE,229,"Great Kiskadee","Pitangus sulphuratus","#7d4410","avian","https://media.birdweather.com/species/229/GreatKiskadee-standard-cd28a1b8e8b8e5aed433e809c229004e.jpg","https://media.birdweather.com/species/229/GreatKiskadee-thumbnail-b2749ed2442fb322cf3c4cb72f9c97f6.jpg","https://media.birdweather.com/species/229/GreatKiskadee-png200-003973af4f863deb00a4ce9b6f10e59c.png","0PgFDwIrhYqfZJh1mVe3SZZ3uKEJBncG",15717696037,"https://media.birdweather.com/soundscapes/19267/19267-20260817-151958.flac",4.5,7.5,"live"
10521193622,19267,"2026-08-17T09:20:01.000-06:00",0.765539050102234,0.782537877559662,9.04724461060796,"almost_certain","BirdNET",NA,10.2198,-83.7874,FALSE,229,"Great Kiskadee","Pitangus sulphuratus","#7d4410","avian","https://media.birdweather.com/species/229/GreatKiskadee-standard-cd28a1b8e8b8e5aed433e809c229004e.jpg","https://media.birdweather.com/species/229/GreatKiskadee-thumbnail-b2749ed2442fb322cf3c4cb72f9c97f6.jpg","https://media.birdweather.com/species/229/GreatKiskadee-png200-003973af4f863deb00a4ce9b6f10e59c.png","0PgFDwIrhYqfZJh1mVe3SZZ3uKEJBncG",15717696037,"https://media.birdweather.com/soundscapes/19267/19267-20260817-151958.flac",3,6,"live"
10521186226,19267,"2026-08-17T09:19:36.000-06:00",0.934661030769348,0.78253710269928,9.47179950999996,"almost_certain","BirdNET",NA,10.2198,-83.7874,FALSE,229,"Great Kiskadee","Pitangus sulphuratus","#7d4410","avian","https://media.birdweather.com/species/229/GreatKiskadee-standard-cd28a1b8e8b8e5aed433e809c229004e.jpg","https://media.birdweather.com/species/229/GreatKiskadee-thumbnail-b2749ed2442fb322cf3c4cb72f9c97f6.jpg","https://media.birdweather.com/species/229/GreatKiskadee-png200-003973af4f863deb00a4ce9b6f10e59c.png","0PgFDwIrhYqfZJh1mVe3SZZ3uKEJBncG",15717684065,"https://media.birdweather.com/soundscapes/19267/19267-20260817-151933.flac",3,6,"live"
10521186199,19267,"2026-08-17T09:19:34.500-06:00",0.763329923152924,0.78253710269928,9.040726723161,"almost_certain","BirdNET",NA,10.2198,-83.7874,FALSE,229,"Great Kiskadee","Pitangus sulphuratus","#7d4410","avian","https://media.birdweather.com/species/229/GreatKiskadee-standard-cd28a1b8e8b8e5aed433e809c229004e.jpg","https://media.birdweather.com/species/229/GreatKiskadee-thumbnail-b2749ed2442fb322cf3c4cb72f9c97f6.jpg","https://media.birdweather.com/species/229/GreatKiskadee-png200-003973af4f863deb00a4ce9b6f10e59c.png","0PgFDwIrhYqfZJh1mVe3SZZ3uKEJBncG",15717684065,"https://media.birdweather.com/soundscapes/19267/19267-20260817-151933.flac",1.5,4.5,"live"
10520703082,19267,"2026-08-17T08:53:16.000-06:00",0.775673925876617,0.0531339645385742,5.61067523252237,"almost_certain","BirdNET",NA,10.2198,-83.7874,FALSE,1399,"Broad-winged Hawk","Buteo platypterus","#b48a00","avian","https://media.birdweather.com/species/1399/Broad-wingedHawk-standard-26f5d4dc69dfc6fcce29aa20b82cb071.jpg","https://media.birdweather.com/species/1399/Broad-wingedHawk-thumbnail-d3b7edaae185748d84e10c490ecf8cda.jpg","https://media.birdweather.com/species/1399/Broad-wingedHawk-png200-598ba5e6335162ec4d03bb1dd3cb6777.png","WecFHwTMd3lPlnV2lox2hol3tzBbCrIF",15716928156,"https://media.birdweather.com/soundscapes/19267/19267-20260817-145313.flac",3,6,"live"
10520682426,19267,"2026-08-17T08:52:09.500-06:00",0.700081348419189,0.920284926891327,9.05919447445741,"almost_certain","BirdNET",NA,10.2198,-83.7874,FALSE,254,"Great-tailed Grackle","Quiscalus mexicanus","#4cdf64","avian","https://media.birdweather.com/species/254/Great-tailedGrackle-standard-84167b7e46a2aae7f30286e714478461.jpg","https://media.birdweather.com/species/254/Great-tailedGrackle-thumbnail-388529862f53a8a975b80daf9e76e3ac.jpg","https://media.birdweather.com/species/254/Great-tailedGrackle-png200-ca2dc12559d8d2db107eefc8eff73513.png","GAgKDwKYmnVgeIeVhniHRXiahgv2mWAN",15716895500,"https://media.birdweather.com/soundscapes/19267/19267-20260817-145205.flac",4.5,7.5,"live"
10520391059,19267,"2026-08-17T08:36:22.000-06:00",0.730004072189331,0.206972107291222,7.1636688813937,"almost_certain","BirdNET",NA,10.2198,-83.7874,FALSE,501,"White-winged Dove","Zenaida asiatica","#d16ff8","avian","https://media.birdweather.com/species/501/White-wingedDove-standard-6528ef689b07d5a91f1c2275cdef19c9.jpg","https://media.birdweather.com/species/501/White-wingedDove-thumbnail-4a940adfd5a6c78c73c48c5095e7b896.jpg","https://media.birdweather.com/species/501/White-wingedDove-png200-d65decd3d571b5a9dbeca249ef97689f.png","IscJLwb6hoVelZWZdoh3eIeIdxBoB4IG",15716441516,"https://media.birdweather.com/soundscapes/19267/19267-20260817-143616.flac",6,9,"live"
10520363503,19267,"2026-08-17T08:34:50.500-06:00",0.895004630088806,0.206974446773529,7.6086247296239,"almost_certain","BirdNET",NA,10.2198,-83.7874,FALSE,501,"White-winged Dove","Zenaida asiatica","#d16ff8","avian","https://media.birdweather.com/species/501/White-wingedDove-standard-6528ef689b07d5a91f1c2275cdef19c9.jpg","https://media.birdweather.com/species/501/White-wingedDove-thumbnail-4a940adfd5a6c78c73c48c5095e7b896.jpg","https://media.birdweather.com/species/501/White-wingedDove-png200-d65decd3d571b5a9dbeca249ef97689f.png","IscJLwb6hoVelZWZdoh3eIeIdxBoB4IG",15716398036,"https://media.birdweather.com/soundscapes/19267/19267-20260817-143446.flac",4.5,7.5,"live"
10520358978,19267,"2026-08-17T08:34:36.500-06:00",0.856776535511017,0.206974446773529,7.51764957722683,"almost_certain","BirdNET",NA,10.2198,-83.7874,FALSE,501,"White-winged Dove","Zenaida asiatica","#d16ff8","avian","https://media.birdweather.com/species/501/White-wingedDove-standard-6528ef689b07d5a91f1c2275cdef19c9.jpg","https://media.birdweather.com/species/501/White-wingedDove-thumbnail-4a940adfd5a6c78c73c48c5095e7b896.jpg","https://media.birdweather.com/species/501/White-wingedDove-png200-d65decd3d571b5a9dbeca249ef97689f.png","IscJLwb6hoVelZWZdoh3eIeIdxBoB4IG",15716391428,"https://media.birdweather.com/soundscapes/19267/19267-20260817-143432.flac",4.5,7.5,"live"
10520298253,19267,"2026-08-17T08:31:16.000-06:00",0.792081117630005,0.206984132528305,7.34848779802731,"almost_certain","BirdNET",NA,10.2198,-83.7874,FALSE,501,"White-winged Dove","Zenaida asiatica","#d16ff8","avian","https://media.birdweather.com/species/501/White-wingedDove-standard-6528ef689b07d5a91f1c2275cdef19c9.jpg","https://media.birdweather.com/species/501/White-wingedDove-thumbnail-4a940adfd5a6c78c73c48c5095e7b896.jpg","https://media.birdweather.com/species/501/White-wingedDove-png200-d65decd3d571b5a9dbeca249ef97689f.png","IscJLwb6hoVelZWZdoh3eIeIdxBoB4IG",15716296050,"https://media.birdweather.com/soundscapes/19267/19267-20260817-143113.flac",3,6,"live"
10520294639,19267,"2026-08-17T08:31:00.000-06:00",0.747446298599243,0.206984132528305,7.2182185412396,"almost_certain","BirdNET",NA,10.2198,-83.7874,FALSE,501,"White-winged Dove","Zenaida asiatica","#d16ff8","avian","https://media.birdweather.com/species/501/White-wingedDove-standard-6528ef689b07d5a91f1c2275cdef19c9.jpg","https://media.birdweather.com/species/501/White-wingedDove-thumbnail-4a940adfd5a6c78c73c48c5095e7b896.jpg","https://media.birdweather.com/species/501/White-wingedDove-png200-d65decd3d571b5a9dbeca249ef97689f.png","IscJLwb6hoVelZWZdoh3eIeIdxBoB4IG",15716290177,"https://media.birdweather.com/soundscapes/19267/19267-20260817-143100.flac",0,3,"live"
10520290759,19267,"2026-08-17T08:30:54.000-06:00",0.75294429063797,0.206984132528305,7.2349498194229,"almost_certain","BirdNET",NA,10.2198,-83.7874,FALSE,501,"White-winged Dove","Zenaida asiatica","#d16ff8","avian","https://media.birdweather.com/species/501/White-wingedDove-standard-6528ef689b07d5a91f1c2275cdef19c9.jpg","https://media.birdweather.com/species/501/White-wingedDove-thumbnail-4a940adfd5a6c78c73c48c5095e7b896.jpg","https://media.birdweather.com/species/501/White-wingedDove-png200-d65decd3d571b5a9dbeca249ef97689f.png","IscJLwb6hoVelZWZdoh3eIeIdxBoB4IG",15716284195,"https://media.birdweather.com/soundscapes/19267/19267-20260817-143048.flac",6,9,"live"
10520270453,19267,"2026-08-17T08:29:42.500-06:00",0.726891696453094,0.206993326544762,7.15385071651191,"almost_certain","BirdNET",NA,10.2198,-83.7874,FALSE,501,"White-winged Dove","Zenaida asiatica","#d16ff8","avian","https://media.birdweather.com/species/501/White-wingedDove-standard-6528ef689b07d5a91f1c2275cdef19c9.jpg","https://media.birdweather.com/species/501/White-wingedDove-thumbnail-4a940adfd5a6c78c73c48c5095e7b896.jpg","https://media.birdweather.com/species/501/White-wingedDove-png200-d65decd3d571b5a9dbeca249ef97689f.png","IscJLwb6hoVelZWZdoh3eIeIdxBoB4IG",15716252662,"https://media.birdweather.com/soundscapes/19267/19267-20260817-142941.flac",1.5,4.5,"live"
10520270433,19267,"2026-08-17T08:29:41.000-06:00",0.856243550777435,0.206993326544762,7.51645669475994,"almost_certain","BirdNET",NA,10.2198,-83.7874,FALSE,501,"White-winged Dove","Zenaida asiatica","#d16ff8","avian","https://media.birdweather.com/species/501/White-wingedDove-standard-6528ef689b07d5a91f1c2275cdef19c9.jpg","https://media.birdweather.com/species/501/White-wingedDove-thumbnail-4a940adfd5a6c78c73c48c5095e7b896.jpg","https://media.birdweather.com/species/501/White-wingedDove-png200-d65decd3d571b5a9dbeca249ef97689f.png","IscJLwb6hoVelZWZdoh3eIeIdxBoB4IG",15716252662,"https://media.birdweather.com/soundscapes/19267/19267-20260817-142941.flac",0,3,"live"
10519666567,19267,"2026-08-17T07:57:30.000-06:00",0.777820527553558,0.100665532052517,6.38576115041956,"almost_certain","BirdNET",NA,10.2198,-83.7874,FALSE,603,"Tropical Mockingbird","Mimus gilvus","#006e2a","avian","https://media.birdweather.com/species/603/TropicalMockingbird-standard-33be42788a38707b12f757d28526a492.jpg","https://media.birdweather.com/species/603/TropicalMockingbird-thumbnail-4f6417f6928c80a2cb70eb341f54fd79.jpg","https://media.birdweather.com/species/603/TropicalMockingbird-png200-9e94d27578943cfad1e7923fe23d2300.png","q+cJFwL4VohclXidhXh5aJh4qDAaGKYA",15715328334,"https://media.birdweather.com/soundscapes/19267/19267-20260817-135724.flac",6,9,"live"
10519577322,19267,"2026-08-17T07:52:45.000-06:00",0.875372529029846,0.100671097636223,6.64035208866919,"almost_certain","BirdNET",NA,10.2198,-83.7874,FALSE,603,"Tropical Mockingbird","Mimus gilvus","#006e2a","avian","https://media.birdweather.com/species/603/TropicalMockingbird-standard-33be42788a38707b12f757d28526a492.jpg","https://media.birdweather.com/species/603/TropicalMockingbird-thumbnail-4f6417f6928c80a2cb70eb341f54fd79.jpg","https://media.birdweather.com/species/603/TropicalMockingbird-png200-9e94d27578943cfad1e7923fe23d2300.png","q+cJFwL4VohclXidhXh5aJh4qDAaGKYA",15715192217,"https://media.birdweather.com/soundscapes/19267/19267-20260817-135242.flac",3,6,"live"
10519422740,19267,"2026-08-17T07:44:40.000-06:00",0.88469535112381,0.206974416971207,7.5846793486738,"almost_certain","BirdNET",NA,10.2198,-83.7874,FALSE,501,"White-winged Dove","Zenaida asiatica","#d16ff8","avian","https://media.birdweather.com/species/501/White-wingedDove-standard-6528ef689b07d5a91f1c2275cdef19c9.jpg","https://media.birdweather.com/species/501/White-wingedDove-thumbnail-4a940adfd5a6c78c73c48c5095e7b896.jpg","https://media.birdweather.com/species/501/White-wingedDove-png200-d65decd3d571b5a9dbeca249ef97689f.png","IscJLwb6hoVelZWZdoh3eIeIdxBoB4IG",15714959390,"https://media.birdweather.com/soundscapes/19267/19267-20260817-134437.flac",3,6,"live"
10519046126,19267,"2026-08-17T07:25:09.000-06:00",0.882550954818726,0.782526969909668,9.35440808135511,"almost_certain","BirdNET",NA,10.2198,-83.7874,FALSE,229,"Great Kiskadee","Pitangus sulphuratus","#7d4410","avian","https://media.birdweather.com/species/229/GreatKiskadee-standard-cd28a1b8e8b8e5aed433e809c229004e.jpg","https://media.birdweather.com/species/229/GreatKiskadee-thumbnail-b2749ed2442fb322cf3c4cb72f9c97f6.jpg","https://media.birdweather.com/species/229/GreatKiskadee-png200-003973af4f863deb00a4ce9b6f10e59c.png","0PgFDwIrhYqfZJh1mVe3SZZ3uKEJBncG",15714397030,"https://media.birdweather.com/soundscapes/19267/19267-20260817-132503.flac",6,9,"live"
10519046105,19267,"2026-08-17T07:25:03.000-06:00",0.980682611465454,0.782526969909668,9.56768896532735,"almost_certain","BirdNET",NA,10.2198,-83.7874,FALSE,229,"Great Kiskadee","Pitangus sulphuratus","#7d4410","avian","https://media.birdweather.com/species/229/GreatKiskadee-standard-cd28a1b8e8b8e5aed433e809c229004e.jpg","https://media.birdweather.com/species/229/GreatKiskadee-thumbnail-b2749ed2442fb322cf3c4cb72f9c97f6.jpg","https://media.birdweather.com/species/229/GreatKiskadee-png200-003973af4f863deb00a4ce9b6f10e59c.png","0PgFDwIrhYqfZJh1mVe3SZZ3uKEJBncG",15714397030,"https://media.birdweather.com/soundscapes/19267/19267-20260817-132503.flac",0,3,"live"
10519042110,19267,"2026-08-17T07:24:57.000-06:00",0.915687918663025,0.782526969909668,9.43020134747277,"almost_certain","BirdNET",NA,10.2198,-83.7874,FALSE,229,"Great Kiskadee","Pitangus sulphuratus","#7d4410","avian","https://media.birdweather.com/species/229/GreatKiskadee-standard-cd28a1b8e8b8e5aed433e809c229004e.jpg","https://media.birdweather.com/species/229/GreatKiskadee-thumbnail-b2749ed2442fb322cf3c4cb72f9c97f6.jpg","https://media.birdweather.com/species/229/GreatKiskadee-png200-003973af4f863deb00a4ce9b6f10e59c.png","0PgFDwIrhYqfZJh1mVe3SZZ3uKEJBncG",15714391122,"https://media.birdweather.com/soundscapes/19267/19267-20260817-132451.flac",6,9,"live"
10519042095,19267,"2026-08-17T07:24:52.500-06:00",0.916436612606049,0.206989377737045,7.65719824950804,"almost_certain","BirdNET",NA,10.2198,-83.7874,FALSE,501,"White-winged Dove","Zenaida asiatica","#d16ff8","avian","https://media.birdweather.com/species/501/White-wingedDove-standard-6528ef689b07d5a91f1c2275cdef19c9.jpg","https://media.birdweather.com/species/501/White-wingedDove-thumbnail-4a940adfd5a6c78c73c48c5095e7b896.jpg","https://media.birdweather.com/species/501/White-wingedDove-png200-d65decd3d571b5a9dbeca249ef97689f.png","IscJLwb6hoVelZWZdoh3eIeIdxBoB4IG",15714391122,"https://media.birdweather.com/soundscapes/19267/19267-20260817-132451.flac",1.5,4.5,"live"
10519042080,19267,"2026-08-17T07:24:51.000-06:00",0.794204652309418,0.206989377737045,7.35442031469868,"almost_certain","BirdNET",NA,10.2198,-83.7874,FALSE,501,"White-winged Dove","Zenaida asiatica","#d16ff8","avian","https://media.birdweather.com/species/501/White-wingedDove-standard-6528ef689b07d5a91f1c2275cdef19c9.jpg","https://media.birdweather.com/species/501/White-wingedDove-thumbnail-4a940adfd5a6c78c73c48c5095e7b896.jpg","https://media.birdweather.com/species/501/White-wingedDove-png200-d65decd3d571b5a9dbeca249ef97689f.png","IscJLwb6hoVelZWZdoh3eIeIdxBoB4IG",15714391122,"https://media.birdweather.com/soundscapes/19267/19267-20260817-132451.flac",0,3,"live"
10519017357,19267,"2026-08-17T07:23:32.000-06:00",0.749917685985565,0.206986606121063,7.22578028148894,"almost_certain","BirdNET",NA,10.2198,-83.7874,FALSE,501,"White-winged Dove","Zenaida asiatica","#d16ff8","avian","https://media.birdweather.com/species/501/White-wingedDove-standard-6528ef689b07d5a91f1c2275cdef19c9.jpg","https://media.birdweather.com/species/501/White-wingedDove-thumbnail-4a940adfd5a6c78c73c48c5095e7b896.jpg","https://media.birdweather.com/species/501/White-wingedDove-png200-d65decd3d571b5a9dbeca249ef97689f.png","IscJLwb6hoVelZWZdoh3eIeIdxBoB4IG",15714353705,"https://media.birdweather.com/soundscapes/19267/19267-20260817-132332.flac",0,3,"live"
10518969543,19267,"2026-08-17T07:21:08.000-06:00",0.877359390258789,0.206986039876938,7.56745509910733,"almost_certain","BirdNET",NA,10.2198,-83.7874,FALSE,501,"White-winged Dove","Zenaida asiatica","#d16ff8","avian","https://media.birdweather.com/species/501/White-wingedDove-standard-6528ef689b07d5a91f1c2275cdef19c9.jpg","https://media.birdweather.com/species/501/White-wingedDove-thumbnail-4a940adfd5a6c78c73c48c5095e7b896.jpg","https://media.birdweather.com/species/501/White-wingedDove-png200-d65decd3d571b5a9dbeca249ef97689f.png","IscJLwb6hoVelZWZdoh3eIeIdxBoB4IG",15714281938,"https://media.birdweather.com/soundscapes/19267/19267-20260817-132102.flac",6,9,"live"
10518969492,19267,"2026-08-17T07:21:06.500-06:00",0.818704962730408,0.206986039876938,7.42068743238967,"almost_certain","BirdNET",NA,10.2198,-83.7874,FALSE,501,"White-winged Dove","Zenaida asiatica","#d16ff8","avian","https://media.birdweather.com/species/501/White-wingedDove-standard-6528ef689b07d5a91f1c2275cdef19c9.jpg","https://media.birdweather.com/species/501/White-wingedDove-thumbnail-4a940adfd5a6c78c73c48c5095e7b896.jpg","https://media.birdweather.com/species/501/White-wingedDove-png200-d65decd3d571b5a9dbeca249ef97689f.png","IscJLwb6hoVelZWZdoh3eIeIdxBoB4IG",15714281938,"https://media.birdweather.com/soundscapes/19267/19267-20260817-132102.flac",4.5,7.5,"live"
10518969400,19267,"2026-08-17T07:21:05.000-06:00",0.852802753448486,0.206986039876938,7.50790985843229,"almost_certain","BirdNET",NA,10.2198,-83.7874,FALSE,501,"White-winged Dove","Zenaida asiatica","#d16ff8","avian","https://media.birdweather.com/species/501/White-wingedDove-standard-6528ef689b07d5a91f1c2275cdef19c9.jpg","https://media.birdweather.com/species/501/White-wingedDove-thumbnail-4a940adfd5a6c78c73c48c5095e7b896.jpg","https://media.birdweather.com/species/501/White-wingedDove-png200-d65decd3d571b5a9dbeca249ef97689f.png","IscJLwb6hoVelZWZdoh3eIeIdxBoB4IG",15714281938,"https://media.birdweather.com/soundscapes/19267/19267-20260817-132102.flac",3,6,"live"
10518956815,19267,"2026-08-17T07:20:25.000-06:00",0.782980859279633,0.206986039876938,7.32292666428175,"almost_certain","BirdNET",NA,10.2198,-83.7874,FALSE,501,"White-winged Dove","Zenaida asiatica","#d16ff8","avian","https://media.birdweather.com/species/501/White-wingedDove-standard-6528ef689b07d5a91f1c2275cdef19c9.jpg","https://media.birdweather.com/species/501/White-wingedDove-thumbnail-4a940adfd5a6c78c73c48c5095e7b896.jpg","https://media.birdweather.com/species/501/White-wingedDove-png200-d65decd3d571b5a9dbeca249ef97689f.png","IscJLwb6hoVelZWZdoh3eIeIdxBoB4IG",15714262921,"https://media.birdweather.com/soundscapes/19267/19267-20260817-132022.flac",3,6,"live"
10518956740,19267,"2026-08-17T07:20:23.500-06:00",0.817758440971375,0.206986039876938,7.41818520188983,"almost_certain","BirdNET",NA,10.2198,-83.7874,FALSE,501,"White-winged Dove","Zenaida asiatica","#d16ff8","avian","https://media.birdweather.com/species/501/White-wingedDove-standard-6528ef689b07d5a91f1c2275cdef19c9.jpg","https://media.birdweather.com/species/501/White-wingedDove-thumbnail-4a940adfd5a6c78c73c48c5095e7b896.jpg","https://media.birdweather.com/species/501/White-wingedDove-png200-d65decd3d571b5a9dbeca249ef97689f.png","IscJLwb6hoVelZWZdoh3eIeIdxBoB4IG",15714262921,"https://media.birdweather.com/soundscapes/19267/19267-20260817-132022.flac",1.5,4.5,"live"
10518956639,19267,"2026-08-17T07:20:22.000-06:00",0.796738028526306,0.206986039876938,7.36140415205686,"almost_certain","BirdNET",NA,10.2198,-83.7874,FALSE,501,"White-winged Dove","Zenaida asiatica","#d16ff8","avian","https://media.birdweather.com/species/501/White-wingedDove-standard-6528ef689b07d5a91f1c2275cdef19c9.jpg","https://media.birdweather.com/species/501/White-wingedDove-thumbnail-4a940adfd5a6c78c73c48c5095e7b896.jpg","https://media.birdweather.com/species/501/White-wingedDove-png200-d65decd3d571b5a9dbeca249ef97689f.png","IscJLwb6hoVelZWZdoh3eIeIdxBoB4IG",15714262921,"https://media.birdweather.com/soundscapes/19267/19267-20260817-132022.flac",0,3,"live"
10518845171,19267,"2026-08-17T07:14:30.000-06:00",0.939833283424377,0.206974446773529,7.70813942063558,"almost_certain","BirdNET",NA,10.2198,-83.7874,FALSE,501,"White-winged Dove","Zenaida asiatica","#d16ff8","avian","https://media.birdweather.com/species/501/White-wingedDove-standard-6528ef689b07d5a91f1c2275cdef19c9.jpg","https://media.birdweather.com/species/501/White-wingedDove-thumbnail-4a940adfd5a6c78c73c48c5095e7b896.jpg","https://media.birdweather.com/species/501/White-wingedDove-png200-d65decd3d571b5a9dbeca249ef97689f.png","IscJLwb6hoVelZWZdoh3eIeIdxBoB4IG",15714093216,"https://media.birdweather.com/soundscapes/19267/19267-20260817-131427.flac",3,6,"live"
10518832577,19267,"2026-08-17T07:13:52.000-06:00",0.81208723783493,0.206974446773529,7.4030230889739,"almost_certain","BirdNET",NA,10.2198,-83.7874,FALSE,501,"White-winged Dove","Zenaida asiatica","#d16ff8","avian","https://media.birdweather.com/species/501/White-wingedDove-standard-6528ef689b07d5a91f1c2275cdef19c9.jpg","https://media.birdweather.com/species/501/White-wingedDove-thumbnail-4a940adfd5a6c78c73c48c5095e7b896.jpg","https://media.birdweather.com/species/501/White-wingedDove-png200-d65decd3d571b5a9dbeca249ef97689f.png","IscJLwb6hoVelZWZdoh3eIeIdxBoB4IG",15714074344,"https://media.birdweather.com/soundscapes/19267/19267-20260817-131349.flac",3,6,"live"
10518832556,19267,"2026-08-17T07:13:50.500-06:00",0.785127341747284,0.206974446773529,7.3289285841773,"almost_certain","BirdNET",NA,10.2198,-83.7874,FALSE,501,"White-winged Dove","Zenaida asiatica","#d16ff8","avian","https://media.birdweather.com/species/501/White-wingedDove-standard-6528ef689b07d5a91f1c2275cdef19c9.jpg","https://media.birdweather.com/species/501/White-wingedDove-thumbnail-4a940adfd5a6c78c73c48c5095e7b896.jpg","https://media.birdweather.com/species/501/White-wingedDove-png200-d65decd3d571b5a9dbeca249ef97689f.png","IscJLwb6hoVelZWZdoh3eIeIdxBoB4IG",15714074344,"https://media.birdweather.com/soundscapes/19267/19267-20260817-131349.flac",1.5,4.5,"live"
10518828607,19267,"2026-08-17T07:13:38.500-06:00",0.733111381530762,0.206974446773529,7.1735479933135,"almost_certain","BirdNET",NA,10.2198,-83.7874,FALSE,501,"White-winged Dove","Zenaida asiatica","#d16ff8","avian","https://media.birdweather.com/species/501/White-wingedDove-standard-6528ef689b07d5a91f1c2275cdef19c9.jpg","https://media.birdweather.com/species/501/White-wingedDove-thumbnail-4a940adfd5a6c78c73c48c5095e7b896.jpg","https://media.birdweather.com/species/501/White-wingedDove-png200-d65decd3d571b5a9dbeca249ef97689f.png","IscJLwb6hoVelZWZdoh3eIeIdxBoB4IG",15714068527,"https://media.birdweather.com/soundscapes/19267/19267-20260817-131337.flac",1.5,4.5,"live"
10518824805,19267,"2026-08-17T07:13:25.500-06:00",0.701636910438538,0.206974446773529,7.07018635067598,"almost_certain","BirdNET",NA,10.2198,-83.7874,FALSE,501,"White-winged Dove","Zenaida asiatica","#d16ff8","avian","https://media.birdweather.com/species/501/White-wingedDove-standard-6528ef689b07d5a91f1c2275cdef19c9.jpg","https://media.birdweather.com/species/501/White-wingedDove-thumbnail-4a940adfd5a6c78c73c48c5095e7b896.jpg","https://media.birdweather.com/species/501/White-wingedDove-png200-d65decd3d571b5a9dbeca249ef97689f.png","IscJLwb6hoVelZWZdoh3eIeIdxBoB4IG",15714062639,"https://media.birdweather.com/soundscapes/19267/19267-20260817-131324.flac",1.5,4.5,"live"
10518824661,19267,"2026-08-17T07:13:24.000-06:00",0.925275325775146,0.206974446773529,7.67660808453774,"almost_certain","BirdNET",NA,10.2198,-83.7874,FALSE,501,"White-winged Dove","Zenaida asiatica","#d16ff8","avian","https://media.birdweather.com/species/501/White-wingedDove-standard-6528ef689b07d5a91f1c2275cdef19c9.jpg","https://media.birdweather.com/species/501/White-wingedDove-thumbnail-4a940adfd5a6c78c73c48c5095e7b896.jpg","https://media.birdweather.com/species/501/White-wingedDove-png200-d65decd3d571b5a9dbeca249ef97689f.png","IscJLwb6hoVelZWZdoh3eIeIdxBoB4IG",15714062639,"https://media.birdweather.com/soundscapes/19267/19267-20260817-131324.flac",0,3,"live"
10518730997,19267,"2026-08-17T07:08:28.000-06:00",0.958604633808136,0.782534658908844,9.5225296177122,"almost_certain","BirdNET",NA,10.2198,-83.7874,FALSE,229,"Great Kiskadee","Pitangus sulphuratus","#7d4410","avian","https://media.birdweather.com/species/229/GreatKiskadee-standard-cd28a1b8e8b8e5aed433e809c229004e.jpg","https://media.birdweather.com/species/229/GreatKiskadee-thumbnail-b2749ed2442fb322cf3c4cb72f9c97f6.jpg","https://media.birdweather.com/species/229/GreatKiskadee-png200-003973af4f863deb00a4ce9b6f10e59c.png","0PgFDwIrhYqfZJh1mVe3SZZ3uKEJBncG",15713919829,"https://media.birdweather.com/soundscapes/19267/19267-20260817-130825.flac",3,6,"live"
10518730951,19267,"2026-08-17T07:08:26.500-06:00",0.942735850811005,0.782534658908844,9.48911590218404,"almost_certain","BirdNET",NA,10.2198,-83.7874,FALSE,229,"Great Kiskadee","Pitangus sulphuratus","#7d4410","avian","https://media.birdweather.com/species/229/GreatKiskadee-standard-cd28a1b8e8b8e5aed433e809c229004e.jpg","https://media.birdweather.com/species/229/GreatKiskadee-thumbnail-b2749ed2442fb322cf3c4cb72f9c97f6.jpg","https://media.birdweather.com/species/229/GreatKiskadee-png200-003973af4f863deb00a4ce9b6f10e59c.png","0PgFDwIrhYqfZJh1mVe3SZZ3uKEJBncG",15713919829,"https://media.birdweather.com/soundscapes/19267/19267-20260817-130825.flac",1.5,4.5,"live"
10518730857,19267,"2026-08-17T07:08:25.000-06:00",0.703246712684631,0.782534658908844,8.85044208575544,"almost_certain","BirdNET",NA,10.2198,-83.7874,FALSE,229,"Great Kiskadee","Pitangus sulphuratus","#7d4410","avian","https://media.birdweather.com/species/229/GreatKiskadee-standard-cd28a1b8e8b8e5aed433e809c229004e.jpg","https://media.birdweather.com/species/229/GreatKiskadee-thumbnail-b2749ed2442fb322cf3c4cb72f9c97f6.jpg","https://media.birdweather.com/species/229/GreatKiskadee-png200-003973af4f863deb00a4ce9b6f10e59c.png","0PgFDwIrhYqfZJh1mVe3SZZ3uKEJBncG",15713919829,"https://media.birdweather.com/soundscapes/19267/19267-20260817-130825.flac",0,3,"live"
10518580294,19267,"2026-08-17T07:00:17.000-06:00",0.778503596782684,0.10066481679678,6.38770938329599,"almost_certain","BirdNET",NA,10.2198,-83.7874,FALSE,603,"Tropical Mockingbird","Mimus gilvus","#006e2a","avian","https://media.birdweather.com/species/603/TropicalMockingbird-standard-33be42788a38707b12f757d28526a492.jpg","https://media.birdweather.com/species/603/TropicalMockingbird-thumbnail-4f6417f6928c80a2cb70eb341f54fd79.jpg","https://media.birdweather.com/species/603/TropicalMockingbird-png200-9e94d27578943cfad1e7923fe23d2300.png","q+cJFwL4VohclXidhXh5aJh4qDAaGKYA",15713683867,"https://media.birdweather.com/soundscapes/19267/19267-20260817-130011.flac",6,9,"live"
10518580278,19267,"2026-08-17T07:00:15.500-06:00",0.826704144477844,0.10066481679678,6.51919549986704,"almost_certain","BirdNET",NA,10.2198,-83.7874,FALSE,603,"Tropical Mockingbird","Mimus gilvus","#006e2a","avian","https://media.birdweather.com/species/603/TropicalMockingbird-standard-33be42788a38707b12f757d28526a492.jpg","https://media.birdweather.com/species/603/TropicalMockingbird-thumbnail-4f6417f6928c80a2cb70eb341f54fd79.jpg","https://media.birdweather.com/species/603/TropicalMockingbird-png200-9e94d27578943cfad1e7923fe23d2300.png","q+cJFwL4VohclXidhXh5aJh4qDAaGKYA",15713683867,"https://media.birdweather.com/soundscapes/19267/19267-20260817-130011.flac",4.5,7.5,"live"
10518580246,19267,"2026-08-17T07:00:12.500-06:00",0.934227168560028,0.170300394296646,7.44242008398602,"almost_certain","BirdNET",NA,10.2198,-83.7874,FALSE,1150,"White-crowned Parrot","Pionus senilis","#723990","avian","https://media.birdweather.com/species/1150/White-crownedParrot-standard-fba8664704e4670f70917d29327f1cab.jpg","https://media.birdweather.com/species/1150/White-crownedParrot-thumbnail-2e09ce5903724db35096c93f72eb7b4c.jpg","https://media.birdweather.com/species/1150/White-crownedParrot-png200-10c1d695926bb0180cd3384503985495.png","WggGDwK3tniUiYqPiVebyMa0jqr4l2sP",15713683867,"https://media.birdweather.com/soundscapes/19267/19267-20260817-130011.flac",1.5,4.5,"live"
10518568252,19267,"2026-08-17T06:59:36.000-06:00",0.873378276824951,0.20699243247509,7.55801606713209,"almost_certain","BirdNET",NA,10.2198,-83.7874,FALSE,501,"White-winged Dove","Zenaida asiatica","#d16ff8","avian","https://media.birdweather.com/species/501/White-wingedDove-standard-6528ef689b07d5a91f1c2275cdef19c9.jpg","https://media.birdweather.com/species/501/White-wingedDove-thumbnail-4a940adfd5a6c78c73c48c5095e7b896.jpg","https://media.birdweather.com/species/501/White-wingedDove-png200-d65decd3d571b5a9dbeca249ef97689f.png","IscJLwb6hoVelZWZdoh3eIeIdxBoB4IG",15713664529,"https://media.birdweather.com/soundscapes/19267/19267-20260817-125930.flac",6,9,"live"
10518568190,19267,"2026-08-17T06:59:34.500-06:00",0.964949190616608,0.20699243247509,7.76100206886836,"almost_certain","BirdNET",NA,10.2198,-83.7874,FALSE,501,"White-winged Dove","Zenaida asiatica","#d16ff8","avian","https://media.birdweather.com/species/501/White-wingedDove-standard-6528ef689b07d5a91f1c2275cdef19c9.jpg","https://media.birdweather.com/species/501/White-wingedDove-thumbnail-4a940adfd5a6c78c73c48c5095e7b896.jpg","https://media.birdweather.com/species/501/White-wingedDove-png200-d65decd3d571b5a9dbeca249ef97689f.png","IscJLwb6hoVelZWZdoh3eIeIdxBoB4IG",15713664529,"https://media.birdweather.com/soundscapes/19267/19267-20260817-125930.flac",4.5,7.5,"live"
10518516398,19267,"2026-08-17T06:56:43.000-06:00",0.915562927722931,0.20699243247509,7.65527443706585,"almost_certain","BirdNET",NA,10.2198,-83.7874,FALSE,501,"White-winged Dove","Zenaida asiatica","#d16ff8","avian","https://media.birdweather.com/species/501/White-wingedDove-standard-6528ef689b07d5a91f1c2275cdef19c9.jpg","https://media.birdweather.com/species/501/White-wingedDove-thumbnail-4a940adfd5a6c78c73c48c5095e7b896.jpg","https://media.birdweather.com/species/501/White-wingedDove-png200-d65decd3d571b5a9dbeca249ef97689f.png","IscJLwb6hoVelZWZdoh3eIeIdxBoB4IG",15713582406,"https://media.birdweather.com/soundscapes/19267/19267-20260817-125637.flac",6,9,"live"
10518516377,19267,"2026-08-17T06:56:41.500-06:00",0.953201830387115,0.20699243247509,7.73658254582894,"almost_certain","BirdNET",NA,10.2198,-83.7874,FALSE,501,"White-winged Dove","Zenaida asiatica","#d16ff8","avian","https://media.birdweather.com/species/501/White-wingedDove-standard-6528ef689b07d5a91f1c2275cdef19c9.jpg","https://media.birdweather.com/species/501/White-wingedDove-thumbnail-4a940adfd5a6c78c73c48c5095e7b896.jpg","https://media.birdweather.com/species/501/White-wingedDove-png200-d65decd3d571b5a9dbeca249ef97689f.png","IscJLwb6hoVelZWZdoh3eIeIdxBoB4IG",15713582406,"https://media.birdweather.com/soundscapes/19267/19267-20260817-125637.flac",4.5,7.5,"live"
10518516360,19267,"2026-08-17T06:56:40.000-06:00",0.851919770240784,0.20699243247509,7.50576019010654,"almost_certain","BirdNET",NA,10.2198,-83.7874,FALSE,501,"White-winged Dove","Zenaida asiatica","#d16ff8","avian","https://media.birdweather.com/species/501/White-wingedDove-standard-6528ef689b07d5a91f1c2275cdef19c9.jpg","https://media.birdweather.com/species/501/White-wingedDove-thumbnail-4a940adfd5a6c78c73c48c5095e7b896.jpg","https://media.birdweather.com/species/501/White-wingedDove-png200-d65decd3d571b5a9dbeca249ef97689f.png","IscJLwb6hoVelZWZdoh3eIeIdxBoB4IG",15713582406,"https://media.birdweather.com/soundscapes/19267/19267-20260817-125637.flac",3,6,"live"
10518488934,19267,"2026-08-17T06:55:09.000-06:00",0.95928567647934,0.206999346613884,7.74932716297735,"almost_certain","BirdNET",NA,10.2198,-83.7874,FALSE,501,"White-winged Dove","Zenaida asiatica","#d16ff8","avian","https://media.birdweather.com/species/501/White-wingedDove-standard-6528ef689b07d5a91f1c2275cdef19c9.jpg","https://media.birdweather.com/species/501/White-wingedDove-thumbnail-4a940adfd5a6c78c73c48c5095e7b896.jpg","https://media.birdweather.com/species/501/White-wingedDove-png200-d65decd3d571b5a9dbeca249ef97689f.png","IscJLwb6hoVelZWZdoh3eIeIdxBoB4IG",15713538358,"https://media.birdweather.com/soundscapes/19267/19267-20260817-125506.flac",3,6,"live"
10518488922,19267,"2026-08-17T06:55:07.500-06:00",0.956283509731293,0.206999346613884,7.74307439325973,"almost_certain","BirdNET",NA,10.2198,-83.7874,FALSE,501,"White-winged Dove","Zenaida asiatica","#d16ff8","avian","https://media.birdweather.com/species/501/White-wingedDove-standard-6528ef689b07d5a91f1c2275cdef19c9.jpg","https://media.birdweather.com/species/501/White-wingedDove-thumbnail-4a940adfd5a6c78c73c48c5095e7b896.jpg","https://media.birdweather.com/species/501/White-wingedDove-png200-d65decd3d571b5a9dbeca249ef97689f.png","IscJLwb6hoVelZWZdoh3eIeIdxBoB4IG",15713538358,"https://media.birdweather.com/soundscapes/19267/19267-20260817-125506.flac",1.5,4.5,"live"
10518481268,19267,"2026-08-17T06:54:45.000-06:00",0.969356119632721,0.206999346613884,7.77009539617224,"almost_certain","BirdNET",NA,10.2198,-83.7874,FALSE,501,"White-winged Dove","Zenaida asiatica","#d16ff8","avian","https://media.birdweather.com/species/501/White-wingedDove-standard-6528ef689b07d5a91f1c2275cdef19c9.jpg","https://media.birdweather.com/species/501/White-wingedDove-thumbnail-4a940adfd5a6c78c73c48c5095e7b896.jpg","https://media.birdweather.com/species/501/White-wingedDove-png200-d65decd3d571b5a9dbeca249ef97689f.png","IscJLwb6hoVelZWZdoh3eIeIdxBoB4IG",15713525768,"https://media.birdweather.com/soundscapes/19267/19267-20260817-125439.flac",6,9,"live"
10518481247,19267,"2026-08-17T06:54:43.500-06:00",0.786274135112762,0.206999346613884,7.33232051902647,"almost_certain","BirdNET",NA,10.2198,-83.7874,FALSE,501,"White-winged Dove","Zenaida asiatica","#d16ff8","avian","https://media.birdweather.com/species/501/White-wingedDove-standard-6528ef689b07d5a91f1c2275cdef19c9.jpg","https://media.birdweather.com/species/501/White-wingedDove-thumbnail-4a940adfd5a6c78c73c48c5095e7b896.jpg","https://media.birdweather.com/species/501/White-wingedDove-png200-d65decd3d571b5a9dbeca249ef97689f.png","IscJLwb6hoVelZWZdoh3eIeIdxBoB4IG",15713525768,"https://media.birdweather.com/soundscapes/19267/19267-20260817-125439.flac",4.5,7.5,"live"
10518481219,19267,"2026-08-17T06:54:42.000-06:00",0.946178317070007,0.206999346613884,7.72181558712434,"almost_certain","BirdNET",NA,10.2198,-83.7874,FALSE,501,"White-winged Dove","Zenaida asiatica","#d16ff8","avian","https://media.birdweather.com/species/501/White-wingedDove-standard-6528ef689b07d5a91f1c2275cdef19c9.jpg","https://media.birdweather.com/species/501/White-wingedDove-thumbnail-4a940adfd5a6c78c73c48c5095e7b896.jpg","https://media.birdweather.com/species/501/White-wingedDove-png200-d65decd3d571b5a9dbeca249ef97689f.png","IscJLwb6hoVelZWZdoh3eIeIdxBoB4IG",15713525768,"https://media.birdweather.com/soundscapes/19267/19267-20260817-125439.flac",3,6,"live"
10518453879,19267,"2026-08-17T06:53:07.000-06:00",0.89022696018219,0.206999346613884,7.59773693789217,"almost_certain","BirdNET",NA,10.2198,-83.7874,FALSE,501,"White-winged Dove","Zenaida asiatica","#d16ff8","avian","https://media.birdweather.com/species/501/White-wingedDove-standard-6528ef689b07d5a91f1c2275cdef19c9.jpg","https://media.birdweather.com/species/501/White-wingedDove-thumbnail-4a940adfd5a6c78c73c48c5095e7b896.jpg","https://media.birdweather.com/species/501/White-wingedDove-png200-d65decd3d571b5a9dbeca249ef97689f.png","IscJLwb6hoVelZWZdoh3eIeIdxBoB4IG",15713481412,"https://media.birdweather.com/soundscapes/19267/19267-20260817-125307.flac",0,3,"live"
10518439046,19267,"2026-08-17T06:52:16.000-06:00",0.710935413837433,0.20699568092823,7.10167641110217,"almost_certain","BirdNET",NA,10.2198,-83.7874,FALSE,501,"White-winged Dove","Zenaida asiatica","#d16ff8","avian","https://media.birdweather.com/species/501/White-wingedDove-standard-6528ef689b07d5a91f1c2275cdef19c9.jpg","https://media.birdweather.com/species/501/White-wingedDove-thumbnail-4a940adfd5a6c78c73c48c5095e7b896.jpg","https://media.birdweather.com/species/501/White-wingedDove-png200-d65decd3d571b5a9dbeca249ef97689f.png","IscJLwb6hoVelZWZdoh3eIeIdxBoB4IG",15713457363,"https://media.birdweather.com/soundscapes/19267/19267-20260817-125216.flac",0,3,"live"
10518435088,19267,"2026-08-17T06:52:06.000-06:00",0.741839826107025,0.20699568092823,7.20101699324569,"almost_certain","BirdNET",NA,10.2198,-83.7874,FALSE,501,"White-winged Dove","Zenaida asiatica","#d16ff8","avian","https://media.birdweather.com/species/501/White-wingedDove-standard-6528ef689b07d5a91f1c2275cdef19c9.jpg","https://media.birdweather.com/species/501/White-wingedDove-thumbnail-4a940adfd5a6c78c73c48c5095e7b896.jpg","https://media.birdweather.com/species/501/White-wingedDove-png200-d65decd3d571b5a9dbeca249ef97689f.png","IscJLwb6hoVelZWZdoh3eIeIdxBoB4IG",15713450813,"https://media.birdweather.com/soundscapes/19267/19267-20260817-125203.flac",3,6,"live"
10518435011,19267,"2026-08-17T06:52:04.500-06:00",0.973110437393188,0.20699568092823,7.77773490765627,"almost_certain","BirdNET",NA,10.2198,-83.7874,FALSE,501,"White-winged Dove","Zenaida asiatica","#d16ff8","avian","https://media.birdweather.com/species/501/White-wingedDove-standard-6528ef689b07d5a91f1c2275cdef19c9.jpg","https://media.birdweather.com/species/501/White-wingedDove-thumbnail-4a940adfd5a6c78c73c48c5095e7b896.jpg","https://media.birdweather.com/species/501/White-wingedDove-png200-d65decd3d571b5a9dbeca249ef97689f.png","IscJLwb6hoVelZWZdoh3eIeIdxBoB4IG",15713450813,"https://media.birdweather.com/soundscapes/19267/19267-20260817-125203.flac",1.5,4.5,"live"
10518431225,19267,"2026-08-17T06:51:53.000-06:00",0.912945926189423,0.206991404294968,7.6494311174091,"almost_certain","BirdNET",NA,10.2198,-83.7874,FALSE,501,"White-winged Dove","Zenaida asiatica","#d16ff8","avian","https://media.birdweather.com/species/501/White-wingedDove-standard-6528ef689b07d5a91f1c2275cdef19c9.jpg","https://media.birdweather.com/species/501/White-wingedDove-thumbnail-4a940adfd5a6c78c73c48c5095e7b896.jpg","https://media.birdweather.com/species/501/White-wingedDove-png200-d65decd3d571b5a9dbeca249ef97689f.png","IscJLwb6hoVelZWZdoh3eIeIdxBoB4IG",15713444917,"https://media.birdweather.com/soundscapes/19267/19267-20260817-125150.flac",3,6,"live"
10518431201,19267,"2026-08-17T06:51:51.500-06:00",0.92362767457962,0.206991404294968,7.67310032608251,"almost_certain","BirdNET",NA,10.2198,-83.7874,FALSE,501,"White-winged Dove","Zenaida asiatica","#d16ff8","avian","https://media.birdweather.com/species/501/White-wingedDove-standard-6528ef689b07d5a91f1c2275cdef19c9.jpg","https://media.birdweather.com/species/501/White-wingedDove-thumbnail-4a940adfd5a6c78c73c48c5095e7b896.jpg","https://media.birdweather.com/species/501/White-wingedDove-png200-d65decd3d571b5a9dbeca249ef97689f.png","IscJLwb6hoVelZWZdoh3eIeIdxBoB4IG",15713444917,"https://media.birdweather.com/soundscapes/19267/19267-20260817-125150.flac",1.5,4.5,"live"
10518427606,19267,"2026-08-17T06:51:41.500-06:00",0.817145645618439,0.20699268579483,7.41660473202063,"almost_certain","BirdNET",NA,10.2198,-83.7874,FALSE,501,"White-winged Dove","Zenaida asiatica","#d16ff8","avian","https://media.birdweather.com/species/501/White-wingedDove-standard-6528ef689b07d5a91f1c2275cdef19c9.jpg","https://media.birdweather.com/species/501/White-wingedDove-thumbnail-4a940adfd5a6c78c73c48c5095e7b896.jpg","https://media.birdweather.com/species/501/White-wingedDove-png200-d65decd3d571b5a9dbeca249ef97689f.png","IscJLwb6hoVelZWZdoh3eIeIdxBoB4IG",15713439024,"https://media.birdweather.com/soundscapes/19267/19267-20260817-125137.flac",4.5,7.5,"live"
10518427590,19267,"2026-08-17T06:51:40.000-06:00",0.910388648509979,0.20699268579483,7.6437114611927,"almost_certain","BirdNET",NA,10.2198,-83.7874,FALSE,501,"White-winged Dove","Zenaida asiatica","#d16ff8","avian","https://media.birdweather.com/species/501/White-wingedDove-standard-6528ef689b07d5a91f1c2275cdef19c9.jpg","https://media.birdweather.com/species/501/White-wingedDove-thumbnail-4a940adfd5a6c78c73c48c5095e7b896.jpg","https://media.birdweather.com/species/501/White-wingedDove-png200-d65decd3d571b5a9dbeca249ef97689f.png","IscJLwb6hoVelZWZdoh3eIeIdxBoB4IG",15713439024,"https://media.birdweather.com/soundscapes/19267/19267-20260817-125137.flac",3,6,"live"
10518423078,19267,"2026-08-17T06:51:27.500-06:00",0.713794946670532,0.20699268579483,7.11115775941549,"almost_certain","BirdNET",NA,10.2198,-83.7874,FALSE,501,"White-winged Dove","Zenaida asiatica","#d16ff8","avian","https://media.birdweather.com/species/501/White-wingedDove-standard-6528ef689b07d5a91f1c2275cdef19c9.jpg","https://media.birdweather.com/species/501/White-wingedDove-thumbnail-4a940adfd5a6c78c73c48c5095e7b896.jpg","https://media.birdweather.com/species/501/White-wingedDove-png200-d65decd3d571b5a9dbeca249ef97689f.png","IscJLwb6hoVelZWZdoh3eIeIdxBoB4IG",15713431880,"https://media.birdweather.com/soundscapes/19267/19267-20260817-125123.flac",4.5,7.5,"live"
10518423018,19267,"2026-08-17T06:51:26.000-06:00",0.720660150051117,0.20699268579483,7.1337007120105,"almost_certain","BirdNET",NA,10.2198,-83.7874,FALSE,501,"White-winged Dove","Zenaida asiatica","#d16ff8","avian","https://media.birdweather.com/species/501/White-wingedDove-standard-6528ef689b07d5a91f1c2275cdef19c9.jpg","https://media.birdweather.com/species/501/White-wingedDove-thumbnail-4a940adfd5a6c78c73c48c5095e7b896.jpg","https://media.birdweather.com/species/501/White-wingedDove-png200-d65decd3d571b5a9dbeca249ef97689f.png","IscJLwb6hoVelZWZdoh3eIeIdxBoB4IG",15713431880,"https://media.birdweather.com/soundscapes/19267/19267-20260817-125123.flac",3,6,"live"
10518392061,19267,"2026-08-17T06:49:44.000-06:00",0.974302470684052,0.206990137696266,7.78012394211777,"almost_certain","BirdNET",NA,10.2198,-83.7874,FALSE,501,"White-winged Dove","Zenaida asiatica","#d16ff8","avian","https://media.birdweather.com/species/501/White-wingedDove-standard-6528ef689b07d5a91f1c2275cdef19c9.jpg","https://media.birdweather.com/species/501/White-wingedDove-thumbnail-4a940adfd5a6c78c73c48c5095e7b896.jpg","https://media.birdweather.com/species/501/White-wingedDove-png200-d65decd3d571b5a9dbeca249ef97689f.png","IscJLwb6hoVelZWZdoh3eIeIdxBoB4IG",15713381924,"https://media.birdweather.com/soundscapes/19267/19267-20260817-124938.flac",6,9,"live"
10518380035,19267,"2026-08-17T06:49:03.000-06:00",0.928678810596466,0.20699405670166,7.68416882987338,"almost_certain","BirdNET",NA,10.2198,-83.7874,FALSE,501,"White-winged Dove","Zenaida asiatica","#d16ff8","avian","https://media.birdweather.com/species/501/White-wingedDove-standard-6528ef689b07d5a91f1c2275cdef19c9.jpg","https://media.birdweather.com/species/501/White-wingedDove-thumbnail-4a940adfd5a6c78c73c48c5095e7b896.jpg","https://media.birdweather.com/species/501/White-wingedDove-png200-d65decd3d571b5a9dbeca249ef97689f.png","IscJLwb6hoVelZWZdoh3eIeIdxBoB4IG",15713362381,"https://media.birdweather.com/soundscapes/19267/19267-20260817-124857.flac",6,9,"live"
10518379999,19267,"2026-08-17T06:49:01.500-06:00",0.804616868495941,0.20699405670166,7.38301402396432,"almost_certain","BirdNET",NA,10.2198,-83.7874,FALSE,501,"White-winged Dove","Zenaida asiatica","#d16ff8","avian","https://media.birdweather.com/species/501/White-wingedDove-standard-6528ef689b07d5a91f1c2275cdef19c9.jpg","https://media.birdweather.com/species/501/White-wingedDove-thumbnail-4a940adfd5a6c78c73c48c5095e7b896.jpg","https://media.birdweather.com/species/501/White-wingedDove-png200-d65decd3d571b5a9dbeca249ef97689f.png","IscJLwb6hoVelZWZdoh3eIeIdxBoB4IG",15713362381,"https://media.birdweather.com/soundscapes/19267/19267-20260817-124857.flac",4.5,7.5,"live"
10518379974,19267,"2026-08-17T06:48:58.500-06:00",0.984767735004425,0.569282174110413,9.14647800230946,"almost_certain","BirdNET",NA,10.2198,-83.7874,FALSE,802,"Rufous-tailed Hummingbird","Amazilia tzacatl","#d9c845","avian","https://media.birdweather.com/species/802/Rufous-tailedHummingbird-standard-4d0209b50ad0c35c6d8337f5c0c16b55.jpg","https://media.birdweather.com/species/802/Rufous-tailedHummingbird-thumbnail-fbf17400c31564f70aa45927c5d75f5e.jpg","https://media.birdweather.com/species/802/Rufous-tailedHummingbird-png200-8ea431c9893cfe027e92471791a8c256.png","mPkJFwIHqJeJl4lriIaGhYh3+H+oVGAH",15713362381,"https://media.birdweather.com/soundscapes/19267/19267-20260817-124857.flac",1.5,4.5,"live"
10518375559,19267,"2026-08-17T06:48:46.500-06:00",0.802619338035583,0.20699405670166,7.37758010429253,"almost_certain","BirdNET",NA,10.2198,-83.7874,FALSE,501,"White-winged Dove","Zenaida asiatica","#d16ff8","avian","https://media.birdweather.com/species/501/White-wingedDove-standard-6528ef689b07d5a91f1c2275cdef19c9.jpg","https://media.birdweather.com/species/501/White-wingedDove-thumbnail-4a940adfd5a6c78c73c48c5095e7b896.jpg","https://media.birdweather.com/species/501/White-wingedDove-png200-d65decd3d571b5a9dbeca249ef97689f.png","IscJLwb6hoVelZWZdoh3eIeIdxBoB4IG",15713355365,"https://media.birdweather.com/soundscapes/19267/19267-20260817-124842.flac",4.5,7.5,"live"
10518375536,19267,"2026-08-17T06:48:45.000-06:00",0.830508470535278,0.20699405670166,7.45156397404936,"almost_certain","BirdNET",NA,10.2198,-83.7874,FALSE,501,"White-winged Dove","Zenaida asiatica","#d16ff8","avian","https://media.birdweather.com/species/501/White-wingedDove-standard-6528ef689b07d5a91f1c2275cdef19c9.jpg","https://media.birdweather.com/species/501/White-wingedDove-thumbnail-4a940adfd5a6c78c73c48c5095e7b896.jpg","https://media.birdweather.com/species/501/White-wingedDove-png200-d65decd3d571b5a9dbeca249ef97689f.png","IscJLwb6hoVelZWZdoh3eIeIdxBoB4IG",15713355365,"https://media.birdweather.com/soundscapes/19267/19267-20260817-124842.flac",3,6,"live"
10518371895,19267,"2026-08-17T06:48:31.500-06:00",0.98333078622818,0.20699405670166,7.7983700634935,"almost_certain","BirdNET",NA,10.2198,-83.7874,FALSE,501,"White-winged Dove","Zenaida asiatica","#d16ff8","avian","https://media.birdweather.com/species/501/White-wingedDove-standard-6528ef689b07d5a91f1c2275cdef19c9.jpg","https://media.birdweather.com/species/501/White-wingedDove-thumbnail-4a940adfd5a6c78c73c48c5095e7b896.jpg","https://media.birdweather.com/species/501/White-wingedDove-png200-d65decd3d571b5a9dbeca249ef97689f.png","IscJLwb6hoVelZWZdoh3eIeIdxBoB4IG",15713349409,"https://media.birdweather.com/soundscapes/19267/19267-20260817-124830.flac",1.5,4.5,"live"
10518371884,19267,"2026-08-17T06:48:30.000-06:00",0.979748547077179,0.20699405670166,7.79116919291245,"almost_certain","BirdNET",NA,10.2198,-83.7874,FALSE,501,"White-winged Dove","Zenaida asiatica","#d16ff8","avian","https://media.birdweather.com/species/501/White-wingedDove-standard-6528ef689b07d5a91f1c2275cdef19c9.jpg","https://media.birdweather.com/species/501/White-wingedDove-thumbnail-4a940adfd5a6c78c73c48c5095e7b896.jpg","https://media.birdweather.com/species/501/White-wingedDove-png200-d65decd3d571b5a9dbeca249ef97689f.png","IscJLwb6hoVelZWZdoh3eIeIdxBoB4IG",15713349409,"https://media.birdweather.com/soundscapes/19267/19267-20260817-124830.flac",0,3,"live"
10518368115,19267,"2026-08-17T06:48:24.000-06:00",0.804632365703583,0.20699405670166,7.38305609716834,"almost_certain","BirdNET",NA,10.2198,-83.7874,FALSE,501,"White-winged Dove","Zenaida asiatica","#d16ff8","avian","https://media.birdweather.com/species/501/White-wingedDove-standard-6528ef689b07d5a91f1c2275cdef19c9.jpg","https://media.birdweather.com/species/501/White-wingedDove-thumbnail-4a940adfd5a6c78c73c48c5095e7b896.jpg","https://media.birdweather.com/species/501/White-wingedDove-png200-d65decd3d571b5a9dbeca249ef97689f.png","IscJLwb6hoVelZWZdoh3eIeIdxBoB4IG",15713343446,"https://media.birdweather.com/soundscapes/19267/19267-20260817-124818.flac",6,9,"live"
10518368079,19267,"2026-08-17T06:48:22.500-06:00",0.859189331531525,0.20699405670166,7.52369747111796,"almost_certain","BirdNET",NA,10.2198,-83.7874,FALSE,501,"White-winged Dove","Zenaida asiatica","#d16ff8","avian","https://media.birdweather.com/species/501/White-wingedDove-standard-6528ef689b07d5a91f1c2275cdef19c9.jpg","https://media.birdweather.com/species/501/White-wingedDove-thumbnail-4a940adfd5a6c78c73c48c5095e7b896.jpg","https://media.birdweather.com/species/501/White-wingedDove-png200-d65decd3d571b5a9dbeca249ef97689f.png","IscJLwb6hoVelZWZdoh3eIeIdxBoB4IG",15713343446,"https://media.birdweather.com/soundscapes/19267/19267-20260817-124818.flac",4.5,7.5,"live"
10518297458,19267,"2026-08-17T06:44:18.500-06:00",0.949016869068146,0.207006320357323,7.72786461265865,"almost_certain","BirdNET",NA,10.2198,-83.7874,FALSE,501,"White-winged Dove","Zenaida asiatica","#d16ff8","avian","https://media.birdweather.com/species/501/White-wingedDove-standard-6528ef689b07d5a91f1c2275cdef19c9.jpg","https://media.birdweather.com/species/501/White-wingedDove-thumbnail-4a940adfd5a6c78c73c48c5095e7b896.jpg","https://media.birdweather.com/species/501/White-wingedDove-png200-d65decd3d571b5a9dbeca249ef97689f.png","IscJLwb6hoVelZWZdoh3eIeIdxBoB4IG",15713228804,"https://media.birdweather.com/soundscapes/19267/19267-20260817-124417.flac",1.5,4.5,"live"
10518297446,19267,"2026-08-17T06:44:17.000-06:00",0.805041491985321,0.207006320357323,7.3842437875466,"almost_certain","BirdNET",NA,10.2198,-83.7874,FALSE,501,"White-winged Dove","Zenaida asiatica","#d16ff8","avian","https://media.birdweather.com/species/501/White-wingedDove-standard-6528ef689b07d5a91f1c2275cdef19c9.jpg","https://media.birdweather.com/species/501/White-wingedDove-thumbnail-4a940adfd5a6c78c73c48c5095e7b896.jpg","https://media.birdweather.com/species/501/White-wingedDove-png200-d65decd3d571b5a9dbeca249ef97689f.png","IscJLwb6hoVelZWZdoh3eIeIdxBoB4IG",15713228804,"https://media.birdweather.com/soundscapes/19267/19267-20260817-124417.flac",0,3,"live"
10518217884,19267,"2026-08-17T06:39:47.000-06:00",0.781312167644501,0.20699368417263,7.31823340260296,"almost_certain","BirdNET",NA,10.2198,-83.7874,FALSE,501,"White-winged Dove","Zenaida asiatica","#d16ff8","avian","https://media.birdweather.com/species/501/White-wingedDove-standard-6528ef689b07d5a91f1c2275cdef19c9.jpg","https://media.birdweather.com/species/501/White-wingedDove-thumbnail-4a940adfd5a6c78c73c48c5095e7b896.jpg","https://media.birdweather.com/species/501/White-wingedDove-png200-d65decd3d571b5a9dbeca249ef97689f.png","IscJLwb6hoVelZWZdoh3eIeIdxBoB4IG",15713097105,"https://media.birdweather.com/soundscapes/19267/19267-20260817-123941.flac",6,9,"live"
10518182751,19267,"2026-08-17T06:37:40.500-06:00",0.903928577899933,0.206987634301186,7.62910284926218,"almost_certain","BirdNET",NA,10.2198,-83.7874,FALSE,501,"White-winged Dove","Zenaida asiatica","#d16ff8","avian","https://media.birdweather.com/species/501/White-wingedDove-standard-6528ef689b07d5a91f1c2275cdef19c9.jpg","https://media.birdweather.com/species/501/White-wingedDove-thumbnail-4a940adfd5a6c78c73c48c5095e7b896.jpg","https://media.birdweather.com/species/501/White-wingedDove-png200-d65decd3d571b5a9dbeca249ef97689f.png","IscJLwb6hoVelZWZdoh3eIeIdxBoB4IG",15713039000,"https://media.birdweather.com/soundscapes/19267/19267-20260817-123739.flac",1.5,4.5,"live"
10518174733,19267,"2026-08-17T06:37:10.000-06:00",0.88679838180542,0.206986427307129,7.58967395287041,"almost_certain","BirdNET",NA,10.2198,-83.7874,FALSE,501,"White-winged Dove","Zenaida asiatica","#d16ff8","avian","https://media.birdweather.com/species/501/White-wingedDove-standard-6528ef689b07d5a91f1c2275cdef19c9.jpg","https://media.birdweather.com/species/501/White-wingedDove-thumbnail-4a940adfd5a6c78c73c48c5095e7b896.jpg","https://media.birdweather.com/species/501/White-wingedDove-png200-d65decd3d571b5a9dbeca249ef97689f.png","IscJLwb6hoVelZWZdoh3eIeIdxBoB4IG",15713025735,"https://media.birdweather.com/soundscapes/19267/19267-20260817-123710.flac",0,3,"live"
10518162646,19267,"2026-08-17T06:36:35.000-06:00",0.781615734100342,0.207002878189087,7.3191552430381,"almost_certain","BirdNET",NA,10.2198,-83.7874,FALSE,501,"White-winged Dove","Zenaida asiatica","#d16ff8","avian","https://media.birdweather.com/species/501/White-wingedDove-standard-6528ef689b07d5a91f1c2275cdef19c9.jpg","https://media.birdweather.com/species/501/White-wingedDove-thumbnail-4a940adfd5a6c78c73c48c5095e7b896.jpg","https://media.birdweather.com/species/501/White-wingedDove-png200-d65decd3d571b5a9dbeca249ef97689f.png","IscJLwb6hoVelZWZdoh3eIeIdxBoB4IG",15713005928,"https://media.birdweather.com/soundscapes/19267/19267-20260817-123629.flac",6,9,"live"
10518158822,19267,"2026-08-17T06:36:19.000-06:00",0.81634110212326,0.782535493373871,9.18913360316078,"almost_certain","BirdNET",NA,10.2198,-83.7874,FALSE,229,"Great Kiskadee","Pitangus sulphuratus","#7d4410","avian","https://media.birdweather.com/species/229/GreatKiskadee-standard-cd28a1b8e8b8e5aed433e809c229004e.jpg","https://media.birdweather.com/species/229/GreatKiskadee-thumbnail-b2749ed2442fb322cf3c4cb72f9c97f6.jpg","https://media.birdweather.com/species/229/GreatKiskadee-png200-003973af4f863deb00a4ce9b6f10e59c.png","0PgFDwIrhYqfZJh1mVe3SZZ3uKEJBncG",15712999733,"https://media.birdweather.com/soundscapes/19267/19267-20260817-123616.flac",3,6,"live"
10518142912,19267,"2026-08-17T06:35:24.000-06:00",0.843418717384338,0.20700067281723,7.48454632088998,"almost_certain","BirdNET",NA,10.2198,-83.7874,FALSE,501,"White-winged Dove","Zenaida asiatica","#d16ff8","avian","https://media.birdweather.com/species/501/White-wingedDove-standard-6528ef689b07d5a91f1c2275cdef19c9.jpg","https://media.birdweather.com/species/501/White-wingedDove-thumbnail-4a940adfd5a6c78c73c48c5095e7b896.jpg","https://media.birdweather.com/species/501/White-wingedDove-png200-d65decd3d571b5a9dbeca249ef97689f.png","IscJLwb6hoVelZWZdoh3eIeIdxBoB4IG",15712973715,"https://media.birdweather.com/soundscapes/19267/19267-20260817-123521.flac",3,6,"live"
10518108128,19267,"2026-08-17T06:33:22.500-06:00",0.871659398078918,0.206986725330353,7.55386686701118,"almost_certain","BirdNET",NA,10.2198,-83.7874,FALSE,501,"White-winged Dove","Zenaida asiatica","#d16ff8","avian","https://media.birdweather.com/species/501/White-wingedDove-standard-6528ef689b07d5a91f1c2275cdef19c9.jpg","https://media.birdweather.com/species/501/White-wingedDove-thumbnail-4a940adfd5a6c78c73c48c5095e7b896.jpg","https://media.birdweather.com/species/501/White-wingedDove-png200-d65decd3d571b5a9dbeca249ef97689f.png","IscJLwb6hoVelZWZdoh3eIeIdxBoB4IG",15712916157,"https://media.birdweather.com/soundscapes/19267/19267-20260817-123321.flac",1.5,4.5,"live"
10517912281,19267,"2026-08-17T06:22:07.000-06:00",0.877637982368469,0.207000330090523,7.56820622527182,"almost_certain","BirdNET",NA,10.2198,-83.7874,FALSE,501,"White-winged Dove","Zenaida asiatica","#d16ff8","avian","https://media.birdweather.com/species/501/White-wingedDove-standard-6528ef689b07d5a91f1c2275cdef19c9.jpg","https://media.birdweather.com/species/501/White-wingedDove-thumbnail-4a940adfd5a6c78c73c48c5095e7b896.jpg","https://media.birdweather.com/species/501/White-wingedDove-png200-d65decd3d571b5a9dbeca249ef97689f.png","IscJLwb6hoVelZWZdoh3eIeIdxBoB4IG",15712590880,"https://media.birdweather.com/soundscapes/19267/19267-20260817-122201.flac",6,9,"live"
10517908640,19267,"2026-08-17T06:21:52.500-06:00",0.964532971382141,0.207000330090523,7.76019412199163,"almost_certain","BirdNET",NA,10.2198,-83.7874,FALSE,501,"White-winged Dove","Zenaida asiatica","#d16ff8","avian","https://media.birdweather.com/species/501/White-wingedDove-standard-6528ef689b07d5a91f1c2275cdef19c9.jpg","https://media.birdweather.com/species/501/White-wingedDove-thumbnail-4a940adfd5a6c78c73c48c5095e7b896.jpg","https://media.birdweather.com/species/501/White-wingedDove-png200-d65decd3d571b5a9dbeca249ef97689f.png","IscJLwb6hoVelZWZdoh3eIeIdxBoB4IG",15712585092,"https://media.birdweather.com/soundscapes/19267/19267-20260817-122148.flac",4.5,7.5,"live"
10517904422,19267,"2026-08-17T06:21:37.000-06:00",0.726815223693848,0.207000330090523,7.15364949129489,"almost_certain","BirdNET",NA,10.2198,-83.7874,FALSE,501,"White-winged Dove","Zenaida asiatica","#d16ff8","avian","https://media.birdweather.com/species/501/White-wingedDove-standard-6528ef689b07d5a91f1c2275cdef19c9.jpg","https://media.birdweather.com/species/501/White-wingedDove-thumbnail-4a940adfd5a6c78c73c48c5095e7b896.jpg","https://media.birdweather.com/species/501/White-wingedDove-png200-d65decd3d571b5a9dbeca249ef97689f.png","IscJLwb6hoVelZWZdoh3eIeIdxBoB4IG",15712578432,"https://media.birdweather.com/soundscapes/19267/19267-20260817-122134.flac",3,6,"live"
10517904414,19267,"2026-08-17T06:21:35.500-06:00",0.924090921878815,0.207000330090523,7.67417397376707,"almost_certain","BirdNET",NA,10.2198,-83.7874,FALSE,501,"White-winged Dove","Zenaida asiatica","#d16ff8","avian","https://media.birdweather.com/species/501/White-wingedDove-standard-6528ef689b07d5a91f1c2275cdef19c9.jpg","https://media.birdweather.com/species/501/White-wingedDove-thumbnail-4a940adfd5a6c78c73c48c5095e7b896.jpg","https://media.birdweather.com/species/501/White-wingedDove-png200-d65decd3d571b5a9dbeca249ef97689f.png","IscJLwb6hoVelZWZdoh3eIeIdxBoB4IG",15712578432,"https://media.birdweather.com/soundscapes/19267/19267-20260817-122134.flac",1.5,4.5,"live"
10517904398,19267,"2026-08-17T06:21:34.000-06:00",0.80201518535614,0.207000330090523,7.37597196895035,"almost_certain","BirdNET",NA,10.2198,-83.7874,FALSE,501,"White-winged Dove","Zenaida asiatica","#d16ff8","avian","https://media.birdweather.com/species/501/White-wingedDove-standard-6528ef689b07d5a91f1c2275cdef19c9.jpg","https://media.birdweather.com/species/501/White-wingedDove-thumbnail-4a940adfd5a6c78c73c48c5095e7b896.jpg","https://media.birdweather.com/species/501/White-wingedDove-png200-d65decd3d571b5a9dbeca249ef97689f.png","IscJLwb6hoVelZWZdoh3eIeIdxBoB4IG",15712578432,"https://media.birdweather.com/soundscapes/19267/19267-20260817-122134.flac",0,3,"live"
10517896665,19267,"2026-08-17T06:21:13.000-06:00",0.934014022350311,0.601990699768066,9.11622668080491,"almost_certain","BirdNET",NA,10.2198,-83.7874,FALSE,121,"Social Flycatcher","Myiozetetes similis","#69b9ff","avian","https://media.birdweather.com/species/121/SocialFlycatcher-standard-6e107581e61c9f556b3a0af5200f486a.jpg","https://media.birdweather.com/species/121/SocialFlycatcher-thumbnail-87f640fcaf1441ecbbd56b57372185a8.jpg","https://media.birdweather.com/species/121/SocialFlycatcher-png200-2f6dd485cf927db0dd7fd9abc239fb19.png","2xkKJwIJh3ekeXh0e5Z4eYaIdyApd5AC",15712566071,"https://media.birdweather.com/soundscapes/19267/19267-20260817-122107.flac",6,9,"live"
10517896654,19267,"2026-08-17T06:21:11.500-06:00",0.701483428478241,0.601990699768066,8.49026708705491,"almost_certain","BirdNET",NA,10.2198,-83.7874,FALSE,121,"Social Flycatcher","Myiozetetes similis","#69b9ff","avian","https://media.birdweather.com/species/121/SocialFlycatcher-standard-6e107581e61c9f556b3a0af5200f486a.jpg","https://media.birdweather.com/species/121/SocialFlycatcher-thumbnail-87f640fcaf1441ecbbd56b57372185a8.jpg","https://media.birdweather.com/species/121/SocialFlycatcher-png200-2f6dd485cf927db0dd7fd9abc239fb19.png","2xkKJwIJh3ekeXh0e5Z4eYaIdyApd5AC",15712566071,"https://media.birdweather.com/soundscapes/19267/19267-20260817-122107.flac",4.5,7.5,"live"
10517896641,19267,"2026-08-17T06:21:08.500-06:00",0.911510467529297,0.569279670715332,8.9914598218194,"almost_certain","BirdNET",NA,10.2198,-83.7874,FALSE,802,"Rufous-tailed Hummingbird","Amazilia tzacatl","#d9c845","avian","https://media.birdweather.com/species/802/Rufous-tailedHummingbird-standard-4d0209b50ad0c35c6d8337f5c0c16b55.jpg","https://media.birdweather.com/species/802/Rufous-tailedHummingbird-thumbnail-fbf17400c31564f70aa45927c5d75f5e.jpg","https://media.birdweather.com/species/802/Rufous-tailedHummingbird-png200-8ea431c9893cfe027e92471791a8c256.png","mPkJFwIHqJeJl4lriIaGhYh3+H+oVGAH",15712566071,"https://media.birdweather.com/soundscapes/19267/19267-20260817-122107.flac",1.5,4.5,"live"
10517892124,19267,"2026-08-17T06:20:58.000-06:00",0.861811280250549,0.0268166046589613,5.09983438693782,"almost_certain","BirdNET",NA,10.2198,-83.7874,FALSE,2125,"Orange-collared Manakin","Manacus aurantiacus","#60d8d9","avian","https://media.birdweather.com/species/2125/Orange-collaredManakin-standard-4ee1b97d973d30332e729d49303250f9.jpg","https://media.birdweather.com/species/2125/Orange-collaredManakin-thumbnail-de5120d09d0c54efe6e3aea49b88d1d5.jpg","https://media.birdweather.com/species/2125/Orange-collaredManakin-png200-c18cd3a9e49f696cb7680e43aad501b9.png","lekFJwSuVmh26XQ62AtGiVZ4xgiVCboC",15712558537,"https://media.birdweather.com/soundscapes/19267/19267-20260817-122052.flac",6,9,"live"
10517892081,19267,"2026-08-17T06:20:55.000-06:00",0.939814448356628,0.601990878582001,9.12870386071915,"almost_certain","BirdNET",NA,10.2198,-83.7874,FALSE,121,"Social Flycatcher","Myiozetetes similis","#69b9ff","avian","https://media.birdweather.com/species/121/SocialFlycatcher-standard-6e107581e61c9f556b3a0af5200f486a.jpg","https://media.birdweather.com/species/121/SocialFlycatcher-thumbnail-87f640fcaf1441ecbbd56b57372185a8.jpg","https://media.birdweather.com/species/121/SocialFlycatcher-png200-2f6dd485cf927db0dd7fd9abc239fb19.png","2xkKJwIJh3ekeXh0e5Z4eYaIdyApd5AC",15712558537,"https://media.birdweather.com/soundscapes/19267/19267-20260817-122052.flac",3,6,"live"
10517892052,19267,"2026-08-17T06:20:53.500-06:00",0.994855523109436,0.601990878582001,9.24176411583589,"almost_certain","BirdNET",NA,10.2198,-83.7874,FALSE,121,"Social Flycatcher","Myiozetetes similis","#69b9ff","avian","https://media.birdweather.com/species/121/SocialFlycatcher-standard-6e107581e61c9f556b3a0af5200f486a.jpg","https://media.birdweather.com/species/121/SocialFlycatcher-thumbnail-87f640fcaf1441ecbbd56b57372185a8.jpg","https://media.birdweather.com/species/121/SocialFlycatcher-png200-2f6dd485cf927db0dd7fd9abc239fb19.png","2xkKJwIJh3ekeXh0e5Z4eYaIdyApd5AC",15712558537,"https://media.birdweather.com/soundscapes/19267/19267-20260817-122052.flac",1.5,4.5,"live"
10517892033,19267,"2026-08-17T06:20:52.000-06:00",0.991494417190552,0.601990878582001,9.23512116949601,"almost_certain","BirdNET",NA,10.2198,-83.7874,FALSE,121,"Social Flycatcher","Myiozetetes similis","#69b9ff","avian","https://media.birdweather.com/species/121/SocialFlycatcher-standard-6e107581e61c9f556b3a0af5200f486a.jpg","https://media.birdweather.com/species/121/SocialFlycatcher-thumbnail-87f640fcaf1441ecbbd56b57372185a8.jpg","https://media.birdweather.com/species/121/SocialFlycatcher-png200-2f6dd485cf927db0dd7fd9abc239fb19.png","2xkKJwIJh3ekeXh0e5Z4eYaIdyApd5AC",15712558537,"https://media.birdweather.com/soundscapes/19267/19267-20260817-122052.flac",0,3,"live"
10517844038,19267,"2026-08-17T06:18:11.000-06:00",0.876974999904633,0.20701014995575,7.56669490323073,"almost_certain","BirdNET",NA,10.2198,-83.7874,FALSE,501,"White-winged Dove","Zenaida asiatica","#d16ff8","avian","https://media.birdweather.com/species/501/White-wingedDove-standard-6528ef689b07d5a91f1c2275cdef19c9.jpg","https://media.birdweather.com/species/501/White-wingedDove-thumbnail-4a940adfd5a6c78c73c48c5095e7b896.jpg","https://media.birdweather.com/species/501/White-wingedDove-png200-d65decd3d571b5a9dbeca249ef97689f.png","IscJLwb6hoVelZWZdoh3eIeIdxBoB4IG",15712479605,"https://media.birdweather.com/soundscapes/19267/19267-20260817-121808.flac",3,6,"live"
10517844017,19267,"2026-08-17T06:18:09.500-06:00",0.775792360305786,0.20701014995575,7.3025350698448,"almost_certain","BirdNET",NA,10.2198,-83.7874,FALSE,501,"White-winged Dove","Zenaida asiatica","#d16ff8","avian","https://media.birdweather.com/species/501/White-wingedDove-standard-6528ef689b07d5a91f1c2275cdef19c9.jpg","https://media.birdweather.com/species/501/White-wingedDove-thumbnail-4a940adfd5a6c78c73c48c5095e7b896.jpg","https://media.birdweather.com/species/501/White-wingedDove-png200-d65decd3d571b5a9dbeca249ef97689f.png","IscJLwb6hoVelZWZdoh3eIeIdxBoB4IG",15712479605,"https://media.birdweather.com/soundscapes/19267/19267-20260817-121808.flac",1.5,4.5,"live"
10517794131,19267,"2026-08-17T06:15:17.500-06:00",0.834455728530884,0.408673733472824,8.36211385150581,"almost_certain","BirdNET",NA,10.2198,-83.7874,FALSE,321,"Palm Tanager","Thraupis palmarum","#008efd","avian","https://media.birdweather.com/species/321/PalmTanager-standard-cbade2e4973d8cb57c4014568207591d.jpg","https://media.birdweather.com/species/321/PalmTanager-thumbnail-66ffacacc3b9c5f5dad0cf97c949e40f.jpg","https://media.birdweather.com/species/321/PalmTanager-png200-100c123f8e9a99aad801e3e79a865873.png","lvkJHwR/d2lneYlEp0hrx2iL+XtlNZgA",15712396727,"https://media.birdweather.com/soundscapes/19267/19267-20260817-121513.flac",4.5,7.5,"live"
10517762356,19267,"2026-08-17T06:13:33.000-06:00",0.940825402736664,0.206978365778923,7.71028682894192,"almost_certain","BirdNET",NA,10.2198,-83.7874,FALSE,501,"White-winged Dove","Zenaida asiatica","#d16ff8","avian","https://media.birdweather.com/species/501/White-wingedDove-standard-6528ef689b07d5a91f1c2275cdef19c9.jpg","https://media.birdweather.com/species/501/White-wingedDove-thumbnail-4a940adfd5a6c78c73c48c5095e7b896.jpg","https://media.birdweather.com/species/501/White-wingedDove-png200-d65decd3d571b5a9dbeca249ef97689f.png","IscJLwb6hoVelZWZdoh3eIeIdxBoB4IG",15712345288,"https://media.birdweather.com/soundscapes/19267/19267-20260817-121327.flac",6,9,"live"
10517762322,19267,"2026-08-17T06:13:31.500-06:00",0.725640654563904,0.206978365778923,7.1497354632668,"almost_certain","BirdNET",NA,10.2198,-83.7874,FALSE,501,"White-winged Dove","Zenaida asiatica","#d16ff8","avian","https://media.birdweather.com/species/501/White-wingedDove-standard-6528ef689b07d5a91f1c2275cdef19c9.jpg","https://media.birdweather.com/species/501/White-wingedDove-thumbnail-4a940adfd5a6c78c73c48c5095e7b896.jpg","https://media.birdweather.com/species/501/White-wingedDove-png200-d65decd3d571b5a9dbeca249ef97689f.png","IscJLwb6hoVelZWZdoh3eIeIdxBoB4IG",15712345288,"https://media.birdweather.com/soundscapes/19267/19267-20260817-121327.flac",4.5,7.5,"live"
10517758592,19267,"2026-08-17T06:13:14.000-06:00",0.826592087745667,0.205404251813889,7.43133843904413,"almost_certain","BirdNET",NA,10.2198,-83.7874,FALSE,864,"Yellow-faced Grassquit","Tiaris olivaceus","#c70033","avian","https://media.birdweather.com/species/864/Yellow-facedGrassquit-standard-bc13eb67e9183acb9c902fa38205f1cc.jpg","https://media.birdweather.com/species/864/Yellow-facedGrassquit-thumbnail-c24b9b26edf65943c571eefcc409a249.jpg","https://media.birdweather.com/species/864/Yellow-facedGrassquit-png200-3a314b765c10030d7f0761598680fa1f.png","WPgJJwZAunewh4dqloeXdoeVCmVncJQI",15712339488,"https://media.birdweather.com/soundscapes/19267/19267-20260817-121314.flac",0,3,"live"
10517732223,19267,"2026-08-17T06:11:49.500-06:00",0.888036608695984,0.206979781389236,7.59251983785179,"almost_certain","BirdNET",NA,10.2198,-83.7874,FALSE,501,"White-winged Dove","Zenaida asiatica","#d16ff8","avian","https://media.birdweather.com/species/501/White-wingedDove-standard-6528ef689b07d5a91f1c2275cdef19c9.jpg","https://media.birdweather.com/species/501/White-wingedDove-thumbnail-4a940adfd5a6c78c73c48c5095e7b896.jpg","https://media.birdweather.com/species/501/White-wingedDove-png200-d65decd3d571b5a9dbeca249ef97689f.png","IscJLwb6hoVelZWZdoh3eIeIdxBoB4IG",15712296958,"https://media.birdweather.com/soundscapes/19267/19267-20260817-121145.flac",4.5,7.5,"live"
10517562852,19267,"2026-08-17T06:02:07.000-06:00",0.755328953266144,0.601994276046753,8.66269489947976,"almost_certain","BirdNET",NA,10.2198,-83.7874,FALSE,121,"Social Flycatcher","Myiozetetes similis","#69b9ff","avian","https://media.birdweather.com/species/121/SocialFlycatcher-standard-6e107581e61c9f556b3a0af5200f486a.jpg","https://media.birdweather.com/species/121/SocialFlycatcher-thumbnail-87f640fcaf1441ecbbd56b57372185a8.jpg","https://media.birdweather.com/species/121/SocialFlycatcher-png200-2f6dd485cf927db0dd7fd9abc239fb19.png","2xkKJwIJh3ekeXh0e5Z4eYaIdyApd5AC",15712017265,"https://media.birdweather.com/soundscapes/19267/19267-20260817-120201.flac",6,9,"live"
10517562804,19267,"2026-08-17T06:02:05.500-06:00",0.854649603366852,0.601994276046753,8.93301841835721,"almost_certain","BirdNET",NA,10.2198,-83.7874,FALSE,121,"Social Flycatcher","Myiozetetes similis","#69b9ff","avian","https://media.birdweather.com/species/121/SocialFlycatcher-standard-6e107581e61c9f556b3a0af5200f486a.jpg","https://media.birdweather.com/species/121/SocialFlycatcher-thumbnail-87f640fcaf1441ecbbd56b57372185a8.jpg","https://media.birdweather.com/species/121/SocialFlycatcher-png200-2f6dd485cf927db0dd7fd9abc239fb19.png","2xkKJwIJh3ekeXh0e5Z4eYaIdyApd5AC",15712017265,"https://media.birdweather.com/soundscapes/19267/19267-20260817-120201.flac",4.5,7.5,"live"
10517459133,19267,"2026-08-17T05:56:07.500-06:00",0.869496643543243,0.100665681064129,6.62622223393881,"almost_certain","BirdNET",NA,10.2198,-83.7874,FALSE,603,"Tropical Mockingbird","Mimus gilvus","#006e2a","avian","https://media.birdweather.com/species/603/TropicalMockingbird-standard-33be42788a38707b12f757d28526a492.jpg","https://media.birdweather.com/species/603/TropicalMockingbird-thumbnail-4f6417f6928c80a2cb70eb341f54fd79.jpg","https://media.birdweather.com/species/603/TropicalMockingbird-png200-9e94d27578943cfad1e7923fe23d2300.png","q+cJFwL4VohclXidhXh5aJh4qDAaGKYA",15711846890,"https://media.birdweather.com/soundscapes/19267/19267-20260817-115603.flac",4.5,7.5,"live"
10517407788,19267,"2026-08-17T05:53:16.000-06:00",0.986824452877045,0.601991355419159,9.2258386441089,"almost_certain","BirdNET",NA,10.2198,-83.7874,FALSE,121,"Social Flycatcher","Myiozetetes similis","#69b9ff","avian","https://media.birdweather.com/species/121/SocialFlycatcher-standard-6e107581e61c9f556b3a0af5200f486a.jpg","https://media.birdweather.com/species/121/SocialFlycatcher-thumbnail-87f640fcaf1441ecbbd56b57372185a8.jpg","https://media.birdweather.com/species/121/SocialFlycatcher-png200-2f6dd485cf927db0dd7fd9abc239fb19.png","2xkKJwIJh3ekeXh0e5Z4eYaIdyApd5AC",15711763651,"https://media.birdweather.com/soundscapes/19267/19267-20260817-115310.flac",6,9,"live"
10517407757,19267,"2026-08-17T05:53:14.500-06:00",0.994128346443176,0.601991355419159,9.2403307071209,"almost_certain","BirdNET",NA,10.2198,-83.7874,FALSE,121,"Social Flycatcher","Myiozetetes similis","#69b9ff","avian","https://media.birdweather.com/species/121/SocialFlycatcher-standard-6e107581e61c9f556b3a0af5200f486a.jpg","https://media.birdweather.com/species/121/SocialFlycatcher-thumbnail-87f640fcaf1441ecbbd56b57372185a8.jpg","https://media.birdweather.com/species/121/SocialFlycatcher-png200-2f6dd485cf927db0dd7fd9abc239fb19.png","2xkKJwIJh3ekeXh0e5Z4eYaIdyApd5AC",15711763651,"https://media.birdweather.com/soundscapes/19267/19267-20260817-115310.flac",4.5,7.5,"live"
10517407724,19267,"2026-08-17T05:53:13.000-06:00",0.929697871208191,0.601991355419159,9.10686976537286,"almost_certain","BirdNET",NA,10.2198,-83.7874,FALSE,121,"Social Flycatcher","Myiozetetes similis","#69b9ff","avian","https://media.birdweather.com/species/121/SocialFlycatcher-standard-6e107581e61c9f556b3a0af5200f486a.jpg","https://media.birdweather.com/species/121/SocialFlycatcher-thumbnail-87f640fcaf1441ecbbd56b57372185a8.jpg","https://media.birdweather.com/species/121/SocialFlycatcher-png200-2f6dd485cf927db0dd7fd9abc239fb19.png","2xkKJwIJh3ekeXh0e5Z4eYaIdyApd5AC",15711763651,"https://media.birdweather.com/soundscapes/19267/19267-20260817-115310.flac",3,6,"live"
10517407698,19267,"2026-08-17T05:53:11.500-06:00",0.705070495605469,0.601991355419159,8.50245450843611,"almost_certain","BirdNET",NA,10.2198,-83.7874,FALSE,121,"Social Flycatcher","Myiozetetes similis","#69b9ff","avian","https://media.birdweather.com/species/121/SocialFlycatcher-standard-6e107581e61c9f556b3a0af5200f486a.jpg","https://media.birdweather.com/species/121/SocialFlycatcher-thumbnail-87f640fcaf1441ecbbd56b57372185a8.jpg","https://media.birdweather.com/species/121/SocialFlycatcher-png200-2f6dd485cf927db0dd7fd9abc239fb19.png","2xkKJwIJh3ekeXh0e5Z4eYaIdyApd5AC",15711763651,"https://media.birdweather.com/soundscapes/19267/19267-20260817-115310.flac",1.5,4.5,"live"
10517407671,19267,"2026-08-17T05:53:10.000-06:00",0.965685665607452,0.601991355419159,9.18301087285774,"almost_certain","BirdNET",NA,10.2198,-83.7874,FALSE,121,"Social Flycatcher","Myiozetetes similis","#69b9ff","avian","https://media.birdweather.com/species/121/SocialFlycatcher-standard-6e107581e61c9f556b3a0af5200f486a.jpg","https://media.birdweather.com/species/121/SocialFlycatcher-thumbnail-87f640fcaf1441ecbbd56b57372185a8.jpg","https://media.birdweather.com/species/121/SocialFlycatcher-png200-2f6dd485cf927db0dd7fd9abc239fb19.png","2xkKJwIJh3ekeXh0e5Z4eYaIdyApd5AC",15711763651,"https://media.birdweather.com/soundscapes/19267/19267-20260817-115310.flac",0,3,"live"
10517356496,19267,"2026-08-17T05:50:22.000-06:00",0.989690780639648,0.782531261444092,9.58570807264834,"almost_certain","BirdNET",NA,10.2198,-83.7874,FALSE,229,"Great Kiskadee","Pitangus sulphuratus","#7d4410","avian","https://media.birdweather.com/species/229/GreatKiskadee-standard-cd28a1b8e8b8e5aed433e809c229004e.jpg","https://media.birdweather.com/species/229/GreatKiskadee-thumbnail-b2749ed2442fb322cf3c4cb72f9c97f6.jpg","https://media.birdweather.com/species/229/GreatKiskadee-png200-003973af4f863deb00a4ce9b6f10e59c.png","0PgFDwIrhYqfZJh1mVe3SZZ3uKEJBncG",15711679553,"https://media.birdweather.com/soundscapes/19267/19267-20260817-115016.flac",6,9,"live"
10517356489,19267,"2026-08-17T05:50:20.500-06:00",0.99161571264267,0.782531261444092,9.58952642659671,"almost_certain","BirdNET",NA,10.2198,-83.7874,FALSE,229,"Great Kiskadee","Pitangus sulphuratus","#7d4410","avian","https://media.birdweather.com/species/229/GreatKiskadee-standard-cd28a1b8e8b8e5aed433e809c229004e.jpg","https://media.birdweather.com/species/229/GreatKiskadee-thumbnail-b2749ed2442fb322cf3c4cb72f9c97f6.jpg","https://media.birdweather.com/species/229/GreatKiskadee-png200-003973af4f863deb00a4ce9b6f10e59c.png","0PgFDwIrhYqfZJh1mVe3SZZ3uKEJBncG",15711679553,"https://media.birdweather.com/soundscapes/19267/19267-20260817-115016.flac",4.5,7.5,"live"
10517345272,19267,"2026-08-17T05:49:41.000-06:00",0.895293951034546,0.782529532909393,9.38405747772238,"almost_certain","BirdNET",NA,10.2198,-83.7874,FALSE,229,"Great Kiskadee","Pitangus sulphuratus","#7d4410","avian","https://media.birdweather.com/species/229/GreatKiskadee-standard-cd28a1b8e8b8e5aed433e809c229004e.jpg","https://media.birdweather.com/species/229/GreatKiskadee-thumbnail-b2749ed2442fb322cf3c4cb72f9c97f6.jpg","https://media.birdweather.com/species/229/GreatKiskadee-png200-003973af4f863deb00a4ce9b6f10e59c.png","0PgFDwIrhYqfZJh1mVe3SZZ3uKEJBncG",15711661198,"https://media.birdweather.com/soundscapes/19267/19267-20260817-114938.flac",3,6,"live"
10517345244,19267,"2026-08-17T05:49:39.500-06:00",0.948283493518829,0.782529532909393,9.50088117505701,"almost_certain","BirdNET",NA,10.2198,-83.7874,FALSE,229,"Great Kiskadee","Pitangus sulphuratus","#7d4410","avian","https://media.birdweather.com/species/229/GreatKiskadee-standard-cd28a1b8e8b8e5aed433e809c229004e.jpg","https://media.birdweather.com/species/229/GreatKiskadee-thumbnail-b2749ed2442fb322cf3c4cb72f9c97f6.jpg","https://media.birdweather.com/species/229/GreatKiskadee-png200-003973af4f863deb00a4ce9b6f10e59c.png","0PgFDwIrhYqfZJh1mVe3SZZ3uKEJBncG",15711661198,"https://media.birdweather.com/soundscapes/19267/19267-20260817-114938.flac",1.5,4.5,"live"
10517345214,19267,"2026-08-17T05:49:38.000-06:00",0.844371497631073,0.782529532909393,9.26154741279073,"almost_certain","BirdNET",NA,10.2198,-83.7874,FALSE,229,"Great Kiskadee","Pitangus sulphuratus","#7d4410","avian","https://media.birdweather.com/species/229/GreatKiskadee-standard-cd28a1b8e8b8e5aed433e809c229004e.jpg","https://media.birdweather.com/species/229/GreatKiskadee-thumbnail-b2749ed2442fb322cf3c4cb72f9c97f6.jpg","https://media.birdweather.com/species/229/GreatKiskadee-png200-003973af4f863deb00a4ce9b6f10e59c.png","0PgFDwIrhYqfZJh1mVe3SZZ3uKEJBncG",15711661198,"https://media.birdweather.com/soundscapes/19267/19267-20260817-114938.flac",0,3,"live"
10517337274,19267,"2026-08-17T05:49:12.500-06:00",0.837846398353577,0.782536149024963,9.24503815751034,"almost_certain","BirdNET",NA,10.2198,-83.7874,FALSE,229,"Great Kiskadee","Pitangus sulphuratus","#7d4410","avian","https://media.birdweather.com/species/229/GreatKiskadee-standard-cd28a1b8e8b8e5aed433e809c229004e.jpg","https://media.birdweather.com/species/229/GreatKiskadee-thumbnail-b2749ed2442fb322cf3c4cb72f9c97f6.jpg","https://media.birdweather.com/species/229/GreatKiskadee-png200-003973af4f863deb00a4ce9b6f10e59c.png","0PgFDwIrhYqfZJh1mVe3SZZ3uKEJBncG",15711648671,"https://media.birdweather.com/soundscapes/19267/19267-20260817-114911.flac",1.5,4.5,"live"
10517181028,19267,"2026-08-17T05:40:24.000-06:00",0.909549534320831,0.170305609703064,7.38808854388998,"almost_certain","BirdNET",NA,10.2198,-83.7874,FALSE,1150,"White-crowned Parrot","Pionus senilis","#723990","avian","https://media.birdweather.com/species/1150/White-crownedParrot-standard-fba8664704e4670f70917d29327f1cab.jpg","https://media.birdweather.com/species/1150/White-crownedParrot-thumbnail-2e09ce5903724db35096c93f72eb7b4c.jpg","https://media.birdweather.com/species/1150/White-crownedParrot-png200-10c1d695926bb0180cd3384503985495.png","WggGDwK3tniUiYqPiVebyMa0jqr4l2sP",15711395201,"https://media.birdweather.com/soundscapes/19267/19267-20260817-114021.flac",3,6,"live"
10517180997,19267,"2026-08-17T05:40:22.500-06:00",0.938168704509735,0.170305609703064,7.45094751338106,"almost_certain","BirdNET",NA,10.2198,-83.7874,FALSE,1150,"White-crowned Parrot","Pionus senilis","#723990","avian","https://media.birdweather.com/species/1150/White-crownedParrot-standard-fba8664704e4670f70917d29327f1cab.jpg","https://media.birdweather.com/species/1150/White-crownedParrot-thumbnail-2e09ce5903724db35096c93f72eb7b4c.jpg","https://media.birdweather.com/species/1150/White-crownedParrot-png200-10c1d695926bb0180cd3384503985495.png","WggGDwK3tniUiYqPiVebyMa0jqr4l2sP",15711395201,"https://media.birdweather.com/soundscapes/19267/19267-20260817-114021.flac",1.5,4.5,"live"
10517180937,19267,"2026-08-17T05:40:21.000-06:00",0.921026587486267,0.170305609703064,7.41364408407303,"almost_certain","BirdNET",NA,10.2198,-83.7874,FALSE,1150,"White-crowned Parrot","Pionus senilis","#723990","avian","https://media.birdweather.com/species/1150/White-crownedParrot-standard-fba8664704e4670f70917d29327f1cab.jpg","https://media.birdweather.com/species/1150/White-crownedParrot-thumbnail-2e09ce5903724db35096c93f72eb7b4c.jpg","https://media.birdweather.com/species/1150/White-crownedParrot-png200-10c1d695926bb0180cd3384503985495.png","WggGDwK3tniUiYqPiVebyMa0jqr4l2sP",15711395201,"https://media.birdweather.com/soundscapes/19267/19267-20260817-114021.flac",0,3,"live"
10517083927,19267,"2026-08-17T05:34:51.500-06:00",0.728448927402496,0.782535433769226,8.93349690335831,"almost_certain","BirdNET",NA,10.2198,-83.7874,FALSE,229,"Great Kiskadee","Pitangus sulphuratus","#7d4410","avian","https://media.birdweather.com/species/229/GreatKiskadee-standard-cd28a1b8e8b8e5aed433e809c229004e.jpg","https://media.birdweather.com/species/229/GreatKiskadee-thumbnail-b2749ed2442fb322cf3c4cb72f9c97f6.jpg","https://media.birdweather.com/species/229/GreatKiskadee-png200-003973af4f863deb00a4ce9b6f10e59c.png","0PgFDwIrhYqfZJh1mVe3SZZ3uKEJBncG",15711236915,"https://media.birdweather.com/soundscapes/19267/19267-20260817-113450.flac",1.5,4.5,"live"
10517005755,19267,"2026-08-17T05:30:19.500-06:00",0.787223339080811,0.601993501186371,8.75544557320724,"almost_certain","BirdNET",NA,10.2198,-83.7874,FALSE,121,"Social Flycatcher","Myiozetetes similis","#69b9ff","avian","https://media.birdweather.com/species/121/SocialFlycatcher-standard-6e107581e61c9f556b3a0af5200f486a.jpg","https://media.birdweather.com/species/121/SocialFlycatcher-thumbnail-87f640fcaf1441ecbbd56b57372185a8.jpg","https://media.birdweather.com/species/121/SocialFlycatcher-png200-2f6dd485cf927db0dd7fd9abc239fb19.png","2xkKJwIJh3ekeXh0e5Z4eYaIdyApd5AC",15711107517,"https://media.birdweather.com/soundscapes/19267/19267-20260817-113018.flac",1.5,4.5,"live"
10516942570,19267,"2026-08-17T05:26:36.000-06:00",0.991289258003235,0.782534122467041,9.58888455577958,"almost_certain","BirdNET",NA,10.2198,-83.7874,FALSE,229,"Great Kiskadee","Pitangus sulphuratus","#7d4410","avian","https://media.birdweather.com/species/229/GreatKiskadee-standard-cd28a1b8e8b8e5aed433e809c229004e.jpg","https://media.birdweather.com/species/229/GreatKiskadee-thumbnail-b2749ed2442fb322cf3c4cb72f9c97f6.jpg","https://media.birdweather.com/species/229/GreatKiskadee-png200-003973af4f863deb00a4ce9b6f10e59c.png","0PgFDwIrhYqfZJh1mVe3SZZ3uKEJBncG",15710999036,"https://media.birdweather.com/soundscapes/19267/19267-20260817-112630.flac",6,9,"live"
10516869363,19267,"2026-08-17T05:22:04.500-06:00",0.715031504631042,0.782536089420319,8.88990859664895,"almost_certain","BirdNET",NA,10.2198,-83.7874,FALSE,229,"Great Kiskadee","Pitangus sulphuratus","#7d4410","avian","https://media.birdweather.com/species/229/GreatKiskadee-standard-cd28a1b8e8b8e5aed433e809c229004e.jpg","https://media.birdweather.com/species/229/GreatKiskadee-thumbnail-b2749ed2442fb322cf3c4cb72f9c97f6.jpg","https://media.birdweather.com/species/229/GreatKiskadee-png200-003973af4f863deb00a4ce9b6f10e59c.png","0PgFDwIrhYqfZJh1mVe3SZZ3uKEJBncG",15710871572,"https://media.birdweather.com/soundscapes/19267/19267-20260817-112203.flac",1.5,4.5,"live"
10516809118,19267,"2026-08-17T05:18:21.500-06:00",0.746767103672028,0.78253573179245,8.99085369644981,"almost_certain","BirdNET",NA,10.2198,-83.7874,FALSE,229,"Great Kiskadee","Pitangus sulphuratus","#7d4410","avian","https://media.birdweather.com/species/229/GreatKiskadee-standard-cd28a1b8e8b8e5aed433e809c229004e.jpg","https://media.birdweather.com/species/229/GreatKiskadee-thumbnail-b2749ed2442fb322cf3c4cb72f9c97f6.jpg","https://media.birdweather.com/species/229/GreatKiskadee-png200-003973af4f863deb00a4ce9b6f10e59c.png","0PgFDwIrhYqfZJh1mVe3SZZ3uKEJBncG",15710764420,"https://media.birdweather.com/soundscapes/19267/19267-20260817-111820.flac",1.5,4.5,"live"
10516591707,19267,"2026-08-17T05:04:38.000-06:00",0.713957905769348,0.0697240009903908,5.73992581939565,"almost_certain","BirdNET",NA,10.2198,-83.7874,FALSE,2106,"Scale-crested Pygmy-Tyrant","Lophotriccus pileatus","#ff3f73","avian","https://media.birdweather.com/species/2106/Scale-crestedPygmy-Tyrant-standard-30688703276d7a86ba8040e08ec546e4.jpg","https://media.birdweather.com/species/2106/Scale-crestedPygmy-Tyrant-thumbnail-a2fa4da6488b42e46af0521226507326.jpg","https://media.birdweather.com/species/2106/Scale-crestedPygmy-Tyrant-png200-7dba50c93511c6b01ee479c707de9a8b.png","IroFJwJKZ2tcVqZvUmlauFW0Vp9LCUoK",15710372946,"https://media.birdweather.com/soundscapes/19267/19267-20260817-110438.flac",0,3,"live"
10514482775,19267,"2026-08-17T02:20:06.000-06:00",0.790814936161041,0.0697278678417206,5.97330717530655,"almost_certain","BirdNET",NA,10.2198,-83.7874,FALSE,2106,"Scale-crested Pygmy-Tyrant","Lophotriccus pileatus","#ff3f73","avian","https://media.birdweather.com/species/2106/Scale-crestedPygmy-Tyrant-standard-30688703276d7a86ba8040e08ec546e4.jpg","https://media.birdweather.com/species/2106/Scale-crestedPygmy-Tyrant-thumbnail-a2fa4da6488b42e46af0521226507326.jpg","https://media.birdweather.com/species/2106/Scale-crestedPygmy-Tyrant-png200-7dba50c93511c6b01ee479c707de9a8b.png","IroFJwJKZ2tcVqZvUmlauFW0Vp9LCUoK",15705707055,"https://media.birdweather.com/soundscapes/19267/19267-20260817-082006.flac",0,3,"live"
10514479652,19267,"2026-08-17T02:19:53.000-06:00",0.832515776157379,0.0697277560830116,6.08502242424669,"almost_certain","BirdNET",NA,10.2198,-83.7874,FALSE,2106,"Scale-crested Pygmy-Tyrant","Lophotriccus pileatus","#ff3f73","avian","https://media.birdweather.com/species/2106/Scale-crestedPygmy-Tyrant-standard-30688703276d7a86ba8040e08ec546e4.jpg","https://media.birdweather.com/species/2106/Scale-crestedPygmy-Tyrant-thumbnail-a2fa4da6488b42e46af0521226507326.jpg","https://media.birdweather.com/species/2106/Scale-crestedPygmy-Tyrant-png200-7dba50c93511c6b01ee479c707de9a8b.png","IroFJwJKZ2tcVqZvUmlauFW0Vp9LCUoK",15705701043,"https://media.birdweather.com/soundscapes/19267/19267-20260817-081953.flac",0,3,"live"
10514115799,19267,"2026-08-17T01:55:16.000-06:00",0.891772985458374,0.0697274729609489,6.22956703614318,"almost_certain","BirdNET",NA,10.2198,-83.7874,FALSE,2106,"Scale-crested Pygmy-Tyrant","Lophotriccus pileatus","#ff3f73","avian","https://media.birdweather.com/species/2106/Scale-crestedPygmy-Tyrant-standard-30688703276d7a86ba8040e08ec546e4.jpg","https://media.birdweather.com/species/2106/Scale-crestedPygmy-Tyrant-thumbnail-a2fa4da6488b42e46af0521226507326.jpg","https://media.birdweather.com/species/2106/Scale-crestedPygmy-Tyrant-png200-7dba50c93511c6b01ee479c707de9a8b.png","IroFJwJKZ2tcVqZvUmlauFW0Vp9LCUoK",15705001404,"https://media.birdweather.com/soundscapes/19267/19267-20260817-075510.flac",6,9,"live"
10513979681,19267,"2026-08-17T01:46:15.000-06:00",0.835129201412201,0.0697272345423698,6.09172056034253,"almost_certain","BirdNET",NA,10.2198,-83.7874,FALSE,2106,"Scale-crested Pygmy-Tyrant","Lophotriccus pileatus","#ff3f73","avian","https://media.birdweather.com/species/2106/Scale-crestedPygmy-Tyrant-standard-30688703276d7a86ba8040e08ec546e4.jpg","https://media.birdweather.com/species/2106/Scale-crestedPygmy-Tyrant-thumbnail-a2fa4da6488b42e46af0521226507326.jpg","https://media.birdweather.com/species/2106/Scale-crestedPygmy-Tyrant-png200-7dba50c93511c6b01ee479c707de9a8b.png","IroFJwJKZ2tcVqZvUmlauFW0Vp9LCUoK",15704748301,"https://media.birdweather.com/soundscapes/19267/19267-20260817-074615.flac",0,3,"live"
10513821739,19267,"2026-08-17T01:36:10.000-06:00",0.720774829387665,0.399822771549225,8.00520392918359,"almost_certain","BirdNET",NA,10.2198,-83.7874,FALSE,880,"Boat-billed Flycatcher","Megarynchus pitangua","#aa005f","avian","https://media.birdweather.com/species/880/Boat-billedFlycatcher-standard-923cef341eedab79cf4ea985e1b1b5fc.jpg","https://media.birdweather.com/species/880/Boat-billedFlycatcher-thumbnail-03be235471939ac93a6f8121d84e0b42.jpg","https://media.birdweather.com/species/880/Boat-billedFlycatcher-png200-d437d3d92f6d042b491194f57680d511.png","ofgFDwKheqm/SZlHdcd2a2d2uo9dpwMG",15704462352,"https://media.birdweather.com/soundscapes/19267/19267-20260817-073610.flac",0,3,"live"
10513797658,19267,"2026-08-17T01:34:42.500-06:00",0.732217252254486,0.0697289109230042,5.79914496473767,"almost_certain","BirdNET",NA,10.2198,-83.7874,FALSE,2106,"Scale-crested Pygmy-Tyrant","Lophotriccus pileatus","#ff3f73","avian","https://media.birdweather.com/species/2106/Scale-crestedPygmy-Tyrant-standard-30688703276d7a86ba8040e08ec546e4.jpg","https://media.birdweather.com/species/2106/Scale-crestedPygmy-Tyrant-thumbnail-a2fa4da6488b42e46af0521226507326.jpg","https://media.birdweather.com/species/2106/Scale-crestedPygmy-Tyrant-png200-7dba50c93511c6b01ee479c707de9a8b.png","IroFJwJKZ2tcVqZvUmlauFW0Vp9LCUoK",15704419935,"https://media.birdweather.com/soundscapes/19267/19267-20260817-073441.flac",1.5,4.5,"live"
10513363350,19267,"2026-08-17T01:07:19.000-06:00",0.830113470554352,0.0697256922721863,6.07879258108424,"almost_certain","BirdNET",NA,10.2198,-83.7874,FALSE,2106,"Scale-crested Pygmy-Tyrant","Lophotriccus pileatus","#ff3f73","avian","https://media.birdweather.com/species/2106/Scale-crestedPygmy-Tyrant-standard-30688703276d7a86ba8040e08ec546e4.jpg","https://media.birdweather.com/species/2106/Scale-crestedPygmy-Tyrant-thumbnail-a2fa4da6488b42e46af0521226507326.jpg","https://media.birdweather.com/species/2106/Scale-crestedPygmy-Tyrant-png200-7dba50c93511c6b01ee479c707de9a8b.png","IroFJwJKZ2tcVqZvUmlauFW0Vp9LCUoK",15703643072,"https://media.birdweather.com/soundscapes/19267/19267-20260817-070716.flac",3,6,"live"
