"id","stationId","timestamp","confidence","probability","score","certainty","algorithm","metadata","lat","lon","favorite","species.id","species.commonName","species.scientificName","species.color","species.classification","species.imageUrl","species.thumbnailUrl","species.pngUrl","species.thumbhash","soundscape.id","soundscape.url","soundscape.startTime","soundscape.endTime","soundscape.mode"
11129050139,19267,"2026-09-13T17:08:16.500-06:00",0.716517210006714,0.552219212055206,8.42441977384342,"almost_certain","BirdNET",NA,10.2198,-83.7874,FALSE,802,"Rufous-tailed Hummingbird","Amazilia tzacatl","#d9c845","avian","https://media.birdweather.com/species/802/Rufous-tailedHummingbird-standard-4d0209b50ad0c35c6d8337f5c0c16b55.jpg","https://media.birdweather.com/species/802/Rufous-tailedHummingbird-thumbnail-fbf17400c31564f70aa45927c5d75f5e.jpg","https://media.birdweather.com/species/802/Rufous-tailedHummingbird-png200-8ea431c9893cfe027e92471791a8c256.png","mPkJFwIHqJeJl4lriIaGhYh3+H+oVGAH",16866273306,"https://media.birdweather.com/soundscapes/19267/19267-20260913-230815.flac",1.5,4.5,"live"
11129050136,19267,"2026-09-13T17:08:15.000-06:00",0.718565940856934,0.552219212055206,8.4311418994019,"almost_certain","BirdNET",NA,10.2198,-83.7874,FALSE,802,"Rufous-tailed Hummingbird","Amazilia tzacatl","#d9c845","avian","https://media.birdweather.com/species/802/Rufous-tailedHummingbird-standard-4d0209b50ad0c35c6d8337f5c0c16b55.jpg","https://media.birdweather.com/species/802/Rufous-tailedHummingbird-thumbnail-fbf17400c31564f70aa45927c5d75f5e.jpg","https://media.birdweather.com/species/802/Rufous-tailedHummingbird-png200-8ea431c9893cfe027e92471791a8c256.png","mPkJFwIHqJeJl4lriIaGhYh3+H+oVGAH",16866273306,"https://media.birdweather.com/soundscapes/19267/19267-20260913-230815.flac",0,3,"live"
11128773000,19267,"2026-09-13T16:49:16.000-06:00",0.948859393596649,0.552225351333618,9.03173965146507,"almost_certain","BirdNET",NA,10.2198,-83.7874,FALSE,802,"Rufous-tailed Hummingbird","Amazilia tzacatl","#d9c845","avian","https://media.birdweather.com/species/802/Rufous-tailedHummingbird-standard-4d0209b50ad0c35c6d8337f5c0c16b55.jpg","https://media.birdweather.com/species/802/Rufous-tailedHummingbird-thumbnail-fbf17400c31564f70aa45927c5d75f5e.jpg","https://media.birdweather.com/species/802/Rufous-tailedHummingbird-png200-8ea431c9893cfe027e92471791a8c256.png","mPkJFwIHqJeJl4lriIaGhYh3+H+oVGAH",16865706421,"https://media.birdweather.com/soundscapes/19267/19267-20260913-224910.flac",6,9,"live"
11128658124,19267,"2026-09-13T16:41:28.000-06:00",0.954669654369354,0.765551447868347,9.48464287284169,"almost_certain","BirdNET",NA,10.2198,-83.7874,FALSE,229,"Great Kiskadee","Pitangus sulphuratus","#7d4410","avian","https://media.birdweather.com/species/229/GreatKiskadee-standard-cd28a1b8e8b8e5aed433e809c229004e.jpg","https://media.birdweather.com/species/229/GreatKiskadee-thumbnail-b2749ed2442fb322cf3c4cb72f9c97f6.jpg","https://media.birdweather.com/species/229/GreatKiskadee-png200-003973af4f863deb00a4ce9b6f10e59c.png","0PgFDwIrhYqfZJh1mVe3SZZ3uKEJBncG",16865476418,"https://media.birdweather.com/soundscapes/19267/19267-20260913-224125.flac",3,6,"live"
11128658115,19267,"2026-09-13T16:41:25.000-06:00",0.856289625167847,0.765551447868347,9.26154974831274,"almost_certain","BirdNET",NA,10.2198,-83.7874,FALSE,229,"Great Kiskadee","Pitangus sulphuratus","#7d4410","avian","https://media.birdweather.com/species/229/GreatKiskadee-standard-cd28a1b8e8b8e5aed433e809c229004e.jpg","https://media.birdweather.com/species/229/GreatKiskadee-thumbnail-b2749ed2442fb322cf3c4cb72f9c97f6.jpg","https://media.birdweather.com/species/229/GreatKiskadee-png200-003973af4f863deb00a4ce9b6f10e59c.png","0PgFDwIrhYqfZJh1mVe3SZZ3uKEJBncG",16865476418,"https://media.birdweather.com/soundscapes/19267/19267-20260913-224125.flac",0,3,"live"
11128651167,19267,"2026-09-13T16:41:02.500-06:00",0.813543021678925,0.765551447868347,9.152011042007,"almost_certain","BirdNET",NA,10.2198,-83.7874,FALSE,229,"Great Kiskadee","Pitangus sulphuratus","#7d4410","avian","https://media.birdweather.com/species/229/GreatKiskadee-standard-cd28a1b8e8b8e5aed433e809c229004e.jpg","https://media.birdweather.com/species/229/GreatKiskadee-thumbnail-b2749ed2442fb322cf3c4cb72f9c97f6.jpg","https://media.birdweather.com/species/229/GreatKiskadee-png200-003973af4f863deb00a4ce9b6f10e59c.png","0PgFDwIrhYqfZJh1mVe3SZZ3uKEJBncG",16865462921,"https://media.birdweather.com/soundscapes/19267/19267-20260913-224058.flac",4.5,7.5,"live"
11128644245,19267,"2026-09-13T16:40:32.500-06:00",0.873124361038208,0.765551447868347,9.30239446379599,"almost_certain","BirdNET",NA,10.2198,-83.7874,FALSE,229,"Great Kiskadee","Pitangus sulphuratus","#7d4410","avian","https://media.birdweather.com/species/229/GreatKiskadee-standard-cd28a1b8e8b8e5aed433e809c229004e.jpg","https://media.birdweather.com/species/229/GreatKiskadee-thumbnail-b2749ed2442fb322cf3c4cb72f9c97f6.jpg","https://media.birdweather.com/species/229/GreatKiskadee-png200-003973af4f863deb00a4ce9b6f10e59c.png","0PgFDwIrhYqfZJh1mVe3SZZ3uKEJBncG",16865449383,"https://media.birdweather.com/soundscapes/19267/19267-20260913-224031.flac",1.5,4.5,"live"
11128644243,19267,"2026-09-13T16:40:31.000-06:00",0.916095912456512,0.765551447868347,9.40144536147927,"almost_certain","BirdNET",NA,10.2198,-83.7874,FALSE,229,"Great Kiskadee","Pitangus sulphuratus","#7d4410","avian","https://media.birdweather.com/species/229/GreatKiskadee-standard-cd28a1b8e8b8e5aed433e809c229004e.jpg","https://media.birdweather.com/species/229/GreatKiskadee-thumbnail-b2749ed2442fb322cf3c4cb72f9c97f6.jpg","https://media.birdweather.com/species/229/GreatKiskadee-png200-003973af4f863deb00a4ce9b6f10e59c.png","0PgFDwIrhYqfZJh1mVe3SZZ3uKEJBncG",16865449383,"https://media.birdweather.com/soundscapes/19267/19267-20260913-224031.flac",0,3,"live"
11128640896,19267,"2026-09-13T16:40:24.000-06:00",0.870848178863525,0.765554010868073,9.29694715816243,"almost_certain","BirdNET",NA,10.2198,-83.7874,FALSE,229,"Great Kiskadee","Pitangus sulphuratus","#7d4410","avian","https://media.birdweather.com/species/229/GreatKiskadee-standard-cd28a1b8e8b8e5aed433e809c229004e.jpg","https://media.birdweather.com/species/229/GreatKiskadee-thumbnail-b2749ed2442fb322cf3c4cb72f9c97f6.jpg","https://media.birdweather.com/species/229/GreatKiskadee-png200-003973af4f863deb00a4ce9b6f10e59c.png","0PgFDwIrhYqfZJh1mVe3SZZ3uKEJBncG",16865442909,"https://media.birdweather.com/soundscapes/19267/19267-20260913-224018.flac",6,9,"live"
11128630820,19267,"2026-09-13T16:39:42.500-06:00",0.757189750671387,0.765554010868073,8.99277321801111,"almost_certain","BirdNET",NA,10.2198,-83.7874,FALSE,229,"Great Kiskadee","Pitangus sulphuratus","#7d4410","avian","https://media.birdweather.com/species/229/GreatKiskadee-standard-cd28a1b8e8b8e5aed433e809c229004e.jpg","https://media.birdweather.com/species/229/GreatKiskadee-thumbnail-b2749ed2442fb322cf3c4cb72f9c97f6.jpg","https://media.birdweather.com/species/229/GreatKiskadee-png200-003973af4f863deb00a4ce9b6f10e59c.png","0PgFDwIrhYqfZJh1mVe3SZZ3uKEJBncG",16865423207,"https://media.birdweather.com/soundscapes/19267/19267-20260913-223938.flac",4.5,7.5,"live"
11127816736,19267,"2026-09-13T15:46:28.500-06:00",0.948270201683044,0.765563130378723,9.47120575773806,"almost_certain","BirdNET",NA,10.2198,-83.7874,FALSE,229,"Great Kiskadee","Pitangus sulphuratus","#7d4410","avian","https://media.birdweather.com/species/229/GreatKiskadee-standard-cd28a1b8e8b8e5aed433e809c229004e.jpg","https://media.birdweather.com/species/229/GreatKiskadee-thumbnail-b2749ed2442fb322cf3c4cb72f9c97f6.jpg","https://media.birdweather.com/species/229/GreatKiskadee-png200-003973af4f863deb00a4ce9b6f10e59c.png","0PgFDwIrhYqfZJh1mVe3SZZ3uKEJBncG",16863847037,"https://media.birdweather.com/soundscapes/19267/19267-20260913-214624.flac",4.5,7.5,"live"
11127816730,19267,"2026-09-13T15:46:27.000-06:00",0.949791967868805,0.765563130378723,9.47441796232811,"almost_certain","BirdNET",NA,10.2198,-83.7874,FALSE,229,"Great Kiskadee","Pitangus sulphuratus","#7d4410","avian","https://media.birdweather.com/species/229/GreatKiskadee-standard-cd28a1b8e8b8e5aed433e809c229004e.jpg","https://media.birdweather.com/species/229/GreatKiskadee-thumbnail-b2749ed2442fb322cf3c4cb72f9c97f6.jpg","https://media.birdweather.com/species/229/GreatKiskadee-png200-003973af4f863deb00a4ce9b6f10e59c.png","0PgFDwIrhYqfZJh1mVe3SZZ3uKEJBncG",16863847037,"https://media.birdweather.com/soundscapes/19267/19267-20260913-214624.flac",3,6,"live"
11127770205,19267,"2026-09-13T15:43:30.500-06:00",0.754400670528412,0.765562117099762,8.98440427312184,"almost_certain","BirdNET",NA,10.2198,-83.7874,FALSE,229,"Great Kiskadee","Pitangus sulphuratus","#7d4410","avian","https://media.birdweather.com/species/229/GreatKiskadee-standard-cd28a1b8e8b8e5aed433e809c229004e.jpg","https://media.birdweather.com/species/229/GreatKiskadee-thumbnail-b2749ed2442fb322cf3c4cb72f9c97f6.jpg","https://media.birdweather.com/species/229/GreatKiskadee-png200-003973af4f863deb00a4ce9b6f10e59c.png","0PgFDwIrhYqfZJh1mVe3SZZ3uKEJBncG",16863757902,"https://media.birdweather.com/soundscapes/19267/19267-20260913-214329.flac",1.5,4.5,"live"
11127727737,19267,"2026-09-13T15:40:46.500-06:00",0.867355167865753,0.553706705570221,8.85144875254146,"almost_certain","BirdNET",NA,10.2198,-83.7874,FALSE,121,"Social Flycatcher","Myiozetetes similis","#69b9ff","avian","https://media.birdweather.com/species/121/SocialFlycatcher-standard-6e107581e61c9f556b3a0af5200f486a.jpg","https://media.birdweather.com/species/121/SocialFlycatcher-thumbnail-87f640fcaf1441ecbbd56b57372185a8.jpg","https://media.birdweather.com/species/121/SocialFlycatcher-png200-2f6dd485cf927db0dd7fd9abc239fb19.png","2xkKJwIJh3ekeXh0e5Z4eYaIdyApd5AC",16863677494,"https://media.birdweather.com/soundscapes/19267/19267-20260913-214045.flac",1.5,4.5,"live"
11127727731,19267,"2026-09-13T15:40:45.000-06:00",0.795653104782104,0.553706705570221,8.66634913558995,"almost_certain","BirdNET",NA,10.2198,-83.7874,FALSE,121,"Social Flycatcher","Myiozetetes similis","#69b9ff","avian","https://media.birdweather.com/species/121/SocialFlycatcher-standard-6e107581e61c9f556b3a0af5200f486a.jpg","https://media.birdweather.com/species/121/SocialFlycatcher-thumbnail-87f640fcaf1441ecbbd56b57372185a8.jpg","https://media.birdweather.com/species/121/SocialFlycatcher-png200-2f6dd485cf927db0dd7fd9abc239fb19.png","2xkKJwIJh3ekeXh0e5Z4eYaIdyApd5AC",16863677494,"https://media.birdweather.com/soundscapes/19267/19267-20260913-214045.flac",0,3,"live"
11127581700,19267,"2026-09-13T15:31:26.000-06:00",0.727896451950073,0.765561044216156,8.90206796526049,"almost_certain","BirdNET",NA,10.2198,-83.7874,FALSE,229,"Great Kiskadee","Pitangus sulphuratus","#7d4410","avian","https://media.birdweather.com/species/229/GreatKiskadee-standard-cd28a1b8e8b8e5aed433e809c229004e.jpg","https://media.birdweather.com/species/229/GreatKiskadee-thumbnail-b2749ed2442fb322cf3c4cb72f9c97f6.jpg","https://media.birdweather.com/species/229/GreatKiskadee-png200-003973af4f863deb00a4ce9b6f10e59c.png","0PgFDwIrhYqfZJh1mVe3SZZ3uKEJBncG",16863398529,"https://media.birdweather.com/soundscapes/19267/19267-20260913-213120.flac",6,9,"live"
11127581691,19267,"2026-09-13T15:31:21.500-06:00",0.751408874988556,0.765561044216156,8.97535240749868,"almost_certain","BirdNET",NA,10.2198,-83.7874,FALSE,229,"Great Kiskadee","Pitangus sulphuratus","#7d4410","avian","https://media.birdweather.com/species/229/GreatKiskadee-standard-cd28a1b8e8b8e5aed433e809c229004e.jpg","https://media.birdweather.com/species/229/GreatKiskadee-thumbnail-b2749ed2442fb322cf3c4cb72f9c97f6.jpg","https://media.birdweather.com/species/229/GreatKiskadee-png200-003973af4f863deb00a4ce9b6f10e59c.png","0PgFDwIrhYqfZJh1mVe3SZZ3uKEJBncG",16863398529,"https://media.birdweather.com/soundscapes/19267/19267-20260913-213120.flac",1.5,4.5,"live"
11127574973,19267,"2026-09-13T15:31:01.000-06:00",0.753707528114319,0.765558302402496,8.98230614219421,"almost_certain","BirdNET",NA,10.2198,-83.7874,FALSE,229,"Great Kiskadee","Pitangus sulphuratus","#7d4410","avian","https://media.birdweather.com/species/229/GreatKiskadee-standard-cd28a1b8e8b8e5aed433e809c229004e.jpg","https://media.birdweather.com/species/229/GreatKiskadee-thumbnail-b2749ed2442fb322cf3c4cb72f9c97f6.jpg","https://media.birdweather.com/species/229/GreatKiskadee-png200-003973af4f863deb00a4ce9b6f10e59c.png","0PgFDwIrhYqfZJh1mVe3SZZ3uKEJBncG",16863385960,"https://media.birdweather.com/soundscapes/19267/19267-20260913-213055.flac",6,9,"live"
11127574965,19267,"2026-09-13T15:30:58.000-06:00",0.806118071079254,0.765558302402496,9.13207071287309,"almost_certain","BirdNET",NA,10.2198,-83.7874,FALSE,229,"Great Kiskadee","Pitangus sulphuratus","#7d4410","avian","https://media.birdweather.com/species/229/GreatKiskadee-standard-cd28a1b8e8b8e5aed433e809c229004e.jpg","https://media.birdweather.com/species/229/GreatKiskadee-thumbnail-b2749ed2442fb322cf3c4cb72f9c97f6.jpg","https://media.birdweather.com/species/229/GreatKiskadee-png200-003973af4f863deb00a4ce9b6f10e59c.png","0PgFDwIrhYqfZJh1mVe3SZZ3uKEJBncG",16863385960,"https://media.birdweather.com/soundscapes/19267/19267-20260913-213055.flac",3,6,"live"
11127574961,19267,"2026-09-13T15:30:56.500-06:00",0.789585173130035,0.765558302402496,9.08657090715379,"almost_certain","BirdNET",NA,10.2198,-83.7874,FALSE,229,"Great Kiskadee","Pitangus sulphuratus","#7d4410","avian","https://media.birdweather.com/species/229/GreatKiskadee-standard-cd28a1b8e8b8e5aed433e809c229004e.jpg","https://media.birdweather.com/species/229/GreatKiskadee-thumbnail-b2749ed2442fb322cf3c4cb72f9c97f6.jpg","https://media.birdweather.com/species/229/GreatKiskadee-png200-003973af4f863deb00a4ce9b6f10e59c.png","0PgFDwIrhYqfZJh1mVe3SZZ3uKEJBncG",16863385960,"https://media.birdweather.com/soundscapes/19267/19267-20260913-213055.flac",1.5,4.5,"live"
11127574959,19267,"2026-09-13T15:30:55.000-06:00",0.763564944267273,0.765558302402496,9.01175252903943,"almost_certain","BirdNET",NA,10.2198,-83.7874,FALSE,229,"Great Kiskadee","Pitangus sulphuratus","#7d4410","avian","https://media.birdweather.com/species/229/GreatKiskadee-standard-cd28a1b8e8b8e5aed433e809c229004e.jpg","https://media.birdweather.com/species/229/GreatKiskadee-thumbnail-b2749ed2442fb322cf3c4cb72f9c97f6.jpg","https://media.birdweather.com/species/229/GreatKiskadee-png200-003973af4f863deb00a4ce9b6f10e59c.png","0PgFDwIrhYqfZJh1mVe3SZZ3uKEJBncG",16863385960,"https://media.birdweather.com/soundscapes/19267/19267-20260913-213055.flac",0,3,"live"
11127529189,19267,"2026-09-13T15:28:02.000-06:00",0.905863344669342,0.203279882669449,7.60987278060762,"almost_certain","BirdNET",NA,10.2198,-83.7874,FALSE,501,"White-winged Dove","Zenaida asiatica","#d16ff8","avian","https://media.birdweather.com/species/501/White-wingedDove-standard-6528ef689b07d5a91f1c2275cdef19c9.jpg","https://media.birdweather.com/species/501/White-wingedDove-thumbnail-4a940adfd5a6c78c73c48c5095e7b896.jpg","https://media.birdweather.com/species/501/White-wingedDove-png200-d65decd3d571b5a9dbeca249ef97689f.png","IscJLwb6hoVelZWZdoh3eIeIdxBoB4IG",16863299183,"https://media.birdweather.com/soundscapes/19267/19267-20260913-212759.flac",3,6,"live"
11127529185,19267,"2026-09-13T15:28:00.500-06:00",0.735827744007111,0.203279882669449,7.15858467814177,"almost_certain","BirdNET",NA,10.2198,-83.7874,FALSE,501,"White-winged Dove","Zenaida asiatica","#d16ff8","avian","https://media.birdweather.com/species/501/White-wingedDove-standard-6528ef689b07d5a91f1c2275cdef19c9.jpg","https://media.birdweather.com/species/501/White-wingedDove-thumbnail-4a940adfd5a6c78c73c48c5095e7b896.jpg","https://media.birdweather.com/species/501/White-wingedDove-png200-d65decd3d571b5a9dbeca249ef97689f.png","IscJLwb6hoVelZWZdoh3eIeIdxBoB4IG",16863299183,"https://media.birdweather.com/soundscapes/19267/19267-20260913-212759.flac",1.5,4.5,"live"
11127522408,19267,"2026-09-13T15:27:39.000-06:00",0.78971928358078,0.203273266553879,7.31826397634158,"almost_certain","BirdNET",NA,10.2198,-83.7874,FALSE,501,"White-winged Dove","Zenaida asiatica","#d16ff8","avian","https://media.birdweather.com/species/501/White-wingedDove-standard-6528ef689b07d5a91f1c2275cdef19c9.jpg","https://media.birdweather.com/species/501/White-wingedDove-thumbnail-4a940adfd5a6c78c73c48c5095e7b896.jpg","https://media.birdweather.com/species/501/White-wingedDove-png200-d65decd3d571b5a9dbeca249ef97689f.png","IscJLwb6hoVelZWZdoh3eIeIdxBoB4IG",16863286430,"https://media.birdweather.com/soundscapes/19267/19267-20260913-212733.flac",6,9,"live"
11126920475,19267,"2026-09-13T14:48:28.000-06:00",0.930970370769501,0.203258618712425,7.66536427975782,"almost_certain","BirdNET",NA,10.2198,-83.7874,FALSE,501,"White-winged Dove","Zenaida asiatica","#d16ff8","avian","https://media.birdweather.com/species/501/White-wingedDove-standard-6528ef689b07d5a91f1c2275cdef19c9.jpg","https://media.birdweather.com/species/501/White-wingedDove-thumbnail-4a940adfd5a6c78c73c48c5095e7b896.jpg","https://media.birdweather.com/species/501/White-wingedDove-png200-d65decd3d571b5a9dbeca249ef97689f.png","IscJLwb6hoVelZWZdoh3eIeIdxBoB4IG",16862126704,"https://media.birdweather.com/soundscapes/19267/19267-20260913-204825.flac",3,6,"live"
11126920472,19267,"2026-09-13T14:48:26.500-06:00",0.815254151821136,0.203258618712425,7.38780415962752,"almost_certain","BirdNET",NA,10.2198,-83.7874,FALSE,501,"White-winged Dove","Zenaida asiatica","#d16ff8","avian","https://media.birdweather.com/species/501/White-wingedDove-standard-6528ef689b07d5a91f1c2275cdef19c9.jpg","https://media.birdweather.com/species/501/White-wingedDove-thumbnail-4a940adfd5a6c78c73c48c5095e7b896.jpg","https://media.birdweather.com/species/501/White-wingedDove-png200-d65decd3d571b5a9dbeca249ef97689f.png","IscJLwb6hoVelZWZdoh3eIeIdxBoB4IG",16862126704,"https://media.birdweather.com/soundscapes/19267/19267-20260913-204825.flac",1.5,4.5,"live"
11126722097,19267,"2026-09-13T14:36:19.000-06:00",0.736871600151062,0.553710162639618,8.49341289432829,"almost_certain","BirdNET",NA,10.2198,-83.7874,FALSE,121,"Social Flycatcher","Myiozetetes similis","#69b9ff","avian","https://media.birdweather.com/species/121/SocialFlycatcher-standard-6e107581e61c9f556b3a0af5200f486a.jpg","https://media.birdweather.com/species/121/SocialFlycatcher-thumbnail-87f640fcaf1441ecbbd56b57372185a8.jpg","https://media.birdweather.com/species/121/SocialFlycatcher-png200-2f6dd485cf927db0dd7fd9abc239fb19.png","2xkKJwIJh3ekeXh0e5Z4eYaIdyApd5AC",16861756308,"https://media.birdweather.com/soundscapes/19267/19267-20260913-203616.flac",3,6,"live"
11126012133,19267,"2026-09-13T13:51:32.000-06:00",0.701523959636688,0.965856492519379,9.12964526740726,"almost_certain","BirdNET",NA,10.2198,-83.7874,FALSE,115,"Tropical Kingbird","Tyrannus melancholicus","#00b3a1","avian","https://media.birdweather.com/species/115/TropicalKingbird-standard-712bd41627c48fa23dafd70e7c83c2e4.jpg","https://media.birdweather.com/species/115/TropicalKingbird-thumbnail-d19e465885b300e6a764cb58df2c377e.jpg","https://media.birdweather.com/species/115/TropicalKingbird-png200-7879336d61c20ea19f905a307c05d2d1.png","G/kFDwLXdWqfdmeOkkq2uXmK16/aGV8M",16860430154,"https://media.birdweather.com/soundscapes/19267/19267-20260913-195126.flac",6,9,"live"
11125875797,19267,"2026-09-13T13:43:04.500-06:00",0.952309846878052,0.965855300426483,9.79443947417152,"almost_certain","BirdNET",NA,10.2198,-83.7874,FALSE,115,"Tropical Kingbird","Tyrannus melancholicus","#00b3a1","avian","https://media.birdweather.com/species/115/TropicalKingbird-standard-712bd41627c48fa23dafd70e7c83c2e4.jpg","https://media.birdweather.com/species/115/TropicalKingbird-thumbnail-d19e465885b300e6a764cb58df2c377e.jpg","https://media.birdweather.com/species/115/TropicalKingbird-png200-7879336d61c20ea19f905a307c05d2d1.png","G/kFDwLXdWqfdmeOkkq2uXmK16/aGV8M",16860181743,"https://media.birdweather.com/soundscapes/19267/19267-20260913-194300.flac",4.5,7.5,"live"
11125875791,19267,"2026-09-13T13:43:03.000-06:00",0.945191860198975,0.965855300426483,9.77940791078311,"almost_certain","BirdNET",NA,10.2198,-83.7874,FALSE,115,"Tropical Kingbird","Tyrannus melancholicus","#00b3a1","avian","https://media.birdweather.com/species/115/TropicalKingbird-standard-712bd41627c48fa23dafd70e7c83c2e4.jpg","https://media.birdweather.com/species/115/TropicalKingbird-thumbnail-d19e465885b300e6a764cb58df2c377e.jpg","https://media.birdweather.com/species/115/TropicalKingbird-png200-7879336d61c20ea19f905a307c05d2d1.png","G/kFDwLXdWqfdmeOkkq2uXmK16/aGV8M",16860181743,"https://media.birdweather.com/soundscapes/19267/19267-20260913-194300.flac",3,6,"live"
11125875789,19267,"2026-09-13T13:43:01.500-06:00",0.908759295940399,0.965855300426483,9.69977695476046,"almost_certain","BirdNET",NA,10.2198,-83.7874,FALSE,115,"Tropical Kingbird","Tyrannus melancholicus","#00b3a1","avian","https://media.birdweather.com/species/115/TropicalKingbird-standard-712bd41627c48fa23dafd70e7c83c2e4.jpg","https://media.birdweather.com/species/115/TropicalKingbird-thumbnail-d19e465885b300e6a764cb58df2c377e.jpg","https://media.birdweather.com/species/115/TropicalKingbird-png200-7879336d61c20ea19f905a307c05d2d1.png","G/kFDwLXdWqfdmeOkkq2uXmK16/aGV8M",16860181743,"https://media.birdweather.com/soundscapes/19267/19267-20260913-194300.flac",1.5,4.5,"live"
11125875788,19267,"2026-09-13T13:43:00.000-06:00",0.98393052816391,0.965855300426483,9.85929071362849,"almost_certain","BirdNET",NA,10.2198,-83.7874,FALSE,115,"Tropical Kingbird","Tyrannus melancholicus","#00b3a1","avian","https://media.birdweather.com/species/115/TropicalKingbird-standard-712bd41627c48fa23dafd70e7c83c2e4.jpg","https://media.birdweather.com/species/115/TropicalKingbird-thumbnail-d19e465885b300e6a764cb58df2c377e.jpg","https://media.birdweather.com/species/115/TropicalKingbird-png200-7879336d61c20ea19f905a307c05d2d1.png","G/kFDwLXdWqfdmeOkkq2uXmK16/aGV8M",16860181743,"https://media.birdweather.com/soundscapes/19267/19267-20260913-194300.flac",0,3,"live"
11125655869,19267,"2026-09-13T13:29:32.000-06:00",0.886605739593506,0.965857803821564,9.6489945640395,"almost_certain","BirdNET",NA,10.2198,-83.7874,FALSE,115,"Tropical Kingbird","Tyrannus melancholicus","#00b3a1","avian","https://media.birdweather.com/species/115/TropicalKingbird-standard-712bd41627c48fa23dafd70e7c83c2e4.jpg","https://media.birdweather.com/species/115/TropicalKingbird-thumbnail-d19e465885b300e6a764cb58df2c377e.jpg","https://media.birdweather.com/species/115/TropicalKingbird-png200-7879336d61c20ea19f905a307c05d2d1.png","G/kFDwLXdWqfdmeOkkq2uXmK16/aGV8M",16859781743,"https://media.birdweather.com/soundscapes/19267/19267-20260913-192926.flac",6,9,"live"
11125655865,19267,"2026-09-13T13:29:30.500-06:00",0.984413087368011,0.965857803821564,9.86026051485926,"almost_certain","BirdNET",NA,10.2198,-83.7874,FALSE,115,"Tropical Kingbird","Tyrannus melancholicus","#00b3a1","avian","https://media.birdweather.com/species/115/TropicalKingbird-standard-712bd41627c48fa23dafd70e7c83c2e4.jpg","https://media.birdweather.com/species/115/TropicalKingbird-thumbnail-d19e465885b300e6a764cb58df2c377e.jpg","https://media.birdweather.com/species/115/TropicalKingbird-png200-7879336d61c20ea19f905a307c05d2d1.png","G/kFDwLXdWqfdmeOkkq2uXmK16/aGV8M",16859781743,"https://media.birdweather.com/soundscapes/19267/19267-20260913-192926.flac",4.5,7.5,"live"
11125655861,19267,"2026-09-13T13:29:29.000-06:00",0.909265577793121,0.965857803821564,9.70091937240646,"almost_certain","BirdNET",NA,10.2198,-83.7874,FALSE,115,"Tropical Kingbird","Tyrannus melancholicus","#00b3a1","avian","https://media.birdweather.com/species/115/TropicalKingbird-standard-712bd41627c48fa23dafd70e7c83c2e4.jpg","https://media.birdweather.com/species/115/TropicalKingbird-thumbnail-d19e465885b300e6a764cb58df2c377e.jpg","https://media.birdweather.com/species/115/TropicalKingbird-png200-7879336d61c20ea19f905a307c05d2d1.png","G/kFDwLXdWqfdmeOkkq2uXmK16/aGV8M",16859781743,"https://media.birdweather.com/soundscapes/19267/19267-20260913-192926.flac",3,6,"live"
11125655855,19267,"2026-09-13T13:29:27.500-06:00",0.877458930015564,0.965857803821564,9.62746416738701,"almost_certain","BirdNET",NA,10.2198,-83.7874,FALSE,115,"Tropical Kingbird","Tyrannus melancholicus","#00b3a1","avian","https://media.birdweather.com/species/115/TropicalKingbird-standard-712bd41627c48fa23dafd70e7c83c2e4.jpg","https://media.birdweather.com/species/115/TropicalKingbird-thumbnail-d19e465885b300e6a764cb58df2c377e.jpg","https://media.birdweather.com/species/115/TropicalKingbird-png200-7879336d61c20ea19f905a307c05d2d1.png","G/kFDwLXdWqfdmeOkkq2uXmK16/aGV8M",16859781743,"https://media.birdweather.com/soundscapes/19267/19267-20260913-192926.flac",1.5,4.5,"live"
11125655851,19267,"2026-09-13T13:29:26.000-06:00",0.739712297916412,0.965857803821564,9.25411631806738,"almost_certain","BirdNET",NA,10.2198,-83.7874,FALSE,115,"Tropical Kingbird","Tyrannus melancholicus","#00b3a1","avian","https://media.birdweather.com/species/115/TropicalKingbird-standard-712bd41627c48fa23dafd70e7c83c2e4.jpg","https://media.birdweather.com/species/115/TropicalKingbird-thumbnail-d19e465885b300e6a764cb58df2c377e.jpg","https://media.birdweather.com/species/115/TropicalKingbird-png200-7879336d61c20ea19f905a307c05d2d1.png","G/kFDwLXdWqfdmeOkkq2uXmK16/aGV8M",16859781743,"https://media.birdweather.com/soundscapes/19267/19267-20260913-192926.flac",0,3,"live"
11125623052,19267,"2026-09-13T13:27:28.000-06:00",0.996896743774414,0.965855002403259,9.88502014267171,"almost_certain","BirdNET",NA,10.2198,-83.7874,FALSE,115,"Tropical Kingbird","Tyrannus melancholicus","#00b3a1","avian","https://media.birdweather.com/species/115/TropicalKingbird-standard-712bd41627c48fa23dafd70e7c83c2e4.jpg","https://media.birdweather.com/species/115/TropicalKingbird-thumbnail-d19e465885b300e6a764cb58df2c377e.jpg","https://media.birdweather.com/species/115/TropicalKingbird-png200-7879336d61c20ea19f905a307c05d2d1.png","G/kFDwLXdWqfdmeOkkq2uXmK16/aGV8M",16859720947,"https://media.birdweather.com/soundscapes/19267/19267-20260913-192722.flac",6,9,"live"
11125623050,19267,"2026-09-13T13:27:26.500-06:00",0.968170404434204,0.965855002403259,9.82735133728971,"almost_certain","BirdNET",NA,10.2198,-83.7874,FALSE,115,"Tropical Kingbird","Tyrannus melancholicus","#00b3a1","avian","https://media.birdweather.com/species/115/TropicalKingbird-standard-712bd41627c48fa23dafd70e7c83c2e4.jpg","https://media.birdweather.com/species/115/TropicalKingbird-thumbnail-d19e465885b300e6a764cb58df2c377e.jpg","https://media.birdweather.com/species/115/TropicalKingbird-png200-7879336d61c20ea19f905a307c05d2d1.png","G/kFDwLXdWqfdmeOkkq2uXmK16/aGV8M",16859720947,"https://media.birdweather.com/soundscapes/19267/19267-20260913-192722.flac",4.5,7.5,"live"
11125623048,19267,"2026-09-13T13:27:25.000-06:00",0.996737778186798,0.965855002403259,9.88470760326121,"almost_certain","BirdNET",NA,10.2198,-83.7874,FALSE,115,"Tropical Kingbird","Tyrannus melancholicus","#00b3a1","avian","https://media.birdweather.com/species/115/TropicalKingbird-standard-712bd41627c48fa23dafd70e7c83c2e4.jpg","https://media.birdweather.com/species/115/TropicalKingbird-thumbnail-d19e465885b300e6a764cb58df2c377e.jpg","https://media.birdweather.com/species/115/TropicalKingbird-png200-7879336d61c20ea19f905a307c05d2d1.png","G/kFDwLXdWqfdmeOkkq2uXmK16/aGV8M",16859720947,"https://media.birdweather.com/soundscapes/19267/19267-20260913-192722.flac",3,6,"live"
11125623046,19267,"2026-09-13T13:27:23.500-06:00",0.982628226280212,0.965855002403259,9.85667913180682,"almost_certain","BirdNET",NA,10.2198,-83.7874,FALSE,115,"Tropical Kingbird","Tyrannus melancholicus","#00b3a1","avian","https://media.birdweather.com/species/115/TropicalKingbird-standard-712bd41627c48fa23dafd70e7c83c2e4.jpg","https://media.birdweather.com/species/115/TropicalKingbird-thumbnail-d19e465885b300e6a764cb58df2c377e.jpg","https://media.birdweather.com/species/115/TropicalKingbird-png200-7879336d61c20ea19f905a307c05d2d1.png","G/kFDwLXdWqfdmeOkkq2uXmK16/aGV8M",16859720947,"https://media.birdweather.com/soundscapes/19267/19267-20260913-192722.flac",1.5,4.5,"live"
11125623042,19267,"2026-09-13T13:27:22.000-06:00",0.998733699321747,0.965855002403259,9.8886265852878,"almost_certain","BirdNET",NA,10.2198,-83.7874,FALSE,115,"Tropical Kingbird","Tyrannus melancholicus","#00b3a1","avian","https://media.birdweather.com/species/115/TropicalKingbird-standard-712bd41627c48fa23dafd70e7c83c2e4.jpg","https://media.birdweather.com/species/115/TropicalKingbird-thumbnail-d19e465885b300e6a764cb58df2c377e.jpg","https://media.birdweather.com/species/115/TropicalKingbird-png200-7879336d61c20ea19f905a307c05d2d1.png","G/kFDwLXdWqfdmeOkkq2uXmK16/aGV8M",16859720947,"https://media.birdweather.com/soundscapes/19267/19267-20260913-192722.flac",0,3,"live"
11125604865,19267,"2026-09-13T13:26:20.000-06:00",0.890284240245819,0.965855717658997,9.65755583821406,"almost_certain","BirdNET",NA,10.2198,-83.7874,FALSE,115,"Tropical Kingbird","Tyrannus melancholicus","#00b3a1","avian","https://media.birdweather.com/species/115/TropicalKingbird-standard-712bd41627c48fa23dafd70e7c83c2e4.jpg","https://media.birdweather.com/species/115/TropicalKingbird-thumbnail-d19e465885b300e6a764cb58df2c377e.jpg","https://media.birdweather.com/species/115/TropicalKingbird-png200-7879336d61c20ea19f905a307c05d2d1.png","G/kFDwLXdWqfdmeOkkq2uXmK16/aGV8M",16859687489,"https://media.birdweather.com/soundscapes/19267/19267-20260913-192614.flac",6,9,"live"
11125604863,19267,"2026-09-13T13:26:18.500-06:00",0.986696779727936,0.965855717658997,9.8648212779034,"almost_certain","BirdNET",NA,10.2198,-83.7874,FALSE,115,"Tropical Kingbird","Tyrannus melancholicus","#00b3a1","avian","https://media.birdweather.com/species/115/TropicalKingbird-standard-712bd41627c48fa23dafd70e7c83c2e4.jpg","https://media.birdweather.com/species/115/TropicalKingbird-thumbnail-d19e465885b300e6a764cb58df2c377e.jpg","https://media.birdweather.com/species/115/TropicalKingbird-png200-7879336d61c20ea19f905a307c05d2d1.png","G/kFDwLXdWqfdmeOkkq2uXmK16/aGV8M",16859687489,"https://media.birdweather.com/soundscapes/19267/19267-20260913-192614.flac",4.5,7.5,"live"
11125604857,19267,"2026-09-13T13:26:17.000-06:00",0.970169365406036,0.965855717658997,9.83144484265101,"almost_certain","BirdNET",NA,10.2198,-83.7874,FALSE,115,"Tropical Kingbird","Tyrannus melancholicus","#00b3a1","avian","https://media.birdweather.com/species/115/TropicalKingbird-standard-712bd41627c48fa23dafd70e7c83c2e4.jpg","https://media.birdweather.com/species/115/TropicalKingbird-thumbnail-d19e465885b300e6a764cb58df2c377e.jpg","https://media.birdweather.com/species/115/TropicalKingbird-png200-7879336d61c20ea19f905a307c05d2d1.png","G/kFDwLXdWqfdmeOkkq2uXmK16/aGV8M",16859687489,"https://media.birdweather.com/soundscapes/19267/19267-20260913-192614.flac",3,6,"live"
11125604850,19267,"2026-09-13T13:26:15.500-06:00",0.947237968444824,0.965855717658997,9.78374632683908,"almost_certain","BirdNET",NA,10.2198,-83.7874,FALSE,115,"Tropical Kingbird","Tyrannus melancholicus","#00b3a1","avian","https://media.birdweather.com/species/115/TropicalKingbird-standard-712bd41627c48fa23dafd70e7c83c2e4.jpg","https://media.birdweather.com/species/115/TropicalKingbird-thumbnail-d19e465885b300e6a764cb58df2c377e.jpg","https://media.birdweather.com/species/115/TropicalKingbird-png200-7879336d61c20ea19f905a307c05d2d1.png","G/kFDwLXdWqfdmeOkkq2uXmK16/aGV8M",16859687489,"https://media.birdweather.com/soundscapes/19267/19267-20260913-192614.flac",1.5,4.5,"live"
11125604842,19267,"2026-09-13T13:26:14.000-06:00",0.938135743141174,0.965855717658997,9.7643430093433,"almost_certain","BirdNET",NA,10.2198,-83.7874,FALSE,115,"Tropical Kingbird","Tyrannus melancholicus","#00b3a1","avian","https://media.birdweather.com/species/115/TropicalKingbird-standard-712bd41627c48fa23dafd70e7c83c2e4.jpg","https://media.birdweather.com/species/115/TropicalKingbird-thumbnail-d19e465885b300e6a764cb58df2c377e.jpg","https://media.birdweather.com/species/115/TropicalKingbird-png200-7879336d61c20ea19f905a307c05d2d1.png","G/kFDwLXdWqfdmeOkkq2uXmK16/aGV8M",16859687489,"https://media.birdweather.com/soundscapes/19267/19267-20260913-192614.flac",0,3,"live"
11125597982,19267,"2026-09-13T13:25:55.000-06:00",0.88700270652771,0.965855598449707,9.64991825867056,"almost_certain","BirdNET",NA,10.2198,-83.7874,FALSE,115,"Tropical Kingbird","Tyrannus melancholicus","#00b3a1","avian","https://media.birdweather.com/species/115/TropicalKingbird-standard-712bd41627c48fa23dafd70e7c83c2e4.jpg","https://media.birdweather.com/species/115/TropicalKingbird-thumbnail-d19e465885b300e6a764cb58df2c377e.jpg","https://media.birdweather.com/species/115/TropicalKingbird-png200-7879336d61c20ea19f905a307c05d2d1.png","G/kFDwLXdWqfdmeOkkq2uXmK16/aGV8M",16859674766,"https://media.birdweather.com/soundscapes/19267/19267-20260913-192549.flac",6,9,"live"
11125597978,19267,"2026-09-13T13:25:53.500-06:00",0.980540812015533,0.965855598449707,9.85248421634725,"almost_certain","BirdNET",NA,10.2198,-83.7874,FALSE,115,"Tropical Kingbird","Tyrannus melancholicus","#00b3a1","avian","https://media.birdweather.com/species/115/TropicalKingbird-standard-712bd41627c48fa23dafd70e7c83c2e4.jpg","https://media.birdweather.com/species/115/TropicalKingbird-thumbnail-d19e465885b300e6a764cb58df2c377e.jpg","https://media.birdweather.com/species/115/TropicalKingbird-png200-7879336d61c20ea19f905a307c05d2d1.png","G/kFDwLXdWqfdmeOkkq2uXmK16/aGV8M",16859674766,"https://media.birdweather.com/soundscapes/19267/19267-20260913-192549.flac",4.5,7.5,"live"
11125597977,19267,"2026-09-13T13:25:52.000-06:00",0.958259642124176,0.965855598449707,9.80687918030381,"almost_certain","BirdNET",NA,10.2198,-83.7874,FALSE,115,"Tropical Kingbird","Tyrannus melancholicus","#00b3a1","avian","https://media.birdweather.com/species/115/TropicalKingbird-standard-712bd41627c48fa23dafd70e7c83c2e4.jpg","https://media.birdweather.com/species/115/TropicalKingbird-thumbnail-d19e465885b300e6a764cb58df2c377e.jpg","https://media.birdweather.com/species/115/TropicalKingbird-png200-7879336d61c20ea19f905a307c05d2d1.png","G/kFDwLXdWqfdmeOkkq2uXmK16/aGV8M",16859674766,"https://media.birdweather.com/soundscapes/19267/19267-20260913-192549.flac",3,6,"live"
11125597974,19267,"2026-09-13T13:25:50.500-06:00",0.993052542209625,0.965855598449707,9.87744290502857,"almost_certain","BirdNET",NA,10.2198,-83.7874,FALSE,115,"Tropical Kingbird","Tyrannus melancholicus","#00b3a1","avian","https://media.birdweather.com/species/115/TropicalKingbird-standard-712bd41627c48fa23dafd70e7c83c2e4.jpg","https://media.birdweather.com/species/115/TropicalKingbird-thumbnail-d19e465885b300e6a764cb58df2c377e.jpg","https://media.birdweather.com/species/115/TropicalKingbird-png200-7879336d61c20ea19f905a307c05d2d1.png","G/kFDwLXdWqfdmeOkkq2uXmK16/aGV8M",16859674766,"https://media.birdweather.com/soundscapes/19267/19267-20260913-192549.flac",1.5,4.5,"live"
11125597969,19267,"2026-09-13T13:25:49.000-06:00",0.977218627929688,0.965855598449707,9.84577993406183,"almost_certain","BirdNET",NA,10.2198,-83.7874,FALSE,115,"Tropical Kingbird","Tyrannus melancholicus","#00b3a1","avian","https://media.birdweather.com/species/115/TropicalKingbird-standard-712bd41627c48fa23dafd70e7c83c2e4.jpg","https://media.birdweather.com/species/115/TropicalKingbird-thumbnail-d19e465885b300e6a764cb58df2c377e.jpg","https://media.birdweather.com/species/115/TropicalKingbird-png200-7879336d61c20ea19f905a307c05d2d1.png","G/kFDwLXdWqfdmeOkkq2uXmK16/aGV8M",16859674766,"https://media.birdweather.com/soundscapes/19267/19267-20260913-192549.flac",0,3,"live"
11125461979,19267,"2026-09-13T13:17:25.000-06:00",0.993770062923431,0.965855121612549,9.87885986963763,"almost_certain","BirdNET",NA,10.2198,-83.7874,FALSE,115,"Tropical Kingbird","Tyrannus melancholicus","#00b3a1","avian","https://media.birdweather.com/species/115/TropicalKingbird-standard-712bd41627c48fa23dafd70e7c83c2e4.jpg","https://media.birdweather.com/species/115/TropicalKingbird-thumbnail-d19e465885b300e6a764cb58df2c377e.jpg","https://media.birdweather.com/species/115/TropicalKingbird-png200-7879336d61c20ea19f905a307c05d2d1.png","G/kFDwLXdWqfdmeOkkq2uXmK16/aGV8M",16859424391,"https://media.birdweather.com/soundscapes/19267/19267-20260913-191719.flac",6,9,"live"
11125461973,19267,"2026-09-13T13:17:23.500-06:00",0.977692425251007,0.965855121612549,9.84673741218713,"almost_certain","BirdNET",NA,10.2198,-83.7874,FALSE,115,"Tropical Kingbird","Tyrannus melancholicus","#00b3a1","avian","https://media.birdweather.com/species/115/TropicalKingbird-standard-712bd41627c48fa23dafd70e7c83c2e4.jpg","https://media.birdweather.com/species/115/TropicalKingbird-thumbnail-d19e465885b300e6a764cb58df2c377e.jpg","https://media.birdweather.com/species/115/TropicalKingbird-png200-7879336d61c20ea19f905a307c05d2d1.png","G/kFDwLXdWqfdmeOkkq2uXmK16/aGV8M",16859424391,"https://media.birdweather.com/soundscapes/19267/19267-20260913-191719.flac",4.5,7.5,"live"
11125461969,19267,"2026-09-13T13:17:22.000-06:00",0.991418242454529,0.965855121612549,9.87420779868692,"almost_certain","BirdNET",NA,10.2198,-83.7874,FALSE,115,"Tropical Kingbird","Tyrannus melancholicus","#00b3a1","avian","https://media.birdweather.com/species/115/TropicalKingbird-standard-712bd41627c48fa23dafd70e7c83c2e4.jpg","https://media.birdweather.com/species/115/TropicalKingbird-thumbnail-d19e465885b300e6a764cb58df2c377e.jpg","https://media.birdweather.com/species/115/TropicalKingbird-png200-7879336d61c20ea19f905a307c05d2d1.png","G/kFDwLXdWqfdmeOkkq2uXmK16/aGV8M",16859424391,"https://media.birdweather.com/soundscapes/19267/19267-20260913-191719.flac",3,6,"live"
11125461967,19267,"2026-09-13T13:17:20.500-06:00",0.936213195323944,0.965855121612549,9.76020846564338,"almost_certain","BirdNET",NA,10.2198,-83.7874,FALSE,115,"Tropical Kingbird","Tyrannus melancholicus","#00b3a1","avian","https://media.birdweather.com/species/115/TropicalKingbird-standard-712bd41627c48fa23dafd70e7c83c2e4.jpg","https://media.birdweather.com/species/115/TropicalKingbird-thumbnail-d19e465885b300e6a764cb58df2c377e.jpg","https://media.birdweather.com/species/115/TropicalKingbird-png200-7879336d61c20ea19f905a307c05d2d1.png","G/kFDwLXdWqfdmeOkkq2uXmK16/aGV8M",16859424391,"https://media.birdweather.com/soundscapes/19267/19267-20260913-191719.flac",1.5,4.5,"live"
11125461960,19267,"2026-09-13T13:17:19.000-06:00",0.990472853183746,0.965855121612549,9.87233328989658,"almost_certain","BirdNET",NA,10.2198,-83.7874,FALSE,115,"Tropical Kingbird","Tyrannus melancholicus","#00b3a1","avian","https://media.birdweather.com/species/115/TropicalKingbird-standard-712bd41627c48fa23dafd70e7c83c2e4.jpg","https://media.birdweather.com/species/115/TropicalKingbird-thumbnail-d19e465885b300e6a764cb58df2c377e.jpg","https://media.birdweather.com/species/115/TropicalKingbird-png200-7879336d61c20ea19f905a307c05d2d1.png","G/kFDwLXdWqfdmeOkkq2uXmK16/aGV8M",16859424391,"https://media.birdweather.com/soundscapes/19267/19267-20260913-191719.flac",0,3,"live"
11125447966,19267,"2026-09-13T13:16:34.000-06:00",0.997158646583557,0.965855956077576,9.88553624852762,"almost_certain","BirdNET",NA,10.2198,-83.7874,FALSE,115,"Tropical Kingbird","Tyrannus melancholicus","#00b3a1","avian","https://media.birdweather.com/species/115/TropicalKingbird-standard-712bd41627c48fa23dafd70e7c83c2e4.jpg","https://media.birdweather.com/species/115/TropicalKingbird-thumbnail-d19e465885b300e6a764cb58df2c377e.jpg","https://media.birdweather.com/species/115/TropicalKingbird-png200-7879336d61c20ea19f905a307c05d2d1.png","G/kFDwLXdWqfdmeOkkq2uXmK16/aGV8M",16859398731,"https://media.birdweather.com/soundscapes/19267/19267-20260913-191628.flac",6,9,"live"
11125447963,19267,"2026-09-13T13:16:29.500-06:00",0.982374966144562,0.965855956077576,9.85617209619299,"almost_certain","BirdNET",NA,10.2198,-83.7874,FALSE,115,"Tropical Kingbird","Tyrannus melancholicus","#00b3a1","avian","https://media.birdweather.com/species/115/TropicalKingbird-standard-712bd41627c48fa23dafd70e7c83c2e4.jpg","https://media.birdweather.com/species/115/TropicalKingbird-thumbnail-d19e465885b300e6a764cb58df2c377e.jpg","https://media.birdweather.com/species/115/TropicalKingbird-png200-7879336d61c20ea19f905a307c05d2d1.png","G/kFDwLXdWqfdmeOkkq2uXmK16/aGV8M",16859398731,"https://media.birdweather.com/soundscapes/19267/19267-20260913-191628.flac",1.5,4.5,"live"
11125447957,19267,"2026-09-13T13:16:28.000-06:00",0.995877623558044,0.965855956077576,9.88301656964018,"almost_certain","BirdNET",NA,10.2198,-83.7874,FALSE,115,"Tropical Kingbird","Tyrannus melancholicus","#00b3a1","avian","https://media.birdweather.com/species/115/TropicalKingbird-standard-712bd41627c48fa23dafd70e7c83c2e4.jpg","https://media.birdweather.com/species/115/TropicalKingbird-thumbnail-d19e465885b300e6a764cb58df2c377e.jpg","https://media.birdweather.com/species/115/TropicalKingbird-png200-7879336d61c20ea19f905a307c05d2d1.png","G/kFDwLXdWqfdmeOkkq2uXmK16/aGV8M",16859398731,"https://media.birdweather.com/soundscapes/19267/19267-20260913-191628.flac",0,3,"live"
11125205041,19267,"2026-09-13T13:01:15.000-06:00",0.717483639717102,0.112460553646088,6.33957392944233,"almost_certain","BirdNET",NA,10.2198,-83.7874,FALSE,603,"Tropical Mockingbird","Mimus gilvus","#006e2a","avian","https://media.birdweather.com/species/603/TropicalMockingbird-standard-33be42788a38707b12f757d28526a492.jpg","https://media.birdweather.com/species/603/TropicalMockingbird-thumbnail-4f6417f6928c80a2cb70eb341f54fd79.jpg","https://media.birdweather.com/species/603/TropicalMockingbird-png200-9e94d27578943cfad1e7923fe23d2300.png","q+cJFwL4VohclXidhXh5aJh4qDAaGKYA",16858946698,"https://media.birdweather.com/soundscapes/19267/19267-20260913-190109.flac",6,9,"live"
11125201936,19267,"2026-09-13T13:01:03.000-06:00",0.703943729400635,0.112460553646088,6.29440534095529,"almost_certain","BirdNET",NA,10.2198,-83.7874,FALSE,603,"Tropical Mockingbird","Mimus gilvus","#006e2a","avian","https://media.birdweather.com/species/603/TropicalMockingbird-standard-33be42788a38707b12f757d28526a492.jpg","https://media.birdweather.com/species/603/TropicalMockingbird-thumbnail-4f6417f6928c80a2cb70eb341f54fd79.jpg","https://media.birdweather.com/species/603/TropicalMockingbird-png200-9e94d27578943cfad1e7923fe23d2300.png","q+cJFwL4VohclXidhXh5aJh4qDAaGKYA",16858940618,"https://media.birdweather.com/soundscapes/19267/19267-20260913-190057.flac",6,9,"live"
11125187933,19267,"2026-09-13T13:00:03.500-06:00",0.83268404006958,0.112459480762482,6.67340776800427,"almost_certain","BirdNET",NA,10.2198,-83.7874,FALSE,603,"Tropical Mockingbird","Mimus gilvus","#006e2a","avian","https://media.birdweather.com/species/603/TropicalMockingbird-standard-33be42788a38707b12f757d28526a492.jpg","https://media.birdweather.com/species/603/TropicalMockingbird-thumbnail-4f6417f6928c80a2cb70eb341f54fd79.jpg","https://media.birdweather.com/species/603/TropicalMockingbird-png200-9e94d27578943cfad1e7923fe23d2300.png","q+cJFwL4VohclXidhXh5aJh4qDAaGKYA",16858913590,"https://media.birdweather.com/soundscapes/19267/19267-20260913-190002.flac",1.5,4.5,"live"
11125187926,19267,"2026-09-13T13:00:02.000-06:00",0.893316686153412,0.112459480762482,6.82109355449394,"almost_certain","BirdNET",NA,10.2198,-83.7874,FALSE,603,"Tropical Mockingbird","Mimus gilvus","#006e2a","avian","https://media.birdweather.com/species/603/TropicalMockingbird-standard-33be42788a38707b12f757d28526a492.jpg","https://media.birdweather.com/species/603/TropicalMockingbird-thumbnail-4f6417f6928c80a2cb70eb341f54fd79.jpg","https://media.birdweather.com/species/603/TropicalMockingbird-png200-9e94d27578943cfad1e7923fe23d2300.png","q+cJFwL4VohclXidhXh5aJh4qDAaGKYA",16858913590,"https://media.birdweather.com/soundscapes/19267/19267-20260913-190002.flac",0,3,"live"
11125164436,19267,"2026-09-13T12:58:37.000-06:00",0.909572124481201,0.112459801137447,6.85812683931238,"almost_certain","BirdNET",NA,10.2198,-83.7874,FALSE,603,"Tropical Mockingbird","Mimus gilvus","#006e2a","avian","https://media.birdweather.com/species/603/TropicalMockingbird-standard-33be42788a38707b12f757d28526a492.jpg","https://media.birdweather.com/species/603/TropicalMockingbird-thumbnail-4f6417f6928c80a2cb70eb341f54fd79.jpg","https://media.birdweather.com/species/603/TropicalMockingbird-png200-9e94d27578943cfad1e7923fe23d2300.png","q+cJFwL4VohclXidhXh5aJh4qDAaGKYA",16858868679,"https://media.birdweather.com/soundscapes/19267/19267-20260913-185831.flac",6,9,"live"
11125164434,19267,"2026-09-13T12:58:34.000-06:00",0.77521288394928,0.112459801137447,6.51700451761295,"almost_certain","BirdNET",NA,10.2198,-83.7874,FALSE,603,"Tropical Mockingbird","Mimus gilvus","#006e2a","avian","https://media.birdweather.com/species/603/TropicalMockingbird-standard-33be42788a38707b12f757d28526a492.jpg","https://media.birdweather.com/species/603/TropicalMockingbird-thumbnail-4f6417f6928c80a2cb70eb341f54fd79.jpg","https://media.birdweather.com/species/603/TropicalMockingbird-png200-9e94d27578943cfad1e7923fe23d2300.png","q+cJFwL4VohclXidhXh5aJh4qDAaGKYA",16858868679,"https://media.birdweather.com/soundscapes/19267/19267-20260913-185831.flac",3,6,"live"
11125164432,19267,"2026-09-13T12:58:32.500-06:00",0.846618175506592,0.112459801137447,6.70878759058533,"almost_certain","BirdNET",NA,10.2198,-83.7874,FALSE,603,"Tropical Mockingbird","Mimus gilvus","#006e2a","avian","https://media.birdweather.com/species/603/TropicalMockingbird-standard-33be42788a38707b12f757d28526a492.jpg","https://media.birdweather.com/species/603/TropicalMockingbird-thumbnail-4f6417f6928c80a2cb70eb341f54fd79.jpg","https://media.birdweather.com/species/603/TropicalMockingbird-png200-9e94d27578943cfad1e7923fe23d2300.png","q+cJFwL4VohclXidhXh5aJh4qDAaGKYA",16858868679,"https://media.birdweather.com/soundscapes/19267/19267-20260913-185831.flac",1.5,4.5,"live"
11125154435,19267,"2026-09-13T12:57:54.000-06:00",0.720814645290375,0.112459801137447,6.35045304755021,"almost_certain","BirdNET",NA,10.2198,-83.7874,FALSE,603,"Tropical Mockingbird","Mimus gilvus","#006e2a","avian","https://media.birdweather.com/species/603/TropicalMockingbird-standard-33be42788a38707b12f757d28526a492.jpg","https://media.birdweather.com/species/603/TropicalMockingbird-thumbnail-4f6417f6928c80a2cb70eb341f54fd79.jpg","https://media.birdweather.com/species/603/TropicalMockingbird-png200-9e94d27578943cfad1e7923fe23d2300.png","q+cJFwL4VohclXidhXh5aJh4qDAaGKYA",16858849093,"https://media.birdweather.com/soundscapes/19267/19267-20260913-185751.flac",3,6,"live"
11125151098,19267,"2026-09-13T12:57:42.500-06:00",0.769406497478485,0.112459801137447,6.50016207332517,"almost_certain","BirdNET",NA,10.2198,-83.7874,FALSE,603,"Tropical Mockingbird","Mimus gilvus","#006e2a","avian","https://media.birdweather.com/species/603/TropicalMockingbird-standard-33be42788a38707b12f757d28526a492.jpg","https://media.birdweather.com/species/603/TropicalMockingbird-thumbnail-4f6417f6928c80a2cb70eb341f54fd79.jpg","https://media.birdweather.com/species/603/TropicalMockingbird-png200-9e94d27578943cfad1e7923fe23d2300.png","q+cJFwL4VohclXidhXh5aJh4qDAaGKYA",16858842676,"https://media.birdweather.com/soundscapes/19267/19267-20260913-185738.flac",4.5,7.5,"live"
11124719942,19267,"2026-09-13T12:30:30.500-06:00",0.714989006519318,0.765550315380096,8.86008700622762,"almost_certain","BirdNET",NA,10.2198,-83.7874,FALSE,229,"Great Kiskadee","Pitangus sulphuratus","#7d4410","avian","https://media.birdweather.com/species/229/GreatKiskadee-standard-cd28a1b8e8b8e5aed433e809c229004e.jpg","https://media.birdweather.com/species/229/GreatKiskadee-thumbnail-b2749ed2442fb322cf3c4cb72f9c97f6.jpg","https://media.birdweather.com/species/229/GreatKiskadee-png200-003973af4f863deb00a4ce9b6f10e59c.png","0PgFDwIrhYqfZJh1mVe3SZZ3uKEJBncG",16858036066,"https://media.birdweather.com/soundscapes/19267/19267-20260913-183029.flac",1.5,4.5,"live"
11124698581,19267,"2026-09-13T12:29:13.500-06:00",0.725371360778809,0.765547633171082,8.89393571874663,"almost_certain","BirdNET",NA,10.2198,-83.7874,FALSE,229,"Great Kiskadee","Pitangus sulphuratus","#7d4410","avian","https://media.birdweather.com/species/229/GreatKiskadee-standard-cd28a1b8e8b8e5aed433e809c229004e.jpg","https://media.birdweather.com/species/229/GreatKiskadee-thumbnail-b2749ed2442fb322cf3c4cb72f9c97f6.jpg","https://media.birdweather.com/species/229/GreatKiskadee-png200-003973af4f863deb00a4ce9b6f10e59c.png","0PgFDwIrhYqfZJh1mVe3SZZ3uKEJBncG",16857996642,"https://media.birdweather.com/soundscapes/19267/19267-20260913-182909.flac",4.5,7.5,"live"
11124331557,19267,"2026-09-13T12:06:08.500-06:00",0.714910924434662,0.0763167664408684,5.85192707798012,"almost_certain","BirdNET",NA,10.2198,-83.7874,FALSE,17047,"Cinnamon-bellied Saltator","Saltator grandis","#6a35aa","avian","https://media.birdweather.com/species/17047/Cinnamon-belliedSaltator-standard-0876af3c691c96f8b8ee4f8dfdd870b4.jpeg","https://media.birdweather.com/species/17047/Cinnamon-belliedSaltator-thumbnail-3679ab493b8742672fc60e91862977e4.jpeg","https://media.birdweather.com/species/17047/Cinnamon-belliedSaltator-png200-58b4d4fbf255464431cd041a234f1383.png","FAgGBwCAaXmLZojmR6mHmXWEdlUJSJUA",16857310345,"https://media.birdweather.com/soundscapes/19267/19267-20260913-180607.flac",1.5,4.5,"live"
11124263762,19267,"2026-09-13T12:01:57.500-06:00",0.926057636737823,0.765558660030365,9.42343260687473,"almost_certain","BirdNET",NA,10.2198,-83.7874,FALSE,229,"Great Kiskadee","Pitangus sulphuratus","#7d4410","avian","https://media.birdweather.com/species/229/GreatKiskadee-standard-cd28a1b8e8b8e5aed433e809c229004e.jpg","https://media.birdweather.com/species/229/GreatKiskadee-thumbnail-b2749ed2442fb322cf3c4cb72f9c97f6.jpg","https://media.birdweather.com/species/229/GreatKiskadee-png200-003973af4f863deb00a4ce9b6f10e59c.png","0PgFDwIrhYqfZJh1mVe3SZZ3uKEJBncG",16857185085,"https://media.birdweather.com/soundscapes/19267/19267-20260913-180153.flac",4.5,7.5,"live"
11124263761,19267,"2026-09-13T12:01:56.000-06:00",0.982405245304108,0.765558660030365,9.54150091166639,"almost_certain","BirdNET",NA,10.2198,-83.7874,FALSE,229,"Great Kiskadee","Pitangus sulphuratus","#7d4410","avian","https://media.birdweather.com/species/229/GreatKiskadee-standard-cd28a1b8e8b8e5aed433e809c229004e.jpg","https://media.birdweather.com/species/229/GreatKiskadee-thumbnail-b2749ed2442fb322cf3c4cb72f9c97f6.jpg","https://media.birdweather.com/species/229/GreatKiskadee-png200-003973af4f863deb00a4ce9b6f10e59c.png","0PgFDwIrhYqfZJh1mVe3SZZ3uKEJBncG",16857185085,"https://media.birdweather.com/soundscapes/19267/19267-20260913-180153.flac",3,6,"live"
11124263759,19267,"2026-09-13T12:01:54.500-06:00",0.712745487689972,0.765558660030365,8.85267514245826,"almost_certain","BirdNET",NA,10.2198,-83.7874,FALSE,229,"Great Kiskadee","Pitangus sulphuratus","#7d4410","avian","https://media.birdweather.com/species/229/GreatKiskadee-standard-cd28a1b8e8b8e5aed433e809c229004e.jpg","https://media.birdweather.com/species/229/GreatKiskadee-thumbnail-b2749ed2442fb322cf3c4cb72f9c97f6.jpg","https://media.birdweather.com/species/229/GreatKiskadee-png200-003973af4f863deb00a4ce9b6f10e59c.png","0PgFDwIrhYqfZJh1mVe3SZZ3uKEJBncG",16857185085,"https://media.birdweather.com/soundscapes/19267/19267-20260913-180153.flac",1.5,4.5,"live"
11124263757,19267,"2026-09-13T12:01:53.000-06:00",0.905764579772949,0.765558660030365,9.37828972322917,"almost_certain","BirdNET",NA,10.2198,-83.7874,FALSE,229,"Great Kiskadee","Pitangus sulphuratus","#7d4410","avian","https://media.birdweather.com/species/229/GreatKiskadee-standard-cd28a1b8e8b8e5aed433e809c229004e.jpg","https://media.birdweather.com/species/229/GreatKiskadee-thumbnail-b2749ed2442fb322cf3c4cb72f9c97f6.jpg","https://media.birdweather.com/species/229/GreatKiskadee-png200-003973af4f863deb00a4ce9b6f10e59c.png","0PgFDwIrhYqfZJh1mVe3SZZ3uKEJBncG",16857185085,"https://media.birdweather.com/soundscapes/19267/19267-20260913-180153.flac",0,3,"live"
11124206802,19267,"2026-09-13T11:58:24.000-06:00",0.870592713356018,0.765559613704681,9.29634381691934,"almost_certain","BirdNET",NA,10.2198,-83.7874,FALSE,229,"Great Kiskadee","Pitangus sulphuratus","#7d4410","avian","https://media.birdweather.com/species/229/GreatKiskadee-standard-cd28a1b8e8b8e5aed433e809c229004e.jpg","https://media.birdweather.com/species/229/GreatKiskadee-thumbnail-b2749ed2442fb322cf3c4cb72f9c97f6.jpg","https://media.birdweather.com/species/229/GreatKiskadee-png200-003973af4f863deb00a4ce9b6f10e59c.png","0PgFDwIrhYqfZJh1mVe3SZZ3uKEJBncG",16857078629,"https://media.birdweather.com/soundscapes/19267/19267-20260913-175821.flac",3,6,"live"
11124206800,19267,"2026-09-13T11:58:22.500-06:00",0.767847836017609,0.765559613704681,9.02435420667869,"almost_certain","BirdNET",NA,10.2198,-83.7874,FALSE,229,"Great Kiskadee","Pitangus sulphuratus","#7d4410","avian","https://media.birdweather.com/species/229/GreatKiskadee-standard-cd28a1b8e8b8e5aed433e809c229004e.jpg","https://media.birdweather.com/species/229/GreatKiskadee-thumbnail-b2749ed2442fb322cf3c4cb72f9c97f6.jpg","https://media.birdweather.com/species/229/GreatKiskadee-png200-003973af4f863deb00a4ce9b6f10e59c.png","0PgFDwIrhYqfZJh1mVe3SZZ3uKEJBncG",16857078629,"https://media.birdweather.com/soundscapes/19267/19267-20260913-175821.flac",1.5,4.5,"live"
11124203025,19267,"2026-09-13T11:58:10.000-06:00",0.706662356853485,0.203263953328133,7.06359090311313,"almost_certain","BirdNET",NA,10.2198,-83.7874,FALSE,501,"White-winged Dove","Zenaida asiatica","#d16ff8","avian","https://media.birdweather.com/species/501/White-wingedDove-standard-6528ef689b07d5a91f1c2275cdef19c9.jpg","https://media.birdweather.com/species/501/White-wingedDove-thumbnail-4a940adfd5a6c78c73c48c5095e7b896.jpg","https://media.birdweather.com/species/501/White-wingedDove-png200-d65decd3d571b5a9dbeca249ef97689f.png","IscJLwb6hoVelZWZdoh3eIeIdxBoB4IG",16857071765,"https://media.birdweather.com/soundscapes/19267/19267-20260913-175807.flac",3,6,"live"
11124203020,19267,"2026-09-13T11:58:08.500-06:00",0.741909921169281,0.203263953328133,7.1774691554801,"almost_certain","BirdNET",NA,10.2198,-83.7874,FALSE,501,"White-winged Dove","Zenaida asiatica","#d16ff8","avian","https://media.birdweather.com/species/501/White-wingedDove-standard-6528ef689b07d5a91f1c2275cdef19c9.jpg","https://media.birdweather.com/species/501/White-wingedDove-thumbnail-4a940adfd5a6c78c73c48c5095e7b896.jpg","https://media.birdweather.com/species/501/White-wingedDove-png200-d65decd3d571b5a9dbeca249ef97689f.png","IscJLwb6hoVelZWZdoh3eIeIdxBoB4IG",16857071765,"https://media.birdweather.com/soundscapes/19267/19267-20260913-175807.flac",1.5,4.5,"live"
11124203014,19267,"2026-09-13T11:58:07.000-06:00",0.8031285405159,0.203263953328133,7.35521243782538,"almost_certain","BirdNET",NA,10.2198,-83.7874,FALSE,501,"White-winged Dove","Zenaida asiatica","#d16ff8","avian","https://media.birdweather.com/species/501/White-wingedDove-standard-6528ef689b07d5a91f1c2275cdef19c9.jpg","https://media.birdweather.com/species/501/White-wingedDove-thumbnail-4a940adfd5a6c78c73c48c5095e7b896.jpg","https://media.birdweather.com/species/501/White-wingedDove-png200-d65decd3d571b5a9dbeca249ef97689f.png","IscJLwb6hoVelZWZdoh3eIeIdxBoB4IG",16857071765,"https://media.birdweather.com/soundscapes/19267/19267-20260913-175807.flac",0,3,"live"
11124199511,19267,"2026-09-13T11:58:01.000-06:00",0.738716781139374,0.203263953328133,7.16753391049662,"almost_certain","BirdNET",NA,10.2198,-83.7874,FALSE,501,"White-winged Dove","Zenaida asiatica","#d16ff8","avian","https://media.birdweather.com/species/501/White-wingedDove-standard-6528ef689b07d5a91f1c2275cdef19c9.jpg","https://media.birdweather.com/species/501/White-wingedDove-thumbnail-4a940adfd5a6c78c73c48c5095e7b896.jpg","https://media.birdweather.com/species/501/White-wingedDove-png200-d65decd3d571b5a9dbeca249ef97689f.png","IscJLwb6hoVelZWZdoh3eIeIdxBoB4IG",16857065404,"https://media.birdweather.com/soundscapes/19267/19267-20260913-175755.flac",6,9,"live"
11124196012,19267,"2026-09-13T11:57:43.000-06:00",0.719574332237244,0.20326055586338,7.10639178639746,"almost_certain","BirdNET",NA,10.2198,-83.7874,FALSE,501,"White-winged Dove","Zenaida asiatica","#d16ff8","avian","https://media.birdweather.com/species/501/White-wingedDove-standard-6528ef689b07d5a91f1c2275cdef19c9.jpg","https://media.birdweather.com/species/501/White-wingedDove-thumbnail-4a940adfd5a6c78c73c48c5095e7b896.jpg","https://media.birdweather.com/species/501/White-wingedDove-png200-d65decd3d571b5a9dbeca249ef97689f.png","IscJLwb6hoVelZWZdoh3eIeIdxBoB4IG",16857059284,"https://media.birdweather.com/soundscapes/19267/19267-20260913-175740.flac",3,6,"live"
11124196009,19267,"2026-09-13T11:57:41.500-06:00",0.877160429954529,0.20326055586338,7.54325679278493,"almost_certain","BirdNET",NA,10.2198,-83.7874,FALSE,501,"White-winged Dove","Zenaida asiatica","#d16ff8","avian","https://media.birdweather.com/species/501/White-wingedDove-standard-6528ef689b07d5a91f1c2275cdef19c9.jpg","https://media.birdweather.com/species/501/White-wingedDove-thumbnail-4a940adfd5a6c78c73c48c5095e7b896.jpg","https://media.birdweather.com/species/501/White-wingedDove-png200-d65decd3d571b5a9dbeca249ef97689f.png","IscJLwb6hoVelZWZdoh3eIeIdxBoB4IG",16857059284,"https://media.birdweather.com/soundscapes/19267/19267-20260913-175740.flac",1.5,4.5,"live"
11124187898,19267,"2026-09-13T11:57:19.000-06:00",0.729844570159912,0.203256726264954,7.1394978616027,"almost_certain","BirdNET",NA,10.2198,-83.7874,FALSE,501,"White-winged Dove","Zenaida asiatica","#d16ff8","avian","https://media.birdweather.com/species/501/White-wingedDove-standard-6528ef689b07d5a91f1c2275cdef19c9.jpg","https://media.birdweather.com/species/501/White-wingedDove-thumbnail-4a940adfd5a6c78c73c48c5095e7b896.jpg","https://media.birdweather.com/species/501/White-wingedDove-png200-d65decd3d571b5a9dbeca249ef97689f.png","IscJLwb6hoVelZWZdoh3eIeIdxBoB4IG",16857044704,"https://media.birdweather.com/soundscapes/19267/19267-20260913-175713.flac",6,9,"live"
11124184512,19267,"2026-09-13T11:57:06.000-06:00",0.713997423648834,0.203256726264954,7.08803528042959,"almost_certain","BirdNET",NA,10.2198,-83.7874,FALSE,501,"White-winged Dove","Zenaida asiatica","#d16ff8","avian","https://media.birdweather.com/species/501/White-wingedDove-standard-6528ef689b07d5a91f1c2275cdef19c9.jpg","https://media.birdweather.com/species/501/White-wingedDove-thumbnail-4a940adfd5a6c78c73c48c5095e7b896.jpg","https://media.birdweather.com/species/501/White-wingedDove-png200-d65decd3d571b5a9dbeca249ef97689f.png","IscJLwb6hoVelZWZdoh3eIeIdxBoB4IG",16857038599,"https://media.birdweather.com/soundscapes/19267/19267-20260913-175700.flac",6,9,"live"
11124184500,19267,"2026-09-13T11:57:00.000-06:00",0.804184079170227,0.203256726264954,7.35803719175951,"almost_certain","BirdNET",NA,10.2198,-83.7874,FALSE,501,"White-winged Dove","Zenaida asiatica","#d16ff8","avian","https://media.birdweather.com/species/501/White-wingedDove-standard-6528ef689b07d5a91f1c2275cdef19c9.jpg","https://media.birdweather.com/species/501/White-wingedDove-thumbnail-4a940adfd5a6c78c73c48c5095e7b896.jpg","https://media.birdweather.com/species/501/White-wingedDove-png200-d65decd3d571b5a9dbeca249ef97689f.png","IscJLwb6hoVelZWZdoh3eIeIdxBoB4IG",16857038599,"https://media.birdweather.com/soundscapes/19267/19267-20260913-175700.flac",0,3,"live"
11124180488,19267,"2026-09-13T11:56:52.000-06:00",0.892192780971527,0.203261360526085,7.57848734174204,"almost_certain","BirdNET",NA,10.2198,-83.7874,FALSE,501,"White-winged Dove","Zenaida asiatica","#d16ff8","avian","https://media.birdweather.com/species/501/White-wingedDove-standard-6528ef689b07d5a91f1c2275cdef19c9.jpg","https://media.birdweather.com/species/501/White-wingedDove-thumbnail-4a940adfd5a6c78c73c48c5095e7b896.jpg","https://media.birdweather.com/species/501/White-wingedDove-png200-d65decd3d571b5a9dbeca249ef97689f.png","IscJLwb6hoVelZWZdoh3eIeIdxBoB4IG",16857031461,"https://media.birdweather.com/soundscapes/19267/19267-20260913-175646.flac",6,9,"live"
11124169290,19267,"2026-09-13T11:56:09.000-06:00",0.717331290245056,0.203256294131279,7.0990207491532,"almost_certain","BirdNET",NA,10.2198,-83.7874,FALSE,501,"White-winged Dove","Zenaida asiatica","#d16ff8","avian","https://media.birdweather.com/species/501/White-wingedDove-standard-6528ef689b07d5a91f1c2275cdef19c9.jpg","https://media.birdweather.com/species/501/White-wingedDove-thumbnail-4a940adfd5a6c78c73c48c5095e7b896.jpg","https://media.birdweather.com/species/501/White-wingedDove-png200-d65decd3d571b5a9dbeca249ef97689f.png","IscJLwb6hoVelZWZdoh3eIeIdxBoB4IG",16857011672,"https://media.birdweather.com/soundscapes/19267/19267-20260913-175606.flac",3,6,"live"
11124169287,19267,"2026-09-13T11:56:07.500-06:00",0.900544583797455,0.203256294131279,7.597641175829,"almost_certain","BirdNET",NA,10.2198,-83.7874,FALSE,501,"White-winged Dove","Zenaida asiatica","#d16ff8","avian","https://media.birdweather.com/species/501/White-wingedDove-standard-6528ef689b07d5a91f1c2275cdef19c9.jpg","https://media.birdweather.com/species/501/White-wingedDove-thumbnail-4a940adfd5a6c78c73c48c5095e7b896.jpg","https://media.birdweather.com/species/501/White-wingedDove-png200-d65decd3d571b5a9dbeca249ef97689f.png","IscJLwb6hoVelZWZdoh3eIeIdxBoB4IG",16857011672,"https://media.birdweather.com/soundscapes/19267/19267-20260913-175606.flac",1.5,4.5,"live"
11124123703,19267,"2026-09-13T11:53:32.000-06:00",0.961005449295044,0.203261509537697,7.72909220504464,"almost_certain","BirdNET",NA,10.2198,-83.7874,FALSE,501,"White-winged Dove","Zenaida asiatica","#d16ff8","avian","https://media.birdweather.com/species/501/White-wingedDove-standard-6528ef689b07d5a91f1c2275cdef19c9.jpg","https://media.birdweather.com/species/501/White-wingedDove-thumbnail-4a940adfd5a6c78c73c48c5095e7b896.jpg","https://media.birdweather.com/species/501/White-wingedDove-png200-d65decd3d571b5a9dbeca249ef97689f.png","IscJLwb6hoVelZWZdoh3eIeIdxBoB4IG",16856932088,"https://media.birdweather.com/soundscapes/19267/19267-20260913-175326.flac",6,9,"live"
11124123701,19267,"2026-09-13T11:53:30.500-06:00",0.986122965812683,0.203261509537697,7.7801860512935,"almost_certain","BirdNET",NA,10.2198,-83.7874,FALSE,501,"White-winged Dove","Zenaida asiatica","#d16ff8","avian","https://media.birdweather.com/species/501/White-wingedDove-standard-6528ef689b07d5a91f1c2275cdef19c9.jpg","https://media.birdweather.com/species/501/White-wingedDove-thumbnail-4a940adfd5a6c78c73c48c5095e7b896.jpg","https://media.birdweather.com/species/501/White-wingedDove-png200-d65decd3d571b5a9dbeca249ef97689f.png","IscJLwb6hoVelZWZdoh3eIeIdxBoB4IG",16856932088,"https://media.birdweather.com/soundscapes/19267/19267-20260913-175326.flac",4.5,7.5,"live"
11124123700,19267,"2026-09-13T11:53:29.000-06:00",0.968840301036835,0.203261509537697,7.7452352367863,"almost_certain","BirdNET",NA,10.2198,-83.7874,FALSE,501,"White-winged Dove","Zenaida asiatica","#d16ff8","avian","https://media.birdweather.com/species/501/White-wingedDove-standard-6528ef689b07d5a91f1c2275cdef19c9.jpg","https://media.birdweather.com/species/501/White-wingedDove-thumbnail-4a940adfd5a6c78c73c48c5095e7b896.jpg","https://media.birdweather.com/species/501/White-wingedDove-png200-d65decd3d571b5a9dbeca249ef97689f.png","IscJLwb6hoVelZWZdoh3eIeIdxBoB4IG",16856932088,"https://media.birdweather.com/soundscapes/19267/19267-20260913-175326.flac",3,6,"live"
11124116667,19267,"2026-09-13T11:53:07.000-06:00",0.782023787498474,0.203239545226097,7.29634808970732,"almost_certain","BirdNET",NA,10.2198,-83.7874,FALSE,501,"White-winged Dove","Zenaida asiatica","#d16ff8","avian","https://media.birdweather.com/species/501/White-wingedDove-standard-6528ef689b07d5a91f1c2275cdef19c9.jpg","https://media.birdweather.com/species/501/White-wingedDove-thumbnail-4a940adfd5a6c78c73c48c5095e7b896.jpg","https://media.birdweather.com/species/501/White-wingedDove-png200-d65decd3d571b5a9dbeca249ef97689f.png","IscJLwb6hoVelZWZdoh3eIeIdxBoB4IG",16856919723,"https://media.birdweather.com/soundscapes/19267/19267-20260913-175301.flac",6,9,"live"
11124075841,19267,"2026-09-13T11:50:42.000-06:00",0.891302943229675,0.0402310565114021,5.59556480596122,"almost_certain","BirdNET",NA,10.2198,-83.7874,FALSE,610,"Yellow-billed Cuckoo","Coccyzus americanus","#e2342d","avian","https://media.birdweather.com/species/610/Yellow-billedCuckoo-standard-882f68a7a9fd2d56463209cebd11666a.jpg","https://media.birdweather.com/species/610/Yellow-billedCuckoo-thumbnail-6d2045e19aef63a798a493d7cfb637a8.jpg","https://media.birdweather.com/species/610/Yellow-billedCuckoo-png200-347ece3a30ca733e8fe66061ab0863f5.png","H+gJJwJ/dXZoyJmZpJhZd5h4CXhqqOwA",16856847322,"https://media.birdweather.com/soundscapes/19267/19267-20260913-175036.flac",6,9,"live"
11123194538,19267,"2026-09-13T10:58:30.000-06:00",0.930806636810303,0.0555816330015659,6.04949112134288,"almost_certain","BirdNET",NA,10.2198,-83.7874,FALSE,489,"Turquoise-browed Motmot","Eumomota superciliosa","#903338","avian","https://media.birdweather.com/species/489/Turquoise-browedMotmot-standard-d21180eefd772e32428e357f0f29eee5.jpg","https://media.birdweather.com/species/489/Turquoise-browedMotmot-thumbnail-8e9347acbe609fa806f2008b13b9b5a1.jpg","https://media.birdweather.com/species/489/Turquoise-browedMotmot-png200-38c6a91b7ded72c80f26f8a04930d2ea.png","3fgFDwS/l4hAd4iLhmh4l4iG+V6Zv5II",16855288097,"https://media.birdweather.com/soundscapes/19267/19267-20260913-165824.flac",6,9,"live"
11123194531,19267,"2026-09-13T10:58:28.500-06:00",0.852286279201508,0.0555816330015659,5.86737312682806,"almost_certain","BirdNET",NA,10.2198,-83.7874,FALSE,489,"Turquoise-browed Motmot","Eumomota superciliosa","#903338","avian","https://media.birdweather.com/species/489/Turquoise-browedMotmot-standard-d21180eefd772e32428e357f0f29eee5.jpg","https://media.birdweather.com/species/489/Turquoise-browedMotmot-thumbnail-8e9347acbe609fa806f2008b13b9b5a1.jpg","https://media.birdweather.com/species/489/Turquoise-browedMotmot-png200-38c6a91b7ded72c80f26f8a04930d2ea.png","3fgFDwS/l4hAd4iLhmh4l4iG+V6Zv5II",16855288097,"https://media.birdweather.com/soundscapes/19267/19267-20260913-165824.flac",4.5,7.5,"live"
11123073465,19267,"2026-09-13T10:51:31.000-06:00",0.701608002185822,0.113837100565434,6.3017744875042,"almost_certain","BirdNET",NA,10.2198,-83.7874,FALSE,1399,"Broad-winged Hawk","Buteo platypterus","#b48a00","avian","https://media.birdweather.com/species/1399/Broad-wingedHawk-standard-26f5d4dc69dfc6fcce29aa20b82cb071.jpg","https://media.birdweather.com/species/1399/Broad-wingedHawk-thumbnail-d3b7edaae185748d84e10c490ecf8cda.jpg","https://media.birdweather.com/species/1399/Broad-wingedHawk-png200-598ba5e6335162ec4d03bb1dd3cb6777.png","WecFHwTMd3lPlnV2lox2hol3tzBbCrIF",16855080387,"https://media.birdweather.com/soundscapes/19267/19267-20260913-165125.flac",6,9,"live"
11122772464,19267,"2026-09-13T10:34:24.000-06:00",0.787898063659668,0.765550494194031,9.08182794397972,"almost_certain","BirdNET",NA,10.2198,-83.7874,FALSE,229,"Great Kiskadee","Pitangus sulphuratus","#7d4410","avian","https://media.birdweather.com/species/229/GreatKiskadee-standard-cd28a1b8e8b8e5aed433e809c229004e.jpg","https://media.birdweather.com/species/229/GreatKiskadee-thumbnail-b2749ed2442fb322cf3c4cb72f9c97f6.jpg","https://media.birdweather.com/species/229/GreatKiskadee-png200-003973af4f863deb00a4ce9b6f10e59c.png","0PgFDwIrhYqfZJh1mVe3SZZ3uKEJBncG",16854569768,"https://media.birdweather.com/soundscapes/19267/19267-20260913-163424.flac",0,3,"live"
11122651370,19267,"2026-09-13T10:27:43.500-06:00",0.956241309642792,0.0496846474707127,5.97456355960151,"almost_certain","BirdNET",NA,10.2198,-83.7874,FALSE,954,"Hepatic Tanager","Piranga flava","#ff779e","avian","https://media.birdweather.com/species/954/HepaticTanager-standard-4148c5df71d392ab7fc71330103a4d27.jpg","https://media.birdweather.com/species/954/HepaticTanager-thumbnail-9cec7a7ffc5800bedb2aceed18b6800f.jpg","https://media.birdweather.com/species/954/HepaticTanager-png200-775f30a5f9898db623532a51bd6851c2.png","KjkGDwSgWZqqeJWaZphmaIeJ2MIIDlkB",16854368141,"https://media.birdweather.com/soundscapes/19267/19267-20260913-162739.flac",4.5,7.5,"live"
11122500614,19267,"2026-09-13T10:19:07.000-06:00",0.925594449043274,0.34232223033905,8.34143735033817,"almost_certain","BirdNET",NA,10.2198,-83.7874,FALSE,244,"Montezuma Oropendola","Psarocolius montezuma","#ff9f86","avian","https://media.birdweather.com/species/244/MontezumaOropendola-standard-c1f6622e2d5b34ccfcb59ef61fe6946d.jpg","https://media.birdweather.com/species/244/MontezumaOropendola-thumbnail-bf91394c0865fb38fcc82de87c79e049.jpg","https://media.birdweather.com/species/244/MontezumaOropendola-png200-2a6b9f3a04ad3735705c952ef4041bb6.png","nckFFwS6mGaqeGmecKlje5a1ln+3BWoA",16854112903,"https://media.birdweather.com/soundscapes/19267/19267-20260913-161907.flac",0,3,"live"
11122468438,19267,"2026-09-13T10:17:24.000-06:00",0.919851899147034,0.342327147722244,8.32882268892499,"almost_certain","BirdNET",NA,10.2198,-83.7874,FALSE,244,"Montezuma Oropendola","Psarocolius montezuma","#ff9f86","avian","https://media.birdweather.com/species/244/MontezumaOropendola-standard-c1f6622e2d5b34ccfcb59ef61fe6946d.jpg","https://media.birdweather.com/species/244/MontezumaOropendola-thumbnail-bf91394c0865fb38fcc82de87c79e049.jpg","https://media.birdweather.com/species/244/MontezumaOropendola-png200-2a6b9f3a04ad3735705c952ef4041bb6.png","nckFFwS6mGaqeGmecKlje5a1ln+3BWoA",16854059689,"https://media.birdweather.com/soundscapes/19267/19267-20260913-161721.flac",3,6,"live"
11121103167,19267,"2026-09-13T09:01:06.500-06:00",0.963686525821686,0.0402340926229954,5.75385720766666,"almost_certain","BirdNET",NA,10.2198,-83.7874,FALSE,610,"Yellow-billed Cuckoo","Coccyzus americanus","#e2342d","avian","https://media.birdweather.com/species/610/Yellow-billedCuckoo-standard-882f68a7a9fd2d56463209cebd11666a.jpg","https://media.birdweather.com/species/610/Yellow-billedCuckoo-thumbnail-6d2045e19aef63a798a493d7cfb637a8.jpg","https://media.birdweather.com/species/610/Yellow-billedCuckoo-png200-347ece3a30ca733e8fe66061ab0863f5.png","H+gJJwJ/dXZoyJmZpJhZd5h4CXhqqOwA",16851780349,"https://media.birdweather.com/soundscapes/19267/19267-20260913-150105.flac",1.5,4.5,"live"
11119055272,19267,"2026-09-13T07:11:40.000-06:00",0.800981342792511,0.765553772449493,9.1180871714054,"almost_certain","BirdNET",NA,10.2198,-83.7874,FALSE,229,"Great Kiskadee","Pitangus sulphuratus","#7d4410","avian","https://media.birdweather.com/species/229/GreatKiskadee-standard-cd28a1b8e8b8e5aed433e809c229004e.jpg","https://media.birdweather.com/species/229/GreatKiskadee-thumbnail-b2749ed2442fb322cf3c4cb72f9c97f6.jpg","https://media.birdweather.com/species/229/GreatKiskadee-png200-003973af4f863deb00a4ce9b6f10e59c.png","0PgFDwIrhYqfZJh1mVe3SZZ3uKEJBncG",16848505703,"https://media.birdweather.com/soundscapes/19267/19267-20260913-131137.flac",3,6,"live"
11119051658,19267,"2026-09-13T07:11:24.000-06:00",0.781307578086853,0.765554249286652,9.06320260897897,"almost_certain","BirdNET",NA,10.2198,-83.7874,FALSE,229,"Great Kiskadee","Pitangus sulphuratus","#7d4410","avian","https://media.birdweather.com/species/229/GreatKiskadee-standard-cd28a1b8e8b8e5aed433e809c229004e.jpg","https://media.birdweather.com/species/229/GreatKiskadee-thumbnail-b2749ed2442fb322cf3c4cb72f9c97f6.jpg","https://media.birdweather.com/species/229/GreatKiskadee-png200-003973af4f863deb00a4ce9b6f10e59c.png","0PgFDwIrhYqfZJh1mVe3SZZ3uKEJBncG",16848499364,"https://media.birdweather.com/soundscapes/19267/19267-20260913-131124.flac",0,3,"live"
11118065294,19267,"2026-09-13T06:12:28.000-06:00",0.870389819145203,0.552222907543182,8.85514614633239,"almost_certain","BirdNET",NA,10.2198,-83.7874,FALSE,802,"Rufous-tailed Hummingbird","Amazilia tzacatl","#d9c845","avian","https://media.birdweather.com/species/802/Rufous-tailedHummingbird-standard-4d0209b50ad0c35c6d8337f5c0c16b55.jpg","https://media.birdweather.com/species/802/Rufous-tailedHummingbird-thumbnail-fbf17400c31564f70aa45927c5d75f5e.jpg","https://media.birdweather.com/species/802/Rufous-tailedHummingbird-png200-8ea431c9893cfe027e92471791a8c256.png","mPkJFwIHqJeJl4lriIaGhYh3+H+oVGAH",16846745026,"https://media.birdweather.com/soundscapes/19267/19267-20260913-121225.flac",3,6,"live"
11118051033,19267,"2026-09-13T06:11:40.000-06:00",0.743728697299957,0.965857207775116,9.26657246504359,"almost_certain","BirdNET",NA,10.2198,-83.7874,FALSE,115,"Tropical Kingbird","Tyrannus melancholicus","#00b3a1","avian","https://media.birdweather.com/species/115/TropicalKingbird-standard-712bd41627c48fa23dafd70e7c83c2e4.jpg","https://media.birdweather.com/species/115/TropicalKingbird-thumbnail-d19e465885b300e6a764cb58df2c377e.jpg","https://media.birdweather.com/species/115/TropicalKingbird-png200-7879336d61c20ea19f905a307c05d2d1.png","G/kFDwLXdWqfdmeOkkq2uXmK16/aGV8M",16846719355,"https://media.birdweather.com/soundscapes/19267/19267-20260913-121134.flac",6,9,"live"
11118033021,19267,"2026-09-13T06:10:32.500-06:00",0.819914877414703,0.765554845333099,9.16891091603381,"almost_certain","BirdNET",NA,10.2198,-83.7874,FALSE,229,"Great Kiskadee","Pitangus sulphuratus","#7d4410","avian","https://media.birdweather.com/species/229/GreatKiskadee-standard-cd28a1b8e8b8e5aed433e809c229004e.jpg","https://media.birdweather.com/species/229/GreatKiskadee-thumbnail-b2749ed2442fb322cf3c4cb72f9c97f6.jpg","https://media.birdweather.com/species/229/GreatKiskadee-png200-003973af4f863deb00a4ce9b6f10e59c.png","0PgFDwIrhYqfZJh1mVe3SZZ3uKEJBncG",16846686805,"https://media.birdweather.com/soundscapes/19267/19267-20260913-121028.flac",4.5,7.5,"live"
11118033002,19267,"2026-09-13T06:10:29.500-06:00",0.715979397296906,0.765554845333099,8.86336068243556,"almost_certain","BirdNET",NA,10.2198,-83.7874,FALSE,229,"Great Kiskadee","Pitangus sulphuratus","#7d4410","avian","https://media.birdweather.com/species/229/GreatKiskadee-standard-cd28a1b8e8b8e5aed433e809c229004e.jpg","https://media.birdweather.com/species/229/GreatKiskadee-thumbnail-b2749ed2442fb322cf3c4cb72f9c97f6.jpg","https://media.birdweather.com/species/229/GreatKiskadee-png200-003973af4f863deb00a4ce9b6f10e59c.png","0PgFDwIrhYqfZJh1mVe3SZZ3uKEJBncG",16846686805,"https://media.birdweather.com/soundscapes/19267/19267-20260913-121028.flac",1.5,4.5,"live"
11118014820,19267,"2026-09-13T06:09:26.500-06:00",0.846079230308533,0.203265473246574,7.467450396642,"almost_certain","BirdNET",NA,10.2198,-83.7874,FALSE,501,"White-winged Dove","Zenaida asiatica","#d16ff8","avian","https://media.birdweather.com/species/501/White-wingedDove-standard-6528ef689b07d5a91f1c2275cdef19c9.jpg","https://media.birdweather.com/species/501/White-wingedDove-thumbnail-4a940adfd5a6c78c73c48c5095e7b896.jpg","https://media.birdweather.com/species/501/White-wingedDove-png200-d65decd3d571b5a9dbeca249ef97689f.png","IscJLwb6hoVelZWZdoh3eIeIdxBoB4IG",16846654050,"https://media.birdweather.com/soundscapes/19267/19267-20260913-120922.flac",4.5,7.5,"live"
11118011310,19267,"2026-09-13T06:09:13.500-06:00",0.967057943344116,0.203265473246574,7.74160498477092,"almost_certain","BirdNET",NA,10.2198,-83.7874,FALSE,501,"White-winged Dove","Zenaida asiatica","#d16ff8","avian","https://media.birdweather.com/species/501/White-wingedDove-standard-6528ef689b07d5a91f1c2275cdef19c9.jpg","https://media.birdweather.com/species/501/White-wingedDove-thumbnail-4a940adfd5a6c78c73c48c5095e7b896.jpg","https://media.birdweather.com/species/501/White-wingedDove-png200-d65decd3d571b5a9dbeca249ef97689f.png","IscJLwb6hoVelZWZdoh3eIeIdxBoB4IG",16846647672,"https://media.birdweather.com/soundscapes/19267/19267-20260913-120909.flac",4.5,7.5,"live"
11118007727,19267,"2026-09-13T06:09:00.500-06:00",0.955403804779053,0.203265473246574,7.71745822486068,"almost_certain","BirdNET",NA,10.2198,-83.7874,FALSE,501,"White-winged Dove","Zenaida asiatica","#d16ff8","avian","https://media.birdweather.com/species/501/White-wingedDove-standard-6528ef689b07d5a91f1c2275cdef19c9.jpg","https://media.birdweather.com/species/501/White-wingedDove-thumbnail-4a940adfd5a6c78c73c48c5095e7b896.jpg","https://media.birdweather.com/species/501/White-wingedDove-png200-d65decd3d571b5a9dbeca249ef97689f.png","IscJLwb6hoVelZWZdoh3eIeIdxBoB4IG",16846641272,"https://media.birdweather.com/soundscapes/19267/19267-20260913-120856.flac",4.5,7.5,"live"
11118007724,19267,"2026-09-13T06:08:59.000-06:00",0.915313839912415,0.203265473246574,7.63098506459875,"almost_certain","BirdNET",NA,10.2198,-83.7874,FALSE,501,"White-winged Dove","Zenaida asiatica","#d16ff8","avian","https://media.birdweather.com/species/501/White-wingedDove-standard-6528ef689b07d5a91f1c2275cdef19c9.jpg","https://media.birdweather.com/species/501/White-wingedDove-thumbnail-4a940adfd5a6c78c73c48c5095e7b896.jpg","https://media.birdweather.com/species/501/White-wingedDove-png200-d65decd3d571b5a9dbeca249ef97689f.png","IscJLwb6hoVelZWZdoh3eIeIdxBoB4IG",16846641272,"https://media.birdweather.com/soundscapes/19267/19267-20260913-120856.flac",3,6,"live"
11118007722,19267,"2026-09-13T06:08:57.500-06:00",0.750502586364746,0.203265473246574,7.20386204380883,"almost_certain","BirdNET",NA,10.2198,-83.7874,FALSE,501,"White-winged Dove","Zenaida asiatica","#d16ff8","avian","https://media.birdweather.com/species/501/White-wingedDove-standard-6528ef689b07d5a91f1c2275cdef19c9.jpg","https://media.birdweather.com/species/501/White-wingedDove-thumbnail-4a940adfd5a6c78c73c48c5095e7b896.jpg","https://media.birdweather.com/species/501/White-wingedDove-png200-d65decd3d571b5a9dbeca249ef97689f.png","IscJLwb6hoVelZWZdoh3eIeIdxBoB4IG",16846641272,"https://media.birdweather.com/soundscapes/19267/19267-20260913-120856.flac",1.5,4.5,"live"
11118003877,19267,"2026-09-13T06:08:46.500-06:00",0.843044340610504,0.203265473246574,7.45981524897118,"almost_certain","BirdNET",NA,10.2198,-83.7874,FALSE,501,"White-winged Dove","Zenaida asiatica","#d16ff8","avian","https://media.birdweather.com/species/501/White-wingedDove-standard-6528ef689b07d5a91f1c2275cdef19c9.jpg","https://media.birdweather.com/species/501/White-wingedDove-thumbnail-4a940adfd5a6c78c73c48c5095e7b896.jpg","https://media.birdweather.com/species/501/White-wingedDove-png200-d65decd3d571b5a9dbeca249ef97689f.png","IscJLwb6hoVelZWZdoh3eIeIdxBoB4IG",16846634133,"https://media.birdweather.com/soundscapes/19267/19267-20260913-120842.flac",4.5,7.5,"live"
11117986337,19267,"2026-09-13T06:07:38.500-06:00",0.851493537425995,0.203265473246574,7.4809668779857,"almost_certain","BirdNET",NA,10.2198,-83.7874,FALSE,501,"White-winged Dove","Zenaida asiatica","#d16ff8","avian","https://media.birdweather.com/species/501/White-wingedDove-standard-6528ef689b07d5a91f1c2275cdef19c9.jpg","https://media.birdweather.com/species/501/White-wingedDove-thumbnail-4a940adfd5a6c78c73c48c5095e7b896.jpg","https://media.birdweather.com/species/501/White-wingedDove-png200-d65decd3d571b5a9dbeca249ef97689f.png","IscJLwb6hoVelZWZdoh3eIeIdxBoB4IG",16846602028,"https://media.birdweather.com/soundscapes/19267/19267-20260913-120737.flac",1.5,4.5,"live"
11117979326,19267,"2026-09-13T06:07:12.500-06:00",0.851863741874695,0.203263476490974,7.4818733907007,"almost_certain","BirdNET",NA,10.2198,-83.7874,FALSE,501,"White-winged Dove","Zenaida asiatica","#d16ff8","avian","https://media.birdweather.com/species/501/White-wingedDove-standard-6528ef689b07d5a91f1c2275cdef19c9.jpg","https://media.birdweather.com/species/501/White-wingedDove-thumbnail-4a940adfd5a6c78c73c48c5095e7b896.jpg","https://media.birdweather.com/species/501/White-wingedDove-png200-d65decd3d571b5a9dbeca249ef97689f.png","IscJLwb6hoVelZWZdoh3eIeIdxBoB4IG",16846588811,"https://media.birdweather.com/soundscapes/19267/19267-20260913-120711.flac",1.5,4.5,"live"
11117979321,19267,"2026-09-13T06:07:11.000-06:00",0.954174518585205,0.203263476490974,7.71487339038887,"almost_certain","BirdNET",NA,10.2198,-83.7874,FALSE,501,"White-winged Dove","Zenaida asiatica","#d16ff8","avian","https://media.birdweather.com/species/501/White-wingedDove-standard-6528ef689b07d5a91f1c2275cdef19c9.jpg","https://media.birdweather.com/species/501/White-wingedDove-thumbnail-4a940adfd5a6c78c73c48c5095e7b896.jpg","https://media.birdweather.com/species/501/White-wingedDove-png200-d65decd3d571b5a9dbeca249ef97689f.png","IscJLwb6hoVelZWZdoh3eIeIdxBoB4IG",16846588811,"https://media.birdweather.com/soundscapes/19267/19267-20260913-120711.flac",0,3,"live"
11117975938,19267,"2026-09-13T06:07:04.000-06:00",0.76957505941391,0.203254073858261,7.26059495712518,"almost_certain","BirdNET",NA,10.2198,-83.7874,FALSE,501,"White-winged Dove","Zenaida asiatica","#d16ff8","avian","https://media.birdweather.com/species/501/White-wingedDove-standard-6528ef689b07d5a91f1c2275cdef19c9.jpg","https://media.birdweather.com/species/501/White-wingedDove-thumbnail-4a940adfd5a6c78c73c48c5095e7b896.jpg","https://media.birdweather.com/species/501/White-wingedDove-png200-d65decd3d571b5a9dbeca249ef97689f.png","IscJLwb6hoVelZWZdoh3eIeIdxBoB4IG",16846582682,"https://media.birdweather.com/soundscapes/19267/19267-20260913-120658.flac",6,9,"live"
11117972091,19267,"2026-09-13T06:06:49.000-06:00",0.716030061244965,0.203254073858261,7.09472818502712,"almost_certain","BirdNET",NA,10.2198,-83.7874,FALSE,501,"White-winged Dove","Zenaida asiatica","#d16ff8","avian","https://media.birdweather.com/species/501/White-wingedDove-standard-6528ef689b07d5a91f1c2275cdef19c9.jpg","https://media.birdweather.com/species/501/White-wingedDove-thumbnail-4a940adfd5a6c78c73c48c5095e7b896.jpg","https://media.birdweather.com/species/501/White-wingedDove-png200-d65decd3d571b5a9dbeca249ef97689f.png","IscJLwb6hoVelZWZdoh3eIeIdxBoB4IG",16846575528,"https://media.birdweather.com/soundscapes/19267/19267-20260913-120643.flac",6,9,"live"
11117972088,19267,"2026-09-13T06:06:46.000-06:00",0.977636516094208,0.203254073858261,7.76308749642194,"almost_certain","BirdNET",NA,10.2198,-83.7874,FALSE,501,"White-winged Dove","Zenaida asiatica","#d16ff8","avian","https://media.birdweather.com/species/501/White-wingedDove-standard-6528ef689b07d5a91f1c2275cdef19c9.jpg","https://media.birdweather.com/species/501/White-wingedDove-thumbnail-4a940adfd5a6c78c73c48c5095e7b896.jpg","https://media.birdweather.com/species/501/White-wingedDove-png200-d65decd3d571b5a9dbeca249ef97689f.png","IscJLwb6hoVelZWZdoh3eIeIdxBoB4IG",16846575528,"https://media.birdweather.com/soundscapes/19267/19267-20260913-120643.flac",3,6,"live"
11117972085,19267,"2026-09-13T06:06:44.500-06:00",0.969425916671753,0.203254073858261,7.74638647316214,"almost_certain","BirdNET",NA,10.2198,-83.7874,FALSE,501,"White-winged Dove","Zenaida asiatica","#d16ff8","avian","https://media.birdweather.com/species/501/White-wingedDove-standard-6528ef689b07d5a91f1c2275cdef19c9.jpg","https://media.birdweather.com/species/501/White-wingedDove-thumbnail-4a940adfd5a6c78c73c48c5095e7b896.jpg","https://media.birdweather.com/species/501/White-wingedDove-png200-d65decd3d571b5a9dbeca249ef97689f.png","IscJLwb6hoVelZWZdoh3eIeIdxBoB4IG",16846575528,"https://media.birdweather.com/soundscapes/19267/19267-20260913-120643.flac",1.5,4.5,"live"
11117972078,19267,"2026-09-13T06:06:43.000-06:00",0.833170413970947,0.203254073858261,7.4346026880244,"almost_certain","BirdNET",NA,10.2198,-83.7874,FALSE,501,"White-winged Dove","Zenaida asiatica","#d16ff8","avian","https://media.birdweather.com/species/501/White-wingedDove-standard-6528ef689b07d5a91f1c2275cdef19c9.jpg","https://media.birdweather.com/species/501/White-wingedDove-thumbnail-4a940adfd5a6c78c73c48c5095e7b896.jpg","https://media.birdweather.com/species/501/White-wingedDove-png200-d65decd3d571b5a9dbeca249ef97689f.png","IscJLwb6hoVelZWZdoh3eIeIdxBoB4IG",16846575528,"https://media.birdweather.com/soundscapes/19267/19267-20260913-120643.flac",0,3,"live"
11117949439,19267,"2026-09-13T06:05:22.000-06:00",0.792532801628113,0.765557706356049,9.09479343486699,"almost_certain","BirdNET",NA,10.2198,-83.7874,FALSE,229,"Great Kiskadee","Pitangus sulphuratus","#7d4410","avian","https://media.birdweather.com/species/229/GreatKiskadee-standard-cd28a1b8e8b8e5aed433e809c229004e.jpg","https://media.birdweather.com/species/229/GreatKiskadee-thumbnail-b2749ed2442fb322cf3c4cb72f9c97f6.jpg","https://media.birdweather.com/species/229/GreatKiskadee-png200-003973af4f863deb00a4ce9b6f10e59c.png","0PgFDwIrhYqfZJh1mVe3SZZ3uKEJBncG",16846535319,"https://media.birdweather.com/soundscapes/19267/19267-20260913-120522.flac",0,3,"live"
11117945947,19267,"2026-09-13T06:05:13.000-06:00",0.838538289070129,0.552225351333618,8.7764299516558,"almost_certain","BirdNET",NA,10.2198,-83.7874,FALSE,802,"Rufous-tailed Hummingbird","Amazilia tzacatl","#d9c845","avian","https://media.birdweather.com/species/802/Rufous-tailedHummingbird-standard-4d0209b50ad0c35c6d8337f5c0c16b55.jpg","https://media.birdweather.com/species/802/Rufous-tailedHummingbird-thumbnail-fbf17400c31564f70aa45927c5d75f5e.jpg","https://media.birdweather.com/species/802/Rufous-tailedHummingbird-png200-8ea431c9893cfe027e92471791a8c256.png","mPkJFwIHqJeJl4lriIaGhYh3+H+oVGAH",16846528974,"https://media.birdweather.com/soundscapes/19267/19267-20260913-120510.flac",3,6,"live"
11117902302,19267,"2026-09-13T06:02:33.500-06:00",0.748646318912506,0.553707361221313,8.52984197320689,"almost_certain","BirdNET",NA,10.2198,-83.7874,FALSE,121,"Social Flycatcher","Myiozetetes similis","#69b9ff","avian","https://media.birdweather.com/species/121/SocialFlycatcher-standard-6e107581e61c9f556b3a0af5200f486a.jpg","https://media.birdweather.com/species/121/SocialFlycatcher-thumbnail-87f640fcaf1441ecbbd56b57372185a8.jpg","https://media.birdweather.com/species/121/SocialFlycatcher-png200-2f6dd485cf927db0dd7fd9abc239fb19.png","2xkKJwIJh3ekeXh0e5Z4eYaIdyApd5AC",16846449316,"https://media.birdweather.com/soundscapes/19267/19267-20260913-120229.flac",4.5,7.5,"live"
11117861528,19267,"2026-09-13T06:00:06.500-06:00",0.90476381778717,0.11246120929718,6.84729318222948,"almost_certain","BirdNET",NA,10.2198,-83.7874,FALSE,603,"Tropical Mockingbird","Mimus gilvus","#006e2a","avian","https://media.birdweather.com/species/603/TropicalMockingbird-standard-33be42788a38707b12f757d28526a492.jpg","https://media.birdweather.com/species/603/TropicalMockingbird-thumbnail-4f6417f6928c80a2cb70eb341f54fd79.jpg","https://media.birdweather.com/species/603/TropicalMockingbird-png200-9e94d27578943cfad1e7923fe23d2300.png","q+cJFwL4VohclXidhXh5aJh4qDAaGKYA",16846376869,"https://media.birdweather.com/soundscapes/19267/19267-20260913-120002.flac",4.5,7.5,"live"
11117861514,19267,"2026-09-13T06:00:02.000-06:00",0.848794937133789,0.11246120929718,6.71424817089624,"almost_certain","BirdNET",NA,10.2198,-83.7874,FALSE,603,"Tropical Mockingbird","Mimus gilvus","#006e2a","avian","https://media.birdweather.com/species/603/TropicalMockingbird-standard-33be42788a38707b12f757d28526a492.jpg","https://media.birdweather.com/species/603/TropicalMockingbird-thumbnail-4f6417f6928c80a2cb70eb341f54fd79.jpg","https://media.birdweather.com/species/603/TropicalMockingbird-png200-9e94d27578943cfad1e7923fe23d2300.png","q+cJFwL4VohclXidhXh5aJh4qDAaGKYA",16846376869,"https://media.birdweather.com/soundscapes/19267/19267-20260913-120002.flac",0,3,"live"
11117843260,19267,"2026-09-13T05:59:01.500-06:00",0.773922145366669,0.11246332526207,6.51331778589199,"almost_certain","BirdNET",NA,10.2198,-83.7874,FALSE,603,"Tropical Mockingbird","Mimus gilvus","#006e2a","avian","https://media.birdweather.com/species/603/TropicalMockingbird-standard-33be42788a38707b12f757d28526a492.jpg","https://media.birdweather.com/species/603/TropicalMockingbird-thumbnail-4f6417f6928c80a2cb70eb341f54fd79.jpg","https://media.birdweather.com/species/603/TropicalMockingbird-png200-9e94d27578943cfad1e7923fe23d2300.png","q+cJFwL4VohclXidhXh5aJh4qDAaGKYA",16846344287,"https://media.birdweather.com/soundscapes/19267/19267-20260913-115857.flac",4.5,7.5,"live"
11117843258,19267,"2026-09-13T05:59:00.000-06:00",0.839315056800842,0.11246332526207,6.69039968845713,"almost_certain","BirdNET",NA,10.2198,-83.7874,FALSE,603,"Tropical Mockingbird","Mimus gilvus","#006e2a","avian","https://media.birdweather.com/species/603/TropicalMockingbird-standard-33be42788a38707b12f757d28526a492.jpg","https://media.birdweather.com/species/603/TropicalMockingbird-thumbnail-4f6417f6928c80a2cb70eb341f54fd79.jpg","https://media.birdweather.com/species/603/TropicalMockingbird-png200-9e94d27578943cfad1e7923fe23d2300.png","q+cJFwL4VohclXidhXh5aJh4qDAaGKYA",16846344287,"https://media.birdweather.com/soundscapes/19267/19267-20260913-115857.flac",3,6,"live"
11117839253,19267,"2026-09-13T05:58:45.000-06:00",0.770936846733093,0.0402320697903633,5.2837743059769,"almost_certain","BirdNET",NA,10.2198,-83.7874,FALSE,610,"Yellow-billed Cuckoo","Coccyzus americanus","#e2342d","avian","https://media.birdweather.com/species/610/Yellow-billedCuckoo-standard-882f68a7a9fd2d56463209cebd11666a.jpg","https://media.birdweather.com/species/610/Yellow-billedCuckoo-thumbnail-6d2045e19aef63a798a493d7cfb637a8.jpg","https://media.birdweather.com/species/610/Yellow-billedCuckoo-png200-347ece3a30ca733e8fe66061ab0863f5.png","H+gJJwJ/dXZoyJmZpJhZd5h4CXhqqOwA",16846337241,"https://media.birdweather.com/soundscapes/19267/19267-20260913-115842.flac",3,6,"live"
11117835622,19267,"2026-09-13T05:58:33.500-06:00",0.763196527957916,0.11246332526207,6.48195625626411,"almost_certain","BirdNET",NA,10.2198,-83.7874,FALSE,603,"Tropical Mockingbird","Mimus gilvus","#006e2a","avian","https://media.birdweather.com/species/603/TropicalMockingbird-standard-33be42788a38707b12f757d28526a492.jpg","https://media.birdweather.com/species/603/TropicalMockingbird-thumbnail-4f6417f6928c80a2cb70eb341f54fd79.jpg","https://media.birdweather.com/species/603/TropicalMockingbird-png200-9e94d27578943cfad1e7923fe23d2300.png","q+cJFwL4VohclXidhXh5aJh4qDAaGKYA",16846330788,"https://media.birdweather.com/soundscapes/19267/19267-20260913-115829.flac",4.5,7.5,"live"
11117832014,19267,"2026-09-13T05:58:17.500-06:00",0.953517258167267,0.11246332526207,6.95353424644801,"almost_certain","BirdNET",NA,10.2198,-83.7874,FALSE,603,"Tropical Mockingbird","Mimus gilvus","#006e2a","avian","https://media.birdweather.com/species/603/TropicalMockingbird-standard-33be42788a38707b12f757d28526a492.jpg","https://media.birdweather.com/species/603/TropicalMockingbird-thumbnail-4f6417f6928c80a2cb70eb341f54fd79.jpg","https://media.birdweather.com/species/603/TropicalMockingbird-png200-9e94d27578943cfad1e7923fe23d2300.png","q+cJFwL4VohclXidhXh5aJh4qDAaGKYA",16846324353,"https://media.birdweather.com/soundscapes/19267/19267-20260913-115816.flac",1.5,4.5,"live"
11117832011,19267,"2026-09-13T05:58:16.000-06:00",0.86394989490509,0.11246332526207,6.75159140649848,"almost_certain","BirdNET",NA,10.2198,-83.7874,FALSE,603,"Tropical Mockingbird","Mimus gilvus","#006e2a","avian","https://media.birdweather.com/species/603/TropicalMockingbird-standard-33be42788a38707b12f757d28526a492.jpg","https://media.birdweather.com/species/603/TropicalMockingbird-thumbnail-4f6417f6928c80a2cb70eb341f54fd79.jpg","https://media.birdweather.com/species/603/TropicalMockingbird-png200-9e94d27578943cfad1e7923fe23d2300.png","q+cJFwL4VohclXidhXh5aJh4qDAaGKYA",16846324353,"https://media.birdweather.com/soundscapes/19267/19267-20260913-115816.flac",0,3,"live"
11117762971,19267,"2026-09-13T05:54:08.500-06:00",0.887045919895172,0.765550255775452,9.33527279190367,"almost_certain","BirdNET",NA,10.2198,-83.7874,FALSE,229,"Great Kiskadee","Pitangus sulphuratus","#7d4410","avian","https://media.birdweather.com/species/229/GreatKiskadee-standard-cd28a1b8e8b8e5aed433e809c229004e.jpg","https://media.birdweather.com/species/229/GreatKiskadee-thumbnail-b2749ed2442fb322cf3c4cb72f9c97f6.jpg","https://media.birdweather.com/species/229/GreatKiskadee-png200-003973af4f863deb00a4ce9b6f10e59c.png","0PgFDwIrhYqfZJh1mVe3SZZ3uKEJBncG",16846198469,"https://media.birdweather.com/soundscapes/19267/19267-20260913-115404.flac",4.5,7.5,"live"
11117618178,19267,"2026-09-13T05:44:57.500-06:00",0.87535560131073,0.552228510379791,8.86703532396219,"almost_certain","BirdNET",NA,10.2198,-83.7874,FALSE,802,"Rufous-tailed Hummingbird","Amazilia tzacatl","#d9c845","avian","https://media.birdweather.com/species/802/Rufous-tailedHummingbird-standard-4d0209b50ad0c35c6d8337f5c0c16b55.jpg","https://media.birdweather.com/species/802/Rufous-tailedHummingbird-thumbnail-fbf17400c31564f70aa45927c5d75f5e.jpg","https://media.birdweather.com/species/802/Rufous-tailedHummingbird-png200-8ea431c9893cfe027e92471791a8c256.png","mPkJFwIHqJeJl4lriIaGhYh3+H+oVGAH",16845928353,"https://media.birdweather.com/soundscapes/19267/19267-20260913-114456.flac",1.5,4.5,"live"
11117450654,19267,"2026-09-13T05:33:50.500-06:00",0.870675265789032,0.765554368495941,9.29653274645533,"almost_certain","BirdNET",NA,10.2198,-83.7874,FALSE,229,"Great Kiskadee","Pitangus sulphuratus","#7d4410","avian","https://media.birdweather.com/species/229/GreatKiskadee-standard-cd28a1b8e8b8e5aed433e809c229004e.jpg","https://media.birdweather.com/species/229/GreatKiskadee-thumbnail-b2749ed2442fb322cf3c4cb72f9c97f6.jpg","https://media.birdweather.com/species/229/GreatKiskadee-png200-003973af4f863deb00a4ce9b6f10e59c.png","0PgFDwIrhYqfZJh1mVe3SZZ3uKEJBncG",16845596814,"https://media.birdweather.com/soundscapes/19267/19267-20260913-113346.flac",4.5,7.5,"live"
11117450650,19267,"2026-09-13T05:33:49.000-06:00",0.965111792087555,0.765554368495941,9.50632742033726,"almost_certain","BirdNET",NA,10.2198,-83.7874,FALSE,229,"Great Kiskadee","Pitangus sulphuratus","#7d4410","avian","https://media.birdweather.com/species/229/GreatKiskadee-standard-cd28a1b8e8b8e5aed433e809c229004e.jpg","https://media.birdweather.com/species/229/GreatKiskadee-thumbnail-b2749ed2442fb322cf3c4cb72f9c97f6.jpg","https://media.birdweather.com/species/229/GreatKiskadee-png200-003973af4f863deb00a4ce9b6f10e59c.png","0PgFDwIrhYqfZJh1mVe3SZZ3uKEJBncG",16845596814,"https://media.birdweather.com/soundscapes/19267/19267-20260913-113346.flac",3,6,"live"
11117450646,19267,"2026-09-13T05:33:47.500-06:00",0.992385268211365,0.765554368495941,9.56138417441114,"almost_certain","BirdNET",NA,10.2198,-83.7874,FALSE,229,"Great Kiskadee","Pitangus sulphuratus","#7d4410","avian","https://media.birdweather.com/species/229/GreatKiskadee-standard-cd28a1b8e8b8e5aed433e809c229004e.jpg","https://media.birdweather.com/species/229/GreatKiskadee-thumbnail-b2749ed2442fb322cf3c4cb72f9c97f6.jpg","https://media.birdweather.com/species/229/GreatKiskadee-png200-003973af4f863deb00a4ce9b6f10e59c.png","0PgFDwIrhYqfZJh1mVe3SZZ3uKEJBncG",16845596814,"https://media.birdweather.com/soundscapes/19267/19267-20260913-113346.flac",1.5,4.5,"live"
11117450642,19267,"2026-09-13T05:33:46.000-06:00",0.966610431671143,0.765554368495941,9.50941085179102,"almost_certain","BirdNET",NA,10.2198,-83.7874,FALSE,229,"Great Kiskadee","Pitangus sulphuratus","#7d4410","avian","https://media.birdweather.com/species/229/GreatKiskadee-standard-cd28a1b8e8b8e5aed433e809c229004e.jpg","https://media.birdweather.com/species/229/GreatKiskadee-thumbnail-b2749ed2442fb322cf3c4cb72f9c97f6.jpg","https://media.birdweather.com/species/229/GreatKiskadee-png200-003973af4f863deb00a4ce9b6f10e59c.png","0PgFDwIrhYqfZJh1mVe3SZZ3uKEJBncG",16845596814,"https://media.birdweather.com/soundscapes/19267/19267-20260913-113346.flac",0,3,"live"
11117446930,19267,"2026-09-13T05:33:39.000-06:00",0.896570026874542,0.765552282333374,9.3573245846737,"almost_certain","BirdNET",NA,10.2198,-83.7874,FALSE,229,"Great Kiskadee","Pitangus sulphuratus","#7d4410","avian","https://media.birdweather.com/species/229/GreatKiskadee-standard-cd28a1b8e8b8e5aed433e809c229004e.jpg","https://media.birdweather.com/species/229/GreatKiskadee-thumbnail-b2749ed2442fb322cf3c4cb72f9c97f6.jpg","https://media.birdweather.com/species/229/GreatKiskadee-png200-003973af4f863deb00a4ce9b6f10e59c.png","0PgFDwIrhYqfZJh1mVe3SZZ3uKEJBncG",16845589510,"https://media.birdweather.com/soundscapes/19267/19267-20260913-113333.flac",6,9,"live"
11117446928,19267,"2026-09-13T05:33:37.500-06:00",0.876428186893463,0.765552282333374,9.3102707477502,"almost_certain","BirdNET",NA,10.2198,-83.7874,FALSE,229,"Great Kiskadee","Pitangus sulphuratus","#7d4410","avian","https://media.birdweather.com/species/229/GreatKiskadee-standard-cd28a1b8e8b8e5aed433e809c229004e.jpg","https://media.birdweather.com/species/229/GreatKiskadee-thumbnail-b2749ed2442fb322cf3c4cb72f9c97f6.jpg","https://media.birdweather.com/species/229/GreatKiskadee-png200-003973af4f863deb00a4ce9b6f10e59c.png","0PgFDwIrhYqfZJh1mVe3SZZ3uKEJBncG",16845589510,"https://media.birdweather.com/soundscapes/19267/19267-20260913-113333.flac",4.5,7.5,"live"
11117446922,19267,"2026-09-13T05:33:34.500-06:00",0.974363625049591,0.765552282333374,9.52524937212691,"almost_certain","BirdNET",NA,10.2198,-83.7874,FALSE,229,"Great Kiskadee","Pitangus sulphuratus","#7d4410","avian","https://media.birdweather.com/species/229/GreatKiskadee-standard-cd28a1b8e8b8e5aed433e809c229004e.jpg","https://media.birdweather.com/species/229/GreatKiskadee-thumbnail-b2749ed2442fb322cf3c4cb72f9c97f6.jpg","https://media.birdweather.com/species/229/GreatKiskadee-png200-003973af4f863deb00a4ce9b6f10e59c.png","0PgFDwIrhYqfZJh1mVe3SZZ3uKEJBncG",16845589510,"https://media.birdweather.com/soundscapes/19267/19267-20260913-113333.flac",1.5,4.5,"live"
11117446919,19267,"2026-09-13T05:33:33.000-06:00",0.859100878238678,0.765552282333374,9.26845718912755,"almost_certain","BirdNET",NA,10.2198,-83.7874,FALSE,229,"Great Kiskadee","Pitangus sulphuratus","#7d4410","avian","https://media.birdweather.com/species/229/GreatKiskadee-standard-cd28a1b8e8b8e5aed433e809c229004e.jpg","https://media.birdweather.com/species/229/GreatKiskadee-thumbnail-b2749ed2442fb322cf3c4cb72f9c97f6.jpg","https://media.birdweather.com/species/229/GreatKiskadee-png200-003973af4f863deb00a4ce9b6f10e59c.png","0PgFDwIrhYqfZJh1mVe3SZZ3uKEJBncG",16845589510,"https://media.birdweather.com/soundscapes/19267/19267-20260913-113333.flac",0,3,"live"
11117443740,19267,"2026-09-13T05:33:25.500-06:00",0.981803894042969,0.765552282333374,9.54028183772867,"almost_certain","BirdNET",NA,10.2198,-83.7874,FALSE,229,"Great Kiskadee","Pitangus sulphuratus","#7d4410","avian","https://media.birdweather.com/species/229/GreatKiskadee-standard-cd28a1b8e8b8e5aed433e809c229004e.jpg","https://media.birdweather.com/species/229/GreatKiskadee-thumbnail-b2749ed2442fb322cf3c4cb72f9c97f6.jpg","https://media.birdweather.com/species/229/GreatKiskadee-png200-003973af4f863deb00a4ce9b6f10e59c.png","0PgFDwIrhYqfZJh1mVe3SZZ3uKEJBncG",16845583108,"https://media.birdweather.com/soundscapes/19267/19267-20260913-113321.flac",4.5,7.5,"live"
11117443733,19267,"2026-09-13T05:33:24.000-06:00",0.885819435119629,0.765552282333374,9.33241110725035,"almost_certain","BirdNET",NA,10.2198,-83.7874,FALSE,229,"Great Kiskadee","Pitangus sulphuratus","#7d4410","avian","https://media.birdweather.com/species/229/GreatKiskadee-standard-cd28a1b8e8b8e5aed433e809c229004e.jpg","https://media.birdweather.com/species/229/GreatKiskadee-thumbnail-b2749ed2442fb322cf3c4cb72f9c97f6.jpg","https://media.birdweather.com/species/229/GreatKiskadee-png200-003973af4f863deb00a4ce9b6f10e59c.png","0PgFDwIrhYqfZJh1mVe3SZZ3uKEJBncG",16845583108,"https://media.birdweather.com/soundscapes/19267/19267-20260913-113321.flac",3,6,"live"
11117443725,19267,"2026-09-13T05:33:21.000-06:00",0.827207326889038,0.765552282333374,9.18798881705859,"almost_certain","BirdNET",NA,10.2198,-83.7874,FALSE,229,"Great Kiskadee","Pitangus sulphuratus","#7d4410","avian","https://media.birdweather.com/species/229/GreatKiskadee-standard-cd28a1b8e8b8e5aed433e809c229004e.jpg","https://media.birdweather.com/species/229/GreatKiskadee-thumbnail-b2749ed2442fb322cf3c4cb72f9c97f6.jpg","https://media.birdweather.com/species/229/GreatKiskadee-png200-003973af4f863deb00a4ce9b6f10e59c.png","0PgFDwIrhYqfZJh1mVe3SZZ3uKEJBncG",16845583108,"https://media.birdweather.com/soundscapes/19267/19267-20260913-113321.flac",0,3,"live"
11117440290,19267,"2026-09-13T05:33:10.500-06:00",0.849563956260681,0.765552282333374,9.24488666539444,"almost_certain","BirdNET",NA,10.2198,-83.7874,FALSE,229,"Great Kiskadee","Pitangus sulphuratus","#7d4410","avian","https://media.birdweather.com/species/229/GreatKiskadee-standard-cd28a1b8e8b8e5aed433e809c229004e.jpg","https://media.birdweather.com/species/229/GreatKiskadee-thumbnail-b2749ed2442fb322cf3c4cb72f9c97f6.jpg","https://media.birdweather.com/species/229/GreatKiskadee-png200-003973af4f863deb00a4ce9b6f10e59c.png","0PgFDwIrhYqfZJh1mVe3SZZ3uKEJBncG",16845576174,"https://media.birdweather.com/soundscapes/19267/19267-20260913-113306.flac",4.5,7.5,"live"
11117440289,19267,"2026-09-13T05:33:09.000-06:00",0.994938373565674,0.765552282333374,9.56642294390931,"almost_certain","BirdNET",NA,10.2198,-83.7874,FALSE,229,"Great Kiskadee","Pitangus sulphuratus","#7d4410","avian","https://media.birdweather.com/species/229/GreatKiskadee-standard-cd28a1b8e8b8e5aed433e809c229004e.jpg","https://media.birdweather.com/species/229/GreatKiskadee-thumbnail-b2749ed2442fb322cf3c4cb72f9c97f6.jpg","https://media.birdweather.com/species/229/GreatKiskadee-png200-003973af4f863deb00a4ce9b6f10e59c.png","0PgFDwIrhYqfZJh1mVe3SZZ3uKEJBncG",16845576174,"https://media.birdweather.com/soundscapes/19267/19267-20260913-113306.flac",3,6,"live"
11117440288,19267,"2026-09-13T05:33:07.500-06:00",0.791745603084564,0.765552282333374,9.09259247705399,"almost_certain","BirdNET",NA,10.2198,-83.7874,FALSE,229,"Great Kiskadee","Pitangus sulphuratus","#7d4410","avian","https://media.birdweather.com/species/229/GreatKiskadee-standard-cd28a1b8e8b8e5aed433e809c229004e.jpg","https://media.birdweather.com/species/229/GreatKiskadee-thumbnail-b2749ed2442fb322cf3c4cb72f9c97f6.jpg","https://media.birdweather.com/species/229/GreatKiskadee-png200-003973af4f863deb00a4ce9b6f10e59c.png","0PgFDwIrhYqfZJh1mVe3SZZ3uKEJBncG",16845576174,"https://media.birdweather.com/soundscapes/19267/19267-20260913-113306.flac",1.5,4.5,"live"
11117437109,19267,"2026-09-13T05:33:00.000-06:00",0.92668753862381,0.765552282333374,9.4247990602125,"almost_certain","BirdNET",NA,10.2198,-83.7874,FALSE,229,"Great Kiskadee","Pitangus sulphuratus","#7d4410","avian","https://media.birdweather.com/species/229/GreatKiskadee-standard-cd28a1b8e8b8e5aed433e809c229004e.jpg","https://media.birdweather.com/species/229/GreatKiskadee-thumbnail-b2749ed2442fb322cf3c4cb72f9c97f6.jpg","https://media.birdweather.com/species/229/GreatKiskadee-png200-003973af4f863deb00a4ce9b6f10e59c.png","0PgFDwIrhYqfZJh1mVe3SZZ3uKEJBncG",16845569744,"https://media.birdweather.com/soundscapes/19267/19267-20260913-113254.flac",6,9,"live"
11117437105,19267,"2026-09-13T05:32:57.000-06:00",0.748221874237061,0.765552282333374,8.96563026010771,"almost_certain","BirdNET",NA,10.2198,-83.7874,FALSE,229,"Great Kiskadee","Pitangus sulphuratus","#7d4410","avian","https://media.birdweather.com/species/229/GreatKiskadee-standard-cd28a1b8e8b8e5aed433e809c229004e.jpg","https://media.birdweather.com/species/229/GreatKiskadee-thumbnail-b2749ed2442fb322cf3c4cb72f9c97f6.jpg","https://media.birdweather.com/species/229/GreatKiskadee-png200-003973af4f863deb00a4ce9b6f10e59c.png","0PgFDwIrhYqfZJh1mVe3SZZ3uKEJBncG",16845569744,"https://media.birdweather.com/soundscapes/19267/19267-20260913-113254.flac",3,6,"live"
11117437102,19267,"2026-09-13T05:32:55.500-06:00",0.837398111820221,0.765552282333374,9.21421788051943,"almost_certain","BirdNET",NA,10.2198,-83.7874,FALSE,229,"Great Kiskadee","Pitangus sulphuratus","#7d4410","avian","https://media.birdweather.com/species/229/GreatKiskadee-standard-cd28a1b8e8b8e5aed433e809c229004e.jpg","https://media.birdweather.com/species/229/GreatKiskadee-thumbnail-b2749ed2442fb322cf3c4cb72f9c97f6.jpg","https://media.birdweather.com/species/229/GreatKiskadee-png200-003973af4f863deb00a4ce9b6f10e59c.png","0PgFDwIrhYqfZJh1mVe3SZZ3uKEJBncG",16845569744,"https://media.birdweather.com/soundscapes/19267/19267-20260913-113254.flac",1.5,4.5,"live"
11117437098,19267,"2026-09-13T05:32:54.000-06:00",0.752236306667328,0.765552282333374,8.97784583876245,"almost_certain","BirdNET",NA,10.2198,-83.7874,FALSE,229,"Great Kiskadee","Pitangus sulphuratus","#7d4410","avian","https://media.birdweather.com/species/229/GreatKiskadee-standard-cd28a1b8e8b8e5aed433e809c229004e.jpg","https://media.birdweather.com/species/229/GreatKiskadee-thumbnail-b2749ed2442fb322cf3c4cb72f9c97f6.jpg","https://media.birdweather.com/species/229/GreatKiskadee-png200-003973af4f863deb00a4ce9b6f10e59c.png","0PgFDwIrhYqfZJh1mVe3SZZ3uKEJBncG",16845569744,"https://media.birdweather.com/soundscapes/19267/19267-20260913-113254.flac",0,3,"live"
11117434164,19267,"2026-09-13T05:32:47.000-06:00",0.93156898021698,0.765552282333374,9.4354290206916,"almost_certain","BirdNET",NA,10.2198,-83.7874,FALSE,229,"Great Kiskadee","Pitangus sulphuratus","#7d4410","avian","https://media.birdweather.com/species/229/GreatKiskadee-standard-cd28a1b8e8b8e5aed433e809c229004e.jpg","https://media.birdweather.com/species/229/GreatKiskadee-thumbnail-b2749ed2442fb322cf3c4cb72f9c97f6.jpg","https://media.birdweather.com/species/229/GreatKiskadee-png200-003973af4f863deb00a4ce9b6f10e59c.png","0PgFDwIrhYqfZJh1mVe3SZZ3uKEJBncG",16845563655,"https://media.birdweather.com/soundscapes/19267/19267-20260913-113241.flac",6,9,"live"
11117434163,19267,"2026-09-13T05:32:45.500-06:00",0.834902584552765,0.765552282333374,9.20784116447255,"almost_certain","BirdNET",NA,10.2198,-83.7874,FALSE,229,"Great Kiskadee","Pitangus sulphuratus","#7d4410","avian","https://media.birdweather.com/species/229/GreatKiskadee-standard-cd28a1b8e8b8e5aed433e809c229004e.jpg","https://media.birdweather.com/species/229/GreatKiskadee-thumbnail-b2749ed2442fb322cf3c4cb72f9c97f6.jpg","https://media.birdweather.com/species/229/GreatKiskadee-png200-003973af4f863deb00a4ce9b6f10e59c.png","0PgFDwIrhYqfZJh1mVe3SZZ3uKEJBncG",16845563655,"https://media.birdweather.com/soundscapes/19267/19267-20260913-113241.flac",4.5,7.5,"live"
11117430594,19267,"2026-09-13T05:32:33.000-06:00",0.932585656642914,0.765552282333374,9.43763262294596,"almost_certain","BirdNET",NA,10.2198,-83.7874,FALSE,229,"Great Kiskadee","Pitangus sulphuratus","#7d4410","avian","https://media.birdweather.com/species/229/GreatKiskadee-standard-cd28a1b8e8b8e5aed433e809c229004e.jpg","https://media.birdweather.com/species/229/GreatKiskadee-thumbnail-b2749ed2442fb322cf3c4cb72f9c97f6.jpg","https://media.birdweather.com/species/229/GreatKiskadee-png200-003973af4f863deb00a4ce9b6f10e59c.png","0PgFDwIrhYqfZJh1mVe3SZZ3uKEJBncG",16845556717,"https://media.birdweather.com/soundscapes/19267/19267-20260913-113227.flac",6,9,"live"
11117430588,19267,"2026-09-13T05:32:31.500-06:00",0.951978504657745,0.765552282333374,9.47900108281938,"almost_certain","BirdNET",NA,10.2198,-83.7874,FALSE,229,"Great Kiskadee","Pitangus sulphuratus","#7d4410","avian","https://media.birdweather.com/species/229/GreatKiskadee-standard-cd28a1b8e8b8e5aed433e809c229004e.jpg","https://media.birdweather.com/species/229/GreatKiskadee-thumbnail-b2749ed2442fb322cf3c4cb72f9c97f6.jpg","https://media.birdweather.com/species/229/GreatKiskadee-png200-003973af4f863deb00a4ce9b6f10e59c.png","0PgFDwIrhYqfZJh1mVe3SZZ3uKEJBncG",16845556717,"https://media.birdweather.com/soundscapes/19267/19267-20260913-113227.flac",4.5,7.5,"live"
11117430582,19267,"2026-09-13T05:32:30.000-06:00",0.984639406204224,0.765552282333374,9.54596763125713,"almost_certain","BirdNET",NA,10.2198,-83.7874,FALSE,229,"Great Kiskadee","Pitangus sulphuratus","#7d4410","avian","https://media.birdweather.com/species/229/GreatKiskadee-standard-cd28a1b8e8b8e5aed433e809c229004e.jpg","https://media.birdweather.com/species/229/GreatKiskadee-thumbnail-b2749ed2442fb322cf3c4cb72f9c97f6.jpg","https://media.birdweather.com/species/229/GreatKiskadee-png200-003973af4f863deb00a4ce9b6f10e59c.png","0PgFDwIrhYqfZJh1mVe3SZZ3uKEJBncG",16845556717,"https://media.birdweather.com/soundscapes/19267/19267-20260913-113227.flac",3,6,"live"
11117430578,19267,"2026-09-13T05:32:28.500-06:00",0.975229620933533,0.765552282333374,9.52700755301195,"almost_certain","BirdNET",NA,10.2198,-83.7874,FALSE,229,"Great Kiskadee","Pitangus sulphuratus","#7d4410","avian","https://media.birdweather.com/species/229/GreatKiskadee-standard-cd28a1b8e8b8e5aed433e809c229004e.jpg","https://media.birdweather.com/species/229/GreatKiskadee-thumbnail-b2749ed2442fb322cf3c4cb72f9c97f6.jpg","https://media.birdweather.com/species/229/GreatKiskadee-png200-003973af4f863deb00a4ce9b6f10e59c.png","0PgFDwIrhYqfZJh1mVe3SZZ3uKEJBncG",16845556717,"https://media.birdweather.com/soundscapes/19267/19267-20260913-113227.flac",1.5,4.5,"live"
11117430570,19267,"2026-09-13T05:32:27.000-06:00",0.890384614467621,0.765552282333374,9.34304587273149,"almost_certain","BirdNET",NA,10.2198,-83.7874,FALSE,229,"Great Kiskadee","Pitangus sulphuratus","#7d4410","avian","https://media.birdweather.com/species/229/GreatKiskadee-standard-cd28a1b8e8b8e5aed433e809c229004e.jpg","https://media.birdweather.com/species/229/GreatKiskadee-thumbnail-b2749ed2442fb322cf3c4cb72f9c97f6.jpg","https://media.birdweather.com/species/229/GreatKiskadee-png200-003973af4f863deb00a4ce9b6f10e59c.png","0PgFDwIrhYqfZJh1mVe3SZZ3uKEJBncG",16845556717,"https://media.birdweather.com/soundscapes/19267/19267-20260913-113227.flac",0,3,"live"
11117407869,19267,"2026-09-13T05:30:57.000-06:00",0.870486915111542,0.765554368495941,9.29608050498637,"almost_certain","BirdNET",NA,10.2198,-83.7874,FALSE,229,"Great Kiskadee","Pitangus sulphuratus","#7d4410","avian","https://media.birdweather.com/species/229/GreatKiskadee-standard-cd28a1b8e8b8e5aed433e809c229004e.jpg","https://media.birdweather.com/species/229/GreatKiskadee-thumbnail-b2749ed2442fb322cf3c4cb72f9c97f6.jpg","https://media.birdweather.com/species/229/GreatKiskadee-png200-003973af4f863deb00a4ce9b6f10e59c.png","0PgFDwIrhYqfZJh1mVe3SZZ3uKEJBncG",16845510857,"https://media.birdweather.com/soundscapes/19267/19267-20260913-113054.flac",3,6,"live"
11117407868,19267,"2026-09-13T05:30:55.500-06:00",0.938089966773987,0.765554368495941,9.44950550888696,"almost_certain","BirdNET",NA,10.2198,-83.7874,FALSE,229,"Great Kiskadee","Pitangus sulphuratus","#7d4410","avian","https://media.birdweather.com/species/229/GreatKiskadee-standard-cd28a1b8e8b8e5aed433e809c229004e.jpg","https://media.birdweather.com/species/229/GreatKiskadee-thumbnail-b2749ed2442fb322cf3c4cb72f9c97f6.jpg","https://media.birdweather.com/species/229/GreatKiskadee-png200-003973af4f863deb00a4ce9b6f10e59c.png","0PgFDwIrhYqfZJh1mVe3SZZ3uKEJBncG",16845510857,"https://media.birdweather.com/soundscapes/19267/19267-20260913-113054.flac",1.5,4.5,"live"
11117407867,19267,"2026-09-13T05:30:54.000-06:00",0.864538609981537,0.765554368495941,9.28172091138404,"almost_certain","BirdNET",NA,10.2198,-83.7874,FALSE,229,"Great Kiskadee","Pitangus sulphuratus","#7d4410","avian","https://media.birdweather.com/species/229/GreatKiskadee-standard-cd28a1b8e8b8e5aed433e809c229004e.jpg","https://media.birdweather.com/species/229/GreatKiskadee-thumbnail-b2749ed2442fb322cf3c4cb72f9c97f6.jpg","https://media.birdweather.com/species/229/GreatKiskadee-png200-003973af4f863deb00a4ce9b6f10e59c.png","0PgFDwIrhYqfZJh1mVe3SZZ3uKEJBncG",16845510857,"https://media.birdweather.com/soundscapes/19267/19267-20260913-113054.flac",0,3,"live"
11117398171,19267,"2026-09-13T05:30:17.500-06:00",0.708997786045074,0.765554368495941,8.8401712333053,"almost_certain","BirdNET",NA,10.2198,-83.7874,FALSE,229,"Great Kiskadee","Pitangus sulphuratus","#7d4410","avian","https://media.birdweather.com/species/229/GreatKiskadee-standard-cd28a1b8e8b8e5aed433e809c229004e.jpg","https://media.birdweather.com/species/229/GreatKiskadee-thumbnail-b2749ed2442fb322cf3c4cb72f9c97f6.jpg","https://media.birdweather.com/species/229/GreatKiskadee-png200-003973af4f863deb00a4ce9b6f10e59c.png","0PgFDwIrhYqfZJh1mVe3SZZ3uKEJBncG",16845490578,"https://media.birdweather.com/soundscapes/19267/19267-20260913-113013.flac",4.5,7.5,"live"
11117398167,19267,"2026-09-13T05:30:16.000-06:00",0.784972250461578,0.765554368495941,9.07359447853151,"almost_certain","BirdNET",NA,10.2198,-83.7874,FALSE,229,"Great Kiskadee","Pitangus sulphuratus","#7d4410","avian","https://media.birdweather.com/species/229/GreatKiskadee-standard-cd28a1b8e8b8e5aed433e809c229004e.jpg","https://media.birdweather.com/species/229/GreatKiskadee-thumbnail-b2749ed2442fb322cf3c4cb72f9c97f6.jpg","https://media.birdweather.com/species/229/GreatKiskadee-png200-003973af4f863deb00a4ce9b6f10e59c.png","0PgFDwIrhYqfZJh1mVe3SZZ3uKEJBncG",16845490578,"https://media.birdweather.com/soundscapes/19267/19267-20260913-113013.flac",3,6,"live"
11117398164,19267,"2026-09-13T05:30:14.500-06:00",0.898528575897217,0.765554368495941,9.36181863499776,"almost_certain","BirdNET",NA,10.2198,-83.7874,FALSE,229,"Great Kiskadee","Pitangus sulphuratus","#7d4410","avian","https://media.birdweather.com/species/229/GreatKiskadee-standard-cd28a1b8e8b8e5aed433e809c229004e.jpg","https://media.birdweather.com/species/229/GreatKiskadee-thumbnail-b2749ed2442fb322cf3c4cb72f9c97f6.jpg","https://media.birdweather.com/species/229/GreatKiskadee-png200-003973af4f863deb00a4ce9b6f10e59c.png","0PgFDwIrhYqfZJh1mVe3SZZ3uKEJBncG",16845490578,"https://media.birdweather.com/soundscapes/19267/19267-20260913-113013.flac",1.5,4.5,"live"
11117388830,19267,"2026-09-13T05:29:39.000-06:00",0.844346582889557,0.765554368495941,9.23182190398751,"almost_certain","BirdNET",NA,10.2198,-83.7874,FALSE,229,"Great Kiskadee","Pitangus sulphuratus","#7d4410","avian","https://media.birdweather.com/species/229/GreatKiskadee-standard-cd28a1b8e8b8e5aed433e809c229004e.jpg","https://media.birdweather.com/species/229/GreatKiskadee-thumbnail-b2749ed2442fb322cf3c4cb72f9c97f6.jpg","https://media.birdweather.com/species/229/GreatKiskadee-png200-003973af4f863deb00a4ce9b6f10e59c.png","0PgFDwIrhYqfZJh1mVe3SZZ3uKEJBncG",16845470677,"https://media.birdweather.com/soundscapes/19267/19267-20260913-112933.flac",6,9,"live"
11116772094,19267,"2026-09-13T04:42:03.000-06:00",0.92204612493515,0.0574742890894413,6.06930929537946,"almost_certain","BirdNET",NA,10.2198,-83.7874,FALSE,2106,"Scale-crested Pygmy-Tyrant","Lophotriccus pileatus","#ff3f73","avian","https://media.birdweather.com/species/2106/Scale-crestedPygmy-Tyrant-standard-30688703276d7a86ba8040e08ec546e4.jpg","https://media.birdweather.com/species/2106/Scale-crestedPygmy-Tyrant-thumbnail-a2fa4da6488b42e46af0521226507326.jpg","https://media.birdweather.com/species/2106/Scale-crestedPygmy-Tyrant-png200-7dba50c93511c6b01ee479c707de9a8b.png","IroFJwJKZ2tcVqZvUmlauFW0Vp9LCUoK",16844063829,"https://media.birdweather.com/soundscapes/19267/19267-20260913-104157.flac",6,9,"live"
