"id","ref","stationId","timestamp","confidence","probability","score","certainty","algorithm","metadata","lat","lon","favorite","species.id","species.commonName","species.scientificName","species.color","species.classification","species.imageUrl","species.thumbnailUrl","species.pngUrl","species.thumbhash","soundscape.id","soundscape.url","soundscape.startTime","soundscape.endTime","soundscape.mode"
11476873025,"1790830470-11476873025",19267,"2026-09-30T22:54:30.500-06:00",0.860835671424866,0.0194177776575089,4.79009405357185,"almost_certain","BirdNET",NA,10.2198,-83.7874,FALSE,809,"Common Nighthawk","Chordeiles minor","#df0087","avian","https://media.birdweather.com/species/809/CommonNighthawk-standard-2a166e6df983fe3e15df637a6c13d559.jpg","https://media.birdweather.com/species/809/CommonNighthawk-thumbnail-ea6e8a16a308ac19bee0dcd990d42e75.jpg","https://media.birdweather.com/species/809/CommonNighthawk-png200-9ea2ceaa17734721a00511a0ed1d2b2b.png","3BgGFwJfiXdad3eqiHeGmGiFl/imek8I",17599865529,"https://media.birdweather.com/soundscapes/19267/19267-20261001-045426.flac",4.5,7.5,"live"
11474907833,"1790817426-11474907833",19267,"2026-09-30T19:17:06.000-06:00",0.937791407108307,0.145311340689659,7.24570386128974,"almost_certain","BirdNET",NA,10.2198,-83.7874,FALSE,349,"Southern Lapwing","Vanellus chilensis","#008b44","avian","https://media.birdweather.com/species/349/SouthernLapwing-standard-02014dbe85174d8ed1a9e83d1367f600.jpg","https://media.birdweather.com/species/349/SouthernLapwing-thumbnail-33b4d17a45224d79dbf2a0a3aa5ea2c7.jpg","https://media.birdweather.com/species/349/SouthernLapwing-png200-1801892688cffe6fb6fd8c00fbf91764.png","XhkGDwDoWodoiXerVYpYCZVFGq/V3xQD",17593607911,"https://media.birdweather.com/soundscapes/19267/19267-20261001-011703.flac",3,6,"live"
11474907831,"1790817424-11474907831",19267,"2026-09-30T19:17:04.500-06:00",0.982424199581146,0.145311340689659,7.3383709027206,"almost_certain","BirdNET",NA,10.2198,-83.7874,FALSE,349,"Southern Lapwing","Vanellus chilensis","#008b44","avian","https://media.birdweather.com/species/349/SouthernLapwing-standard-02014dbe85174d8ed1a9e83d1367f600.jpg","https://media.birdweather.com/species/349/SouthernLapwing-thumbnail-33b4d17a45224d79dbf2a0a3aa5ea2c7.jpg","https://media.birdweather.com/species/349/SouthernLapwing-png200-1801892688cffe6fb6fd8c00fbf91764.png","XhkGDwDoWodoiXerVYpYCZVFGq/V3xQD",17593607911,"https://media.birdweather.com/soundscapes/19267/19267-20261001-011703.flac",1.5,4.5,"live"
11474907828,"1790817423-11474907828",19267,"2026-09-30T19:17:03.000-06:00",0.986514031887054,0.145311340689659,7.3465569359555,"almost_certain","BirdNET",NA,10.2198,-83.7874,FALSE,349,"Southern Lapwing","Vanellus chilensis","#008b44","avian","https://media.birdweather.com/species/349/SouthernLapwing-standard-02014dbe85174d8ed1a9e83d1367f600.jpg","https://media.birdweather.com/species/349/SouthernLapwing-thumbnail-33b4d17a45224d79dbf2a0a3aa5ea2c7.jpg","https://media.birdweather.com/species/349/SouthernLapwing-png200-1801892688cffe6fb6fd8c00fbf91764.png","XhkGDwDoWodoiXerVYpYCZVFGq/V3xQD",17593607911,"https://media.birdweather.com/soundscapes/19267/19267-20261001-011703.flac",0,3,"live"
11472842035,"1790807631-11472842035",19267,"2026-09-30T16:33:51.000-06:00",0.741381287574768,0.902353763580322,9.16712047610382,"almost_certain","BirdNET",NA,10.2198,-83.7874,FALSE,254,"Great-tailed Grackle","Quiscalus mexicanus","#4cdf64","avian","https://media.birdweather.com/species/254/Great-tailedGrackle-standard-84167b7e46a2aae7f30286e714478461.jpg","https://media.birdweather.com/species/254/Great-tailedGrackle-thumbnail-388529862f53a8a975b80daf9e76e3ac.jpg","https://media.birdweather.com/species/254/Great-tailedGrackle-png200-ca2dc12559d8d2db107eefc8eff73513.png","GAgKDwKYmnVgeIeVhniHRXiahgv2mWAN",17588888968,"https://media.birdweather.com/soundscapes/19267/19267-20260930-223348.flac",3,6,"live"
11472702407,"1790807072-11472702407",19267,"2026-09-30T16:24:32.000-06:00",0.862099230289459,0.902355134487152,9.49834647715855,"almost_certain","BirdNET",NA,10.2198,-83.7874,FALSE,254,"Great-tailed Grackle","Quiscalus mexicanus","#4cdf64","avian","https://media.birdweather.com/species/254/Great-tailedGrackle-standard-84167b7e46a2aae7f30286e714478461.jpg","https://media.birdweather.com/species/254/Great-tailedGrackle-thumbnail-388529862f53a8a975b80daf9e76e3ac.jpg","https://media.birdweather.com/species/254/Great-tailedGrackle-png200-ca2dc12559d8d2db107eefc8eff73513.png","GAgKDwKYmnVgeIeVhniHRXiahgv2mWAN",17588612833,"https://media.birdweather.com/soundscapes/19267/19267-20260930-222426.flac",6,9,"live"
11472702405,"1790807070-11472702405",19267,"2026-09-30T16:24:30.500-06:00",0.799985826015472,0.902355134487152,9.33792132582598,"almost_certain","BirdNET",NA,10.2198,-83.7874,FALSE,254,"Great-tailed Grackle","Quiscalus mexicanus","#4cdf64","avian","https://media.birdweather.com/species/254/Great-tailedGrackle-standard-84167b7e46a2aae7f30286e714478461.jpg","https://media.birdweather.com/species/254/Great-tailedGrackle-thumbnail-388529862f53a8a975b80daf9e76e3ac.jpg","https://media.birdweather.com/species/254/Great-tailedGrackle-png200-ca2dc12559d8d2db107eefc8eff73513.png","GAgKDwKYmnVgeIeVhniHRXiahgv2mWAN",17588612833,"https://media.birdweather.com/soundscapes/19267/19267-20260930-222426.flac",4.5,7.5,"live"
11472692421,"1790807027-11472692421",19267,"2026-09-30T16:23:47.000-06:00",0.915450096130371,0.902355134487152,9.62257186159529,"almost_certain","BirdNET",NA,10.2198,-83.7874,FALSE,254,"Great-tailed Grackle","Quiscalus mexicanus","#4cdf64","avian","https://media.birdweather.com/species/254/Great-tailedGrackle-standard-84167b7e46a2aae7f30286e714478461.jpg","https://media.birdweather.com/species/254/Great-tailedGrackle-thumbnail-388529862f53a8a975b80daf9e76e3ac.jpg","https://media.birdweather.com/species/254/Great-tailedGrackle-png200-ca2dc12559d8d2db107eefc8eff73513.png","GAgKDwKYmnVgeIeVhniHRXiahgv2mWAN",17588592908,"https://media.birdweather.com/soundscapes/19267/19267-20260930-222344.flac",3,6,"live"
11472410077,"1790805932-11472410077",19267,"2026-09-30T16:05:32.000-06:00",0.992654800415039,0.756525337696075,9.54587422797941,"almost_certain","BirdNET",NA,10.2198,-83.7874,FALSE,229,"Great Kiskadee","Pitangus sulphuratus","#7d4410","avian","https://media.birdweather.com/species/229/GreatKiskadee-standard-cd28a1b8e8b8e5aed433e809c229004e.jpg","https://media.birdweather.com/species/229/GreatKiskadee-thumbnail-b2749ed2442fb322cf3c4cb72f9c97f6.jpg","https://media.birdweather.com/species/229/GreatKiskadee-png200-003973af4f863deb00a4ce9b6f10e59c.png","0PgFDwIrhYqfZJh1mVe3SZZ3uKEJBncG",17588041641,"https://media.birdweather.com/soundscapes/19267/19267-20260930-220526.flac",6,9,"live"
11472159355,"1790804924-11472159355",19267,"2026-09-30T15:48:44.000-06:00",0.714326679706573,0.75652801990509,8.84186752156397,"almost_certain","BirdNET",NA,10.2198,-83.7874,FALSE,229,"Great Kiskadee","Pitangus sulphuratus","#7d4410","avian","https://media.birdweather.com/species/229/GreatKiskadee-standard-cd28a1b8e8b8e5aed433e809c229004e.jpg","https://media.birdweather.com/species/229/GreatKiskadee-thumbnail-b2749ed2442fb322cf3c4cb72f9c97f6.jpg","https://media.birdweather.com/species/229/GreatKiskadee-png200-003973af4f863deb00a4ce9b6f10e59c.png","0PgFDwIrhYqfZJh1mVe3SZZ3uKEJBncG",17587562216,"https://media.birdweather.com/soundscapes/19267/19267-20260930-214841.flac",3,6,"live"
11472159352,"1790804922-11472159352",19267,"2026-09-30T15:48:42.500-06:00",0.844637453556061,0.75652801990509,9.21651540231875,"almost_certain","BirdNET",NA,10.2198,-83.7874,FALSE,229,"Great Kiskadee","Pitangus sulphuratus","#7d4410","avian","https://media.birdweather.com/species/229/GreatKiskadee-standard-cd28a1b8e8b8e5aed433e809c229004e.jpg","https://media.birdweather.com/species/229/GreatKiskadee-thumbnail-b2749ed2442fb322cf3c4cb72f9c97f6.jpg","https://media.birdweather.com/species/229/GreatKiskadee-png200-003973af4f863deb00a4ce9b6f10e59c.png","0PgFDwIrhYqfZJh1mVe3SZZ3uKEJBncG",17587562216,"https://media.birdweather.com/soundscapes/19267/19267-20260930-214841.flac",1.5,4.5,"live"
11471839143,"1790803667-11471839143",19267,"2026-09-30T15:27:47.500-06:00",0.70651113986969,0.756539523601532,8.81579860850539,"almost_certain","BirdNET",NA,10.2198,-83.7874,FALSE,229,"Great Kiskadee","Pitangus sulphuratus","#7d4410","avian","https://media.birdweather.com/species/229/GreatKiskadee-standard-cd28a1b8e8b8e5aed433e809c229004e.jpg","https://media.birdweather.com/species/229/GreatKiskadee-thumbnail-b2749ed2442fb322cf3c4cb72f9c97f6.jpg","https://media.birdweather.com/species/229/GreatKiskadee-png200-003973af4f863deb00a4ce9b6f10e59c.png","0PgFDwIrhYqfZJh1mVe3SZZ3uKEJBncG",17586948370,"https://media.birdweather.com/soundscapes/19267/19267-20260930-212743.flac",4.5,7.5,"live"
11471839116,"1790803666-11471839116",19267,"2026-09-30T15:27:46.000-06:00",0.914354979991913,0.756539523601532,9.38155596136468,"almost_certain","BirdNET",NA,10.2198,-83.7874,FALSE,229,"Great Kiskadee","Pitangus sulphuratus","#7d4410","avian","https://media.birdweather.com/species/229/GreatKiskadee-standard-cd28a1b8e8b8e5aed433e809c229004e.jpg","https://media.birdweather.com/species/229/GreatKiskadee-thumbnail-b2749ed2442fb322cf3c4cb72f9c97f6.jpg","https://media.birdweather.com/species/229/GreatKiskadee-png200-003973af4f863deb00a4ce9b6f10e59c.png","0PgFDwIrhYqfZJh1mVe3SZZ3uKEJBncG",17586948370,"https://media.birdweather.com/soundscapes/19267/19267-20260930-212743.flac",3,6,"live"
11471839103,"1790803664-11471839103",19267,"2026-09-30T15:27:44.500-06:00",0.836427986621857,0.756539523601532,9.19572836753287,"almost_certain","BirdNET",NA,10.2198,-83.7874,FALSE,229,"Great Kiskadee","Pitangus sulphuratus","#7d4410","avian","https://media.birdweather.com/species/229/GreatKiskadee-standard-cd28a1b8e8b8e5aed433e809c229004e.jpg","https://media.birdweather.com/species/229/GreatKiskadee-thumbnail-b2749ed2442fb322cf3c4cb72f9c97f6.jpg","https://media.birdweather.com/species/229/GreatKiskadee-png200-003973af4f863deb00a4ce9b6f10e59c.png","0PgFDwIrhYqfZJh1mVe3SZZ3uKEJBncG",17586948370,"https://media.birdweather.com/soundscapes/19267/19267-20260930-212743.flac",1.5,4.5,"live"
11471839057,"1790803663-11471839057",19267,"2026-09-30T15:27:43.000-06:00",0.843082427978516,0.756539523601532,9.21261880232803,"almost_certain","BirdNET",NA,10.2198,-83.7874,FALSE,229,"Great Kiskadee","Pitangus sulphuratus","#7d4410","avian","https://media.birdweather.com/species/229/GreatKiskadee-standard-cd28a1b8e8b8e5aed433e809c229004e.jpg","https://media.birdweather.com/species/229/GreatKiskadee-thumbnail-b2749ed2442fb322cf3c4cb72f9c97f6.jpg","https://media.birdweather.com/species/229/GreatKiskadee-png200-003973af4f863deb00a4ce9b6f10e59c.png","0PgFDwIrhYqfZJh1mVe3SZZ3uKEJBncG",17586948370,"https://media.birdweather.com/soundscapes/19267/19267-20260930-212743.flac",0,3,"live"
11471488933,"1790802292-11471488933",19267,"2026-09-30T15:04:52.500-06:00",0.744121611118317,0.552711844444275,8.51353346129468,"almost_certain","BirdNET",NA,10.2198,-83.7874,FALSE,121,"Social Flycatcher","Myiozetetes similis","#69b9ff","avian","https://media.birdweather.com/species/121/SocialFlycatcher-standard-6e107581e61c9f556b3a0af5200f486a.jpg","https://media.birdweather.com/species/121/SocialFlycatcher-thumbnail-87f640fcaf1441ecbbd56b57372185a8.jpg","https://media.birdweather.com/species/121/SocialFlycatcher-png200-2f6dd485cf927db0dd7fd9abc239fb19.png","2xkKJwIJh3ekeXh0e5Z4eYaIdyApd5AC",17586272797,"https://media.birdweather.com/soundscapes/19267/19267-20260930-210448.flac",4.5,7.5,"live"
11471032141,"1790800480-11471032141",19267,"2026-09-30T14:34:40.500-06:00",0.869939863681793,0.0113138239830732,4.37068172312077,"almost_certain","BirdNET",NA,10.2198,-83.7874,FALSE,2860,"Yellow-winged Tanager","Thraupis abbas","#e2342d","avian","https://media.birdweather.com/species/2860/Yellow-wingedTanager-standard-1bd3d22e0c9088ccd768c6c132a90176.jpg","https://media.birdweather.com/species/2860/Yellow-wingedTanager-thumbnail-0d8577d292149f3795fd1c4d9db44c89.jpg","https://media.birdweather.com/species/2860/Yellow-wingedTanager-png200-da953d3548d6d3a93da4486dd559af6d.png","YQgKDwC6eIhqqId/dHiZZad3dhMHNYEA",17585384950,"https://media.birdweather.com/soundscapes/19267/19267-20260930-203439.flac",1.5,4.5,"live"
11470627830,"1790798933-11470627830",19267,"2026-09-30T14:08:53.500-06:00",0.914645910263062,0.756523847579956,9.38217655950668,"almost_certain","BirdNET",NA,10.2198,-83.7874,FALSE,229,"Great Kiskadee","Pitangus sulphuratus","#7d4410","avian","https://media.birdweather.com/species/229/GreatKiskadee-standard-cd28a1b8e8b8e5aed433e809c229004e.jpg","https://media.birdweather.com/species/229/GreatKiskadee-thumbnail-b2749ed2442fb322cf3c4cb72f9c97f6.jpg","https://media.birdweather.com/species/229/GreatKiskadee-png200-003973af4f863deb00a4ce9b6f10e59c.png","0PgFDwIrhYqfZJh1mVe3SZZ3uKEJBncG",17584622452,"https://media.birdweather.com/soundscapes/19267/19267-20260930-200849.flac",4.5,7.5,"live"
11470627824,"1790798932-11470627824",19267,"2026-09-30T14:08:52.000-06:00",0.889844834804535,0.756523847579956,9.32575059436323,"almost_certain","BirdNET",NA,10.2198,-83.7874,FALSE,229,"Great Kiskadee","Pitangus sulphuratus","#7d4410","avian","https://media.birdweather.com/species/229/GreatKiskadee-standard-cd28a1b8e8b8e5aed433e809c229004e.jpg","https://media.birdweather.com/species/229/GreatKiskadee-thumbnail-b2749ed2442fb322cf3c4cb72f9c97f6.jpg","https://media.birdweather.com/species/229/GreatKiskadee-png200-003973af4f863deb00a4ce9b6f10e59c.png","0PgFDwIrhYqfZJh1mVe3SZZ3uKEJBncG",17584622452,"https://media.birdweather.com/soundscapes/19267/19267-20260930-200849.flac",3,6,"live"
11469876077,"1790796104-11469876077",19267,"2026-09-30T13:21:44.500-06:00",0.790950536727905,0.231070101261139,7.48954758155856,"almost_certain","BirdNET",NA,10.2198,-83.7874,FALSE,501,"White-winged Dove","Zenaida asiatica","#d16ff8","avian","https://media.birdweather.com/species/501/White-wingedDove-standard-6528ef689b07d5a91f1c2275cdef19c9.jpg","https://media.birdweather.com/species/501/White-wingedDove-thumbnail-4a940adfd5a6c78c73c48c5095e7b896.jpg","https://media.birdweather.com/species/501/White-wingedDove-png200-d65decd3d571b5a9dbeca249ef97689f.png","IscJLwb6hoVelZWZdoh3eIeIdxBoB4IG",17583223569,"https://media.birdweather.com/soundscapes/19267/19267-20260930-192140.flac",4.5,7.5,"live"
11469876072,"1790796103-11469876072",19267,"2026-09-30T13:21:43.000-06:00",0.852409064769745,0.231070101261139,7.65113284577811,"almost_certain","BirdNET",NA,10.2198,-83.7874,FALSE,501,"White-winged Dove","Zenaida asiatica","#d16ff8","avian","https://media.birdweather.com/species/501/White-wingedDove-standard-6528ef689b07d5a91f1c2275cdef19c9.jpg","https://media.birdweather.com/species/501/White-wingedDove-thumbnail-4a940adfd5a6c78c73c48c5095e7b896.jpg","https://media.birdweather.com/species/501/White-wingedDove-png200-d65decd3d571b5a9dbeca249ef97689f.png","IscJLwb6hoVelZWZdoh3eIeIdxBoB4IG",17583223569,"https://media.birdweather.com/soundscapes/19267/19267-20260930-192140.flac",3,6,"live"
11469756988,"1790795654-11469756988",19267,"2026-09-30T13:14:14.000-06:00",0.868024408817291,0.756525754928589,9.27411168978303,"almost_certain","BirdNET",NA,10.2198,-83.7874,FALSE,229,"Great Kiskadee","Pitangus sulphuratus","#7d4410","avian","https://media.birdweather.com/species/229/GreatKiskadee-standard-cd28a1b8e8b8e5aed433e809c229004e.jpg","https://media.birdweather.com/species/229/GreatKiskadee-thumbnail-b2749ed2442fb322cf3c4cb72f9c97f6.jpg","https://media.birdweather.com/species/229/GreatKiskadee-png200-003973af4f863deb00a4ce9b6f10e59c.png","0PgFDwIrhYqfZJh1mVe3SZZ3uKEJBncG",17583001148,"https://media.birdweather.com/soundscapes/19267/19267-20260930-191408.flac",6,9,"live"
11469513404,"1790794745-11469513404",19267,"2026-09-30T12:59:05.500-06:00",0.812560498714447,0.756526052951813,9.13335069460792,"almost_certain","BirdNET",NA,10.2198,-83.7874,FALSE,229,"Great Kiskadee","Pitangus sulphuratus","#7d4410","avian","https://media.birdweather.com/species/229/GreatKiskadee-standard-cd28a1b8e8b8e5aed433e809c229004e.jpg","https://media.birdweather.com/species/229/GreatKiskadee-thumbnail-b2749ed2442fb322cf3c4cb72f9c97f6.jpg","https://media.birdweather.com/species/229/GreatKiskadee-png200-003973af4f863deb00a4ce9b6f10e59c.png","0PgFDwIrhYqfZJh1mVe3SZZ3uKEJBncG",17582551563,"https://media.birdweather.com/soundscapes/19267/19267-20260930-185901.flac",4.5,7.5,"live"
11469011969,"1790792829-11469011969",19267,"2026-09-30T12:27:09.500-06:00",0.769123613834381,0.10013597458601,6.35402429677082,"almost_certain","BirdNET",NA,10.2198,-83.7874,FALSE,2392,"Crested Guan","Penelope purpurascens","#0f50a4","avian","https://media.birdweather.com/species/2392/CrestedGuan-standard-83eb1e0e40d743612135f70a53c39886.jpg","https://media.birdweather.com/species/2392/CrestedGuan-thumbnail-ee377c318dca0ae7491ee929ce050463.jpg","https://media.birdweather.com/species/2392/CrestedGuan-png200-b1da18c69028fb9b1e01411688681247.png","3/gJDwJgpXcthoaJd5mIh5h1uD6QCOsE",17581602756,"https://media.birdweather.com/soundscapes/19267/19267-20260930-182708.flac",1.5,4.5,"live"
11468985423,"1790792734-11468985423",19267,"2026-09-30T12:25:34.000-06:00",0.836993038654327,0.756526052951813,9.19714663617697,"almost_certain","BirdNET",NA,10.2198,-83.7874,FALSE,229,"Great Kiskadee","Pitangus sulphuratus","#7d4410","avian","https://media.birdweather.com/species/229/GreatKiskadee-standard-cd28a1b8e8b8e5aed433e809c229004e.jpg","https://media.birdweather.com/species/229/GreatKiskadee-thumbnail-b2749ed2442fb322cf3c4cb72f9c97f6.jpg","https://media.birdweather.com/species/229/GreatKiskadee-png200-003973af4f863deb00a4ce9b6f10e59c.png","0PgFDwIrhYqfZJh1mVe3SZZ3uKEJBncG",17581553490,"https://media.birdweather.com/soundscapes/19267/19267-20260930-182528.flac",6,9,"live"
11468985410,"1790792731-11468985410",19267,"2026-09-30T12:25:31.000-06:00",0.761507987976074,0.756526052951813,8.98961113332091,"almost_certain","BirdNET",NA,10.2198,-83.7874,FALSE,229,"Great Kiskadee","Pitangus sulphuratus","#7d4410","avian","https://media.birdweather.com/species/229/GreatKiskadee-standard-cd28a1b8e8b8e5aed433e809c229004e.jpg","https://media.birdweather.com/species/229/GreatKiskadee-thumbnail-b2749ed2442fb322cf3c4cb72f9c97f6.jpg","https://media.birdweather.com/species/229/GreatKiskadee-png200-003973af4f863deb00a4ce9b6f10e59c.png","0PgFDwIrhYqfZJh1mVe3SZZ3uKEJBncG",17581553490,"https://media.birdweather.com/soundscapes/19267/19267-20260930-182528.flac",3,6,"live"
11468753679,"1790791844-11468753679",19267,"2026-09-30T12:10:44.000-06:00",0.731891214847565,0.756523191928864,8.89873991570048,"almost_certain","BirdNET",NA,10.2198,-83.7874,FALSE,229,"Great Kiskadee","Pitangus sulphuratus","#7d4410","avian","https://media.birdweather.com/species/229/GreatKiskadee-standard-cd28a1b8e8b8e5aed433e809c229004e.jpg","https://media.birdweather.com/species/229/GreatKiskadee-thumbnail-b2749ed2442fb322cf3c4cb72f9c97f6.jpg","https://media.birdweather.com/species/229/GreatKiskadee-png200-003973af4f863deb00a4ce9b6f10e59c.png","0PgFDwIrhYqfZJh1mVe3SZZ3uKEJBncG",17581115519,"https://media.birdweather.com/soundscapes/19267/19267-20260930-181044.flac",0,3,"live"
11468749635,"1790791834-11468749635",19267,"2026-09-30T12:10:34.000-06:00",0.848114490509033,0.756523191928864,9.22522523269732,"almost_certain","BirdNET",NA,10.2198,-83.7874,FALSE,229,"Great Kiskadee","Pitangus sulphuratus","#7d4410","avian","https://media.birdweather.com/species/229/GreatKiskadee-standard-cd28a1b8e8b8e5aed433e809c229004e.jpg","https://media.birdweather.com/species/229/GreatKiskadee-thumbnail-b2749ed2442fb322cf3c4cb72f9c97f6.jpg","https://media.birdweather.com/species/229/GreatKiskadee-png200-003973af4f863deb00a4ce9b6f10e59c.png","0PgFDwIrhYqfZJh1mVe3SZZ3uKEJBncG",17581108229,"https://media.birdweather.com/soundscapes/19267/19267-20260930-181028.flac",6,9,"live"
11468749631,"1790791832-11468749631",19267,"2026-09-30T12:10:32.500-06:00",0.716474950313568,0.756523191928864,8.84894394679764,"almost_certain","BirdNET",NA,10.2198,-83.7874,FALSE,229,"Great Kiskadee","Pitangus sulphuratus","#7d4410","avian","https://media.birdweather.com/species/229/GreatKiskadee-standard-cd28a1b8e8b8e5aed433e809c229004e.jpg","https://media.birdweather.com/species/229/GreatKiskadee-thumbnail-b2749ed2442fb322cf3c4cb72f9c97f6.jpg","https://media.birdweather.com/species/229/GreatKiskadee-png200-003973af4f863deb00a4ce9b6f10e59c.png","0PgFDwIrhYqfZJh1mVe3SZZ3uKEJBncG",17581108229,"https://media.birdweather.com/soundscapes/19267/19267-20260930-181028.flac",4.5,7.5,"live"
11468749621,"1790791831-11468749621",19267,"2026-09-30T12:10:31.000-06:00",0.77256965637207,0.756523191928864,9.0220555582391,"almost_certain","BirdNET",NA,10.2198,-83.7874,FALSE,229,"Great Kiskadee","Pitangus sulphuratus","#7d4410","avian","https://media.birdweather.com/species/229/GreatKiskadee-standard-cd28a1b8e8b8e5aed433e809c229004e.jpg","https://media.birdweather.com/species/229/GreatKiskadee-thumbnail-b2749ed2442fb322cf3c4cb72f9c97f6.jpg","https://media.birdweather.com/species/229/GreatKiskadee-png200-003973af4f863deb00a4ce9b6f10e59c.png","0PgFDwIrhYqfZJh1mVe3SZZ3uKEJBncG",17581108229,"https://media.birdweather.com/soundscapes/19267/19267-20260930-181028.flac",3,6,"live"
11468749614,"1790791829-11468749614",19267,"2026-09-30T12:10:29.500-06:00",0.887971580028534,0.756523191928864,9.32139159362225,"almost_certain","BirdNET",NA,10.2198,-83.7874,FALSE,229,"Great Kiskadee","Pitangus sulphuratus","#7d4410","avian","https://media.birdweather.com/species/229/GreatKiskadee-standard-cd28a1b8e8b8e5aed433e809c229004e.jpg","https://media.birdweather.com/species/229/GreatKiskadee-thumbnail-b2749ed2442fb322cf3c4cb72f9c97f6.jpg","https://media.birdweather.com/species/229/GreatKiskadee-png200-003973af4f863deb00a4ce9b6f10e59c.png","0PgFDwIrhYqfZJh1mVe3SZZ3uKEJBncG",17581108229,"https://media.birdweather.com/soundscapes/19267/19267-20260930-181028.flac",1.5,4.5,"live"
11468749593,"1790791828-11468749593",19267,"2026-09-30T12:10:28.000-06:00",0.761151075363159,0.756523191928864,8.98854610438705,"almost_certain","BirdNET",NA,10.2198,-83.7874,FALSE,229,"Great Kiskadee","Pitangus sulphuratus","#7d4410","avian","https://media.birdweather.com/species/229/GreatKiskadee-standard-cd28a1b8e8b8e5aed433e809c229004e.jpg","https://media.birdweather.com/species/229/GreatKiskadee-thumbnail-b2749ed2442fb322cf3c4cb72f9c97f6.jpg","https://media.birdweather.com/species/229/GreatKiskadee-png200-003973af4f863deb00a4ce9b6f10e59c.png","0PgFDwIrhYqfZJh1mVe3SZZ3uKEJBncG",17581108229,"https://media.birdweather.com/soundscapes/19267/19267-20260930-181028.flac",0,3,"live"
11468463825,"1790790770-11468463825",19267,"2026-09-30T11:52:50.000-06:00",0.729289948940277,0.756521344184875,8.89046020107227,"almost_certain","BirdNET",NA,10.2198,-83.7874,FALSE,229,"Great Kiskadee","Pitangus sulphuratus","#7d4410","avian","https://media.birdweather.com/species/229/GreatKiskadee-standard-cd28a1b8e8b8e5aed433e809c229004e.jpg","https://media.birdweather.com/species/229/GreatKiskadee-thumbnail-b2749ed2442fb322cf3c4cb72f9c97f6.jpg","https://media.birdweather.com/species/229/GreatKiskadee-png200-003973af4f863deb00a4ce9b6f10e59c.png","0PgFDwIrhYqfZJh1mVe3SZZ3uKEJBncG",17580579243,"https://media.birdweather.com/soundscapes/19267/19267-20260930-175244.flac",6,9,"live"
11468463824,"1790790768-11468463824",19267,"2026-09-30T11:52:48.500-06:00",0.833199858665466,0.756521344184875,9.18742655357475,"almost_certain","BirdNET",NA,10.2198,-83.7874,FALSE,229,"Great Kiskadee","Pitangus sulphuratus","#7d4410","avian","https://media.birdweather.com/species/229/GreatKiskadee-standard-cd28a1b8e8b8e5aed433e809c229004e.jpg","https://media.birdweather.com/species/229/GreatKiskadee-thumbnail-b2749ed2442fb322cf3c4cb72f9c97f6.jpg","https://media.birdweather.com/species/229/GreatKiskadee-png200-003973af4f863deb00a4ce9b6f10e59c.png","0PgFDwIrhYqfZJh1mVe3SZZ3uKEJBncG",17580579243,"https://media.birdweather.com/soundscapes/19267/19267-20260930-175244.flac",4.5,7.5,"live"
11468463821,"1790790767-11468463821",19267,"2026-09-30T11:52:47.000-06:00",0.880399644374847,0.756521344184875,9.3036307550927,"almost_certain","BirdNET",NA,10.2198,-83.7874,FALSE,229,"Great Kiskadee","Pitangus sulphuratus","#7d4410","avian","https://media.birdweather.com/species/229/GreatKiskadee-standard-cd28a1b8e8b8e5aed433e809c229004e.jpg","https://media.birdweather.com/species/229/GreatKiskadee-thumbnail-b2749ed2442fb322cf3c4cb72f9c97f6.jpg","https://media.birdweather.com/species/229/GreatKiskadee-png200-003973af4f863deb00a4ce9b6f10e59c.png","0PgFDwIrhYqfZJh1mVe3SZZ3uKEJBncG",17580579243,"https://media.birdweather.com/soundscapes/19267/19267-20260930-175244.flac",3,6,"live"
11468463818,"1790790765-11468463818",19267,"2026-09-30T11:52:45.500-06:00",0.928753018379211,0.756521344184875,9.41326036588902,"almost_certain","BirdNET",NA,10.2198,-83.7874,FALSE,229,"Great Kiskadee","Pitangus sulphuratus","#7d4410","avian","https://media.birdweather.com/species/229/GreatKiskadee-standard-cd28a1b8e8b8e5aed433e809c229004e.jpg","https://media.birdweather.com/species/229/GreatKiskadee-thumbnail-b2749ed2442fb322cf3c4cb72f9c97f6.jpg","https://media.birdweather.com/species/229/GreatKiskadee-png200-003973af4f863deb00a4ce9b6f10e59c.png","0PgFDwIrhYqfZJh1mVe3SZZ3uKEJBncG",17580579243,"https://media.birdweather.com/soundscapes/19267/19267-20260930-175244.flac",1.5,4.5,"live"
11468463817,"1790790764-11468463817",19267,"2026-09-30T11:52:44.000-06:00",0.769533216953278,0.756521344184875,9.01322108345992,"almost_certain","BirdNET",NA,10.2198,-83.7874,FALSE,229,"Great Kiskadee","Pitangus sulphuratus","#7d4410","avian","https://media.birdweather.com/species/229/GreatKiskadee-standard-cd28a1b8e8b8e5aed433e809c229004e.jpg","https://media.birdweather.com/species/229/GreatKiskadee-thumbnail-b2749ed2442fb322cf3c4cb72f9c97f6.jpg","https://media.birdweather.com/species/229/GreatKiskadee-png200-003973af4f863deb00a4ce9b6f10e59c.png","0PgFDwIrhYqfZJh1mVe3SZZ3uKEJBncG",17580579243,"https://media.birdweather.com/soundscapes/19267/19267-20260930-175244.flac",0,3,"live"
11468406202,"1790790556-11468406202",19267,"2026-09-30T11:49:16.000-06:00",0.990371823310852,0.756523787975311,9.5413485062451,"almost_certain","BirdNET",NA,10.2198,-83.7874,FALSE,229,"Great Kiskadee","Pitangus sulphuratus","#7d4410","avian","https://media.birdweather.com/species/229/GreatKiskadee-standard-cd28a1b8e8b8e5aed433e809c229004e.jpg","https://media.birdweather.com/species/229/GreatKiskadee-thumbnail-b2749ed2442fb322cf3c4cb72f9c97f6.jpg","https://media.birdweather.com/species/229/GreatKiskadee-png200-003973af4f863deb00a4ce9b6f10e59c.png","0PgFDwIrhYqfZJh1mVe3SZZ3uKEJBncG",17580473169,"https://media.birdweather.com/soundscapes/19267/19267-20260930-174910.flac",6,9,"live"
11468406200,"1790790554-11468406200",19267,"2026-09-30T11:49:14.500-06:00",0.922348082065582,0.756523787975311,9.39923734705192,"almost_certain","BirdNET",NA,10.2198,-83.7874,FALSE,229,"Great Kiskadee","Pitangus sulphuratus","#7d4410","avian","https://media.birdweather.com/species/229/GreatKiskadee-standard-cd28a1b8e8b8e5aed433e809c229004e.jpg","https://media.birdweather.com/species/229/GreatKiskadee-thumbnail-b2749ed2442fb322cf3c4cb72f9c97f6.jpg","https://media.birdweather.com/species/229/GreatKiskadee-png200-003973af4f863deb00a4ce9b6f10e59c.png","0PgFDwIrhYqfZJh1mVe3SZZ3uKEJBncG",17580473169,"https://media.birdweather.com/soundscapes/19267/19267-20260930-174910.flac",4.5,7.5,"live"
11468406199,"1790790553-11468406199",19267,"2026-09-30T11:49:13.000-06:00",0.977289319038391,0.756523787975311,9.51513795308199,"almost_certain","BirdNET",NA,10.2198,-83.7874,FALSE,229,"Great Kiskadee","Pitangus sulphuratus","#7d4410","avian","https://media.birdweather.com/species/229/GreatKiskadee-standard-cd28a1b8e8b8e5aed433e809c229004e.jpg","https://media.birdweather.com/species/229/GreatKiskadee-thumbnail-b2749ed2442fb322cf3c4cb72f9c97f6.jpg","https://media.birdweather.com/species/229/GreatKiskadee-png200-003973af4f863deb00a4ce9b6f10e59c.png","0PgFDwIrhYqfZJh1mVe3SZZ3uKEJBncG",17580473169,"https://media.birdweather.com/soundscapes/19267/19267-20260930-174910.flac",3,6,"live"
11468406196,"1790790551-11468406196",19267,"2026-09-30T11:49:11.500-06:00",0.974583685398102,0.756523787975311,9.50965411987541,"almost_certain","BirdNET",NA,10.2198,-83.7874,FALSE,229,"Great Kiskadee","Pitangus sulphuratus","#7d4410","avian","https://media.birdweather.com/species/229/GreatKiskadee-standard-cd28a1b8e8b8e5aed433e809c229004e.jpg","https://media.birdweather.com/species/229/GreatKiskadee-thumbnail-b2749ed2442fb322cf3c4cb72f9c97f6.jpg","https://media.birdweather.com/species/229/GreatKiskadee-png200-003973af4f863deb00a4ce9b6f10e59c.png","0PgFDwIrhYqfZJh1mVe3SZZ3uKEJBncG",17580473169,"https://media.birdweather.com/soundscapes/19267/19267-20260930-174910.flac",1.5,4.5,"live"
11468406193,"1790790550-11468406193",19267,"2026-09-30T11:49:10.000-06:00",0.987077951431274,0.756523787975311,9.53479637903267,"almost_certain","BirdNET",NA,10.2198,-83.7874,FALSE,229,"Great Kiskadee","Pitangus sulphuratus","#7d4410","avian","https://media.birdweather.com/species/229/GreatKiskadee-standard-cd28a1b8e8b8e5aed433e809c229004e.jpg","https://media.birdweather.com/species/229/GreatKiskadee-thumbnail-b2749ed2442fb322cf3c4cb72f9c97f6.jpg","https://media.birdweather.com/species/229/GreatKiskadee-png200-003973af4f863deb00a4ce9b6f10e59c.png","0PgFDwIrhYqfZJh1mVe3SZZ3uKEJBncG",17580473169,"https://media.birdweather.com/soundscapes/19267/19267-20260930-174910.flac",0,3,"live"
11468402154,"1790790541-11468402154",19267,"2026-09-30T11:49:01.000-06:00",0.993248343467712,0.756523787975311,9.54704492262754,"almost_certain","BirdNET",NA,10.2198,-83.7874,FALSE,229,"Great Kiskadee","Pitangus sulphuratus","#7d4410","avian","https://media.birdweather.com/species/229/GreatKiskadee-standard-cd28a1b8e8b8e5aed433e809c229004e.jpg","https://media.birdweather.com/species/229/GreatKiskadee-thumbnail-b2749ed2442fb322cf3c4cb72f9c97f6.jpg","https://media.birdweather.com/species/229/GreatKiskadee-png200-003973af4f863deb00a4ce9b6f10e59c.png","0PgFDwIrhYqfZJh1mVe3SZZ3uKEJBncG",17580465682,"https://media.birdweather.com/soundscapes/19267/19267-20260930-174855.flac",6,9,"live"
11468402152,"1790790539-11468402152",19267,"2026-09-30T11:48:59.500-06:00",0.989642798900604,0.756523787975311,9.53990103819821,"almost_certain","BirdNET",NA,10.2198,-83.7874,FALSE,229,"Great Kiskadee","Pitangus sulphuratus","#7d4410","avian","https://media.birdweather.com/species/229/GreatKiskadee-standard-cd28a1b8e8b8e5aed433e809c229004e.jpg","https://media.birdweather.com/species/229/GreatKiskadee-thumbnail-b2749ed2442fb322cf3c4cb72f9c97f6.jpg","https://media.birdweather.com/species/229/GreatKiskadee-png200-003973af4f863deb00a4ce9b6f10e59c.png","0PgFDwIrhYqfZJh1mVe3SZZ3uKEJBncG",17580465682,"https://media.birdweather.com/soundscapes/19267/19267-20260930-174855.flac",4.5,7.5,"live"
11468402150,"1790790538-11468402150",19267,"2026-09-30T11:48:58.000-06:00",0.98395973443985,0.756523787975311,9.52856465442277,"almost_certain","BirdNET",NA,10.2198,-83.7874,FALSE,229,"Great Kiskadee","Pitangus sulphuratus","#7d4410","avian","https://media.birdweather.com/species/229/GreatKiskadee-standard-cd28a1b8e8b8e5aed433e809c229004e.jpg","https://media.birdweather.com/species/229/GreatKiskadee-thumbnail-b2749ed2442fb322cf3c4cb72f9c97f6.jpg","https://media.birdweather.com/species/229/GreatKiskadee-png200-003973af4f863deb00a4ce9b6f10e59c.png","0PgFDwIrhYqfZJh1mVe3SZZ3uKEJBncG",17580465682,"https://media.birdweather.com/soundscapes/19267/19267-20260930-174855.flac",3,6,"live"
11468402146,"1790790536-11468402146",19267,"2026-09-30T11:48:56.500-06:00",0.982816576957703,0.756523787975311,9.5262729464049,"almost_certain","BirdNET",NA,10.2198,-83.7874,FALSE,229,"Great Kiskadee","Pitangus sulphuratus","#7d4410","avian","https://media.birdweather.com/species/229/GreatKiskadee-standard-cd28a1b8e8b8e5aed433e809c229004e.jpg","https://media.birdweather.com/species/229/GreatKiskadee-thumbnail-b2749ed2442fb322cf3c4cb72f9c97f6.jpg","https://media.birdweather.com/species/229/GreatKiskadee-png200-003973af4f863deb00a4ce9b6f10e59c.png","0PgFDwIrhYqfZJh1mVe3SZZ3uKEJBncG",17580465682,"https://media.birdweather.com/soundscapes/19267/19267-20260930-174855.flac",1.5,4.5,"live"
11468398692,"1790790529-11468398692",19267,"2026-09-30T11:48:49.000-06:00",0.863578021526337,0.756523787975311,9.26334188078405,"almost_certain","BirdNET",NA,10.2198,-83.7874,FALSE,229,"Great Kiskadee","Pitangus sulphuratus","#7d4410","avian","https://media.birdweather.com/species/229/GreatKiskadee-standard-cd28a1b8e8b8e5aed433e809c229004e.jpg","https://media.birdweather.com/species/229/GreatKiskadee-thumbnail-b2749ed2442fb322cf3c4cb72f9c97f6.jpg","https://media.birdweather.com/species/229/GreatKiskadee-png200-003973af4f863deb00a4ce9b6f10e59c.png","0PgFDwIrhYqfZJh1mVe3SZZ3uKEJBncG",17580459418,"https://media.birdweather.com/soundscapes/19267/19267-20260930-174843.flac",6,9,"live"
11468398689,"1790790526-11468398689",19267,"2026-09-30T11:48:46.000-06:00",0.939920365810394,0.756523787975311,9.43738388257076,"almost_certain","BirdNET",NA,10.2198,-83.7874,FALSE,229,"Great Kiskadee","Pitangus sulphuratus","#7d4410","avian","https://media.birdweather.com/species/229/GreatKiskadee-standard-cd28a1b8e8b8e5aed433e809c229004e.jpg","https://media.birdweather.com/species/229/GreatKiskadee-thumbnail-b2749ed2442fb322cf3c4cb72f9c97f6.jpg","https://media.birdweather.com/species/229/GreatKiskadee-png200-003973af4f863deb00a4ce9b6f10e59c.png","0PgFDwIrhYqfZJh1mVe3SZZ3uKEJBncG",17580459418,"https://media.birdweather.com/soundscapes/19267/19267-20260930-174843.flac",3,6,"live"
11468398687,"1790790524-11468398687",19267,"2026-09-30T11:48:44.500-06:00",0.963855385780334,0.756523787975311,9.48769109507132,"almost_certain","BirdNET",NA,10.2198,-83.7874,FALSE,229,"Great Kiskadee","Pitangus sulphuratus","#7d4410","avian","https://media.birdweather.com/species/229/GreatKiskadee-standard-cd28a1b8e8b8e5aed433e809c229004e.jpg","https://media.birdweather.com/species/229/GreatKiskadee-thumbnail-b2749ed2442fb322cf3c4cb72f9c97f6.jpg","https://media.birdweather.com/species/229/GreatKiskadee-png200-003973af4f863deb00a4ce9b6f10e59c.png","0PgFDwIrhYqfZJh1mVe3SZZ3uKEJBncG",17580459418,"https://media.birdweather.com/soundscapes/19267/19267-20260930-174843.flac",1.5,4.5,"live"
11468398684,"1790790523-11468398684",19267,"2026-09-30T11:48:43.000-06:00",0.992487788200378,0.756523787975311,9.54554108535714,"almost_certain","BirdNET",NA,10.2198,-83.7874,FALSE,229,"Great Kiskadee","Pitangus sulphuratus","#7d4410","avian","https://media.birdweather.com/species/229/GreatKiskadee-standard-cd28a1b8e8b8e5aed433e809c229004e.jpg","https://media.birdweather.com/species/229/GreatKiskadee-thumbnail-b2749ed2442fb322cf3c4cb72f9c97f6.jpg","https://media.birdweather.com/species/229/GreatKiskadee-png200-003973af4f863deb00a4ce9b6f10e59c.png","0PgFDwIrhYqfZJh1mVe3SZZ3uKEJBncG",17580459418,"https://media.birdweather.com/soundscapes/19267/19267-20260930-174843.flac",0,3,"live"
11468391549,"1790790502-11468391549",19267,"2026-09-30T11:48:22.000-06:00",0.87237673997879,0.756523787975311,9.28456541144351,"almost_certain","BirdNET",NA,10.2198,-83.7874,FALSE,229,"Great Kiskadee","Pitangus sulphuratus","#7d4410","avian","https://media.birdweather.com/species/229/GreatKiskadee-standard-cd28a1b8e8b8e5aed433e809c229004e.jpg","https://media.birdweather.com/species/229/GreatKiskadee-thumbnail-b2749ed2442fb322cf3c4cb72f9c97f6.jpg","https://media.birdweather.com/species/229/GreatKiskadee-png200-003973af4f863deb00a4ce9b6f10e59c.png","0PgFDwIrhYqfZJh1mVe3SZZ3uKEJBncG",17580446294,"https://media.birdweather.com/soundscapes/19267/19267-20260930-174816.flac",6,9,"live"
11468391547,"1790790500-11468391547",19267,"2026-09-30T11:48:20.500-06:00",0.765960693359375,0.756523787975311,9.00276171423841,"almost_certain","BirdNET",NA,10.2198,-83.7874,FALSE,229,"Great Kiskadee","Pitangus sulphuratus","#7d4410","avian","https://media.birdweather.com/species/229/GreatKiskadee-standard-cd28a1b8e8b8e5aed433e809c229004e.jpg","https://media.birdweather.com/species/229/GreatKiskadee-thumbnail-b2749ed2442fb322cf3c4cb72f9c97f6.jpg","https://media.birdweather.com/species/229/GreatKiskadee-png200-003973af4f863deb00a4ce9b6f10e59c.png","0PgFDwIrhYqfZJh1mVe3SZZ3uKEJBncG",17580446294,"https://media.birdweather.com/soundscapes/19267/19267-20260930-174816.flac",4.5,7.5,"live"
11468391543,"1790790499-11468391543",19267,"2026-09-30T11:48:19.000-06:00",0.920273244380951,0.756523787975311,9.39466229235248,"almost_certain","BirdNET",NA,10.2198,-83.7874,FALSE,229,"Great Kiskadee","Pitangus sulphuratus","#7d4410","avian","https://media.birdweather.com/species/229/GreatKiskadee-standard-cd28a1b8e8b8e5aed433e809c229004e.jpg","https://media.birdweather.com/species/229/GreatKiskadee-thumbnail-b2749ed2442fb322cf3c4cb72f9c97f6.jpg","https://media.birdweather.com/species/229/GreatKiskadee-png200-003973af4f863deb00a4ce9b6f10e59c.png","0PgFDwIrhYqfZJh1mVe3SZZ3uKEJBncG",17580446294,"https://media.birdweather.com/soundscapes/19267/19267-20260930-174816.flac",3,6,"live"
11468391537,"1790790497-11468391537",19267,"2026-09-30T11:48:17.500-06:00",0.830865323543549,0.756523787975311,9.18141941320934,"almost_certain","BirdNET",NA,10.2198,-83.7874,FALSE,229,"Great Kiskadee","Pitangus sulphuratus","#7d4410","avian","https://media.birdweather.com/species/229/GreatKiskadee-standard-cd28a1b8e8b8e5aed433e809c229004e.jpg","https://media.birdweather.com/species/229/GreatKiskadee-thumbnail-b2749ed2442fb322cf3c4cb72f9c97f6.jpg","https://media.birdweather.com/species/229/GreatKiskadee-png200-003973af4f863deb00a4ce9b6f10e59c.png","0PgFDwIrhYqfZJh1mVe3SZZ3uKEJBncG",17580446294,"https://media.birdweather.com/soundscapes/19267/19267-20260930-174816.flac",1.5,4.5,"live"
11468391532,"1790790496-11468391532",19267,"2026-09-30T11:48:16.000-06:00",0.902378678321838,0.756523787975311,9.35455716390053,"almost_certain","BirdNET",NA,10.2198,-83.7874,FALSE,229,"Great Kiskadee","Pitangus sulphuratus","#7d4410","avian","https://media.birdweather.com/species/229/GreatKiskadee-standard-cd28a1b8e8b8e5aed433e809c229004e.jpg","https://media.birdweather.com/species/229/GreatKiskadee-thumbnail-b2749ed2442fb322cf3c4cb72f9c97f6.jpg","https://media.birdweather.com/species/229/GreatKiskadee-png200-003973af4f863deb00a4ce9b6f10e59c.png","0PgFDwIrhYqfZJh1mVe3SZZ3uKEJBncG",17580446294,"https://media.birdweather.com/soundscapes/19267/19267-20260930-174816.flac",0,3,"live"
11468387964,"1790790483-11468387964",19267,"2026-09-30T11:48:03.500-06:00",0.903949201107025,0.756522357463837,9.35812182543944,"almost_certain","BirdNET",NA,10.2198,-83.7874,FALSE,229,"Great Kiskadee","Pitangus sulphuratus","#7d4410","avian","https://media.birdweather.com/species/229/GreatKiskadee-standard-cd28a1b8e8b8e5aed433e809c229004e.jpg","https://media.birdweather.com/species/229/GreatKiskadee-thumbnail-b2749ed2442fb322cf3c4cb72f9c97f6.jpg","https://media.birdweather.com/species/229/GreatKiskadee-png200-003973af4f863deb00a4ce9b6f10e59c.png","0PgFDwIrhYqfZJh1mVe3SZZ3uKEJBncG",17580439795,"https://media.birdweather.com/soundscapes/19267/19267-20260930-174802.flac",1.5,4.5,"live"
11468387954,"1790790482-11468387954",19267,"2026-09-30T11:48:02.000-06:00",0.879145443439484,0.756522357463837,9.30066889360834,"almost_certain","BirdNET",NA,10.2198,-83.7874,FALSE,229,"Great Kiskadee","Pitangus sulphuratus","#7d4410","avian","https://media.birdweather.com/species/229/GreatKiskadee-standard-cd28a1b8e8b8e5aed433e809c229004e.jpg","https://media.birdweather.com/species/229/GreatKiskadee-thumbnail-b2749ed2442fb322cf3c4cb72f9c97f6.jpg","https://media.birdweather.com/species/229/GreatKiskadee-png200-003973af4f863deb00a4ce9b6f10e59c.png","0PgFDwIrhYqfZJh1mVe3SZZ3uKEJBncG",17580439795,"https://media.birdweather.com/soundscapes/19267/19267-20260930-174802.flac",0,3,"live"
11468234462,"1790789941-11468234462",19267,"2026-09-30T11:39:01.500-06:00",0.909791886806488,0.552713215351105,8.94785324809435,"almost_certain","BirdNET",NA,10.2198,-83.7874,FALSE,121,"Social Flycatcher","Myiozetetes similis","#69b9ff","avian","https://media.birdweather.com/species/121/SocialFlycatcher-standard-6e107581e61c9f556b3a0af5200f486a.jpg","https://media.birdweather.com/species/121/SocialFlycatcher-thumbnail-87f640fcaf1441ecbbd56b57372185a8.jpg","https://media.birdweather.com/species/121/SocialFlycatcher-png200-2f6dd485cf927db0dd7fd9abc239fb19.png","2xkKJwIJh3ekeXh0e5Z4eYaIdyApd5AC",17580168052,"https://media.birdweather.com/soundscapes/19267/19267-20260930-173857.flac",4.5,7.5,"live"
11468234459,"1790789940-11468234459",19267,"2026-09-30T11:39:00.000-06:00",0.887652099132538,0.552713215351105,8.89718705166049,"almost_certain","BirdNET",NA,10.2198,-83.7874,FALSE,121,"Social Flycatcher","Myiozetetes similis","#69b9ff","avian","https://media.birdweather.com/species/121/SocialFlycatcher-standard-6e107581e61c9f556b3a0af5200f486a.jpg","https://media.birdweather.com/species/121/SocialFlycatcher-thumbnail-87f640fcaf1441ecbbd56b57372185a8.jpg","https://media.birdweather.com/species/121/SocialFlycatcher-png200-2f6dd485cf927db0dd7fd9abc239fb19.png","2xkKJwIJh3ekeXh0e5Z4eYaIdyApd5AC",17580168052,"https://media.birdweather.com/soundscapes/19267/19267-20260930-173857.flac",3,6,"live"
11468234452,"1790789937-11468234452",19267,"2026-09-30T11:38:57.000-06:00",0.970664203166962,0.552713215351105,9.07820989827546,"almost_certain","BirdNET",NA,10.2198,-83.7874,FALSE,121,"Social Flycatcher","Myiozetetes similis","#69b9ff","avian","https://media.birdweather.com/species/121/SocialFlycatcher-standard-6e107581e61c9f556b3a0af5200f486a.jpg","https://media.birdweather.com/species/121/SocialFlycatcher-thumbnail-87f640fcaf1441ecbbd56b57372185a8.jpg","https://media.birdweather.com/species/121/SocialFlycatcher-png200-2f6dd485cf927db0dd7fd9abc239fb19.png","2xkKJwIJh3ekeXh0e5Z4eYaIdyApd5AC",17580168052,"https://media.birdweather.com/soundscapes/19267/19267-20260930-173857.flac",0,3,"live"
11468230261,"1790789928-11468230261",19267,"2026-09-30T11:38:48.000-06:00",0.930496990680695,0.552712619304657,8.99359699113577,"almost_certain","BirdNET",NA,10.2198,-83.7874,FALSE,121,"Social Flycatcher","Myiozetetes similis","#69b9ff","avian","https://media.birdweather.com/species/121/SocialFlycatcher-standard-6e107581e61c9f556b3a0af5200f486a.jpg","https://media.birdweather.com/species/121/SocialFlycatcher-thumbnail-87f640fcaf1441ecbbd56b57372185a8.jpg","https://media.birdweather.com/species/121/SocialFlycatcher-png200-2f6dd485cf927db0dd7fd9abc239fb19.png","2xkKJwIJh3ekeXh0e5Z4eYaIdyApd5AC",17580160899,"https://media.birdweather.com/soundscapes/19267/19267-20260930-173842.flac",6,9,"live"
11468230260,"1790789926-11468230260",19267,"2026-09-30T11:38:46.500-06:00",0.768604040145874,0.552712619304657,8.58704916958177,"almost_certain","BirdNET",NA,10.2198,-83.7874,FALSE,121,"Social Flycatcher","Myiozetetes similis","#69b9ff","avian","https://media.birdweather.com/species/121/SocialFlycatcher-standard-6e107581e61c9f556b3a0af5200f486a.jpg","https://media.birdweather.com/species/121/SocialFlycatcher-thumbnail-87f640fcaf1441ecbbd56b57372185a8.jpg","https://media.birdweather.com/species/121/SocialFlycatcher-png200-2f6dd485cf927db0dd7fd9abc239fb19.png","2xkKJwIJh3ekeXh0e5Z4eYaIdyApd5AC",17580160899,"https://media.birdweather.com/soundscapes/19267/19267-20260930-173842.flac",4.5,7.5,"live"
11468230257,"1790789925-11468230257",19267,"2026-09-30T11:38:45.000-06:00",0.715982854366302,0.552712619304657,8.42386284733866,"almost_certain","BirdNET",NA,10.2198,-83.7874,FALSE,121,"Social Flycatcher","Myiozetetes similis","#69b9ff","avian","https://media.birdweather.com/species/121/SocialFlycatcher-standard-6e107581e61c9f556b3a0af5200f486a.jpg","https://media.birdweather.com/species/121/SocialFlycatcher-thumbnail-87f640fcaf1441ecbbd56b57372185a8.jpg","https://media.birdweather.com/species/121/SocialFlycatcher-png200-2f6dd485cf927db0dd7fd9abc239fb19.png","2xkKJwIJh3ekeXh0e5Z4eYaIdyApd5AC",17580160899,"https://media.birdweather.com/soundscapes/19267/19267-20260930-173842.flac",3,6,"live"
11468003300,"1790789150-11468003300",19267,"2026-09-30T11:25:50.000-06:00",0.79742842912674,0.107767589390278,6.52607266204885,"almost_certain","BirdNET",NA,10.2198,-83.7874,FALSE,603,"Tropical Mockingbird","Mimus gilvus","#006e2a","avian","https://media.birdweather.com/species/603/TropicalMockingbird-standard-33be42788a38707b12f757d28526a492.jpg","https://media.birdweather.com/species/603/TropicalMockingbird-thumbnail-4f6417f6928c80a2cb70eb341f54fd79.jpg","https://media.birdweather.com/species/603/TropicalMockingbird-png200-9e94d27578943cfad1e7923fe23d2300.png","q+cJFwL4VohclXidhXh5aJh4qDAaGKYA",17579775360,"https://media.birdweather.com/soundscapes/19267/19267-20260930-172550.flac",0,3,"live"
11467759401,"1790788331-11467759401",19267,"2026-09-30T11:12:11.000-06:00",0.811357378959656,0.570026755332947,8.74818274646866,"almost_certain","BirdNET",NA,10.2198,-83.7874,FALSE,897,"Orange-chinned Parakeet","Brotogeris jugularis","#c85500","avian","https://media.birdweather.com/species/897/Orange-chinnedParakeet-standard-0bf0068f65faf91a77e897bad45dfb9c.jpg","https://media.birdweather.com/species/897/Orange-chinnedParakeet-thumbnail-542c4a6c0820592c04275ed546d0c49a.jpg","https://media.birdweather.com/species/897/Orange-chinnedParakeet-png200-7d59a0f58540798895be6be2a6dcfe26.png","U+kFHwJATKdHaLhzaSaJJpuXZ4BFePYK",17579362621,"https://media.birdweather.com/soundscapes/19267/19267-20260930-171205.flac",6,9,"live"
11467759397,"1790788329-11467759397",19267,"2026-09-30T11:12:09.500-06:00",0.85885089635849,0.570026755332947,8.86985790902311,"almost_certain","BirdNET",NA,10.2198,-83.7874,FALSE,897,"Orange-chinned Parakeet","Brotogeris jugularis","#c85500","avian","https://media.birdweather.com/species/897/Orange-chinnedParakeet-standard-0bf0068f65faf91a77e897bad45dfb9c.jpg","https://media.birdweather.com/species/897/Orange-chinnedParakeet-thumbnail-542c4a6c0820592c04275ed546d0c49a.jpg","https://media.birdweather.com/species/897/Orange-chinnedParakeet-png200-7d59a0f58540798895be6be2a6dcfe26.png","U+kFHwJATKdHaLhzaSaJJpuXZ4BFePYK",17579362621,"https://media.birdweather.com/soundscapes/19267/19267-20260930-171205.flac",4.5,7.5,"live"
11467398478,"1790787120-11467398478",19267,"2026-09-30T10:52:00.000-06:00",0.913363516330719,0.756529331207275,9.37932501365671,"almost_certain","BirdNET",NA,10.2198,-83.7874,FALSE,229,"Great Kiskadee","Pitangus sulphuratus","#7d4410","avian","https://media.birdweather.com/species/229/GreatKiskadee-standard-cd28a1b8e8b8e5aed433e809c229004e.jpg","https://media.birdweather.com/species/229/GreatKiskadee-thumbnail-b2749ed2442fb322cf3c4cb72f9c97f6.jpg","https://media.birdweather.com/species/229/GreatKiskadee-png200-003973af4f863deb00a4ce9b6f10e59c.png","0PgFDwIrhYqfZJh1mVe3SZZ3uKEJBncG",17578755213,"https://media.birdweather.com/soundscapes/19267/19267-20260930-165154.flac",6,9,"live"
11467398475,"1790787118-11467398475",19267,"2026-09-30T10:51:58.500-06:00",0.945310831069946,0.756529331207275,9.44888585564512,"almost_certain","BirdNET",NA,10.2198,-83.7874,FALSE,229,"Great Kiskadee","Pitangus sulphuratus","#7d4410","avian","https://media.birdweather.com/species/229/GreatKiskadee-standard-cd28a1b8e8b8e5aed433e809c229004e.jpg","https://media.birdweather.com/species/229/GreatKiskadee-thumbnail-b2749ed2442fb322cf3c4cb72f9c97f6.jpg","https://media.birdweather.com/species/229/GreatKiskadee-png200-003973af4f863deb00a4ce9b6f10e59c.png","0PgFDwIrhYqfZJh1mVe3SZZ3uKEJBncG",17578755213,"https://media.birdweather.com/soundscapes/19267/19267-20260930-165154.flac",4.5,7.5,"live"
11467398472,"1790787117-11467398472",19267,"2026-09-30T10:51:57.000-06:00",0.795494496822357,0.756529331207275,9.08696492476759,"almost_certain","BirdNET",NA,10.2198,-83.7874,FALSE,229,"Great Kiskadee","Pitangus sulphuratus","#7d4410","avian","https://media.birdweather.com/species/229/GreatKiskadee-standard-cd28a1b8e8b8e5aed433e809c229004e.jpg","https://media.birdweather.com/species/229/GreatKiskadee-thumbnail-b2749ed2442fb322cf3c4cb72f9c97f6.jpg","https://media.birdweather.com/species/229/GreatKiskadee-png200-003973af4f863deb00a4ce9b6f10e59c.png","0PgFDwIrhYqfZJh1mVe3SZZ3uKEJBncG",17578755213,"https://media.birdweather.com/soundscapes/19267/19267-20260930-165154.flac",3,6,"live"
11467398464,"1790787114-11467398464",19267,"2026-09-30T10:51:54.000-06:00",0.904701948165894,0.756529331207275,9.35984075973789,"almost_certain","BirdNET",NA,10.2198,-83.7874,FALSE,229,"Great Kiskadee","Pitangus sulphuratus","#7d4410","avian","https://media.birdweather.com/species/229/GreatKiskadee-standard-cd28a1b8e8b8e5aed433e809c229004e.jpg","https://media.birdweather.com/species/229/GreatKiskadee-thumbnail-b2749ed2442fb322cf3c4cb72f9c97f6.jpg","https://media.birdweather.com/species/229/GreatKiskadee-png200-003973af4f863deb00a4ce9b6f10e59c.png","0PgFDwIrhYqfZJh1mVe3SZZ3uKEJBncG",17578755213,"https://media.birdweather.com/soundscapes/19267/19267-20260930-165154.flac",0,3,"live"
11466628398,"1790784589-11466628398",19267,"2026-09-30T10:09:49.500-06:00",0.931693851947784,0.756528556346893,9.41966614641427,"almost_certain","BirdNET",NA,10.2198,-83.7874,FALSE,229,"Great Kiskadee","Pitangus sulphuratus","#7d4410","avian","https://media.birdweather.com/species/229/GreatKiskadee-standard-cd28a1b8e8b8e5aed433e809c229004e.jpg","https://media.birdweather.com/species/229/GreatKiskadee-thumbnail-b2749ed2442fb322cf3c4cb72f9c97f6.jpg","https://media.birdweather.com/species/229/GreatKiskadee-png200-003973af4f863deb00a4ce9b6f10e59c.png","0PgFDwIrhYqfZJh1mVe3SZZ3uKEJBncG",17577491217,"https://media.birdweather.com/soundscapes/19267/19267-20260930-160948.flac",1.5,4.5,"live"
11466611995,"1790784539-11466611995",19267,"2026-09-30T10:08:59.500-06:00",0.720089972019196,0.756528079509735,8.86079303188091,"almost_certain","BirdNET",NA,10.2198,-83.7874,FALSE,229,"Great Kiskadee","Pitangus sulphuratus","#7d4410","avian","https://media.birdweather.com/species/229/GreatKiskadee-standard-cd28a1b8e8b8e5aed433e809c229004e.jpg","https://media.birdweather.com/species/229/GreatKiskadee-thumbnail-b2749ed2442fb322cf3c4cb72f9c97f6.jpg","https://media.birdweather.com/species/229/GreatKiskadee-png200-003973af4f863deb00a4ce9b6f10e59c.png","0PgFDwIrhYqfZJh1mVe3SZZ3uKEJBncG",17577464653,"https://media.birdweather.com/soundscapes/19267/19267-20260930-160855.flac",4.5,7.5,"live"
11466213608,"1790783241-11466213608",19267,"2026-09-30T09:47:21.000-06:00",0.75734144449234,0.368236035108566,8.00948660700696,"almost_certain","BirdNET",NA,10.2198,-83.7874,FALSE,321,"Palm Tanager","Thraupis palmarum","#008efd","avian","https://media.birdweather.com/species/321/PalmTanager-standard-cbade2e4973d8cb57c4014568207591d.jpg","https://media.birdweather.com/species/321/PalmTanager-thumbnail-66ffacacc3b9c5f5dad0cf97c949e40f.jpg","https://media.birdweather.com/species/321/PalmTanager-png200-100c123f8e9a99aad801e3e79a865873.png","lvkJHwR/d2lneYlEp0hrx2iL+XtlNZgA",17576813915,"https://media.birdweather.com/soundscapes/19267/19267-20260930-154718.flac",3,6,"live"
11466099975,"1790782875-11466099975",19267,"2026-09-30T09:41:15.500-06:00",0.923124253749847,0.756527423858643,9.40095139894835,"almost_certain","BirdNET",NA,10.2198,-83.7874,FALSE,229,"Great Kiskadee","Pitangus sulphuratus","#7d4410","avian","https://media.birdweather.com/species/229/GreatKiskadee-standard-cd28a1b8e8b8e5aed433e809c229004e.jpg","https://media.birdweather.com/species/229/GreatKiskadee-thumbnail-b2749ed2442fb322cf3c4cb72f9c97f6.jpg","https://media.birdweather.com/species/229/GreatKiskadee-png200-003973af4f863deb00a4ce9b6f10e59c.png","0PgFDwIrhYqfZJh1mVe3SZZ3uKEJBncG",17576631352,"https://media.birdweather.com/soundscapes/19267/19267-20260930-154114.flac",1.5,4.5,"live"
11465595209,"1790781276-11465595209",19267,"2026-09-30T09:14:36.000-06:00",0.950482606887817,0.756527304649353,9.45981819036452,"almost_certain","BirdNET",NA,10.2198,-83.7874,FALSE,229,"Great Kiskadee","Pitangus sulphuratus","#7d4410","avian","https://media.birdweather.com/species/229/GreatKiskadee-standard-cd28a1b8e8b8e5aed433e809c229004e.jpg","https://media.birdweather.com/species/229/GreatKiskadee-thumbnail-b2749ed2442fb322cf3c4cb72f9c97f6.jpg","https://media.birdweather.com/species/229/GreatKiskadee-png200-003973af4f863deb00a4ce9b6f10e59c.png","0PgFDwIrhYqfZJh1mVe3SZZ3uKEJBncG",17575826979,"https://media.birdweather.com/soundscapes/19267/19267-20260930-151430.flac",6,9,"live"
11465595198,"1790781271-11465595198",19267,"2026-09-30T09:14:31.500-06:00",0.956829428672791,0.756527304649353,9.47312062149627,"almost_certain","BirdNET",NA,10.2198,-83.7874,FALSE,229,"Great Kiskadee","Pitangus sulphuratus","#7d4410","avian","https://media.birdweather.com/species/229/GreatKiskadee-standard-cd28a1b8e8b8e5aed433e809c229004e.jpg","https://media.birdweather.com/species/229/GreatKiskadee-thumbnail-b2749ed2442fb322cf3c4cb72f9c97f6.jpg","https://media.birdweather.com/species/229/GreatKiskadee-png200-003973af4f863deb00a4ce9b6f10e59c.png","0PgFDwIrhYqfZJh1mVe3SZZ3uKEJBncG",17575826979,"https://media.birdweather.com/soundscapes/19267/19267-20260930-151430.flac",1.5,4.5,"live"
11465590100,"1790781257-11465590100",19267,"2026-09-30T09:14:17.500-06:00",0.863171517848969,0.756527304649353,9.26235964105273,"almost_certain","BirdNET",NA,10.2198,-83.7874,FALSE,229,"Great Kiskadee","Pitangus sulphuratus","#7d4410","avian","https://media.birdweather.com/species/229/GreatKiskadee-standard-cd28a1b8e8b8e5aed433e809c229004e.jpg","https://media.birdweather.com/species/229/GreatKiskadee-thumbnail-b2749ed2442fb322cf3c4cb72f9c97f6.jpg","https://media.birdweather.com/species/229/GreatKiskadee-png200-003973af4f863deb00a4ce9b6f10e59c.png","0PgFDwIrhYqfZJh1mVe3SZZ3uKEJBncG",17575819114,"https://media.birdweather.com/soundscapes/19267/19267-20260930-151416.flac",1.5,4.5,"live"
11465200963,"1790780059-11465200963",19267,"2026-09-30T08:54:19.000-06:00",0.905798316001892,0.75652402639389,9.36231293738462,"almost_certain","BirdNET",NA,10.2198,-83.7874,FALSE,229,"Great Kiskadee","Pitangus sulphuratus","#7d4410","avian","https://media.birdweather.com/species/229/GreatKiskadee-standard-cd28a1b8e8b8e5aed433e809c229004e.jpg","https://media.birdweather.com/species/229/GreatKiskadee-thumbnail-b2749ed2442fb322cf3c4cb72f9c97f6.jpg","https://media.birdweather.com/species/229/GreatKiskadee-png200-003973af4f863deb00a4ce9b6f10e59c.png","0PgFDwIrhYqfZJh1mVe3SZZ3uKEJBncG",17575215759,"https://media.birdweather.com/soundscapes/19267/19267-20260930-145416.flac",3,6,"live"
11464948357,"1790779281-11464948357",19267,"2026-09-30T08:41:21.000-06:00",0.703041315078735,0.537797808647156,8.34376201005605,"almost_certain","BirdNET",NA,10.2198,-83.7874,FALSE,802,"Rufous-tailed Hummingbird","Amazilia tzacatl","#d9c845","avian","https://media.birdweather.com/species/802/Rufous-tailedHummingbird-standard-4d0209b50ad0c35c6d8337f5c0c16b55.jpg","https://media.birdweather.com/species/802/Rufous-tailedHummingbird-thumbnail-fbf17400c31564f70aa45927c5d75f5e.jpg","https://media.birdweather.com/species/802/Rufous-tailedHummingbird-png200-8ea431c9893cfe027e92471791a8c256.png","mPkJFwIHqJeJl4lriIaGhYh3+H+oVGAH",17574826028,"https://media.birdweather.com/soundscapes/19267/19267-20260930-144121.flac",0,3,"live"
11464768557,"1790778745-11464768557",19267,"2026-09-30T08:32:25.000-06:00",0.972270607948303,0.756521821022034,9.50494494430419,"almost_certain","BirdNET",NA,10.2198,-83.7874,FALSE,229,"Great Kiskadee","Pitangus sulphuratus","#7d4410","avian","https://media.birdweather.com/species/229/GreatKiskadee-standard-cd28a1b8e8b8e5aed433e809c229004e.jpg","https://media.birdweather.com/species/229/GreatKiskadee-thumbnail-b2749ed2442fb322cf3c4cb72f9c97f6.jpg","https://media.birdweather.com/species/229/GreatKiskadee-png200-003973af4f863deb00a4ce9b6f10e59c.png","0PgFDwIrhYqfZJh1mVe3SZZ3uKEJBncG",17574553671,"https://media.birdweather.com/soundscapes/19267/19267-20260930-143219.flac",6,9,"live"
11464768551,"1790778740-11464768551",19267,"2026-09-30T08:32:20.500-06:00",0.732466340065002,0.756521821022034,8.90056060374845,"almost_certain","BirdNET",NA,10.2198,-83.7874,FALSE,229,"Great Kiskadee","Pitangus sulphuratus","#7d4410","avian","https://media.birdweather.com/species/229/GreatKiskadee-standard-cd28a1b8e8b8e5aed433e809c229004e.jpg","https://media.birdweather.com/species/229/GreatKiskadee-thumbnail-b2749ed2442fb322cf3c4cb72f9c97f6.jpg","https://media.birdweather.com/species/229/GreatKiskadee-png200-003973af4f863deb00a4ce9b6f10e59c.png","0PgFDwIrhYqfZJh1mVe3SZZ3uKEJBncG",17574553671,"https://media.birdweather.com/soundscapes/19267/19267-20260930-143219.flac",1.5,4.5,"live"
11464764251,"1790778730-11464764251",19267,"2026-09-30T08:32:10.000-06:00",0.742824554443359,0.756521821022034,8.93298734618817,"almost_certain","BirdNET",NA,10.2198,-83.7874,FALSE,229,"Great Kiskadee","Pitangus sulphuratus","#7d4410","avian","https://media.birdweather.com/species/229/GreatKiskadee-standard-cd28a1b8e8b8e5aed433e809c229004e.jpg","https://media.birdweather.com/species/229/GreatKiskadee-thumbnail-b2749ed2442fb322cf3c4cb72f9c97f6.jpg","https://media.birdweather.com/species/229/GreatKiskadee-png200-003973af4f863deb00a4ce9b6f10e59c.png","0PgFDwIrhYqfZJh1mVe3SZZ3uKEJBncG",17574547167,"https://media.birdweather.com/soundscapes/19267/19267-20260930-143207.flac",3,6,"live"
11464530335,"1790778028-11464530335",19267,"2026-09-30T08:20:28.000-06:00",0.826705634593964,0.537793219089508,8.71036629780799,"almost_certain","BirdNET",NA,10.2198,-83.7874,FALSE,802,"Rufous-tailed Hummingbird","Amazilia tzacatl","#d9c845","avian","https://media.birdweather.com/species/802/Rufous-tailedHummingbird-standard-4d0209b50ad0c35c6d8337f5c0c16b55.jpg","https://media.birdweather.com/species/802/Rufous-tailedHummingbird-thumbnail-fbf17400c31564f70aa45927c5d75f5e.jpg","https://media.birdweather.com/species/802/Rufous-tailedHummingbird-png200-8ea431c9893cfe027e92471791a8c256.png","mPkJFwIHqJeJl4lriIaGhYh3+H+oVGAH",17574194155,"https://media.birdweather.com/soundscapes/19267/19267-20260930-142022.flac",6,9,"live"
11464480702,"1790777878-11464480702",19267,"2026-09-30T08:17:58.500-06:00",0.824610352516174,0.756521999835968,9.16517821043528,"almost_certain","BirdNET",NA,10.2198,-83.7874,FALSE,229,"Great Kiskadee","Pitangus sulphuratus","#7d4410","avian","https://media.birdweather.com/species/229/GreatKiskadee-standard-cd28a1b8e8b8e5aed433e809c229004e.jpg","https://media.birdweather.com/species/229/GreatKiskadee-thumbnail-b2749ed2442fb322cf3c4cb72f9c97f6.jpg","https://media.birdweather.com/species/229/GreatKiskadee-png200-003973af4f863deb00a4ce9b6f10e59c.png","0PgFDwIrhYqfZJh1mVe3SZZ3uKEJBncG",17574118994,"https://media.birdweather.com/soundscapes/19267/19267-20260930-141754.flac",4.5,7.5,"live"
11464471787,"1790777853-11464471787",19267,"2026-09-30T08:17:33.000-06:00",0.729820907115936,0.756521999835968,8.89215478136785,"almost_certain","BirdNET",NA,10.2198,-83.7874,FALSE,229,"Great Kiskadee","Pitangus sulphuratus","#7d4410","avian","https://media.birdweather.com/species/229/GreatKiskadee-standard-cd28a1b8e8b8e5aed433e809c229004e.jpg","https://media.birdweather.com/species/229/GreatKiskadee-thumbnail-b2749ed2442fb322cf3c4cb72f9c97f6.jpg","https://media.birdweather.com/species/229/GreatKiskadee-png200-003973af4f863deb00a4ce9b6f10e59c.png","0PgFDwIrhYqfZJh1mVe3SZZ3uKEJBncG",17574105183,"https://media.birdweather.com/soundscapes/19267/19267-20260930-141727.flac",6,9,"live"
11464431679,"1790777733-11464431679",19267,"2026-09-30T08:15:33.000-06:00",0.800974547863007,0.75652003288269,9.10201700411741,"almost_certain","BirdNET",NA,10.2198,-83.7874,FALSE,229,"Great Kiskadee","Pitangus sulphuratus","#7d4410","avian","https://media.birdweather.com/species/229/GreatKiskadee-standard-cd28a1b8e8b8e5aed433e809c229004e.jpg","https://media.birdweather.com/species/229/GreatKiskadee-thumbnail-b2749ed2442fb322cf3c4cb72f9c97f6.jpg","https://media.birdweather.com/species/229/GreatKiskadee-png200-003973af4f863deb00a4ce9b6f10e59c.png","0PgFDwIrhYqfZJh1mVe3SZZ3uKEJBncG",17574045208,"https://media.birdweather.com/soundscapes/19267/19267-20260930-141527.flac",6,9,"live"
11464417973,"1790777687-11464417973",19267,"2026-09-30T08:14:47.500-06:00",0.712912917137146,0.756522238254547,8.83717449009096,"almost_certain","BirdNET",NA,10.2198,-83.7874,FALSE,229,"Great Kiskadee","Pitangus sulphuratus","#7d4410","avian","https://media.birdweather.com/species/229/GreatKiskadee-standard-cd28a1b8e8b8e5aed433e809c229004e.jpg","https://media.birdweather.com/species/229/GreatKiskadee-thumbnail-b2749ed2442fb322cf3c4cb72f9c97f6.jpg","https://media.birdweather.com/species/229/GreatKiskadee-png200-003973af4f863deb00a4ce9b6f10e59c.png","0PgFDwIrhYqfZJh1mVe3SZZ3uKEJBncG",17574024719,"https://media.birdweather.com/soundscapes/19267/19267-20260930-141446.flac",1.5,4.5,"live"
11464400374,"1790777639-11464400374",19267,"2026-09-30T08:13:59.000-06:00",0.890275239944458,0.756520211696625,9.32674340965262,"almost_certain","BirdNET",NA,10.2198,-83.7874,FALSE,229,"Great Kiskadee","Pitangus sulphuratus","#7d4410","avian","https://media.birdweather.com/species/229/GreatKiskadee-standard-cd28a1b8e8b8e5aed433e809c229004e.jpg","https://media.birdweather.com/species/229/GreatKiskadee-thumbnail-b2749ed2442fb322cf3c4cb72f9c97f6.jpg","https://media.birdweather.com/species/229/GreatKiskadee-png200-003973af4f863deb00a4ce9b6f10e59c.png","0PgFDwIrhYqfZJh1mVe3SZZ3uKEJBncG",17573998148,"https://media.birdweather.com/soundscapes/19267/19267-20260930-141353.flac",6,9,"live"
11464400371,"1790777637-11464400371",19267,"2026-09-30T08:13:57.500-06:00",0.949794173240662,0.756520211696625,9.45835481563009,"almost_certain","BirdNET",NA,10.2198,-83.7874,FALSE,229,"Great Kiskadee","Pitangus sulphuratus","#7d4410","avian","https://media.birdweather.com/species/229/GreatKiskadee-standard-cd28a1b8e8b8e5aed433e809c229004e.jpg","https://media.birdweather.com/species/229/GreatKiskadee-thumbnail-b2749ed2442fb322cf3c4cb72f9c97f6.jpg","https://media.birdweather.com/species/229/GreatKiskadee-png200-003973af4f863deb00a4ce9b6f10e59c.png","0PgFDwIrhYqfZJh1mVe3SZZ3uKEJBncG",17573998148,"https://media.birdweather.com/soundscapes/19267/19267-20260930-141353.flac",4.5,7.5,"live"
11464400366,"1790777636-11464400366",19267,"2026-09-30T08:13:56.000-06:00",0.970469117164612,0.756520211696625,9.50126593653081,"almost_certain","BirdNET",NA,10.2198,-83.7874,FALSE,229,"Great Kiskadee","Pitangus sulphuratus","#7d4410","avian","https://media.birdweather.com/species/229/GreatKiskadee-standard-cd28a1b8e8b8e5aed433e809c229004e.jpg","https://media.birdweather.com/species/229/GreatKiskadee-thumbnail-b2749ed2442fb322cf3c4cb72f9c97f6.jpg","https://media.birdweather.com/species/229/GreatKiskadee-png200-003973af4f863deb00a4ce9b6f10e59c.png","0PgFDwIrhYqfZJh1mVe3SZZ3uKEJBncG",17573998148,"https://media.birdweather.com/soundscapes/19267/19267-20260930-141353.flac",3,6,"live"
11464400362,"1790777634-11464400362",19267,"2026-09-30T08:13:54.500-06:00",0.983033835887909,0.756520211696625,9.52670239251611,"almost_certain","BirdNET",NA,10.2198,-83.7874,FALSE,229,"Great Kiskadee","Pitangus sulphuratus","#7d4410","avian","https://media.birdweather.com/species/229/GreatKiskadee-standard-cd28a1b8e8b8e5aed433e809c229004e.jpg","https://media.birdweather.com/species/229/GreatKiskadee-thumbnail-b2749ed2442fb322cf3c4cb72f9c97f6.jpg","https://media.birdweather.com/species/229/GreatKiskadee-png200-003973af4f863deb00a4ce9b6f10e59c.png","0PgFDwIrhYqfZJh1mVe3SZZ3uKEJBncG",17573998148,"https://media.birdweather.com/soundscapes/19267/19267-20260930-141353.flac",1.5,4.5,"live"
11464395971,"1790777622-11464395971",19267,"2026-09-30T08:13:42.500-06:00",0.717147350311279,0.756520628929138,8.85114945126475,"almost_certain","BirdNET",NA,10.2198,-83.7874,FALSE,229,"Great Kiskadee","Pitangus sulphuratus","#7d4410","avian","https://media.birdweather.com/species/229/GreatKiskadee-standard-cd28a1b8e8b8e5aed433e809c229004e.jpg","https://media.birdweather.com/species/229/GreatKiskadee-thumbnail-b2749ed2442fb322cf3c4cb72f9c97f6.jpg","https://media.birdweather.com/species/229/GreatKiskadee-png200-003973af4f863deb00a4ce9b6f10e59c.png","0PgFDwIrhYqfZJh1mVe3SZZ3uKEJBncG",17573991696,"https://media.birdweather.com/soundscapes/19267/19267-20260930-141341.flac",1.5,4.5,"live"
11464149462,"1790776897-11464149462",19267,"2026-09-30T08:01:37.500-06:00",0.950425148010254,0.756516993045807,9.45967873937471,"almost_certain","BirdNET",NA,10.2198,-83.7874,FALSE,229,"Great Kiskadee","Pitangus sulphuratus","#7d4410","avian","https://media.birdweather.com/species/229/GreatKiskadee-standard-cd28a1b8e8b8e5aed433e809c229004e.jpg","https://media.birdweather.com/species/229/GreatKiskadee-thumbnail-b2749ed2442fb322cf3c4cb72f9c97f6.jpg","https://media.birdweather.com/species/229/GreatKiskadee-png200-003973af4f863deb00a4ce9b6f10e59c.png","0PgFDwIrhYqfZJh1mVe3SZZ3uKEJBncG",17573627573,"https://media.birdweather.com/soundscapes/19267/19267-20260930-140133.flac",4.5,7.5,"live"
11464149453,"1790776896-11464149453",19267,"2026-09-30T08:01:36.000-06:00",0.732469975948334,0.756516993045807,8.90056349268872,"almost_certain","BirdNET",NA,10.2198,-83.7874,FALSE,229,"Great Kiskadee","Pitangus sulphuratus","#7d4410","avian","https://media.birdweather.com/species/229/GreatKiskadee-standard-cd28a1b8e8b8e5aed433e809c229004e.jpg","https://media.birdweather.com/species/229/GreatKiskadee-thumbnail-b2749ed2442fb322cf3c4cb72f9c97f6.jpg","https://media.birdweather.com/species/229/GreatKiskadee-png200-003973af4f863deb00a4ce9b6f10e59c.png","0PgFDwIrhYqfZJh1mVe3SZZ3uKEJBncG",17573627573,"https://media.birdweather.com/soundscapes/19267/19267-20260930-140133.flac",3,6,"live"
11464139570,"1790776872-11464139570",19267,"2026-09-30T08:01:12.000-06:00",0.993528425693512,0.756516396999359,9.5475851005232,"almost_certain","BirdNET",NA,10.2198,-83.7874,FALSE,229,"Great Kiskadee","Pitangus sulphuratus","#7d4410","avian","https://media.birdweather.com/species/229/GreatKiskadee-standard-cd28a1b8e8b8e5aed433e809c229004e.jpg","https://media.birdweather.com/species/229/GreatKiskadee-thumbnail-b2749ed2442fb322cf3c4cb72f9c97f6.jpg","https://media.birdweather.com/species/229/GreatKiskadee-png200-003973af4f863deb00a4ce9b6f10e59c.png","0PgFDwIrhYqfZJh1mVe3SZZ3uKEJBncG",17573612862,"https://media.birdweather.com/soundscapes/19267/19267-20260930-140106.flac",6,9,"live"
11464139565,"1790776869-11464139565",19267,"2026-09-30T08:01:09.000-06:00",0.873084187507629,0.756516396999359,9.28624445175821,"almost_certain","BirdNET",NA,10.2198,-83.7874,FALSE,229,"Great Kiskadee","Pitangus sulphuratus","#7d4410","avian","https://media.birdweather.com/species/229/GreatKiskadee-standard-cd28a1b8e8b8e5aed433e809c229004e.jpg","https://media.birdweather.com/species/229/GreatKiskadee-thumbnail-b2749ed2442fb322cf3c4cb72f9c97f6.jpg","https://media.birdweather.com/species/229/GreatKiskadee-png200-003973af4f863deb00a4ce9b6f10e59c.png","0PgFDwIrhYqfZJh1mVe3SZZ3uKEJBncG",17573612862,"https://media.birdweather.com/soundscapes/19267/19267-20260930-140106.flac",3,6,"live"
11464139562,"1790776867-11464139562",19267,"2026-09-30T08:01:07.500-06:00",0.991928696632385,0.756516396999359,9.54442133637285,"almost_certain","BirdNET",NA,10.2198,-83.7874,FALSE,229,"Great Kiskadee","Pitangus sulphuratus","#7d4410","avian","https://media.birdweather.com/species/229/GreatKiskadee-standard-cd28a1b8e8b8e5aed433e809c229004e.jpg","https://media.birdweather.com/species/229/GreatKiskadee-thumbnail-b2749ed2442fb322cf3c4cb72f9c97f6.jpg","https://media.birdweather.com/species/229/GreatKiskadee-png200-003973af4f863deb00a4ce9b6f10e59c.png","0PgFDwIrhYqfZJh1mVe3SZZ3uKEJBncG",17573612862,"https://media.birdweather.com/soundscapes/19267/19267-20260930-140106.flac",1.5,4.5,"live"
11464130016,"1790776839-11464130016",19267,"2026-09-30T08:00:39.000-06:00",0.958889722824097,0.756522595882416,9.47740279493621,"almost_certain","BirdNET",NA,10.2198,-83.7874,FALSE,229,"Great Kiskadee","Pitangus sulphuratus","#7d4410","avian","https://media.birdweather.com/species/229/GreatKiskadee-standard-cd28a1b8e8b8e5aed433e809c229004e.jpg","https://media.birdweather.com/species/229/GreatKiskadee-thumbnail-b2749ed2442fb322cf3c4cb72f9c97f6.jpg","https://media.birdweather.com/species/229/GreatKiskadee-png200-003973af4f863deb00a4ce9b6f10e59c.png","0PgFDwIrhYqfZJh1mVe3SZZ3uKEJBncG",17573599293,"https://media.birdweather.com/soundscapes/19267/19267-20260930-140039.flac",0,3,"live"
11464121244,"1790776815-11464121244",19267,"2026-09-30T08:00:15.500-06:00",0.990234613418579,0.756521880626678,9.54107278568667,"almost_certain","BirdNET",NA,10.2198,-83.7874,FALSE,229,"Great Kiskadee","Pitangus sulphuratus","#7d4410","avian","https://media.birdweather.com/species/229/GreatKiskadee-standard-cd28a1b8e8b8e5aed433e809c229004e.jpg","https://media.birdweather.com/species/229/GreatKiskadee-thumbnail-b2749ed2442fb322cf3c4cb72f9c97f6.jpg","https://media.birdweather.com/species/229/GreatKiskadee-png200-003973af4f863deb00a4ce9b6f10e59c.png","0PgFDwIrhYqfZJh1mVe3SZZ3uKEJBncG",17573586547,"https://media.birdweather.com/soundscapes/19267/19267-20260930-140014.flac",1.5,4.5,"live"
11464121241,"1790776814-11464121241",19267,"2026-09-30T08:00:14.000-06:00",0.99525910615921,0.756521880626678,9.55100943878584,"almost_certain","BirdNET",NA,10.2198,-83.7874,FALSE,229,"Great Kiskadee","Pitangus sulphuratus","#7d4410","avian","https://media.birdweather.com/species/229/GreatKiskadee-standard-cd28a1b8e8b8e5aed433e809c229004e.jpg","https://media.birdweather.com/species/229/GreatKiskadee-thumbnail-b2749ed2442fb322cf3c4cb72f9c97f6.jpg","https://media.birdweather.com/species/229/GreatKiskadee-png200-003973af4f863deb00a4ce9b6f10e59c.png","0PgFDwIrhYqfZJh1mVe3SZZ3uKEJBncG",17573586547,"https://media.birdweather.com/soundscapes/19267/19267-20260930-140014.flac",0,3,"live"
11464116295,"1790776805-11464116295",19267,"2026-09-30T08:00:05.000-06:00",0.987263143062592,0.756522119045258,9.53516260951323,"almost_certain","BirdNET",NA,10.2198,-83.7874,FALSE,229,"Great Kiskadee","Pitangus sulphuratus","#7d4410","avian","https://media.birdweather.com/species/229/GreatKiskadee-standard-cd28a1b8e8b8e5aed433e809c229004e.jpg","https://media.birdweather.com/species/229/GreatKiskadee-thumbnail-b2749ed2442fb322cf3c4cb72f9c97f6.jpg","https://media.birdweather.com/species/229/GreatKiskadee-png200-003973af4f863deb00a4ce9b6f10e59c.png","0PgFDwIrhYqfZJh1mVe3SZZ3uKEJBncG",17573579451,"https://media.birdweather.com/soundscapes/19267/19267-20260930-135959.flac",6,9,"live"
11464116293,"1790776803-11464116293",19267,"2026-09-30T08:00:03.500-06:00",0.990605652332306,0.756522119045258,9.54180946398505,"almost_certain","BirdNET",NA,10.2198,-83.7874,FALSE,229,"Great Kiskadee","Pitangus sulphuratus","#7d4410","avian","https://media.birdweather.com/species/229/GreatKiskadee-standard-cd28a1b8e8b8e5aed433e809c229004e.jpg","https://media.birdweather.com/species/229/GreatKiskadee-thumbnail-b2749ed2442fb322cf3c4cb72f9c97f6.jpg","https://media.birdweather.com/species/229/GreatKiskadee-png200-003973af4f863deb00a4ce9b6f10e59c.png","0PgFDwIrhYqfZJh1mVe3SZZ3uKEJBncG",17573579451,"https://media.birdweather.com/soundscapes/19267/19267-20260930-135959.flac",4.5,7.5,"live"
11464116286,"1790776799-11464116286",19267,"2026-09-30T07:59:59.000-06:00",0.982445299625397,0.756522119045258,9.52552483183112,"almost_certain","BirdNET",NA,10.2198,-83.7874,FALSE,229,"Great Kiskadee","Pitangus sulphuratus","#7d4410","avian","https://media.birdweather.com/species/229/GreatKiskadee-standard-cd28a1b8e8b8e5aed433e809c229004e.jpg","https://media.birdweather.com/species/229/GreatKiskadee-thumbnail-b2749ed2442fb322cf3c4cb72f9c97f6.jpg","https://media.birdweather.com/species/229/GreatKiskadee-png200-003973af4f863deb00a4ce9b6f10e59c.png","0PgFDwIrhYqfZJh1mVe3SZZ3uKEJBncG",17573579451,"https://media.birdweather.com/soundscapes/19267/19267-20260930-135959.flac",0,3,"live"
11464111923,"1790776792-11464111923",19267,"2026-09-30T07:59:52.000-06:00",0.965011298656464,0.756522119045258,9.49007149807719,"almost_certain","BirdNET",NA,10.2198,-83.7874,FALSE,229,"Great Kiskadee","Pitangus sulphuratus","#7d4410","avian","https://media.birdweather.com/species/229/GreatKiskadee-standard-cd28a1b8e8b8e5aed433e809c229004e.jpg","https://media.birdweather.com/species/229/GreatKiskadee-thumbnail-b2749ed2442fb322cf3c4cb72f9c97f6.jpg","https://media.birdweather.com/species/229/GreatKiskadee-png200-003973af4f863deb00a4ce9b6f10e59c.png","0PgFDwIrhYqfZJh1mVe3SZZ3uKEJBncG",17573573032,"https://media.birdweather.com/soundscapes/19267/19267-20260930-135946.flac",6,9,"live"
11464111919,"1790776790-11464111919",19267,"2026-09-30T07:59:50.500-06:00",0.902806878089905,0.756522119045258,9.35552769702909,"almost_certain","BirdNET",NA,10.2198,-83.7874,FALSE,229,"Great Kiskadee","Pitangus sulphuratus","#7d4410","avian","https://media.birdweather.com/species/229/GreatKiskadee-standard-cd28a1b8e8b8e5aed433e809c229004e.jpg","https://media.birdweather.com/species/229/GreatKiskadee-thumbnail-b2749ed2442fb322cf3c4cb72f9c97f6.jpg","https://media.birdweather.com/species/229/GreatKiskadee-png200-003973af4f863deb00a4ce9b6f10e59c.png","0PgFDwIrhYqfZJh1mVe3SZZ3uKEJBncG",17573573032,"https://media.birdweather.com/soundscapes/19267/19267-20260930-135946.flac",4.5,7.5,"live"
11464111915,"1790776789-11464111915",19267,"2026-09-30T07:59:49.000-06:00",0.887914061546326,0.756522119045258,9.32125564888159,"almost_certain","BirdNET",NA,10.2198,-83.7874,FALSE,229,"Great Kiskadee","Pitangus sulphuratus","#7d4410","avian","https://media.birdweather.com/species/229/GreatKiskadee-standard-cd28a1b8e8b8e5aed433e809c229004e.jpg","https://media.birdweather.com/species/229/GreatKiskadee-thumbnail-b2749ed2442fb322cf3c4cb72f9c97f6.jpg","https://media.birdweather.com/species/229/GreatKiskadee-png200-003973af4f863deb00a4ce9b6f10e59c.png","0PgFDwIrhYqfZJh1mVe3SZZ3uKEJBncG",17573573032,"https://media.birdweather.com/soundscapes/19267/19267-20260930-135946.flac",3,6,"live"
11464111913,"1790776787-11464111913",19267,"2026-09-30T07:59:47.500-06:00",0.734023213386536,0.756522119045258,8.90548426268306,"almost_certain","BirdNET",NA,10.2198,-83.7874,FALSE,229,"Great Kiskadee","Pitangus sulphuratus","#7d4410","avian","https://media.birdweather.com/species/229/GreatKiskadee-standard-cd28a1b8e8b8e5aed433e809c229004e.jpg","https://media.birdweather.com/species/229/GreatKiskadee-thumbnail-b2749ed2442fb322cf3c4cb72f9c97f6.jpg","https://media.birdweather.com/species/229/GreatKiskadee-png200-003973af4f863deb00a4ce9b6f10e59c.png","0PgFDwIrhYqfZJh1mVe3SZZ3uKEJBncG",17573573032,"https://media.birdweather.com/soundscapes/19267/19267-20260930-135946.flac",1.5,4.5,"live"
11464025268,"1790776534-11464025268",19267,"2026-09-30T07:55:34.000-06:00",0.843324601650238,0.0286571551114321,5.12082808596114,"almost_certain","BirdNET",NA,10.2198,-83.7874,FALSE,1104,"Black-headed Saltator","Saltator atriceps","#ff5499","avian","https://media.birdweather.com/species/1104/Black-headedSaltator-standard-3159be3001c869c7db8f9d22173fe6d6.jpg","https://media.birdweather.com/species/1104/Black-headedSaltator-thumbnail-c7f067dd41ea0a1a2952384b5b9a0212.jpg","https://media.birdweather.com/species/1104/Black-headedSaltator-png200-8d7a7f8741c6037857493b2860ffed9a.png","HAoGFwSXCqi0NV1rlzW4SaiKyTgGWs8E",17573446194,"https://media.birdweather.com/soundscapes/19267/19267-20260930-135534.flac",0,3,"live"
11464016311,"1790776511-11464016311",19267,"2026-09-30T07:55:11.000-06:00",0.950008869171143,0.0286567304283381,5.36642536557294,"almost_certain","BirdNET",NA,10.2198,-83.7874,FALSE,1104,"Black-headed Saltator","Saltator atriceps","#ff5499","avian","https://media.birdweather.com/species/1104/Black-headedSaltator-standard-3159be3001c869c7db8f9d22173fe6d6.jpg","https://media.birdweather.com/species/1104/Black-headedSaltator-thumbnail-c7f067dd41ea0a1a2952384b5b9a0212.jpg","https://media.birdweather.com/species/1104/Black-headedSaltator-png200-8d7a7f8741c6037857493b2860ffed9a.png","HAoGFwSXCqi0NV1rlzW4SaiKyTgGWs8E",17573432803,"https://media.birdweather.com/soundscapes/19267/19267-20260930-135505.flac",6,9,"live"
11464016302,"1790776508-11464016302",19267,"2026-09-30T07:55:08.000-06:00",0.818876385688782,0.756513655185699,9.15010682555915,"almost_certain","BirdNET",NA,10.2198,-83.7874,FALSE,229,"Great Kiskadee","Pitangus sulphuratus","#7d4410","avian","https://media.birdweather.com/species/229/GreatKiskadee-standard-cd28a1b8e8b8e5aed433e809c229004e.jpg","https://media.birdweather.com/species/229/GreatKiskadee-thumbnail-b2749ed2442fb322cf3c4cb72f9c97f6.jpg","https://media.birdweather.com/species/229/GreatKiskadee-png200-003973af4f863deb00a4ce9b6f10e59c.png","0PgFDwIrhYqfZJh1mVe3SZZ3uKEJBncG",17573432803,"https://media.birdweather.com/soundscapes/19267/19267-20260930-135505.flac",3,6,"live"
11463997881,"1790776458-11463997881",19267,"2026-09-30T07:54:18.000-06:00",0.891117334365845,0.75651627779007,9.32868944578685,"almost_certain","BirdNET",NA,10.2198,-83.7874,FALSE,229,"Great Kiskadee","Pitangus sulphuratus","#7d4410","avian","https://media.birdweather.com/species/229/GreatKiskadee-standard-cd28a1b8e8b8e5aed433e809c229004e.jpg","https://media.birdweather.com/species/229/GreatKiskadee-thumbnail-b2749ed2442fb322cf3c4cb72f9c97f6.jpg","https://media.birdweather.com/species/229/GreatKiskadee-png200-003973af4f863deb00a4ce9b6f10e59c.png","0PgFDwIrhYqfZJh1mVe3SZZ3uKEJBncG",17573405140,"https://media.birdweather.com/soundscapes/19267/19267-20260930-135412.flac",6,9,"live"
11463997878,"1790776456-11463997878",19267,"2026-09-30T07:54:16.500-06:00",0.882664263248444,0.75651627779007,9.30895680103837,"almost_certain","BirdNET",NA,10.2198,-83.7874,FALSE,229,"Great Kiskadee","Pitangus sulphuratus","#7d4410","avian","https://media.birdweather.com/species/229/GreatKiskadee-standard-cd28a1b8e8b8e5aed433e809c229004e.jpg","https://media.birdweather.com/species/229/GreatKiskadee-thumbnail-b2749ed2442fb322cf3c4cb72f9c97f6.jpg","https://media.birdweather.com/species/229/GreatKiskadee-png200-003973af4f863deb00a4ce9b6f10e59c.png","0PgFDwIrhYqfZJh1mVe3SZZ3uKEJBncG",17573405140,"https://media.birdweather.com/soundscapes/19267/19267-20260930-135412.flac",4.5,7.5,"live"
11463997877,"1790776455-11463997877",19267,"2026-09-30T07:54:15.000-06:00",0.843473136425018,0.75651627779007,9.21356251689204,"almost_certain","BirdNET",NA,10.2198,-83.7874,FALSE,229,"Great Kiskadee","Pitangus sulphuratus","#7d4410","avian","https://media.birdweather.com/species/229/GreatKiskadee-standard-cd28a1b8e8b8e5aed433e809c229004e.jpg","https://media.birdweather.com/species/229/GreatKiskadee-thumbnail-b2749ed2442fb322cf3c4cb72f9c97f6.jpg","https://media.birdweather.com/species/229/GreatKiskadee-png200-003973af4f863deb00a4ce9b6f10e59c.png","0PgFDwIrhYqfZJh1mVe3SZZ3uKEJBncG",17573405140,"https://media.birdweather.com/soundscapes/19267/19267-20260930-135412.flac",3,6,"live"
11463997871,"1790776453-11463997871",19267,"2026-09-30T07:54:13.500-06:00",0.937297761440277,0.75651627779007,9.43174421151968,"almost_certain","BirdNET",NA,10.2198,-83.7874,FALSE,229,"Great Kiskadee","Pitangus sulphuratus","#7d4410","avian","https://media.birdweather.com/species/229/GreatKiskadee-standard-cd28a1b8e8b8e5aed433e809c229004e.jpg","https://media.birdweather.com/species/229/GreatKiskadee-thumbnail-b2749ed2442fb322cf3c4cb72f9c97f6.jpg","https://media.birdweather.com/species/229/GreatKiskadee-png200-003973af4f863deb00a4ce9b6f10e59c.png","0PgFDwIrhYqfZJh1mVe3SZZ3uKEJBncG",17573405140,"https://media.birdweather.com/soundscapes/19267/19267-20260930-135412.flac",1.5,4.5,"live"
11463997869,"1790776452-11463997869",19267,"2026-09-30T07:54:12.000-06:00",0.957386910915375,0.75651627779007,9.47426320395926,"almost_certain","BirdNET",NA,10.2198,-83.7874,FALSE,229,"Great Kiskadee","Pitangus sulphuratus","#7d4410","avian","https://media.birdweather.com/species/229/GreatKiskadee-standard-cd28a1b8e8b8e5aed433e809c229004e.jpg","https://media.birdweather.com/species/229/GreatKiskadee-thumbnail-b2749ed2442fb322cf3c4cb72f9c97f6.jpg","https://media.birdweather.com/species/229/GreatKiskadee-png200-003973af4f863deb00a4ce9b6f10e59c.png","0PgFDwIrhYqfZJh1mVe3SZZ3uKEJBncG",17573405140,"https://media.birdweather.com/soundscapes/19267/19267-20260930-135412.flac",0,3,"live"
11463957484,"1790776334-11463957484",19267,"2026-09-30T07:52:14.500-06:00",0.775463342666626,0.537789583206177,8.57013491323421,"almost_certain","BirdNET",NA,10.2198,-83.7874,FALSE,802,"Rufous-tailed Hummingbird","Amazilia tzacatl","#d9c845","avian","https://media.birdweather.com/species/802/Rufous-tailedHummingbird-standard-4d0209b50ad0c35c6d8337f5c0c16b55.jpg","https://media.birdweather.com/species/802/Rufous-tailedHummingbird-thumbnail-fbf17400c31564f70aa45927c5d75f5e.jpg","https://media.birdweather.com/species/802/Rufous-tailedHummingbird-png200-8ea431c9893cfe027e92471791a8c256.png","mPkJFwIHqJeJl4lriIaGhYh3+H+oVGAH",17573343942,"https://media.birdweather.com/soundscapes/19267/19267-20260930-135210.flac",4.5,7.5,"live"
11463931358,"1790776256-11463931358",19267,"2026-09-30T07:50:56.000-06:00",0.816841185092926,0.756521344184875,9.14473642002165,"almost_certain","BirdNET",NA,10.2198,-83.7874,FALSE,229,"Great Kiskadee","Pitangus sulphuratus","#7d4410","avian","https://media.birdweather.com/species/229/GreatKiskadee-standard-cd28a1b8e8b8e5aed433e809c229004e.jpg","https://media.birdweather.com/species/229/GreatKiskadee-thumbnail-b2749ed2442fb322cf3c4cb72f9c97f6.jpg","https://media.birdweather.com/species/229/GreatKiskadee-png200-003973af4f863deb00a4ce9b6f10e59c.png","0PgFDwIrhYqfZJh1mVe3SZZ3uKEJBncG",17573303704,"https://media.birdweather.com/soundscapes/19267/19267-20260930-135050.flac",6,9,"live"
11463922336,"1790776226-11463922336",19267,"2026-09-30T07:50:26.500-06:00",0.759742319583893,0.0286563206464052,4.89195264831242,"almost_certain","BirdNET",NA,10.2198,-83.7874,FALSE,1104,"Black-headed Saltator","Saltator atriceps","#ff5499","avian","https://media.birdweather.com/species/1104/Black-headedSaltator-standard-3159be3001c869c7db8f9d22173fe6d6.jpg","https://media.birdweather.com/species/1104/Black-headedSaltator-thumbnail-c7f067dd41ea0a1a2952384b5b9a0212.jpg","https://media.birdweather.com/species/1104/Black-headedSaltator-png200-8d7a7f8741c6037857493b2860ffed9a.png","HAoGFwSXCqi0NV1rlzW4SaiKyTgGWs8E",17573290015,"https://media.birdweather.com/soundscapes/19267/19267-20260930-135022.flac",4.5,7.5,"live"
11463922333,"1790776225-11463922333",19267,"2026-09-30T07:50:25.000-06:00",0.769222855567932,0.0286563206464052,4.91991663575425,"almost_certain","BirdNET",NA,10.2198,-83.7874,FALSE,1104,"Black-headed Saltator","Saltator atriceps","#ff5499","avian","https://media.birdweather.com/species/1104/Black-headedSaltator-standard-3159be3001c869c7db8f9d22173fe6d6.jpg","https://media.birdweather.com/species/1104/Black-headedSaltator-thumbnail-c7f067dd41ea0a1a2952384b5b9a0212.jpg","https://media.birdweather.com/species/1104/Black-headedSaltator-png200-8d7a7f8741c6037857493b2860ffed9a.png","HAoGFwSXCqi0NV1rlzW4SaiKyTgGWs8E",17573290015,"https://media.birdweather.com/soundscapes/19267/19267-20260930-135022.flac",3,6,"live"
11463909179,"1790776186-11463909179",19267,"2026-09-30T07:49:46.500-06:00",0.723839521408081,0.0286563206464052,4.78055622024033,"almost_certain","BirdNET",NA,10.2198,-83.7874,FALSE,1104,"Black-headed Saltator","Saltator atriceps","#ff5499","avian","https://media.birdweather.com/species/1104/Black-headedSaltator-standard-3159be3001c869c7db8f9d22173fe6d6.jpg","https://media.birdweather.com/species/1104/Black-headedSaltator-thumbnail-c7f067dd41ea0a1a2952384b5b9a0212.jpg","https://media.birdweather.com/species/1104/Black-headedSaltator-png200-8d7a7f8741c6037857493b2860ffed9a.png","HAoGFwSXCqi0NV1rlzW4SaiKyTgGWs8E",17573269816,"https://media.birdweather.com/soundscapes/19267/19267-20260930-134942.flac",4.5,7.5,"live"
11463905026,"1790776176-11463905026",19267,"2026-09-30T07:49:36.000-06:00",0.812968730926514,0.0286563206464052,5.04203441148729,"almost_certain","BirdNET",NA,10.2198,-83.7874,FALSE,1104,"Black-headed Saltator","Saltator atriceps","#ff5499","avian","https://media.birdweather.com/species/1104/Black-headedSaltator-standard-3159be3001c869c7db8f9d22173fe6d6.jpg","https://media.birdweather.com/species/1104/Black-headedSaltator-thumbnail-c7f067dd41ea0a1a2952384b5b9a0212.jpg","https://media.birdweather.com/species/1104/Black-headedSaltator-png200-8d7a7f8741c6037857493b2860ffed9a.png","HAoGFwSXCqi0NV1rlzW4SaiKyTgGWs8E",17573263396,"https://media.birdweather.com/soundscapes/19267/19267-20260930-134930.flac",6,9,"live"
11463905025,"1790776174-11463905025",19267,"2026-09-30T07:49:34.500-06:00",0.850510835647583,0.756515920162201,9.23118879215286,"almost_certain","BirdNET",NA,10.2198,-83.7874,FALSE,229,"Great Kiskadee","Pitangus sulphuratus","#7d4410","avian","https://media.birdweather.com/species/229/GreatKiskadee-standard-cd28a1b8e8b8e5aed433e809c229004e.jpg","https://media.birdweather.com/species/229/GreatKiskadee-thumbnail-b2749ed2442fb322cf3c4cb72f9c97f6.jpg","https://media.birdweather.com/species/229/GreatKiskadee-png200-003973af4f863deb00a4ce9b6f10e59c.png","0PgFDwIrhYqfZJh1mVe3SZZ3uKEJBncG",17573263396,"https://media.birdweather.com/soundscapes/19267/19267-20260930-134930.flac",4.5,7.5,"live"
11463878724,"1790776094-11463878724",19267,"2026-09-30T07:48:14.500-06:00",0.92134302854538,0.756517350673676,9.39701158830171,"almost_certain","BirdNET",NA,10.2198,-83.7874,FALSE,229,"Great Kiskadee","Pitangus sulphuratus","#7d4410","avian","https://media.birdweather.com/species/229/GreatKiskadee-standard-cd28a1b8e8b8e5aed433e809c229004e.jpg","https://media.birdweather.com/species/229/GreatKiskadee-thumbnail-b2749ed2442fb322cf3c4cb72f9c97f6.jpg","https://media.birdweather.com/species/229/GreatKiskadee-png200-003973af4f863deb00a4ce9b6f10e59c.png","0PgFDwIrhYqfZJh1mVe3SZZ3uKEJBncG",17573223339,"https://media.birdweather.com/soundscapes/19267/19267-20260930-134810.flac",4.5,7.5,"live"
11463784081,"1790775795-11463784081",19267,"2026-09-30T07:43:15.000-06:00",0.977112114429474,0.756519734859467,9.51477221803974,"almost_certain","BirdNET",NA,10.2198,-83.7874,FALSE,229,"Great Kiskadee","Pitangus sulphuratus","#7d4410","avian","https://media.birdweather.com/species/229/GreatKiskadee-standard-cd28a1b8e8b8e5aed433e809c229004e.jpg","https://media.birdweather.com/species/229/GreatKiskadee-thumbnail-b2749ed2442fb322cf3c4cb72f9c97f6.jpg","https://media.birdweather.com/species/229/GreatKiskadee-png200-003973af4f863deb00a4ce9b6f10e59c.png","0PgFDwIrhYqfZJh1mVe3SZZ3uKEJBncG",17573073538,"https://media.birdweather.com/soundscapes/19267/19267-20260930-134309.flac",6,9,"live"
11463784077,"1790775793-11463784077",19267,"2026-09-30T07:43:13.500-06:00",0.97877436876297,0.756519734859467,9.51813133343179,"almost_certain","BirdNET",NA,10.2198,-83.7874,FALSE,229,"Great Kiskadee","Pitangus sulphuratus","#7d4410","avian","https://media.birdweather.com/species/229/GreatKiskadee-standard-cd28a1b8e8b8e5aed433e809c229004e.jpg","https://media.birdweather.com/species/229/GreatKiskadee-thumbnail-b2749ed2442fb322cf3c4cb72f9c97f6.jpg","https://media.birdweather.com/species/229/GreatKiskadee-png200-003973af4f863deb00a4ce9b6f10e59c.png","0PgFDwIrhYqfZJh1mVe3SZZ3uKEJBncG",17573073538,"https://media.birdweather.com/soundscapes/19267/19267-20260930-134309.flac",4.5,7.5,"live"
11463784074,"1790775792-11463784074",19267,"2026-09-30T07:43:12.000-06:00",0.952282071113586,0.756519734859467,9.46358933150594,"almost_certain","BirdNET",NA,10.2198,-83.7874,FALSE,229,"Great Kiskadee","Pitangus sulphuratus","#7d4410","avian","https://media.birdweather.com/species/229/GreatKiskadee-standard-cd28a1b8e8b8e5aed433e809c229004e.jpg","https://media.birdweather.com/species/229/GreatKiskadee-thumbnail-b2749ed2442fb322cf3c4cb72f9c97f6.jpg","https://media.birdweather.com/species/229/GreatKiskadee-png200-003973af4f863deb00a4ce9b6f10e59c.png","0PgFDwIrhYqfZJh1mVe3SZZ3uKEJBncG",17573073538,"https://media.birdweather.com/soundscapes/19267/19267-20260930-134309.flac",3,6,"live"
11463784071,"1790775790-11463784071",19267,"2026-09-30T07:43:10.500-06:00",0.979356110095978,0.756519734859467,9.51930498454613,"almost_certain","BirdNET",NA,10.2198,-83.7874,FALSE,229,"Great Kiskadee","Pitangus sulphuratus","#7d4410","avian","https://media.birdweather.com/species/229/GreatKiskadee-standard-cd28a1b8e8b8e5aed433e809c229004e.jpg","https://media.birdweather.com/species/229/GreatKiskadee-thumbnail-b2749ed2442fb322cf3c4cb72f9c97f6.jpg","https://media.birdweather.com/species/229/GreatKiskadee-png200-003973af4f863deb00a4ce9b6f10e59c.png","0PgFDwIrhYqfZJh1mVe3SZZ3uKEJBncG",17573073538,"https://media.birdweather.com/soundscapes/19267/19267-20260930-134309.flac",1.5,4.5,"live"
11463784066,"1790775789-11463784066",19267,"2026-09-30T07:43:09.000-06:00",0.917475640773773,0.756519734859467,9.38846199322928,"almost_certain","BirdNET",NA,10.2198,-83.7874,FALSE,229,"Great Kiskadee","Pitangus sulphuratus","#7d4410","avian","https://media.birdweather.com/species/229/GreatKiskadee-standard-cd28a1b8e8b8e5aed433e809c229004e.jpg","https://media.birdweather.com/species/229/GreatKiskadee-thumbnail-b2749ed2442fb322cf3c4cb72f9c97f6.jpg","https://media.birdweather.com/species/229/GreatKiskadee-png200-003973af4f863deb00a4ce9b6f10e59c.png","0PgFDwIrhYqfZJh1mVe3SZZ3uKEJBncG",17573073538,"https://media.birdweather.com/soundscapes/19267/19267-20260930-134309.flac",0,3,"live"
11463780126,"1790775777-11463780126",19267,"2026-09-30T07:42:57.500-06:00",0.95075649023056,0.756515026092529,9.46037295708155,"almost_certain","BirdNET",NA,10.2198,-83.7874,FALSE,229,"Great Kiskadee","Pitangus sulphuratus","#7d4410","avian","https://media.birdweather.com/species/229/GreatKiskadee-standard-cd28a1b8e8b8e5aed433e809c229004e.jpg","https://media.birdweather.com/species/229/GreatKiskadee-thumbnail-b2749ed2442fb322cf3c4cb72f9c97f6.jpg","https://media.birdweather.com/species/229/GreatKiskadee-png200-003973af4f863deb00a4ce9b6f10e59c.png","0PgFDwIrhYqfZJh1mVe3SZZ3uKEJBncG",17573066984,"https://media.birdweather.com/soundscapes/19267/19267-20260930-134256.flac",1.5,4.5,"live"
11463780125,"1790775776-11463780125",19267,"2026-09-30T07:42:56.000-06:00",0.986529111862183,0.756515026092529,9.53368592220704,"almost_certain","BirdNET",NA,10.2198,-83.7874,FALSE,229,"Great Kiskadee","Pitangus sulphuratus","#7d4410","avian","https://media.birdweather.com/species/229/GreatKiskadee-standard-cd28a1b8e8b8e5aed433e809c229004e.jpg","https://media.birdweather.com/species/229/GreatKiskadee-thumbnail-b2749ed2442fb322cf3c4cb72f9c97f6.jpg","https://media.birdweather.com/species/229/GreatKiskadee-png200-003973af4f863deb00a4ce9b6f10e59c.png","0PgFDwIrhYqfZJh1mVe3SZZ3uKEJBncG",17573066984,"https://media.birdweather.com/soundscapes/19267/19267-20260930-134256.flac",0,3,"live"
11463746401,"1790775671-11463746401",19267,"2026-09-30T07:41:11.000-06:00",0.725237250328064,0.756517231464386,8.87745797152717,"almost_certain","BirdNET",NA,10.2198,-83.7874,FALSE,229,"Great Kiskadee","Pitangus sulphuratus","#7d4410","avian","https://media.birdweather.com/species/229/GreatKiskadee-standard-cd28a1b8e8b8e5aed433e809c229004e.jpg","https://media.birdweather.com/species/229/GreatKiskadee-thumbnail-b2749ed2442fb322cf3c4cb72f9c97f6.jpg","https://media.birdweather.com/species/229/GreatKiskadee-png200-003973af4f863deb00a4ce9b6f10e59c.png","0PgFDwIrhYqfZJh1mVe3SZZ3uKEJBncG",17573012543,"https://media.birdweather.com/soundscapes/19267/19267-20260930-134108.flac",3,6,"live"
11463746396,"1790775669-11463746396",19267,"2026-09-30T07:41:09.500-06:00",0.796175420284271,0.756517231464386,9.08882470182889,"almost_certain","BirdNET",NA,10.2198,-83.7874,FALSE,229,"Great Kiskadee","Pitangus sulphuratus","#7d4410","avian","https://media.birdweather.com/species/229/GreatKiskadee-standard-cd28a1b8e8b8e5aed433e809c229004e.jpg","https://media.birdweather.com/species/229/GreatKiskadee-thumbnail-b2749ed2442fb322cf3c4cb72f9c97f6.jpg","https://media.birdweather.com/species/229/GreatKiskadee-png200-003973af4f863deb00a4ce9b6f10e59c.png","0PgFDwIrhYqfZJh1mVe3SZZ3uKEJBncG",17573012543,"https://media.birdweather.com/soundscapes/19267/19267-20260930-134108.flac",1.5,4.5,"live"
11463746386,"1790775668-11463746386",19267,"2026-09-30T07:41:08.000-06:00",0.844753563404083,0.756517231464386,9.21678815584498,"almost_certain","BirdNET",NA,10.2198,-83.7874,FALSE,229,"Great Kiskadee","Pitangus sulphuratus","#7d4410","avian","https://media.birdweather.com/species/229/GreatKiskadee-standard-cd28a1b8e8b8e5aed433e809c229004e.jpg","https://media.birdweather.com/species/229/GreatKiskadee-thumbnail-b2749ed2442fb322cf3c4cb72f9c97f6.jpg","https://media.birdweather.com/species/229/GreatKiskadee-png200-003973af4f863deb00a4ce9b6f10e59c.png","0PgFDwIrhYqfZJh1mVe3SZZ3uKEJBncG",17573012543,"https://media.birdweather.com/soundscapes/19267/19267-20260930-134108.flac",0,3,"live"
11463742288,"1790775661-11463742288",19267,"2026-09-30T07:41:01.000-06:00",0.799415767192841,0.756515383720398,9.0977392985688,"almost_certain","BirdNET",NA,10.2198,-83.7874,FALSE,229,"Great Kiskadee","Pitangus sulphuratus","#7d4410","avian","https://media.birdweather.com/species/229/GreatKiskadee-standard-cd28a1b8e8b8e5aed433e809c229004e.jpg","https://media.birdweather.com/species/229/GreatKiskadee-thumbnail-b2749ed2442fb322cf3c4cb72f9c97f6.jpg","https://media.birdweather.com/species/229/GreatKiskadee-png200-003973af4f863deb00a4ce9b6f10e59c.png","0PgFDwIrhYqfZJh1mVe3SZZ3uKEJBncG",17573006103,"https://media.birdweather.com/soundscapes/19267/19267-20260930-134055.flac",6,9,"live"
11463742280,"1790775659-11463742280",19267,"2026-09-30T07:40:59.500-06:00",0.884530544281006,0.756515383720398,9.31333631781009,"almost_certain","BirdNET",NA,10.2198,-83.7874,FALSE,229,"Great Kiskadee","Pitangus sulphuratus","#7d4410","avian","https://media.birdweather.com/species/229/GreatKiskadee-standard-cd28a1b8e8b8e5aed433e809c229004e.jpg","https://media.birdweather.com/species/229/GreatKiskadee-thumbnail-b2749ed2442fb322cf3c4cb72f9c97f6.jpg","https://media.birdweather.com/species/229/GreatKiskadee-png200-003973af4f863deb00a4ce9b6f10e59c.png","0PgFDwIrhYqfZJh1mVe3SZZ3uKEJBncG",17573006103,"https://media.birdweather.com/soundscapes/19267/19267-20260930-134055.flac",4.5,7.5,"live"
11463742277,"1790775658-11463742277",19267,"2026-09-30T07:40:58.000-06:00",0.875111222267151,0.756515383720398,9.29107986699697,"almost_certain","BirdNET",NA,10.2198,-83.7874,FALSE,229,"Great Kiskadee","Pitangus sulphuratus","#7d4410","avian","https://media.birdweather.com/species/229/GreatKiskadee-standard-cd28a1b8e8b8e5aed433e809c229004e.jpg","https://media.birdweather.com/species/229/GreatKiskadee-thumbnail-b2749ed2442fb322cf3c4cb72f9c97f6.jpg","https://media.birdweather.com/species/229/GreatKiskadee-png200-003973af4f863deb00a4ce9b6f10e59c.png","0PgFDwIrhYqfZJh1mVe3SZZ3uKEJBncG",17573006103,"https://media.birdweather.com/soundscapes/19267/19267-20260930-134055.flac",3,6,"live"
11463742271,"1790775656-11463742271",19267,"2026-09-30T07:40:56.500-06:00",0.963014543056488,0.756515383720398,9.4859397250779,"almost_certain","BirdNET",NA,10.2198,-83.7874,FALSE,229,"Great Kiskadee","Pitangus sulphuratus","#7d4410","avian","https://media.birdweather.com/species/229/GreatKiskadee-standard-cd28a1b8e8b8e5aed433e809c229004e.jpg","https://media.birdweather.com/species/229/GreatKiskadee-thumbnail-b2749ed2442fb322cf3c4cb72f9c97f6.jpg","https://media.birdweather.com/species/229/GreatKiskadee-png200-003973af4f863deb00a4ce9b6f10e59c.png","0PgFDwIrhYqfZJh1mVe3SZZ3uKEJBncG",17573006103,"https://media.birdweather.com/soundscapes/19267/19267-20260930-134055.flac",1.5,4.5,"live"
11463742266,"1790775655-11463742266",19267,"2026-09-30T07:40:55.000-06:00",0.735981464385986,0.756515383720398,8.91163956709957,"almost_certain","BirdNET",NA,10.2198,-83.7874,FALSE,229,"Great Kiskadee","Pitangus sulphuratus","#7d4410","avian","https://media.birdweather.com/species/229/GreatKiskadee-standard-cd28a1b8e8b8e5aed433e809c229004e.jpg","https://media.birdweather.com/species/229/GreatKiskadee-thumbnail-b2749ed2442fb322cf3c4cb72f9c97f6.jpg","https://media.birdweather.com/species/229/GreatKiskadee-png200-003973af4f863deb00a4ce9b6f10e59c.png","0PgFDwIrhYqfZJh1mVe3SZZ3uKEJBncG",17573006103,"https://media.birdweather.com/soundscapes/19267/19267-20260930-134055.flac",0,3,"live"
11463117635,"1790773474-11463117635",19267,"2026-09-30T07:04:34.000-06:00",0.811810612678528,0.231061026453972,7.54650345750798,"almost_certain","BirdNET",NA,10.2198,-83.7874,FALSE,501,"White-winged Dove","Zenaida asiatica","#d16ff8","avian","https://media.birdweather.com/species/501/White-wingedDove-standard-6528ef689b07d5a91f1c2275cdef19c9.jpg","https://media.birdweather.com/species/501/White-wingedDove-thumbnail-4a940adfd5a6c78c73c48c5095e7b896.jpg","https://media.birdweather.com/species/501/White-wingedDove-png200-d65decd3d571b5a9dbeca249ef97689f.png","IscJLwb6hoVelZWZdoh3eIeIdxBoB4IG",17571919889,"https://media.birdweather.com/soundscapes/19267/19267-20260930-130434.flac",0,3,"live"
11463075568,"1790773329-11463075568",19267,"2026-09-30T07:02:09.500-06:00",0.810489296913147,0.23105825483799,7.54294627218194,"almost_certain","BirdNET",NA,10.2198,-83.7874,FALSE,501,"White-winged Dove","Zenaida asiatica","#d16ff8","avian","https://media.birdweather.com/species/501/White-wingedDove-standard-6528ef689b07d5a91f1c2275cdef19c9.jpg","https://media.birdweather.com/species/501/White-wingedDove-thumbnail-4a940adfd5a6c78c73c48c5095e7b896.jpg","https://media.birdweather.com/species/501/White-wingedDove-png200-d65decd3d571b5a9dbeca249ef97689f.png","IscJLwb6hoVelZWZdoh3eIeIdxBoB4IG",17571845529,"https://media.birdweather.com/soundscapes/19267/19267-20260930-130205.flac",4.5,7.5,"live"
11463060506,"1790773276-11463060506",19267,"2026-09-30T07:01:16.500-06:00",0.827869117259979,0.011314868927002,4.26569388488013,"almost_certain","BirdNET",NA,10.2198,-83.7874,FALSE,2860,"Yellow-winged Tanager","Thraupis abbas","#e2342d","avian","https://media.birdweather.com/species/2860/Yellow-wingedTanager-standard-1bd3d22e0c9088ccd768c6c132a90176.jpg","https://media.birdweather.com/species/2860/Yellow-wingedTanager-thumbnail-0d8577d292149f3795fd1c4d9db44c89.jpg","https://media.birdweather.com/species/2860/Yellow-wingedTanager-png200-da953d3548d6d3a93da4486dd559af6d.png","YQgKDwC6eIhqqId/dHiZZad3dhMHNYEA",17571819526,"https://media.birdweather.com/soundscapes/19267/19267-20260930-130112.flac",4.5,7.5,"live"
11463021943,"1790773140-11463021943",19267,"2026-09-30T06:59:00.500-06:00",0.740623414516449,0.231061682105064,7.34133038835204,"almost_certain","BirdNET",NA,10.2198,-83.7874,FALSE,501,"White-winged Dove","Zenaida asiatica","#d16ff8","avian","https://media.birdweather.com/species/501/White-wingedDove-standard-6528ef689b07d5a91f1c2275cdef19c9.jpg","https://media.birdweather.com/species/501/White-wingedDove-thumbnail-4a940adfd5a6c78c73c48c5095e7b896.jpg","https://media.birdweather.com/species/501/White-wingedDove-png200-d65decd3d571b5a9dbeca249ef97689f.png","IscJLwb6hoVelZWZdoh3eIeIdxBoB4IG",17571751978,"https://media.birdweather.com/soundscapes/19267/19267-20260930-125856.flac",4.5,7.5,"live"
11462775526,"1790772278-11462775526",19267,"2026-09-30T06:44:38.000-06:00",0.935909748077393,0.756523668766022,9.42877035284078,"almost_certain","BirdNET",NA,10.2198,-83.7874,FALSE,229,"Great Kiskadee","Pitangus sulphuratus","#7d4410","avian","https://media.birdweather.com/species/229/GreatKiskadee-standard-cd28a1b8e8b8e5aed433e809c229004e.jpg","https://media.birdweather.com/species/229/GreatKiskadee-thumbnail-b2749ed2442fb322cf3c4cb72f9c97f6.jpg","https://media.birdweather.com/species/229/GreatKiskadee-png200-003973af4f863deb00a4ce9b6f10e59c.png","0PgFDwIrhYqfZJh1mVe3SZZ3uKEJBncG",17571323184,"https://media.birdweather.com/soundscapes/19267/19267-20260930-124432.flac",6,9,"live"
11462775523,"1790772276-11462775523",19267,"2026-09-30T06:44:36.500-06:00",0.84300297498703,0.756523668766022,9.21239001968957,"almost_certain","BirdNET",NA,10.2198,-83.7874,FALSE,229,"Great Kiskadee","Pitangus sulphuratus","#7d4410","avian","https://media.birdweather.com/species/229/GreatKiskadee-standard-cd28a1b8e8b8e5aed433e809c229004e.jpg","https://media.birdweather.com/species/229/GreatKiskadee-thumbnail-b2749ed2442fb322cf3c4cb72f9c97f6.jpg","https://media.birdweather.com/species/229/GreatKiskadee-png200-003973af4f863deb00a4ce9b6f10e59c.png","0PgFDwIrhYqfZJh1mVe3SZZ3uKEJBncG",17571323184,"https://media.birdweather.com/soundscapes/19267/19267-20260930-124432.flac",4.5,7.5,"live"
11462775518,"1790772275-11462775518",19267,"2026-09-30T06:44:35.000-06:00",0.950837194919586,0.756523668766022,9.46055829651097,"almost_certain","BirdNET",NA,10.2198,-83.7874,FALSE,229,"Great Kiskadee","Pitangus sulphuratus","#7d4410","avian","https://media.birdweather.com/species/229/GreatKiskadee-standard-cd28a1b8e8b8e5aed433e809c229004e.jpg","https://media.birdweather.com/species/229/GreatKiskadee-thumbnail-b2749ed2442fb322cf3c4cb72f9c97f6.jpg","https://media.birdweather.com/species/229/GreatKiskadee-png200-003973af4f863deb00a4ce9b6f10e59c.png","0PgFDwIrhYqfZJh1mVe3SZZ3uKEJBncG",17571323184,"https://media.birdweather.com/soundscapes/19267/19267-20260930-124432.flac",3,6,"live"
11462775515,"1790772273-11462775515",19267,"2026-09-30T06:44:33.500-06:00",0.995243847370148,0.756523668766022,9.55098256711622,"almost_certain","BirdNET",NA,10.2198,-83.7874,FALSE,229,"Great Kiskadee","Pitangus sulphuratus","#7d4410","avian","https://media.birdweather.com/species/229/GreatKiskadee-standard-cd28a1b8e8b8e5aed433e809c229004e.jpg","https://media.birdweather.com/species/229/GreatKiskadee-thumbnail-b2749ed2442fb322cf3c4cb72f9c97f6.jpg","https://media.birdweather.com/species/229/GreatKiskadee-png200-003973af4f863deb00a4ce9b6f10e59c.png","0PgFDwIrhYqfZJh1mVe3SZZ3uKEJBncG",17571323184,"https://media.birdweather.com/soundscapes/19267/19267-20260930-124432.flac",1.5,4.5,"live"
11462775512,"1790772272-11462775512",19267,"2026-09-30T06:44:32.000-06:00",0.898793518543243,0.756523668766022,9.34637880037091,"almost_certain","BirdNET",NA,10.2198,-83.7874,FALSE,229,"Great Kiskadee","Pitangus sulphuratus","#7d4410","avian","https://media.birdweather.com/species/229/GreatKiskadee-standard-cd28a1b8e8b8e5aed433e809c229004e.jpg","https://media.birdweather.com/species/229/GreatKiskadee-thumbnail-b2749ed2442fb322cf3c4cb72f9c97f6.jpg","https://media.birdweather.com/species/229/GreatKiskadee-png200-003973af4f863deb00a4ce9b6f10e59c.png","0PgFDwIrhYqfZJh1mVe3SZZ3uKEJBncG",17571323184,"https://media.birdweather.com/soundscapes/19267/19267-20260930-124432.flac",0,3,"live"
11462721346,"1790772080-11462721346",19267,"2026-09-30T06:41:20.000-06:00",0.842947065830231,0.756523489952087,9.2122486336724,"almost_certain","BirdNET",NA,10.2198,-83.7874,FALSE,229,"Great Kiskadee","Pitangus sulphuratus","#7d4410","avian","https://media.birdweather.com/species/229/GreatKiskadee-standard-cd28a1b8e8b8e5aed433e809c229004e.jpg","https://media.birdweather.com/species/229/GreatKiskadee-thumbnail-b2749ed2442fb322cf3c4cb72f9c97f6.jpg","https://media.birdweather.com/species/229/GreatKiskadee-png200-003973af4f863deb00a4ce9b6f10e59c.png","0PgFDwIrhYqfZJh1mVe3SZZ3uKEJBncG",17571227843,"https://media.birdweather.com/soundscapes/19267/19267-20260930-124120.flac",0,3,"live"
11462717683,"1790772073-11462717683",19267,"2026-09-30T06:41:13.000-06:00",0.90551346540451,0.756524801254272,9.36166998722186,"almost_certain","BirdNET",NA,10.2198,-83.7874,FALSE,229,"Great Kiskadee","Pitangus sulphuratus","#7d4410","avian","https://media.birdweather.com/species/229/GreatKiskadee-standard-cd28a1b8e8b8e5aed433e809c229004e.jpg","https://media.birdweather.com/species/229/GreatKiskadee-thumbnail-b2749ed2442fb322cf3c4cb72f9c97f6.jpg","https://media.birdweather.com/species/229/GreatKiskadee-png200-003973af4f863deb00a4ce9b6f10e59c.png","0PgFDwIrhYqfZJh1mVe3SZZ3uKEJBncG",17571221436,"https://media.birdweather.com/soundscapes/19267/19267-20260930-124107.flac",6,9,"live"
11462717679,"1790772071-11462717679",19267,"2026-09-30T06:41:11.500-06:00",0.715344607830048,0.756524801254272,8.84522349120903,"almost_certain","BirdNET",NA,10.2198,-83.7874,FALSE,229,"Great Kiskadee","Pitangus sulphuratus","#7d4410","avian","https://media.birdweather.com/species/229/GreatKiskadee-standard-cd28a1b8e8b8e5aed433e809c229004e.jpg","https://media.birdweather.com/species/229/GreatKiskadee-thumbnail-b2749ed2442fb322cf3c4cb72f9c97f6.jpg","https://media.birdweather.com/species/229/GreatKiskadee-png200-003973af4f863deb00a4ce9b6f10e59c.png","0PgFDwIrhYqfZJh1mVe3SZZ3uKEJBncG",17571221436,"https://media.birdweather.com/soundscapes/19267/19267-20260930-124107.flac",4.5,7.5,"live"
11462717674,"1790772070-11462717674",19267,"2026-09-30T06:41:10.000-06:00",0.970959007740021,0.756524801254272,9.50227478954971,"almost_certain","BirdNET",NA,10.2198,-83.7874,FALSE,229,"Great Kiskadee","Pitangus sulphuratus","#7d4410","avian","https://media.birdweather.com/species/229/GreatKiskadee-standard-cd28a1b8e8b8e5aed433e809c229004e.jpg","https://media.birdweather.com/species/229/GreatKiskadee-thumbnail-b2749ed2442fb322cf3c4cb72f9c97f6.jpg","https://media.birdweather.com/species/229/GreatKiskadee-png200-003973af4f863deb00a4ce9b6f10e59c.png","0PgFDwIrhYqfZJh1mVe3SZZ3uKEJBncG",17571221436,"https://media.birdweather.com/soundscapes/19267/19267-20260930-124107.flac",3,6,"live"
11462717666,"1790772067-11462717666",19267,"2026-09-30T06:41:07.000-06:00",0.991897225379944,0.756524801254272,9.54437404363181,"almost_certain","BirdNET",NA,10.2198,-83.7874,FALSE,229,"Great Kiskadee","Pitangus sulphuratus","#7d4410","avian","https://media.birdweather.com/species/229/GreatKiskadee-standard-cd28a1b8e8b8e5aed433e809c229004e.jpg","https://media.birdweather.com/species/229/GreatKiskadee-thumbnail-b2749ed2442fb322cf3c4cb72f9c97f6.jpg","https://media.birdweather.com/species/229/GreatKiskadee-png200-003973af4f863deb00a4ce9b6f10e59c.png","0PgFDwIrhYqfZJh1mVe3SZZ3uKEJBncG",17571221436,"https://media.birdweather.com/soundscapes/19267/19267-20260930-124107.flac",0,3,"live"
11462713986,"1790772060-11462713986",19267,"2026-09-30T06:41:00.000-06:00",0.918578028678894,0.756524801254272,9.39091474780286,"almost_certain","BirdNET",NA,10.2198,-83.7874,FALSE,229,"Great Kiskadee","Pitangus sulphuratus","#7d4410","avian","https://media.birdweather.com/species/229/GreatKiskadee-standard-cd28a1b8e8b8e5aed433e809c229004e.jpg","https://media.birdweather.com/species/229/GreatKiskadee-thumbnail-b2749ed2442fb322cf3c4cb72f9c97f6.jpg","https://media.birdweather.com/species/229/GreatKiskadee-png200-003973af4f863deb00a4ce9b6f10e59c.png","0PgFDwIrhYqfZJh1mVe3SZZ3uKEJBncG",17571214997,"https://media.birdweather.com/soundscapes/19267/19267-20260930-124054.flac",6,9,"live"
11462713983,"1790772058-11462713983",19267,"2026-09-30T06:40:58.500-06:00",0.779927134513855,0.756524801254272,9.04322374584848,"almost_certain","BirdNET",NA,10.2198,-83.7874,FALSE,229,"Great Kiskadee","Pitangus sulphuratus","#7d4410","avian","https://media.birdweather.com/species/229/GreatKiskadee-standard-cd28a1b8e8b8e5aed433e809c229004e.jpg","https://media.birdweather.com/species/229/GreatKiskadee-thumbnail-b2749ed2442fb322cf3c4cb72f9c97f6.jpg","https://media.birdweather.com/species/229/GreatKiskadee-png200-003973af4f863deb00a4ce9b6f10e59c.png","0PgFDwIrhYqfZJh1mVe3SZZ3uKEJBncG",17571214997,"https://media.birdweather.com/soundscapes/19267/19267-20260930-124054.flac",4.5,7.5,"live"
11462713978,"1790772055-11462713978",19267,"2026-09-30T06:40:55.500-06:00",0.945911049842834,0.756524801254272,9.45015143629888,"almost_certain","BirdNET",NA,10.2198,-83.7874,FALSE,229,"Great Kiskadee","Pitangus sulphuratus","#7d4410","avian","https://media.birdweather.com/species/229/GreatKiskadee-standard-cd28a1b8e8b8e5aed433e809c229004e.jpg","https://media.birdweather.com/species/229/GreatKiskadee-thumbnail-b2749ed2442fb322cf3c4cb72f9c97f6.jpg","https://media.birdweather.com/species/229/GreatKiskadee-png200-003973af4f863deb00a4ce9b6f10e59c.png","0PgFDwIrhYqfZJh1mVe3SZZ3uKEJBncG",17571214997,"https://media.birdweather.com/soundscapes/19267/19267-20260930-124054.flac",1.5,4.5,"live"
11462710050,"1790772046-11462710050",19267,"2026-09-30T06:40:46.000-06:00",0.966607809066772,0.756524801254272,9.49336134592142,"almost_certain","BirdNET",NA,10.2198,-83.7874,FALSE,229,"Great Kiskadee","Pitangus sulphuratus","#7d4410","avian","https://media.birdweather.com/species/229/GreatKiskadee-standard-cd28a1b8e8b8e5aed433e809c229004e.jpg","https://media.birdweather.com/species/229/GreatKiskadee-thumbnail-b2749ed2442fb322cf3c4cb72f9c97f6.jpg","https://media.birdweather.com/species/229/GreatKiskadee-png200-003973af4f863deb00a4ce9b6f10e59c.png","0PgFDwIrhYqfZJh1mVe3SZZ3uKEJBncG",17571207940,"https://media.birdweather.com/soundscapes/19267/19267-20260930-124040.flac",6,9,"live"
11462710042,"1790772044-11462710042",19267,"2026-09-30T06:40:44.500-06:00",0.924947738647461,0.756524801254272,9.40494996799572,"almost_certain","BirdNET",NA,10.2198,-83.7874,FALSE,229,"Great Kiskadee","Pitangus sulphuratus","#7d4410","avian","https://media.birdweather.com/species/229/GreatKiskadee-standard-cd28a1b8e8b8e5aed433e809c229004e.jpg","https://media.birdweather.com/species/229/GreatKiskadee-thumbnail-b2749ed2442fb322cf3c4cb72f9c97f6.jpg","https://media.birdweather.com/species/229/GreatKiskadee-png200-003973af4f863deb00a4ce9b6f10e59c.png","0PgFDwIrhYqfZJh1mVe3SZZ3uKEJBncG",17571207940,"https://media.birdweather.com/soundscapes/19267/19267-20260930-124040.flac",4.5,7.5,"live"
11462710035,"1790772043-11462710035",19267,"2026-09-30T06:40:43.000-06:00",0.97218656539917,0.756524801254272,9.50477899236275,"almost_certain","BirdNET",NA,10.2198,-83.7874,FALSE,229,"Great Kiskadee","Pitangus sulphuratus","#7d4410","avian","https://media.birdweather.com/species/229/GreatKiskadee-standard-cd28a1b8e8b8e5aed433e809c229004e.jpg","https://media.birdweather.com/species/229/GreatKiskadee-thumbnail-b2749ed2442fb322cf3c4cb72f9c97f6.jpg","https://media.birdweather.com/species/229/GreatKiskadee-png200-003973af4f863deb00a4ce9b6f10e59c.png","0PgFDwIrhYqfZJh1mVe3SZZ3uKEJBncG",17571207940,"https://media.birdweather.com/soundscapes/19267/19267-20260930-124040.flac",3,6,"live"
11462710032,"1790772041-11462710032",19267,"2026-09-30T06:40:41.500-06:00",0.858952939510345,0.756524801254272,9.25205420681494,"almost_certain","BirdNET",NA,10.2198,-83.7874,FALSE,229,"Great Kiskadee","Pitangus sulphuratus","#7d4410","avian","https://media.birdweather.com/species/229/GreatKiskadee-standard-cd28a1b8e8b8e5aed433e809c229004e.jpg","https://media.birdweather.com/species/229/GreatKiskadee-thumbnail-b2749ed2442fb322cf3c4cb72f9c97f6.jpg","https://media.birdweather.com/species/229/GreatKiskadee-png200-003973af4f863deb00a4ce9b6f10e59c.png","0PgFDwIrhYqfZJh1mVe3SZZ3uKEJBncG",17571207940,"https://media.birdweather.com/soundscapes/19267/19267-20260930-124040.flac",1.5,4.5,"live"
11462710026,"1790772040-11462710026",19267,"2026-09-30T06:40:40.000-06:00",0.980079114437103,0.756524801254272,9.5207712860748,"almost_certain","BirdNET",NA,10.2198,-83.7874,FALSE,229,"Great Kiskadee","Pitangus sulphuratus","#7d4410","avian","https://media.birdweather.com/species/229/GreatKiskadee-standard-cd28a1b8e8b8e5aed433e809c229004e.jpg","https://media.birdweather.com/species/229/GreatKiskadee-thumbnail-b2749ed2442fb322cf3c4cb72f9c97f6.jpg","https://media.birdweather.com/species/229/GreatKiskadee-png200-003973af4f863deb00a4ce9b6f10e59c.png","0PgFDwIrhYqfZJh1mVe3SZZ3uKEJBncG",17571207940,"https://media.birdweather.com/soundscapes/19267/19267-20260930-124040.flac",0,3,"live"
11462601271,"1790771658-11462601271",19267,"2026-09-30T06:34:18.000-06:00",0.764344871044159,0.231041669845581,7.4130552817536,"almost_certain","BirdNET",NA,10.2198,-83.7874,FALSE,501,"White-winged Dove","Zenaida asiatica","#d16ff8","avian","https://media.birdweather.com/species/501/White-wingedDove-standard-6528ef689b07d5a91f1c2275cdef19c9.jpg","https://media.birdweather.com/species/501/White-wingedDove-thumbnail-4a940adfd5a6c78c73c48c5095e7b896.jpg","https://media.birdweather.com/species/501/White-wingedDove-png200-d65decd3d571b5a9dbeca249ef97689f.png","IscJLwb6hoVelZWZdoh3eIeIdxBoB4IG",17571015169,"https://media.birdweather.com/soundscapes/19267/19267-20260930-123412.flac",6,9,"live"
11462601268,"1790771656-11462601268",19267,"2026-09-30T06:34:16.500-06:00",0.876747488975525,0.231041669845581,7.71003978625815,"almost_certain","BirdNET",NA,10.2198,-83.7874,FALSE,501,"White-winged Dove","Zenaida asiatica","#d16ff8","avian","https://media.birdweather.com/species/501/White-wingedDove-standard-6528ef689b07d5a91f1c2275cdef19c9.jpg","https://media.birdweather.com/species/501/White-wingedDove-thumbnail-4a940adfd5a6c78c73c48c5095e7b896.jpg","https://media.birdweather.com/species/501/White-wingedDove-png200-d65decd3d571b5a9dbeca249ef97689f.png","IscJLwb6hoVelZWZdoh3eIeIdxBoB4IG",17571015169,"https://media.birdweather.com/soundscapes/19267/19267-20260930-123412.flac",4.5,7.5,"live"
11462585923,"1790771603-11462585923",19267,"2026-09-30T06:33:23.000-06:00",0.722152709960938,0.23105825483799,7.28264277734836,"almost_certain","BirdNET",NA,10.2198,-83.7874,FALSE,501,"White-winged Dove","Zenaida asiatica","#d16ff8","avian","https://media.birdweather.com/species/501/White-wingedDove-standard-6528ef689b07d5a91f1c2275cdef19c9.jpg","https://media.birdweather.com/species/501/White-wingedDove-thumbnail-4a940adfd5a6c78c73c48c5095e7b896.jpg","https://media.birdweather.com/species/501/White-wingedDove-png200-d65decd3d571b5a9dbeca249ef97689f.png","IscJLwb6hoVelZWZdoh3eIeIdxBoB4IG",17570988207,"https://media.birdweather.com/soundscapes/19267/19267-20260930-123317.flac",6,9,"live"
11462585915,"1790771601-11462585915",19267,"2026-09-30T06:33:21.500-06:00",0.797179937362671,0.23105825483799,7.50675407261962,"almost_certain","BirdNET",NA,10.2198,-83.7874,FALSE,501,"White-winged Dove","Zenaida asiatica","#d16ff8","avian","https://media.birdweather.com/species/501/White-wingedDove-standard-6528ef689b07d5a91f1c2275cdef19c9.jpg","https://media.birdweather.com/species/501/White-wingedDove-thumbnail-4a940adfd5a6c78c73c48c5095e7b896.jpg","https://media.birdweather.com/species/501/White-wingedDove-png200-d65decd3d571b5a9dbeca249ef97689f.png","IscJLwb6hoVelZWZdoh3eIeIdxBoB4IG",17570988207,"https://media.birdweather.com/soundscapes/19267/19267-20260930-123317.flac",4.5,7.5,"live"
11462441833,"1790771086-11462441833",19267,"2026-09-30T06:24:46.500-06:00",0.799822747707367,0.231064811348915,7.51405442162208,"almost_certain","BirdNET",NA,10.2198,-83.7874,FALSE,501,"White-winged Dove","Zenaida asiatica","#d16ff8","avian","https://media.birdweather.com/species/501/White-wingedDove-standard-6528ef689b07d5a91f1c2275cdef19c9.jpg","https://media.birdweather.com/species/501/White-wingedDove-thumbnail-4a940adfd5a6c78c73c48c5095e7b896.jpg","https://media.birdweather.com/species/501/White-wingedDove-png200-d65decd3d571b5a9dbeca249ef97689f.png","IscJLwb6hoVelZWZdoh3eIeIdxBoB4IG",17570734261,"https://media.birdweather.com/soundscapes/19267/19267-20260930-122445.flac",1.5,4.5,"live"
11462129800,"1790769989-11462129800",19267,"2026-09-30T06:06:29.000-06:00",0.730236172676086,0.151486724615097,6.75978431772966,"almost_certain","BirdNET",NA,10.2198,-83.7874,FALSE,386,"Melodious Blackbird","Dives dives","#ff6aae","avian","https://media.birdweather.com/species/386/MelodiousBlackbird-standard-baf80eb1af218e1b234076fbc0fe135d.jpg","https://media.birdweather.com/species/386/MelodiousBlackbird-thumbnail-d6ddaf1f26452285c408803ba1060566.jpg","https://media.birdweather.com/species/386/MelodiousBlackbird-png200-62ebea0b1af473e7ad50598364b93c3c.png","3/gFHwTlepR/Zoi5VWiKZ4aUx+j3hYAD",17570188662,"https://media.birdweather.com/soundscapes/19267/19267-20260930-120626.flac",3,6,"live"
11462117921,"1790769947-11462117921",19267,"2026-09-30T06:05:47.000-06:00",0.926611065864563,0.151478484272957,7.27482309393107,"almost_certain","BirdNET",NA,10.2198,-83.7874,FALSE,386,"Melodious Blackbird","Dives dives","#ff6aae","avian","https://media.birdweather.com/species/386/MelodiousBlackbird-standard-baf80eb1af218e1b234076fbc0fe135d.jpg","https://media.birdweather.com/species/386/MelodiousBlackbird-thumbnail-d6ddaf1f26452285c408803ba1060566.jpg","https://media.birdweather.com/species/386/MelodiousBlackbird-png200-62ebea0b1af473e7ad50598364b93c3c.png","3/gFHwTlepR/Zoi5VWiKZ4aUx+j3hYAD",17570168125,"https://media.birdweather.com/soundscapes/19267/19267-20260930-120541.flac",6,9,"live"
11462109012,"1790769917-11462109012",19267,"2026-09-30T06:05:17.000-06:00",0.761759281158447,0.15148001909256,6.85659933745525,"almost_certain","BirdNET",NA,10.2198,-83.7874,FALSE,386,"Melodious Blackbird","Dives dives","#ff6aae","avian","https://media.birdweather.com/species/386/MelodiousBlackbird-standard-baf80eb1af218e1b234076fbc0fe135d.jpg","https://media.birdweather.com/species/386/MelodiousBlackbird-thumbnail-d6ddaf1f26452285c408803ba1060566.jpg","https://media.birdweather.com/species/386/MelodiousBlackbird-png200-62ebea0b1af473e7ad50598364b93c3c.png","3/gFHwTlepR/Zoi5VWiKZ4aUx+j3hYAD",17570152553,"https://media.birdweather.com/soundscapes/19267/19267-20260930-120514.flac",3,6,"live"
11462011656,"1790769577-11462011656",19267,"2026-09-30T05:59:37.500-06:00",0.826106488704681,0.552708268165588,8.74560990354583,"almost_certain","BirdNET",NA,10.2198,-83.7874,FALSE,121,"Social Flycatcher","Myiozetetes similis","#69b9ff","avian","https://media.birdweather.com/species/121/SocialFlycatcher-standard-6e107581e61c9f556b3a0af5200f486a.jpg","https://media.birdweather.com/species/121/SocialFlycatcher-thumbnail-87f640fcaf1441ecbbd56b57372185a8.jpg","https://media.birdweather.com/species/121/SocialFlycatcher-png200-2f6dd485cf927db0dd7fd9abc239fb19.png","2xkKJwIJh3ekeXh0e5Z4eYaIdyApd5AC",17569984062,"https://media.birdweather.com/soundscapes/19267/19267-20260930-115933.flac",4.5,7.5,"live"
11461965404,"1790769417-11461965404",19267,"2026-09-30T05:56:57.000-06:00",0.792288720607758,0.231067538261414,7.49326214503578,"almost_certain","BirdNET",NA,10.2198,-83.7874,FALSE,501,"White-winged Dove","Zenaida asiatica","#d16ff8","avian","https://media.birdweather.com/species/501/White-wingedDove-standard-6528ef689b07d5a91f1c2275cdef19c9.jpg","https://media.birdweather.com/species/501/White-wingedDove-thumbnail-4a940adfd5a6c78c73c48c5095e7b896.jpg","https://media.birdweather.com/species/501/White-wingedDove-png200-d65decd3d571b5a9dbeca249ef97689f.png","IscJLwb6hoVelZWZdoh3eIeIdxBoB4IG",17569903224,"https://media.birdweather.com/soundscapes/19267/19267-20260930-115651.flac",6,9,"live"
11461851911,"1790769011-11461851911",19267,"2026-09-30T05:50:11.500-06:00",0.739610314369202,0.756527304649353,8.92301674271567,"almost_certain","BirdNET",NA,10.2198,-83.7874,FALSE,229,"Great Kiskadee","Pitangus sulphuratus","#7d4410","avian","https://media.birdweather.com/species/229/GreatKiskadee-standard-cd28a1b8e8b8e5aed433e809c229004e.jpg","https://media.birdweather.com/species/229/GreatKiskadee-thumbnail-b2749ed2442fb322cf3c4cb72f9c97f6.jpg","https://media.birdweather.com/species/229/GreatKiskadee-png200-003973af4f863deb00a4ce9b6f10e59c.png","0PgFDwIrhYqfZJh1mVe3SZZ3uKEJBncG",17569703493,"https://media.birdweather.com/soundscapes/19267/19267-20260930-115007.flac",4.5,7.5,"live"
11461778406,"1790768739-11461778406",19267,"2026-09-30T05:45:39.000-06:00",0.905615508556366,0.231047958135605,7.77698737722285,"almost_certain","BirdNET",NA,10.2198,-83.7874,FALSE,501,"White-winged Dove","Zenaida asiatica","#d16ff8","avian","https://media.birdweather.com/species/501/White-wingedDove-standard-6528ef689b07d5a91f1c2275cdef19c9.jpg","https://media.birdweather.com/species/501/White-wingedDove-thumbnail-4a940adfd5a6c78c73c48c5095e7b896.jpg","https://media.birdweather.com/species/501/White-wingedDove-png200-d65decd3d571b5a9dbeca249ef97689f.png","IscJLwb6hoVelZWZdoh3eIeIdxBoB4IG",17569570201,"https://media.birdweather.com/soundscapes/19267/19267-20260930-114536.flac",3,6,"live"
11461778403,"1790768737-11461778403",19267,"2026-09-30T05:45:37.500-06:00",0.707888782024384,0.231047958135605,7.23549382751591,"almost_certain","BirdNET",NA,10.2198,-83.7874,FALSE,501,"White-winged Dove","Zenaida asiatica","#d16ff8","avian","https://media.birdweather.com/species/501/White-wingedDove-standard-6528ef689b07d5a91f1c2275cdef19c9.jpg","https://media.birdweather.com/species/501/White-wingedDove-thumbnail-4a940adfd5a6c78c73c48c5095e7b896.jpg","https://media.birdweather.com/species/501/White-wingedDove-png200-d65decd3d571b5a9dbeca249ef97689f.png","IscJLwb6hoVelZWZdoh3eIeIdxBoB4IG",17569570201,"https://media.birdweather.com/soundscapes/19267/19267-20260930-114536.flac",1.5,4.5,"live"
11461778400,"1790768736-11461778400",19267,"2026-09-30T05:45:36.000-06:00",0.857033610343933,0.231047958135605,7.66242834638511,"almost_certain","BirdNET",NA,10.2198,-83.7874,FALSE,501,"White-winged Dove","Zenaida asiatica","#d16ff8","avian","https://media.birdweather.com/species/501/White-wingedDove-standard-6528ef689b07d5a91f1c2275cdef19c9.jpg","https://media.birdweather.com/species/501/White-wingedDove-thumbnail-4a940adfd5a6c78c73c48c5095e7b896.jpg","https://media.birdweather.com/species/501/White-wingedDove-png200-d65decd3d571b5a9dbeca249ef97689f.png","IscJLwb6hoVelZWZdoh3eIeIdxBoB4IG",17569570201,"https://media.birdweather.com/soundscapes/19267/19267-20260930-114536.flac",0,3,"live"
11461775016,"1790768727-11461775016",19267,"2026-09-30T05:45:27.000-06:00",0.941347658634186,0.231047958135605,7.85552450231431,"almost_certain","BirdNET",NA,10.2198,-83.7874,FALSE,501,"White-winged Dove","Zenaida asiatica","#d16ff8","avian","https://media.birdweather.com/species/501/White-wingedDove-standard-6528ef689b07d5a91f1c2275cdef19c9.jpg","https://media.birdweather.com/species/501/White-wingedDove-thumbnail-4a940adfd5a6c78c73c48c5095e7b896.jpg","https://media.birdweather.com/species/501/White-wingedDove-png200-d65decd3d571b5a9dbeca249ef97689f.png","IscJLwb6hoVelZWZdoh3eIeIdxBoB4IG",17569563798,"https://media.birdweather.com/soundscapes/19267/19267-20260930-114524.flac",3,6,"live"
11461775012,"1790768725-11461775012",19267,"2026-09-30T05:45:25.500-06:00",0.980331242084503,0.231047958135605,7.9363656283886,"almost_certain","BirdNET",NA,10.2198,-83.7874,FALSE,501,"White-winged Dove","Zenaida asiatica","#d16ff8","avian","https://media.birdweather.com/species/501/White-wingedDove-standard-6528ef689b07d5a91f1c2275cdef19c9.jpg","https://media.birdweather.com/species/501/White-wingedDove-thumbnail-4a940adfd5a6c78c73c48c5095e7b896.jpg","https://media.birdweather.com/species/501/White-wingedDove-png200-d65decd3d571b5a9dbeca249ef97689f.png","IscJLwb6hoVelZWZdoh3eIeIdxBoB4IG",17569563798,"https://media.birdweather.com/soundscapes/19267/19267-20260930-114524.flac",1.5,4.5,"live"
11461775010,"1790768724-11461775010",19267,"2026-09-30T05:45:24.000-06:00",0.913527309894562,0.231047958135605,7.79476924795801,"almost_certain","BirdNET",NA,10.2198,-83.7874,FALSE,501,"White-winged Dove","Zenaida asiatica","#d16ff8","avian","https://media.birdweather.com/species/501/White-wingedDove-standard-6528ef689b07d5a91f1c2275cdef19c9.jpg","https://media.birdweather.com/species/501/White-wingedDove-thumbnail-4a940adfd5a6c78c73c48c5095e7b896.jpg","https://media.birdweather.com/species/501/White-wingedDove-png200-d65decd3d571b5a9dbeca249ef97689f.png","IscJLwb6hoVelZWZdoh3eIeIdxBoB4IG",17569563798,"https://media.birdweather.com/soundscapes/19267/19267-20260930-114524.flac",0,3,"live"
11461767939,"1790768695-11461767939",19267,"2026-09-30T05:44:55.000-06:00",0.770182847976685,0.756532907485962,9.01513592811565,"almost_certain","BirdNET",NA,10.2198,-83.7874,FALSE,229,"Great Kiskadee","Pitangus sulphuratus","#7d4410","avian","https://media.birdweather.com/species/229/GreatKiskadee-standard-cd28a1b8e8b8e5aed433e809c229004e.jpg","https://media.birdweather.com/species/229/GreatKiskadee-thumbnail-b2749ed2442fb322cf3c4cb72f9c97f6.jpg","https://media.birdweather.com/species/229/GreatKiskadee-png200-003973af4f863deb00a4ce9b6f10e59c.png","0PgFDwIrhYqfZJh1mVe3SZZ3uKEJBncG",17569550526,"https://media.birdweather.com/soundscapes/19267/19267-20260930-114455.flac",0,3,"live"
11461745732,"1790768615-11461745732",19267,"2026-09-30T05:43:35.000-06:00",0.898218512535095,0.75652664899826,9.34506791908987,"almost_certain","BirdNET",NA,10.2198,-83.7874,FALSE,229,"Great Kiskadee","Pitangus sulphuratus","#7d4410","avian","https://media.birdweather.com/species/229/GreatKiskadee-standard-cd28a1b8e8b8e5aed433e809c229004e.jpg","https://media.birdweather.com/species/229/GreatKiskadee-thumbnail-b2749ed2442fb322cf3c4cb72f9c97f6.jpg","https://media.birdweather.com/species/229/GreatKiskadee-png200-003973af4f863deb00a4ce9b6f10e59c.png","0PgFDwIrhYqfZJh1mVe3SZZ3uKEJBncG",17569509080,"https://media.birdweather.com/soundscapes/19267/19267-20260930-114332.flac",3,6,"live"
11461745728,"1790768613-11461745728",19267,"2026-09-30T05:43:33.500-06:00",0.946142494678497,0.75652664899826,9.45064555343151,"almost_certain","BirdNET",NA,10.2198,-83.7874,FALSE,229,"Great Kiskadee","Pitangus sulphuratus","#7d4410","avian","https://media.birdweather.com/species/229/GreatKiskadee-standard-cd28a1b8e8b8e5aed433e809c229004e.jpg","https://media.birdweather.com/species/229/GreatKiskadee-thumbnail-b2749ed2442fb322cf3c4cb72f9c97f6.jpg","https://media.birdweather.com/species/229/GreatKiskadee-png200-003973af4f863deb00a4ce9b6f10e59c.png","0PgFDwIrhYqfZJh1mVe3SZZ3uKEJBncG",17569509080,"https://media.birdweather.com/soundscapes/19267/19267-20260930-114332.flac",1.5,4.5,"live"
11461745725,"1790768612-11461745725",19267,"2026-09-30T05:43:32.000-06:00",0.891351819038391,0.75652664899826,9.32925132661134,"almost_certain","BirdNET",NA,10.2198,-83.7874,FALSE,229,"Great Kiskadee","Pitangus sulphuratus","#7d4410","avian","https://media.birdweather.com/species/229/GreatKiskadee-standard-cd28a1b8e8b8e5aed433e809c229004e.jpg","https://media.birdweather.com/species/229/GreatKiskadee-thumbnail-b2749ed2442fb322cf3c4cb72f9c97f6.jpg","https://media.birdweather.com/species/229/GreatKiskadee-png200-003973af4f863deb00a4ce9b6f10e59c.png","0PgFDwIrhYqfZJh1mVe3SZZ3uKEJBncG",17569509080,"https://media.birdweather.com/soundscapes/19267/19267-20260930-114332.flac",0,3,"live"
11461670712,"1790768332-11461670712",19267,"2026-09-30T05:38:52.000-06:00",0.763928592205048,0.902361631393433,9.23538780668334,"almost_certain","BirdNET",NA,10.2198,-83.7874,FALSE,254,"Great-tailed Grackle","Quiscalus mexicanus","#4cdf64","avian","https://media.birdweather.com/species/254/Great-tailedGrackle-standard-84167b7e46a2aae7f30286e714478461.jpg","https://media.birdweather.com/species/254/Great-tailedGrackle-thumbnail-388529862f53a8a975b80daf9e76e3ac.jpg","https://media.birdweather.com/species/254/Great-tailedGrackle-png200-ca2dc12559d8d2db107eefc8eff73513.png","GAgKDwKYmnVgeIeVhniHRXiahgv2mWAN",17569368642,"https://media.birdweather.com/soundscapes/19267/19267-20260930-113849.flac",3,6,"live"
11461670709,"1790768330-11461670709",19267,"2026-09-30T05:38:50.500-06:00",0.878207862377167,0.902361631393433,9.53706561972218,"almost_certain","BirdNET",NA,10.2198,-83.7874,FALSE,254,"Great-tailed Grackle","Quiscalus mexicanus","#4cdf64","avian","https://media.birdweather.com/species/254/Great-tailedGrackle-standard-84167b7e46a2aae7f30286e714478461.jpg","https://media.birdweather.com/species/254/Great-tailedGrackle-thumbnail-388529862f53a8a975b80daf9e76e3ac.jpg","https://media.birdweather.com/species/254/Great-tailedGrackle-png200-ca2dc12559d8d2db107eefc8eff73513.png","GAgKDwKYmnVgeIeVhniHRXiahgv2mWAN",17569368642,"https://media.birdweather.com/soundscapes/19267/19267-20260930-113849.flac",1.5,4.5,"live"
11461642979,"1790768228-11461642979",19267,"2026-09-30T05:37:08.000-06:00",0.87854540348053,0.902357280254364,9.53785861925475,"almost_certain","BirdNET",NA,10.2198,-83.7874,FALSE,254,"Great-tailed Grackle","Quiscalus mexicanus","#4cdf64","avian","https://media.birdweather.com/species/254/Great-tailedGrackle-standard-84167b7e46a2aae7f30286e714478461.jpg","https://media.birdweather.com/species/254/Great-tailedGrackle-thumbnail-388529862f53a8a975b80daf9e76e3ac.jpg","https://media.birdweather.com/species/254/Great-tailedGrackle-png200-ca2dc12559d8d2db107eefc8eff73513.png","GAgKDwKYmnVgeIeVhniHRXiahgv2mWAN",17569315857,"https://media.birdweather.com/soundscapes/19267/19267-20260930-113702.flac",6,9,"live"
11461589172,"1790768025-11461589172",19267,"2026-09-30T05:33:45.000-06:00",0.96359246969223,0.0434188395738602,5.8378763277858,"almost_certain","BirdNET",NA,10.2198,-83.7874,FALSE,610,"Yellow-billed Cuckoo","Coccyzus americanus","#e2342d","avian","https://media.birdweather.com/species/610/Yellow-billedCuckoo-standard-882f68a7a9fd2d56463209cebd11666a.jpg","https://media.birdweather.com/species/610/Yellow-billedCuckoo-thumbnail-6d2045e19aef63a798a493d7cfb637a8.jpg","https://media.birdweather.com/species/610/Yellow-billedCuckoo-png200-347ece3a30ca733e8fe66061ab0863f5.png","H+gJJwJ/dXZoyJmZpJhZd5h4CXhqqOwA",17569215517,"https://media.birdweather.com/soundscapes/19267/19267-20260930-113339.flac",6,9,"live"
11461565630,"1790767933-11461565630",19267,"2026-09-30T05:32:13.000-06:00",0.7626993060112,0.756526708602905,8.99314421108745,"almost_certain","BirdNET",NA,10.2198,-83.7874,FALSE,229,"Great Kiskadee","Pitangus sulphuratus","#7d4410","avian","https://media.birdweather.com/species/229/GreatKiskadee-standard-cd28a1b8e8b8e5aed433e809c229004e.jpg","https://media.birdweather.com/species/229/GreatKiskadee-thumbnail-b2749ed2442fb322cf3c4cb72f9c97f6.jpg","https://media.birdweather.com/species/229/GreatKiskadee-png200-003973af4f863deb00a4ce9b6f10e59c.png","0PgFDwIrhYqfZJh1mVe3SZZ3uKEJBncG",17569169882,"https://media.birdweather.com/soundscapes/19267/19267-20260930-113207.flac",6,9,"live"
11461542390,"1790767838-11461542390",19267,"2026-09-30T05:30:38.500-06:00",0.871103048324585,0.537789583206177,8.82122834398962,"almost_certain","BirdNET",NA,10.2198,-83.7874,FALSE,802,"Rufous-tailed Hummingbird","Amazilia tzacatl","#d9c845","avian","https://media.birdweather.com/species/802/Rufous-tailedHummingbird-standard-4d0209b50ad0c35c6d8337f5c0c16b55.jpg","https://media.birdweather.com/species/802/Rufous-tailedHummingbird-thumbnail-fbf17400c31564f70aa45927c5d75f5e.jpg","https://media.birdweather.com/species/802/Rufous-tailedHummingbird-png200-8ea431c9893cfe027e92471791a8c256.png","mPkJFwIHqJeJl4lriIaGhYh3+H+oVGAH",17569124146,"https://media.birdweather.com/soundscapes/19267/19267-20260930-113034.flac",4.5,7.5,"live"
11461504255,"1790767694-11461504255",19267,"2026-09-30T05:28:14.000-06:00",0.736767888069153,0.756521046161652,8.91411866848797,"almost_certain","BirdNET",NA,10.2198,-83.7874,FALSE,229,"Great Kiskadee","Pitangus sulphuratus","#7d4410","avian","https://media.birdweather.com/species/229/GreatKiskadee-standard-cd28a1b8e8b8e5aed433e809c229004e.jpg","https://media.birdweather.com/species/229/GreatKiskadee-thumbnail-b2749ed2442fb322cf3c4cb72f9c97f6.jpg","https://media.birdweather.com/species/229/GreatKiskadee-png200-003973af4f863deb00a4ce9b6f10e59c.png","0PgFDwIrhYqfZJh1mVe3SZZ3uKEJBncG",17569051848,"https://media.birdweather.com/soundscapes/19267/19267-20260930-112808.flac",6,9,"live"
11461500944,"1790767679-11461500944",19267,"2026-09-30T05:27:59.500-06:00",0.779300570487976,0.218186542391777,7.38140006731958,"almost_certain","BirdNET",NA,10.2198,-83.7874,FALSE,3766,"Crimson-fronted Parakeet","Psittacara finschi","#65ad00","avian","https://media.birdweather.com/species/3766/Crimson-frontedParakeet-standard-ddc77fa728634b78b78a31cc430f7895.jpg","https://media.birdweather.com/species/3766/Crimson-frontedParakeet-thumbnail-df6cfd5712c254c532e4f60547260885.jpg","https://media.birdweather.com/species/3766/Crimson-frontedParakeet-png200-7ac02114402521892623f1f6b95ca6c2.png","1PgJHwR1hXZghIXBaJmliYSndzA49JgL",17569045445,"https://media.birdweather.com/soundscapes/19267/19267-20260930-112755.flac",4.5,7.5,"live"
11461345126,"1790767071-11461345126",19267,"2026-09-30T05:17:51.000-06:00",0.740965068340302,0.0114826876670122,4.02999878115824,"almost_certain","BirdNET",NA,10.2198,-83.7874,FALSE,195,"Yellow-bellied Sapsucker","Sphyrapicus varius","#ff7a58","avian","https://media.birdweather.com/species/195/Yellow-belliedSapsucker-standard-5229f37a3953561df3289b692975a6dd.jpg","https://media.birdweather.com/species/195/Yellow-belliedSapsucker-thumbnail-45486dfdee83df35be4e48928679483f.jpg","https://media.birdweather.com/species/195/Yellow-belliedSapsucker-png200-ee8144691e093ab03685d766a11001d2.png","qfcJNwivh3dlioeLhYeJZ5d3B6dncHsG",17568744467,"https://media.birdweather.com/soundscapes/19267/19267-20260930-111745.flac",6,9,"live"
11461317457,"1790766956-11461317457",19267,"2026-09-30T05:15:56.000-06:00",0.731912970542908,0.756518244743347,8.89880008300799,"almost_certain","BirdNET",NA,10.2198,-83.7874,FALSE,229,"Great Kiskadee","Pitangus sulphuratus","#7d4410","avian","https://media.birdweather.com/species/229/GreatKiskadee-standard-cd28a1b8e8b8e5aed433e809c229004e.jpg","https://media.birdweather.com/species/229/GreatKiskadee-thumbnail-b2749ed2442fb322cf3c4cb72f9c97f6.jpg","https://media.birdweather.com/species/229/GreatKiskadee-png200-003973af4f863deb00a4ce9b6f10e59c.png","0PgFDwIrhYqfZJh1mVe3SZZ3uKEJBncG",17568690002,"https://media.birdweather.com/soundscapes/19267/19267-20260930-111556.flac",0,3,"live"
11461314317,"1790766949-11461314317",19267,"2026-09-30T05:15:49.000-06:00",0.717202425003052,0.756522178649902,8.85133308605348,"almost_certain","BirdNET",NA,10.2198,-83.7874,FALSE,229,"Great Kiskadee","Pitangus sulphuratus","#7d4410","avian","https://media.birdweather.com/species/229/GreatKiskadee-standard-cd28a1b8e8b8e5aed433e809c229004e.jpg","https://media.birdweather.com/species/229/GreatKiskadee-thumbnail-b2749ed2442fb322cf3c4cb72f9c97f6.jpg","https://media.birdweather.com/species/229/GreatKiskadee-png200-003973af4f863deb00a4ce9b6f10e59c.png","0PgFDwIrhYqfZJh1mVe3SZZ3uKEJBncG",17568683717,"https://media.birdweather.com/soundscapes/19267/19267-20260930-111543.flac",6,9,"live"
11461307433,"1790766918-11461307433",19267,"2026-09-30T05:15:18.000-06:00",0.728325009346008,0.0223091598600149,4.54925618648615,"almost_certain","BirdNET",NA,10.2198,-83.7874,FALSE,1815,"Olive-throated Parakeet","Eupsittula nana","#ff6ad7","avian","https://media.birdweather.com/species/1815/Olive-throatedParakeet-standard-7a8764835cbbed5b353abb070de0fd48.jpg","https://media.birdweather.com/species/1815/Olive-throatedParakeet-thumbnail-9c4e0d5be805be9ed4a949c4ae3919f0.jpg","https://media.birdweather.com/species/1815/Olive-throatedParakeet-png200-1d99f36ba2877b9162d4f49d75819266.png","4+gFDwL5ind7t5d5pnpVpad5ZsIIvVIP",17568670008,"https://media.birdweather.com/soundscapes/19267/19267-20260930-111512.flac",6,9,"live"
11460848654,"1790764816-11460848654",19267,"2026-09-30T04:40:16.000-06:00",0.746478676795959,0.0569573901593685,5.60445079140327,"almost_certain","BirdNET",NA,10.2198,-83.7874,FALSE,2106,"Scale-crested Pygmy-Tyrant","Lophotriccus pileatus","#ff3f73","avian","https://media.birdweather.com/species/2106/Scale-crestedPygmy-Tyrant-standard-30688703276d7a86ba8040e08ec546e4.jpg","https://media.birdweather.com/species/2106/Scale-crestedPygmy-Tyrant-thumbnail-a2fa4da6488b42e46af0521226507326.jpg","https://media.birdweather.com/species/2106/Scale-crestedPygmy-Tyrant-png200-7dba50c93511c6b01ee479c707de9a8b.png","IroFJwJKZ2tcVqZvUmlauFW0Vp9LCUoK",17567638564,"https://media.birdweather.com/soundscapes/19267/19267-20260930-104010.flac",6,9,"live"
11459719343,"1790757268-11459719343",19267,"2026-09-30T02:34:28.000-06:00",0.784166395664215,0.0569537580013275,5.71539715918274,"almost_certain","BirdNET",NA,10.2198,-83.7874,FALSE,2106,"Scale-crested Pygmy-Tyrant","Lophotriccus pileatus","#ff3f73","avian","https://media.birdweather.com/species/2106/Scale-crestedPygmy-Tyrant-standard-30688703276d7a86ba8040e08ec546e4.jpg","https://media.birdweather.com/species/2106/Scale-crestedPygmy-Tyrant-thumbnail-a2fa4da6488b42e46af0521226507326.jpg","https://media.birdweather.com/species/2106/Scale-crestedPygmy-Tyrant-png200-7dba50c93511c6b01ee479c707de9a8b.png","IroFJwJKZ2tcVqZvUmlauFW0Vp9LCUoK",17563973813,"https://media.birdweather.com/soundscapes/19267/19267-20260930-083422.flac",6,9,"live"
11459151151,"1790754139-11459151151",19267,"2026-09-30T01:42:19.500-06:00",0.767590641975403,0.0569559447467327,5.66771737275597,"almost_certain","BirdNET",NA,10.2198,-83.7874,FALSE,2106,"Scale-crested Pygmy-Tyrant","Lophotriccus pileatus","#ff3f73","avian","https://media.birdweather.com/species/2106/Scale-crestedPygmy-Tyrant-standard-30688703276d7a86ba8040e08ec546e4.jpg","https://media.birdweather.com/species/2106/Scale-crestedPygmy-Tyrant-thumbnail-a2fa4da6488b42e46af0521226507326.jpg","https://media.birdweather.com/species/2106/Scale-crestedPygmy-Tyrant-png200-7dba50c93511c6b01ee479c707de9a8b.png","IroFJwJKZ2tcVqZvUmlauFW0Vp9LCUoK",17562436482,"https://media.birdweather.com/soundscapes/19267/19267-20260930-074215.flac",4.5,7.5,"live"
