"id","ref","stationId","timestamp","confidence","probability","score","certainty","algorithm","metadata","lat","lon","favorite","species.id","species.commonName","species.scientificName","species.color","species.classification","species.imageUrl","species.thumbnailUrl","species.pngUrl","species.thumbhash","soundscape.id","soundscape.url","soundscape.startTime","soundscape.endTime","soundscape.mode"
11453192773,"1790721223-11453192773",19267,"2026-09-29T16:33:43.000-06:00",0.929349303245544,0.756523728370667,9.41456326605909,"almost_certain","BirdNET",NA,10.2198,-83.7874,FALSE,229,"Great Kiskadee","Pitangus sulphuratus","#7d4410","avian","https://media.birdweather.com/species/229/GreatKiskadee-standard-cd28a1b8e8b8e5aed433e809c229004e.jpg","https://media.birdweather.com/species/229/GreatKiskadee-thumbnail-b2749ed2442fb322cf3c4cb72f9c97f6.jpg","https://media.birdweather.com/species/229/GreatKiskadee-png200-003973af4f863deb00a4ce9b6f10e59c.png","0PgFDwIrhYqfZJh1mVe3SZZ3uKEJBncG",17546386190,"https://media.birdweather.com/soundscapes/19267/19267-20260929-223337.flac",6,9,"live"
11453192772,"1790721221-11453192772",19267,"2026-09-29T16:33:41.500-06:00",0.847209870815277,0.756523728370667,9.22296324671414,"almost_certain","BirdNET",NA,10.2198,-83.7874,FALSE,229,"Great Kiskadee","Pitangus sulphuratus","#7d4410","avian","https://media.birdweather.com/species/229/GreatKiskadee-standard-cd28a1b8e8b8e5aed433e809c229004e.jpg","https://media.birdweather.com/species/229/GreatKiskadee-thumbnail-b2749ed2442fb322cf3c4cb72f9c97f6.jpg","https://media.birdweather.com/species/229/GreatKiskadee-png200-003973af4f863deb00a4ce9b6f10e59c.png","0PgFDwIrhYqfZJh1mVe3SZZ3uKEJBncG",17546386190,"https://media.birdweather.com/soundscapes/19267/19267-20260929-223337.flac",4.5,7.5,"live"
11453189126,"1790721203-11453189126",19267,"2026-09-29T16:33:23.500-06:00",0.797510921955109,0.756523728370667,9.09251884072857,"almost_certain","BirdNET",NA,10.2198,-83.7874,FALSE,229,"Great Kiskadee","Pitangus sulphuratus","#7d4410","avian","https://media.birdweather.com/species/229/GreatKiskadee-standard-cd28a1b8e8b8e5aed433e809c229004e.jpg","https://media.birdweather.com/species/229/GreatKiskadee-thumbnail-b2749ed2442fb322cf3c4cb72f9c97f6.jpg","https://media.birdweather.com/species/229/GreatKiskadee-png200-003973af4f863deb00a4ce9b6f10e59c.png","0PgFDwIrhYqfZJh1mVe3SZZ3uKEJBncG",17546378901,"https://media.birdweather.com/soundscapes/19267/19267-20260929-223322.flac",1.5,4.5,"live"
11453189123,"1790721202-11453189123",19267,"2026-09-29T16:33:22.000-06:00",0.708643794059753,0.756523728370667,8.82293893662105,"almost_certain","BirdNET",NA,10.2198,-83.7874,FALSE,229,"Great Kiskadee","Pitangus sulphuratus","#7d4410","avian","https://media.birdweather.com/species/229/GreatKiskadee-standard-cd28a1b8e8b8e5aed433e809c229004e.jpg","https://media.birdweather.com/species/229/GreatKiskadee-thumbnail-b2749ed2442fb322cf3c4cb72f9c97f6.jpg","https://media.birdweather.com/species/229/GreatKiskadee-png200-003973af4f863deb00a4ce9b6f10e59c.png","0PgFDwIrhYqfZJh1mVe3SZZ3uKEJBncG",17546378901,"https://media.birdweather.com/soundscapes/19267/19267-20260929-223322.flac",0,3,"live"
11453148897,"1790721041-11453148897",19267,"2026-09-29T16:30:41.500-06:00",0.926911890506744,0.756523668766022,9.40924697264156,"almost_certain","BirdNET",NA,10.2198,-83.7874,FALSE,229,"Great Kiskadee","Pitangus sulphuratus","#7d4410","avian","https://media.birdweather.com/species/229/GreatKiskadee-standard-cd28a1b8e8b8e5aed433e809c229004e.jpg","https://media.birdweather.com/species/229/GreatKiskadee-thumbnail-b2749ed2442fb322cf3c4cb72f9c97f6.jpg","https://media.birdweather.com/species/229/GreatKiskadee-png200-003973af4f863deb00a4ce9b6f10e59c.png","0PgFDwIrhYqfZJh1mVe3SZZ3uKEJBncG",17546296789,"https://media.birdweather.com/soundscapes/19267/19267-20260929-223037.flac",4.5,7.5,"live"
11453148894,"1790721040-11453148894",19267,"2026-09-29T16:30:40.000-06:00",0.786234855651855,0.756523668766022,9.06111044193244,"almost_certain","BirdNET",NA,10.2198,-83.7874,FALSE,229,"Great Kiskadee","Pitangus sulphuratus","#7d4410","avian","https://media.birdweather.com/species/229/GreatKiskadee-standard-cd28a1b8e8b8e5aed433e809c229004e.jpg","https://media.birdweather.com/species/229/GreatKiskadee-thumbnail-b2749ed2442fb322cf3c4cb72f9c97f6.jpg","https://media.birdweather.com/species/229/GreatKiskadee-png200-003973af4f863deb00a4ce9b6f10e59c.png","0PgFDwIrhYqfZJh1mVe3SZZ3uKEJBncG",17546296789,"https://media.birdweather.com/soundscapes/19267/19267-20260929-223037.flac",3,6,"live"
11453053611,"1790720642-11453053611",19267,"2026-09-29T16:24:02.000-06:00",0.840887427330017,0.218190163373947,7.54703189816084,"almost_certain","BirdNET",NA,10.2198,-83.7874,FALSE,3766,"Crimson-fronted Parakeet","Psittacara finschi","#65ad00","avian","https://media.birdweather.com/species/3766/Crimson-frontedParakeet-standard-ddc77fa728634b78b78a31cc430f7895.jpg","https://media.birdweather.com/species/3766/Crimson-frontedParakeet-thumbnail-df6cfd5712c254c532e4f60547260885.jpg","https://media.birdweather.com/species/3766/Crimson-frontedParakeet-png200-7ac02114402521892623f1f6b95ca6c2.png","1PgJHwR1hXZghIXBaJmliYSndzA49JgL",17546100443,"https://media.birdweather.com/soundscapes/19267/19267-20260929-222402.flac",0,3,"live"
11453043086,"1790720604-11453043086",19267,"2026-09-29T16:23:24.000-06:00",0.752165853977203,0.218185350298882,7.30155088521648,"almost_certain","BirdNET",NA,10.2198,-83.7874,FALSE,3766,"Crimson-fronted Parakeet","Psittacara finschi","#65ad00","avian","https://media.birdweather.com/species/3766/Crimson-frontedParakeet-standard-ddc77fa728634b78b78a31cc430f7895.jpg","https://media.birdweather.com/species/3766/Crimson-frontedParakeet-thumbnail-df6cfd5712c254c532e4f60547260885.jpg","https://media.birdweather.com/species/3766/Crimson-frontedParakeet-png200-7ac02114402521892623f1f6b95ca6c2.png","1PgJHwR1hXZghIXBaJmliYSndzA49JgL",17546079429,"https://media.birdweather.com/soundscapes/19267/19267-20260929-222318.flac",6,9,"live"
11453028048,"1790720543-11453028048",19267,"2026-09-29T16:22:23.500-06:00",0.967177033424377,0.756523489952087,9.49452836238903,"almost_certain","BirdNET",NA,10.2198,-83.7874,FALSE,229,"Great Kiskadee","Pitangus sulphuratus","#7d4410","avian","https://media.birdweather.com/species/229/GreatKiskadee-standard-cd28a1b8e8b8e5aed433e809c229004e.jpg","https://media.birdweather.com/species/229/GreatKiskadee-thumbnail-b2749ed2442fb322cf3c4cb72f9c97f6.jpg","https://media.birdweather.com/species/229/GreatKiskadee-png200-003973af4f863deb00a4ce9b6f10e59c.png","0PgFDwIrhYqfZJh1mVe3SZZ3uKEJBncG",17546049015,"https://media.birdweather.com/soundscapes/19267/19267-20260929-222219.flac",4.5,7.5,"live"
11453028046,"1790720542-11453028046",19267,"2026-09-29T16:22:22.000-06:00",0.792918264865875,0.756523489952087,9.07981284131815,"almost_certain","BirdNET",NA,10.2198,-83.7874,FALSE,229,"Great Kiskadee","Pitangus sulphuratus","#7d4410","avian","https://media.birdweather.com/species/229/GreatKiskadee-standard-cd28a1b8e8b8e5aed433e809c229004e.jpg","https://media.birdweather.com/species/229/GreatKiskadee-thumbnail-b2749ed2442fb322cf3c4cb72f9c97f6.jpg","https://media.birdweather.com/species/229/GreatKiskadee-png200-003973af4f863deb00a4ce9b6f10e59c.png","0PgFDwIrhYqfZJh1mVe3SZZ3uKEJBncG",17546049015,"https://media.birdweather.com/soundscapes/19267/19267-20260929-222219.flac",3,6,"live"
11453014867,"1790720491-11453014867",19267,"2026-09-29T16:21:31.000-06:00",0.91444605588913,0.756523489952087,9.38173038735582,"almost_certain","BirdNET",NA,10.2198,-83.7874,FALSE,229,"Great Kiskadee","Pitangus sulphuratus","#7d4410","avian","https://media.birdweather.com/species/229/GreatKiskadee-standard-cd28a1b8e8b8e5aed433e809c229004e.jpg","https://media.birdweather.com/species/229/GreatKiskadee-thumbnail-b2749ed2442fb322cf3c4cb72f9c97f6.jpg","https://media.birdweather.com/species/229/GreatKiskadee-png200-003973af4f863deb00a4ce9b6f10e59c.png","0PgFDwIrhYqfZJh1mVe3SZZ3uKEJBncG",17546022494,"https://media.birdweather.com/soundscapes/19267/19267-20260929-222125.flac",6,9,"live"
11453014864,"1790720489-11453014864",19267,"2026-09-29T16:21:29.500-06:00",0.973790347576141,0.756523489952087,9.50804146341175,"almost_certain","BirdNET",NA,10.2198,-83.7874,FALSE,229,"Great Kiskadee","Pitangus sulphuratus","#7d4410","avian","https://media.birdweather.com/species/229/GreatKiskadee-standard-cd28a1b8e8b8e5aed433e809c229004e.jpg","https://media.birdweather.com/species/229/GreatKiskadee-thumbnail-b2749ed2442fb322cf3c4cb72f9c97f6.jpg","https://media.birdweather.com/species/229/GreatKiskadee-png200-003973af4f863deb00a4ce9b6f10e59c.png","0PgFDwIrhYqfZJh1mVe3SZZ3uKEJBncG",17546022494,"https://media.birdweather.com/soundscapes/19267/19267-20260929-222125.flac",4.5,7.5,"live"
11453014862,"1790720486-11453014862",19267,"2026-09-29T16:21:26.500-06:00",0.863615274429321,0.756523489952087,9.26343190309935,"almost_certain","BirdNET",NA,10.2198,-83.7874,FALSE,229,"Great Kiskadee","Pitangus sulphuratus","#7d4410","avian","https://media.birdweather.com/species/229/GreatKiskadee-standard-cd28a1b8e8b8e5aed433e809c229004e.jpg","https://media.birdweather.com/species/229/GreatKiskadee-thumbnail-b2749ed2442fb322cf3c4cb72f9c97f6.jpg","https://media.birdweather.com/species/229/GreatKiskadee-png200-003973af4f863deb00a4ce9b6f10e59c.png","0PgFDwIrhYqfZJh1mVe3SZZ3uKEJBncG",17546022494,"https://media.birdweather.com/soundscapes/19267/19267-20260929-222125.flac",1.5,4.5,"live"
11453014859,"1790720485-11453014859",19267,"2026-09-29T16:21:25.000-06:00",0.982030630111694,0.756523489952087,9.5246945854161,"almost_certain","BirdNET",NA,10.2198,-83.7874,FALSE,229,"Great Kiskadee","Pitangus sulphuratus","#7d4410","avian","https://media.birdweather.com/species/229/GreatKiskadee-standard-cd28a1b8e8b8e5aed433e809c229004e.jpg","https://media.birdweather.com/species/229/GreatKiskadee-thumbnail-b2749ed2442fb322cf3c4cb72f9c97f6.jpg","https://media.birdweather.com/species/229/GreatKiskadee-png200-003973af4f863deb00a4ce9b6f10e59c.png","0PgFDwIrhYqfZJh1mVe3SZZ3uKEJBncG",17546022494,"https://media.birdweather.com/soundscapes/19267/19267-20260929-222125.flac",0,3,"live"
11452969152,"1790720305-11452969152",19267,"2026-09-29T16:18:25.000-06:00",0.850432574748993,0.756524264812469,9.23100893279426,"almost_certain","BirdNET",NA,10.2198,-83.7874,FALSE,229,"Great Kiskadee","Pitangus sulphuratus","#7d4410","avian","https://media.birdweather.com/species/229/GreatKiskadee-standard-cd28a1b8e8b8e5aed433e809c229004e.jpg","https://media.birdweather.com/species/229/GreatKiskadee-thumbnail-b2749ed2442fb322cf3c4cb72f9c97f6.jpg","https://media.birdweather.com/species/229/GreatKiskadee-png200-003973af4f863deb00a4ce9b6f10e59c.png","0PgFDwIrhYqfZJh1mVe3SZZ3uKEJBncG",17545931746,"https://media.birdweather.com/soundscapes/19267/19267-20260929-221822.flac",3,6,"live"
11452961125,"1790720274-11452961125",19267,"2026-09-29T16:17:54.000-06:00",0.844696700572968,0.756524264812469,9.21665771480358,"almost_certain","BirdNET",NA,10.2198,-83.7874,FALSE,229,"Great Kiskadee","Pitangus sulphuratus","#7d4410","avian","https://media.birdweather.com/species/229/GreatKiskadee-standard-cd28a1b8e8b8e5aed433e809c229004e.jpg","https://media.birdweather.com/species/229/GreatKiskadee-thumbnail-b2749ed2442fb322cf3c4cb72f9c97f6.jpg","https://media.birdweather.com/species/229/GreatKiskadee-png200-003973af4f863deb00a4ce9b6f10e59c.png","0PgFDwIrhYqfZJh1mVe3SZZ3uKEJBncG",17545915521,"https://media.birdweather.com/soundscapes/19267/19267-20260929-221751.flac",3,6,"live"
11452961122,"1790720272-11452961122",19267,"2026-09-29T16:17:52.500-06:00",0.794559359550476,0.756524264812469,9.08436785200586,"almost_certain","BirdNET",NA,10.2198,-83.7874,FALSE,229,"Great Kiskadee","Pitangus sulphuratus","#7d4410","avian","https://media.birdweather.com/species/229/GreatKiskadee-standard-cd28a1b8e8b8e5aed433e809c229004e.jpg","https://media.birdweather.com/species/229/GreatKiskadee-thumbnail-b2749ed2442fb322cf3c4cb72f9c97f6.jpg","https://media.birdweather.com/species/229/GreatKiskadee-png200-003973af4f863deb00a4ce9b6f10e59c.png","0PgFDwIrhYqfZJh1mVe3SZZ3uKEJBncG",17545915521,"https://media.birdweather.com/soundscapes/19267/19267-20260929-221751.flac",1.5,4.5,"live"
11452954204,"1790720249-11452954204",19267,"2026-09-29T16:17:29.000-06:00",0.897005677223206,0.756524264812469,9.34228328417504,"almost_certain","BirdNET",NA,10.2198,-83.7874,FALSE,229,"Great Kiskadee","Pitangus sulphuratus","#7d4410","avian","https://media.birdweather.com/species/229/GreatKiskadee-standard-cd28a1b8e8b8e5aed433e809c229004e.jpg","https://media.birdweather.com/species/229/GreatKiskadee-thumbnail-b2749ed2442fb322cf3c4cb72f9c97f6.jpg","https://media.birdweather.com/species/229/GreatKiskadee-png200-003973af4f863deb00a4ce9b6f10e59c.png","0PgFDwIrhYqfZJh1mVe3SZZ3uKEJBncG",17545901811,"https://media.birdweather.com/soundscapes/19267/19267-20260929-221723.flac",6,9,"live"
11452954188,"1790720243-11452954188",19267,"2026-09-29T16:17:23.000-06:00",0.816869854927063,0.756524264812469,9.14481763356049,"almost_certain","BirdNET",NA,10.2198,-83.7874,FALSE,229,"Great Kiskadee","Pitangus sulphuratus","#7d4410","avian","https://media.birdweather.com/species/229/GreatKiskadee-standard-cd28a1b8e8b8e5aed433e809c229004e.jpg","https://media.birdweather.com/species/229/GreatKiskadee-thumbnail-b2749ed2442fb322cf3c4cb72f9c97f6.jpg","https://media.birdweather.com/species/229/GreatKiskadee-png200-003973af4f863deb00a4ce9b6f10e59c.png","0PgFDwIrhYqfZJh1mVe3SZZ3uKEJBncG",17545901811,"https://media.birdweather.com/soundscapes/19267/19267-20260929-221723.flac",0,3,"live"
11452950982,"1790720234-11452950982",19267,"2026-09-29T16:17:14.500-06:00",0.711188554763794,0.756524264812469,8.83144488636636,"almost_certain","BirdNET",NA,10.2198,-83.7874,FALSE,229,"Great Kiskadee","Pitangus sulphuratus","#7d4410","avian","https://media.birdweather.com/species/229/GreatKiskadee-standard-cd28a1b8e8b8e5aed433e809c229004e.jpg","https://media.birdweather.com/species/229/GreatKiskadee-thumbnail-b2749ed2442fb322cf3c4cb72f9c97f6.jpg","https://media.birdweather.com/species/229/GreatKiskadee-png200-003973af4f863deb00a4ce9b6f10e59c.png","0PgFDwIrhYqfZJh1mVe3SZZ3uKEJBncG",17545895380,"https://media.birdweather.com/soundscapes/19267/19267-20260929-221710.flac",4.5,7.5,"live"
11452923872,"1790720125-11452923872",19267,"2026-09-29T16:15:25.500-06:00",0.975145220756531,0.756524264812469,9.51079490989975,"almost_certain","BirdNET",NA,10.2198,-83.7874,FALSE,229,"Great Kiskadee","Pitangus sulphuratus","#7d4410","avian","https://media.birdweather.com/species/229/GreatKiskadee-standard-cd28a1b8e8b8e5aed433e809c229004e.jpg","https://media.birdweather.com/species/229/GreatKiskadee-thumbnail-b2749ed2442fb322cf3c4cb72f9c97f6.jpg","https://media.birdweather.com/species/229/GreatKiskadee-png200-003973af4f863deb00a4ce9b6f10e59c.png","0PgFDwIrhYqfZJh1mVe3SZZ3uKEJBncG",17545841028,"https://media.birdweather.com/soundscapes/19267/19267-20260929-221521.flac",4.5,7.5,"live"
11452923870,"1790720124-11452923870",19267,"2026-09-29T16:15:24.000-06:00",0.915531754493713,0.756524264812469,9.38415036462696,"almost_certain","BirdNET",NA,10.2198,-83.7874,FALSE,229,"Great Kiskadee","Pitangus sulphuratus","#7d4410","avian","https://media.birdweather.com/species/229/GreatKiskadee-standard-cd28a1b8e8b8e5aed433e809c229004e.jpg","https://media.birdweather.com/species/229/GreatKiskadee-thumbnail-b2749ed2442fb322cf3c4cb72f9c97f6.jpg","https://media.birdweather.com/species/229/GreatKiskadee-png200-003973af4f863deb00a4ce9b6f10e59c.png","0PgFDwIrhYqfZJh1mVe3SZZ3uKEJBncG",17545841028,"https://media.birdweather.com/soundscapes/19267/19267-20260929-221521.flac",3,6,"live"
11452685847,"1790719179-11452685847",19267,"2026-09-29T15:59:39.500-06:00",0.89869499206543,0.0113150281831622,4.43819246970695,"almost_certain","BirdNET",NA,10.2198,-83.7874,FALSE,2860,"Yellow-winged Tanager","Thraupis abbas","#e2342d","avian","https://media.birdweather.com/species/2860/Yellow-wingedTanager-standard-1bd3d22e0c9088ccd768c6c132a90176.jpg","https://media.birdweather.com/species/2860/Yellow-wingedTanager-thumbnail-0d8577d292149f3795fd1c4d9db44c89.jpg","https://media.birdweather.com/species/2860/Yellow-wingedTanager-png200-da953d3548d6d3a93da4486dd559af6d.png","YQgKDwC6eIhqqId/dHiZZad3dhMHNYEA",17545369921,"https://media.birdweather.com/soundscapes/19267/19267-20260929-215935.flac",4.5,7.5,"live"
11452606861,"1790718871-11452606861",19267,"2026-09-29T15:54:31.000-06:00",0.796383142471313,0.756525993347168,9.08941378780913,"almost_certain","BirdNET",NA,10.2198,-83.7874,FALSE,229,"Great Kiskadee","Pitangus sulphuratus","#7d4410","avian","https://media.birdweather.com/species/229/GreatKiskadee-standard-cd28a1b8e8b8e5aed433e809c229004e.jpg","https://media.birdweather.com/species/229/GreatKiskadee-thumbnail-b2749ed2442fb322cf3c4cb72f9c97f6.jpg","https://media.birdweather.com/species/229/GreatKiskadee-png200-003973af4f863deb00a4ce9b6f10e59c.png","0PgFDwIrhYqfZJh1mVe3SZZ3uKEJBncG",17545215653,"https://media.birdweather.com/soundscapes/19267/19267-20260929-215425.flac",6,9,"live"
11452606858,"1790718865-11452606858",19267,"2026-09-29T15:54:25.000-06:00",0.804940462112427,0.756525993347168,9.1128304201017,"almost_certain","BirdNET",NA,10.2198,-83.7874,FALSE,229,"Great Kiskadee","Pitangus sulphuratus","#7d4410","avian","https://media.birdweather.com/species/229/GreatKiskadee-standard-cd28a1b8e8b8e5aed433e809c229004e.jpg","https://media.birdweather.com/species/229/GreatKiskadee-thumbnail-b2749ed2442fb322cf3c4cb72f9c97f6.jpg","https://media.birdweather.com/species/229/GreatKiskadee-png200-003973af4f863deb00a4ce9b6f10e59c.png","0PgFDwIrhYqfZJh1mVe3SZZ3uKEJBncG",17545215653,"https://media.birdweather.com/soundscapes/19267/19267-20260929-215425.flac",0,3,"live"
11452603614,"1790718852-11452603614",19267,"2026-09-29T15:54:12.000-06:00",0.848936140537262,0.756525993347168,9.22728239788345,"almost_certain","BirdNET",NA,10.2198,-83.7874,FALSE,229,"Great Kiskadee","Pitangus sulphuratus","#7d4410","avian","https://media.birdweather.com/species/229/GreatKiskadee-standard-cd28a1b8e8b8e5aed433e809c229004e.jpg","https://media.birdweather.com/species/229/GreatKiskadee-thumbnail-b2749ed2442fb322cf3c4cb72f9c97f6.jpg","https://media.birdweather.com/species/229/GreatKiskadee-png200-003973af4f863deb00a4ce9b6f10e59c.png","0PgFDwIrhYqfZJh1mVe3SZZ3uKEJBncG",17545209154,"https://media.birdweather.com/soundscapes/19267/19267-20260929-215412.flac",0,3,"live"
11452571768,"1790718728-11452571768",19267,"2026-09-29T15:52:08.500-06:00",0.824685454368591,0.902354896068573,9.40398126969313,"almost_certain","BirdNET",NA,10.2198,-83.7874,FALSE,254,"Great-tailed Grackle","Quiscalus mexicanus","#4cdf64","avian","https://media.birdweather.com/species/254/Great-tailedGrackle-standard-84167b7e46a2aae7f30286e714478461.jpg","https://media.birdweather.com/species/254/Great-tailedGrackle-thumbnail-388529862f53a8a975b80daf9e76e3ac.jpg","https://media.birdweather.com/species/254/Great-tailedGrackle-png200-ca2dc12559d8d2db107eefc8eff73513.png","GAgKDwKYmnVgeIeVhniHRXiahgv2mWAN",17545147121,"https://media.birdweather.com/soundscapes/19267/19267-20260929-215207.flac",1.5,4.5,"live"
11452564635,"1790718702-11452564635",19267,"2026-09-29T15:51:42.000-06:00",0.721602439880371,0.902354896068573,9.10431272487634,"almost_certain","BirdNET",NA,10.2198,-83.7874,FALSE,254,"Great-tailed Grackle","Quiscalus mexicanus","#4cdf64","avian","https://media.birdweather.com/species/254/Great-tailedGrackle-standard-84167b7e46a2aae7f30286e714478461.jpg","https://media.birdweather.com/species/254/Great-tailedGrackle-thumbnail-388529862f53a8a975b80daf9e76e3ac.jpg","https://media.birdweather.com/species/254/Great-tailedGrackle-png200-ca2dc12559d8d2db107eefc8eff73513.png","GAgKDwKYmnVgeIeVhniHRXiahgv2mWAN",17545133291,"https://media.birdweather.com/soundscapes/19267/19267-20260929-215139.flac",3,6,"live"
11452564632,"1790718700-11452564632",19267,"2026-09-29T15:51:40.500-06:00",0.75186026096344,0.902354896068573,9.19926768582001,"almost_certain","BirdNET",NA,10.2198,-83.7874,FALSE,254,"Great-tailed Grackle","Quiscalus mexicanus","#4cdf64","avian","https://media.birdweather.com/species/254/Great-tailedGrackle-standard-84167b7e46a2aae7f30286e714478461.jpg","https://media.birdweather.com/species/254/Great-tailedGrackle-thumbnail-388529862f53a8a975b80daf9e76e3ac.jpg","https://media.birdweather.com/species/254/Great-tailedGrackle-png200-ca2dc12559d8d2db107eefc8eff73513.png","GAgKDwKYmnVgeIeVhniHRXiahgv2mWAN",17545133291,"https://media.birdweather.com/soundscapes/19267/19267-20260929-215139.flac",1.5,4.5,"live"
11452532301,"1790718579-11452532301",19267,"2026-09-29T15:49:39.500-06:00",0.772438645362854,0.756524503231049,9.02167804264154,"almost_certain","BirdNET",NA,10.2198,-83.7874,FALSE,229,"Great Kiskadee","Pitangus sulphuratus","#7d4410","avian","https://media.birdweather.com/species/229/GreatKiskadee-standard-cd28a1b8e8b8e5aed433e809c229004e.jpg","https://media.birdweather.com/species/229/GreatKiskadee-thumbnail-b2749ed2442fb322cf3c4cb72f9c97f6.jpg","https://media.birdweather.com/species/229/GreatKiskadee-png200-003973af4f863deb00a4ce9b6f10e59c.png","0PgFDwIrhYqfZJh1mVe3SZZ3uKEJBncG",17545071145,"https://media.birdweather.com/soundscapes/19267/19267-20260929-214935.flac",4.5,7.5,"live"
11451690831,"1790715323-11451690831",19267,"2026-09-29T14:55:23.000-06:00",0.89943939447403,0.0149110062047839,4.6534742043797,"almost_certain","BirdNET",NA,10.2198,-83.7874,FALSE,247,"Eastern Bluebird","Sialia sialis","#b2805e","avian","https://media.birdweather.com/species/247/EasternBluebird-standard-d85900fa200a10c3b59117a84545be17.jpg","https://media.birdweather.com/species/247/EasternBluebird-thumbnail-311702ebb6b3d22b003f0b3856d340a8.jpg","https://media.birdweather.com/species/247/EasternBluebird-png200-22a938448a40095810f2b58641c617f6.png","l/gJDwJ2pndgeHiXh2eIl3eJhwfGh4MP",17543450564,"https://media.birdweather.com/soundscapes/19267/19267-20260929-205517.flac",6,9,"live"
11451328934,"1790713919-11451328934",19267,"2026-09-29T14:31:59.000-06:00",0.764901697635651,0.537801265716553,8.53938871547749,"almost_certain","BirdNET",NA,10.2198,-83.7874,FALSE,802,"Rufous-tailed Hummingbird","Amazilia tzacatl","#d9c845","avian","https://media.birdweather.com/species/802/Rufous-tailedHummingbird-standard-4d0209b50ad0c35c6d8337f5c0c16b55.jpg","https://media.birdweather.com/species/802/Rufous-tailedHummingbird-thumbnail-fbf17400c31564f70aa45927c5d75f5e.jpg","https://media.birdweather.com/species/802/Rufous-tailedHummingbird-png200-8ea431c9893cfe027e92471791a8c256.png","mPkJFwIHqJeJl4lriIaGhYh3+H+oVGAH",17542750968,"https://media.birdweather.com/soundscapes/19267/19267-20260929-203153.flac",6,9,"live"
11450884063,"1790712229-11450884063",19267,"2026-09-29T14:03:49.500-06:00",0.915456712245941,0.75652003288269,9.38397576787583,"almost_certain","BirdNET",NA,10.2198,-83.7874,FALSE,229,"Great Kiskadee","Pitangus sulphuratus","#7d4410","avian","https://media.birdweather.com/species/229/GreatKiskadee-standard-cd28a1b8e8b8e5aed433e809c229004e.jpg","https://media.birdweather.com/species/229/GreatKiskadee-thumbnail-b2749ed2442fb322cf3c4cb72f9c97f6.jpg","https://media.birdweather.com/species/229/GreatKiskadee-png200-003973af4f863deb00a4ce9b6f10e59c.png","0PgFDwIrhYqfZJh1mVe3SZZ3uKEJBncG",17541898637,"https://media.birdweather.com/soundscapes/19267/19267-20260929-200345.flac",4.5,7.5,"live"
11450884055,"1790712226-11450884055",19267,"2026-09-29T14:03:46.500-06:00",0.706139206886292,0.75652003288269,8.81450973272025,"almost_certain","BirdNET",NA,10.2198,-83.7874,FALSE,229,"Great Kiskadee","Pitangus sulphuratus","#7d4410","avian","https://media.birdweather.com/species/229/GreatKiskadee-standard-cd28a1b8e8b8e5aed433e809c229004e.jpg","https://media.birdweather.com/species/229/GreatKiskadee-thumbnail-b2749ed2442fb322cf3c4cb72f9c97f6.jpg","https://media.birdweather.com/species/229/GreatKiskadee-png200-003973af4f863deb00a4ce9b6f10e59c.png","0PgFDwIrhYqfZJh1mVe3SZZ3uKEJBncG",17541898637,"https://media.birdweather.com/soundscapes/19267/19267-20260929-200345.flac",1.5,4.5,"live"
11450884051,"1790712225-11450884051",19267,"2026-09-29T14:03:45.000-06:00",0.711144983768463,0.75652003288269,8.83129214492283,"almost_certain","BirdNET",NA,10.2198,-83.7874,FALSE,229,"Great Kiskadee","Pitangus sulphuratus","#7d4410","avian","https://media.birdweather.com/species/229/GreatKiskadee-standard-cd28a1b8e8b8e5aed433e809c229004e.jpg","https://media.birdweather.com/species/229/GreatKiskadee-thumbnail-b2749ed2442fb322cf3c4cb72f9c97f6.jpg","https://media.birdweather.com/species/229/GreatKiskadee-png200-003973af4f863deb00a4ce9b6f10e59c.png","0PgFDwIrhYqfZJh1mVe3SZZ3uKEJBncG",17541898637,"https://media.birdweather.com/soundscapes/19267/19267-20260929-200345.flac",0,3,"live"
11450845236,"1790712076-11450845236",19267,"2026-09-29T14:01:16.000-06:00",0.739285290241241,0.231037005782127,7.33702327297023,"almost_certain","BirdNET",NA,10.2198,-83.7874,FALSE,501,"White-winged Dove","Zenaida asiatica","#d16ff8","avian","https://media.birdweather.com/species/501/White-wingedDove-standard-6528ef689b07d5a91f1c2275cdef19c9.jpg","https://media.birdweather.com/species/501/White-wingedDove-thumbnail-4a940adfd5a6c78c73c48c5095e7b896.jpg","https://media.birdweather.com/species/501/White-wingedDove-png200-d65decd3d571b5a9dbeca249ef97689f.png","IscJLwb6hoVelZWZdoh3eIeIdxBoB4IG",17541822218,"https://media.birdweather.com/soundscapes/19267/19267-20260929-200113.flac",3,6,"live"
11450827182,"1790712002-11450827182",19267,"2026-09-29T14:00:02.000-06:00",0.752155244350433,0.231042295694351,7.37661416613969,"almost_certain","BirdNET",NA,10.2198,-83.7874,FALSE,501,"White-winged Dove","Zenaida asiatica","#d16ff8","avian","https://media.birdweather.com/species/501/White-wingedDove-standard-6528ef689b07d5a91f1c2275cdef19c9.jpg","https://media.birdweather.com/species/501/White-wingedDove-thumbnail-4a940adfd5a6c78c73c48c5095e7b896.jpg","https://media.birdweather.com/species/501/White-wingedDove-png200-d65decd3d571b5a9dbeca249ef97689f.png","IscJLwb6hoVelZWZdoh3eIeIdxBoB4IG",17541786150,"https://media.birdweather.com/soundscapes/19267/19267-20260929-200002.flac",0,3,"live"
11450466613,"1790710653-11450466613",19267,"2026-09-29T13:37:33.000-06:00",0.957659065723419,0.756522297859192,9.47484101922894,"almost_certain","BirdNET",NA,10.2198,-83.7874,FALSE,229,"Great Kiskadee","Pitangus sulphuratus","#7d4410","avian","https://media.birdweather.com/species/229/GreatKiskadee-standard-cd28a1b8e8b8e5aed433e809c229004e.jpg","https://media.birdweather.com/species/229/GreatKiskadee-thumbnail-b2749ed2442fb322cf3c4cb72f9c97f6.jpg","https://media.birdweather.com/species/229/GreatKiskadee-png200-003973af4f863deb00a4ce9b6f10e59c.png","0PgFDwIrhYqfZJh1mVe3SZZ3uKEJBncG",17541103457,"https://media.birdweather.com/soundscapes/19267/19267-20260929-193727.flac",6,9,"live"
11450466610,"1790710651-11450466610",19267,"2026-09-29T13:37:31.500-06:00",0.899814605712891,0.756522297859192,9.34871054051462,"almost_certain","BirdNET",NA,10.2198,-83.7874,FALSE,229,"Great Kiskadee","Pitangus sulphuratus","#7d4410","avian","https://media.birdweather.com/species/229/GreatKiskadee-standard-cd28a1b8e8b8e5aed433e809c229004e.jpg","https://media.birdweather.com/species/229/GreatKiskadee-thumbnail-b2749ed2442fb322cf3c4cb72f9c97f6.jpg","https://media.birdweather.com/species/229/GreatKiskadee-png200-003973af4f863deb00a4ce9b6f10e59c.png","0PgFDwIrhYqfZJh1mVe3SZZ3uKEJBncG",17541103457,"https://media.birdweather.com/soundscapes/19267/19267-20260929-193727.flac",4.5,7.5,"live"
11450466606,"1790710648-11450466606",19267,"2026-09-29T13:37:28.500-06:00",0.843902945518494,0.756522297859192,9.21465632133116,"almost_certain","BirdNET",NA,10.2198,-83.7874,FALSE,229,"Great Kiskadee","Pitangus sulphuratus","#7d4410","avian","https://media.birdweather.com/species/229/GreatKiskadee-standard-cd28a1b8e8b8e5aed433e809c229004e.jpg","https://media.birdweather.com/species/229/GreatKiskadee-thumbnail-b2749ed2442fb322cf3c4cb72f9c97f6.jpg","https://media.birdweather.com/species/229/GreatKiskadee-png200-003973af4f863deb00a4ce9b6f10e59c.png","0PgFDwIrhYqfZJh1mVe3SZZ3uKEJBncG",17541103457,"https://media.birdweather.com/soundscapes/19267/19267-20260929-193727.flac",1.5,4.5,"live"
11450347457,"1790710218-11450347457",19267,"2026-09-29T13:30:18.000-06:00",0.987011730670929,0.756520926952362,9.53465921820942,"almost_certain","BirdNET",NA,10.2198,-83.7874,FALSE,229,"Great Kiskadee","Pitangus sulphuratus","#7d4410","avian","https://media.birdweather.com/species/229/GreatKiskadee-standard-cd28a1b8e8b8e5aed433e809c229004e.jpg","https://media.birdweather.com/species/229/GreatKiskadee-thumbnail-b2749ed2442fb322cf3c4cb72f9c97f6.jpg","https://media.birdweather.com/species/229/GreatKiskadee-png200-003973af4f863deb00a4ce9b6f10e59c.png","0PgFDwIrhYqfZJh1mVe3SZZ3uKEJBncG",17540882995,"https://media.birdweather.com/soundscapes/19267/19267-20260929-193012.flac",6,9,"live"
11450347455,"1790710216-11450347455",19267,"2026-09-29T13:30:16.500-06:00",0.99286288022995,0.756520926952362,9.54627784337659,"almost_certain","BirdNET",NA,10.2198,-83.7874,FALSE,229,"Great Kiskadee","Pitangus sulphuratus","#7d4410","avian","https://media.birdweather.com/species/229/GreatKiskadee-standard-cd28a1b8e8b8e5aed433e809c229004e.jpg","https://media.birdweather.com/species/229/GreatKiskadee-thumbnail-b2749ed2442fb322cf3c4cb72f9c97f6.jpg","https://media.birdweather.com/species/229/GreatKiskadee-png200-003973af4f863deb00a4ce9b6f10e59c.png","0PgFDwIrhYqfZJh1mVe3SZZ3uKEJBncG",17540882995,"https://media.birdweather.com/soundscapes/19267/19267-20260929-193012.flac",4.5,7.5,"live"
11450347453,"1790710215-11450347453",19267,"2026-09-29T13:30:15.000-06:00",0.983607828617096,0.756520926952362,9.52785447743435,"almost_certain","BirdNET",NA,10.2198,-83.7874,FALSE,229,"Great Kiskadee","Pitangus sulphuratus","#7d4410","avian","https://media.birdweather.com/species/229/GreatKiskadee-standard-cd28a1b8e8b8e5aed433e809c229004e.jpg","https://media.birdweather.com/species/229/GreatKiskadee-thumbnail-b2749ed2442fb322cf3c4cb72f9c97f6.jpg","https://media.birdweather.com/species/229/GreatKiskadee-png200-003973af4f863deb00a4ce9b6f10e59c.png","0PgFDwIrhYqfZJh1mVe3SZZ3uKEJBncG",17540882995,"https://media.birdweather.com/soundscapes/19267/19267-20260929-193012.flac",3,6,"live"
11450347452,"1790710213-11450347452",19267,"2026-09-29T13:30:13.500-06:00",0.969481587409973,0.756520926952362,9.49924786299307,"almost_certain","BirdNET",NA,10.2198,-83.7874,FALSE,229,"Great Kiskadee","Pitangus sulphuratus","#7d4410","avian","https://media.birdweather.com/species/229/GreatKiskadee-standard-cd28a1b8e8b8e5aed433e809c229004e.jpg","https://media.birdweather.com/species/229/GreatKiskadee-thumbnail-b2749ed2442fb322cf3c4cb72f9c97f6.jpg","https://media.birdweather.com/species/229/GreatKiskadee-png200-003973af4f863deb00a4ce9b6f10e59c.png","0PgFDwIrhYqfZJh1mVe3SZZ3uKEJBncG",17540882995,"https://media.birdweather.com/soundscapes/19267/19267-20260929-193012.flac",1.5,4.5,"live"
11450347449,"1790710212-11450347449",19267,"2026-09-29T13:30:12.000-06:00",0.968727886676788,0.756520926952362,9.49770465150991,"almost_certain","BirdNET",NA,10.2198,-83.7874,FALSE,229,"Great Kiskadee","Pitangus sulphuratus","#7d4410","avian","https://media.birdweather.com/species/229/GreatKiskadee-standard-cd28a1b8e8b8e5aed433e809c229004e.jpg","https://media.birdweather.com/species/229/GreatKiskadee-thumbnail-b2749ed2442fb322cf3c4cb72f9c97f6.jpg","https://media.birdweather.com/species/229/GreatKiskadee-png200-003973af4f863deb00a4ce9b6f10e59c.png","0PgFDwIrhYqfZJh1mVe3SZZ3uKEJBncG",17540882995,"https://media.birdweather.com/soundscapes/19267/19267-20260929-193012.flac",0,3,"live"
11450188842,"1790709644-11450188842",19267,"2026-09-29T13:20:44.500-06:00",0.702805638313293,0.756524443626404,8.80322632755428,"almost_certain","BirdNET",NA,10.2198,-83.7874,FALSE,229,"Great Kiskadee","Pitangus sulphuratus","#7d4410","avian","https://media.birdweather.com/species/229/GreatKiskadee-standard-cd28a1b8e8b8e5aed433e809c229004e.jpg","https://media.birdweather.com/species/229/GreatKiskadee-thumbnail-b2749ed2442fb322cf3c4cb72f9c97f6.jpg","https://media.birdweather.com/species/229/GreatKiskadee-png200-003973af4f863deb00a4ce9b6f10e59c.png","0PgFDwIrhYqfZJh1mVe3SZZ3uKEJBncG",17540593665,"https://media.birdweather.com/soundscapes/19267/19267-20260929-192040.flac",4.5,7.5,"live"
11450181132,"1790709618-11450181132",19267,"2026-09-29T13:20:18.000-06:00",0.704580307006836,0.0434202328324318,5.16001145445238,"almost_certain","BirdNET",NA,10.2198,-83.7874,FALSE,610,"Yellow-billed Cuckoo","Coccyzus americanus","#e2342d","avian","https://media.birdweather.com/species/610/Yellow-billedCuckoo-standard-882f68a7a9fd2d56463209cebd11666a.jpg","https://media.birdweather.com/species/610/Yellow-billedCuckoo-thumbnail-6d2045e19aef63a798a493d7cfb637a8.jpg","https://media.birdweather.com/species/610/Yellow-billedCuckoo-png200-347ece3a30ca733e8fe66061ab0863f5.png","H+gJJwJ/dXZoyJmZpJhZd5h4CXhqqOwA",17540579642,"https://media.birdweather.com/soundscapes/19267/19267-20260929-192012.flac",6,9,"live"
11449716826,"1790707874-11449716826",19267,"2026-09-29T12:51:14.000-06:00",0.987154245376587,0.756517708301544,9.53493763082058,"almost_certain","BirdNET",NA,10.2198,-83.7874,FALSE,229,"Great Kiskadee","Pitangus sulphuratus","#7d4410","avian","https://media.birdweather.com/species/229/GreatKiskadee-standard-cd28a1b8e8b8e5aed433e809c229004e.jpg","https://media.birdweather.com/species/229/GreatKiskadee-thumbnail-b2749ed2442fb322cf3c4cb72f9c97f6.jpg","https://media.birdweather.com/species/229/GreatKiskadee-png200-003973af4f863deb00a4ce9b6f10e59c.png","0PgFDwIrhYqfZJh1mVe3SZZ3uKEJBncG",17539698535,"https://media.birdweather.com/soundscapes/19267/19267-20260929-185108.flac",6,9,"live"
11449716822,"1790707872-11449716822",19267,"2026-09-29T12:51:12.500-06:00",0.962675929069519,0.756517708301544,9.48524401633896,"almost_certain","BirdNET",NA,10.2198,-83.7874,FALSE,229,"Great Kiskadee","Pitangus sulphuratus","#7d4410","avian","https://media.birdweather.com/species/229/GreatKiskadee-standard-cd28a1b8e8b8e5aed433e809c229004e.jpg","https://media.birdweather.com/species/229/GreatKiskadee-thumbnail-b2749ed2442fb322cf3c4cb72f9c97f6.jpg","https://media.birdweather.com/species/229/GreatKiskadee-png200-003973af4f863deb00a4ce9b6f10e59c.png","0PgFDwIrhYqfZJh1mVe3SZZ3uKEJBncG",17539698535,"https://media.birdweather.com/soundscapes/19267/19267-20260929-185108.flac",4.5,7.5,"live"
11449716817,"1790707871-11449716817",19267,"2026-09-29T12:51:11.000-06:00",0.894745886325836,0.756517708301544,9.33707599087422,"almost_certain","BirdNET",NA,10.2198,-83.7874,FALSE,229,"Great Kiskadee","Pitangus sulphuratus","#7d4410","avian","https://media.birdweather.com/species/229/GreatKiskadee-standard-cd28a1b8e8b8e5aed433e809c229004e.jpg","https://media.birdweather.com/species/229/GreatKiskadee-thumbnail-b2749ed2442fb322cf3c4cb72f9c97f6.jpg","https://media.birdweather.com/species/229/GreatKiskadee-png200-003973af4f863deb00a4ce9b6f10e59c.png","0PgFDwIrhYqfZJh1mVe3SZZ3uKEJBncG",17539698535,"https://media.birdweather.com/soundscapes/19267/19267-20260929-185108.flac",3,6,"live"
11449310077,"1790706253-11449310077",19267,"2026-09-29T12:24:13.500-06:00",0.70410543680191,0.756515622138977,8.8076242454665,"almost_certain","BirdNET",NA,10.2198,-83.7874,FALSE,229,"Great Kiskadee","Pitangus sulphuratus","#7d4410","avian","https://media.birdweather.com/species/229/GreatKiskadee-standard-cd28a1b8e8b8e5aed433e809c229004e.jpg","https://media.birdweather.com/species/229/GreatKiskadee-thumbnail-b2749ed2442fb322cf3c4cb72f9c97f6.jpg","https://media.birdweather.com/species/229/GreatKiskadee-png200-003973af4f863deb00a4ce9b6f10e59c.png","0PgFDwIrhYqfZJh1mVe3SZZ3uKEJBncG",17538891050,"https://media.birdweather.com/soundscapes/19267/19267-20260929-182409.flac",4.5,7.5,"live"
11449303288,"1790706227-11449303288",19267,"2026-09-29T12:23:47.000-06:00",0.755494832992554,0.756517708301544,8.97162868339476,"almost_certain","BirdNET",NA,10.2198,-83.7874,FALSE,229,"Great Kiskadee","Pitangus sulphuratus","#7d4410","avian","https://media.birdweather.com/species/229/GreatKiskadee-standard-cd28a1b8e8b8e5aed433e809c229004e.jpg","https://media.birdweather.com/species/229/GreatKiskadee-thumbnail-b2749ed2442fb322cf3c4cb72f9c97f6.jpg","https://media.birdweather.com/species/229/GreatKiskadee-png200-003973af4f863deb00a4ce9b6f10e59c.png","0PgFDwIrhYqfZJh1mVe3SZZ3uKEJBncG",17538877486,"https://media.birdweather.com/soundscapes/19267/19267-20260929-182341.flac",6,9,"live"
11449303285,"1790706225-11449303285",19267,"2026-09-29T12:23:45.500-06:00",0.727813243865967,0.756517708301544,8.88573294564799,"almost_certain","BirdNET",NA,10.2198,-83.7874,FALSE,229,"Great Kiskadee","Pitangus sulphuratus","#7d4410","avian","https://media.birdweather.com/species/229/GreatKiskadee-standard-cd28a1b8e8b8e5aed433e809c229004e.jpg","https://media.birdweather.com/species/229/GreatKiskadee-thumbnail-b2749ed2442fb322cf3c4cb72f9c97f6.jpg","https://media.birdweather.com/species/229/GreatKiskadee-png200-003973af4f863deb00a4ce9b6f10e59c.png","0PgFDwIrhYqfZJh1mVe3SZZ3uKEJBncG",17538877486,"https://media.birdweather.com/soundscapes/19267/19267-20260929-182341.flac",4.5,7.5,"live"
11449241574,"1790705982-11449241574",19267,"2026-09-29T12:19:42.000-06:00",0.908822894096375,0.756517291069031,9.36912389984662,"almost_certain","BirdNET",NA,10.2198,-83.7874,FALSE,229,"Great Kiskadee","Pitangus sulphuratus","#7d4410","avian","https://media.birdweather.com/species/229/GreatKiskadee-standard-cd28a1b8e8b8e5aed433e809c229004e.jpg","https://media.birdweather.com/species/229/GreatKiskadee-thumbnail-b2749ed2442fb322cf3c4cb72f9c97f6.jpg","https://media.birdweather.com/species/229/GreatKiskadee-png200-003973af4f863deb00a4ce9b6f10e59c.png","0PgFDwIrhYqfZJh1mVe3SZZ3uKEJBncG",17538756179,"https://media.birdweather.com/soundscapes/19267/19267-20260929-181936.flac",6,9,"live"
11449241571,"1790705979-11449241571",19267,"2026-09-29T12:19:39.000-06:00",0.70154595375061,0.756517291069031,8.79892246195689,"almost_certain","BirdNET",NA,10.2198,-83.7874,FALSE,229,"Great Kiskadee","Pitangus sulphuratus","#7d4410","avian","https://media.birdweather.com/species/229/GreatKiskadee-standard-cd28a1b8e8b8e5aed433e809c229004e.jpg","https://media.birdweather.com/species/229/GreatKiskadee-thumbnail-b2749ed2442fb322cf3c4cb72f9c97f6.jpg","https://media.birdweather.com/species/229/GreatKiskadee-png200-003973af4f863deb00a4ce9b6f10e59c.png","0PgFDwIrhYqfZJh1mVe3SZZ3uKEJBncG",17538756179,"https://media.birdweather.com/soundscapes/19267/19267-20260929-181936.flac",3,6,"live"
11449241565,"1790705976-11449241565",19267,"2026-09-29T12:19:36.000-06:00",0.899821639060974,0.756517291069031,9.34871765623168,"almost_certain","BirdNET",NA,10.2198,-83.7874,FALSE,229,"Great Kiskadee","Pitangus sulphuratus","#7d4410","avian","https://media.birdweather.com/species/229/GreatKiskadee-standard-cd28a1b8e8b8e5aed433e809c229004e.jpg","https://media.birdweather.com/species/229/GreatKiskadee-thumbnail-b2749ed2442fb322cf3c4cb72f9c97f6.jpg","https://media.birdweather.com/species/229/GreatKiskadee-png200-003973af4f863deb00a4ce9b6f10e59c.png","0PgFDwIrhYqfZJh1mVe3SZZ3uKEJBncG",17538756179,"https://media.birdweather.com/soundscapes/19267/19267-20260929-181936.flac",0,3,"live"
11449238363,"1790705969-11449238363",19267,"2026-09-29T12:19:29.000-06:00",0.747160375118256,0.75651741027832,8.94632827614102,"almost_certain","BirdNET",NA,10.2198,-83.7874,FALSE,229,"Great Kiskadee","Pitangus sulphuratus","#7d4410","avian","https://media.birdweather.com/species/229/GreatKiskadee-standard-cd28a1b8e8b8e5aed433e809c229004e.jpg","https://media.birdweather.com/species/229/GreatKiskadee-thumbnail-b2749ed2442fb322cf3c4cb72f9c97f6.jpg","https://media.birdweather.com/species/229/GreatKiskadee-png200-003973af4f863deb00a4ce9b6f10e59c.png","0PgFDwIrhYqfZJh1mVe3SZZ3uKEJBncG",17538749831,"https://media.birdweather.com/soundscapes/19267/19267-20260929-181923.flac",6,9,"live"
11449238356,"1790705964-11449238356",19267,"2026-09-29T12:19:24.500-06:00",0.752163350582123,0.75651741027832,8.96157116787465,"almost_certain","BirdNET",NA,10.2198,-83.7874,FALSE,229,"Great Kiskadee","Pitangus sulphuratus","#7d4410","avian","https://media.birdweather.com/species/229/GreatKiskadee-standard-cd28a1b8e8b8e5aed433e809c229004e.jpg","https://media.birdweather.com/species/229/GreatKiskadee-thumbnail-b2749ed2442fb322cf3c4cb72f9c97f6.jpg","https://media.birdweather.com/species/229/GreatKiskadee-png200-003973af4f863deb00a4ce9b6f10e59c.png","0PgFDwIrhYqfZJh1mVe3SZZ3uKEJBncG",17538749831,"https://media.birdweather.com/soundscapes/19267/19267-20260929-181923.flac",1.5,4.5,"live"
11449234806,"1790705955-11449234806",19267,"2026-09-29T12:19:15.000-06:00",0.811695098876953,0.756517171859741,9.13101977812046,"almost_certain","BirdNET",NA,10.2198,-83.7874,FALSE,229,"Great Kiskadee","Pitangus sulphuratus","#7d4410","avian","https://media.birdweather.com/species/229/GreatKiskadee-standard-cd28a1b8e8b8e5aed433e809c229004e.jpg","https://media.birdweather.com/species/229/GreatKiskadee-thumbnail-b2749ed2442fb322cf3c4cb72f9c97f6.jpg","https://media.birdweather.com/species/229/GreatKiskadee-png200-003973af4f863deb00a4ce9b6f10e59c.png","0PgFDwIrhYqfZJh1mVe3SZZ3uKEJBncG",17538742626,"https://media.birdweather.com/soundscapes/19267/19267-20260929-181909.flac",6,9,"live"
11449234805,"1790705953-11449234805",19267,"2026-09-29T12:19:13.500-06:00",0.739525377750397,0.756517171859741,8.92273391070251,"almost_certain","BirdNET",NA,10.2198,-83.7874,FALSE,229,"Great Kiskadee","Pitangus sulphuratus","#7d4410","avian","https://media.birdweather.com/species/229/GreatKiskadee-standard-cd28a1b8e8b8e5aed433e809c229004e.jpg","https://media.birdweather.com/species/229/GreatKiskadee-thumbnail-b2749ed2442fb322cf3c4cb72f9c97f6.jpg","https://media.birdweather.com/species/229/GreatKiskadee-png200-003973af4f863deb00a4ce9b6f10e59c.png","0PgFDwIrhYqfZJh1mVe3SZZ3uKEJBncG",17538742626,"https://media.birdweather.com/soundscapes/19267/19267-20260929-181909.flac",4.5,7.5,"live"
11449231502,"1790705939-11449231502",19267,"2026-09-29T12:18:59.000-06:00",0.749511003494263,0.756517648696899,8.95351164203579,"almost_certain","BirdNET",NA,10.2198,-83.7874,FALSE,229,"Great Kiskadee","Pitangus sulphuratus","#7d4410","avian","https://media.birdweather.com/species/229/GreatKiskadee-standard-cd28a1b8e8b8e5aed433e809c229004e.jpg","https://media.birdweather.com/species/229/GreatKiskadee-thumbnail-b2749ed2442fb322cf3c4cb72f9c97f6.jpg","https://media.birdweather.com/species/229/GreatKiskadee-png200-003973af4f863deb00a4ce9b6f10e59c.png","0PgFDwIrhYqfZJh1mVe3SZZ3uKEJBncG",17538736210,"https://media.birdweather.com/soundscapes/19267/19267-20260929-181856.flac",3,6,"live"
11449059970,"1790705267-11449059970",19267,"2026-09-29T12:07:47.000-06:00",0.985799670219421,0.756520569324493,9.53223942188396,"almost_certain","BirdNET",NA,10.2198,-83.7874,FALSE,229,"Great Kiskadee","Pitangus sulphuratus","#7d4410","avian","https://media.birdweather.com/species/229/GreatKiskadee-standard-cd28a1b8e8b8e5aed433e809c229004e.jpg","https://media.birdweather.com/species/229/GreatKiskadee-thumbnail-b2749ed2442fb322cf3c4cb72f9c97f6.jpg","https://media.birdweather.com/species/229/GreatKiskadee-png200-003973af4f863deb00a4ce9b6f10e59c.png","0PgFDwIrhYqfZJh1mVe3SZZ3uKEJBncG",17538400816,"https://media.birdweather.com/soundscapes/19267/19267-20260929-180741.flac",6,9,"live"
11449059968,"1790705265-11449059968",19267,"2026-09-29T12:07:45.500-06:00",0.869348406791687,0.756520569324493,9.27729201435072,"almost_certain","BirdNET",NA,10.2198,-83.7874,FALSE,229,"Great Kiskadee","Pitangus sulphuratus","#7d4410","avian","https://media.birdweather.com/species/229/GreatKiskadee-standard-cd28a1b8e8b8e5aed433e809c229004e.jpg","https://media.birdweather.com/species/229/GreatKiskadee-thumbnail-b2749ed2442fb322cf3c4cb72f9c97f6.jpg","https://media.birdweather.com/species/229/GreatKiskadee-png200-003973af4f863deb00a4ce9b6f10e59c.png","0PgFDwIrhYqfZJh1mVe3SZZ3uKEJBncG",17538400816,"https://media.birdweather.com/soundscapes/19267/19267-20260929-180741.flac",4.5,7.5,"live"
11449059967,"1790705264-11449059967",19267,"2026-09-29T12:07:44.000-06:00",0.809461951255798,0.756520569324493,9.12503379048877,"almost_certain","BirdNET",NA,10.2198,-83.7874,FALSE,229,"Great Kiskadee","Pitangus sulphuratus","#7d4410","avian","https://media.birdweather.com/species/229/GreatKiskadee-standard-cd28a1b8e8b8e5aed433e809c229004e.jpg","https://media.birdweather.com/species/229/GreatKiskadee-thumbnail-b2749ed2442fb322cf3c4cb72f9c97f6.jpg","https://media.birdweather.com/species/229/GreatKiskadee-png200-003973af4f863deb00a4ce9b6f10e59c.png","0PgFDwIrhYqfZJh1mVe3SZZ3uKEJBncG",17538400816,"https://media.birdweather.com/soundscapes/19267/19267-20260929-180741.flac",3,6,"live"
11449059964,"1790705262-11449059964",19267,"2026-09-29T12:07:42.500-06:00",0.90791255235672,0.756520569324493,9.36707973510427,"almost_certain","BirdNET",NA,10.2198,-83.7874,FALSE,229,"Great Kiskadee","Pitangus sulphuratus","#7d4410","avian","https://media.birdweather.com/species/229/GreatKiskadee-standard-cd28a1b8e8b8e5aed433e809c229004e.jpg","https://media.birdweather.com/species/229/GreatKiskadee-thumbnail-b2749ed2442fb322cf3c4cb72f9c97f6.jpg","https://media.birdweather.com/species/229/GreatKiskadee-png200-003973af4f863deb00a4ce9b6f10e59c.png","0PgFDwIrhYqfZJh1mVe3SZZ3uKEJBncG",17538400816,"https://media.birdweather.com/soundscapes/19267/19267-20260929-180741.flac",1.5,4.5,"live"
11449059963,"1790705261-11449059963",19267,"2026-09-29T12:07:41.000-06:00",0.969407081604004,0.756520569324493,9.49909474965835,"almost_certain","BirdNET",NA,10.2198,-83.7874,FALSE,229,"Great Kiskadee","Pitangus sulphuratus","#7d4410","avian","https://media.birdweather.com/species/229/GreatKiskadee-standard-cd28a1b8e8b8e5aed433e809c229004e.jpg","https://media.birdweather.com/species/229/GreatKiskadee-thumbnail-b2749ed2442fb322cf3c4cb72f9c97f6.jpg","https://media.birdweather.com/species/229/GreatKiskadee-png200-003973af4f863deb00a4ce9b6f10e59c.png","0PgFDwIrhYqfZJh1mVe3SZZ3uKEJBncG",17538400816,"https://media.birdweather.com/soundscapes/19267/19267-20260929-180741.flac",0,3,"live"
11448830658,"1790704386-11448830658",19267,"2026-09-29T11:53:06.000-06:00",0.950928568840027,0.756519198417664,9.46074263355511,"almost_certain","BirdNET",NA,10.2198,-83.7874,FALSE,229,"Great Kiskadee","Pitangus sulphuratus","#7d4410","avian","https://media.birdweather.com/species/229/GreatKiskadee-standard-cd28a1b8e8b8e5aed433e809c229004e.jpg","https://media.birdweather.com/species/229/GreatKiskadee-thumbnail-b2749ed2442fb322cf3c4cb72f9c97f6.jpg","https://media.birdweather.com/species/229/GreatKiskadee-png200-003973af4f863deb00a4ce9b6f10e59c.png","0PgFDwIrhYqfZJh1mVe3SZZ3uKEJBncG",17537965209,"https://media.birdweather.com/soundscapes/19267/19267-20260929-175306.flac",0,3,"live"
11448662021,"1790703784-11448662021",19267,"2026-09-29T11:43:04.000-06:00",0.719975650310516,0.36590313911438,7.88424058794776,"almost_certain","BirdNET",NA,10.2198,-83.7874,FALSE,880,"Boat-billed Flycatcher","Megarynchus pitangua","#aa005f","avian","https://media.birdweather.com/species/880/Boat-billedFlycatcher-standard-923cef341eedab79cf4ea985e1b1b5fc.jpg","https://media.birdweather.com/species/880/Boat-billedFlycatcher-thumbnail-03be235471939ac93a6f8121d84e0b42.jpg","https://media.birdweather.com/species/880/Boat-billedFlycatcher-png200-d437d3d92f6d042b491194f57680d511.png","ofgFDwKheqm/SZlHdcd2a2d2uo9dpwMG",17537663218,"https://media.birdweather.com/soundscapes/19267/19267-20260929-174304.flac",0,3,"live"
11447804047,"1790700813-11447804047",19267,"2026-09-29T10:53:33.000-06:00",0.993942081928253,0.756525337696075,9.54841797548415,"almost_certain","BirdNET",NA,10.2198,-83.7874,FALSE,229,"Great Kiskadee","Pitangus sulphuratus","#7d4410","avian","https://media.birdweather.com/species/229/GreatKiskadee-standard-cd28a1b8e8b8e5aed433e809c229004e.jpg","https://media.birdweather.com/species/229/GreatKiskadee-thumbnail-b2749ed2442fb322cf3c4cb72f9c97f6.jpg","https://media.birdweather.com/species/229/GreatKiskadee-png200-003973af4f863deb00a4ce9b6f10e59c.png","0PgFDwIrhYqfZJh1mVe3SZZ3uKEJBncG",17536167328,"https://media.birdweather.com/soundscapes/19267/19267-20260929-165333.flac",0,3,"live"
11447779457,"1790700728-11447779457",19267,"2026-09-29T10:52:08.000-06:00",0.851463198661804,0.756528913974762,9.23358001662233,"almost_certain","BirdNET",NA,10.2198,-83.7874,FALSE,229,"Great Kiskadee","Pitangus sulphuratus","#7d4410","avian","https://media.birdweather.com/species/229/GreatKiskadee-standard-cd28a1b8e8b8e5aed433e809c229004e.jpg","https://media.birdweather.com/species/229/GreatKiskadee-thumbnail-b2749ed2442fb322cf3c4cb72f9c97f6.jpg","https://media.birdweather.com/species/229/GreatKiskadee-png200-003973af4f863deb00a4ce9b6f10e59c.png","0PgFDwIrhYqfZJh1mVe3SZZ3uKEJBncG",17536124534,"https://media.birdweather.com/soundscapes/19267/19267-20260929-165208.flac",0,3,"live"
11447436455,"1790699576-11447436455",19267,"2026-09-29T10:32:56.000-06:00",0.95547741651535,0.295399397611618,8.20955535592847,"almost_certain","BirdNET",NA,10.2198,-83.7874,FALSE,910,"Yellow-throated Toucan","Ramphastos ambiguus","#c06a00","avian","https://media.birdweather.com/species/910/Yellow-throatedToucan-standard-c61d4f6e96783b3528d921236aa42942.jpg","https://media.birdweather.com/species/910/Yellow-throatedToucan-thumbnail-a6981d720206d172928a331dc8d7e816.jpg","https://media.birdweather.com/species/910/Yellow-throatedToucan-png200-cc8cb7fe0b250168ace5834450b25cc2.png","19gFFwIfZIcViIipp0OnSJil99PbgM8I",17535538280,"https://media.birdweather.com/soundscapes/19267/19267-20260929-163250.flac",6,9,"live"
11447428384,"1790699546-11447428384",19267,"2026-09-29T10:32:26.500-06:00",0.984681367874146,0.295399814844131,8.26927514858952,"almost_certain","BirdNET",NA,10.2198,-83.7874,FALSE,910,"Yellow-throated Toucan","Ramphastos ambiguus","#c06a00","avian","https://media.birdweather.com/species/910/Yellow-throatedToucan-standard-c61d4f6e96783b3528d921236aa42942.jpg","https://media.birdweather.com/species/910/Yellow-throatedToucan-thumbnail-a6981d720206d172928a331dc8d7e816.jpg","https://media.birdweather.com/species/910/Yellow-throatedToucan-png200-cc8cb7fe0b250168ace5834450b25cc2.png","19gFFwIfZIcViIipp0OnSJil99PbgM8I",17535524380,"https://media.birdweather.com/soundscapes/19267/19267-20260929-163222.flac",4.5,7.5,"live"
11447408137,"1790699474-11447408137",19267,"2026-09-29T10:31:14.000-06:00",0.830728054046631,0.295400649309158,7.92033465459359,"almost_certain","BirdNET",NA,10.2198,-83.7874,FALSE,910,"Yellow-throated Toucan","Ramphastos ambiguus","#c06a00","avian","https://media.birdweather.com/species/910/Yellow-throatedToucan-standard-c61d4f6e96783b3528d921236aa42942.jpg","https://media.birdweather.com/species/910/Yellow-throatedToucan-thumbnail-a6981d720206d172928a331dc8d7e816.jpg","https://media.birdweather.com/species/910/Yellow-throatedToucan-png200-cc8cb7fe0b250168ace5834450b25cc2.png","19gFFwIfZIcViIipp0OnSJil99PbgM8I",17535489948,"https://media.birdweather.com/soundscapes/19267/19267-20260929-163114.flac",0,3,"live"
11447396173,"1790699440-11447396173",19267,"2026-09-29T10:30:40.000-06:00",0.895056962966919,0.295398652553558,8.07706381647364,"almost_certain","BirdNET",NA,10.2198,-83.7874,FALSE,910,"Yellow-throated Toucan","Ramphastos ambiguus","#c06a00","avian","https://media.birdweather.com/species/910/Yellow-throatedToucan-standard-c61d4f6e96783b3528d921236aa42942.jpg","https://media.birdweather.com/species/910/Yellow-throatedToucan-thumbnail-a6981d720206d172928a331dc8d7e816.jpg","https://media.birdweather.com/species/910/Yellow-throatedToucan-png200-cc8cb7fe0b250168ace5834450b25cc2.png","19gFFwIfZIcViIipp0OnSJil99PbgM8I",17535469251,"https://media.birdweather.com/soundscapes/19267/19267-20260929-163034.flac",6,9,"live"
11447396168,"1790699435-11447396168",19267,"2026-09-29T10:30:35.500-06:00",0.933867335319519,0.295398652553558,8.16362390341761,"almost_certain","BirdNET",NA,10.2198,-83.7874,FALSE,910,"Yellow-throated Toucan","Ramphastos ambiguus","#c06a00","avian","https://media.birdweather.com/species/910/Yellow-throatedToucan-standard-c61d4f6e96783b3528d921236aa42942.jpg","https://media.birdweather.com/species/910/Yellow-throatedToucan-thumbnail-a6981d720206d172928a331dc8d7e816.jpg","https://media.birdweather.com/species/910/Yellow-throatedToucan-png200-cc8cb7fe0b250168ace5834450b25cc2.png","19gFFwIfZIcViIipp0OnSJil99PbgM8I",17535469251,"https://media.birdweather.com/soundscapes/19267/19267-20260929-163034.flac",1.5,4.5,"live"
11447396165,"1790699434-11447396165",19267,"2026-09-29T10:30:34.000-06:00",0.836241543292999,0.295398652553558,7.93448457777379,"almost_certain","BirdNET",NA,10.2198,-83.7874,FALSE,910,"Yellow-throated Toucan","Ramphastos ambiguus","#c06a00","avian","https://media.birdweather.com/species/910/Yellow-throatedToucan-standard-c61d4f6e96783b3528d921236aa42942.jpg","https://media.birdweather.com/species/910/Yellow-throatedToucan-thumbnail-a6981d720206d172928a331dc8d7e816.jpg","https://media.birdweather.com/species/910/Yellow-throatedToucan-png200-cc8cb7fe0b250168ace5834450b25cc2.png","19gFFwIfZIcViIipp0OnSJil99PbgM8I",17535469251,"https://media.birdweather.com/soundscapes/19267/19267-20260929-163034.flac",0,3,"live"
11447332628,"1790699229-11447332628",19267,"2026-09-29T10:27:09.000-06:00",0.745692074298859,0.75652664899826,8.94183883914431,"almost_certain","BirdNET",NA,10.2198,-83.7874,FALSE,229,"Great Kiskadee","Pitangus sulphuratus","#7d4410","avian","https://media.birdweather.com/species/229/GreatKiskadee-standard-cd28a1b8e8b8e5aed433e809c229004e.jpg","https://media.birdweather.com/species/229/GreatKiskadee-thumbnail-b2749ed2442fb322cf3c4cb72f9c97f6.jpg","https://media.birdweather.com/species/229/GreatKiskadee-png200-003973af4f863deb00a4ce9b6f10e59c.png","0PgFDwIrhYqfZJh1mVe3SZZ3uKEJBncG",17535364565,"https://media.birdweather.com/soundscapes/19267/19267-20260929-162706.flac",3,6,"live"
11447328621,"1790699217-11447328621",19267,"2026-09-29T10:26:57.500-06:00",0.800749897956848,0.75652664899826,9.1014143479251,"almost_certain","BirdNET",NA,10.2198,-83.7874,FALSE,229,"Great Kiskadee","Pitangus sulphuratus","#7d4410","avian","https://media.birdweather.com/species/229/GreatKiskadee-standard-cd28a1b8e8b8e5aed433e809c229004e.jpg","https://media.birdweather.com/species/229/GreatKiskadee-thumbnail-b2749ed2442fb322cf3c4cb72f9c97f6.jpg","https://media.birdweather.com/species/229/GreatKiskadee-png200-003973af4f863deb00a4ce9b6f10e59c.png","0PgFDwIrhYqfZJh1mVe3SZZ3uKEJBncG",17535357988,"https://media.birdweather.com/soundscapes/19267/19267-20260929-162653.flac",4.5,7.5,"live"
11447328607,"1790699213-11447328607",19267,"2026-09-29T10:26:53.000-06:00",0.701736986637115,0.75652664899826,8.79959080096392,"almost_certain","BirdNET",NA,10.2198,-83.7874,FALSE,229,"Great Kiskadee","Pitangus sulphuratus","#7d4410","avian","https://media.birdweather.com/species/229/GreatKiskadee-standard-cd28a1b8e8b8e5aed433e809c229004e.jpg","https://media.birdweather.com/species/229/GreatKiskadee-thumbnail-b2749ed2442fb322cf3c4cb72f9c97f6.jpg","https://media.birdweather.com/species/229/GreatKiskadee-png200-003973af4f863deb00a4ce9b6f10e59c.png","0PgFDwIrhYqfZJh1mVe3SZZ3uKEJBncG",17535357988,"https://media.birdweather.com/soundscapes/19267/19267-20260929-162653.flac",0,3,"live"
11447312260,"1790699161-11447312260",19267,"2026-09-29T10:26:01.500-06:00",0.97029447555542,0.295399397611618,8.24017935127303,"almost_certain","BirdNET",NA,10.2198,-83.7874,FALSE,910,"Yellow-throated Toucan","Ramphastos ambiguus","#c06a00","avian","https://media.birdweather.com/species/910/Yellow-throatedToucan-standard-c61d4f6e96783b3528d921236aa42942.jpg","https://media.birdweather.com/species/910/Yellow-throatedToucan-thumbnail-a6981d720206d172928a331dc8d7e816.jpg","https://media.birdweather.com/species/910/Yellow-throatedToucan-png200-cc8cb7fe0b250168ace5834450b25cc2.png","19gFFwIfZIcViIipp0OnSJil99PbgM8I",17535330689,"https://media.birdweather.com/soundscapes/19267/19267-20260929-162600.flac",1.5,4.5,"live"
11447307830,"1790699149-11447307830",19267,"2026-09-29T10:25:49.000-06:00",0.958807170391083,0.295399636030197,8.21649825923532,"almost_certain","BirdNET",NA,10.2198,-83.7874,FALSE,910,"Yellow-throated Toucan","Ramphastos ambiguus","#c06a00","avian","https://media.birdweather.com/species/910/Yellow-throatedToucan-standard-c61d4f6e96783b3528d921236aa42942.jpg","https://media.birdweather.com/species/910/Yellow-throatedToucan-thumbnail-a6981d720206d172928a331dc8d7e816.jpg","https://media.birdweather.com/species/910/Yellow-throatedToucan-png200-cc8cb7fe0b250168ace5834450b25cc2.png","19gFFwIfZIcViIipp0OnSJil99PbgM8I",17535323001,"https://media.birdweather.com/soundscapes/19267/19267-20260929-162543.flac",6,9,"live"
11447307822,"1790699144-11447307822",19267,"2026-09-29T10:25:44.500-06:00",0.844845712184906,0.295399636030197,7.95629659155117,"almost_certain","BirdNET",NA,10.2198,-83.7874,FALSE,910,"Yellow-throated Toucan","Ramphastos ambiguus","#c06a00","avian","https://media.birdweather.com/species/910/Yellow-throatedToucan-standard-c61d4f6e96783b3528d921236aa42942.jpg","https://media.birdweather.com/species/910/Yellow-throatedToucan-thumbnail-a6981d720206d172928a331dc8d7e816.jpg","https://media.birdweather.com/species/910/Yellow-throatedToucan-png200-cc8cb7fe0b250168ace5834450b25cc2.png","19gFFwIfZIcViIipp0OnSJil99PbgM8I",17535323001,"https://media.birdweather.com/soundscapes/19267/19267-20260929-162543.flac",1.5,4.5,"live"
11447294971,"1790699108-11447294971",19267,"2026-09-29T10:25:08.000-06:00",0.927725613117218,0.295399814844131,8.15029006708873,"almost_certain","BirdNET",NA,10.2198,-83.7874,FALSE,910,"Yellow-throated Toucan","Ramphastos ambiguus","#c06a00","avian","https://media.birdweather.com/species/910/Yellow-throatedToucan-standard-c61d4f6e96783b3528d921236aa42942.jpg","https://media.birdweather.com/species/910/Yellow-throatedToucan-thumbnail-a6981d720206d172928a331dc8d7e816.jpg","https://media.birdweather.com/species/910/Yellow-throatedToucan-png200-cc8cb7fe0b250168ace5834450b25cc2.png","19gFFwIfZIcViIipp0OnSJil99PbgM8I",17535301586,"https://media.birdweather.com/soundscapes/19267/19267-20260929-162502.flac",6,9,"live"
11447294969,"1790699105-11447294969",19267,"2026-09-29T10:25:05.000-06:00",0.818614602088928,0.295399814844131,7.88869936303513,"almost_certain","BirdNET",NA,10.2198,-83.7874,FALSE,910,"Yellow-throated Toucan","Ramphastos ambiguus","#c06a00","avian","https://media.birdweather.com/species/910/Yellow-throatedToucan-standard-c61d4f6e96783b3528d921236aa42942.jpg","https://media.birdweather.com/species/910/Yellow-throatedToucan-thumbnail-a6981d720206d172928a331dc8d7e816.jpg","https://media.birdweather.com/species/910/Yellow-throatedToucan-png200-cc8cb7fe0b250168ace5834450b25cc2.png","19gFFwIfZIcViIipp0OnSJil99PbgM8I",17535301586,"https://media.birdweather.com/soundscapes/19267/19267-20260929-162502.flac",3,6,"live"
11447294964,"1790699103-11447294964",19267,"2026-09-29T10:25:03.500-06:00",0.85884040594101,0.295399814844131,7.99104234114019,"almost_certain","BirdNET",NA,10.2198,-83.7874,FALSE,910,"Yellow-throated Toucan","Ramphastos ambiguus","#c06a00","avian","https://media.birdweather.com/species/910/Yellow-throatedToucan-standard-c61d4f6e96783b3528d921236aa42942.jpg","https://media.birdweather.com/species/910/Yellow-throatedToucan-thumbnail-a6981d720206d172928a331dc8d7e816.jpg","https://media.birdweather.com/species/910/Yellow-throatedToucan-png200-cc8cb7fe0b250168ace5834450b25cc2.png","19gFFwIfZIcViIipp0OnSJil99PbgM8I",17535301586,"https://media.birdweather.com/soundscapes/19267/19267-20260929-162502.flac",1.5,4.5,"live"
11447291047,"1790699090-11447291047",19267,"2026-09-29T10:24:50.000-06:00",0.959556698799133,0.295399814844131,8.21805683166537,"almost_certain","BirdNET",NA,10.2198,-83.7874,FALSE,910,"Yellow-throated Toucan","Ramphastos ambiguus","#c06a00","avian","https://media.birdweather.com/species/910/Yellow-throatedToucan-standard-c61d4f6e96783b3528d921236aa42942.jpg","https://media.birdweather.com/species/910/Yellow-throatedToucan-thumbnail-a6981d720206d172928a331dc8d7e816.jpg","https://media.birdweather.com/species/910/Yellow-throatedToucan-png200-cc8cb7fe0b250168ace5834450b25cc2.png","19gFFwIfZIcViIipp0OnSJil99PbgM8I",17535295042,"https://media.birdweather.com/soundscapes/19267/19267-20260929-162447.flac",3,6,"live"
11447291045,"1790699088-11447291045",19267,"2026-09-29T10:24:48.500-06:00",0.908745288848877,0.295399814844131,8.10822666405583,"almost_certain","BirdNET",NA,10.2198,-83.7874,FALSE,910,"Yellow-throated Toucan","Ramphastos ambiguus","#c06a00","avian","https://media.birdweather.com/species/910/Yellow-throatedToucan-standard-c61d4f6e96783b3528d921236aa42942.jpg","https://media.birdweather.com/species/910/Yellow-throatedToucan-thumbnail-a6981d720206d172928a331dc8d7e816.jpg","https://media.birdweather.com/species/910/Yellow-throatedToucan-png200-cc8cb7fe0b250168ace5834450b25cc2.png","19gFFwIfZIcViIipp0OnSJil99PbgM8I",17535295042,"https://media.birdweather.com/soundscapes/19267/19267-20260929-162447.flac",1.5,4.5,"live"
11447274221,"1790699035-11447274221",19267,"2026-09-29T10:23:55.500-06:00",0.906323611736298,0.295399874448776,8.10276600319646,"almost_certain","BirdNET",NA,10.2198,-83.7874,FALSE,910,"Yellow-throated Toucan","Ramphastos ambiguus","#c06a00","avian","https://media.birdweather.com/species/910/Yellow-throatedToucan-standard-c61d4f6e96783b3528d921236aa42942.jpg","https://media.birdweather.com/species/910/Yellow-throatedToucan-thumbnail-a6981d720206d172928a331dc8d7e816.jpg","https://media.birdweather.com/species/910/Yellow-throatedToucan-png200-cc8cb7fe0b250168ace5834450b25cc2.png","19gFFwIfZIcViIipp0OnSJil99PbgM8I",17535267209,"https://media.birdweather.com/soundscapes/19267/19267-20260929-162354.flac",1.5,4.5,"live"
11447074582,"1790698388-11447074582",19267,"2026-09-29T10:13:08.000-06:00",0.938280761241913,0.756517291069031,9.43385755073387,"almost_certain","BirdNET",NA,10.2198,-83.7874,FALSE,229,"Great Kiskadee","Pitangus sulphuratus","#7d4410","avian","https://media.birdweather.com/species/229/GreatKiskadee-standard-cd28a1b8e8b8e5aed433e809c229004e.jpg","https://media.birdweather.com/species/229/GreatKiskadee-thumbnail-b2749ed2442fb322cf3c4cb72f9c97f6.jpg","https://media.birdweather.com/species/229/GreatKiskadee-png200-003973af4f863deb00a4ce9b6f10e59c.png","0PgFDwIrhYqfZJh1mVe3SZZ3uKEJBncG",17534936884,"https://media.birdweather.com/soundscapes/19267/19267-20260929-161302.flac",6,9,"live"
11447074575,"1790698386-11447074575",19267,"2026-09-29T10:13:06.500-06:00",0.877128303050995,0.756517291069031,9.29587985421889,"almost_certain","BirdNET",NA,10.2198,-83.7874,FALSE,229,"Great Kiskadee","Pitangus sulphuratus","#7d4410","avian","https://media.birdweather.com/species/229/GreatKiskadee-standard-cd28a1b8e8b8e5aed433e809c229004e.jpg","https://media.birdweather.com/species/229/GreatKiskadee-thumbnail-b2749ed2442fb322cf3c4cb72f9c97f6.jpg","https://media.birdweather.com/species/229/GreatKiskadee-png200-003973af4f863deb00a4ce9b6f10e59c.png","0PgFDwIrhYqfZJh1mVe3SZZ3uKEJBncG",17534936884,"https://media.birdweather.com/soundscapes/19267/19267-20260929-161302.flac",4.5,7.5,"live"
11447074572,"1790698385-11447074572",19267,"2026-09-29T10:13:05.000-06:00",0.881465554237366,0.756517291069031,9.30613722239964,"almost_certain","BirdNET",NA,10.2198,-83.7874,FALSE,229,"Great Kiskadee","Pitangus sulphuratus","#7d4410","avian","https://media.birdweather.com/species/229/GreatKiskadee-standard-cd28a1b8e8b8e5aed433e809c229004e.jpg","https://media.birdweather.com/species/229/GreatKiskadee-thumbnail-b2749ed2442fb322cf3c4cb72f9c97f6.jpg","https://media.birdweather.com/species/229/GreatKiskadee-png200-003973af4f863deb00a4ce9b6f10e59c.png","0PgFDwIrhYqfZJh1mVe3SZZ3uKEJBncG",17534936884,"https://media.birdweather.com/soundscapes/19267/19267-20260929-161302.flac",3,6,"live"
11447074564,"1790698383-11447074564",19267,"2026-09-29T10:13:03.500-06:00",0.897368907928467,0.756517291069031,9.34310410313213,"almost_certain","BirdNET",NA,10.2198,-83.7874,FALSE,229,"Great Kiskadee","Pitangus sulphuratus","#7d4410","avian","https://media.birdweather.com/species/229/GreatKiskadee-standard-cd28a1b8e8b8e5aed433e809c229004e.jpg","https://media.birdweather.com/species/229/GreatKiskadee-thumbnail-b2749ed2442fb322cf3c4cb72f9c97f6.jpg","https://media.birdweather.com/species/229/GreatKiskadee-png200-003973af4f863deb00a4ce9b6f10e59c.png","0PgFDwIrhYqfZJh1mVe3SZZ3uKEJBncG",17534936884,"https://media.birdweather.com/soundscapes/19267/19267-20260929-161302.flac",1.5,4.5,"live"
11447005049,"1790698155-11447005049",19267,"2026-09-29T10:09:15.000-06:00",0.810688853263855,0.756523489952087,9.12833432048381,"almost_certain","BirdNET",NA,10.2198,-83.7874,FALSE,229,"Great Kiskadee","Pitangus sulphuratus","#7d4410","avian","https://media.birdweather.com/species/229/GreatKiskadee-standard-cd28a1b8e8b8e5aed433e809c229004e.jpg","https://media.birdweather.com/species/229/GreatKiskadee-thumbnail-b2749ed2442fb322cf3c4cb72f9c97f6.jpg","https://media.birdweather.com/species/229/GreatKiskadee-png200-003973af4f863deb00a4ce9b6f10e59c.png","0PgFDwIrhYqfZJh1mVe3SZZ3uKEJBncG",17534820058,"https://media.birdweather.com/soundscapes/19267/19267-20260929-160912.flac",3,6,"live"
11447005047,"1790698153-11447005047",19267,"2026-09-29T10:09:13.500-06:00",0.770378470420837,0.756523489952087,9.01568897467285,"almost_certain","BirdNET",NA,10.2198,-83.7874,FALSE,229,"Great Kiskadee","Pitangus sulphuratus","#7d4410","avian","https://media.birdweather.com/species/229/GreatKiskadee-standard-cd28a1b8e8b8e5aed433e809c229004e.jpg","https://media.birdweather.com/species/229/GreatKiskadee-thumbnail-b2749ed2442fb322cf3c4cb72f9c97f6.jpg","https://media.birdweather.com/species/229/GreatKiskadee-png200-003973af4f863deb00a4ce9b6f10e59c.png","0PgFDwIrhYqfZJh1mVe3SZZ3uKEJBncG",17534820058,"https://media.birdweather.com/soundscapes/19267/19267-20260929-160912.flac",1.5,4.5,"live"
11447001228,"1790698145-11447001228",19267,"2026-09-29T10:09:05.000-06:00",0.883645176887512,0.756523489952087,9.31127414322578,"almost_certain","BirdNET",NA,10.2198,-83.7874,FALSE,229,"Great Kiskadee","Pitangus sulphuratus","#7d4410","avian","https://media.birdweather.com/species/229/GreatKiskadee-standard-cd28a1b8e8b8e5aed433e809c229004e.jpg","https://media.birdweather.com/species/229/GreatKiskadee-thumbnail-b2749ed2442fb322cf3c4cb72f9c97f6.jpg","https://media.birdweather.com/species/229/GreatKiskadee-png200-003973af4f863deb00a4ce9b6f10e59c.png","0PgFDwIrhYqfZJh1mVe3SZZ3uKEJBncG",17534813671,"https://media.birdweather.com/soundscapes/19267/19267-20260929-160859.flac",6,9,"live"
11447001227,"1790698143-11447001227",19267,"2026-09-29T10:09:03.500-06:00",0.957954108715057,0.756523489952087,9.47545762971533,"almost_certain","BirdNET",NA,10.2198,-83.7874,FALSE,229,"Great Kiskadee","Pitangus sulphuratus","#7d4410","avian","https://media.birdweather.com/species/229/GreatKiskadee-standard-cd28a1b8e8b8e5aed433e809c229004e.jpg","https://media.birdweather.com/species/229/GreatKiskadee-thumbnail-b2749ed2442fb322cf3c4cb72f9c97f6.jpg","https://media.birdweather.com/species/229/GreatKiskadee-png200-003973af4f863deb00a4ce9b6f10e59c.png","0PgFDwIrhYqfZJh1mVe3SZZ3uKEJBncG",17534813671,"https://media.birdweather.com/soundscapes/19267/19267-20260929-160859.flac",4.5,7.5,"live"
11447001225,"1790698142-11447001225",19267,"2026-09-29T10:09:02.000-06:00",0.982586264610291,0.756523489952087,9.52581023818002,"almost_certain","BirdNET",NA,10.2198,-83.7874,FALSE,229,"Great Kiskadee","Pitangus sulphuratus","#7d4410","avian","https://media.birdweather.com/species/229/GreatKiskadee-standard-cd28a1b8e8b8e5aed433e809c229004e.jpg","https://media.birdweather.com/species/229/GreatKiskadee-thumbnail-b2749ed2442fb322cf3c4cb72f9c97f6.jpg","https://media.birdweather.com/species/229/GreatKiskadee-png200-003973af4f863deb00a4ce9b6f10e59c.png","0PgFDwIrhYqfZJh1mVe3SZZ3uKEJBncG",17534813671,"https://media.birdweather.com/soundscapes/19267/19267-20260929-160859.flac",3,6,"live"
11447001222,"1790698140-11447001222",19267,"2026-09-29T10:09:00.500-06:00",0.913945734500885,0.756523489952087,9.38061439106675,"almost_certain","BirdNET",NA,10.2198,-83.7874,FALSE,229,"Great Kiskadee","Pitangus sulphuratus","#7d4410","avian","https://media.birdweather.com/species/229/GreatKiskadee-standard-cd28a1b8e8b8e5aed433e809c229004e.jpg","https://media.birdweather.com/species/229/GreatKiskadee-thumbnail-b2749ed2442fb322cf3c4cb72f9c97f6.jpg","https://media.birdweather.com/species/229/GreatKiskadee-png200-003973af4f863deb00a4ce9b6f10e59c.png","0PgFDwIrhYqfZJh1mVe3SZZ3uKEJBncG",17534813671,"https://media.birdweather.com/soundscapes/19267/19267-20260929-160859.flac",1.5,4.5,"live"
11446947659,"1790697968-11446947659",19267,"2026-09-29T10:06:08.000-06:00",0.915555834770203,0.537796795368195,8.92393609121319,"almost_certain","BirdNET",NA,10.2198,-83.7874,FALSE,802,"Rufous-tailed Hummingbird","Amazilia tzacatl","#d9c845","avian","https://media.birdweather.com/species/802/Rufous-tailedHummingbird-standard-4d0209b50ad0c35c6d8337f5c0c16b55.jpg","https://media.birdweather.com/species/802/Rufous-tailedHummingbird-thumbnail-fbf17400c31564f70aa45927c5d75f5e.jpg","https://media.birdweather.com/species/802/Rufous-tailedHummingbird-png200-8ea431c9893cfe027e92471791a8c256.png","mPkJFwIHqJeJl4lriIaGhYh3+H+oVGAH",17534723830,"https://media.birdweather.com/soundscapes/19267/19267-20260929-160602.flac",6,9,"live"
11446947649,"1790697966-11446947649",19267,"2026-09-29T10:06:06.500-06:00",0.931139826774597,0.537796795368195,8.95818852640474,"almost_certain","BirdNET",NA,10.2198,-83.7874,FALSE,802,"Rufous-tailed Hummingbird","Amazilia tzacatl","#d9c845","avian","https://media.birdweather.com/species/802/Rufous-tailedHummingbird-standard-4d0209b50ad0c35c6d8337f5c0c16b55.jpg","https://media.birdweather.com/species/802/Rufous-tailedHummingbird-thumbnail-fbf17400c31564f70aa45927c5d75f5e.jpg","https://media.birdweather.com/species/802/Rufous-tailedHummingbird-png200-8ea431c9893cfe027e92471791a8c256.png","mPkJFwIHqJeJl4lriIaGhYh3+H+oVGAH",17534723830,"https://media.birdweather.com/soundscapes/19267/19267-20260929-160602.flac",4.5,7.5,"live"
11446947646,"1790697965-11446947646",19267,"2026-09-29T10:06:05.000-06:00",0.848692536354065,0.537796795368195,8.76640333342094,"almost_certain","BirdNET",NA,10.2198,-83.7874,FALSE,802,"Rufous-tailed Hummingbird","Amazilia tzacatl","#d9c845","avian","https://media.birdweather.com/species/802/Rufous-tailedHummingbird-standard-4d0209b50ad0c35c6d8337f5c0c16b55.jpg","https://media.birdweather.com/species/802/Rufous-tailedHummingbird-thumbnail-fbf17400c31564f70aa45927c5d75f5e.jpg","https://media.birdweather.com/species/802/Rufous-tailedHummingbird-png200-8ea431c9893cfe027e92471791a8c256.png","mPkJFwIHqJeJl4lriIaGhYh3+H+oVGAH",17534723830,"https://media.birdweather.com/soundscapes/19267/19267-20260929-160602.flac",3,6,"live"
11446947641,"1790697963-11446947641",19267,"2026-09-29T10:06:03.500-06:00",0.88767147064209,0.537796795368195,8.86042619613807,"almost_certain","BirdNET",NA,10.2198,-83.7874,FALSE,802,"Rufous-tailed Hummingbird","Amazilia tzacatl","#d9c845","avian","https://media.birdweather.com/species/802/Rufous-tailedHummingbird-standard-4d0209b50ad0c35c6d8337f5c0c16b55.jpg","https://media.birdweather.com/species/802/Rufous-tailedHummingbird-thumbnail-fbf17400c31564f70aa45927c5d75f5e.jpg","https://media.birdweather.com/species/802/Rufous-tailedHummingbird-png200-8ea431c9893cfe027e92471791a8c256.png","mPkJFwIHqJeJl4lriIaGhYh3+H+oVGAH",17534723830,"https://media.birdweather.com/soundscapes/19267/19267-20260929-160602.flac",1.5,4.5,"live"
11446947637,"1790697962-11446947637",19267,"2026-09-29T10:06:02.000-06:00",0.830514788627625,0.537796795368195,8.7202474756689,"almost_certain","BirdNET",NA,10.2198,-83.7874,FALSE,802,"Rufous-tailed Hummingbird","Amazilia tzacatl","#d9c845","avian","https://media.birdweather.com/species/802/Rufous-tailedHummingbird-standard-4d0209b50ad0c35c6d8337f5c0c16b55.jpg","https://media.birdweather.com/species/802/Rufous-tailedHummingbird-thumbnail-fbf17400c31564f70aa45927c5d75f5e.jpg","https://media.birdweather.com/species/802/Rufous-tailedHummingbird-png200-8ea431c9893cfe027e92471791a8c256.png","mPkJFwIHqJeJl4lriIaGhYh3+H+oVGAH",17534723830,"https://media.birdweather.com/soundscapes/19267/19267-20260929-160602.flac",0,3,"live"
11446930982,"1790697911-11446930982",19267,"2026-09-29T10:05:11.000-06:00",0.955025732517242,0.756529450416565,9.46935717286938,"almost_certain","BirdNET",NA,10.2198,-83.7874,FALSE,229,"Great Kiskadee","Pitangus sulphuratus","#7d4410","avian","https://media.birdweather.com/species/229/GreatKiskadee-standard-cd28a1b8e8b8e5aed433e809c229004e.jpg","https://media.birdweather.com/species/229/GreatKiskadee-thumbnail-b2749ed2442fb322cf3c4cb72f9c97f6.jpg","https://media.birdweather.com/species/229/GreatKiskadee-png200-003973af4f863deb00a4ce9b6f10e59c.png","0PgFDwIrhYqfZJh1mVe3SZZ3uKEJBncG",17534696125,"https://media.birdweather.com/soundscapes/19267/19267-20260929-160505.flac",6,9,"live"
11446930981,"1790697908-11446930981",19267,"2026-09-29T10:05:08.000-06:00",0.881922245025635,0.756529450416565,9.30723454859031,"almost_certain","BirdNET",NA,10.2198,-83.7874,FALSE,229,"Great Kiskadee","Pitangus sulphuratus","#7d4410","avian","https://media.birdweather.com/species/229/GreatKiskadee-standard-cd28a1b8e8b8e5aed433e809c229004e.jpg","https://media.birdweather.com/species/229/GreatKiskadee-thumbnail-b2749ed2442fb322cf3c4cb72f9c97f6.jpg","https://media.birdweather.com/species/229/GreatKiskadee-png200-003973af4f863deb00a4ce9b6f10e59c.png","0PgFDwIrhYqfZJh1mVe3SZZ3uKEJBncG",17534696125,"https://media.birdweather.com/soundscapes/19267/19267-20260929-160505.flac",3,6,"live"
11446930980,"1790697906-11446930980",19267,"2026-09-29T10:05:06.500-06:00",0.839261114597321,0.756529450416565,9.20292693678617,"almost_certain","BirdNET",NA,10.2198,-83.7874,FALSE,229,"Great Kiskadee","Pitangus sulphuratus","#7d4410","avian","https://media.birdweather.com/species/229/GreatKiskadee-standard-cd28a1b8e8b8e5aed433e809c229004e.jpg","https://media.birdweather.com/species/229/GreatKiskadee-thumbnail-b2749ed2442fb322cf3c4cb72f9c97f6.jpg","https://media.birdweather.com/species/229/GreatKiskadee-png200-003973af4f863deb00a4ce9b6f10e59c.png","0PgFDwIrhYqfZJh1mVe3SZZ3uKEJBncG",17534696125,"https://media.birdweather.com/soundscapes/19267/19267-20260929-160505.flac",1.5,4.5,"live"
11446930979,"1790697905-11446930979",19267,"2026-09-29T10:05:05.000-06:00",0.908502101898193,0.756529450416565,9.36842358120566,"almost_certain","BirdNET",NA,10.2198,-83.7874,FALSE,229,"Great Kiskadee","Pitangus sulphuratus","#7d4410","avian","https://media.birdweather.com/species/229/GreatKiskadee-standard-cd28a1b8e8b8e5aed433e809c229004e.jpg","https://media.birdweather.com/species/229/GreatKiskadee-thumbnail-b2749ed2442fb322cf3c4cb72f9c97f6.jpg","https://media.birdweather.com/species/229/GreatKiskadee-png200-003973af4f863deb00a4ce9b6f10e59c.png","0PgFDwIrhYqfZJh1mVe3SZZ3uKEJBncG",17534696125,"https://media.birdweather.com/soundscapes/19267/19267-20260929-160505.flac",0,3,"live"
11446373630,"1790696081-11446373630",19267,"2026-09-29T09:34:41.000-06:00",0.9433713555336,0.75652414560318,9.44475286558366,"almost_certain","BirdNET",NA,10.2198,-83.7874,FALSE,229,"Great Kiskadee","Pitangus sulphuratus","#7d4410","avian","https://media.birdweather.com/species/229/GreatKiskadee-standard-cd28a1b8e8b8e5aed433e809c229004e.jpg","https://media.birdweather.com/species/229/GreatKiskadee-thumbnail-b2749ed2442fb322cf3c4cb72f9c97f6.jpg","https://media.birdweather.com/species/229/GreatKiskadee-png200-003973af4f863deb00a4ce9b6f10e59c.png","0PgFDwIrhYqfZJh1mVe3SZZ3uKEJBncG",17533771327,"https://media.birdweather.com/soundscapes/19267/19267-20260929-153438.flac",3,6,"live"
11446361287,"1790696040-11446361287",19267,"2026-09-29T09:34:00.000-06:00",0.729763388633728,0.756524443626404,8.89197580394761,"almost_certain","BirdNET",NA,10.2198,-83.7874,FALSE,229,"Great Kiskadee","Pitangus sulphuratus","#7d4410","avian","https://media.birdweather.com/species/229/GreatKiskadee-standard-cd28a1b8e8b8e5aed433e809c229004e.jpg","https://media.birdweather.com/species/229/GreatKiskadee-thumbnail-b2749ed2442fb322cf3c4cb72f9c97f6.jpg","https://media.birdweather.com/species/229/GreatKiskadee-png200-003973af4f863deb00a4ce9b6f10e59c.png","0PgFDwIrhYqfZJh1mVe3SZZ3uKEJBncG",17533750940,"https://media.birdweather.com/soundscapes/19267/19267-20260929-153357.flac",3,6,"live"
11446298139,"1790695834-11446298139",19267,"2026-09-29T09:30:34.500-06:00",0.955312967300415,0.756524503231049,9.46994895672056,"almost_certain","BirdNET",NA,10.2198,-83.7874,FALSE,229,"Great Kiskadee","Pitangus sulphuratus","#7d4410","avian","https://media.birdweather.com/species/229/GreatKiskadee-standard-cd28a1b8e8b8e5aed433e809c229004e.jpg","https://media.birdweather.com/species/229/GreatKiskadee-thumbnail-b2749ed2442fb322cf3c4cb72f9c97f6.jpg","https://media.birdweather.com/species/229/GreatKiskadee-png200-003973af4f863deb00a4ce9b6f10e59c.png","0PgFDwIrhYqfZJh1mVe3SZZ3uKEJBncG",17533648009,"https://media.birdweather.com/soundscapes/19267/19267-20260929-153033.flac",1.5,4.5,"live"
11446298133,"1790695833-11446298133",19267,"2026-09-29T09:30:33.000-06:00",0.761674046516418,0.756524503231049,8.99010122450996,"almost_certain","BirdNET",NA,10.2198,-83.7874,FALSE,229,"Great Kiskadee","Pitangus sulphuratus","#7d4410","avian","https://media.birdweather.com/species/229/GreatKiskadee-standard-cd28a1b8e8b8e5aed433e809c229004e.jpg","https://media.birdweather.com/species/229/GreatKiskadee-thumbnail-b2749ed2442fb322cf3c4cb72f9c97f6.jpg","https://media.birdweather.com/species/229/GreatKiskadee-png200-003973af4f863deb00a4ce9b6f10e59c.png","0PgFDwIrhYqfZJh1mVe3SZZ3uKEJBncG",17533648009,"https://media.birdweather.com/soundscapes/19267/19267-20260929-153033.flac",0,3,"live"
11445900821,"1790694556-11445900821",19267,"2026-09-29T09:09:16.500-06:00",0.924518465995789,0.756527304649353,9.40401307458686,"almost_certain","BirdNET",NA,10.2198,-83.7874,FALSE,229,"Great Kiskadee","Pitangus sulphuratus","#7d4410","avian","https://media.birdweather.com/species/229/GreatKiskadee-standard-cd28a1b8e8b8e5aed433e809c229004e.jpg","https://media.birdweather.com/species/229/GreatKiskadee-thumbnail-b2749ed2442fb322cf3c4cb72f9c97f6.jpg","https://media.birdweather.com/species/229/GreatKiskadee-png200-003973af4f863deb00a4ce9b6f10e59c.png","0PgFDwIrhYqfZJh1mVe3SZZ3uKEJBncG",17532999609,"https://media.birdweather.com/soundscapes/19267/19267-20260929-150912.flac",4.5,7.5,"live"
11445896256,"1790694542-11445896256",19267,"2026-09-29T09:09:02.500-06:00",0.74772709608078,0.756527304649353,8.94808116799646,"almost_certain","BirdNET",NA,10.2198,-83.7874,FALSE,229,"Great Kiskadee","Pitangus sulphuratus","#7d4410","avian","https://media.birdweather.com/species/229/GreatKiskadee-standard-cd28a1b8e8b8e5aed433e809c229004e.jpg","https://media.birdweather.com/species/229/GreatKiskadee-thumbnail-b2749ed2442fb322cf3c4cb72f9c97f6.jpg","https://media.birdweather.com/species/229/GreatKiskadee-png200-003973af4f863deb00a4ce9b6f10e59c.png","0PgFDwIrhYqfZJh1mVe3SZZ3uKEJBncG",17532992293,"https://media.birdweather.com/soundscapes/19267/19267-20260929-150858.flac",4.5,7.5,"live"
11445896250,"1790694539-11445896250",19267,"2026-09-29T09:08:59.500-06:00",0.790891289710999,0.756527304649353,9.07417433924367,"almost_certain","BirdNET",NA,10.2198,-83.7874,FALSE,229,"Great Kiskadee","Pitangus sulphuratus","#7d4410","avian","https://media.birdweather.com/species/229/GreatKiskadee-standard-cd28a1b8e8b8e5aed433e809c229004e.jpg","https://media.birdweather.com/species/229/GreatKiskadee-thumbnail-b2749ed2442fb322cf3c4cb72f9c97f6.jpg","https://media.birdweather.com/species/229/GreatKiskadee-png200-003973af4f863deb00a4ce9b6f10e59c.png","0PgFDwIrhYqfZJh1mVe3SZZ3uKEJBncG",17532992293,"https://media.birdweather.com/soundscapes/19267/19267-20260929-150858.flac",1.5,4.5,"live"
11445874291,"1790694472-11445874291",19267,"2026-09-29T09:07:52.500-06:00",0.842240393161774,0.756527304649353,9.21047116692174,"almost_certain","BirdNET",NA,10.2198,-83.7874,FALSE,229,"Great Kiskadee","Pitangus sulphuratus","#7d4410","avian","https://media.birdweather.com/species/229/GreatKiskadee-standard-cd28a1b8e8b8e5aed433e809c229004e.jpg","https://media.birdweather.com/species/229/GreatKiskadee-thumbnail-b2749ed2442fb322cf3c4cb72f9c97f6.jpg","https://media.birdweather.com/species/229/GreatKiskadee-png200-003973af4f863deb00a4ce9b6f10e59c.png","0PgFDwIrhYqfZJh1mVe3SZZ3uKEJBncG",17532958629,"https://media.birdweather.com/soundscapes/19267/19267-20260929-150751.flac",1.5,4.5,"live"
11445874283,"1790694471-11445874283",19267,"2026-09-29T09:07:51.000-06:00",0.902095139026642,0.756527304649353,9.35391843917927,"almost_certain","BirdNET",NA,10.2198,-83.7874,FALSE,229,"Great Kiskadee","Pitangus sulphuratus","#7d4410","avian","https://media.birdweather.com/species/229/GreatKiskadee-standard-cd28a1b8e8b8e5aed433e809c229004e.jpg","https://media.birdweather.com/species/229/GreatKiskadee-thumbnail-b2749ed2442fb322cf3c4cb72f9c97f6.jpg","https://media.birdweather.com/species/229/GreatKiskadee-png200-003973af4f863deb00a4ce9b6f10e59c.png","0PgFDwIrhYqfZJh1mVe3SZZ3uKEJBncG",17532958629,"https://media.birdweather.com/soundscapes/19267/19267-20260929-150751.flac",0,3,"live"
11445865646,"1790694439-11445865646",19267,"2026-09-29T09:07:19.000-06:00",0.915112733840942,0.756527304649353,9.38322285836098,"almost_certain","BirdNET",NA,10.2198,-83.7874,FALSE,229,"Great Kiskadee","Pitangus sulphuratus","#7d4410","avian","https://media.birdweather.com/species/229/GreatKiskadee-standard-cd28a1b8e8b8e5aed433e809c229004e.jpg","https://media.birdweather.com/species/229/GreatKiskadee-thumbnail-b2749ed2442fb322cf3c4cb72f9c97f6.jpg","https://media.birdweather.com/species/229/GreatKiskadee-png200-003973af4f863deb00a4ce9b6f10e59c.png","0PgFDwIrhYqfZJh1mVe3SZZ3uKEJBncG",17532944914,"https://media.birdweather.com/soundscapes/19267/19267-20260929-150719.flac",0,3,"live"
11445851192,"1790694403-11445851192",19267,"2026-09-29T09:06:43.500-06:00",0.720885753631592,0.756523311138153,8.86337726236166,"almost_certain","BirdNET",NA,10.2198,-83.7874,FALSE,229,"Great Kiskadee","Pitangus sulphuratus","#7d4410","avian","https://media.birdweather.com/species/229/GreatKiskadee-standard-cd28a1b8e8b8e5aed433e809c229004e.jpg","https://media.birdweather.com/species/229/GreatKiskadee-thumbnail-b2749ed2442fb322cf3c4cb72f9c97f6.jpg","https://media.birdweather.com/species/229/GreatKiskadee-png200-003973af4f863deb00a4ce9b6f10e59c.png","0PgFDwIrhYqfZJh1mVe3SZZ3uKEJBncG",17532922156,"https://media.birdweather.com/soundscapes/19267/19267-20260929-150639.flac",4.5,7.5,"live"
11445851190,"1790694402-11445851190",19267,"2026-09-29T09:06:42.000-06:00",0.947546899318695,0.756523311138153,9.45361408085659,"almost_certain","BirdNET",NA,10.2198,-83.7874,FALSE,229,"Great Kiskadee","Pitangus sulphuratus","#7d4410","avian","https://media.birdweather.com/species/229/GreatKiskadee-standard-cd28a1b8e8b8e5aed433e809c229004e.jpg","https://media.birdweather.com/species/229/GreatKiskadee-thumbnail-b2749ed2442fb322cf3c4cb72f9c97f6.jpg","https://media.birdweather.com/species/229/GreatKiskadee-png200-003973af4f863deb00a4ce9b6f10e59c.png","0PgFDwIrhYqfZJh1mVe3SZZ3uKEJBncG",17532922156,"https://media.birdweather.com/soundscapes/19267/19267-20260929-150639.flac",3,6,"live"
11445768525,"1790694143-11445768525",19267,"2026-09-29T09:02:23.500-06:00",0.849842548370361,0.756523311138153,9.22953789358891,"almost_certain","BirdNET",NA,10.2198,-83.7874,FALSE,229,"Great Kiskadee","Pitangus sulphuratus","#7d4410","avian","https://media.birdweather.com/species/229/GreatKiskadee-standard-cd28a1b8e8b8e5aed433e809c229004e.jpg","https://media.birdweather.com/species/229/GreatKiskadee-thumbnail-b2749ed2442fb322cf3c4cb72f9c97f6.jpg","https://media.birdweather.com/species/229/GreatKiskadee-png200-003973af4f863deb00a4ce9b6f10e59c.png","0PgFDwIrhYqfZJh1mVe3SZZ3uKEJBncG",17532791694,"https://media.birdweather.com/soundscapes/19267/19267-20260929-150219.flac",4.5,7.5,"live"
11445705204,"1790693945-11445705204",19267,"2026-09-29T08:59:05.000-06:00",0.945120930671692,0.75652402639389,9.44847315506299,"almost_certain","BirdNET",NA,10.2198,-83.7874,FALSE,229,"Great Kiskadee","Pitangus sulphuratus","#7d4410","avian","https://media.birdweather.com/species/229/GreatKiskadee-standard-cd28a1b8e8b8e5aed433e809c229004e.jpg","https://media.birdweather.com/species/229/GreatKiskadee-thumbnail-b2749ed2442fb322cf3c4cb72f9c97f6.jpg","https://media.birdweather.com/species/229/GreatKiskadee-png200-003973af4f863deb00a4ce9b6f10e59c.png","0PgFDwIrhYqfZJh1mVe3SZZ3uKEJBncG",17532691402,"https://media.birdweather.com/soundscapes/19267/19267-20260929-145859.flac",6,9,"live"
11445705199,"1790693943-11445705199",19267,"2026-09-29T08:59:03.500-06:00",0.850427985191345,0.75652402639389,9.23099708343724,"almost_certain","BirdNET",NA,10.2198,-83.7874,FALSE,229,"Great Kiskadee","Pitangus sulphuratus","#7d4410","avian","https://media.birdweather.com/species/229/GreatKiskadee-standard-cd28a1b8e8b8e5aed433e809c229004e.jpg","https://media.birdweather.com/species/229/GreatKiskadee-thumbnail-b2749ed2442fb322cf3c4cb72f9c97f6.jpg","https://media.birdweather.com/species/229/GreatKiskadee-png200-003973af4f863deb00a4ce9b6f10e59c.png","0PgFDwIrhYqfZJh1mVe3SZZ3uKEJBncG",17532691402,"https://media.birdweather.com/soundscapes/19267/19267-20260929-145859.flac",4.5,7.5,"live"
11445524863,"1790693384-11445524863",19267,"2026-09-29T08:49:44.000-06:00",0.870505750179291,0.231051534414291,7.69518847806333,"almost_certain","BirdNET",NA,10.2198,-83.7874,FALSE,501,"White-winged Dove","Zenaida asiatica","#d16ff8","avian","https://media.birdweather.com/species/501/White-wingedDove-standard-6528ef689b07d5a91f1c2275cdef19c9.jpg","https://media.birdweather.com/species/501/White-wingedDove-thumbnail-4a940adfd5a6c78c73c48c5095e7b896.jpg","https://media.birdweather.com/species/501/White-wingedDove-png200-d65decd3d571b5a9dbeca249ef97689f.png","IscJLwb6hoVelZWZdoh3eIeIdxBoB4IG",17532410229,"https://media.birdweather.com/soundscapes/19267/19267-20260929-144938.flac",6,9,"live"
11445524854,"1790693378-11445524854",19267,"2026-09-29T08:49:38.000-06:00",0.771972715854645,0.231051534414291,7.43543364227057,"almost_certain","BirdNET",NA,10.2198,-83.7874,FALSE,501,"White-winged Dove","Zenaida asiatica","#d16ff8","avian","https://media.birdweather.com/species/501/White-wingedDove-standard-6528ef689b07d5a91f1c2275cdef19c9.jpg","https://media.birdweather.com/species/501/White-wingedDove-thumbnail-4a940adfd5a6c78c73c48c5095e7b896.jpg","https://media.birdweather.com/species/501/White-wingedDove-png200-d65decd3d571b5a9dbeca249ef97689f.png","IscJLwb6hoVelZWZdoh3eIeIdxBoB4IG",17532410229,"https://media.birdweather.com/soundscapes/19267/19267-20260929-144938.flac",0,3,"live"
11445520702,"1790693369-11445520702",19267,"2026-09-29T08:49:29.500-06:00",0.776038229465485,0.231051534414291,7.44718411375842,"almost_certain","BirdNET",NA,10.2198,-83.7874,FALSE,501,"White-winged Dove","Zenaida asiatica","#d16ff8","avian","https://media.birdweather.com/species/501/White-wingedDove-standard-6528ef689b07d5a91f1c2275cdef19c9.jpg","https://media.birdweather.com/species/501/White-wingedDove-thumbnail-4a940adfd5a6c78c73c48c5095e7b896.jpg","https://media.birdweather.com/species/501/White-wingedDove-png200-d65decd3d571b5a9dbeca249ef97689f.png","IscJLwb6hoVelZWZdoh3eIeIdxBoB4IG",17532403750,"https://media.birdweather.com/soundscapes/19267/19267-20260929-144925.flac",4.5,7.5,"live"
11445520688,"1790693368-11445520688",19267,"2026-09-29T08:49:28.000-06:00",0.844155669212341,0.231051534414291,7.63040407440429,"almost_certain","BirdNET",NA,10.2198,-83.7874,FALSE,501,"White-winged Dove","Zenaida asiatica","#d16ff8","avian","https://media.birdweather.com/species/501/White-wingedDove-standard-6528ef689b07d5a91f1c2275cdef19c9.jpg","https://media.birdweather.com/species/501/White-wingedDove-thumbnail-4a940adfd5a6c78c73c48c5095e7b896.jpg","https://media.birdweather.com/species/501/White-wingedDove-png200-d65decd3d571b5a9dbeca249ef97689f.png","IscJLwb6hoVelZWZdoh3eIeIdxBoB4IG",17532403750,"https://media.birdweather.com/soundscapes/19267/19267-20260929-144925.flac",3,6,"live"
11445480393,"1790693246-11445480393",19267,"2026-09-29T08:47:26.000-06:00",0.953049898147583,0.756527602672577,9.46521512634272,"almost_certain","BirdNET",NA,10.2198,-83.7874,FALSE,229,"Great Kiskadee","Pitangus sulphuratus","#7d4410","avian","https://media.birdweather.com/species/229/GreatKiskadee-standard-cd28a1b8e8b8e5aed433e809c229004e.jpg","https://media.birdweather.com/species/229/GreatKiskadee-thumbnail-b2749ed2442fb322cf3c4cb72f9c97f6.jpg","https://media.birdweather.com/species/229/GreatKiskadee-png200-003973af4f863deb00a4ce9b6f10e59c.png","0PgFDwIrhYqfZJh1mVe3SZZ3uKEJBncG",17532340913,"https://media.birdweather.com/soundscapes/19267/19267-20260929-144720.flac",6,9,"live"
11445480390,"1790693244-11445480390",19267,"2026-09-29T08:47:24.500-06:00",0.968191862106323,0.756527602672577,9.49661800735787,"almost_certain","BirdNET",NA,10.2198,-83.7874,FALSE,229,"Great Kiskadee","Pitangus sulphuratus","#7d4410","avian","https://media.birdweather.com/species/229/GreatKiskadee-standard-cd28a1b8e8b8e5aed433e809c229004e.jpg","https://media.birdweather.com/species/229/GreatKiskadee-thumbnail-b2749ed2442fb322cf3c4cb72f9c97f6.jpg","https://media.birdweather.com/species/229/GreatKiskadee-png200-003973af4f863deb00a4ce9b6f10e59c.png","0PgFDwIrhYqfZJh1mVe3SZZ3uKEJBncG",17532340913,"https://media.birdweather.com/soundscapes/19267/19267-20260929-144720.flac",4.5,7.5,"live"
11445480387,"1790693243-11445480387",19267,"2026-09-29T08:47:23.000-06:00",0.930861234664917,0.756527602672577,9.41785749369627,"almost_certain","BirdNET",NA,10.2198,-83.7874,FALSE,229,"Great Kiskadee","Pitangus sulphuratus","#7d4410","avian","https://media.birdweather.com/species/229/GreatKiskadee-standard-cd28a1b8e8b8e5aed433e809c229004e.jpg","https://media.birdweather.com/species/229/GreatKiskadee-thumbnail-b2749ed2442fb322cf3c4cb72f9c97f6.jpg","https://media.birdweather.com/species/229/GreatKiskadee-png200-003973af4f863deb00a4ce9b6f10e59c.png","0PgFDwIrhYqfZJh1mVe3SZZ3uKEJBncG",17532340913,"https://media.birdweather.com/soundscapes/19267/19267-20260929-144720.flac",3,6,"live"
11445444596,"1790693136-11445444596",19267,"2026-09-29T08:45:36.000-06:00",0.82616251707077,0.756528794765472,9.16923778904446,"almost_certain","BirdNET",NA,10.2198,-83.7874,FALSE,229,"Great Kiskadee","Pitangus sulphuratus","#7d4410","avian","https://media.birdweather.com/species/229/GreatKiskadee-standard-cd28a1b8e8b8e5aed433e809c229004e.jpg","https://media.birdweather.com/species/229/GreatKiskadee-thumbnail-b2749ed2442fb322cf3c4cb72f9c97f6.jpg","https://media.birdweather.com/species/229/GreatKiskadee-png200-003973af4f863deb00a4ce9b6f10e59c.png","0PgFDwIrhYqfZJh1mVe3SZZ3uKEJBncG",17532285651,"https://media.birdweather.com/soundscapes/19267/19267-20260929-144530.flac",6,9,"live"
11445444592,"1790693134-11445444592",19267,"2026-09-29T08:45:34.500-06:00",0.823715329170227,0.756528794765472,9.16285103937133,"almost_certain","BirdNET",NA,10.2198,-83.7874,FALSE,229,"Great Kiskadee","Pitangus sulphuratus","#7d4410","avian","https://media.birdweather.com/species/229/GreatKiskadee-standard-cd28a1b8e8b8e5aed433e809c229004e.jpg","https://media.birdweather.com/species/229/GreatKiskadee-thumbnail-b2749ed2442fb322cf3c4cb72f9c97f6.jpg","https://media.birdweather.com/species/229/GreatKiskadee-png200-003973af4f863deb00a4ce9b6f10e59c.png","0PgFDwIrhYqfZJh1mVe3SZZ3uKEJBncG",17532285651,"https://media.birdweather.com/soundscapes/19267/19267-20260929-144530.flac",4.5,7.5,"live"
11445444589,"1790693131-11445444589",19267,"2026-09-29T08:45:31.500-06:00",0.94524097442627,0.756528794765472,9.44873658263978,"almost_certain","BirdNET",NA,10.2198,-83.7874,FALSE,229,"Great Kiskadee","Pitangus sulphuratus","#7d4410","avian","https://media.birdweather.com/species/229/GreatKiskadee-standard-cd28a1b8e8b8e5aed433e809c229004e.jpg","https://media.birdweather.com/species/229/GreatKiskadee-thumbnail-b2749ed2442fb322cf3c4cb72f9c97f6.jpg","https://media.birdweather.com/species/229/GreatKiskadee-png200-003973af4f863deb00a4ce9b6f10e59c.png","0PgFDwIrhYqfZJh1mVe3SZZ3uKEJBncG",17532285651,"https://media.birdweather.com/soundscapes/19267/19267-20260929-144530.flac",1.5,4.5,"live"
11445444588,"1790693130-11445444588",19267,"2026-09-29T08:45:30.000-06:00",0.974591016769409,0.756528794765472,9.5096779575008,"almost_certain","BirdNET",NA,10.2198,-83.7874,FALSE,229,"Great Kiskadee","Pitangus sulphuratus","#7d4410","avian","https://media.birdweather.com/species/229/GreatKiskadee-standard-cd28a1b8e8b8e5aed433e809c229004e.jpg","https://media.birdweather.com/species/229/GreatKiskadee-thumbnail-b2749ed2442fb322cf3c4cb72f9c97f6.jpg","https://media.birdweather.com/species/229/GreatKiskadee-png200-003973af4f863deb00a4ce9b6f10e59c.png","0PgFDwIrhYqfZJh1mVe3SZZ3uKEJBncG",17532285651,"https://media.birdweather.com/soundscapes/19267/19267-20260929-144530.flac",0,3,"live"
11445409808,"1790693027-11445409808",19267,"2026-09-29T08:43:47.000-06:00",0.706145048141479,0.756523013114929,8.81453476301588,"almost_certain","BirdNET",NA,10.2198,-83.7874,FALSE,229,"Great Kiskadee","Pitangus sulphuratus","#7d4410","avian","https://media.birdweather.com/species/229/GreatKiskadee-standard-cd28a1b8e8b8e5aed433e809c229004e.jpg","https://media.birdweather.com/species/229/GreatKiskadee-thumbnail-b2749ed2442fb322cf3c4cb72f9c97f6.jpg","https://media.birdweather.com/species/229/GreatKiskadee-png200-003973af4f863deb00a4ce9b6f10e59c.png","0PgFDwIrhYqfZJh1mVe3SZZ3uKEJBncG",17532231035,"https://media.birdweather.com/soundscapes/19267/19267-20260929-144341.flac",6,9,"live"
11445409802,"1790693025-11445409802",19267,"2026-09-29T08:43:45.500-06:00",0.970414340496063,0.756523013114929,9.50115901126359,"almost_certain","BirdNET",NA,10.2198,-83.7874,FALSE,229,"Great Kiskadee","Pitangus sulphuratus","#7d4410","avian","https://media.birdweather.com/species/229/GreatKiskadee-standard-cd28a1b8e8b8e5aed433e809c229004e.jpg","https://media.birdweather.com/species/229/GreatKiskadee-thumbnail-b2749ed2442fb322cf3c4cb72f9c97f6.jpg","https://media.birdweather.com/species/229/GreatKiskadee-png200-003973af4f863deb00a4ce9b6f10e59c.png","0PgFDwIrhYqfZJh1mVe3SZZ3uKEJBncG",17532231035,"https://media.birdweather.com/soundscapes/19267/19267-20260929-144341.flac",4.5,7.5,"live"
11445409800,"1790693024-11445409800",19267,"2026-09-29T08:43:44.000-06:00",0.750800788402557,0.756523013114929,8.95744655116209,"almost_certain","BirdNET",NA,10.2198,-83.7874,FALSE,229,"Great Kiskadee","Pitangus sulphuratus","#7d4410","avian","https://media.birdweather.com/species/229/GreatKiskadee-standard-cd28a1b8e8b8e5aed433e809c229004e.jpg","https://media.birdweather.com/species/229/GreatKiskadee-thumbnail-b2749ed2442fb322cf3c4cb72f9c97f6.jpg","https://media.birdweather.com/species/229/GreatKiskadee-png200-003973af4f863deb00a4ce9b6f10e59c.png","0PgFDwIrhYqfZJh1mVe3SZZ3uKEJBncG",17532231035,"https://media.birdweather.com/soundscapes/19267/19267-20260929-144341.flac",3,6,"live"
11445409796,"1790693022-11445409796",19267,"2026-09-29T08:43:42.500-06:00",0.833240151405334,0.756523013114929,9.1875330604158,"almost_certain","BirdNET",NA,10.2198,-83.7874,FALSE,229,"Great Kiskadee","Pitangus sulphuratus","#7d4410","avian","https://media.birdweather.com/species/229/GreatKiskadee-standard-cd28a1b8e8b8e5aed433e809c229004e.jpg","https://media.birdweather.com/species/229/GreatKiskadee-thumbnail-b2749ed2442fb322cf3c4cb72f9c97f6.jpg","https://media.birdweather.com/species/229/GreatKiskadee-png200-003973af4f863deb00a4ce9b6f10e59c.png","0PgFDwIrhYqfZJh1mVe3SZZ3uKEJBncG",17532231035,"https://media.birdweather.com/soundscapes/19267/19267-20260929-144341.flac",1.5,4.5,"live"
11445409793,"1790693021-11445409793",19267,"2026-09-29T08:43:41.000-06:00",0.930553138256073,0.756523013114929,9.41718005463159,"almost_certain","BirdNET",NA,10.2198,-83.7874,FALSE,229,"Great Kiskadee","Pitangus sulphuratus","#7d4410","avian","https://media.birdweather.com/species/229/GreatKiskadee-standard-cd28a1b8e8b8e5aed433e809c229004e.jpg","https://media.birdweather.com/species/229/GreatKiskadee-thumbnail-b2749ed2442fb322cf3c4cb72f9c97f6.jpg","https://media.birdweather.com/species/229/GreatKiskadee-png200-003973af4f863deb00a4ce9b6f10e59c.png","0PgFDwIrhYqfZJh1mVe3SZZ3uKEJBncG",17532231035,"https://media.birdweather.com/soundscapes/19267/19267-20260929-144341.flac",0,3,"live"
11445405104,"1790693013-11445405104",19267,"2026-09-29T08:43:33.000-06:00",0.753184020519257,0.756523966789246,8.96467190705287,"almost_certain","BirdNET",NA,10.2198,-83.7874,FALSE,229,"Great Kiskadee","Pitangus sulphuratus","#7d4410","avian","https://media.birdweather.com/species/229/GreatKiskadee-standard-cd28a1b8e8b8e5aed433e809c229004e.jpg","https://media.birdweather.com/species/229/GreatKiskadee-thumbnail-b2749ed2442fb322cf3c4cb72f9c97f6.jpg","https://media.birdweather.com/species/229/GreatKiskadee-png200-003973af4f863deb00a4ce9b6f10e59c.png","0PgFDwIrhYqfZJh1mVe3SZZ3uKEJBncG",17532223742,"https://media.birdweather.com/soundscapes/19267/19267-20260929-144327.flac",6,9,"live"
11445405102,"1790693011-11445405102",19267,"2026-09-29T08:43:31.500-06:00",0.940732657909393,0.756523966789246,9.43912212852441,"almost_certain","BirdNET",NA,10.2198,-83.7874,FALSE,229,"Great Kiskadee","Pitangus sulphuratus","#7d4410","avian","https://media.birdweather.com/species/229/GreatKiskadee-standard-cd28a1b8e8b8e5aed433e809c229004e.jpg","https://media.birdweather.com/species/229/GreatKiskadee-thumbnail-b2749ed2442fb322cf3c4cb72f9c97f6.jpg","https://media.birdweather.com/species/229/GreatKiskadee-png200-003973af4f863deb00a4ce9b6f10e59c.png","0PgFDwIrhYqfZJh1mVe3SZZ3uKEJBncG",17532223742,"https://media.birdweather.com/soundscapes/19267/19267-20260929-144327.flac",4.5,7.5,"live"
11444816402,"1790691201-11444816402",19267,"2026-09-29T08:13:21.000-06:00",0.78558737039566,0.756525337696075,9.05928787499709,"almost_certain","BirdNET",NA,10.2198,-83.7874,FALSE,229,"Great Kiskadee","Pitangus sulphuratus","#7d4410","avian","https://media.birdweather.com/species/229/GreatKiskadee-standard-cd28a1b8e8b8e5aed433e809c229004e.jpg","https://media.birdweather.com/species/229/GreatKiskadee-thumbnail-b2749ed2442fb322cf3c4cb72f9c97f6.jpg","https://media.birdweather.com/species/229/GreatKiskadee-png200-003973af4f863deb00a4ce9b6f10e59c.png","0PgFDwIrhYqfZJh1mVe3SZZ3uKEJBncG",17531316451,"https://media.birdweather.com/soundscapes/19267/19267-20260929-141315.flac",6,9,"live"
11444816396,"1790691199-11444816396",19267,"2026-09-29T08:13:19.500-06:00",0.926431238651276,0.756525337696075,9.40819917689216,"almost_certain","BirdNET",NA,10.2198,-83.7874,FALSE,229,"Great Kiskadee","Pitangus sulphuratus","#7d4410","avian","https://media.birdweather.com/species/229/GreatKiskadee-standard-cd28a1b8e8b8e5aed433e809c229004e.jpg","https://media.birdweather.com/species/229/GreatKiskadee-thumbnail-b2749ed2442fb322cf3c4cb72f9c97f6.jpg","https://media.birdweather.com/species/229/GreatKiskadee-png200-003973af4f863deb00a4ce9b6f10e59c.png","0PgFDwIrhYqfZJh1mVe3SZZ3uKEJBncG",17531316451,"https://media.birdweather.com/soundscapes/19267/19267-20260929-141315.flac",4.5,7.5,"live"
11444816390,"1790691198-11444816390",19267,"2026-09-29T08:13:18.000-06:00",0.946419894695282,0.756525337696075,9.45123124795903,"almost_certain","BirdNET",NA,10.2198,-83.7874,FALSE,229,"Great Kiskadee","Pitangus sulphuratus","#7d4410","avian","https://media.birdweather.com/species/229/GreatKiskadee-standard-cd28a1b8e8b8e5aed433e809c229004e.jpg","https://media.birdweather.com/species/229/GreatKiskadee-thumbnail-b2749ed2442fb322cf3c4cb72f9c97f6.jpg","https://media.birdweather.com/species/229/GreatKiskadee-png200-003973af4f863deb00a4ce9b6f10e59c.png","0PgFDwIrhYqfZJh1mVe3SZZ3uKEJBncG",17531316451,"https://media.birdweather.com/soundscapes/19267/19267-20260929-141315.flac",3,6,"live"
11444794292,"1790691129-11444794292",19267,"2026-09-29T08:12:09.500-06:00",0.805478870868683,0.537789046764374,8.65400011123428,"almost_certain","BirdNET",NA,10.2198,-83.7874,FALSE,802,"Rufous-tailed Hummingbird","Amazilia tzacatl","#d9c845","avian","https://media.birdweather.com/species/802/Rufous-tailedHummingbird-standard-4d0209b50ad0c35c6d8337f5c0c16b55.jpg","https://media.birdweather.com/species/802/Rufous-tailedHummingbird-thumbnail-fbf17400c31564f70aa45927c5d75f5e.jpg","https://media.birdweather.com/species/802/Rufous-tailedHummingbird-png200-8ea431c9893cfe027e92471791a8c256.png","mPkJFwIHqJeJl4lriIaGhYh3+H+oVGAH",17531283280,"https://media.birdweather.com/soundscapes/19267/19267-20260929-141208.flac",1.5,4.5,"live"
11444776128,"1790691080-11444776128",19267,"2026-09-29T08:11:20.000-06:00",0.788829386234283,0.902356624603271,9.30700783533143,"almost_certain","BirdNET",NA,10.2198,-83.7874,FALSE,254,"Great-tailed Grackle","Quiscalus mexicanus","#4cdf64","avian","https://media.birdweather.com/species/254/Great-tailedGrackle-standard-84167b7e46a2aae7f30286e714478461.jpg","https://media.birdweather.com/species/254/Great-tailedGrackle-thumbnail-388529862f53a8a975b80daf9e76e3ac.jpg","https://media.birdweather.com/species/254/Great-tailedGrackle-png200-ca2dc12559d8d2db107eefc8eff73513.png","GAgKDwKYmnVgeIeVhniHRXiahgv2mWAN",17531255939,"https://media.birdweather.com/soundscapes/19267/19267-20260929-141114.flac",6,9,"live"
11444776125,"1790691078-11444776125",19267,"2026-09-29T08:11:18.500-06:00",0.706453382968903,0.902356624603271,9.05418216923925,"almost_certain","BirdNET",NA,10.2198,-83.7874,FALSE,254,"Great-tailed Grackle","Quiscalus mexicanus","#4cdf64","avian","https://media.birdweather.com/species/254/Great-tailedGrackle-standard-84167b7e46a2aae7f30286e714478461.jpg","https://media.birdweather.com/species/254/Great-tailedGrackle-thumbnail-388529862f53a8a975b80daf9e76e3ac.jpg","https://media.birdweather.com/species/254/Great-tailedGrackle-png200-ca2dc12559d8d2db107eefc8eff73513.png","GAgKDwKYmnVgeIeVhniHRXiahgv2mWAN",17531255939,"https://media.birdweather.com/soundscapes/19267/19267-20260929-141114.flac",4.5,7.5,"live"
11444598338,"1790690535-11444598338",19267,"2026-09-29T08:02:15.000-06:00",0.885282337665558,0.756517827510834,9.31510157762248,"almost_certain","BirdNET",NA,10.2198,-83.7874,FALSE,229,"Great Kiskadee","Pitangus sulphuratus","#7d4410","avian","https://media.birdweather.com/species/229/GreatKiskadee-standard-cd28a1b8e8b8e5aed433e809c229004e.jpg","https://media.birdweather.com/species/229/GreatKiskadee-thumbnail-b2749ed2442fb322cf3c4cb72f9c97f6.jpg","https://media.birdweather.com/species/229/GreatKiskadee-png200-003973af4f863deb00a4ce9b6f10e59c.png","0PgFDwIrhYqfZJh1mVe3SZZ3uKEJBncG",17530984627,"https://media.birdweather.com/soundscapes/19267/19267-20260929-140209.flac",6,9,"live"
11444598334,"1790690533-11444598334",19267,"2026-09-29T08:02:13.500-06:00",0.727762162685394,0.756517827510834,8.88556957005042,"almost_certain","BirdNET",NA,10.2198,-83.7874,FALSE,229,"Great Kiskadee","Pitangus sulphuratus","#7d4410","avian","https://media.birdweather.com/species/229/GreatKiskadee-standard-cd28a1b8e8b8e5aed433e809c229004e.jpg","https://media.birdweather.com/species/229/GreatKiskadee-thumbnail-b2749ed2442fb322cf3c4cb72f9c97f6.jpg","https://media.birdweather.com/species/229/GreatKiskadee-png200-003973af4f863deb00a4ce9b6f10e59c.png","0PgFDwIrhYqfZJh1mVe3SZZ3uKEJBncG",17530984627,"https://media.birdweather.com/soundscapes/19267/19267-20260929-140209.flac",4.5,7.5,"live"
11444598321,"1790690529-11444598321",19267,"2026-09-29T08:02:09.000-06:00",0.935386836528778,0.756517827510834,9.42763289196094,"almost_certain","BirdNET",NA,10.2198,-83.7874,FALSE,229,"Great Kiskadee","Pitangus sulphuratus","#7d4410","avian","https://media.birdweather.com/species/229/GreatKiskadee-standard-cd28a1b8e8b8e5aed433e809c229004e.jpg","https://media.birdweather.com/species/229/GreatKiskadee-thumbnail-b2749ed2442fb322cf3c4cb72f9c97f6.jpg","https://media.birdweather.com/species/229/GreatKiskadee-png200-003973af4f863deb00a4ce9b6f10e59c.png","0PgFDwIrhYqfZJh1mVe3SZZ3uKEJBncG",17530984627,"https://media.birdweather.com/soundscapes/19267/19267-20260929-140209.flac",0,3,"live"
11444448916,"1790690068-11444448916",19267,"2026-09-29T07:54:28.500-06:00",0.741280555725098,0.756518959999084,8.9281970994052,"almost_certain","BirdNET",NA,10.2198,-83.7874,FALSE,229,"Great Kiskadee","Pitangus sulphuratus","#7d4410","avian","https://media.birdweather.com/species/229/GreatKiskadee-standard-cd28a1b8e8b8e5aed433e809c229004e.jpg","https://media.birdweather.com/species/229/GreatKiskadee-thumbnail-b2749ed2442fb322cf3c4cb72f9c97f6.jpg","https://media.birdweather.com/species/229/GreatKiskadee-png200-003973af4f863deb00a4ce9b6f10e59c.png","0PgFDwIrhYqfZJh1mVe3SZZ3uKEJBncG",17530753480,"https://media.birdweather.com/soundscapes/19267/19267-20260929-135427.flac",1.5,4.5,"live"
11444436013,"1790690033-11444436013",19267,"2026-09-29T07:53:53.000-06:00",0.954434871673584,0.756518959999084,9.46810206796432,"almost_certain","BirdNET",NA,10.2198,-83.7874,FALSE,229,"Great Kiskadee","Pitangus sulphuratus","#7d4410","avian","https://media.birdweather.com/species/229/GreatKiskadee-standard-cd28a1b8e8b8e5aed433e809c229004e.jpg","https://media.birdweather.com/species/229/GreatKiskadee-thumbnail-b2749ed2442fb322cf3c4cb72f9c97f6.jpg","https://media.birdweather.com/species/229/GreatKiskadee-png200-003973af4f863deb00a4ce9b6f10e59c.png","0PgFDwIrhYqfZJh1mVe3SZZ3uKEJBncG",17530733401,"https://media.birdweather.com/soundscapes/19267/19267-20260929-135347.flac",6,9,"live"
11444294631,"1790689589-11444294631",19267,"2026-09-29T07:46:29.000-06:00",0.990527510643005,0.552716493606567,9.11820440435637,"almost_certain","BirdNET",NA,10.2198,-83.7874,FALSE,121,"Social Flycatcher","Myiozetetes similis","#69b9ff","avian","https://media.birdweather.com/species/121/SocialFlycatcher-standard-6e107581e61c9f556b3a0af5200f486a.jpg","https://media.birdweather.com/species/121/SocialFlycatcher-thumbnail-87f640fcaf1441ecbbd56b57372185a8.jpg","https://media.birdweather.com/species/121/SocialFlycatcher-png200-2f6dd485cf927db0dd7fd9abc239fb19.png","2xkKJwIJh3ekeXh0e5Z4eYaIdyApd5AC",17530514119,"https://media.birdweather.com/soundscapes/19267/19267-20260929-134629.flac",0,3,"live"
11444290549,"1790689579-11444290549",19267,"2026-09-29T07:46:19.000-06:00",0.977319836616516,0.552712321281433,9.09173650475416,"almost_certain","BirdNET",NA,10.2198,-83.7874,FALSE,121,"Social Flycatcher","Myiozetetes similis","#69b9ff","avian","https://media.birdweather.com/species/121/SocialFlycatcher-standard-6e107581e61c9f556b3a0af5200f486a.jpg","https://media.birdweather.com/species/121/SocialFlycatcher-thumbnail-87f640fcaf1441ecbbd56b57372185a8.jpg","https://media.birdweather.com/species/121/SocialFlycatcher-png200-2f6dd485cf927db0dd7fd9abc239fb19.png","2xkKJwIJh3ekeXh0e5Z4eYaIdyApd5AC",17530507694,"https://media.birdweather.com/soundscapes/19267/19267-20260929-134616.flac",3,6,"live"
11444290543,"1790689576-11444290543",19267,"2026-09-29T07:46:16.000-06:00",0.83588707447052,0.552712321281433,8.7708549175295,"almost_certain","BirdNET",NA,10.2198,-83.7874,FALSE,121,"Social Flycatcher","Myiozetetes similis","#69b9ff","avian","https://media.birdweather.com/species/121/SocialFlycatcher-standard-6e107581e61c9f556b3a0af5200f486a.jpg","https://media.birdweather.com/species/121/SocialFlycatcher-thumbnail-87f640fcaf1441ecbbd56b57372185a8.jpg","https://media.birdweather.com/species/121/SocialFlycatcher-png200-2f6dd485cf927db0dd7fd9abc239fb19.png","2xkKJwIJh3ekeXh0e5Z4eYaIdyApd5AC",17530507694,"https://media.birdweather.com/soundscapes/19267/19267-20260929-134616.flac",0,3,"live"
11444281776,"1790689551-11444281776",19267,"2026-09-29T07:45:51.000-06:00",0.920199155807495,0.552718222141266,8.97104983226815,"almost_certain","BirdNET",NA,10.2198,-83.7874,FALSE,121,"Social Flycatcher","Myiozetetes similis","#69b9ff","avian","https://media.birdweather.com/species/121/SocialFlycatcher-standard-6e107581e61c9f556b3a0af5200f486a.jpg","https://media.birdweather.com/species/121/SocialFlycatcher-thumbnail-87f640fcaf1441ecbbd56b57372185a8.jpg","https://media.birdweather.com/species/121/SocialFlycatcher-png200-2f6dd485cf927db0dd7fd9abc239fb19.png","2xkKJwIJh3ekeXh0e5Z4eYaIdyApd5AC",17530493990,"https://media.birdweather.com/soundscapes/19267/19267-20260929-134548.flac",3,6,"live"
11444247320,"1790689444-11444247320",19267,"2026-09-29T07:44:04.500-06:00",0.968407273292542,0.552718341350555,9.07360425743905,"almost_certain","BirdNET",NA,10.2198,-83.7874,FALSE,121,"Social Flycatcher","Myiozetetes similis","#69b9ff","avian","https://media.birdweather.com/species/121/SocialFlycatcher-standard-6e107581e61c9f556b3a0af5200f486a.jpg","https://media.birdweather.com/species/121/SocialFlycatcher-thumbnail-87f640fcaf1441ecbbd56b57372185a8.jpg","https://media.birdweather.com/species/121/SocialFlycatcher-png200-2f6dd485cf927db0dd7fd9abc239fb19.png","2xkKJwIJh3ekeXh0e5Z4eYaIdyApd5AC",17530439582,"https://media.birdweather.com/soundscapes/19267/19267-20260929-134400.flac",4.5,7.5,"live"
11444247311,"1790689443-11444247311",19267,"2026-09-29T07:44:03.000-06:00",0.771415174007416,0.552718341350555,8.59525711369222,"almost_certain","BirdNET",NA,10.2198,-83.7874,FALSE,121,"Social Flycatcher","Myiozetetes similis","#69b9ff","avian","https://media.birdweather.com/species/121/SocialFlycatcher-standard-6e107581e61c9f556b3a0af5200f486a.jpg","https://media.birdweather.com/species/121/SocialFlycatcher-thumbnail-87f640fcaf1441ecbbd56b57372185a8.jpg","https://media.birdweather.com/species/121/SocialFlycatcher-png200-2f6dd485cf927db0dd7fd9abc239fb19.png","2xkKJwIJh3ekeXh0e5Z4eYaIdyApd5AC",17530439582,"https://media.birdweather.com/soundscapes/19267/19267-20260929-134400.flac",3,6,"live"
11444143820,"1790689105-11444143820",19267,"2026-09-29T07:38:25.000-06:00",0.959393560886383,0.0310452543199062,5.46820113387874,"almost_certain","BirdNET",NA,10.2198,-83.7874,FALSE,242,"Barn Owl","Tyto alba","#c57e94","avian","https://media.birdweather.com/species/242/BarnOwl-standard-8bec9306e3928726cbb18b498dd33c03.jpg","https://media.birdweather.com/species/242/BarnOwl-thumbnail-f2dc3ee81bc91e5f2214d7a2b7be6eef.jpg","https://media.birdweather.com/species/242/BarnOwl-png200-fe95e07244e391ae77d98d1c722d7699.png","4PgFFwKCFGWPgIlpq2aJdXiHiQRFCWME",17530269300,"https://media.birdweather.com/soundscapes/19267/19267-20260929-133819.flac",6,9,"live"
11444127509,"1790689047-11444127509",19267,"2026-09-29T07:37:27.000-06:00",0.98197215795517,0.756520628929138,9.52457201343716,"almost_certain","BirdNET",NA,10.2198,-83.7874,FALSE,229,"Great Kiskadee","Pitangus sulphuratus","#7d4410","avian","https://media.birdweather.com/species/229/GreatKiskadee-standard-cd28a1b8e8b8e5aed433e809c229004e.jpg","https://media.birdweather.com/species/229/GreatKiskadee-thumbnail-b2749ed2442fb322cf3c4cb72f9c97f6.jpg","https://media.birdweather.com/species/229/GreatKiskadee-png200-003973af4f863deb00a4ce9b6f10e59c.png","0PgFDwIrhYqfZJh1mVe3SZZ3uKEJBncG",17530242638,"https://media.birdweather.com/soundscapes/19267/19267-20260929-133724.flac",3,6,"live"
11444127504,"1790689045-11444127504",19267,"2026-09-29T07:37:25.500-06:00",0.920187950134277,0.756520628929138,9.39446824351209,"almost_certain","BirdNET",NA,10.2198,-83.7874,FALSE,229,"Great Kiskadee","Pitangus sulphuratus","#7d4410","avian","https://media.birdweather.com/species/229/GreatKiskadee-standard-cd28a1b8e8b8e5aed433e809c229004e.jpg","https://media.birdweather.com/species/229/GreatKiskadee-thumbnail-b2749ed2442fb322cf3c4cb72f9c97f6.jpg","https://media.birdweather.com/species/229/GreatKiskadee-png200-003973af4f863deb00a4ce9b6f10e59c.png","0PgFDwIrhYqfZJh1mVe3SZZ3uKEJBncG",17530242638,"https://media.birdweather.com/soundscapes/19267/19267-20260929-133724.flac",1.5,4.5,"live"
11444127501,"1790689044-11444127501",19267,"2026-09-29T07:37:24.000-06:00",0.927554905414581,0.756520628929138,9.41064600957774,"almost_certain","BirdNET",NA,10.2198,-83.7874,FALSE,229,"Great Kiskadee","Pitangus sulphuratus","#7d4410","avian","https://media.birdweather.com/species/229/GreatKiskadee-standard-cd28a1b8e8b8e5aed433e809c229004e.jpg","https://media.birdweather.com/species/229/GreatKiskadee-thumbnail-b2749ed2442fb322cf3c4cb72f9c97f6.jpg","https://media.birdweather.com/species/229/GreatKiskadee-png200-003973af4f863deb00a4ce9b6f10e59c.png","0PgFDwIrhYqfZJh1mVe3SZZ3uKEJBncG",17530242638,"https://media.birdweather.com/soundscapes/19267/19267-20260929-133724.flac",0,3,"live"
11444122573,"1790689033-11444122573",19267,"2026-09-29T07:37:13.500-06:00",0.929548978805542,0.756523072719574,9.4149966893314,"almost_certain","BirdNET",NA,10.2198,-83.7874,FALSE,229,"Great Kiskadee","Pitangus sulphuratus","#7d4410","avian","https://media.birdweather.com/species/229/GreatKiskadee-standard-cd28a1b8e8b8e5aed433e809c229004e.jpg","https://media.birdweather.com/species/229/GreatKiskadee-thumbnail-b2749ed2442fb322cf3c4cb72f9c97f6.jpg","https://media.birdweather.com/species/229/GreatKiskadee-png200-003973af4f863deb00a4ce9b6f10e59c.png","0PgFDwIrhYqfZJh1mVe3SZZ3uKEJBncG",17530234579,"https://media.birdweather.com/soundscapes/19267/19267-20260929-133709.flac",4.5,7.5,"live"
11444122571,"1790689032-11444122571",19267,"2026-09-29T07:37:12.000-06:00",0.797086358070374,0.756523072719574,9.09134804462237,"almost_certain","BirdNET",NA,10.2198,-83.7874,FALSE,229,"Great Kiskadee","Pitangus sulphuratus","#7d4410","avian","https://media.birdweather.com/species/229/GreatKiskadee-standard-cd28a1b8e8b8e5aed433e809c229004e.jpg","https://media.birdweather.com/species/229/GreatKiskadee-thumbnail-b2749ed2442fb322cf3c4cb72f9c97f6.jpg","https://media.birdweather.com/species/229/GreatKiskadee-png200-003973af4f863deb00a4ce9b6f10e59c.png","0PgFDwIrhYqfZJh1mVe3SZZ3uKEJBncG",17530234579,"https://media.birdweather.com/soundscapes/19267/19267-20260929-133709.flac",3,6,"live"
11444093731,"1790688939-11444093731",19267,"2026-09-29T07:35:39.000-06:00",0.972171247005463,0.756521224975586,9.50474137935919,"almost_certain","BirdNET",NA,10.2198,-83.7874,FALSE,229,"Great Kiskadee","Pitangus sulphuratus","#7d4410","avian","https://media.birdweather.com/species/229/GreatKiskadee-standard-cd28a1b8e8b8e5aed433e809c229004e.jpg","https://media.birdweather.com/species/229/GreatKiskadee-thumbnail-b2749ed2442fb322cf3c4cb72f9c97f6.jpg","https://media.birdweather.com/species/229/GreatKiskadee-png200-003973af4f863deb00a4ce9b6f10e59c.png","0PgFDwIrhYqfZJh1mVe3SZZ3uKEJBncG",17530186836,"https://media.birdweather.com/soundscapes/19267/19267-20260929-133533.flac",6,9,"live"
11444093728,"1790688937-11444093728",19267,"2026-09-29T07:35:37.500-06:00",0.897038996219635,0.756521224975586,9.34235430891671,"almost_certain","BirdNET",NA,10.2198,-83.7874,FALSE,229,"Great Kiskadee","Pitangus sulphuratus","#7d4410","avian","https://media.birdweather.com/species/229/GreatKiskadee-standard-cd28a1b8e8b8e5aed433e809c229004e.jpg","https://media.birdweather.com/species/229/GreatKiskadee-thumbnail-b2749ed2442fb322cf3c4cb72f9c97f6.jpg","https://media.birdweather.com/species/229/GreatKiskadee-png200-003973af4f863deb00a4ce9b6f10e59c.png","0PgFDwIrhYqfZJh1mVe3SZZ3uKEJBncG",17530186836,"https://media.birdweather.com/soundscapes/19267/19267-20260929-133533.flac",4.5,7.5,"live"
11444093726,"1790688936-11444093726",19267,"2026-09-29T07:35:36.000-06:00",0.906339406967163,0.756521224975586,9.36353104997879,"almost_certain","BirdNET",NA,10.2198,-83.7874,FALSE,229,"Great Kiskadee","Pitangus sulphuratus","#7d4410","avian","https://media.birdweather.com/species/229/GreatKiskadee-standard-cd28a1b8e8b8e5aed433e809c229004e.jpg","https://media.birdweather.com/species/229/GreatKiskadee-thumbnail-b2749ed2442fb322cf3c4cb72f9c97f6.jpg","https://media.birdweather.com/species/229/GreatKiskadee-png200-003973af4f863deb00a4ce9b6f10e59c.png","0PgFDwIrhYqfZJh1mVe3SZZ3uKEJBncG",17530186836,"https://media.birdweather.com/soundscapes/19267/19267-20260929-133533.flac",3,6,"live"
11444093725,"1790688934-11444093725",19267,"2026-09-29T07:35:34.500-06:00",0.853245675563812,0.756521224975586,9.23798734027313,"almost_certain","BirdNET",NA,10.2198,-83.7874,FALSE,229,"Great Kiskadee","Pitangus sulphuratus","#7d4410","avian","https://media.birdweather.com/species/229/GreatKiskadee-standard-cd28a1b8e8b8e5aed433e809c229004e.jpg","https://media.birdweather.com/species/229/GreatKiskadee-thumbnail-b2749ed2442fb322cf3c4cb72f9c97f6.jpg","https://media.birdweather.com/species/229/GreatKiskadee-png200-003973af4f863deb00a4ce9b6f10e59c.png","0PgFDwIrhYqfZJh1mVe3SZZ3uKEJBncG",17530186836,"https://media.birdweather.com/soundscapes/19267/19267-20260929-133533.flac",1.5,4.5,"live"
11444077700,"1790688886-11444077700",19267,"2026-09-29T07:34:46.000-06:00",0.782818377017975,0.368241101503372,8.08377306421489,"almost_certain","BirdNET",NA,10.2198,-83.7874,FALSE,321,"Palm Tanager","Thraupis palmarum","#008efd","avian","https://media.birdweather.com/species/321/PalmTanager-standard-cbade2e4973d8cb57c4014568207591d.jpg","https://media.birdweather.com/species/321/PalmTanager-thumbnail-66ffacacc3b9c5f5dad0cf97c949e40f.jpg","https://media.birdweather.com/species/321/PalmTanager-png200-100c123f8e9a99aad801e3e79a865873.png","lvkJHwR/d2lneYlEp0hrx2iL+XtlNZgA",17530160415,"https://media.birdweather.com/soundscapes/19267/19267-20260929-133440.flac",6,9,"live"
11443982437,"1790688564-11443982437",19267,"2026-09-29T07:29:24.000-06:00",0.956460058689117,0.756517887115479,9.47233314932686,"almost_certain","BirdNET",NA,10.2198,-83.7874,FALSE,229,"Great Kiskadee","Pitangus sulphuratus","#7d4410","avian","https://media.birdweather.com/species/229/GreatKiskadee-standard-cd28a1b8e8b8e5aed433e809c229004e.jpg","https://media.birdweather.com/species/229/GreatKiskadee-thumbnail-b2749ed2442fb322cf3c4cb72f9c97f6.jpg","https://media.birdweather.com/species/229/GreatKiskadee-png200-003973af4f863deb00a4ce9b6f10e59c.png","0PgFDwIrhYqfZJh1mVe3SZZ3uKEJBncG",17530001231,"https://media.birdweather.com/soundscapes/19267/19267-20260929-132921.flac",3,6,"live"
11443982435,"1790688562-11443982435",19267,"2026-09-29T07:29:22.500-06:00",0.836074411869049,0.756517887115479,9.19478639390567,"almost_certain","BirdNET",NA,10.2198,-83.7874,FALSE,229,"Great Kiskadee","Pitangus sulphuratus","#7d4410","avian","https://media.birdweather.com/species/229/GreatKiskadee-standard-cd28a1b8e8b8e5aed433e809c229004e.jpg","https://media.birdweather.com/species/229/GreatKiskadee-thumbnail-b2749ed2442fb322cf3c4cb72f9c97f6.jpg","https://media.birdweather.com/species/229/GreatKiskadee-png200-003973af4f863deb00a4ce9b6f10e59c.png","0PgFDwIrhYqfZJh1mVe3SZZ3uKEJBncG",17530001231,"https://media.birdweather.com/soundscapes/19267/19267-20260929-132921.flac",1.5,4.5,"live"
11443978536,"1790688552-11443978536",19267,"2026-09-29T07:29:12.500-06:00",0.930401921272278,0.756524443626404,9.41685402349976,"almost_certain","BirdNET",NA,10.2198,-83.7874,FALSE,229,"Great Kiskadee","Pitangus sulphuratus","#7d4410","avian","https://media.birdweather.com/species/229/GreatKiskadee-standard-cd28a1b8e8b8e5aed433e809c229004e.jpg","https://media.birdweather.com/species/229/GreatKiskadee-thumbnail-b2749ed2442fb322cf3c4cb72f9c97f6.jpg","https://media.birdweather.com/species/229/GreatKiskadee-png200-003973af4f863deb00a4ce9b6f10e59c.png","0PgFDwIrhYqfZJh1mVe3SZZ3uKEJBncG",17529994812,"https://media.birdweather.com/soundscapes/19267/19267-20260929-132908.flac",4.5,7.5,"live"
11443978528,"1790688551-11443978528",19267,"2026-09-29T07:29:11.000-06:00",0.933584630489349,0.756524443626404,9.42375333874415,"almost_certain","BirdNET",NA,10.2198,-83.7874,FALSE,229,"Great Kiskadee","Pitangus sulphuratus","#7d4410","avian","https://media.birdweather.com/species/229/GreatKiskadee-standard-cd28a1b8e8b8e5aed433e809c229004e.jpg","https://media.birdweather.com/species/229/GreatKiskadee-thumbnail-b2749ed2442fb322cf3c4cb72f9c97f6.jpg","https://media.birdweather.com/species/229/GreatKiskadee-png200-003973af4f863deb00a4ce9b6f10e59c.png","0PgFDwIrhYqfZJh1mVe3SZZ3uKEJBncG",17529994812,"https://media.birdweather.com/soundscapes/19267/19267-20260929-132908.flac",3,6,"live"
11443974428,"1790688537-11443974428",19267,"2026-09-29T07:28:57.000-06:00",0.903239965438843,0.756524085998535,9.35651513733725,"almost_certain","BirdNET",NA,10.2198,-83.7874,FALSE,229,"Great Kiskadee","Pitangus sulphuratus","#7d4410","avian","https://media.birdweather.com/species/229/GreatKiskadee-standard-cd28a1b8e8b8e5aed433e809c229004e.jpg","https://media.birdweather.com/species/229/GreatKiskadee-thumbnail-b2749ed2442fb322cf3c4cb72f9c97f6.jpg","https://media.birdweather.com/species/229/GreatKiskadee-png200-003973af4f863deb00a4ce9b6f10e59c.png","0PgFDwIrhYqfZJh1mVe3SZZ3uKEJBncG",17529987713,"https://media.birdweather.com/soundscapes/19267/19267-20260929-132854.flac",3,6,"live"
11443974427,"1790688535-11443974427",19267,"2026-09-29T07:28:55.500-06:00",0.971813559532166,0.756524085998535,9.50401727053723,"almost_certain","BirdNET",NA,10.2198,-83.7874,FALSE,229,"Great Kiskadee","Pitangus sulphuratus","#7d4410","avian","https://media.birdweather.com/species/229/GreatKiskadee-standard-cd28a1b8e8b8e5aed433e809c229004e.jpg","https://media.birdweather.com/species/229/GreatKiskadee-thumbnail-b2749ed2442fb322cf3c4cb72f9c97f6.jpg","https://media.birdweather.com/species/229/GreatKiskadee-png200-003973af4f863deb00a4ce9b6f10e59c.png","0PgFDwIrhYqfZJh1mVe3SZZ3uKEJBncG",17529987713,"https://media.birdweather.com/soundscapes/19267/19267-20260929-132854.flac",1.5,4.5,"live"
11443974425,"1790688534-11443974425",19267,"2026-09-29T07:28:54.000-06:00",0.781059622764587,0.756524085998535,9.04645146020064,"almost_certain","BirdNET",NA,10.2198,-83.7874,FALSE,229,"Great Kiskadee","Pitangus sulphuratus","#7d4410","avian","https://media.birdweather.com/species/229/GreatKiskadee-standard-cd28a1b8e8b8e5aed433e809c229004e.jpg","https://media.birdweather.com/species/229/GreatKiskadee-thumbnail-b2749ed2442fb322cf3c4cb72f9c97f6.jpg","https://media.birdweather.com/species/229/GreatKiskadee-png200-003973af4f863deb00a4ce9b6f10e59c.png","0PgFDwIrhYqfZJh1mVe3SZZ3uKEJBncG",17529987713,"https://media.birdweather.com/soundscapes/19267/19267-20260929-132854.flac",0,3,"live"
11443852103,"1790688110-11443852103",19267,"2026-09-29T07:21:50.000-06:00",0.754753172397614,0.537792026996613,8.50912808419429,"almost_certain","BirdNET",NA,10.2198,-83.7874,FALSE,802,"Rufous-tailed Hummingbird","Amazilia tzacatl","#d9c845","avian","https://media.birdweather.com/species/802/Rufous-tailedHummingbird-standard-4d0209b50ad0c35c6d8337f5c0c16b55.jpg","https://media.birdweather.com/species/802/Rufous-tailedHummingbird-thumbnail-fbf17400c31564f70aa45927c5d75f5e.jpg","https://media.birdweather.com/species/802/Rufous-tailedHummingbird-png200-8ea431c9893cfe027e92471791a8c256.png","mPkJFwIHqJeJl4lriIaGhYh3+H+oVGAH",17529775806,"https://media.birdweather.com/soundscapes/19267/19267-20260929-132147.flac",3,6,"live"
11443803103,"1790687945-11443803103",19267,"2026-09-29T07:19:05.000-06:00",0.745610058307648,0.231073424220085,7.3568146686502,"almost_certain","BirdNET",NA,10.2198,-83.7874,FALSE,501,"White-winged Dove","Zenaida asiatica","#d16ff8","avian","https://media.birdweather.com/species/501/White-wingedDove-standard-6528ef689b07d5a91f1c2275cdef19c9.jpg","https://media.birdweather.com/species/501/White-wingedDove-thumbnail-4a940adfd5a6c78c73c48c5095e7b896.jpg","https://media.birdweather.com/species/501/White-wingedDove-png200-d65decd3d571b5a9dbeca249ef97689f.png","IscJLwb6hoVelZWZdoh3eIeIdxBoB4IG",17529691941,"https://media.birdweather.com/soundscapes/19267/19267-20260929-131859.flac",6,9,"live"
11443799243,"1790687926-11443799243",19267,"2026-09-29T07:18:46.000-06:00",0.742424428462982,0.756519556045532,8.93174483822253,"almost_certain","BirdNET",NA,10.2198,-83.7874,FALSE,229,"Great Kiskadee","Pitangus sulphuratus","#7d4410","avian","https://media.birdweather.com/species/229/GreatKiskadee-standard-cd28a1b8e8b8e5aed433e809c229004e.jpg","https://media.birdweather.com/species/229/GreatKiskadee-thumbnail-b2749ed2442fb322cf3c4cb72f9c97f6.jpg","https://media.birdweather.com/species/229/GreatKiskadee-png200-003973af4f863deb00a4ce9b6f10e59c.png","0PgFDwIrhYqfZJh1mVe3SZZ3uKEJBncG",17529685544,"https://media.birdweather.com/soundscapes/19267/19267-20260929-131846.flac",0,3,"live"
11443666170,"1790687477-11443666170",19267,"2026-09-29T07:11:17.000-06:00",0.790322661399841,0.756521046161652,9.07257528193918,"almost_certain","BirdNET",NA,10.2198,-83.7874,FALSE,229,"Great Kiskadee","Pitangus sulphuratus","#7d4410","avian","https://media.birdweather.com/species/229/GreatKiskadee-standard-cd28a1b8e8b8e5aed433e809c229004e.jpg","https://media.birdweather.com/species/229/GreatKiskadee-thumbnail-b2749ed2442fb322cf3c4cb72f9c97f6.jpg","https://media.birdweather.com/species/229/GreatKiskadee-png200-003973af4f863deb00a4ce9b6f10e59c.png","0PgFDwIrhYqfZJh1mVe3SZZ3uKEJBncG",17529459874,"https://media.birdweather.com/soundscapes/19267/19267-20260929-131111.flac",6,9,"live"
11443621674,"1790687321-11443621674",19267,"2026-09-29T07:08:41.000-06:00",0.794794201850891,0.756525337696075,9.0850201618337,"almost_certain","BirdNET",NA,10.2198,-83.7874,FALSE,229,"Great Kiskadee","Pitangus sulphuratus","#7d4410","avian","https://media.birdweather.com/species/229/GreatKiskadee-standard-cd28a1b8e8b8e5aed433e809c229004e.jpg","https://media.birdweather.com/species/229/GreatKiskadee-thumbnail-b2749ed2442fb322cf3c4cb72f9c97f6.jpg","https://media.birdweather.com/species/229/GreatKiskadee-png200-003973af4f863deb00a4ce9b6f10e59c.png","0PgFDwIrhYqfZJh1mVe3SZZ3uKEJBncG",17529383940,"https://media.birdweather.com/soundscapes/19267/19267-20260929-130838.flac",3,6,"live"
11443621672,"1790687319-11443621672",19267,"2026-09-29T07:08:39.500-06:00",0.705698072910309,0.756525337696075,8.81303035993258,"almost_certain","BirdNET",NA,10.2198,-83.7874,FALSE,229,"Great Kiskadee","Pitangus sulphuratus","#7d4410","avian","https://media.birdweather.com/species/229/GreatKiskadee-standard-cd28a1b8e8b8e5aed433e809c229004e.jpg","https://media.birdweather.com/species/229/GreatKiskadee-thumbnail-b2749ed2442fb322cf3c4cb72f9c97f6.jpg","https://media.birdweather.com/species/229/GreatKiskadee-png200-003973af4f863deb00a4ce9b6f10e59c.png","0PgFDwIrhYqfZJh1mVe3SZZ3uKEJBncG",17529383940,"https://media.birdweather.com/soundscapes/19267/19267-20260929-130838.flac",1.5,4.5,"live"
11443617897,"1790687309-11443617897",19267,"2026-09-29T07:08:29.500-06:00",0.890738189220428,0.756525337696075,9.3278266328322,"almost_certain","BirdNET",NA,10.2198,-83.7874,FALSE,229,"Great Kiskadee","Pitangus sulphuratus","#7d4410","avian","https://media.birdweather.com/species/229/GreatKiskadee-standard-cd28a1b8e8b8e5aed433e809c229004e.jpg","https://media.birdweather.com/species/229/GreatKiskadee-thumbnail-b2749ed2442fb322cf3c4cb72f9c97f6.jpg","https://media.birdweather.com/species/229/GreatKiskadee-png200-003973af4f863deb00a4ce9b6f10e59c.png","0PgFDwIrhYqfZJh1mVe3SZZ3uKEJBncG",17529377561,"https://media.birdweather.com/soundscapes/19267/19267-20260929-130825.flac",4.5,7.5,"live"
11443609841,"1790687283-11443609841",19267,"2026-09-29T07:08:03.000-06:00",0.950351893901825,0.756525337696075,9.45953934884325,"almost_certain","BirdNET",NA,10.2198,-83.7874,FALSE,229,"Great Kiskadee","Pitangus sulphuratus","#7d4410","avian","https://media.birdweather.com/species/229/GreatKiskadee-standard-cd28a1b8e8b8e5aed433e809c229004e.jpg","https://media.birdweather.com/species/229/GreatKiskadee-thumbnail-b2749ed2442fb322cf3c4cb72f9c97f6.jpg","https://media.birdweather.com/species/229/GreatKiskadee-png200-003973af4f863deb00a4ce9b6f10e59c.png","0PgFDwIrhYqfZJh1mVe3SZZ3uKEJBncG",17529363728,"https://media.birdweather.com/soundscapes/19267/19267-20260929-130757.flac",6,9,"live"
11443609829,"1790687278-11443609829",19267,"2026-09-29T07:07:58.500-06:00",0.815108060836792,0.756525337696075,9.14014181487003,"almost_certain","BirdNET",NA,10.2198,-83.7874,FALSE,229,"Great Kiskadee","Pitangus sulphuratus","#7d4410","avian","https://media.birdweather.com/species/229/GreatKiskadee-standard-cd28a1b8e8b8e5aed433e809c229004e.jpg","https://media.birdweather.com/species/229/GreatKiskadee-thumbnail-b2749ed2442fb322cf3c4cb72f9c97f6.jpg","https://media.birdweather.com/species/229/GreatKiskadee-png200-003973af4f863deb00a4ce9b6f10e59c.png","0PgFDwIrhYqfZJh1mVe3SZZ3uKEJBncG",17529363728,"https://media.birdweather.com/soundscapes/19267/19267-20260929-130757.flac",1.5,4.5,"live"
11443609822,"1790687277-11443609822",19267,"2026-09-29T07:07:57.000-06:00",0.809584975242615,0.756525337696075,9.12537309824157,"almost_certain","BirdNET",NA,10.2198,-83.7874,FALSE,229,"Great Kiskadee","Pitangus sulphuratus","#7d4410","avian","https://media.birdweather.com/species/229/GreatKiskadee-standard-cd28a1b8e8b8e5aed433e809c229004e.jpg","https://media.birdweather.com/species/229/GreatKiskadee-thumbnail-b2749ed2442fb322cf3c4cb72f9c97f6.jpg","https://media.birdweather.com/species/229/GreatKiskadee-png200-003973af4f863deb00a4ce9b6f10e59c.png","0PgFDwIrhYqfZJh1mVe3SZZ3uKEJBncG",17529363728,"https://media.birdweather.com/soundscapes/19267/19267-20260929-130757.flac",0,3,"live"
11443594208,"1790687225-11443594208",19267,"2026-09-29T07:07:05.000-06:00",0.935851216316223,0.756525337696075,9.42864722943393,"almost_certain","BirdNET",NA,10.2198,-83.7874,FALSE,229,"Great Kiskadee","Pitangus sulphuratus","#7d4410","avian","https://media.birdweather.com/species/229/GreatKiskadee-standard-cd28a1b8e8b8e5aed433e809c229004e.jpg","https://media.birdweather.com/species/229/GreatKiskadee-thumbnail-b2749ed2442fb322cf3c4cb72f9c97f6.jpg","https://media.birdweather.com/species/229/GreatKiskadee-png200-003973af4f863deb00a4ce9b6f10e59c.png","0PgFDwIrhYqfZJh1mVe3SZZ3uKEJBncG",17529336189,"https://media.birdweather.com/soundscapes/19267/19267-20260929-130702.flac",3,6,"live"
11443594206,"1790687223-11443594206",19267,"2026-09-29T07:07:03.500-06:00",0.939794838428497,0.756525337696075,9.4371178855153,"almost_certain","BirdNET",NA,10.2198,-83.7874,FALSE,229,"Great Kiskadee","Pitangus sulphuratus","#7d4410","avian","https://media.birdweather.com/species/229/GreatKiskadee-standard-cd28a1b8e8b8e5aed433e809c229004e.jpg","https://media.birdweather.com/species/229/GreatKiskadee-thumbnail-b2749ed2442fb322cf3c4cb72f9c97f6.jpg","https://media.birdweather.com/species/229/GreatKiskadee-png200-003973af4f863deb00a4ce9b6f10e59c.png","0PgFDwIrhYqfZJh1mVe3SZZ3uKEJBncG",17529336189,"https://media.birdweather.com/soundscapes/19267/19267-20260929-130702.flac",1.5,4.5,"live"
11443590469,"1790687213-11443590469",19267,"2026-09-29T07:06:53.500-06:00",0.729037940502167,0.756525337696075,8.88966286385722,"almost_certain","BirdNET",NA,10.2198,-83.7874,FALSE,229,"Great Kiskadee","Pitangus sulphuratus","#7d4410","avian","https://media.birdweather.com/species/229/GreatKiskadee-standard-cd28a1b8e8b8e5aed433e809c229004e.jpg","https://media.birdweather.com/species/229/GreatKiskadee-thumbnail-b2749ed2442fb322cf3c4cb72f9c97f6.jpg","https://media.birdweather.com/species/229/GreatKiskadee-png200-003973af4f863deb00a4ce9b6f10e59c.png","0PgFDwIrhYqfZJh1mVe3SZZ3uKEJBncG",17529329716,"https://media.birdweather.com/soundscapes/19267/19267-20260929-130649.flac",4.5,7.5,"live"
11443582507,"1790687184-11443582507",19267,"2026-09-29T07:06:24.000-06:00",0.930910229682922,0.756525337696075,9.41795984067973,"almost_certain","BirdNET",NA,10.2198,-83.7874,FALSE,229,"Great Kiskadee","Pitangus sulphuratus","#7d4410","avian","https://media.birdweather.com/species/229/GreatKiskadee-standard-cd28a1b8e8b8e5aed433e809c229004e.jpg","https://media.birdweather.com/species/229/GreatKiskadee-thumbnail-b2749ed2442fb322cf3c4cb72f9c97f6.jpg","https://media.birdweather.com/species/229/GreatKiskadee-png200-003973af4f863deb00a4ce9b6f10e59c.png","0PgFDwIrhYqfZJh1mVe3SZZ3uKEJBncG",17529315974,"https://media.birdweather.com/soundscapes/19267/19267-20260929-130621.flac",3,6,"live"
11443578874,"1790687168-11443578874",19267,"2026-09-29T07:06:08.000-06:00",0.721942245960236,0.756525337696075,8.86681550036234,"almost_certain","BirdNET",NA,10.2198,-83.7874,FALSE,229,"Great Kiskadee","Pitangus sulphuratus","#7d4410","avian","https://media.birdweather.com/species/229/GreatKiskadee-standard-cd28a1b8e8b8e5aed433e809c229004e.jpg","https://media.birdweather.com/species/229/GreatKiskadee-thumbnail-b2749ed2442fb322cf3c4cb72f9c97f6.jpg","https://media.birdweather.com/species/229/GreatKiskadee-png200-003973af4f863deb00a4ce9b6f10e59c.png","0PgFDwIrhYqfZJh1mVe3SZZ3uKEJBncG",17529309686,"https://media.birdweather.com/soundscapes/19267/19267-20260929-130608.flac",0,3,"live"
11443559722,"1790687105-11443559722",19267,"2026-09-29T07:05:05.000-06:00",0.716638505458832,0.756524980068207,8.84948505397333,"almost_certain","BirdNET",NA,10.2198,-83.7874,FALSE,229,"Great Kiskadee","Pitangus sulphuratus","#7d4410","avian","https://media.birdweather.com/species/229/GreatKiskadee-standard-cd28a1b8e8b8e5aed433e809c229004e.jpg","https://media.birdweather.com/species/229/GreatKiskadee-thumbnail-b2749ed2442fb322cf3c4cb72f9c97f6.jpg","https://media.birdweather.com/species/229/GreatKiskadee-png200-003973af4f863deb00a4ce9b6f10e59c.png","0PgFDwIrhYqfZJh1mVe3SZZ3uKEJBncG",17529276318,"https://media.birdweather.com/soundscapes/19267/19267-20260929-130459.flac",6,9,"live"
11443555686,"1790687086-11443555686",19267,"2026-09-29T07:04:46.000-06:00",0.866880178451538,0.756524503231049,9.27134693647911,"almost_certain","BirdNET",NA,10.2198,-83.7874,FALSE,229,"Great Kiskadee","Pitangus sulphuratus","#7d4410","avian","https://media.birdweather.com/species/229/GreatKiskadee-standard-cd28a1b8e8b8e5aed433e809c229004e.jpg","https://media.birdweather.com/species/229/GreatKiskadee-thumbnail-b2749ed2442fb322cf3c4cb72f9c97f6.jpg","https://media.birdweather.com/species/229/GreatKiskadee-png200-003973af4f863deb00a4ce9b6f10e59c.png","0PgFDwIrhYqfZJh1mVe3SZZ3uKEJBncG",17529269051,"https://media.birdweather.com/soundscapes/19267/19267-20260929-130446.flac",0,3,"live"
11443551552,"1790687075-11443551552",19267,"2026-09-29T07:04:35.000-06:00",0.845815420150757,0.756524860858917,9.21946965461597,"almost_certain","BirdNET",NA,10.2198,-83.7874,FALSE,229,"Great Kiskadee","Pitangus sulphuratus","#7d4410","avian","https://media.birdweather.com/species/229/GreatKiskadee-standard-cd28a1b8e8b8e5aed433e809c229004e.jpg","https://media.birdweather.com/species/229/GreatKiskadee-thumbnail-b2749ed2442fb322cf3c4cb72f9c97f6.jpg","https://media.birdweather.com/species/229/GreatKiskadee-png200-003973af4f863deb00a4ce9b6f10e59c.png","0PgFDwIrhYqfZJh1mVe3SZZ3uKEJBncG",17529261688,"https://media.birdweather.com/soundscapes/19267/19267-20260929-130429.flac",6,9,"live"
11443551548,"1790687072-11443551548",19267,"2026-09-29T07:04:32.000-06:00",0.839225471019745,0.756524860858917,9.20282817798009,"almost_certain","BirdNET",NA,10.2198,-83.7874,FALSE,229,"Great Kiskadee","Pitangus sulphuratus","#7d4410","avian","https://media.birdweather.com/species/229/GreatKiskadee-standard-cd28a1b8e8b8e5aed433e809c229004e.jpg","https://media.birdweather.com/species/229/GreatKiskadee-thumbnail-b2749ed2442fb322cf3c4cb72f9c97f6.jpg","https://media.birdweather.com/species/229/GreatKiskadee-png200-003973af4f863deb00a4ce9b6f10e59c.png","0PgFDwIrhYqfZJh1mVe3SZZ3uKEJBncG",17529261688,"https://media.birdweather.com/soundscapes/19267/19267-20260929-130429.flac",3,6,"live"
11443551544,"1790687069-11443551544",19267,"2026-09-29T07:04:29.000-06:00",0.884861409664154,0.756524860858917,9.31412850633506,"almost_certain","BirdNET",NA,10.2198,-83.7874,FALSE,229,"Great Kiskadee","Pitangus sulphuratus","#7d4410","avian","https://media.birdweather.com/species/229/GreatKiskadee-standard-cd28a1b8e8b8e5aed433e809c229004e.jpg","https://media.birdweather.com/species/229/GreatKiskadee-thumbnail-b2749ed2442fb322cf3c4cb72f9c97f6.jpg","https://media.birdweather.com/species/229/GreatKiskadee-png200-003973af4f863deb00a4ce9b6f10e59c.png","0PgFDwIrhYqfZJh1mVe3SZZ3uKEJBncG",17529261688,"https://media.birdweather.com/soundscapes/19267/19267-20260929-130429.flac",0,3,"live"
11443547155,"1790687062-11443547155",19267,"2026-09-29T07:04:22.000-06:00",0.893901705741882,0.756524860858917,9.33514281921715,"almost_certain","BirdNET",NA,10.2198,-83.7874,FALSE,229,"Great Kiskadee","Pitangus sulphuratus","#7d4410","avian","https://media.birdweather.com/species/229/GreatKiskadee-standard-cd28a1b8e8b8e5aed433e809c229004e.jpg","https://media.birdweather.com/species/229/GreatKiskadee-thumbnail-b2749ed2442fb322cf3c4cb72f9c97f6.jpg","https://media.birdweather.com/species/229/GreatKiskadee-png200-003973af4f863deb00a4ce9b6f10e59c.png","0PgFDwIrhYqfZJh1mVe3SZZ3uKEJBncG",17529254001,"https://media.birdweather.com/soundscapes/19267/19267-20260929-130416.flac",6,9,"live"
11443547146,"1790687059-11443547146",19267,"2026-09-29T07:04:19.000-06:00",0.813928484916687,0.756524860858917,9.1370001223413,"almost_certain","BirdNET",NA,10.2198,-83.7874,FALSE,229,"Great Kiskadee","Pitangus sulphuratus","#7d4410","avian","https://media.birdweather.com/species/229/GreatKiskadee-standard-cd28a1b8e8b8e5aed433e809c229004e.jpg","https://media.birdweather.com/species/229/GreatKiskadee-thumbnail-b2749ed2442fb322cf3c4cb72f9c97f6.jpg","https://media.birdweather.com/species/229/GreatKiskadee-png200-003973af4f863deb00a4ce9b6f10e59c.png","0PgFDwIrhYqfZJh1mVe3SZZ3uKEJBncG",17529254001,"https://media.birdweather.com/soundscapes/19267/19267-20260929-130416.flac",3,6,"live"
11443547139,"1790687057-11443547139",19267,"2026-09-29T07:04:17.500-06:00",0.915593802928925,0.756524860858917,9.38428952528178,"almost_certain","BirdNET",NA,10.2198,-83.7874,FALSE,229,"Great Kiskadee","Pitangus sulphuratus","#7d4410","avian","https://media.birdweather.com/species/229/GreatKiskadee-standard-cd28a1b8e8b8e5aed433e809c229004e.jpg","https://media.birdweather.com/species/229/GreatKiskadee-thumbnail-b2749ed2442fb322cf3c4cb72f9c97f6.jpg","https://media.birdweather.com/species/229/GreatKiskadee-png200-003973af4f863deb00a4ce9b6f10e59c.png","0PgFDwIrhYqfZJh1mVe3SZZ3uKEJBncG",17529254001,"https://media.birdweather.com/soundscapes/19267/19267-20260929-130416.flac",1.5,4.5,"live"
11443543286,"1790687047-11443543286",19267,"2026-09-29T07:04:07.500-06:00",0.975930869579315,0.756523489952087,9.51238683127821,"almost_certain","BirdNET",NA,10.2198,-83.7874,FALSE,229,"Great Kiskadee","Pitangus sulphuratus","#7d4410","avian","https://media.birdweather.com/species/229/GreatKiskadee-standard-cd28a1b8e8b8e5aed433e809c229004e.jpg","https://media.birdweather.com/species/229/GreatKiskadee-thumbnail-b2749ed2442fb322cf3c4cb72f9c97f6.jpg","https://media.birdweather.com/species/229/GreatKiskadee-png200-003973af4f863deb00a4ce9b6f10e59c.png","0PgFDwIrhYqfZJh1mVe3SZZ3uKEJBncG",17529247580,"https://media.birdweather.com/soundscapes/19267/19267-20260929-130403.flac",4.5,7.5,"live"
11443490099,"1790686861-11443490099",19267,"2026-09-29T07:01:01.000-06:00",0.745547771453857,0.756522417068481,8.94138763529522,"almost_certain","BirdNET",NA,10.2198,-83.7874,FALSE,229,"Great Kiskadee","Pitangus sulphuratus","#7d4410","avian","https://media.birdweather.com/species/229/GreatKiskadee-standard-cd28a1b8e8b8e5aed433e809c229004e.jpg","https://media.birdweather.com/species/229/GreatKiskadee-thumbnail-b2749ed2442fb322cf3c4cb72f9c97f6.jpg","https://media.birdweather.com/species/229/GreatKiskadee-png200-003973af4f863deb00a4ce9b6f10e59c.png","0PgFDwIrhYqfZJh1mVe3SZZ3uKEJBncG",17529157449,"https://media.birdweather.com/soundscapes/19267/19267-20260929-130101.flac",0,3,"live"
11443450224,"1790686731-11443450224",19267,"2026-09-29T06:58:51.000-06:00",0.947448194026947,0.756520211696625,9.45339969682175,"almost_certain","BirdNET",NA,10.2198,-83.7874,FALSE,229,"Great Kiskadee","Pitangus sulphuratus","#7d4410","avian","https://media.birdweather.com/species/229/GreatKiskadee-standard-cd28a1b8e8b8e5aed433e809c229004e.jpg","https://media.birdweather.com/species/229/GreatKiskadee-thumbnail-b2749ed2442fb322cf3c4cb72f9c97f6.jpg","https://media.birdweather.com/species/229/GreatKiskadee-png200-003973af4f863deb00a4ce9b6f10e59c.png","0PgFDwIrhYqfZJh1mVe3SZZ3uKEJBncG",17529090165,"https://media.birdweather.com/soundscapes/19267/19267-20260929-125845.flac",6,9,"live"
11443400756,"1790686565-11443400756",19267,"2026-09-29T06:56:05.000-06:00",0.951234102249146,0.756521463394165,9.46138958264476,"almost_certain","BirdNET",NA,10.2198,-83.7874,FALSE,229,"Great Kiskadee","Pitangus sulphuratus","#7d4410","avian","https://media.birdweather.com/species/229/GreatKiskadee-standard-cd28a1b8e8b8e5aed433e809c229004e.jpg","https://media.birdweather.com/species/229/GreatKiskadee-thumbnail-b2749ed2442fb322cf3c4cb72f9c97f6.jpg","https://media.birdweather.com/species/229/GreatKiskadee-png200-003973af4f863deb00a4ce9b6f10e59c.png","0PgFDwIrhYqfZJh1mVe3SZZ3uKEJBncG",17529007190,"https://media.birdweather.com/soundscapes/19267/19267-20260929-125559.flac",6,9,"live"
11443400753,"1790686563-11443400753",19267,"2026-09-29T06:56:03.500-06:00",0.865062534809113,0.756521463394165,9.26694168016036,"almost_certain","BirdNET",NA,10.2198,-83.7874,FALSE,229,"Great Kiskadee","Pitangus sulphuratus","#7d4410","avian","https://media.birdweather.com/species/229/GreatKiskadee-standard-cd28a1b8e8b8e5aed433e809c229004e.jpg","https://media.birdweather.com/species/229/GreatKiskadee-thumbnail-b2749ed2442fb322cf3c4cb72f9c97f6.jpg","https://media.birdweather.com/species/229/GreatKiskadee-png200-003973af4f863deb00a4ce9b6f10e59c.png","0PgFDwIrhYqfZJh1mVe3SZZ3uKEJBncG",17529007190,"https://media.birdweather.com/soundscapes/19267/19267-20260929-125559.flac",4.5,7.5,"live"
11443400751,"1790686562-11443400751",19267,"2026-09-29T06:56:02.000-06:00",0.876967668533325,0.756521463394165,9.29550594054818,"almost_certain","BirdNET",NA,10.2198,-83.7874,FALSE,229,"Great Kiskadee","Pitangus sulphuratus","#7d4410","avian","https://media.birdweather.com/species/229/GreatKiskadee-standard-cd28a1b8e8b8e5aed433e809c229004e.jpg","https://media.birdweather.com/species/229/GreatKiskadee-thumbnail-b2749ed2442fb322cf3c4cb72f9c97f6.jpg","https://media.birdweather.com/species/229/GreatKiskadee-png200-003973af4f863deb00a4ce9b6f10e59c.png","0PgFDwIrhYqfZJh1mVe3SZZ3uKEJBncG",17529007190,"https://media.birdweather.com/soundscapes/19267/19267-20260929-125559.flac",3,6,"live"
11443400744,"1790686559-11443400744",19267,"2026-09-29T06:55:59.000-06:00",0.926379799842834,0.756521463394165,9.40807975151638,"almost_certain","BirdNET",NA,10.2198,-83.7874,FALSE,229,"Great Kiskadee","Pitangus sulphuratus","#7d4410","avian","https://media.birdweather.com/species/229/GreatKiskadee-standard-cd28a1b8e8b8e5aed433e809c229004e.jpg","https://media.birdweather.com/species/229/GreatKiskadee-thumbnail-b2749ed2442fb322cf3c4cb72f9c97f6.jpg","https://media.birdweather.com/species/229/GreatKiskadee-png200-003973af4f863deb00a4ce9b6f10e59c.png","0PgFDwIrhYqfZJh1mVe3SZZ3uKEJBncG",17529007190,"https://media.birdweather.com/soundscapes/19267/19267-20260929-125559.flac",0,3,"live"
11443396977,"1790686550-11443396977",19267,"2026-09-29T06:55:50.500-06:00",0.859560668468475,0.756522595882416,9.25353900657135,"almost_certain","BirdNET",NA,10.2198,-83.7874,FALSE,229,"Great Kiskadee","Pitangus sulphuratus","#7d4410","avian","https://media.birdweather.com/species/229/GreatKiskadee-standard-cd28a1b8e8b8e5aed433e809c229004e.jpg","https://media.birdweather.com/species/229/GreatKiskadee-thumbnail-b2749ed2442fb322cf3c4cb72f9c97f6.jpg","https://media.birdweather.com/species/229/GreatKiskadee-png200-003973af4f863deb00a4ce9b6f10e59c.png","0PgFDwIrhYqfZJh1mVe3SZZ3uKEJBncG",17529000780,"https://media.birdweather.com/soundscapes/19267/19267-20260929-125546.flac",4.5,7.5,"live"
11443396971,"1790686549-11443396971",19267,"2026-09-29T06:55:49.000-06:00",0.976298332214355,0.756522595882416,9.51312981688394,"almost_certain","BirdNET",NA,10.2198,-83.7874,FALSE,229,"Great Kiskadee","Pitangus sulphuratus","#7d4410","avian","https://media.birdweather.com/species/229/GreatKiskadee-standard-cd28a1b8e8b8e5aed433e809c229004e.jpg","https://media.birdweather.com/species/229/GreatKiskadee-thumbnail-b2749ed2442fb322cf3c4cb72f9c97f6.jpg","https://media.birdweather.com/species/229/GreatKiskadee-png200-003973af4f863deb00a4ce9b6f10e59c.png","0PgFDwIrhYqfZJh1mVe3SZZ3uKEJBncG",17529000780,"https://media.birdweather.com/soundscapes/19267/19267-20260929-125546.flac",3,6,"live"
11443396964,"1790686547-11443396964",19267,"2026-09-29T06:55:47.500-06:00",0.934758007526398,0.756522595882416,9.42628488286974,"almost_certain","BirdNET",NA,10.2198,-83.7874,FALSE,229,"Great Kiskadee","Pitangus sulphuratus","#7d4410","avian","https://media.birdweather.com/species/229/GreatKiskadee-standard-cd28a1b8e8b8e5aed433e809c229004e.jpg","https://media.birdweather.com/species/229/GreatKiskadee-thumbnail-b2749ed2442fb322cf3c4cb72f9c97f6.jpg","https://media.birdweather.com/species/229/GreatKiskadee-png200-003973af4f863deb00a4ce9b6f10e59c.png","0PgFDwIrhYqfZJh1mVe3SZZ3uKEJBncG",17529000780,"https://media.birdweather.com/soundscapes/19267/19267-20260929-125546.flac",1.5,4.5,"live"
11443396952,"1790686546-11443396952",19267,"2026-09-29T06:55:46.000-06:00",0.930933892726898,0.756522595882416,9.41800632279346,"almost_certain","BirdNET",NA,10.2198,-83.7874,FALSE,229,"Great Kiskadee","Pitangus sulphuratus","#7d4410","avian","https://media.birdweather.com/species/229/GreatKiskadee-standard-cd28a1b8e8b8e5aed433e809c229004e.jpg","https://media.birdweather.com/species/229/GreatKiskadee-thumbnail-b2749ed2442fb322cf3c4cb72f9c97f6.jpg","https://media.birdweather.com/species/229/GreatKiskadee-png200-003973af4f863deb00a4ce9b6f10e59c.png","0PgFDwIrhYqfZJh1mVe3SZZ3uKEJBncG",17529000780,"https://media.birdweather.com/soundscapes/19267/19267-20260929-125546.flac",0,3,"live"
11443392825,"1790686532-11443392825",19267,"2026-09-29T06:55:32.500-06:00",0.837152183055878,0.756522178649902,9.19754566764857,"almost_certain","BirdNET",NA,10.2198,-83.7874,FALSE,229,"Great Kiskadee","Pitangus sulphuratus","#7d4410","avian","https://media.birdweather.com/species/229/GreatKiskadee-standard-cd28a1b8e8b8e5aed433e809c229004e.jpg","https://media.birdweather.com/species/229/GreatKiskadee-thumbnail-b2749ed2442fb322cf3c4cb72f9c97f6.jpg","https://media.birdweather.com/species/229/GreatKiskadee-png200-003973af4f863deb00a4ce9b6f10e59c.png","0PgFDwIrhYqfZJh1mVe3SZZ3uKEJBncG",17528993560,"https://media.birdweather.com/soundscapes/19267/19267-20260929-125531.flac",1.5,4.5,"live"
11443392820,"1790686531-11443392820",19267,"2026-09-29T06:55:31.000-06:00",0.878987371921539,0.756522178649902,9.30029459621588,"almost_certain","BirdNET",NA,10.2198,-83.7874,FALSE,229,"Great Kiskadee","Pitangus sulphuratus","#7d4410","avian","https://media.birdweather.com/species/229/GreatKiskadee-standard-cd28a1b8e8b8e5aed433e809c229004e.jpg","https://media.birdweather.com/species/229/GreatKiskadee-thumbnail-b2749ed2442fb322cf3c4cb72f9c97f6.jpg","https://media.birdweather.com/species/229/GreatKiskadee-png200-003973af4f863deb00a4ce9b6f10e59c.png","0PgFDwIrhYqfZJh1mVe3SZZ3uKEJBncG",17528993560,"https://media.birdweather.com/soundscapes/19267/19267-20260929-125531.flac",0,3,"live"
11443389083,"1790686524-11443389083",19267,"2026-09-29T06:55:24.000-06:00",0.852163851261139,0.756522178649902,9.23530750506568,"almost_certain","BirdNET",NA,10.2198,-83.7874,FALSE,229,"Great Kiskadee","Pitangus sulphuratus","#7d4410","avian","https://media.birdweather.com/species/229/GreatKiskadee-standard-cd28a1b8e8b8e5aed433e809c229004e.jpg","https://media.birdweather.com/species/229/GreatKiskadee-thumbnail-b2749ed2442fb322cf3c4cb72f9c97f6.jpg","https://media.birdweather.com/species/229/GreatKiskadee-png200-003973af4f863deb00a4ce9b6f10e59c.png","0PgFDwIrhYqfZJh1mVe3SZZ3uKEJBncG",17528987099,"https://media.birdweather.com/soundscapes/19267/19267-20260929-125518.flac",6,9,"live"
11443389077,"1790686521-11443389077",19267,"2026-09-29T06:55:21.000-06:00",0.715094029903412,0.756522178649902,8.84439203170143,"almost_certain","BirdNET",NA,10.2198,-83.7874,FALSE,229,"Great Kiskadee","Pitangus sulphuratus","#7d4410","avian","https://media.birdweather.com/species/229/GreatKiskadee-standard-cd28a1b8e8b8e5aed433e809c229004e.jpg","https://media.birdweather.com/species/229/GreatKiskadee-thumbnail-b2749ed2442fb322cf3c4cb72f9c97f6.jpg","https://media.birdweather.com/species/229/GreatKiskadee-png200-003973af4f863deb00a4ce9b6f10e59c.png","0PgFDwIrhYqfZJh1mVe3SZZ3uKEJBncG",17528987099,"https://media.birdweather.com/soundscapes/19267/19267-20260929-125518.flac",3,6,"live"
11443389074,"1790686519-11443389074",19267,"2026-09-29T06:55:19.500-06:00",0.957743465900421,0.756522178649902,9.47501661279632,"almost_certain","BirdNET",NA,10.2198,-83.7874,FALSE,229,"Great Kiskadee","Pitangus sulphuratus","#7d4410","avian","https://media.birdweather.com/species/229/GreatKiskadee-standard-cd28a1b8e8b8e5aed433e809c229004e.jpg","https://media.birdweather.com/species/229/GreatKiskadee-thumbnail-b2749ed2442fb322cf3c4cb72f9c97f6.jpg","https://media.birdweather.com/species/229/GreatKiskadee-png200-003973af4f863deb00a4ce9b6f10e59c.png","0PgFDwIrhYqfZJh1mVe3SZZ3uKEJBncG",17528987099,"https://media.birdweather.com/soundscapes/19267/19267-20260929-125518.flac",1.5,4.5,"live"
11443389071,"1790686518-11443389071",19267,"2026-09-29T06:55:18.000-06:00",0.930796384811401,0.756522178649902,9.41770696199503,"almost_certain","BirdNET",NA,10.2198,-83.7874,FALSE,229,"Great Kiskadee","Pitangus sulphuratus","#7d4410","avian","https://media.birdweather.com/species/229/GreatKiskadee-standard-cd28a1b8e8b8e5aed433e809c229004e.jpg","https://media.birdweather.com/species/229/GreatKiskadee-thumbnail-b2749ed2442fb322cf3c4cb72f9c97f6.jpg","https://media.birdweather.com/species/229/GreatKiskadee-png200-003973af4f863deb00a4ce9b6f10e59c.png","0PgFDwIrhYqfZJh1mVe3SZZ3uKEJBncG",17528987099,"https://media.birdweather.com/soundscapes/19267/19267-20260929-125518.flac",0,3,"live"
11443385374,"1790686511-11443385374",19267,"2026-09-29T06:55:11.000-06:00",0.994256436824799,0.756522178649902,9.54903279711778,"almost_certain","BirdNET",NA,10.2198,-83.7874,FALSE,229,"Great Kiskadee","Pitangus sulphuratus","#7d4410","avian","https://media.birdweather.com/species/229/GreatKiskadee-standard-cd28a1b8e8b8e5aed433e809c229004e.jpg","https://media.birdweather.com/species/229/GreatKiskadee-thumbnail-b2749ed2442fb322cf3c4cb72f9c97f6.jpg","https://media.birdweather.com/species/229/GreatKiskadee-png200-003973af4f863deb00a4ce9b6f10e59c.png","0PgFDwIrhYqfZJh1mVe3SZZ3uKEJBncG",17528980666,"https://media.birdweather.com/soundscapes/19267/19267-20260929-125505.flac",6,9,"live"
11443385369,"1790686508-11443385369",19267,"2026-09-29T06:55:08.000-06:00",0.829792737960815,0.756522178649902,9.17864572354283,"almost_certain","BirdNET",NA,10.2198,-83.7874,FALSE,229,"Great Kiskadee","Pitangus sulphuratus","#7d4410","avian","https://media.birdweather.com/species/229/GreatKiskadee-standard-cd28a1b8e8b8e5aed433e809c229004e.jpg","https://media.birdweather.com/species/229/GreatKiskadee-thumbnail-b2749ed2442fb322cf3c4cb72f9c97f6.jpg","https://media.birdweather.com/species/229/GreatKiskadee-png200-003973af4f863deb00a4ce9b6f10e59c.png","0PgFDwIrhYqfZJh1mVe3SZZ3uKEJBncG",17528980666,"https://media.birdweather.com/soundscapes/19267/19267-20260929-125505.flac",3,6,"live"
11443385364,"1790686506-11443385364",19267,"2026-09-29T06:55:06.500-06:00",0.775474965572357,0.756522178649902,9.03045057996245,"almost_certain","BirdNET",NA,10.2198,-83.7874,FALSE,229,"Great Kiskadee","Pitangus sulphuratus","#7d4410","avian","https://media.birdweather.com/species/229/GreatKiskadee-standard-cd28a1b8e8b8e5aed433e809c229004e.jpg","https://media.birdweather.com/species/229/GreatKiskadee-thumbnail-b2749ed2442fb322cf3c4cb72f9c97f6.jpg","https://media.birdweather.com/species/229/GreatKiskadee-png200-003973af4f863deb00a4ce9b6f10e59c.png","0PgFDwIrhYqfZJh1mVe3SZZ3uKEJBncG",17528980666,"https://media.birdweather.com/soundscapes/19267/19267-20260929-125505.flac",1.5,4.5,"live"
11443381216,"1790686493-11443381216",19267,"2026-09-29T06:54:53.000-06:00",0.793578267097473,0.756522178649902,9.08164365804583,"almost_certain","BirdNET",NA,10.2198,-83.7874,FALSE,229,"Great Kiskadee","Pitangus sulphuratus","#7d4410","avian","https://media.birdweather.com/species/229/GreatKiskadee-standard-cd28a1b8e8b8e5aed433e809c229004e.jpg","https://media.birdweather.com/species/229/GreatKiskadee-thumbnail-b2749ed2442fb322cf3c4cb72f9c97f6.jpg","https://media.birdweather.com/species/229/GreatKiskadee-png200-003973af4f863deb00a4ce9b6f10e59c.png","0PgFDwIrhYqfZJh1mVe3SZZ3uKEJBncG",17528973375,"https://media.birdweather.com/soundscapes/19267/19267-20260929-125450.flac",3,6,"live"
11443381211,"1790686491-11443381211",19267,"2026-09-29T06:54:51.500-06:00",0.834699392318726,0.756522178649902,9.19127552866159,"almost_certain","BirdNET",NA,10.2198,-83.7874,FALSE,229,"Great Kiskadee","Pitangus sulphuratus","#7d4410","avian","https://media.birdweather.com/species/229/GreatKiskadee-standard-cd28a1b8e8b8e5aed433e809c229004e.jpg","https://media.birdweather.com/species/229/GreatKiskadee-thumbnail-b2749ed2442fb322cf3c4cb72f9c97f6.jpg","https://media.birdweather.com/species/229/GreatKiskadee-png200-003973af4f863deb00a4ce9b6f10e59c.png","0PgFDwIrhYqfZJh1mVe3SZZ3uKEJBncG",17528973375,"https://media.birdweather.com/soundscapes/19267/19267-20260929-125450.flac",1.5,4.5,"live"
11443377437,"1790686481-11443377437",19267,"2026-09-29T06:54:41.500-06:00",0.840100705623627,0.756522238254547,9.20504537997809,"almost_certain","BirdNET",NA,10.2198,-83.7874,FALSE,229,"Great Kiskadee","Pitangus sulphuratus","#7d4410","avian","https://media.birdweather.com/species/229/GreatKiskadee-standard-cd28a1b8e8b8e5aed433e809c229004e.jpg","https://media.birdweather.com/species/229/GreatKiskadee-thumbnail-b2749ed2442fb322cf3c4cb72f9c97f6.jpg","https://media.birdweather.com/species/229/GreatKiskadee-png200-003973af4f863deb00a4ce9b6f10e59c.png","0PgFDwIrhYqfZJh1mVe3SZZ3uKEJBncG",17528966711,"https://media.birdweather.com/soundscapes/19267/19267-20260929-125437.flac",4.5,7.5,"live"
11443377434,"1790686480-11443377434",19267,"2026-09-29T06:54:40.000-06:00",0.969281613826752,0.756522238254547,9.49884092770806,"almost_certain","BirdNET",NA,10.2198,-83.7874,FALSE,229,"Great Kiskadee","Pitangus sulphuratus","#7d4410","avian","https://media.birdweather.com/species/229/GreatKiskadee-standard-cd28a1b8e8b8e5aed433e809c229004e.jpg","https://media.birdweather.com/species/229/GreatKiskadee-thumbnail-b2749ed2442fb322cf3c4cb72f9c97f6.jpg","https://media.birdweather.com/species/229/GreatKiskadee-png200-003973af4f863deb00a4ce9b6f10e59c.png","0PgFDwIrhYqfZJh1mVe3SZZ3uKEJBncG",17528966711,"https://media.birdweather.com/soundscapes/19267/19267-20260929-125437.flac",3,6,"live"
11443377431,"1790686478-11443377431",19267,"2026-09-29T06:54:38.500-06:00",0.976363003253937,0.756522238254547,9.51326017770831,"almost_certain","BirdNET",NA,10.2198,-83.7874,FALSE,229,"Great Kiskadee","Pitangus sulphuratus","#7d4410","avian","https://media.birdweather.com/species/229/GreatKiskadee-standard-cd28a1b8e8b8e5aed433e809c229004e.jpg","https://media.birdweather.com/species/229/GreatKiskadee-thumbnail-b2749ed2442fb322cf3c4cb72f9c97f6.jpg","https://media.birdweather.com/species/229/GreatKiskadee-png200-003973af4f863deb00a4ce9b6f10e59c.png","0PgFDwIrhYqfZJh1mVe3SZZ3uKEJBncG",17528966711,"https://media.birdweather.com/soundscapes/19267/19267-20260929-125437.flac",1.5,4.5,"live"
11443377428,"1790686477-11443377428",19267,"2026-09-29T06:54:37.000-06:00",0.868457198143005,0.756522238254547,9.27514883781926,"almost_certain","BirdNET",NA,10.2198,-83.7874,FALSE,229,"Great Kiskadee","Pitangus sulphuratus","#7d4410","avian","https://media.birdweather.com/species/229/GreatKiskadee-standard-cd28a1b8e8b8e5aed433e809c229004e.jpg","https://media.birdweather.com/species/229/GreatKiskadee-thumbnail-b2749ed2442fb322cf3c4cb72f9c97f6.jpg","https://media.birdweather.com/species/229/GreatKiskadee-png200-003973af4f863deb00a4ce9b6f10e59c.png","0PgFDwIrhYqfZJh1mVe3SZZ3uKEJBncG",17528966711,"https://media.birdweather.com/soundscapes/19267/19267-20260929-125437.flac",0,3,"live"
11443373713,"1790686468-11443373713",19267,"2026-09-29T06:54:28.500-06:00",0.780404031276703,0.756522655487061,9.0445805843127,"almost_certain","BirdNET",NA,10.2198,-83.7874,FALSE,229,"Great Kiskadee","Pitangus sulphuratus","#7d4410","avian","https://media.birdweather.com/species/229/GreatKiskadee-standard-cd28a1b8e8b8e5aed433e809c229004e.jpg","https://media.birdweather.com/species/229/GreatKiskadee-thumbnail-b2749ed2442fb322cf3c4cb72f9c97f6.jpg","https://media.birdweather.com/species/229/GreatKiskadee-png200-003973af4f863deb00a4ce9b6f10e59c.png","0PgFDwIrhYqfZJh1mVe3SZZ3uKEJBncG",17528960268,"https://media.birdweather.com/soundscapes/19267/19267-20260929-125424.flac",4.5,7.5,"live"
11443373711,"1790686467-11443373711",19267,"2026-09-29T06:54:27.000-06:00",0.705048978328705,0.756522655487061,8.81083188612084,"almost_certain","BirdNET",NA,10.2198,-83.7874,FALSE,229,"Great Kiskadee","Pitangus sulphuratus","#7d4410","avian","https://media.birdweather.com/species/229/GreatKiskadee-standard-cd28a1b8e8b8e5aed433e809c229004e.jpg","https://media.birdweather.com/species/229/GreatKiskadee-thumbnail-b2749ed2442fb322cf3c4cb72f9c97f6.jpg","https://media.birdweather.com/species/229/GreatKiskadee-png200-003973af4f863deb00a4ce9b6f10e59c.png","0PgFDwIrhYqfZJh1mVe3SZZ3uKEJBncG",17528960268,"https://media.birdweather.com/soundscapes/19267/19267-20260929-125424.flac",3,6,"live"
11443373707,"1790686465-11443373707",19267,"2026-09-29T06:54:25.500-06:00",0.928416073322296,0.756522655487061,9.4125283378116,"almost_certain","BirdNET",NA,10.2198,-83.7874,FALSE,229,"Great Kiskadee","Pitangus sulphuratus","#7d4410","avian","https://media.birdweather.com/species/229/GreatKiskadee-standard-cd28a1b8e8b8e5aed433e809c229004e.jpg","https://media.birdweather.com/species/229/GreatKiskadee-thumbnail-b2749ed2442fb322cf3c4cb72f9c97f6.jpg","https://media.birdweather.com/species/229/GreatKiskadee-png200-003973af4f863deb00a4ce9b6f10e59c.png","0PgFDwIrhYqfZJh1mVe3SZZ3uKEJBncG",17528960268,"https://media.birdweather.com/soundscapes/19267/19267-20260929-125424.flac",1.5,4.5,"live"
11443373704,"1790686464-11443373704",19267,"2026-09-29T06:54:24.000-06:00",0.918880224227905,0.756522655487061,9.39158003896165,"almost_certain","BirdNET",NA,10.2198,-83.7874,FALSE,229,"Great Kiskadee","Pitangus sulphuratus","#7d4410","avian","https://media.birdweather.com/species/229/GreatKiskadee-standard-cd28a1b8e8b8e5aed433e809c229004e.jpg","https://media.birdweather.com/species/229/GreatKiskadee-thumbnail-b2749ed2442fb322cf3c4cb72f9c97f6.jpg","https://media.birdweather.com/species/229/GreatKiskadee-png200-003973af4f863deb00a4ce9b6f10e59c.png","0PgFDwIrhYqfZJh1mVe3SZZ3uKEJBncG",17528960268,"https://media.birdweather.com/soundscapes/19267/19267-20260929-125424.flac",0,3,"live"
11443270110,"1790686106-11443270110",19267,"2026-09-29T06:48:26.000-06:00",0.899446606636047,0.756525754928589,9.3478759370788,"almost_certain","BirdNET",NA,10.2198,-83.7874,FALSE,229,"Great Kiskadee","Pitangus sulphuratus","#7d4410","avian","https://media.birdweather.com/species/229/GreatKiskadee-standard-cd28a1b8e8b8e5aed433e809c229004e.jpg","https://media.birdweather.com/species/229/GreatKiskadee-thumbnail-b2749ed2442fb322cf3c4cb72f9c97f6.jpg","https://media.birdweather.com/species/229/GreatKiskadee-png200-003973af4f863deb00a4ce9b6f10e59c.png","0PgFDwIrhYqfZJh1mVe3SZZ3uKEJBncG",17528781731,"https://media.birdweather.com/soundscapes/19267/19267-20260929-124823.flac",3,6,"live"
11443270103,"1790686104-11443270103",19267,"2026-09-29T06:48:24.500-06:00",0.756530523300171,0.756525754928589,8.97475459333831,"almost_certain","BirdNET",NA,10.2198,-83.7874,FALSE,229,"Great Kiskadee","Pitangus sulphuratus","#7d4410","avian","https://media.birdweather.com/species/229/GreatKiskadee-standard-cd28a1b8e8b8e5aed433e809c229004e.jpg","https://media.birdweather.com/species/229/GreatKiskadee-thumbnail-b2749ed2442fb322cf3c4cb72f9c97f6.jpg","https://media.birdweather.com/species/229/GreatKiskadee-png200-003973af4f863deb00a4ce9b6f10e59c.png","0PgFDwIrhYqfZJh1mVe3SZZ3uKEJBncG",17528781731,"https://media.birdweather.com/soundscapes/19267/19267-20260929-124823.flac",1.5,4.5,"live"
11443247113,"1790686025-11443247113",19267,"2026-09-29T06:47:05.500-06:00",0.74882972240448,0.570039927959442,8.56953141877741,"almost_certain","BirdNET",NA,10.2198,-83.7874,FALSE,897,"Orange-chinned Parakeet","Brotogeris jugularis","#c85500","avian","https://media.birdweather.com/species/897/Orange-chinnedParakeet-standard-0bf0068f65faf91a77e897bad45dfb9c.jpg","https://media.birdweather.com/species/897/Orange-chinnedParakeet-thumbnail-542c4a6c0820592c04275ed546d0c49a.jpg","https://media.birdweather.com/species/897/Orange-chinnedParakeet-png200-7d59a0f58540798895be6be2a6dcfe26.png","U+kFHwJATKdHaLhzaSaJJpuXZ4BFePYK",17528741678,"https://media.birdweather.com/soundscapes/19267/19267-20260929-124701.flac",4.5,7.5,"live"
11443199101,"1790685859-11443199101",19267,"2026-09-29T06:44:19.000-06:00",0.887901544570923,0.756527721881866,9.32123649448373,"almost_certain","BirdNET",NA,10.2198,-83.7874,FALSE,229,"Great Kiskadee","Pitangus sulphuratus","#7d4410","avian","https://media.birdweather.com/species/229/GreatKiskadee-standard-cd28a1b8e8b8e5aed433e809c229004e.jpg","https://media.birdweather.com/species/229/GreatKiskadee-thumbnail-b2749ed2442fb322cf3c4cb72f9c97f6.jpg","https://media.birdweather.com/species/229/GreatKiskadee-png200-003973af4f863deb00a4ce9b6f10e59c.png","0PgFDwIrhYqfZJh1mVe3SZZ3uKEJBncG",17528660970,"https://media.birdweather.com/soundscapes/19267/19267-20260929-124419.flac",0,3,"live"
11443143106,"1790685671-11443143106",19267,"2026-09-29T06:41:11.500-06:00",0.745355665683746,0.368228614330292,7.97307657842801,"almost_certain","BirdNET",NA,10.2198,-83.7874,FALSE,321,"Palm Tanager","Thraupis palmarum","#008efd","avian","https://media.birdweather.com/species/321/PalmTanager-standard-cbade2e4973d8cb57c4014568207591d.jpg","https://media.birdweather.com/species/321/PalmTanager-thumbnail-66ffacacc3b9c5f5dad0cf97c949e40f.jpg","https://media.birdweather.com/species/321/PalmTanager-png200-100c123f8e9a99aad801e3e79a865873.png","lvkJHwR/d2lneYlEp0hrx2iL+XtlNZgA",17528565793,"https://media.birdweather.com/soundscapes/19267/19267-20260929-124107.flac",4.5,7.5,"live"
11443143102,"1790685667-11443143102",19267,"2026-09-29T06:41:07.000-06:00",0.701403677463531,0.537791788578033,8.33816902995508,"almost_certain","BirdNET",NA,10.2198,-83.7874,FALSE,802,"Rufous-tailed Hummingbird","Amazilia tzacatl","#d9c845","avian","https://media.birdweather.com/species/802/Rufous-tailedHummingbird-standard-4d0209b50ad0c35c6d8337f5c0c16b55.jpg","https://media.birdweather.com/species/802/Rufous-tailedHummingbird-thumbnail-fbf17400c31564f70aa45927c5d75f5e.jpg","https://media.birdweather.com/species/802/Rufous-tailedHummingbird-png200-8ea431c9893cfe027e92471791a8c256.png","mPkJFwIHqJeJl4lriIaGhYh3+H+oVGAH",17528565793,"https://media.birdweather.com/soundscapes/19267/19267-20260929-124107.flac",0,3,"live"
11443139111,"1790685655-11443139111",19267,"2026-09-29T06:40:55.500-06:00",0.936544418334961,0.756525337696075,9.43013998347012,"almost_certain","BirdNET",NA,10.2198,-83.7874,FALSE,229,"Great Kiskadee","Pitangus sulphuratus","#7d4410","avian","https://media.birdweather.com/species/229/GreatKiskadee-standard-cd28a1b8e8b8e5aed433e809c229004e.jpg","https://media.birdweather.com/species/229/GreatKiskadee-thumbnail-b2749ed2442fb322cf3c4cb72f9c97f6.jpg","https://media.birdweather.com/species/229/GreatKiskadee-png200-003973af4f863deb00a4ce9b6f10e59c.png","0PgFDwIrhYqfZJh1mVe3SZZ3uKEJBncG",17528559359,"https://media.birdweather.com/soundscapes/19267/19267-20260929-124054.flac",1.5,4.5,"live"
11443139107,"1790685654-11443139107",19267,"2026-09-29T06:40:54.000-06:00",0.719115316867828,0.756525337696075,8.85760588710303,"almost_certain","BirdNET",NA,10.2198,-83.7874,FALSE,229,"Great Kiskadee","Pitangus sulphuratus","#7d4410","avian","https://media.birdweather.com/species/229/GreatKiskadee-standard-cd28a1b8e8b8e5aed433e809c229004e.jpg","https://media.birdweather.com/species/229/GreatKiskadee-thumbnail-b2749ed2442fb322cf3c4cb72f9c97f6.jpg","https://media.birdweather.com/species/229/GreatKiskadee-png200-003973af4f863deb00a4ce9b6f10e59c.png","0PgFDwIrhYqfZJh1mVe3SZZ3uKEJBncG",17528559359,"https://media.birdweather.com/soundscapes/19267/19267-20260929-124054.flac",0,3,"live"
11443086266,"1790685478-11443086266",19267,"2026-09-29T06:37:58.500-06:00",0.720485746860504,0.231052115559578,7.27718742949853,"almost_certain","BirdNET",NA,10.2198,-83.7874,FALSE,501,"White-winged Dove","Zenaida asiatica","#d16ff8","avian","https://media.birdweather.com/species/501/White-wingedDove-standard-6528ef689b07d5a91f1c2275cdef19c9.jpg","https://media.birdweather.com/species/501/White-wingedDove-thumbnail-4a940adfd5a6c78c73c48c5095e7b896.jpg","https://media.birdweather.com/species/501/White-wingedDove-png200-d65decd3d571b5a9dbeca249ef97689f.png","IscJLwb6hoVelZWZdoh3eIeIdxBoB4IG",17528469883,"https://media.birdweather.com/soundscapes/19267/19267-20260929-123754.flac",4.5,7.5,"live"
11443086264,"1790685477-11443086264",19267,"2026-09-29T06:37:57.000-06:00",0.707361698150635,0.231052115559578,7.23374596371677,"almost_certain","BirdNET",NA,10.2198,-83.7874,FALSE,501,"White-winged Dove","Zenaida asiatica","#d16ff8","avian","https://media.birdweather.com/species/501/White-wingedDove-standard-6528ef689b07d5a91f1c2275cdef19c9.jpg","https://media.birdweather.com/species/501/White-wingedDove-thumbnail-4a940adfd5a6c78c73c48c5095e7b896.jpg","https://media.birdweather.com/species/501/White-wingedDove-png200-d65decd3d571b5a9dbeca249ef97689f.png","IscJLwb6hoVelZWZdoh3eIeIdxBoB4IG",17528469883,"https://media.birdweather.com/soundscapes/19267/19267-20260929-123754.flac",3,6,"live"
11442834444,"1790684626-11442834444",19267,"2026-09-29T06:23:46.000-06:00",0.840498268604279,0.231050342321396,7.62115811673967,"almost_certain","BirdNET",NA,10.2198,-83.7874,FALSE,501,"White-winged Dove","Zenaida asiatica","#d16ff8","avian","https://media.birdweather.com/species/501/White-wingedDove-standard-6528ef689b07d5a91f1c2275cdef19c9.jpg","https://media.birdweather.com/species/501/White-wingedDove-thumbnail-4a940adfd5a6c78c73c48c5095e7b896.jpg","https://media.birdweather.com/species/501/White-wingedDove-png200-d65decd3d571b5a9dbeca249ef97689f.png","IscJLwb6hoVelZWZdoh3eIeIdxBoB4IG",17528047467,"https://media.birdweather.com/soundscapes/19267/19267-20260929-122340.flac",6,9,"live"
11442793247,"1790684488-11442793247",19267,"2026-09-29T06:21:28.000-06:00",0.781455934047699,0.756520986557007,9.04757410285292,"almost_certain","BirdNET",NA,10.2198,-83.7874,FALSE,229,"Great Kiskadee","Pitangus sulphuratus","#7d4410","avian","https://media.birdweather.com/species/229/GreatKiskadee-standard-cd28a1b8e8b8e5aed433e809c229004e.jpg","https://media.birdweather.com/species/229/GreatKiskadee-thumbnail-b2749ed2442fb322cf3c4cb72f9c97f6.jpg","https://media.birdweather.com/species/229/GreatKiskadee-png200-003973af4f863deb00a4ce9b6f10e59c.png","0PgFDwIrhYqfZJh1mVe3SZZ3uKEJBncG",17527978965,"https://media.birdweather.com/soundscapes/19267/19267-20260929-122122.flac",6,9,"live"
11442785006,"1790684460-11442785006",19267,"2026-09-29T06:21:00.000-06:00",0.853084027767181,0.756520986557007,9.23758656788238,"almost_certain","BirdNET",NA,10.2198,-83.7874,FALSE,229,"Great Kiskadee","Pitangus sulphuratus","#7d4410","avian","https://media.birdweather.com/species/229/GreatKiskadee-standard-cd28a1b8e8b8e5aed433e809c229004e.jpg","https://media.birdweather.com/species/229/GreatKiskadee-thumbnail-b2749ed2442fb322cf3c4cb72f9c97f6.jpg","https://media.birdweather.com/species/229/GreatKiskadee-png200-003973af4f863deb00a4ce9b6f10e59c.png","0PgFDwIrhYqfZJh1mVe3SZZ3uKEJBncG",17527965216,"https://media.birdweather.com/soundscapes/19267/19267-20260929-122054.flac",6,9,"live"
11442785003,"1790684458-11442785003",19267,"2026-09-29T06:20:58.500-06:00",0.867034137248993,0.756520986557007,9.27171267847879,"almost_certain","BirdNET",NA,10.2198,-83.7874,FALSE,229,"Great Kiskadee","Pitangus sulphuratus","#7d4410","avian","https://media.birdweather.com/species/229/GreatKiskadee-standard-cd28a1b8e8b8e5aed433e809c229004e.jpg","https://media.birdweather.com/species/229/GreatKiskadee-thumbnail-b2749ed2442fb322cf3c4cb72f9c97f6.jpg","https://media.birdweather.com/species/229/GreatKiskadee-png200-003973af4f863deb00a4ce9b6f10e59c.png","0PgFDwIrhYqfZJh1mVe3SZZ3uKEJBncG",17527965216,"https://media.birdweather.com/soundscapes/19267/19267-20260929-122054.flac",4.5,7.5,"live"
11442781061,"1790684442-11442781061",19267,"2026-09-29T06:20:42.500-06:00",0.885223686695099,0.756520986557007,9.31496992960994,"almost_certain","BirdNET",NA,10.2198,-83.7874,FALSE,229,"Great Kiskadee","Pitangus sulphuratus","#7d4410","avian","https://media.birdweather.com/species/229/GreatKiskadee-standard-cd28a1b8e8b8e5aed433e809c229004e.jpg","https://media.birdweather.com/species/229/GreatKiskadee-thumbnail-b2749ed2442fb322cf3c4cb72f9c97f6.jpg","https://media.birdweather.com/species/229/GreatKiskadee-png200-003973af4f863deb00a4ce9b6f10e59c.png","0PgFDwIrhYqfZJh1mVe3SZZ3uKEJBncG",17527958747,"https://media.birdweather.com/soundscapes/19267/19267-20260929-122041.flac",1.5,4.5,"live"
11442781055,"1790684441-11442781055",19267,"2026-09-29T06:20:41.000-06:00",0.803061366081238,0.756520986557007,9.10771361461783,"almost_certain","BirdNET",NA,10.2198,-83.7874,FALSE,229,"Great Kiskadee","Pitangus sulphuratus","#7d4410","avian","https://media.birdweather.com/species/229/GreatKiskadee-standard-cd28a1b8e8b8e5aed433e809c229004e.jpg","https://media.birdweather.com/species/229/GreatKiskadee-thumbnail-b2749ed2442fb322cf3c4cb72f9c97f6.jpg","https://media.birdweather.com/species/229/GreatKiskadee-png200-003973af4f863deb00a4ce9b6f10e59c.png","0PgFDwIrhYqfZJh1mVe3SZZ3uKEJBncG",17527958747,"https://media.birdweather.com/soundscapes/19267/19267-20260929-122041.flac",0,3,"live"
11442776586,"1790684431-11442776586",19267,"2026-09-29T06:20:31.500-06:00",0.746773064136505,0.756520986557007,8.9451475190609,"almost_certain","BirdNET",NA,10.2198,-83.7874,FALSE,229,"Great Kiskadee","Pitangus sulphuratus","#7d4410","avian","https://media.birdweather.com/species/229/GreatKiskadee-standard-cd28a1b8e8b8e5aed433e809c229004e.jpg","https://media.birdweather.com/species/229/GreatKiskadee-thumbnail-b2749ed2442fb322cf3c4cb72f9c97f6.jpg","https://media.birdweather.com/species/229/GreatKiskadee-png200-003973af4f863deb00a4ce9b6f10e59c.png","0PgFDwIrhYqfZJh1mVe3SZZ3uKEJBncG",17527951574,"https://media.birdweather.com/soundscapes/19267/19267-20260929-122027.flac",4.5,7.5,"live"
11442764543,"1790684389-11442764543",19267,"2026-09-29T06:19:49.000-06:00",0.875906944274902,0.756520986557007,9.29298409837032,"almost_certain","BirdNET",NA,10.2198,-83.7874,FALSE,229,"Great Kiskadee","Pitangus sulphuratus","#7d4410","avian","https://media.birdweather.com/species/229/GreatKiskadee-standard-cd28a1b8e8b8e5aed433e809c229004e.jpg","https://media.birdweather.com/species/229/GreatKiskadee-thumbnail-b2749ed2442fb322cf3c4cb72f9c97f6.jpg","https://media.birdweather.com/species/229/GreatKiskadee-png200-003973af4f863deb00a4ce9b6f10e59c.png","0PgFDwIrhYqfZJh1mVe3SZZ3uKEJBncG",17527931590,"https://media.birdweather.com/soundscapes/19267/19267-20260929-121946.flac",3,6,"live"
11442739822,"1790684308-11442739822",19267,"2026-09-29T06:18:28.500-06:00",0.824523746967316,0.75652289390564,9.16495362262924,"almost_certain","BirdNET",NA,10.2198,-83.7874,FALSE,229,"Great Kiskadee","Pitangus sulphuratus","#7d4410","avian","https://media.birdweather.com/species/229/GreatKiskadee-standard-cd28a1b8e8b8e5aed433e809c229004e.jpg","https://media.birdweather.com/species/229/GreatKiskadee-thumbnail-b2749ed2442fb322cf3c4cb72f9c97f6.jpg","https://media.birdweather.com/species/229/GreatKiskadee-png200-003973af4f863deb00a4ce9b6f10e59c.png","0PgFDwIrhYqfZJh1mVe3SZZ3uKEJBncG",17527890668,"https://media.birdweather.com/soundscapes/19267/19267-20260929-121824.flac",4.5,7.5,"live"
11442739820,"1790684305-11442739820",19267,"2026-09-29T06:18:25.500-06:00",0.974133312702179,0.75652289390564,9.5087375625595,"almost_certain","BirdNET",NA,10.2198,-83.7874,FALSE,229,"Great Kiskadee","Pitangus sulphuratus","#7d4410","avian","https://media.birdweather.com/species/229/GreatKiskadee-standard-cd28a1b8e8b8e5aed433e809c229004e.jpg","https://media.birdweather.com/species/229/GreatKiskadee-thumbnail-b2749ed2442fb322cf3c4cb72f9c97f6.jpg","https://media.birdweather.com/species/229/GreatKiskadee-png200-003973af4f863deb00a4ce9b6f10e59c.png","0PgFDwIrhYqfZJh1mVe3SZZ3uKEJBncG",17527890668,"https://media.birdweather.com/soundscapes/19267/19267-20260929-121824.flac",1.5,4.5,"live"
11442739818,"1790684304-11442739818",19267,"2026-09-29T06:18:24.000-06:00",0.955103278160095,0.75652289390564,9.46950763325396,"almost_certain","BirdNET",NA,10.2198,-83.7874,FALSE,229,"Great Kiskadee","Pitangus sulphuratus","#7d4410","avian","https://media.birdweather.com/species/229/GreatKiskadee-standard-cd28a1b8e8b8e5aed433e809c229004e.jpg","https://media.birdweather.com/species/229/GreatKiskadee-thumbnail-b2749ed2442fb322cf3c4cb72f9c97f6.jpg","https://media.birdweather.com/species/229/GreatKiskadee-png200-003973af4f863deb00a4ce9b6f10e59c.png","0PgFDwIrhYqfZJh1mVe3SZZ3uKEJBncG",17527890668,"https://media.birdweather.com/soundscapes/19267/19267-20260929-121824.flac",0,3,"live"
11442735939,"1790684297-11442735939",19267,"2026-09-29T06:18:17.000-06:00",0.961501002311707,0.75652289390564,9.48282211385437,"almost_certain","BirdNET",NA,10.2198,-83.7874,FALSE,229,"Great Kiskadee","Pitangus sulphuratus","#7d4410","avian","https://media.birdweather.com/species/229/GreatKiskadee-standard-cd28a1b8e8b8e5aed433e809c229004e.jpg","https://media.birdweather.com/species/229/GreatKiskadee-thumbnail-b2749ed2442fb322cf3c4cb72f9c97f6.jpg","https://media.birdweather.com/species/229/GreatKiskadee-png200-003973af4f863deb00a4ce9b6f10e59c.png","0PgFDwIrhYqfZJh1mVe3SZZ3uKEJBncG",17527884227,"https://media.birdweather.com/soundscapes/19267/19267-20260929-121811.flac",6,9,"live"
11442708471,"1790684200-11442708471",19267,"2026-09-29T06:16:40.000-06:00",0.92559403181076,0.497184365987778,8.84056633715514,"almost_certain","BirdNET",NA,10.2198,-83.7874,FALSE,272,"House Wren","Troglodytes aedon","#62a400","avian","https://media.birdweather.com/species/272/HouseWren-standard-06713a6f199e26096c9dc41c9b89242d.jpg","https://media.birdweather.com/species/272/HouseWren-thumbnail-966d0ac3fd1cc092235e70042f753b0b.jpg","https://media.birdweather.com/species/272/HouseWren-png200-3f181f6277746c304bdda6e405fb3d0e.png","odgFDwKGZ4dflneFZ3mHaHh4tz+WBbMF",17527837737,"https://media.birdweather.com/soundscapes/19267/19267-20260929-121637.flac",3,6,"live"
11442699865,"1790684168-11442699865",19267,"2026-09-29T06:16:08.500-06:00",0.889894008636475,0.497184365987778,8.76006681559887,"almost_certain","BirdNET",NA,10.2198,-83.7874,FALSE,272,"House Wren","Troglodytes aedon","#62a400","avian","https://media.birdweather.com/species/272/HouseWren-standard-06713a6f199e26096c9dc41c9b89242d.jpg","https://media.birdweather.com/species/272/HouseWren-thumbnail-966d0ac3fd1cc092235e70042f753b0b.jpg","https://media.birdweather.com/species/272/HouseWren-png200-3f181f6277746c304bdda6e405fb3d0e.png","odgFDwKGZ4dflneFZ3mHaHh4tz+WBbMF",17527823163,"https://media.birdweather.com/soundscapes/19267/19267-20260929-121607.flac",1.5,4.5,"live"
11442699859,"1790684167-11442699859",19267,"2026-09-29T06:16:07.000-06:00",0.834087729454041,0.497184365987778,8.62391243227681,"almost_certain","BirdNET",NA,10.2198,-83.7874,FALSE,272,"House Wren","Troglodytes aedon","#62a400","avian","https://media.birdweather.com/species/272/HouseWren-standard-06713a6f199e26096c9dc41c9b89242d.jpg","https://media.birdweather.com/species/272/HouseWren-thumbnail-966d0ac3fd1cc092235e70042f753b0b.jpg","https://media.birdweather.com/species/272/HouseWren-png200-3f181f6277746c304bdda6e405fb3d0e.png","odgFDwKGZ4dflneFZ3mHaHh4tz+WBbMF",17527823163,"https://media.birdweather.com/soundscapes/19267/19267-20260929-121607.flac",0,3,"live"
11442696132,"1790684157-11442696132",19267,"2026-09-29T06:15:57.000-06:00",0.810084104537964,0.756522655487061,9.12670953790739,"almost_certain","BirdNET",NA,10.2198,-83.7874,FALSE,229,"Great Kiskadee","Pitangus sulphuratus","#7d4410","avian","https://media.birdweather.com/species/229/GreatKiskadee-standard-cd28a1b8e8b8e5aed433e809c229004e.jpg","https://media.birdweather.com/species/229/GreatKiskadee-thumbnail-b2749ed2442fb322cf3c4cb72f9c97f6.jpg","https://media.birdweather.com/species/229/GreatKiskadee-png200-003973af4f863deb00a4ce9b6f10e59c.png","0PgFDwIrhYqfZJh1mVe3SZZ3uKEJBncG",17527816743,"https://media.birdweather.com/soundscapes/19267/19267-20260929-121554.flac",3,6,"live"
11442696110,"1790684154-11442696110",19267,"2026-09-29T06:15:54.000-06:00",0.801713883876801,0.497184365987778,8.53824618423026,"almost_certain","BirdNET",NA,10.2198,-83.7874,FALSE,272,"House Wren","Troglodytes aedon","#62a400","avian","https://media.birdweather.com/species/272/HouseWren-standard-06713a6f199e26096c9dc41c9b89242d.jpg","https://media.birdweather.com/species/272/HouseWren-thumbnail-966d0ac3fd1cc092235e70042f753b0b.jpg","https://media.birdweather.com/species/272/HouseWren-png200-3f181f6277746c304bdda6e405fb3d0e.png","odgFDwKGZ4dflneFZ3mHaHh4tz+WBbMF",17527816743,"https://media.birdweather.com/soundscapes/19267/19267-20260929-121554.flac",0,3,"live"
11442691621,"1790684146-11442691621",19267,"2026-09-29T06:15:46.000-06:00",0.831905484199524,0.497184365987778,8.61830324051687,"almost_certain","BirdNET",NA,10.2198,-83.7874,FALSE,272,"House Wren","Troglodytes aedon","#62a400","avian","https://media.birdweather.com/species/272/HouseWren-standard-06713a6f199e26096c9dc41c9b89242d.jpg","https://media.birdweather.com/species/272/HouseWren-thumbnail-966d0ac3fd1cc092235e70042f753b0b.jpg","https://media.birdweather.com/species/272/HouseWren-png200-3f181f6277746c304bdda6e405fb3d0e.png","odgFDwKGZ4dflneFZ3mHaHh4tz+WBbMF",17527809515,"https://media.birdweather.com/soundscapes/19267/19267-20260929-121540.flac",6,9,"live"
11442691618,"1790684144-11442691618",19267,"2026-09-29T06:15:44.500-06:00",0.895088255405426,0.497184365987778,8.77207739814795,"almost_certain","BirdNET",NA,10.2198,-83.7874,FALSE,272,"House Wren","Troglodytes aedon","#62a400","avian","https://media.birdweather.com/species/272/HouseWren-standard-06713a6f199e26096c9dc41c9b89242d.jpg","https://media.birdweather.com/species/272/HouseWren-thumbnail-966d0ac3fd1cc092235e70042f753b0b.jpg","https://media.birdweather.com/species/272/HouseWren-png200-3f181f6277746c304bdda6e405fb3d0e.png","odgFDwKGZ4dflneFZ3mHaHh4tz+WBbMF",17527809515,"https://media.birdweather.com/soundscapes/19267/19267-20260929-121540.flac",4.5,7.5,"live"
11442683933,"1790684114-11442683933",19267,"2026-09-29T06:15:14.000-06:00",0.976792395114899,0.497180342674255,8.94832367315224,"almost_certain","BirdNET",NA,10.2198,-83.7874,FALSE,272,"House Wren","Troglodytes aedon","#62a400","avian","https://media.birdweather.com/species/272/HouseWren-standard-06713a6f199e26096c9dc41c9b89242d.jpg","https://media.birdweather.com/species/272/HouseWren-thumbnail-966d0ac3fd1cc092235e70042f753b0b.jpg","https://media.birdweather.com/species/272/HouseWren-png200-3f181f6277746c304bdda6e405fb3d0e.png","odgFDwKGZ4dflneFZ3mHaHh4tz+WBbMF",17527796715,"https://media.birdweather.com/soundscapes/19267/19267-20260929-121514.flac",0,3,"live"
11442659678,"1790684039-11442659678",19267,"2026-09-29T06:13:59.000-06:00",0.778342127799988,0.49717965722084,8.47287928662557,"almost_certain","BirdNET",NA,10.2198,-83.7874,FALSE,272,"House Wren","Troglodytes aedon","#62a400","avian","https://media.birdweather.com/species/272/HouseWren-standard-06713a6f199e26096c9dc41c9b89242d.jpg","https://media.birdweather.com/species/272/HouseWren-thumbnail-966d0ac3fd1cc092235e70042f753b0b.jpg","https://media.birdweather.com/species/272/HouseWren-png200-3f181f6277746c304bdda6e405fb3d0e.png","odgFDwKGZ4dflneFZ3mHaHh4tz+WBbMF",17527756539,"https://media.birdweather.com/soundscapes/19267/19267-20260929-121353.flac",6,9,"live"
11442639551,"1790683968-11442639551",19267,"2026-09-29T06:12:48.500-06:00",0.731383502483368,0.079855665564537,5.96031386226004,"almost_certain","BirdNET",NA,10.2198,-83.7874,FALSE,17047,"Cinnamon-bellied Saltator","Saltator grandis","#6a35aa","avian","https://media.birdweather.com/species/17047/Cinnamon-belliedSaltator-standard-0876af3c691c96f8b8ee4f8dfdd870b4.jpeg","https://media.birdweather.com/species/17047/Cinnamon-belliedSaltator-thumbnail-3679ab493b8742672fc60e91862977e4.jpeg","https://media.birdweather.com/species/17047/Cinnamon-belliedSaltator-png200-58b4d4fbf255464431cd041a234f1383.png","FAgGBwCAaXmLZojmR6mHmXWEdlUJSJUA",17527722919,"https://media.birdweather.com/soundscapes/19267/19267-20260929-121244.flac",4.5,7.5,"live"
11442593538,"1790683816-11442593538",19267,"2026-09-29T06:10:16.000-06:00",0.832908570766449,0.902353048324585,9.4252832608797,"almost_certain","BirdNET",NA,10.2198,-83.7874,FALSE,254,"Great-tailed Grackle","Quiscalus mexicanus","#4cdf64","avian","https://media.birdweather.com/species/254/Great-tailedGrackle-standard-84167b7e46a2aae7f30286e714478461.jpg","https://media.birdweather.com/species/254/Great-tailedGrackle-thumbnail-388529862f53a8a975b80daf9e76e3ac.jpg","https://media.birdweather.com/species/254/Great-tailedGrackle-png200-ca2dc12559d8d2db107eefc8eff73513.png","GAgKDwKYmnVgeIeVhniHRXiahgv2mWAN",17527646296,"https://media.birdweather.com/soundscapes/19267/19267-20260929-121010.flac",6,9,"live"
11442561409,"1790683707-11442561409",19267,"2026-09-29T06:08:27.000-06:00",0.780667185783386,0.570032894611359,8.66340300371143,"almost_certain","BirdNET",NA,10.2198,-83.7874,FALSE,897,"Orange-chinned Parakeet","Brotogeris jugularis","#c85500","avian","https://media.birdweather.com/species/897/Orange-chinnedParakeet-standard-0bf0068f65faf91a77e897bad45dfb9c.jpg","https://media.birdweather.com/species/897/Orange-chinnedParakeet-thumbnail-542c4a6c0820592c04275ed546d0c49a.jpg","https://media.birdweather.com/species/897/Orange-chinnedParakeet-png200-7d59a0f58540798895be6be2a6dcfe26.png","U+kFHwJATKdHaLhzaSaJJpuXZ4BFePYK",17527592591,"https://media.birdweather.com/soundscapes/19267/19267-20260929-120821.flac",6,9,"live"
11442561405,"1790683702-11442561405",19267,"2026-09-29T06:08:22.500-06:00",0.84241771697998,0.570032894611359,8.82898297234306,"almost_certain","BirdNET",NA,10.2198,-83.7874,FALSE,897,"Orange-chinned Parakeet","Brotogeris jugularis","#c85500","avian","https://media.birdweather.com/species/897/Orange-chinnedParakeet-standard-0bf0068f65faf91a77e897bad45dfb9c.jpg","https://media.birdweather.com/species/897/Orange-chinnedParakeet-thumbnail-542c4a6c0820592c04275ed546d0c49a.jpg","https://media.birdweather.com/species/897/Orange-chinnedParakeet-png200-7d59a0f58540798895be6be2a6dcfe26.png","U+kFHwJATKdHaLhzaSaJJpuXZ4BFePYK",17527592591,"https://media.birdweather.com/soundscapes/19267/19267-20260929-120821.flac",1.5,4.5,"live"
11442491973,"1790683471-11442491973",19267,"2026-09-29T06:04:31.000-06:00",0.726845920085907,0.902355432510376,9.12124716991977,"almost_certain","BirdNET",NA,10.2198,-83.7874,FALSE,254,"Great-tailed Grackle","Quiscalus mexicanus","#4cdf64","avian","https://media.birdweather.com/species/254/Great-tailedGrackle-standard-84167b7e46a2aae7f30286e714478461.jpg","https://media.birdweather.com/species/254/Great-tailedGrackle-thumbnail-388529862f53a8a975b80daf9e76e3ac.jpg","https://media.birdweather.com/species/254/Great-tailedGrackle-png200-ca2dc12559d8d2db107eefc8eff73513.png","GAgKDwKYmnVgeIeVhniHRXiahgv2mWAN",17527478117,"https://media.birdweather.com/soundscapes/19267/19267-20260929-120428.flac",3,6,"live"
11442411924,"1790683206-11442411924",19267,"2026-09-29T06:00:06.000-06:00",0.783890306949615,0.218188986182213,7.39447131354445,"almost_certain","BirdNET",NA,10.2198,-83.7874,FALSE,3766,"Crimson-fronted Parakeet","Psittacara finschi","#65ad00","avian","https://media.birdweather.com/species/3766/Crimson-frontedParakeet-standard-ddc77fa728634b78b78a31cc430f7895.jpg","https://media.birdweather.com/species/3766/Crimson-frontedParakeet-thumbnail-df6cfd5712c254c532e4f60547260885.jpg","https://media.birdweather.com/species/3766/Crimson-frontedParakeet-png200-7ac02114402521892623f1f6b95ca6c2.png","1PgJHwR1hXZghIXBaJmliYSndzA49JgL",17527346083,"https://media.birdweather.com/soundscapes/19267/19267-20260929-120003.flac",3,6,"live"
11442316130,"1790682890-11442316130",19267,"2026-09-29T05:54:50.000-06:00",0.729781687259674,0.756531298160553,8.89204638604946,"almost_certain","BirdNET",NA,10.2198,-83.7874,FALSE,229,"Great Kiskadee","Pitangus sulphuratus","#7d4410","avian","https://media.birdweather.com/species/229/GreatKiskadee-standard-cd28a1b8e8b8e5aed433e809c229004e.jpg","https://media.birdweather.com/species/229/GreatKiskadee-thumbnail-b2749ed2442fb322cf3c4cb72f9c97f6.jpg","https://media.birdweather.com/species/229/GreatKiskadee-png200-003973af4f863deb00a4ce9b6f10e59c.png","0PgFDwIrhYqfZJh1mVe3SZZ3uKEJBncG",17527188171,"https://media.birdweather.com/soundscapes/19267/19267-20260929-115444.flac",6,9,"live"
11442316127,"1790682888-11442316127",19267,"2026-09-29T05:54:48.500-06:00",0.791835308074951,0.756531298160553,9.07681355277401,"almost_certain","BirdNET",NA,10.2198,-83.7874,FALSE,229,"Great Kiskadee","Pitangus sulphuratus","#7d4410","avian","https://media.birdweather.com/species/229/GreatKiskadee-standard-cd28a1b8e8b8e5aed433e809c229004e.jpg","https://media.birdweather.com/species/229/GreatKiskadee-thumbnail-b2749ed2442fb322cf3c4cb72f9c97f6.jpg","https://media.birdweather.com/species/229/GreatKiskadee-png200-003973af4f863deb00a4ce9b6f10e59c.png","0PgFDwIrhYqfZJh1mVe3SZZ3uKEJBncG",17527188171,"https://media.birdweather.com/soundscapes/19267/19267-20260929-115444.flac",4.5,7.5,"live"
11442312386,"1790682875-11442312386",19267,"2026-09-29T05:54:35.500-06:00",0.969891250133514,0.75652801990509,9.50009860096168,"almost_certain","BirdNET",NA,10.2198,-83.7874,FALSE,229,"Great Kiskadee","Pitangus sulphuratus","#7d4410","avian","https://media.birdweather.com/species/229/GreatKiskadee-standard-cd28a1b8e8b8e5aed433e809c229004e.jpg","https://media.birdweather.com/species/229/GreatKiskadee-thumbnail-b2749ed2442fb322cf3c4cb72f9c97f6.jpg","https://media.birdweather.com/species/229/GreatKiskadee-png200-003973af4f863deb00a4ce9b6f10e59c.png","0PgFDwIrhYqfZJh1mVe3SZZ3uKEJBncG",17527181789,"https://media.birdweather.com/soundscapes/19267/19267-20260929-115431.flac",4.5,7.5,"live"
11442312382,"1790682874-11442312382",19267,"2026-09-29T05:54:34.000-06:00",0.94166511297226,0.75652801990509,9.44112167746408,"almost_certain","BirdNET",NA,10.2198,-83.7874,FALSE,229,"Great Kiskadee","Pitangus sulphuratus","#7d4410","avian","https://media.birdweather.com/species/229/GreatKiskadee-standard-cd28a1b8e8b8e5aed433e809c229004e.jpg","https://media.birdweather.com/species/229/GreatKiskadee-thumbnail-b2749ed2442fb322cf3c4cb72f9c97f6.jpg","https://media.birdweather.com/species/229/GreatKiskadee-png200-003973af4f863deb00a4ce9b6f10e59c.png","0PgFDwIrhYqfZJh1mVe3SZZ3uKEJBncG",17527181789,"https://media.birdweather.com/soundscapes/19267/19267-20260929-115431.flac",3,6,"live"
11442312380,"1790682872-11442312380",19267,"2026-09-29T05:54:32.500-06:00",0.813974916934967,0.75652801990509,9.13712953857486,"almost_certain","BirdNET",NA,10.2198,-83.7874,FALSE,229,"Great Kiskadee","Pitangus sulphuratus","#7d4410","avian","https://media.birdweather.com/species/229/GreatKiskadee-standard-cd28a1b8e8b8e5aed433e809c229004e.jpg","https://media.birdweather.com/species/229/GreatKiskadee-thumbnail-b2749ed2442fb322cf3c4cb72f9c97f6.jpg","https://media.birdweather.com/species/229/GreatKiskadee-png200-003973af4f863deb00a4ce9b6f10e59c.png","0PgFDwIrhYqfZJh1mVe3SZZ3uKEJBncG",17527181789,"https://media.birdweather.com/soundscapes/19267/19267-20260929-115431.flac",1.5,4.5,"live"
11442304132,"1790682847-11442304132",19267,"2026-09-29T05:54:07.000-06:00",0.706675827503204,0.145308673381805,6.62918731112034,"almost_certain","BirdNET",NA,10.2198,-83.7874,FALSE,349,"Southern Lapwing","Vanellus chilensis","#008b44","avian","https://media.birdweather.com/species/349/SouthernLapwing-standard-02014dbe85174d8ed1a9e83d1367f600.jpg","https://media.birdweather.com/species/349/SouthernLapwing-thumbnail-33b4d17a45224d79dbf2a0a3aa5ea2c7.jpg","https://media.birdweather.com/species/349/SouthernLapwing-png200-1801892688cffe6fb6fd8c00fbf91764.png","XhkGDwDoWodoiXerVYpYCZVFGq/V3xQD",17527168232,"https://media.birdweather.com/soundscapes/19267/19267-20260929-115404.flac",3,6,"live"
11442304130,"1790682845-11442304130",19267,"2026-09-29T05:54:05.500-06:00",0.986991882324219,0.145308673381805,7.34748666891205,"almost_certain","BirdNET",NA,10.2198,-83.7874,FALSE,349,"Southern Lapwing","Vanellus chilensis","#008b44","avian","https://media.birdweather.com/species/349/SouthernLapwing-standard-02014dbe85174d8ed1a9e83d1367f600.jpg","https://media.birdweather.com/species/349/SouthernLapwing-thumbnail-33b4d17a45224d79dbf2a0a3aa5ea2c7.jpg","https://media.birdweather.com/species/349/SouthernLapwing-png200-1801892688cffe6fb6fd8c00fbf91764.png","XhkGDwDoWodoiXerVYpYCZVFGq/V3xQD",17527168232,"https://media.birdweather.com/soundscapes/19267/19267-20260929-115404.flac",1.5,4.5,"live"
11442304126,"1790682844-11442304126",19267,"2026-09-29T05:54:04.000-06:00",0.979467570781708,0.145308673381805,7.33239890179694,"almost_certain","BirdNET",NA,10.2198,-83.7874,FALSE,349,"Southern Lapwing","Vanellus chilensis","#008b44","avian","https://media.birdweather.com/species/349/SouthernLapwing-standard-02014dbe85174d8ed1a9e83d1367f600.jpg","https://media.birdweather.com/species/349/SouthernLapwing-thumbnail-33b4d17a45224d79dbf2a0a3aa5ea2c7.jpg","https://media.birdweather.com/species/349/SouthernLapwing-png200-1801892688cffe6fb6fd8c00fbf91764.png","XhkGDwDoWodoiXerVYpYCZVFGq/V3xQD",17527168232,"https://media.birdweather.com/soundscapes/19267/19267-20260929-115404.flac",0,3,"live"
11442295906,"1790682822-11442295906",19267,"2026-09-29T05:53:42.000-06:00",0.929357647895813,0.756530225276947,9.41459304280822,"almost_certain","BirdNET",NA,10.2198,-83.7874,FALSE,229,"Great Kiskadee","Pitangus sulphuratus","#7d4410","avian","https://media.birdweather.com/species/229/GreatKiskadee-standard-cd28a1b8e8b8e5aed433e809c229004e.jpg","https://media.birdweather.com/species/229/GreatKiskadee-thumbnail-b2749ed2442fb322cf3c4cb72f9c97f6.jpg","https://media.birdweather.com/species/229/GreatKiskadee-png200-003973af4f863deb00a4ce9b6f10e59c.png","0PgFDwIrhYqfZJh1mVe3SZZ3uKEJBncG",17527154590,"https://media.birdweather.com/soundscapes/19267/19267-20260929-115336.flac",6,9,"live"
11442295904,"1790682820-11442295904",19267,"2026-09-29T05:53:40.500-06:00",0.919194757938385,0.756530225276947,9.39228966702136,"almost_certain","BirdNET",NA,10.2198,-83.7874,FALSE,229,"Great Kiskadee","Pitangus sulphuratus","#7d4410","avian","https://media.birdweather.com/species/229/GreatKiskadee-standard-cd28a1b8e8b8e5aed433e809c229004e.jpg","https://media.birdweather.com/species/229/GreatKiskadee-thumbnail-b2749ed2442fb322cf3c4cb72f9c97f6.jpg","https://media.birdweather.com/species/229/GreatKiskadee-png200-003973af4f863deb00a4ce9b6f10e59c.png","0PgFDwIrhYqfZJh1mVe3SZZ3uKEJBncG",17527154590,"https://media.birdweather.com/soundscapes/19267/19267-20260929-115336.flac",4.5,7.5,"live"
11442295901,"1790682819-11442295901",19267,"2026-09-29T05:53:39.000-06:00",0.872758686542511,0.756530225276947,9.28549081178981,"almost_certain","BirdNET",NA,10.2198,-83.7874,FALSE,229,"Great Kiskadee","Pitangus sulphuratus","#7d4410","avian","https://media.birdweather.com/species/229/GreatKiskadee-standard-cd28a1b8e8b8e5aed433e809c229004e.jpg","https://media.birdweather.com/species/229/GreatKiskadee-thumbnail-b2749ed2442fb322cf3c4cb72f9c97f6.jpg","https://media.birdweather.com/species/229/GreatKiskadee-png200-003973af4f863deb00a4ce9b6f10e59c.png","0PgFDwIrhYqfZJh1mVe3SZZ3uKEJBncG",17527154590,"https://media.birdweather.com/soundscapes/19267/19267-20260929-115336.flac",3,6,"live"
11442295895,"1790682817-11442295895",19267,"2026-09-29T05:53:37.500-06:00",0.739868819713593,0.756530225276947,8.92382733104475,"almost_certain","BirdNET",NA,10.2198,-83.7874,FALSE,229,"Great Kiskadee","Pitangus sulphuratus","#7d4410","avian","https://media.birdweather.com/species/229/GreatKiskadee-standard-cd28a1b8e8b8e5aed433e809c229004e.jpg","https://media.birdweather.com/species/229/GreatKiskadee-thumbnail-b2749ed2442fb322cf3c4cb72f9c97f6.jpg","https://media.birdweather.com/species/229/GreatKiskadee-png200-003973af4f863deb00a4ce9b6f10e59c.png","0PgFDwIrhYqfZJh1mVe3SZZ3uKEJBncG",17527154590,"https://media.birdweather.com/soundscapes/19267/19267-20260929-115336.flac",1.5,4.5,"live"
11442292067,"1790682806-11442292067",19267,"2026-09-29T05:53:26.000-06:00",0.974110007286072,0.902356028556824,9.74729724981574,"almost_certain","BirdNET",NA,10.2198,-83.7874,FALSE,254,"Great-tailed Grackle","Quiscalus mexicanus","#4cdf64","avian","https://media.birdweather.com/species/254/Great-tailedGrackle-standard-84167b7e46a2aae7f30286e714478461.jpg","https://media.birdweather.com/species/254/Great-tailedGrackle-thumbnail-388529862f53a8a975b80daf9e76e3ac.jpg","https://media.birdweather.com/species/254/Great-tailedGrackle-png200-ca2dc12559d8d2db107eefc8eff73513.png","GAgKDwKYmnVgeIeVhniHRXiahgv2mWAN",17527148182,"https://media.birdweather.com/soundscapes/19267/19267-20260929-115323.flac",3,6,"live"
11442223631,"1790682572-11442223631",19267,"2026-09-29T05:49:32.500-06:00",0.835751235485077,0.756528735160828,9.19397961893182,"almost_certain","BirdNET",NA,10.2198,-83.7874,FALSE,229,"Great Kiskadee","Pitangus sulphuratus","#7d4410","avian","https://media.birdweather.com/species/229/GreatKiskadee-standard-cd28a1b8e8b8e5aed433e809c229004e.jpg","https://media.birdweather.com/species/229/GreatKiskadee-thumbnail-b2749ed2442fb322cf3c4cb72f9c97f6.jpg","https://media.birdweather.com/species/229/GreatKiskadee-png200-003973af4f863deb00a4ce9b6f10e59c.png","0PgFDwIrhYqfZJh1mVe3SZZ3uKEJBncG",17527032934,"https://media.birdweather.com/soundscapes/19267/19267-20260929-114931.flac",1.5,4.5,"live"
11442189530,"1790682451-11442189530",19267,"2026-09-29T05:47:31.000-06:00",0.754490613937378,0.756528794765472,8.96862475600632,"almost_certain","BirdNET",NA,10.2198,-83.7874,FALSE,229,"Great Kiskadee","Pitangus sulphuratus","#7d4410","avian","https://media.birdweather.com/species/229/GreatKiskadee-standard-cd28a1b8e8b8e5aed433e809c229004e.jpg","https://media.birdweather.com/species/229/GreatKiskadee-thumbnail-b2749ed2442fb322cf3c4cb72f9c97f6.jpg","https://media.birdweather.com/species/229/GreatKiskadee-png200-003973af4f863deb00a4ce9b6f10e59c.png","0PgFDwIrhYqfZJh1mVe3SZZ3uKEJBncG",17526972817,"https://media.birdweather.com/soundscapes/19267/19267-20260929-114728.flac",3,6,"live"
11442189526,"1790682449-11442189526",19267,"2026-09-29T05:47:29.500-06:00",0.933369994163513,0.756528794765472,9.4232969287199,"almost_certain","BirdNET",NA,10.2198,-83.7874,FALSE,229,"Great Kiskadee","Pitangus sulphuratus","#7d4410","avian","https://media.birdweather.com/species/229/GreatKiskadee-standard-cd28a1b8e8b8e5aed433e809c229004e.jpg","https://media.birdweather.com/species/229/GreatKiskadee-thumbnail-b2749ed2442fb322cf3c4cb72f9c97f6.jpg","https://media.birdweather.com/species/229/GreatKiskadee-png200-003973af4f863deb00a4ce9b6f10e59c.png","0PgFDwIrhYqfZJh1mVe3SZZ3uKEJBncG",17526972817,"https://media.birdweather.com/soundscapes/19267/19267-20260929-114728.flac",1.5,4.5,"live"
11442189517,"1790682448-11442189517",19267,"2026-09-29T05:47:28.000-06:00",0.812279224395752,0.756528794765472,9.13260358311418,"almost_certain","BirdNET",NA,10.2198,-83.7874,FALSE,229,"Great Kiskadee","Pitangus sulphuratus","#7d4410","avian","https://media.birdweather.com/species/229/GreatKiskadee-standard-cd28a1b8e8b8e5aed433e809c229004e.jpg","https://media.birdweather.com/species/229/GreatKiskadee-thumbnail-b2749ed2442fb322cf3c4cb72f9c97f6.jpg","https://media.birdweather.com/species/229/GreatKiskadee-png200-003973af4f863deb00a4ce9b6f10e59c.png","0PgFDwIrhYqfZJh1mVe3SZZ3uKEJBncG",17526972817,"https://media.birdweather.com/soundscapes/19267/19267-20260929-114728.flac",0,3,"live"
11442107517,"1790682156-11442107517",19267,"2026-09-29T05:42:36.500-06:00",0.909142911434174,0.756525337696075,9.36985820941398,"almost_certain","BirdNET",NA,10.2198,-83.7874,FALSE,229,"Great Kiskadee","Pitangus sulphuratus","#7d4410","avian","https://media.birdweather.com/species/229/GreatKiskadee-standard-cd28a1b8e8b8e5aed433e809c229004e.jpg","https://media.birdweather.com/species/229/GreatKiskadee-thumbnail-b2749ed2442fb322cf3c4cb72f9c97f6.jpg","https://media.birdweather.com/species/229/GreatKiskadee-png200-003973af4f863deb00a4ce9b6f10e59c.png","0PgFDwIrhYqfZJh1mVe3SZZ3uKEJBncG",17526827334,"https://media.birdweather.com/soundscapes/19267/19267-20260929-114235.flac",1.5,4.5,"live"
11442100284,"1790682130-11442100284",19267,"2026-09-29T05:42:10.500-06:00",0.804694890975952,0.537781536579132,8.65185485728546,"almost_certain","BirdNET",NA,10.2198,-83.7874,FALSE,802,"Rufous-tailed Hummingbird","Amazilia tzacatl","#d9c845","avian","https://media.birdweather.com/species/802/Rufous-tailedHummingbird-standard-4d0209b50ad0c35c6d8337f5c0c16b55.jpg","https://media.birdweather.com/species/802/Rufous-tailedHummingbird-thumbnail-fbf17400c31564f70aa45927c5d75f5e.jpg","https://media.birdweather.com/species/802/Rufous-tailedHummingbird-png200-8ea431c9893cfe027e92471791a8c256.png","mPkJFwIHqJeJl4lriIaGhYh3+H+oVGAH",17526814642,"https://media.birdweather.com/soundscapes/19267/19267-20260929-114209.flac",1.5,4.5,"live"
11442016957,"1790681827-11442016957",19267,"2026-09-29T05:37:07.500-06:00",0.905157744884491,0.0437803342938423,5.72083083100615,"almost_certain","BirdNET",NA,10.2198,-83.7874,FALSE,639,"Lesser Goldfinch","Spinus psaltria","#979300","avian","https://media.birdweather.com/species/639/LesserGoldfinch-standard-96adca2dc7f986662d62eece055ab06d.jpg","https://media.birdweather.com/species/639/LesserGoldfinch-thumbnail-86b8c47fbdd4e2d395a45405f6946da3.jpg","https://media.birdweather.com/species/639/LesserGoldfinch-png200-164065ac8be6605740b97649d4c3b07c.png","VPkFDwRaSHZweXh4lmd2yEhliYBzenAH",17526665244,"https://media.birdweather.com/soundscapes/19267/19267-20260929-113706.flac",1.5,4.5,"live"
11441999235,"1790681761-11441999235",19267,"2026-09-29T05:36:01.500-06:00",0.852637052536011,0.179772034287453,7.32390614664039,"almost_certain","BirdNET",NA,10.2198,-83.7874,FALSE,864,"Yellow-faced Grassquit","Tiaris olivaceus","#c70033","avian","https://media.birdweather.com/species/864/Yellow-facedGrassquit-standard-bc13eb67e9183acb9c902fa38205f1cc.jpg","https://media.birdweather.com/species/864/Yellow-facedGrassquit-thumbnail-c24b9b26edf65943c571eefcc409a249.jpg","https://media.birdweather.com/species/864/Yellow-facedGrassquit-png200-3a314b765c10030d7f0761598680fa1f.png","WPgJJwZAunewh4dqloeXdoeVCmVncJQI",17526632595,"https://media.birdweather.com/soundscapes/19267/19267-20260929-113600.flac",1.5,4.5,"live"
11441962115,"1790681620-11441962115",19267,"2026-09-29T05:33:40.000-06:00",0.835545182228088,0.218187406659126,7.53341684468299,"almost_certain","BirdNET",NA,10.2198,-83.7874,FALSE,3766,"Crimson-fronted Parakeet","Psittacara finschi","#65ad00","avian","https://media.birdweather.com/species/3766/Crimson-frontedParakeet-standard-ddc77fa728634b78b78a31cc430f7895.jpg","https://media.birdweather.com/species/3766/Crimson-frontedParakeet-thumbnail-df6cfd5712c254c532e4f60547260885.jpg","https://media.birdweather.com/species/3766/Crimson-frontedParakeet-png200-7ac02114402521892623f1f6b95ca6c2.png","1PgJHwR1hXZghIXBaJmliYSndzA49JgL",17526563692,"https://media.birdweather.com/soundscapes/19267/19267-20260929-113340.flac",0,3,"live"
11441958729,"1790681607-11441958729",19267,"2026-09-29T05:33:27.000-06:00",0.769180774688721,0.218187406659126,7.35216979170906,"almost_certain","BirdNET",NA,10.2198,-83.7874,FALSE,3766,"Crimson-fronted Parakeet","Psittacara finschi","#65ad00","avian","https://media.birdweather.com/species/3766/Crimson-frontedParakeet-standard-ddc77fa728634b78b78a31cc430f7895.jpg","https://media.birdweather.com/species/3766/Crimson-frontedParakeet-thumbnail-df6cfd5712c254c532e4f60547260885.jpg","https://media.birdweather.com/species/3766/Crimson-frontedParakeet-png200-7ac02114402521892623f1f6b95ca6c2.png","1PgJHwR1hXZghIXBaJmliYSndzA49JgL",17526557234,"https://media.birdweather.com/soundscapes/19267/19267-20260929-113327.flac",0,3,"live"
11441947925,"1790681564-11441947925",19267,"2026-09-29T05:32:44.500-06:00",0.729766011238098,0.218181222677231,7.23191894394993,"almost_certain","BirdNET",NA,10.2198,-83.7874,FALSE,3766,"Crimson-fronted Parakeet","Psittacara finschi","#65ad00","avian","https://media.birdweather.com/species/3766/Crimson-frontedParakeet-standard-ddc77fa728634b78b78a31cc430f7895.jpg","https://media.birdweather.com/species/3766/Crimson-frontedParakeet-thumbnail-df6cfd5712c254c532e4f60547260885.jpg","https://media.birdweather.com/species/3766/Crimson-frontedParakeet-png200-7ac02114402521892623f1f6b95ca6c2.png","1PgJHwR1hXZghIXBaJmliYSndzA49JgL",17526536926,"https://media.birdweather.com/soundscapes/19267/19267-20260929-113243.flac",1.5,4.5,"live"
11441877057,"1790681303-11441877057",19267,"2026-09-29T05:28:23.000-06:00",0.72274374961853,0.231078386306763,7.28467392768383,"almost_certain","BirdNET",NA,10.2198,-83.7874,FALSE,501,"White-winged Dove","Zenaida asiatica","#d16ff8","avian","https://media.birdweather.com/species/501/White-wingedDove-standard-6528ef689b07d5a91f1c2275cdef19c9.jpg","https://media.birdweather.com/species/501/White-wingedDove-thumbnail-4a940adfd5a6c78c73c48c5095e7b896.jpg","https://media.birdweather.com/species/501/White-wingedDove-png200-d65decd3d571b5a9dbeca249ef97689f.png","IscJLwb6hoVelZWZdoh3eIeIdxBoB4IG",17526406194,"https://media.birdweather.com/soundscapes/19267/19267-20260929-112820.flac",3,6,"live"
11441742117,"1790680777-11441742117",19267,"2026-09-29T05:19:37.500-06:00",0.851393818855286,0.231082573533058,7.6486835504632,"almost_certain","BirdNET",NA,10.2198,-83.7874,FALSE,501,"White-winged Dove","Zenaida asiatica","#d16ff8","avian","https://media.birdweather.com/species/501/White-wingedDove-standard-6528ef689b07d5a91f1c2275cdef19c9.jpg","https://media.birdweather.com/species/501/White-wingedDove-thumbnail-4a940adfd5a6c78c73c48c5095e7b896.jpg","https://media.birdweather.com/species/501/White-wingedDove-png200-d65decd3d571b5a9dbeca249ef97689f.png","IscJLwb6hoVelZWZdoh3eIeIdxBoB4IG",17526149159,"https://media.birdweather.com/soundscapes/19267/19267-20260929-111936.flac",1.5,4.5,"live"
11441742115,"1790680776-11441742115",19267,"2026-09-29T05:19:36.000-06:00",0.772510051727295,0.231082573533058,7.43716888273902,"almost_certain","BirdNET",NA,10.2198,-83.7874,FALSE,501,"White-winged Dove","Zenaida asiatica","#d16ff8","avian","https://media.birdweather.com/species/501/White-wingedDove-standard-6528ef689b07d5a91f1c2275cdef19c9.jpg","https://media.birdweather.com/species/501/White-wingedDove-thumbnail-4a940adfd5a6c78c73c48c5095e7b896.jpg","https://media.birdweather.com/species/501/White-wingedDove-png200-d65decd3d571b5a9dbeca249ef97689f.png","IscJLwb6hoVelZWZdoh3eIeIdxBoB4IG",17526149159,"https://media.birdweather.com/soundscapes/19267/19267-20260929-111936.flac",0,3,"live"
11441698289,"1790680605-11441698289",19267,"2026-09-29T05:16:45.000-06:00",0.716623246669769,0.756522536277771,8.84943051100355,"almost_certain","BirdNET",NA,10.2198,-83.7874,FALSE,229,"Great Kiskadee","Pitangus sulphuratus","#7d4410","avian","https://media.birdweather.com/species/229/GreatKiskadee-standard-cd28a1b8e8b8e5aed433e809c229004e.jpg","https://media.birdweather.com/species/229/GreatKiskadee-thumbnail-b2749ed2442fb322cf3c4cb72f9c97f6.jpg","https://media.birdweather.com/species/229/GreatKiskadee-png200-003973af4f863deb00a4ce9b6f10e59c.png","0PgFDwIrhYqfZJh1mVe3SZZ3uKEJBncG",17526062152,"https://media.birdweather.com/soundscapes/19267/19267-20260929-111639.flac",6,9,"live"
11441688065,"1790680564-11441688065",19267,"2026-09-29T05:16:04.000-06:00",0.824937283992767,0.537791788578033,8.70575537187392,"almost_certain","BirdNET",NA,10.2198,-83.7874,FALSE,802,"Rufous-tailed Hummingbird","Amazilia tzacatl","#d9c845","avian","https://media.birdweather.com/species/802/Rufous-tailedHummingbird-standard-4d0209b50ad0c35c6d8337f5c0c16b55.jpg","https://media.birdweather.com/species/802/Rufous-tailedHummingbird-thumbnail-fbf17400c31564f70aa45927c5d75f5e.jpg","https://media.birdweather.com/species/802/Rufous-tailedHummingbird-png200-8ea431c9893cfe027e92471791a8c256.png","mPkJFwIHqJeJl4lriIaGhYh3+H+oVGAH",17526042239,"https://media.birdweather.com/soundscapes/19267/19267-20260929-111558.flac",6,9,"live"
11441634392,"1790680341-11441634392",19267,"2026-09-29T05:12:21.000-06:00",0.789719700813293,0.0267182048410177,4.90802194028928,"almost_certain","BirdNET",NA,10.2198,-83.7874,FALSE,257,"Vermilion Flycatcher","Pyrocephalus rubinus","#5248cd","avian","https://media.birdweather.com/species/257/VermilionFlycatcher-standard-f7982d510ce93eef3f6080c0ab6f76bd.jpg","https://media.birdweather.com/species/257/VermilionFlycatcher-thumbnail-cefcd1e93e9d136cdbec862cdede3205.jpg","https://media.birdweather.com/species/257/VermilionFlycatcher-png200-1a014393ec23f78960f88569bd5f5464.png","nPgNFwjQhnh6eYeKlph3eIeHt1BoCHgA",17525936029,"https://media.birdweather.com/soundscapes/19267/19267-20260929-111221.flac",0,3,"live"
11441107848,"1790677662-11441107848",19267,"2026-09-29T04:27:42.000-06:00",0.806222677230835,0.0569562911987305,5.77647976004818,"almost_certain","BirdNET",NA,10.2198,-83.7874,FALSE,2106,"Scale-crested Pygmy-Tyrant","Lophotriccus pileatus","#ff3f73","avian","https://media.birdweather.com/species/2106/Scale-crestedPygmy-Tyrant-standard-30688703276d7a86ba8040e08ec546e4.jpg","https://media.birdweather.com/species/2106/Scale-crestedPygmy-Tyrant-thumbnail-a2fa4da6488b42e46af0521226507326.jpg","https://media.birdweather.com/species/2106/Scale-crestedPygmy-Tyrant-png200-7dba50c93511c6b01ee479c707de9a8b.png","IroFJwJKZ2tcVqZvUmlauFW0Vp9LCUoK",17524628808,"https://media.birdweather.com/soundscapes/19267/19267-20260929-102736.flac",6,9,"live"
11441107847,"1790677660-11441107847",19267,"2026-09-29T04:27:40.500-06:00",0.836938500404358,0.0569562911987305,5.85718223702532,"almost_certain","BirdNET",NA,10.2198,-83.7874,FALSE,2106,"Scale-crested Pygmy-Tyrant","Lophotriccus pileatus","#ff3f73","avian","https://media.birdweather.com/species/2106/Scale-crestedPygmy-Tyrant-standard-30688703276d7a86ba8040e08ec546e4.jpg","https://media.birdweather.com/species/2106/Scale-crestedPygmy-Tyrant-thumbnail-a2fa4da6488b42e46af0521226507326.jpg","https://media.birdweather.com/species/2106/Scale-crestedPygmy-Tyrant-png200-7dba50c93511c6b01ee479c707de9a8b.png","IroFJwJKZ2tcVqZvUmlauFW0Vp9LCUoK",17524628808,"https://media.birdweather.com/soundscapes/19267/19267-20260929-102736.flac",4.5,7.5,"live"
11440732290,"1790675068-11440732290",19267,"2026-09-29T03:44:28.000-06:00",0.845600426197052,0.056955698877573,5.87909467146554,"almost_certain","BirdNET",NA,10.2198,-83.7874,FALSE,2106,"Scale-crested Pygmy-Tyrant","Lophotriccus pileatus","#ff3f73","avian","https://media.birdweather.com/species/2106/Scale-crestedPygmy-Tyrant-standard-30688703276d7a86ba8040e08ec546e4.jpg","https://media.birdweather.com/species/2106/Scale-crestedPygmy-Tyrant-thumbnail-a2fa4da6488b42e46af0521226507326.jpg","https://media.birdweather.com/species/2106/Scale-crestedPygmy-Tyrant-png200-7dba50c93511c6b01ee479c707de9a8b.png","IroFJwJKZ2tcVqZvUmlauFW0Vp9LCUoK",17523375517,"https://media.birdweather.com/soundscapes/19267/19267-20260929-094425.flac",3,6,"live"
11439443954,"1790667598-11439443954",19267,"2026-09-29T01:39:58.000-06:00",0.74230295419693,0.0569559745490551,5.5915485136342,"almost_certain","BirdNET",NA,10.2198,-83.7874,FALSE,2106,"Scale-crested Pygmy-Tyrant","Lophotriccus pileatus","#ff3f73","avian","https://media.birdweather.com/species/2106/Scale-crestedPygmy-Tyrant-standard-30688703276d7a86ba8040e08ec546e4.jpg","https://media.birdweather.com/species/2106/Scale-crestedPygmy-Tyrant-thumbnail-a2fa4da6488b42e46af0521226507326.jpg","https://media.birdweather.com/species/2106/Scale-crestedPygmy-Tyrant-png200-7dba50c93511c6b01ee479c707de9a8b.png","IroFJwJKZ2tcVqZvUmlauFW0Vp9LCUoK",17519724782,"https://media.birdweather.com/soundscapes/19267/19267-20260929-073952.flac",6,9,"live"
11439209902,"1790666419-11439209902",19267,"2026-09-29T01:20:19.000-06:00",0.98470413684845,0.0569546781480312,6.19020070402955,"almost_certain","BirdNET",NA,10.2198,-83.7874,FALSE,2106,"Scale-crested Pygmy-Tyrant","Lophotriccus pileatus","#ff3f73","avian","https://media.birdweather.com/species/2106/Scale-crestedPygmy-Tyrant-standard-30688703276d7a86ba8040e08ec546e4.jpg","https://media.birdweather.com/species/2106/Scale-crestedPygmy-Tyrant-thumbnail-a2fa4da6488b42e46af0521226507326.jpg","https://media.birdweather.com/species/2106/Scale-crestedPygmy-Tyrant-png200-7dba50c93511c6b01ee479c707de9a8b.png","IroFJwJKZ2tcVqZvUmlauFW0Vp9LCUoK",17519144823,"https://media.birdweather.com/soundscapes/19267/19267-20260929-072016.flac",3,6,"live"
11438569696,"1790663430-11438569696",19267,"2026-09-29T00:30:30.000-06:00",0.73986554145813,0.0569558143615723,5.58397465517451,"almost_certain","BirdNET",NA,10.2198,-83.7874,FALSE,2106,"Scale-crested Pygmy-Tyrant","Lophotriccus pileatus","#ff3f73","avian","https://media.birdweather.com/species/2106/Scale-crestedPygmy-Tyrant-standard-30688703276d7a86ba8040e08ec546e4.jpg","https://media.birdweather.com/species/2106/Scale-crestedPygmy-Tyrant-thumbnail-a2fa4da6488b42e46af0521226507326.jpg","https://media.birdweather.com/species/2106/Scale-crestedPygmy-Tyrant-png200-7dba50c93511c6b01ee479c707de9a8b.png","IroFJwJKZ2tcVqZvUmlauFW0Vp9LCUoK",17517662047,"https://media.birdweather.com/soundscapes/19267/19267-20260929-063030.flac",0,3,"live"
