"id","stationId","timestamp","confidence","probability","score","certainty","algorithm","metadata","lat","lon","favorite","species.id","species.commonName","species.scientificName","species.color","species.classification","species.imageUrl","species.thumbnailUrl","species.pngUrl","species.thumbhash","soundscape.id","soundscape.url","soundscape.startTime","soundscape.endTime","soundscape.mode"
11394251505,19267,"2026-09-26T17:37:27.500-06:00",0.914939165115356,0.145318254828453,7.19577637528405,"almost_certain","BirdNET",NA,10.2198,-83.7874,FALSE,349,"Southern Lapwing","Vanellus chilensis","#008b44","avian","https://media.birdweather.com/species/349/SouthernLapwing-standard-02014dbe85174d8ed1a9e83d1367f600.jpg","https://media.birdweather.com/species/349/SouthernLapwing-thumbnail-33b4d17a45224d79dbf2a0a3aa5ea2c7.jpg","https://media.birdweather.com/species/349/SouthernLapwing-png200-1801892688cffe6fb6fd8c00fbf91764.png","XhkGDwDoWodoiXerVYpYCZVFGq/V3xQD",17419330236,"https://media.birdweather.com/soundscapes/19267/19267-20260926-233723.flac",4.5,7.5,"live"
11394251504,19267,"2026-09-26T17:37:26.000-06:00",0.868072509765625,0.145318254828453,7.08717061745104,"almost_certain","BirdNET",NA,10.2198,-83.7874,FALSE,349,"Southern Lapwing","Vanellus chilensis","#008b44","avian","https://media.birdweather.com/species/349/SouthernLapwing-standard-02014dbe85174d8ed1a9e83d1367f600.jpg","https://media.birdweather.com/species/349/SouthernLapwing-thumbnail-33b4d17a45224d79dbf2a0a3aa5ea2c7.jpg","https://media.birdweather.com/species/349/SouthernLapwing-png200-1801892688cffe6fb6fd8c00fbf91764.png","XhkGDwDoWodoiXerVYpYCZVFGq/V3xQD",17419330236,"https://media.birdweather.com/soundscapes/19267/19267-20260926-233723.flac",3,6,"live"
11394251502,19267,"2026-09-26T17:37:24.500-06:00",0.879074573516846,0.145318254828453,7.11345022838324,"almost_certain","BirdNET",NA,10.2198,-83.7874,FALSE,349,"Southern Lapwing","Vanellus chilensis","#008b44","avian","https://media.birdweather.com/species/349/SouthernLapwing-standard-02014dbe85174d8ed1a9e83d1367f600.jpg","https://media.birdweather.com/species/349/SouthernLapwing-thumbnail-33b4d17a45224d79dbf2a0a3aa5ea2c7.jpg","https://media.birdweather.com/species/349/SouthernLapwing-png200-1801892688cffe6fb6fd8c00fbf91764.png","XhkGDwDoWodoiXerVYpYCZVFGq/V3xQD",17419330236,"https://media.birdweather.com/soundscapes/19267/19267-20260926-233723.flac",1.5,4.5,"live"
11394251496,19267,"2026-09-26T17:37:23.000-06:00",0.83632504940033,0.145318254828453,7.00838375886788,"almost_certain","BirdNET",NA,10.2198,-83.7874,FALSE,349,"Southern Lapwing","Vanellus chilensis","#008b44","avian","https://media.birdweather.com/species/349/SouthernLapwing-standard-02014dbe85174d8ed1a9e83d1367f600.jpg","https://media.birdweather.com/species/349/SouthernLapwing-thumbnail-33b4d17a45224d79dbf2a0a3aa5ea2c7.jpg","https://media.birdweather.com/species/349/SouthernLapwing-png200-1801892688cffe6fb6fd8c00fbf91764.png","XhkGDwDoWodoiXerVYpYCZVFGq/V3xQD",17419330236,"https://media.birdweather.com/soundscapes/19267/19267-20260926-233723.flac",0,3,"live"
11392430888,19267,"2026-09-26T15:31:06.500-06:00",0.908682703971863,0.043415755033493,5.71946882463177,"almost_certain","BirdNET",NA,10.2198,-83.7874,FALSE,610,"Yellow-billed Cuckoo","Coccyzus americanus","#e2342d","avian","https://media.birdweather.com/species/610/Yellow-billedCuckoo-standard-882f68a7a9fd2d56463209cebd11666a.jpg","https://media.birdweather.com/species/610/Yellow-billedCuckoo-thumbnail-6d2045e19aef63a798a493d7cfb637a8.jpg","https://media.birdweather.com/species/610/Yellow-billedCuckoo-png200-347ece3a30ca733e8fe66061ab0863f5.png","H+gJJwJ/dXZoyJmZpJhZd5h4CXhqqOwA",17415489183,"https://media.birdweather.com/soundscapes/19267/19267-20260926-213102.flac",4.5,7.5,"live"
11392304869,19267,"2026-09-26T15:22:16.000-06:00",0.722929120063782,0.756516814231873,8.87000079655198,"almost_certain","BirdNET",NA,10.2198,-83.7874,FALSE,229,"Great Kiskadee","Pitangus sulphuratus","#7d4410","avian","https://media.birdweather.com/species/229/GreatKiskadee-standard-cd28a1b8e8b8e5aed433e809c229004e.jpg","https://media.birdweather.com/species/229/GreatKiskadee-thumbnail-b2749ed2442fb322cf3c4cb72f9c97f6.jpg","https://media.birdweather.com/species/229/GreatKiskadee-png200-003973af4f863deb00a4ce9b6f10e59c.png","0PgFDwIrhYqfZJh1mVe3SZZ3uKEJBncG",17415228012,"https://media.birdweather.com/soundscapes/19267/19267-20260926-212216.flac",0,3,"live"
11392300095,19267,"2026-09-26T15:22:06.500-06:00",0.860483109951019,0.756516814231873,9.25578527253528,"almost_certain","BirdNET",NA,10.2198,-83.7874,FALSE,229,"Great Kiskadee","Pitangus sulphuratus","#7d4410","avian","https://media.birdweather.com/species/229/GreatKiskadee-standard-cd28a1b8e8b8e5aed433e809c229004e.jpg","https://media.birdweather.com/species/229/GreatKiskadee-thumbnail-b2749ed2442fb322cf3c4cb72f9c97f6.jpg","https://media.birdweather.com/species/229/GreatKiskadee-png200-003973af4f863deb00a4ce9b6f10e59c.png","0PgFDwIrhYqfZJh1mVe3SZZ3uKEJBncG",17415220807,"https://media.birdweather.com/soundscapes/19267/19267-20260926-212202.flac",4.5,7.5,"live"
11392296922,19267,"2026-09-26T15:21:53.500-06:00",0.715562582015991,0.756516814231873,8.8459280078417,"almost_certain","BirdNET",NA,10.2198,-83.7874,FALSE,229,"Great Kiskadee","Pitangus sulphuratus","#7d4410","avian","https://media.birdweather.com/species/229/GreatKiskadee-standard-cd28a1b8e8b8e5aed433e809c229004e.jpg","https://media.birdweather.com/species/229/GreatKiskadee-thumbnail-b2749ed2442fb322cf3c4cb72f9c97f6.jpg","https://media.birdweather.com/species/229/GreatKiskadee-png200-003973af4f863deb00a4ce9b6f10e59c.png","0PgFDwIrhYqfZJh1mVe3SZZ3uKEJBncG",17415214397,"https://media.birdweather.com/soundscapes/19267/19267-20260926-212149.flac",4.5,7.5,"live"
11392293766,19267,"2026-09-26T15:21:42.000-06:00",0.913587093353271,0.756521821022034,9.37981087826802,"almost_certain","BirdNET",NA,10.2198,-83.7874,FALSE,229,"Great Kiskadee","Pitangus sulphuratus","#7d4410","avian","https://media.birdweather.com/species/229/GreatKiskadee-standard-cd28a1b8e8b8e5aed433e809c229004e.jpg","https://media.birdweather.com/species/229/GreatKiskadee-thumbnail-b2749ed2442fb322cf3c4cb72f9c97f6.jpg","https://media.birdweather.com/species/229/GreatKiskadee-png200-003973af4f863deb00a4ce9b6f10e59c.png","0PgFDwIrhYqfZJh1mVe3SZZ3uKEJBncG",17415207960,"https://media.birdweather.com/soundscapes/19267/19267-20260926-212136.flac",6,9,"live"
11392293764,19267,"2026-09-26T15:21:40.500-06:00",0.911274611949921,0.756521821022034,9.37463788074026,"almost_certain","BirdNET",NA,10.2198,-83.7874,FALSE,229,"Great Kiskadee","Pitangus sulphuratus","#7d4410","avian","https://media.birdweather.com/species/229/GreatKiskadee-standard-cd28a1b8e8b8e5aed433e809c229004e.jpg","https://media.birdweather.com/species/229/GreatKiskadee-thumbnail-b2749ed2442fb322cf3c4cb72f9c97f6.jpg","https://media.birdweather.com/species/229/GreatKiskadee-png200-003973af4f863deb00a4ce9b6f10e59c.png","0PgFDwIrhYqfZJh1mVe3SZZ3uKEJBncG",17415207960,"https://media.birdweather.com/soundscapes/19267/19267-20260926-212136.flac",4.5,7.5,"live"
11392293762,19267,"2026-09-26T15:21:39.000-06:00",0.95710813999176,0.756521821022034,9.47369202715317,"almost_certain","BirdNET",NA,10.2198,-83.7874,FALSE,229,"Great Kiskadee","Pitangus sulphuratus","#7d4410","avian","https://media.birdweather.com/species/229/GreatKiskadee-standard-cd28a1b8e8b8e5aed433e809c229004e.jpg","https://media.birdweather.com/species/229/GreatKiskadee-thumbnail-b2749ed2442fb322cf3c4cb72f9c97f6.jpg","https://media.birdweather.com/species/229/GreatKiskadee-png200-003973af4f863deb00a4ce9b6f10e59c.png","0PgFDwIrhYqfZJh1mVe3SZZ3uKEJBncG",17415207960,"https://media.birdweather.com/soundscapes/19267/19267-20260926-212136.flac",3,6,"live"
11392293760,19267,"2026-09-26T15:21:37.500-06:00",0.99543023109436,0.756521821022034,9.5513464904627,"almost_certain","BirdNET",NA,10.2198,-83.7874,FALSE,229,"Great Kiskadee","Pitangus sulphuratus","#7d4410","avian","https://media.birdweather.com/species/229/GreatKiskadee-standard-cd28a1b8e8b8e5aed433e809c229004e.jpg","https://media.birdweather.com/species/229/GreatKiskadee-thumbnail-b2749ed2442fb322cf3c4cb72f9c97f6.jpg","https://media.birdweather.com/species/229/GreatKiskadee-png200-003973af4f863deb00a4ce9b6f10e59c.png","0PgFDwIrhYqfZJh1mVe3SZZ3uKEJBncG",17415207960,"https://media.birdweather.com/soundscapes/19267/19267-20260926-212136.flac",1.5,4.5,"live"
11392293758,19267,"2026-09-26T15:21:36.000-06:00",0.96554958820343,0.756521821022034,9.49117945542338,"almost_certain","BirdNET",NA,10.2198,-83.7874,FALSE,229,"Great Kiskadee","Pitangus sulphuratus","#7d4410","avian","https://media.birdweather.com/species/229/GreatKiskadee-standard-cd28a1b8e8b8e5aed433e809c229004e.jpg","https://media.birdweather.com/species/229/GreatKiskadee-thumbnail-b2749ed2442fb322cf3c4cb72f9c97f6.jpg","https://media.birdweather.com/species/229/GreatKiskadee-png200-003973af4f863deb00a4ce9b6f10e59c.png","0PgFDwIrhYqfZJh1mVe3SZZ3uKEJBncG",17415207960,"https://media.birdweather.com/soundscapes/19267/19267-20260926-212136.flac",0,3,"live"
11392232643,19267,"2026-09-26T15:17:26.500-06:00",0.876813948154449,0.756520986557007,9.29514003321903,"almost_certain","BirdNET",NA,10.2198,-83.7874,FALSE,229,"Great Kiskadee","Pitangus sulphuratus","#7d4410","avian","https://media.birdweather.com/species/229/GreatKiskadee-standard-cd28a1b8e8b8e5aed433e809c229004e.jpg","https://media.birdweather.com/species/229/GreatKiskadee-thumbnail-b2749ed2442fb322cf3c4cb72f9c97f6.jpg","https://media.birdweather.com/species/229/GreatKiskadee-png200-003973af4f863deb00a4ce9b6f10e59c.png","0PgFDwIrhYqfZJh1mVe3SZZ3uKEJBncG",17415081933,"https://media.birdweather.com/soundscapes/19267/19267-20260926-211722.flac",4.5,7.5,"live"
11392134957,19267,"2026-09-26T15:10:45.000-06:00",0.722927689552307,0.218184769153595,7.20996587122845,"almost_certain","BirdNET",NA,10.2198,-83.7874,FALSE,3766,"Crimson-fronted Parakeet","Psittacara finschi","#65ad00","avian","https://media.birdweather.com/species/3766/Crimson-frontedParakeet-standard-ddc77fa728634b78b78a31cc430f7895.jpg","https://media.birdweather.com/species/3766/Crimson-frontedParakeet-thumbnail-df6cfd5712c254c532e4f60547260885.jpg","https://media.birdweather.com/species/3766/Crimson-frontedParakeet-png200-7ac02114402521892623f1f6b95ca6c2.png","1PgJHwR1hXZghIXBaJmliYSndzA49JgL",17414880607,"https://media.birdweather.com/soundscapes/19267/19267-20260926-211039.flac",6,9,"live"
11391674191,19267,"2026-09-26T14:39:14.000-06:00",0.9730584025383,0.756528496742249,9.50656135865134,"almost_certain","BirdNET",NA,10.2198,-83.7874,FALSE,229,"Great Kiskadee","Pitangus sulphuratus","#7d4410","avian","https://media.birdweather.com/species/229/GreatKiskadee-standard-cd28a1b8e8b8e5aed433e809c229004e.jpg","https://media.birdweather.com/species/229/GreatKiskadee-thumbnail-b2749ed2442fb322cf3c4cb72f9c97f6.jpg","https://media.birdweather.com/species/229/GreatKiskadee-png200-003973af4f863deb00a4ce9b6f10e59c.png","0PgFDwIrhYqfZJh1mVe3SZZ3uKEJBncG",17413941416,"https://media.birdweather.com/soundscapes/19267/19267-20260926-203908.flac",6,9,"live"
11391674189,19267,"2026-09-26T14:39:12.500-06:00",0.866938352584839,0.756528496742249,9.27149465835096,"almost_certain","BirdNET",NA,10.2198,-83.7874,FALSE,229,"Great Kiskadee","Pitangus sulphuratus","#7d4410","avian","https://media.birdweather.com/species/229/GreatKiskadee-standard-cd28a1b8e8b8e5aed433e809c229004e.jpg","https://media.birdweather.com/species/229/GreatKiskadee-thumbnail-b2749ed2442fb322cf3c4cb72f9c97f6.jpg","https://media.birdweather.com/species/229/GreatKiskadee-png200-003973af4f863deb00a4ce9b6f10e59c.png","0PgFDwIrhYqfZJh1mVe3SZZ3uKEJBncG",17413941416,"https://media.birdweather.com/soundscapes/19267/19267-20260926-203908.flac",4.5,7.5,"live"
11391671135,19267,"2026-09-26T14:38:59.500-06:00",0.818548202514648,0.756528079509735,9.14926582316902,"almost_certain","BirdNET",NA,10.2198,-83.7874,FALSE,229,"Great Kiskadee","Pitangus sulphuratus","#7d4410","avian","https://media.birdweather.com/species/229/GreatKiskadee-standard-cd28a1b8e8b8e5aed433e809c229004e.jpg","https://media.birdweather.com/species/229/GreatKiskadee-thumbnail-b2749ed2442fb322cf3c4cb72f9c97f6.jpg","https://media.birdweather.com/species/229/GreatKiskadee-png200-003973af4f863deb00a4ce9b6f10e59c.png","0PgFDwIrhYqfZJh1mVe3SZZ3uKEJBncG",17413935156,"https://media.birdweather.com/soundscapes/19267/19267-20260926-203855.flac",4.5,7.5,"live"
11391671132,19267,"2026-09-26T14:38:58.000-06:00",0.864666521549225,0.756528079509735,9.26599303018271,"almost_certain","BirdNET",NA,10.2198,-83.7874,FALSE,229,"Great Kiskadee","Pitangus sulphuratus","#7d4410","avian","https://media.birdweather.com/species/229/GreatKiskadee-standard-cd28a1b8e8b8e5aed433e809c229004e.jpg","https://media.birdweather.com/species/229/GreatKiskadee-thumbnail-b2749ed2442fb322cf3c4cb72f9c97f6.jpg","https://media.birdweather.com/species/229/GreatKiskadee-png200-003973af4f863deb00a4ce9b6f10e59c.png","0PgFDwIrhYqfZJh1mVe3SZZ3uKEJBncG",17413935156,"https://media.birdweather.com/soundscapes/19267/19267-20260926-203855.flac",3,6,"live"
11391671128,19267,"2026-09-26T14:38:56.500-06:00",0.813563108444214,0.756528079509735,9.13603152970959,"almost_certain","BirdNET",NA,10.2198,-83.7874,FALSE,229,"Great Kiskadee","Pitangus sulphuratus","#7d4410","avian","https://media.birdweather.com/species/229/GreatKiskadee-standard-cd28a1b8e8b8e5aed433e809c229004e.jpg","https://media.birdweather.com/species/229/GreatKiskadee-thumbnail-b2749ed2442fb322cf3c4cb72f9c97f6.jpg","https://media.birdweather.com/species/229/GreatKiskadee-png200-003973af4f863deb00a4ce9b6f10e59c.png","0PgFDwIrhYqfZJh1mVe3SZZ3uKEJBncG",17413935156,"https://media.birdweather.com/soundscapes/19267/19267-20260926-203855.flac",1.5,4.5,"live"
11391671126,19267,"2026-09-26T14:38:55.000-06:00",0.966111183166504,0.756528079509735,9.49234616837215,"almost_certain","BirdNET",NA,10.2198,-83.7874,FALSE,229,"Great Kiskadee","Pitangus sulphuratus","#7d4410","avian","https://media.birdweather.com/species/229/GreatKiskadee-standard-cd28a1b8e8b8e5aed433e809c229004e.jpg","https://media.birdweather.com/species/229/GreatKiskadee-thumbnail-b2749ed2442fb322cf3c4cb72f9c97f6.jpg","https://media.birdweather.com/species/229/GreatKiskadee-png200-003973af4f863deb00a4ce9b6f10e59c.png","0PgFDwIrhYqfZJh1mVe3SZZ3uKEJBncG",17413935156,"https://media.birdweather.com/soundscapes/19267/19267-20260926-203855.flac",0,3,"live"
11391440574,19267,"2026-09-26T14:23:01.000-06:00",0.726612687110901,0.0268380530178547,4.72348573634102,"almost_certain","BirdNET",NA,10.2198,-83.7874,FALSE,2125,"Orange-collared Manakin","Manacus aurantiacus","#60d8d9","avian","https://media.birdweather.com/species/2125/Orange-collaredManakin-standard-4ee1b97d973d30332e729d49303250f9.jpg","https://media.birdweather.com/species/2125/Orange-collaredManakin-thumbnail-de5120d09d0c54efe6e3aea49b88d1d5.jpg","https://media.birdweather.com/species/2125/Orange-collaredManakin-png200-c18cd3a9e49f696cb7680e43aad501b9.png","lekFJwSuVmh26XQ62AtGiVZ4xgiVCboC",17413459602,"https://media.birdweather.com/soundscapes/19267/19267-20260926-202258.flac",3,6,"live"
11391440572,19267,"2026-09-26T14:22:59.500-06:00",0.816172957420349,0.0268380530178547,4.98456026921039,"almost_certain","BirdNET",NA,10.2198,-83.7874,FALSE,2125,"Orange-collared Manakin","Manacus aurantiacus","#60d8d9","avian","https://media.birdweather.com/species/2125/Orange-collaredManakin-standard-4ee1b97d973d30332e729d49303250f9.jpg","https://media.birdweather.com/species/2125/Orange-collaredManakin-thumbnail-de5120d09d0c54efe6e3aea49b88d1d5.jpg","https://media.birdweather.com/species/2125/Orange-collaredManakin-png200-c18cd3a9e49f696cb7680e43aad501b9.png","lekFJwSuVmh26XQ62AtGiVZ4xgiVCboC",17413459602,"https://media.birdweather.com/soundscapes/19267/19267-20260926-202258.flac",1.5,4.5,"live"
11391437273,19267,"2026-09-26T14:22:46.000-06:00",0.762014746665955,0.552704572677612,8.56762854576497,"almost_certain","BirdNET",NA,10.2198,-83.7874,FALSE,121,"Social Flycatcher","Myiozetetes similis","#69b9ff","avian","https://media.birdweather.com/species/121/SocialFlycatcher-standard-6e107581e61c9f556b3a0af5200f486a.jpg","https://media.birdweather.com/species/121/SocialFlycatcher-thumbnail-87f640fcaf1441ecbbd56b57372185a8.jpg","https://media.birdweather.com/species/121/SocialFlycatcher-png200-2f6dd485cf927db0dd7fd9abc239fb19.png","2xkKJwIJh3ekeXh0e5Z4eYaIdyApd5AC",17413452698,"https://media.birdweather.com/soundscapes/19267/19267-20260926-202243.flac",3,6,"live"
11391388370,19267,"2026-09-26T14:19:29.000-06:00",0.955442011356354,0.0310447700321674,5.45995026794061,"almost_certain","BirdNET",NA,10.2198,-83.7874,FALSE,242,"Barn Owl","Tyto alba","#c57e94","avian","https://media.birdweather.com/species/242/BarnOwl-standard-8bec9306e3928726cbb18b498dd33c03.jpg","https://media.birdweather.com/species/242/BarnOwl-thumbnail-f2dc3ee81bc91e5f2214d7a2b7be6eef.jpg","https://media.birdweather.com/species/242/BarnOwl-png200-fe95e07244e391ae77d98d1c722d7699.png","4PgFFwKCFGWPgIlpq2aJdXiHiQRFCWME",17413352836,"https://media.birdweather.com/soundscapes/19267/19267-20260926-201923.flac",6,9,"live"
11391030568,19267,"2026-09-26T13:56:53.000-06:00",0.947403371334076,0.756520509719849,9.45330538140284,"almost_certain","BirdNET",NA,10.2198,-83.7874,FALSE,229,"Great Kiskadee","Pitangus sulphuratus","#7d4410","avian","https://media.birdweather.com/species/229/GreatKiskadee-standard-cd28a1b8e8b8e5aed433e809c229004e.jpg","https://media.birdweather.com/species/229/GreatKiskadee-thumbnail-b2749ed2442fb322cf3c4cb72f9c97f6.jpg","https://media.birdweather.com/species/229/GreatKiskadee-png200-003973af4f863deb00a4ce9b6f10e59c.png","0PgFDwIrhYqfZJh1mVe3SZZ3uKEJBncG",17412623598,"https://media.birdweather.com/soundscapes/19267/19267-20260926-195647.flac",6,9,"live"
11391030565,19267,"2026-09-26T13:56:51.500-06:00",0.979178190231323,0.756520509719849,9.51894752652037,"almost_certain","BirdNET",NA,10.2198,-83.7874,FALSE,229,"Great Kiskadee","Pitangus sulphuratus","#7d4410","avian","https://media.birdweather.com/species/229/GreatKiskadee-standard-cd28a1b8e8b8e5aed433e809c229004e.jpg","https://media.birdweather.com/species/229/GreatKiskadee-thumbnail-b2749ed2442fb322cf3c4cb72f9c97f6.jpg","https://media.birdweather.com/species/229/GreatKiskadee-png200-003973af4f863deb00a4ce9b6f10e59c.png","0PgFDwIrhYqfZJh1mVe3SZZ3uKEJBncG",17412623598,"https://media.birdweather.com/soundscapes/19267/19267-20260926-195647.flac",4.5,7.5,"live"
11391030561,19267,"2026-09-26T13:56:50.000-06:00",0.951871037483215,0.756520509719849,9.46272714282047,"almost_certain","BirdNET",NA,10.2198,-83.7874,FALSE,229,"Great Kiskadee","Pitangus sulphuratus","#7d4410","avian","https://media.birdweather.com/species/229/GreatKiskadee-standard-cd28a1b8e8b8e5aed433e809c229004e.jpg","https://media.birdweather.com/species/229/GreatKiskadee-thumbnail-b2749ed2442fb322cf3c4cb72f9c97f6.jpg","https://media.birdweather.com/species/229/GreatKiskadee-png200-003973af4f863deb00a4ce9b6f10e59c.png","0PgFDwIrhYqfZJh1mVe3SZZ3uKEJBncG",17412623598,"https://media.birdweather.com/soundscapes/19267/19267-20260926-195647.flac",3,6,"live"
11391030547,19267,"2026-09-26T13:56:47.000-06:00",0.876765191555023,0.756520509719849,9.29502337349878,"almost_certain","BirdNET",NA,10.2198,-83.7874,FALSE,229,"Great Kiskadee","Pitangus sulphuratus","#7d4410","avian","https://media.birdweather.com/species/229/GreatKiskadee-standard-cd28a1b8e8b8e5aed433e809c229004e.jpg","https://media.birdweather.com/species/229/GreatKiskadee-thumbnail-b2749ed2442fb322cf3c4cb72f9c97f6.jpg","https://media.birdweather.com/species/229/GreatKiskadee-png200-003973af4f863deb00a4ce9b6f10e59c.png","0PgFDwIrhYqfZJh1mVe3SZZ3uKEJBncG",17412623598,"https://media.birdweather.com/soundscapes/19267/19267-20260926-195647.flac",0,3,"live"
11391027403,19267,"2026-09-26T13:56:40.000-06:00",0.852141797542572,0.756520509719849,9.23524980257173,"almost_certain","BirdNET",NA,10.2198,-83.7874,FALSE,229,"Great Kiskadee","Pitangus sulphuratus","#7d4410","avian","https://media.birdweather.com/species/229/GreatKiskadee-standard-cd28a1b8e8b8e5aed433e809c229004e.jpg","https://media.birdweather.com/species/229/GreatKiskadee-thumbnail-b2749ed2442fb322cf3c4cb72f9c97f6.jpg","https://media.birdweather.com/species/229/GreatKiskadee-png200-003973af4f863deb00a4ce9b6f10e59c.png","0PgFDwIrhYqfZJh1mVe3SZZ3uKEJBncG",17412617434,"https://media.birdweather.com/soundscapes/19267/19267-20260926-195634.flac",6,9,"live"
11391027397,19267,"2026-09-26T13:56:38.500-06:00",0.874076306819916,0.756520509719849,9.28862148619186,"almost_certain","BirdNET",NA,10.2198,-83.7874,FALSE,229,"Great Kiskadee","Pitangus sulphuratus","#7d4410","avian","https://media.birdweather.com/species/229/GreatKiskadee-standard-cd28a1b8e8b8e5aed433e809c229004e.jpg","https://media.birdweather.com/species/229/GreatKiskadee-thumbnail-b2749ed2442fb322cf3c4cb72f9c97f6.jpg","https://media.birdweather.com/species/229/GreatKiskadee-png200-003973af4f863deb00a4ce9b6f10e59c.png","0PgFDwIrhYqfZJh1mVe3SZZ3uKEJBncG",17412617434,"https://media.birdweather.com/soundscapes/19267/19267-20260926-195634.flac",4.5,7.5,"live"
11391027393,19267,"2026-09-26T13:56:37.000-06:00",0.961216449737549,0.756520509719849,9.48222840392541,"almost_certain","BirdNET",NA,10.2198,-83.7874,FALSE,229,"Great Kiskadee","Pitangus sulphuratus","#7d4410","avian","https://media.birdweather.com/species/229/GreatKiskadee-standard-cd28a1b8e8b8e5aed433e809c229004e.jpg","https://media.birdweather.com/species/229/GreatKiskadee-thumbnail-b2749ed2442fb322cf3c4cb72f9c97f6.jpg","https://media.birdweather.com/species/229/GreatKiskadee-png200-003973af4f863deb00a4ce9b6f10e59c.png","0PgFDwIrhYqfZJh1mVe3SZZ3uKEJBncG",17412617434,"https://media.birdweather.com/soundscapes/19267/19267-20260926-195634.flac",3,6,"live"
11391027391,19267,"2026-09-26T13:56:35.500-06:00",0.790771901607513,0.756520509719849,9.07382896088815,"almost_certain","BirdNET",NA,10.2198,-83.7874,FALSE,229,"Great Kiskadee","Pitangus sulphuratus","#7d4410","avian","https://media.birdweather.com/species/229/GreatKiskadee-standard-cd28a1b8e8b8e5aed433e809c229004e.jpg","https://media.birdweather.com/species/229/GreatKiskadee-thumbnail-b2749ed2442fb322cf3c4cb72f9c97f6.jpg","https://media.birdweather.com/species/229/GreatKiskadee-png200-003973af4f863deb00a4ce9b6f10e59c.png","0PgFDwIrhYqfZJh1mVe3SZZ3uKEJBncG",17412617434,"https://media.birdweather.com/soundscapes/19267/19267-20260926-195634.flac",1.5,4.5,"live"
11391027387,19267,"2026-09-26T13:56:34.000-06:00",0.956672728061676,0.756520509719849,9.47278159539896,"almost_certain","BirdNET",NA,10.2198,-83.7874,FALSE,229,"Great Kiskadee","Pitangus sulphuratus","#7d4410","avian","https://media.birdweather.com/species/229/GreatKiskadee-standard-cd28a1b8e8b8e5aed433e809c229004e.jpg","https://media.birdweather.com/species/229/GreatKiskadee-thumbnail-b2749ed2442fb322cf3c4cb72f9c97f6.jpg","https://media.birdweather.com/species/229/GreatKiskadee-png200-003973af4f863deb00a4ce9b6f10e59c.png","0PgFDwIrhYqfZJh1mVe3SZZ3uKEJBncG",17412617434,"https://media.birdweather.com/soundscapes/19267/19267-20260926-195634.flac",0,3,"live"
11390475329,19267,"2026-09-26T13:20:04.000-06:00",0.804781079292297,0.756521224975586,9.11238939331663,"almost_certain","BirdNET",NA,10.2198,-83.7874,FALSE,229,"Great Kiskadee","Pitangus sulphuratus","#7d4410","avian","https://media.birdweather.com/species/229/GreatKiskadee-standard-cd28a1b8e8b8e5aed433e809c229004e.jpg","https://media.birdweather.com/species/229/GreatKiskadee-thumbnail-b2749ed2442fb322cf3c4cb72f9c97f6.jpg","https://media.birdweather.com/species/229/GreatKiskadee-png200-003973af4f863deb00a4ce9b6f10e59c.png","0PgFDwIrhYqfZJh1mVe3SZZ3uKEJBncG",17411526611,"https://media.birdweather.com/soundscapes/19267/19267-20260926-192001.flac",3,6,"live"
11390475324,19267,"2026-09-26T13:20:02.500-06:00",0.734959006309509,0.756521224975586,8.90843332762147,"almost_certain","BirdNET",NA,10.2198,-83.7874,FALSE,229,"Great Kiskadee","Pitangus sulphuratus","#7d4410","avian","https://media.birdweather.com/species/229/GreatKiskadee-standard-cd28a1b8e8b8e5aed433e809c229004e.jpg","https://media.birdweather.com/species/229/GreatKiskadee-thumbnail-b2749ed2442fb322cf3c4cb72f9c97f6.jpg","https://media.birdweather.com/species/229/GreatKiskadee-png200-003973af4f863deb00a4ce9b6f10e59c.png","0PgFDwIrhYqfZJh1mVe3SZZ3uKEJBncG",17411526611,"https://media.birdweather.com/soundscapes/19267/19267-20260926-192001.flac",1.5,4.5,"live"
11389797669,19267,"2026-09-26T12:34:25.000-06:00",0.976422071456909,0.552711725234985,9.08991795915426,"almost_certain","BirdNET",NA,10.2198,-83.7874,FALSE,121,"Social Flycatcher","Myiozetetes similis","#69b9ff","avian","https://media.birdweather.com/species/121/SocialFlycatcher-standard-6e107581e61c9f556b3a0af5200f486a.jpg","https://media.birdweather.com/species/121/SocialFlycatcher-thumbnail-87f640fcaf1441ecbbd56b57372185a8.jpg","https://media.birdweather.com/species/121/SocialFlycatcher-png200-2f6dd485cf927db0dd7fd9abc239fb19.png","2xkKJwIJh3ekeXh0e5Z4eYaIdyApd5AC",17410168006,"https://media.birdweather.com/soundscapes/19267/19267-20260926-183419.flac",6,9,"live"
11389797667,19267,"2026-09-26T12:34:23.500-06:00",0.943032085895538,0.552711725234985,9.02056496431352,"almost_certain","BirdNET",NA,10.2198,-83.7874,FALSE,121,"Social Flycatcher","Myiozetetes similis","#69b9ff","avian","https://media.birdweather.com/species/121/SocialFlycatcher-standard-6e107581e61c9f556b3a0af5200f486a.jpg","https://media.birdweather.com/species/121/SocialFlycatcher-thumbnail-87f640fcaf1441ecbbd56b57372185a8.jpg","https://media.birdweather.com/species/121/SocialFlycatcher-png200-2f6dd485cf927db0dd7fd9abc239fb19.png","2xkKJwIJh3ekeXh0e5Z4eYaIdyApd5AC",17410168006,"https://media.birdweather.com/soundscapes/19267/19267-20260926-183419.flac",4.5,7.5,"live"
11389502099,19267,"2026-09-26T12:14:47.000-06:00",0.722207546234131,0.75652289390564,8.86767226267861,"almost_certain","BirdNET",NA,10.2198,-83.7874,FALSE,229,"Great Kiskadee","Pitangus sulphuratus","#7d4410","avian","https://media.birdweather.com/species/229/GreatKiskadee-standard-cd28a1b8e8b8e5aed433e809c229004e.jpg","https://media.birdweather.com/species/229/GreatKiskadee-thumbnail-b2749ed2442fb322cf3c4cb72f9c97f6.jpg","https://media.birdweather.com/species/229/GreatKiskadee-png200-003973af4f863deb00a4ce9b6f10e59c.png","0PgFDwIrhYqfZJh1mVe3SZZ3uKEJBncG",17409577099,"https://media.birdweather.com/soundscapes/19267/19267-20260926-181441.flac",6,9,"live"
11389502087,19267,"2026-09-26T12:14:42.500-06:00",0.89779657125473,0.75652289390564,9.34409456503879,"almost_certain","BirdNET",NA,10.2198,-83.7874,FALSE,229,"Great Kiskadee","Pitangus sulphuratus","#7d4410","avian","https://media.birdweather.com/species/229/GreatKiskadee-standard-cd28a1b8e8b8e5aed433e809c229004e.jpg","https://media.birdweather.com/species/229/GreatKiskadee-thumbnail-b2749ed2442fb322cf3c4cb72f9c97f6.jpg","https://media.birdweather.com/species/229/GreatKiskadee-png200-003973af4f863deb00a4ce9b6f10e59c.png","0PgFDwIrhYqfZJh1mVe3SZZ3uKEJBncG",17409577099,"https://media.birdweather.com/soundscapes/19267/19267-20260926-181441.flac",1.5,4.5,"live"
11389385487,19267,"2026-09-26T12:07:04.000-06:00",0.817061543464661,0.218186348676682,7.4852914987891,"almost_certain","BirdNET",NA,10.2198,-83.7874,FALSE,3766,"Crimson-fronted Parakeet","Psittacara finschi","#65ad00","avian","https://media.birdweather.com/species/3766/Crimson-frontedParakeet-standard-ddc77fa728634b78b78a31cc430f7895.jpg","https://media.birdweather.com/species/3766/Crimson-frontedParakeet-thumbnail-df6cfd5712c254c532e4f60547260885.jpg","https://media.birdweather.com/species/3766/Crimson-frontedParakeet-png200-7ac02114402521892623f1f6b95ca6c2.png","1PgJHwR1hXZghIXBaJmliYSndzA49JgL",17409348605,"https://media.birdweather.com/soundscapes/19267/19267-20260926-180704.flac",0,3,"live"
11388793530,19267,"2026-09-26T11:30:41.000-06:00",0.86022412776947,0.756523728370667,9.25516444857095,"almost_certain","BirdNET",NA,10.2198,-83.7874,FALSE,229,"Great Kiskadee","Pitangus sulphuratus","#7d4410","avian","https://media.birdweather.com/species/229/GreatKiskadee-standard-cd28a1b8e8b8e5aed433e809c229004e.jpg","https://media.birdweather.com/species/229/GreatKiskadee-thumbnail-b2749ed2442fb322cf3c4cb72f9c97f6.jpg","https://media.birdweather.com/species/229/GreatKiskadee-png200-003973af4f863deb00a4ce9b6f10e59c.png","0PgFDwIrhYqfZJh1mVe3SZZ3uKEJBncG",17408253761,"https://media.birdweather.com/soundscapes/19267/19267-20260926-173041.flac",0,3,"live"
11388667167,19267,"2026-09-26T11:23:15.500-06:00",0.945816814899445,0.756527304649353,9.44995602037448,"almost_certain","BirdNET",NA,10.2198,-83.7874,FALSE,229,"Great Kiskadee","Pitangus sulphuratus","#7d4410","avian","https://media.birdweather.com/species/229/GreatKiskadee-standard-cd28a1b8e8b8e5aed433e809c229004e.jpg","https://media.birdweather.com/species/229/GreatKiskadee-thumbnail-b2749ed2442fb322cf3c4cb72f9c97f6.jpg","https://media.birdweather.com/species/229/GreatKiskadee-png200-003973af4f863deb00a4ce9b6f10e59c.png","0PgFDwIrhYqfZJh1mVe3SZZ3uKEJBncG",17408029919,"https://media.birdweather.com/soundscapes/19267/19267-20260926-172314.flac",1.5,4.5,"live"
11388667162,19267,"2026-09-26T11:23:14.000-06:00",0.951465487480164,0.756527304649353,9.46188670088832,"almost_certain","BirdNET",NA,10.2198,-83.7874,FALSE,229,"Great Kiskadee","Pitangus sulphuratus","#7d4410","avian","https://media.birdweather.com/species/229/GreatKiskadee-standard-cd28a1b8e8b8e5aed433e809c229004e.jpg","https://media.birdweather.com/species/229/GreatKiskadee-thumbnail-b2749ed2442fb322cf3c4cb72f9c97f6.jpg","https://media.birdweather.com/species/229/GreatKiskadee-png200-003973af4f863deb00a4ce9b6f10e59c.png","0PgFDwIrhYqfZJh1mVe3SZZ3uKEJBncG",17408029919,"https://media.birdweather.com/soundscapes/19267/19267-20260926-172314.flac",0,3,"live"
11388656107,19267,"2026-09-26T11:22:37.000-06:00",0.730102896690369,0.756527304649353,8.89306277413546,"almost_certain","BirdNET",NA,10.2198,-83.7874,FALSE,229,"Great Kiskadee","Pitangus sulphuratus","#7d4410","avian","https://media.birdweather.com/species/229/GreatKiskadee-standard-cd28a1b8e8b8e5aed433e809c229004e.jpg","https://media.birdweather.com/species/229/GreatKiskadee-thumbnail-b2749ed2442fb322cf3c4cb72f9c97f6.jpg","https://media.birdweather.com/species/229/GreatKiskadee-png200-003973af4f863deb00a4ce9b6f10e59c.png","0PgFDwIrhYqfZJh1mVe3SZZ3uKEJBncG",17408009993,"https://media.birdweather.com/soundscapes/19267/19267-20260926-172234.flac",3,6,"live"
11388637512,19267,"2026-09-26T11:21:33.000-06:00",0.966135442256927,0.756527304649353,9.49239467657454,"almost_certain","BirdNET",NA,10.2198,-83.7874,FALSE,229,"Great Kiskadee","Pitangus sulphuratus","#7d4410","avian","https://media.birdweather.com/species/229/GreatKiskadee-standard-cd28a1b8e8b8e5aed433e809c229004e.jpg","https://media.birdweather.com/species/229/GreatKiskadee-thumbnail-b2749ed2442fb322cf3c4cb72f9c97f6.jpg","https://media.birdweather.com/species/229/GreatKiskadee-png200-003973af4f863deb00a4ce9b6f10e59c.png","0PgFDwIrhYqfZJh1mVe3SZZ3uKEJBncG",17407976087,"https://media.birdweather.com/soundscapes/19267/19267-20260926-172127.flac",6,9,"live"
11388637510,19267,"2026-09-26T11:21:31.500-06:00",0.926875293254852,0.756527304649353,9.40917349214319,"almost_certain","BirdNET",NA,10.2198,-83.7874,FALSE,229,"Great Kiskadee","Pitangus sulphuratus","#7d4410","avian","https://media.birdweather.com/species/229/GreatKiskadee-standard-cd28a1b8e8b8e5aed433e809c229004e.jpg","https://media.birdweather.com/species/229/GreatKiskadee-thumbnail-b2749ed2442fb322cf3c4cb72f9c97f6.jpg","https://media.birdweather.com/species/229/GreatKiskadee-png200-003973af4f863deb00a4ce9b6f10e59c.png","0PgFDwIrhYqfZJh1mVe3SZZ3uKEJBncG",17407976087,"https://media.birdweather.com/soundscapes/19267/19267-20260926-172127.flac",4.5,7.5,"live"
11388637508,19267,"2026-09-26T11:21:30.000-06:00",0.93441504240036,0.756527304649353,9.42555287614091,"almost_certain","BirdNET",NA,10.2198,-83.7874,FALSE,229,"Great Kiskadee","Pitangus sulphuratus","#7d4410","avian","https://media.birdweather.com/species/229/GreatKiskadee-standard-cd28a1b8e8b8e5aed433e809c229004e.jpg","https://media.birdweather.com/species/229/GreatKiskadee-thumbnail-b2749ed2442fb322cf3c4cb72f9c97f6.jpg","https://media.birdweather.com/species/229/GreatKiskadee-png200-003973af4f863deb00a4ce9b6f10e59c.png","0PgFDwIrhYqfZJh1mVe3SZZ3uKEJBncG",17407976087,"https://media.birdweather.com/soundscapes/19267/19267-20260926-172127.flac",3,6,"live"
11388637507,19267,"2026-09-26T11:21:28.500-06:00",0.979315638542175,0.756527304649353,9.51923689596746,"almost_certain","BirdNET",NA,10.2198,-83.7874,FALSE,229,"Great Kiskadee","Pitangus sulphuratus","#7d4410","avian","https://media.birdweather.com/species/229/GreatKiskadee-standard-cd28a1b8e8b8e5aed433e809c229004e.jpg","https://media.birdweather.com/species/229/GreatKiskadee-thumbnail-b2749ed2442fb322cf3c4cb72f9c97f6.jpg","https://media.birdweather.com/species/229/GreatKiskadee-png200-003973af4f863deb00a4ce9b6f10e59c.png","0PgFDwIrhYqfZJh1mVe3SZZ3uKEJBncG",17407976087,"https://media.birdweather.com/soundscapes/19267/19267-20260926-172127.flac",1.5,4.5,"live"
11388637506,19267,"2026-09-26T11:21:27.000-06:00",0.872977077960968,0.756527304649353,9.28600786973798,"almost_certain","BirdNET",NA,10.2198,-83.7874,FALSE,229,"Great Kiskadee","Pitangus sulphuratus","#7d4410","avian","https://media.birdweather.com/species/229/GreatKiskadee-standard-cd28a1b8e8b8e5aed433e809c229004e.jpg","https://media.birdweather.com/species/229/GreatKiskadee-thumbnail-b2749ed2442fb322cf3c4cb72f9c97f6.jpg","https://media.birdweather.com/species/229/GreatKiskadee-png200-003973af4f863deb00a4ce9b6f10e59c.png","0PgFDwIrhYqfZJh1mVe3SZZ3uKEJBncG",17407976087,"https://media.birdweather.com/soundscapes/19267/19267-20260926-172127.flac",0,3,"live"
11388574923,19267,"2026-09-26T11:17:46.000-06:00",0.976989209651947,0.756530106067657,9.51454205872797,"almost_certain","BirdNET",NA,10.2198,-83.7874,FALSE,229,"Great Kiskadee","Pitangus sulphuratus","#7d4410","avian","https://media.birdweather.com/species/229/GreatKiskadee-standard-cd28a1b8e8b8e5aed433e809c229004e.jpg","https://media.birdweather.com/species/229/GreatKiskadee-thumbnail-b2749ed2442fb322cf3c4cb72f9c97f6.jpg","https://media.birdweather.com/species/229/GreatKiskadee-png200-003973af4f863deb00a4ce9b6f10e59c.png","0PgFDwIrhYqfZJh1mVe3SZZ3uKEJBncG",17407862238,"https://media.birdweather.com/soundscapes/19267/19267-20260926-171740.flac",6,9,"live"
11388574920,19267,"2026-09-26T11:17:44.500-06:00",0.968912601470947,0.756530106067657,9.49809942385192,"almost_certain","BirdNET",NA,10.2198,-83.7874,FALSE,229,"Great Kiskadee","Pitangus sulphuratus","#7d4410","avian","https://media.birdweather.com/species/229/GreatKiskadee-standard-cd28a1b8e8b8e5aed433e809c229004e.jpg","https://media.birdweather.com/species/229/GreatKiskadee-thumbnail-b2749ed2442fb322cf3c4cb72f9c97f6.jpg","https://media.birdweather.com/species/229/GreatKiskadee-png200-003973af4f863deb00a4ce9b6f10e59c.png","0PgFDwIrhYqfZJh1mVe3SZZ3uKEJBncG",17407862238,"https://media.birdweather.com/soundscapes/19267/19267-20260926-171740.flac",4.5,7.5,"live"
11388574916,19267,"2026-09-26T11:17:43.000-06:00",0.968051552772522,0.756530106067657,9.49633477387803,"almost_certain","BirdNET",NA,10.2198,-83.7874,FALSE,229,"Great Kiskadee","Pitangus sulphuratus","#7d4410","avian","https://media.birdweather.com/species/229/GreatKiskadee-standard-cd28a1b8e8b8e5aed433e809c229004e.jpg","https://media.birdweather.com/species/229/GreatKiskadee-thumbnail-b2749ed2442fb322cf3c4cb72f9c97f6.jpg","https://media.birdweather.com/species/229/GreatKiskadee-png200-003973af4f863deb00a4ce9b6f10e59c.png","0PgFDwIrhYqfZJh1mVe3SZZ3uKEJBncG",17407862238,"https://media.birdweather.com/soundscapes/19267/19267-20260926-171740.flac",3,6,"live"
11388574913,19267,"2026-09-26T11:17:41.500-06:00",0.97257262468338,0.756530106067657,9.50557508462702,"almost_certain","BirdNET",NA,10.2198,-83.7874,FALSE,229,"Great Kiskadee","Pitangus sulphuratus","#7d4410","avian","https://media.birdweather.com/species/229/GreatKiskadee-standard-cd28a1b8e8b8e5aed433e809c229004e.jpg","https://media.birdweather.com/species/229/GreatKiskadee-thumbnail-b2749ed2442fb322cf3c4cb72f9c97f6.jpg","https://media.birdweather.com/species/229/GreatKiskadee-png200-003973af4f863deb00a4ce9b6f10e59c.png","0PgFDwIrhYqfZJh1mVe3SZZ3uKEJBncG",17407862238,"https://media.birdweather.com/soundscapes/19267/19267-20260926-171740.flac",1.5,4.5,"live"
11388574906,19267,"2026-09-26T11:17:40.000-06:00",0.8973628282547,0.756530106067657,9.34311306411347,"almost_certain","BirdNET",NA,10.2198,-83.7874,FALSE,229,"Great Kiskadee","Pitangus sulphuratus","#7d4410","avian","https://media.birdweather.com/species/229/GreatKiskadee-standard-cd28a1b8e8b8e5aed433e809c229004e.jpg","https://media.birdweather.com/species/229/GreatKiskadee-thumbnail-b2749ed2442fb322cf3c4cb72f9c97f6.jpg","https://media.birdweather.com/species/229/GreatKiskadee-png200-003973af4f863deb00a4ce9b6f10e59c.png","0PgFDwIrhYqfZJh1mVe3SZZ3uKEJBncG",17407862238,"https://media.birdweather.com/soundscapes/19267/19267-20260926-171740.flac",0,3,"live"
11388570930,19267,"2026-09-26T11:17:31.000-06:00",0.971336960792542,0.756530106067657,9.50305577823053,"almost_certain","BirdNET",NA,10.2198,-83.7874,FALSE,229,"Great Kiskadee","Pitangus sulphuratus","#7d4410","avian","https://media.birdweather.com/species/229/GreatKiskadee-standard-cd28a1b8e8b8e5aed433e809c229004e.jpg","https://media.birdweather.com/species/229/GreatKiskadee-thumbnail-b2749ed2442fb322cf3c4cb72f9c97f6.jpg","https://media.birdweather.com/species/229/GreatKiskadee-png200-003973af4f863deb00a4ce9b6f10e59c.png","0PgFDwIrhYqfZJh1mVe3SZZ3uKEJBncG",17407855308,"https://media.birdweather.com/soundscapes/19267/19267-20260926-171725.flac",6,9,"live"
11388570926,19267,"2026-09-26T11:17:29.500-06:00",0.945320606231689,0.756530106067657,9.44890799312285,"almost_certain","BirdNET",NA,10.2198,-83.7874,FALSE,229,"Great Kiskadee","Pitangus sulphuratus","#7d4410","avian","https://media.birdweather.com/species/229/GreatKiskadee-standard-cd28a1b8e8b8e5aed433e809c229004e.jpg","https://media.birdweather.com/species/229/GreatKiskadee-thumbnail-b2749ed2442fb322cf3c4cb72f9c97f6.jpg","https://media.birdweather.com/species/229/GreatKiskadee-png200-003973af4f863deb00a4ce9b6f10e59c.png","0PgFDwIrhYqfZJh1mVe3SZZ3uKEJBncG",17407855308,"https://media.birdweather.com/soundscapes/19267/19267-20260926-171725.flac",4.5,7.5,"live"
11388570921,19267,"2026-09-26T11:17:28.000-06:00",0.943589925765991,0.756530106067657,9.44522886473634,"almost_certain","BirdNET",NA,10.2198,-83.7874,FALSE,229,"Great Kiskadee","Pitangus sulphuratus","#7d4410","avian","https://media.birdweather.com/species/229/GreatKiskadee-standard-cd28a1b8e8b8e5aed433e809c229004e.jpg","https://media.birdweather.com/species/229/GreatKiskadee-thumbnail-b2749ed2442fb322cf3c4cb72f9c97f6.jpg","https://media.birdweather.com/species/229/GreatKiskadee-png200-003973af4f863deb00a4ce9b6f10e59c.png","0PgFDwIrhYqfZJh1mVe3SZZ3uKEJBncG",17407855308,"https://media.birdweather.com/soundscapes/19267/19267-20260926-171725.flac",3,6,"live"
11388570915,19267,"2026-09-26T11:17:26.500-06:00",0.969746768474579,0.756530106067657,9.4998068170373,"almost_certain","BirdNET",NA,10.2198,-83.7874,FALSE,229,"Great Kiskadee","Pitangus sulphuratus","#7d4410","avian","https://media.birdweather.com/species/229/GreatKiskadee-standard-cd28a1b8e8b8e5aed433e809c229004e.jpg","https://media.birdweather.com/species/229/GreatKiskadee-thumbnail-b2749ed2442fb322cf3c4cb72f9c97f6.jpg","https://media.birdweather.com/species/229/GreatKiskadee-png200-003973af4f863deb00a4ce9b6f10e59c.png","0PgFDwIrhYqfZJh1mVe3SZZ3uKEJBncG",17407855308,"https://media.birdweather.com/soundscapes/19267/19267-20260926-171725.flac",1.5,4.5,"live"
11388570911,19267,"2026-09-26T11:17:25.000-06:00",0.958194196224213,0.756530106067657,9.47596927651079,"almost_certain","BirdNET",NA,10.2198,-83.7874,FALSE,229,"Great Kiskadee","Pitangus sulphuratus","#7d4410","avian","https://media.birdweather.com/species/229/GreatKiskadee-standard-cd28a1b8e8b8e5aed433e809c229004e.jpg","https://media.birdweather.com/species/229/GreatKiskadee-thumbnail-b2749ed2442fb322cf3c4cb72f9c97f6.jpg","https://media.birdweather.com/species/229/GreatKiskadee-png200-003973af4f863deb00a4ce9b6f10e59c.png","0PgFDwIrhYqfZJh1mVe3SZZ3uKEJBncG",17407855308,"https://media.birdweather.com/soundscapes/19267/19267-20260926-171725.flac",0,3,"live"
11388562584,19267,"2026-09-26T11:17:02.000-06:00",0.977601051330566,0.756530106067657,9.51577966271916,"almost_certain","BirdNET",NA,10.2198,-83.7874,FALSE,229,"Great Kiskadee","Pitangus sulphuratus","#7d4410","avian","https://media.birdweather.com/species/229/GreatKiskadee-standard-cd28a1b8e8b8e5aed433e809c229004e.jpg","https://media.birdweather.com/species/229/GreatKiskadee-thumbnail-b2749ed2442fb322cf3c4cb72f9c97f6.jpg","https://media.birdweather.com/species/229/GreatKiskadee-png200-003973af4f863deb00a4ce9b6f10e59c.png","0PgFDwIrhYqfZJh1mVe3SZZ3uKEJBncG",17407840702,"https://media.birdweather.com/soundscapes/19267/19267-20260926-171656.flac",6,9,"live"
11388562581,19267,"2026-09-26T11:17:00.500-06:00",0.989629805088043,0.756530106067657,9.53988651749751,"almost_certain","BirdNET",NA,10.2198,-83.7874,FALSE,229,"Great Kiskadee","Pitangus sulphuratus","#7d4410","avian","https://media.birdweather.com/species/229/GreatKiskadee-standard-cd28a1b8e8b8e5aed433e809c229004e.jpg","https://media.birdweather.com/species/229/GreatKiskadee-thumbnail-b2749ed2442fb322cf3c4cb72f9c97f6.jpg","https://media.birdweather.com/species/229/GreatKiskadee-png200-003973af4f863deb00a4ce9b6f10e59c.png","0PgFDwIrhYqfZJh1mVe3SZZ3uKEJBncG",17407840702,"https://media.birdweather.com/soundscapes/19267/19267-20260926-171656.flac",4.5,7.5,"live"
11388562575,19267,"2026-09-26T11:16:59.000-06:00",0.988048851490021,0.756530106067657,9.53674223218876,"almost_certain","BirdNET",NA,10.2198,-83.7874,FALSE,229,"Great Kiskadee","Pitangus sulphuratus","#7d4410","avian","https://media.birdweather.com/species/229/GreatKiskadee-standard-cd28a1b8e8b8e5aed433e809c229004e.jpg","https://media.birdweather.com/species/229/GreatKiskadee-thumbnail-b2749ed2442fb322cf3c4cb72f9c97f6.jpg","https://media.birdweather.com/species/229/GreatKiskadee-png200-003973af4f863deb00a4ce9b6f10e59c.png","0PgFDwIrhYqfZJh1mVe3SZZ3uKEJBncG",17407840702,"https://media.birdweather.com/soundscapes/19267/19267-20260926-171656.flac",3,6,"live"
11388562572,19267,"2026-09-26T11:16:57.500-06:00",0.947245597839355,0.756530106067657,9.45298862039587,"almost_certain","BirdNET",NA,10.2198,-83.7874,FALSE,229,"Great Kiskadee","Pitangus sulphuratus","#7d4410","avian","https://media.birdweather.com/species/229/GreatKiskadee-standard-cd28a1b8e8b8e5aed433e809c229004e.jpg","https://media.birdweather.com/species/229/GreatKiskadee-thumbnail-b2749ed2442fb322cf3c4cb72f9c97f6.jpg","https://media.birdweather.com/species/229/GreatKiskadee-png200-003973af4f863deb00a4ce9b6f10e59c.png","0PgFDwIrhYqfZJh1mVe3SZZ3uKEJBncG",17407840702,"https://media.birdweather.com/soundscapes/19267/19267-20260926-171656.flac",1.5,4.5,"live"
11388562567,19267,"2026-09-26T11:16:56.000-06:00",0.97246390581131,0.756530106067657,9.5053536113039,"almost_certain","BirdNET",NA,10.2198,-83.7874,FALSE,229,"Great Kiskadee","Pitangus sulphuratus","#7d4410","avian","https://media.birdweather.com/species/229/GreatKiskadee-standard-cd28a1b8e8b8e5aed433e809c229004e.jpg","https://media.birdweather.com/species/229/GreatKiskadee-thumbnail-b2749ed2442fb322cf3c4cb72f9c97f6.jpg","https://media.birdweather.com/species/229/GreatKiskadee-png200-003973af4f863deb00a4ce9b6f10e59c.png","0PgFDwIrhYqfZJh1mVe3SZZ3uKEJBncG",17407840702,"https://media.birdweather.com/soundscapes/19267/19267-20260926-171656.flac",0,3,"live"
11388418048,19267,"2026-09-26T11:08:27.500-06:00",0.71746152639389,0.0729588344693184,5.80596246118677,"almost_certain","BirdNET",NA,10.2198,-83.7874,FALSE,2404,"Stripe-headed Sparrow","Peucaea ruficauda","#a70240","avian","https://media.birdweather.com/species/2404/Stripe-headedSparrow-standard-0172ab84e0b6f7b2b75439fc4d4a7881.jpg","https://media.birdweather.com/species/2404/Stripe-headedSparrow-thumbnail-5e3186d415a9d4485f612f43c2b9d6f9.jpg","https://media.birdweather.com/species/2404/Stripe-headedSparrow-png200-71ee9a96867650a2ae288331bbd84258.png","VggGFwJ2+rS3u4mJWLpVeKeJN/XkH2IB",17407583221,"https://media.birdweather.com/soundscapes/19267/19267-20260926-170823.flac",4.5,7.5,"live"
11388317601,19267,"2026-09-26T11:02:28.000-06:00",0.847325265407562,0.537799656391144,8.76299236499226,"almost_certain","BirdNET",NA,10.2198,-83.7874,FALSE,802,"Rufous-tailed Hummingbird","Amazilia tzacatl","#d9c845","avian","https://media.birdweather.com/species/802/Rufous-tailedHummingbird-standard-4d0209b50ad0c35c6d8337f5c0c16b55.jpg","https://media.birdweather.com/species/802/Rufous-tailedHummingbird-thumbnail-fbf17400c31564f70aa45927c5d75f5e.jpg","https://media.birdweather.com/species/802/Rufous-tailedHummingbird-png200-8ea431c9893cfe027e92471791a8c256.png","mPkJFwIHqJeJl4lriIaGhYh3+H+oVGAH",17407404848,"https://media.birdweather.com/soundscapes/19267/19267-20260926-170228.flac",0,3,"live"
11387794795,19267,"2026-09-26T10:32:24.000-06:00",0.948863506317139,0.368238180875778,8.48870959107166,"almost_certain","BirdNET",NA,10.2198,-83.7874,FALSE,321,"Palm Tanager","Thraupis palmarum","#008efd","avian","https://media.birdweather.com/species/321/PalmTanager-standard-cbade2e4973d8cb57c4014568207591d.jpg","https://media.birdweather.com/species/321/PalmTanager-thumbnail-66ffacacc3b9c5f5dad0cf97c949e40f.jpg","https://media.birdweather.com/species/321/PalmTanager-png200-100c123f8e9a99aad801e3e79a865873.png","lvkJHwR/d2lneYlEp0hrx2iL+XtlNZgA",17406496046,"https://media.birdweather.com/soundscapes/19267/19267-20260926-163221.flac",3,6,"live"
11387794788,19267,"2026-09-26T10:32:21.000-06:00",0.948433935642242,0.368238180875778,8.48780230207674,"almost_certain","BirdNET",NA,10.2198,-83.7874,FALSE,321,"Palm Tanager","Thraupis palmarum","#008efd","avian","https://media.birdweather.com/species/321/PalmTanager-standard-cbade2e4973d8cb57c4014568207591d.jpg","https://media.birdweather.com/species/321/PalmTanager-thumbnail-66ffacacc3b9c5f5dad0cf97c949e40f.jpg","https://media.birdweather.com/species/321/PalmTanager-png200-100c123f8e9a99aad801e3e79a865873.png","lvkJHwR/d2lneYlEp0hrx2iL+XtlNZgA",17406496046,"https://media.birdweather.com/soundscapes/19267/19267-20260926-163221.flac",0,3,"live"
11387783275,19267,"2026-09-26T10:31:42.500-06:00",0.803004741668701,0.368238180875778,8.13987637711235,"almost_certain","BirdNET",NA,10.2198,-83.7874,FALSE,321,"Palm Tanager","Thraupis palmarum","#008efd","avian","https://media.birdweather.com/species/321/PalmTanager-standard-cbade2e4973d8cb57c4014568207591d.jpg","https://media.birdweather.com/species/321/PalmTanager-thumbnail-66ffacacc3b9c5f5dad0cf97c949e40f.jpg","https://media.birdweather.com/species/321/PalmTanager-png200-100c123f8e9a99aad801e3e79a865873.png","lvkJHwR/d2lneYlEp0hrx2iL+XtlNZgA",17406475823,"https://media.birdweather.com/soundscapes/19267/19267-20260926-163141.flac",1.5,4.5,"live"
11387723818,19267,"2026-09-26T10:28:25.000-06:00",0.866884231567383,0.75652289390564,9.27135385542604,"almost_certain","BirdNET",NA,10.2198,-83.7874,FALSE,229,"Great Kiskadee","Pitangus sulphuratus","#7d4410","avian","https://media.birdweather.com/species/229/GreatKiskadee-standard-cd28a1b8e8b8e5aed433e809c229004e.jpg","https://media.birdweather.com/species/229/GreatKiskadee-thumbnail-b2749ed2442fb322cf3c4cb72f9c97f6.jpg","https://media.birdweather.com/species/229/GreatKiskadee-png200-003973af4f863deb00a4ce9b6f10e59c.png","0PgFDwIrhYqfZJh1mVe3SZZ3uKEJBncG",17406374121,"https://media.birdweather.com/soundscapes/19267/19267-20260926-162819.flac",6,9,"live"
11386988029,19267,"2026-09-26T09:46:37.500-06:00",0.708980083465576,0.107769556343555,6.25786978393335,"almost_certain","BirdNET",NA,10.2198,-83.7874,FALSE,603,"Tropical Mockingbird","Mimus gilvus","#006e2a","avian","https://media.birdweather.com/species/603/TropicalMockingbird-standard-33be42788a38707b12f757d28526a492.jpg","https://media.birdweather.com/species/603/TropicalMockingbird-thumbnail-4f6417f6928c80a2cb70eb341f54fd79.jpg","https://media.birdweather.com/species/603/TropicalMockingbird-png200-9e94d27578943cfad1e7923fe23d2300.png","q+cJFwL4VohclXidhXh5aJh4qDAaGKYA",17405113855,"https://media.birdweather.com/soundscapes/19267/19267-20260926-154636.flac",1.5,4.5,"live"
11386676108,19267,"2026-09-26T09:29:23.500-06:00",0.846345007419586,0.368236780166626,8.2531032573358,"almost_certain","BirdNET",NA,10.2198,-83.7874,FALSE,321,"Palm Tanager","Thraupis palmarum","#008efd","avian","https://media.birdweather.com/species/321/PalmTanager-standard-cbade2e4973d8cb57c4014568207591d.jpg","https://media.birdweather.com/species/321/PalmTanager-thumbnail-66ffacacc3b9c5f5dad0cf97c949e40f.jpg","https://media.birdweather.com/species/321/PalmTanager-png200-100c123f8e9a99aad801e3e79a865873.png","lvkJHwR/d2lneYlEp0hrx2iL+XtlNZgA",17404592997,"https://media.birdweather.com/soundscapes/19267/19267-20260926-152919.flac",4.5,7.5,"live"
11386594130,19267,"2026-09-26T09:25:01.000-06:00",0.974879741668701,0.783958494663239,9.55843191507427,"almost_certain","BirdNET",NA,10.2198,-83.7874,FALSE,547,"Clay-colored Thrush","Turdus grayi","#6a35aa","avian","https://media.birdweather.com/species/547/Clay-coloredThrush-standard-6bfc97468790235aef16f793d0f164d2.jpg","https://media.birdweather.com/species/547/Clay-coloredThrush-thumbnail-a430288208e6c65f3790075ad1f1192e.jpg","https://media.birdweather.com/species/547/Clay-coloredThrush-png200-1247890112c02c6395175d20c306cf45.png","m/gFDwZ7toiKZoh0hQl26Wx8OeevSGcA",17404460178,"https://media.birdweather.com/soundscapes/19267/19267-20260926-152455.flac",6,9,"live"
11386594128,19267,"2026-09-26T09:24:59.500-06:00",0.929603457450867,0.783958494663239,9.46329318856769,"almost_certain","BirdNET",NA,10.2198,-83.7874,FALSE,547,"Clay-colored Thrush","Turdus grayi","#6a35aa","avian","https://media.birdweather.com/species/547/Clay-coloredThrush-standard-6bfc97468790235aef16f793d0f164d2.jpg","https://media.birdweather.com/species/547/Clay-coloredThrush-thumbnail-a430288208e6c65f3790075ad1f1192e.jpg","https://media.birdweather.com/species/547/Clay-coloredThrush-png200-1247890112c02c6395175d20c306cf45.png","m/gFDwZ7toiKZoh0hQl26Wx8OeevSGcA",17404460178,"https://media.birdweather.com/soundscapes/19267/19267-20260926-152455.flac",4.5,7.5,"live"
11386425602,19267,"2026-09-26T09:15:51.500-06:00",0.752350807189941,0.75652015209198,8.96214392136013,"almost_certain","BirdNET",NA,10.2198,-83.7874,FALSE,229,"Great Kiskadee","Pitangus sulphuratus","#7d4410","avian","https://media.birdweather.com/species/229/GreatKiskadee-standard-cd28a1b8e8b8e5aed433e809c229004e.jpg","https://media.birdweather.com/species/229/GreatKiskadee-thumbnail-b2749ed2442fb322cf3c4cb72f9c97f6.jpg","https://media.birdweather.com/species/229/GreatKiskadee-png200-003973af4f863deb00a4ce9b6f10e59c.png","0PgFDwIrhYqfZJh1mVe3SZZ3uKEJBncG",17404184562,"https://media.birdweather.com/soundscapes/19267/19267-20260926-151547.flac",4.5,7.5,"live"
11386425591,19267,"2026-09-26T09:15:47.000-06:00",0.805401146411896,0.75652015209198,9.11406933480776,"almost_certain","BirdNET",NA,10.2198,-83.7874,FALSE,229,"Great Kiskadee","Pitangus sulphuratus","#7d4410","avian","https://media.birdweather.com/species/229/GreatKiskadee-standard-cd28a1b8e8b8e5aed433e809c229004e.jpg","https://media.birdweather.com/species/229/GreatKiskadee-thumbnail-b2749ed2442fb322cf3c4cb72f9c97f6.jpg","https://media.birdweather.com/species/229/GreatKiskadee-png200-003973af4f863deb00a4ce9b6f10e59c.png","0PgFDwIrhYqfZJh1mVe3SZZ3uKEJBncG",17404184562,"https://media.birdweather.com/soundscapes/19267/19267-20260926-151547.flac",0,3,"live"
11386421879,19267,"2026-09-26T09:15:29.000-06:00",0.74279522895813,0.75652015209198,8.93289363382788,"almost_certain","BirdNET",NA,10.2198,-83.7874,FALSE,229,"Great Kiskadee","Pitangus sulphuratus","#7d4410","avian","https://media.birdweather.com/species/229/GreatKiskadee-standard-cd28a1b8e8b8e5aed433e809c229004e.jpg","https://media.birdweather.com/species/229/GreatKiskadee-thumbnail-b2749ed2442fb322cf3c4cb72f9c97f6.jpg","https://media.birdweather.com/species/229/GreatKiskadee-png200-003973af4f863deb00a4ce9b6f10e59c.png","0PgFDwIrhYqfZJh1mVe3SZZ3uKEJBncG",17404178261,"https://media.birdweather.com/soundscapes/19267/19267-20260926-151523.flac",6,9,"live"
11386421875,19267,"2026-09-26T09:15:27.500-06:00",0.781220376491547,0.75652015209198,9.04690215997798,"almost_certain","BirdNET",NA,10.2198,-83.7874,FALSE,229,"Great Kiskadee","Pitangus sulphuratus","#7d4410","avian","https://media.birdweather.com/species/229/GreatKiskadee-standard-cd28a1b8e8b8e5aed433e809c229004e.jpg","https://media.birdweather.com/species/229/GreatKiskadee-thumbnail-b2749ed2442fb322cf3c4cb72f9c97f6.jpg","https://media.birdweather.com/species/229/GreatKiskadee-png200-003973af4f863deb00a4ce9b6f10e59c.png","0PgFDwIrhYqfZJh1mVe3SZZ3uKEJBncG",17404178261,"https://media.birdweather.com/soundscapes/19267/19267-20260926-151523.flac",4.5,7.5,"live"
11386410364,19267,"2026-09-26T09:14:50.000-06:00",0.744436383247375,0.75652015209198,8.93796194724157,"almost_certain","BirdNET",NA,10.2198,-83.7874,FALSE,229,"Great Kiskadee","Pitangus sulphuratus","#7d4410","avian","https://media.birdweather.com/species/229/GreatKiskadee-standard-cd28a1b8e8b8e5aed433e809c229004e.jpg","https://media.birdweather.com/species/229/GreatKiskadee-thumbnail-b2749ed2442fb322cf3c4cb72f9c97f6.jpg","https://media.birdweather.com/species/229/GreatKiskadee-png200-003973af4f863deb00a4ce9b6f10e59c.png","0PgFDwIrhYqfZJh1mVe3SZZ3uKEJBncG",17404159274,"https://media.birdweather.com/soundscapes/19267/19267-20260926-151444.flac",6,9,"live"
11386139631,19267,"2026-09-26T09:00:24.000-06:00",0.746157824993134,0.756523370742798,8.94326389005023,"almost_certain","BirdNET",NA,10.2198,-83.7874,FALSE,229,"Great Kiskadee","Pitangus sulphuratus","#7d4410","avian","https://media.birdweather.com/species/229/GreatKiskadee-standard-cd28a1b8e8b8e5aed433e809c229004e.jpg","https://media.birdweather.com/species/229/GreatKiskadee-thumbnail-b2749ed2442fb322cf3c4cb72f9c97f6.jpg","https://media.birdweather.com/species/229/GreatKiskadee-png200-003973af4f863deb00a4ce9b6f10e59c.png","0PgFDwIrhYqfZJh1mVe3SZZ3uKEJBncG",17403718930,"https://media.birdweather.com/soundscapes/19267/19267-20260926-150018.flac",6,9,"live"
11386139627,19267,"2026-09-26T09:00:22.500-06:00",0.847806334495544,0.756523370742798,9.22445510657882,"almost_certain","BirdNET",NA,10.2198,-83.7874,FALSE,229,"Great Kiskadee","Pitangus sulphuratus","#7d4410","avian","https://media.birdweather.com/species/229/GreatKiskadee-standard-cd28a1b8e8b8e5aed433e809c229004e.jpg","https://media.birdweather.com/species/229/GreatKiskadee-thumbnail-b2749ed2442fb322cf3c4cb72f9c97f6.jpg","https://media.birdweather.com/species/229/GreatKiskadee-png200-003973af4f863deb00a4ce9b6f10e59c.png","0PgFDwIrhYqfZJh1mVe3SZZ3uKEJBncG",17403718930,"https://media.birdweather.com/soundscapes/19267/19267-20260926-150018.flac",4.5,7.5,"live"
11386139622,19267,"2026-09-26T09:00:21.000-06:00",0.846815347671509,0.756523370742798,9.22197451928193,"almost_certain","BirdNET",NA,10.2198,-83.7874,FALSE,229,"Great Kiskadee","Pitangus sulphuratus","#7d4410","avian","https://media.birdweather.com/species/229/GreatKiskadee-standard-cd28a1b8e8b8e5aed433e809c229004e.jpg","https://media.birdweather.com/species/229/GreatKiskadee-thumbnail-b2749ed2442fb322cf3c4cb72f9c97f6.jpg","https://media.birdweather.com/species/229/GreatKiskadee-png200-003973af4f863deb00a4ce9b6f10e59c.png","0PgFDwIrhYqfZJh1mVe3SZZ3uKEJBncG",17403718930,"https://media.birdweather.com/soundscapes/19267/19267-20260926-150018.flac",3,6,"live"
11386139619,19267,"2026-09-26T09:00:19.500-06:00",0.886930108070374,0.756523370742798,9.31896308538882,"almost_certain","BirdNET",NA,10.2198,-83.7874,FALSE,229,"Great Kiskadee","Pitangus sulphuratus","#7d4410","avian","https://media.birdweather.com/species/229/GreatKiskadee-standard-cd28a1b8e8b8e5aed433e809c229004e.jpg","https://media.birdweather.com/species/229/GreatKiskadee-thumbnail-b2749ed2442fb322cf3c4cb72f9c97f6.jpg","https://media.birdweather.com/species/229/GreatKiskadee-png200-003973af4f863deb00a4ce9b6f10e59c.png","0PgFDwIrhYqfZJh1mVe3SZZ3uKEJBncG",17403718930,"https://media.birdweather.com/soundscapes/19267/19267-20260926-150018.flac",1.5,4.5,"live"
11386139616,19267,"2026-09-26T09:00:18.000-06:00",0.75874274969101,0.756523370742798,8.9813729576093,"almost_certain","BirdNET",NA,10.2198,-83.7874,FALSE,229,"Great Kiskadee","Pitangus sulphuratus","#7d4410","avian","https://media.birdweather.com/species/229/GreatKiskadee-standard-cd28a1b8e8b8e5aed433e809c229004e.jpg","https://media.birdweather.com/species/229/GreatKiskadee-thumbnail-b2749ed2442fb322cf3c4cb72f9c97f6.jpg","https://media.birdweather.com/species/229/GreatKiskadee-png200-003973af4f863deb00a4ce9b6f10e59c.png","0PgFDwIrhYqfZJh1mVe3SZZ3uKEJBncG",17403718930,"https://media.birdweather.com/soundscapes/19267/19267-20260926-150018.flac",0,3,"live"
11386061532,19267,"2026-09-26T08:56:10.500-06:00",0.872488439083099,0.957506358623505,9.6038458230247,"almost_certain","BirdNET",NA,10.2198,-83.7874,FALSE,115,"Tropical Kingbird","Tyrannus melancholicus","#00b3a1","avian","https://media.birdweather.com/species/115/TropicalKingbird-standard-712bd41627c48fa23dafd70e7c83c2e4.jpg","https://media.birdweather.com/species/115/TropicalKingbird-thumbnail-d19e465885b300e6a764cb58df2c377e.jpg","https://media.birdweather.com/species/115/TropicalKingbird-png200-7879336d61c20ea19f905a307c05d2d1.png","G/kFDwLXdWqfdmeOkkq2uXmK16/aGV8M",17403591782,"https://media.birdweather.com/soundscapes/19267/19267-20260926-145606.flac",4.5,7.5,"live"
11386061530,19267,"2026-09-26T08:56:09.000-06:00",0.762635767459869,0.957506358623505,9.3119639304336,"almost_certain","BirdNET",NA,10.2198,-83.7874,FALSE,115,"Tropical Kingbird","Tyrannus melancholicus","#00b3a1","avian","https://media.birdweather.com/species/115/TropicalKingbird-standard-712bd41627c48fa23dafd70e7c83c2e4.jpg","https://media.birdweather.com/species/115/TropicalKingbird-thumbnail-d19e465885b300e6a764cb58df2c377e.jpg","https://media.birdweather.com/species/115/TropicalKingbird-png200-7879336d61c20ea19f905a307c05d2d1.png","G/kFDwLXdWqfdmeOkkq2uXmK16/aGV8M",17403591782,"https://media.birdweather.com/soundscapes/19267/19267-20260926-145606.flac",3,6,"live"
11385887442,19267,"2026-09-26T08:47:07.000-06:00",0.925497114658356,0.0268340762704611,5.24759596869168,"almost_certain","BirdNET",NA,10.2198,-83.7874,FALSE,2125,"Orange-collared Manakin","Manacus aurantiacus","#60d8d9","avian","https://media.birdweather.com/species/2125/Orange-collaredManakin-standard-4ee1b97d973d30332e729d49303250f9.jpg","https://media.birdweather.com/species/2125/Orange-collaredManakin-thumbnail-de5120d09d0c54efe6e3aea49b88d1d5.jpg","https://media.birdweather.com/species/2125/Orange-collaredManakin-png200-c18cd3a9e49f696cb7680e43aad501b9.png","lekFJwSuVmh26XQ62AtGiVZ4xgiVCboC",17403317945,"https://media.birdweather.com/soundscapes/19267/19267-20260926-144701.flac",6,9,"live"
11385810707,19267,"2026-09-26T08:42:59.000-06:00",0.974875330924988,0.552713453769684,9.08678586982585,"almost_certain","BirdNET",NA,10.2198,-83.7874,FALSE,121,"Social Flycatcher","Myiozetetes similis","#69b9ff","avian","https://media.birdweather.com/species/121/SocialFlycatcher-standard-6e107581e61c9f556b3a0af5200f486a.jpg","https://media.birdweather.com/species/121/SocialFlycatcher-thumbnail-87f640fcaf1441ecbbd56b57372185a8.jpg","https://media.birdweather.com/species/121/SocialFlycatcher-png200-2f6dd485cf927db0dd7fd9abc239fb19.png","2xkKJwIJh3ekeXh0e5Z4eYaIdyApd5AC",17403196905,"https://media.birdweather.com/soundscapes/19267/19267-20260926-144253.flac",6,9,"live"
11385810706,19267,"2026-09-26T08:42:57.500-06:00",0.787301480770111,0.552713453769684,8.64065223308783,"almost_certain","BirdNET",NA,10.2198,-83.7874,FALSE,121,"Social Flycatcher","Myiozetetes similis","#69b9ff","avian","https://media.birdweather.com/species/121/SocialFlycatcher-standard-6e107581e61c9f556b3a0af5200f486a.jpg","https://media.birdweather.com/species/121/SocialFlycatcher-thumbnail-87f640fcaf1441ecbbd56b57372185a8.jpg","https://media.birdweather.com/species/121/SocialFlycatcher-png200-2f6dd485cf927db0dd7fd9abc239fb19.png","2xkKJwIJh3ekeXh0e5Z4eYaIdyApd5AC",17403196905,"https://media.birdweather.com/soundscapes/19267/19267-20260926-144253.flac",4.5,7.5,"live"
11385810704,19267,"2026-09-26T08:42:56.000-06:00",0.862470328807831,0.552713453769684,8.83718612469346,"almost_certain","BirdNET",NA,10.2198,-83.7874,FALSE,121,"Social Flycatcher","Myiozetetes similis","#69b9ff","avian","https://media.birdweather.com/species/121/SocialFlycatcher-standard-6e107581e61c9f556b3a0af5200f486a.jpg","https://media.birdweather.com/species/121/SocialFlycatcher-thumbnail-87f640fcaf1441ecbbd56b57372185a8.jpg","https://media.birdweather.com/species/121/SocialFlycatcher-png200-2f6dd485cf927db0dd7fd9abc239fb19.png","2xkKJwIJh3ekeXh0e5Z4eYaIdyApd5AC",17403196905,"https://media.birdweather.com/soundscapes/19267/19267-20260926-144253.flac",3,6,"live"
11385810703,19267,"2026-09-26T08:42:54.500-06:00",0.897325098514557,0.552713453769684,8.91955481950862,"almost_certain","BirdNET",NA,10.2198,-83.7874,FALSE,121,"Social Flycatcher","Myiozetetes similis","#69b9ff","avian","https://media.birdweather.com/species/121/SocialFlycatcher-standard-6e107581e61c9f556b3a0af5200f486a.jpg","https://media.birdweather.com/species/121/SocialFlycatcher-thumbnail-87f640fcaf1441ecbbd56b57372185a8.jpg","https://media.birdweather.com/species/121/SocialFlycatcher-png200-2f6dd485cf927db0dd7fd9abc239fb19.png","2xkKJwIJh3ekeXh0e5Z4eYaIdyApd5AC",17403196905,"https://media.birdweather.com/soundscapes/19267/19267-20260926-144253.flac",1.5,4.5,"live"
11385810702,19267,"2026-09-26T08:42:53.000-06:00",0.79910683631897,0.552713453769684,8.67344617668328,"almost_certain","BirdNET",NA,10.2198,-83.7874,FALSE,121,"Social Flycatcher","Myiozetetes similis","#69b9ff","avian","https://media.birdweather.com/species/121/SocialFlycatcher-standard-6e107581e61c9f556b3a0af5200f486a.jpg","https://media.birdweather.com/species/121/SocialFlycatcher-thumbnail-87f640fcaf1441ecbbd56b57372185a8.jpg","https://media.birdweather.com/species/121/SocialFlycatcher-png200-2f6dd485cf927db0dd7fd9abc239fb19.png","2xkKJwIJh3ekeXh0e5Z4eYaIdyApd5AC",17403196905,"https://media.birdweather.com/soundscapes/19267/19267-20260926-144253.flac",0,3,"live"
11385804102,19267,"2026-09-26T08:42:46.000-06:00",0.843732535839081,0.552713453769684,8.79076926427808,"almost_certain","BirdNET",NA,10.2198,-83.7874,FALSE,121,"Social Flycatcher","Myiozetetes similis","#69b9ff","avian","https://media.birdweather.com/species/121/SocialFlycatcher-standard-6e107581e61c9f556b3a0af5200f486a.jpg","https://media.birdweather.com/species/121/SocialFlycatcher-thumbnail-87f640fcaf1441ecbbd56b57372185a8.jpg","https://media.birdweather.com/species/121/SocialFlycatcher-png200-2f6dd485cf927db0dd7fd9abc239fb19.png","2xkKJwIJh3ekeXh0e5Z4eYaIdyApd5AC",17403186685,"https://media.birdweather.com/soundscapes/19267/19267-20260926-144240.flac",6,9,"live"
11385804099,19267,"2026-09-26T08:42:44.500-06:00",0.940692543983459,0.552713453769684,9.01557561580198,"almost_certain","BirdNET",NA,10.2198,-83.7874,FALSE,121,"Social Flycatcher","Myiozetetes similis","#69b9ff","avian","https://media.birdweather.com/species/121/SocialFlycatcher-standard-6e107581e61c9f556b3a0af5200f486a.jpg","https://media.birdweather.com/species/121/SocialFlycatcher-thumbnail-87f640fcaf1441ecbbd56b57372185a8.jpg","https://media.birdweather.com/species/121/SocialFlycatcher-png200-2f6dd485cf927db0dd7fd9abc239fb19.png","2xkKJwIJh3ekeXh0e5Z4eYaIdyApd5AC",17403186685,"https://media.birdweather.com/soundscapes/19267/19267-20260926-144240.flac",4.5,7.5,"live"
11385804095,19267,"2026-09-26T08:42:40.000-06:00",0.869510889053345,0.552713453769684,8.85422826596709,"almost_certain","BirdNET",NA,10.2198,-83.7874,FALSE,121,"Social Flycatcher","Myiozetetes similis","#69b9ff","avian","https://media.birdweather.com/species/121/SocialFlycatcher-standard-6e107581e61c9f556b3a0af5200f486a.jpg","https://media.birdweather.com/species/121/SocialFlycatcher-thumbnail-87f640fcaf1441ecbbd56b57372185a8.jpg","https://media.birdweather.com/species/121/SocialFlycatcher-png200-2f6dd485cf927db0dd7fd9abc239fb19.png","2xkKJwIJh3ekeXh0e5Z4eYaIdyApd5AC",17403186685,"https://media.birdweather.com/soundscapes/19267/19267-20260926-144240.flac",0,3,"live"
11385799526,19267,"2026-09-26T08:42:32.000-06:00",0.966958522796631,0.552713453769684,9.07061970594782,"almost_certain","BirdNET",NA,10.2198,-83.7874,FALSE,121,"Social Flycatcher","Myiozetetes similis","#69b9ff","avian","https://media.birdweather.com/species/121/SocialFlycatcher-standard-6e107581e61c9f556b3a0af5200f486a.jpg","https://media.birdweather.com/species/121/SocialFlycatcher-thumbnail-87f640fcaf1441ecbbd56b57372185a8.jpg","https://media.birdweather.com/species/121/SocialFlycatcher-png200-2f6dd485cf927db0dd7fd9abc239fb19.png","2xkKJwIJh3ekeXh0e5Z4eYaIdyApd5AC",17403179477,"https://media.birdweather.com/soundscapes/19267/19267-20260926-144226.flac",6,9,"live"
11385799522,19267,"2026-09-26T08:42:29.000-06:00",0.94035005569458,0.552713453769684,9.01484307346957,"almost_certain","BirdNET",NA,10.2198,-83.7874,FALSE,121,"Social Flycatcher","Myiozetetes similis","#69b9ff","avian","https://media.birdweather.com/species/121/SocialFlycatcher-standard-6e107581e61c9f556b3a0af5200f486a.jpg","https://media.birdweather.com/species/121/SocialFlycatcher-thumbnail-87f640fcaf1441ecbbd56b57372185a8.jpg","https://media.birdweather.com/species/121/SocialFlycatcher-png200-2f6dd485cf927db0dd7fd9abc239fb19.png","2xkKJwIJh3ekeXh0e5Z4eYaIdyApd5AC",17403179477,"https://media.birdweather.com/soundscapes/19267/19267-20260926-144226.flac",3,6,"live"
11385799519,19267,"2026-09-26T08:42:27.500-06:00",0.769020974636078,0.552713453769684,8.58826959934298,"almost_certain","BirdNET",NA,10.2198,-83.7874,FALSE,121,"Social Flycatcher","Myiozetetes similis","#69b9ff","avian","https://media.birdweather.com/species/121/SocialFlycatcher-standard-6e107581e61c9f556b3a0af5200f486a.jpg","https://media.birdweather.com/species/121/SocialFlycatcher-thumbnail-87f640fcaf1441ecbbd56b57372185a8.jpg","https://media.birdweather.com/species/121/SocialFlycatcher-png200-2f6dd485cf927db0dd7fd9abc239fb19.png","2xkKJwIJh3ekeXh0e5Z4eYaIdyApd5AC",17403179477,"https://media.birdweather.com/soundscapes/19267/19267-20260926-144226.flac",1.5,4.5,"live"
11385799514,19267,"2026-09-26T08:42:26.000-06:00",0.834796488285065,0.552713453769684,8.76806674070251,"almost_certain","BirdNET",NA,10.2198,-83.7874,FALSE,121,"Social Flycatcher","Myiozetetes similis","#69b9ff","avian","https://media.birdweather.com/species/121/SocialFlycatcher-standard-6e107581e61c9f556b3a0af5200f486a.jpg","https://media.birdweather.com/species/121/SocialFlycatcher-thumbnail-87f640fcaf1441ecbbd56b57372185a8.jpg","https://media.birdweather.com/species/121/SocialFlycatcher-png200-2f6dd485cf927db0dd7fd9abc239fb19.png","2xkKJwIJh3ekeXh0e5Z4eYaIdyApd5AC",17403179477,"https://media.birdweather.com/soundscapes/19267/19267-20260926-144226.flac",0,3,"live"
11385700108,19267,"2026-09-26T08:37:23.500-06:00",0.862203419208527,0.756523191928864,9.25999521739961,"almost_certain","BirdNET",NA,10.2198,-83.7874,FALSE,229,"Great Kiskadee","Pitangus sulphuratus","#7d4410","avian","https://media.birdweather.com/species/229/GreatKiskadee-standard-cd28a1b8e8b8e5aed433e809c229004e.jpg","https://media.birdweather.com/species/229/GreatKiskadee-thumbnail-b2749ed2442fb322cf3c4cb72f9c97f6.jpg","https://media.birdweather.com/species/229/GreatKiskadee-png200-003973af4f863deb00a4ce9b6f10e59c.png","0PgFDwIrhYqfZJh1mVe3SZZ3uKEJBncG",17403025063,"https://media.birdweather.com/soundscapes/19267/19267-20260926-143719.flac",4.5,7.5,"live"
11385700105,19267,"2026-09-26T08:37:22.000-06:00",0.808480501174927,0.756523191928864,9.12239670370608,"almost_certain","BirdNET",NA,10.2198,-83.7874,FALSE,229,"Great Kiskadee","Pitangus sulphuratus","#7d4410","avian","https://media.birdweather.com/species/229/GreatKiskadee-standard-cd28a1b8e8b8e5aed433e809c229004e.jpg","https://media.birdweather.com/species/229/GreatKiskadee-thumbnail-b2749ed2442fb322cf3c4cb72f9c97f6.jpg","https://media.birdweather.com/species/229/GreatKiskadee-png200-003973af4f863deb00a4ce9b6f10e59c.png","0PgFDwIrhYqfZJh1mVe3SZZ3uKEJBncG",17403025063,"https://media.birdweather.com/soundscapes/19267/19267-20260926-143719.flac",3,6,"live"
11385695626,19267,"2026-09-26T08:37:09.500-06:00",0.745699763298035,0.756523013114929,8.94185597556537,"almost_certain","BirdNET",NA,10.2198,-83.7874,FALSE,229,"Great Kiskadee","Pitangus sulphuratus","#7d4410","avian","https://media.birdweather.com/species/229/GreatKiskadee-standard-cd28a1b8e8b8e5aed433e809c229004e.jpg","https://media.birdweather.com/species/229/GreatKiskadee-thumbnail-b2749ed2442fb322cf3c4cb72f9c97f6.jpg","https://media.birdweather.com/species/229/GreatKiskadee-png200-003973af4f863deb00a4ce9b6f10e59c.png","0PgFDwIrhYqfZJh1mVe3SZZ3uKEJBncG",17403018117,"https://media.birdweather.com/soundscapes/19267/19267-20260926-143705.flac",4.5,7.5,"live"
11385695618,19267,"2026-09-26T08:37:08.000-06:00",0.792176425457001,0.756523013114929,9.07774859315173,"almost_certain","BirdNET",NA,10.2198,-83.7874,FALSE,229,"Great Kiskadee","Pitangus sulphuratus","#7d4410","avian","https://media.birdweather.com/species/229/GreatKiskadee-standard-cd28a1b8e8b8e5aed433e809c229004e.jpg","https://media.birdweather.com/species/229/GreatKiskadee-thumbnail-b2749ed2442fb322cf3c4cb72f9c97f6.jpg","https://media.birdweather.com/species/229/GreatKiskadee-png200-003973af4f863deb00a4ce9b6f10e59c.png","0PgFDwIrhYqfZJh1mVe3SZZ3uKEJBncG",17403018117,"https://media.birdweather.com/soundscapes/19267/19267-20260926-143705.flac",3,6,"live"
11385695615,19267,"2026-09-26T08:37:06.500-06:00",0.78193062543869,0.756523013114929,9.04892781071009,"almost_certain","BirdNET",NA,10.2198,-83.7874,FALSE,229,"Great Kiskadee","Pitangus sulphuratus","#7d4410","avian","https://media.birdweather.com/species/229/GreatKiskadee-standard-cd28a1b8e8b8e5aed433e809c229004e.jpg","https://media.birdweather.com/species/229/GreatKiskadee-thumbnail-b2749ed2442fb322cf3c4cb72f9c97f6.jpg","https://media.birdweather.com/species/229/GreatKiskadee-png200-003973af4f863deb00a4ce9b6f10e59c.png","0PgFDwIrhYqfZJh1mVe3SZZ3uKEJBncG",17403018117,"https://media.birdweather.com/soundscapes/19267/19267-20260926-143705.flac",1.5,4.5,"live"
11385695602,19267,"2026-09-26T08:37:05.000-06:00",0.916513919830322,0.756523013114929,9.38633240818412,"almost_certain","BirdNET",NA,10.2198,-83.7874,FALSE,229,"Great Kiskadee","Pitangus sulphuratus","#7d4410","avian","https://media.birdweather.com/species/229/GreatKiskadee-standard-cd28a1b8e8b8e5aed433e809c229004e.jpg","https://media.birdweather.com/species/229/GreatKiskadee-thumbnail-b2749ed2442fb322cf3c4cb72f9c97f6.jpg","https://media.birdweather.com/species/229/GreatKiskadee-png200-003973af4f863deb00a4ce9b6f10e59c.png","0PgFDwIrhYqfZJh1mVe3SZZ3uKEJBncG",17403018117,"https://media.birdweather.com/soundscapes/19267/19267-20260926-143705.flac",0,3,"live"
11385417838,19267,"2026-09-26T08:22:56.000-06:00",0.983691096305847,0.756519556045532,9.52801889158092,"almost_certain","BirdNET",NA,10.2198,-83.7874,FALSE,229,"Great Kiskadee","Pitangus sulphuratus","#7d4410","avian","https://media.birdweather.com/species/229/GreatKiskadee-standard-cd28a1b8e8b8e5aed433e809c229004e.jpg","https://media.birdweather.com/species/229/GreatKiskadee-thumbnail-b2749ed2442fb322cf3c4cb72f9c97f6.jpg","https://media.birdweather.com/species/229/GreatKiskadee-png200-003973af4f863deb00a4ce9b6f10e59c.png","0PgFDwIrhYqfZJh1mVe3SZZ3uKEJBncG",17402589973,"https://media.birdweather.com/soundscapes/19267/19267-20260926-142250.flac",6,9,"live"
11385417832,19267,"2026-09-26T08:22:54.500-06:00",0.980598449707031,0.756519556045532,9.52180769820175,"almost_certain","BirdNET",NA,10.2198,-83.7874,FALSE,229,"Great Kiskadee","Pitangus sulphuratus","#7d4410","avian","https://media.birdweather.com/species/229/GreatKiskadee-standard-cd28a1b8e8b8e5aed433e809c229004e.jpg","https://media.birdweather.com/species/229/GreatKiskadee-thumbnail-b2749ed2442fb322cf3c4cb72f9c97f6.jpg","https://media.birdweather.com/species/229/GreatKiskadee-png200-003973af4f863deb00a4ce9b6f10e59c.png","0PgFDwIrhYqfZJh1mVe3SZZ3uKEJBncG",17402589973,"https://media.birdweather.com/soundscapes/19267/19267-20260926-142250.flac",4.5,7.5,"live"
11385417828,19267,"2026-09-26T08:22:53.000-06:00",0.982201516628265,0.756519556045532,9.52503077238622,"almost_certain","BirdNET",NA,10.2198,-83.7874,FALSE,229,"Great Kiskadee","Pitangus sulphuratus","#7d4410","avian","https://media.birdweather.com/species/229/GreatKiskadee-standard-cd28a1b8e8b8e5aed433e809c229004e.jpg","https://media.birdweather.com/species/229/GreatKiskadee-thumbnail-b2749ed2442fb322cf3c4cb72f9c97f6.jpg","https://media.birdweather.com/species/229/GreatKiskadee-png200-003973af4f863deb00a4ce9b6f10e59c.png","0PgFDwIrhYqfZJh1mVe3SZZ3uKEJBncG",17402589973,"https://media.birdweather.com/soundscapes/19267/19267-20260926-142250.flac",3,6,"live"
11385417826,19267,"2026-09-26T08:22:51.500-06:00",0.956342935562134,0.756519556045532,9.47209168016889,"almost_certain","BirdNET",NA,10.2198,-83.7874,FALSE,229,"Great Kiskadee","Pitangus sulphuratus","#7d4410","avian","https://media.birdweather.com/species/229/GreatKiskadee-standard-cd28a1b8e8b8e5aed433e809c229004e.jpg","https://media.birdweather.com/species/229/GreatKiskadee-thumbnail-b2749ed2442fb322cf3c4cb72f9c97f6.jpg","https://media.birdweather.com/species/229/GreatKiskadee-png200-003973af4f863deb00a4ce9b6f10e59c.png","0PgFDwIrhYqfZJh1mVe3SZZ3uKEJBncG",17402589973,"https://media.birdweather.com/soundscapes/19267/19267-20260926-142250.flac",1.5,4.5,"live"
11385417823,19267,"2026-09-26T08:22:50.000-06:00",0.832040071487427,0.756519556045532,9.18444016292893,"almost_certain","BirdNET",NA,10.2198,-83.7874,FALSE,229,"Great Kiskadee","Pitangus sulphuratus","#7d4410","avian","https://media.birdweather.com/species/229/GreatKiskadee-standard-cd28a1b8e8b8e5aed433e809c229004e.jpg","https://media.birdweather.com/species/229/GreatKiskadee-thumbnail-b2749ed2442fb322cf3c4cb72f9c97f6.jpg","https://media.birdweather.com/species/229/GreatKiskadee-png200-003973af4f863deb00a4ce9b6f10e59c.png","0PgFDwIrhYqfZJh1mVe3SZZ3uKEJBncG",17402589973,"https://media.birdweather.com/soundscapes/19267/19267-20260926-142250.flac",0,3,"live"
11385181421,19267,"2026-09-26T08:10:43.500-06:00",0.952497363090515,0.756518602371216,9.46403941449087,"almost_certain","BirdNET",NA,10.2198,-83.7874,FALSE,229,"Great Kiskadee","Pitangus sulphuratus","#7d4410","avian","https://media.birdweather.com/species/229/GreatKiskadee-standard-cd28a1b8e8b8e5aed433e809c229004e.jpg","https://media.birdweather.com/species/229/GreatKiskadee-thumbnail-b2749ed2442fb322cf3c4cb72f9c97f6.jpg","https://media.birdweather.com/species/229/GreatKiskadee-png200-003973af4f863deb00a4ce9b6f10e59c.png","0PgFDwIrhYqfZJh1mVe3SZZ3uKEJBncG",17402220713,"https://media.birdweather.com/soundscapes/19267/19267-20260926-141042.flac",1.5,4.5,"live"
11385172510,19267,"2026-09-26T08:10:21.000-06:00",0.950988948345184,0.756520211696625,9.46087151857056,"almost_certain","BirdNET",NA,10.2198,-83.7874,FALSE,229,"Great Kiskadee","Pitangus sulphuratus","#7d4410","avian","https://media.birdweather.com/species/229/GreatKiskadee-standard-cd28a1b8e8b8e5aed433e809c229004e.jpg","https://media.birdweather.com/species/229/GreatKiskadee-thumbnail-b2749ed2442fb322cf3c4cb72f9c97f6.jpg","https://media.birdweather.com/species/229/GreatKiskadee-png200-003973af4f863deb00a4ce9b6f10e59c.png","0PgFDwIrhYqfZJh1mVe3SZZ3uKEJBncG",17402206939,"https://media.birdweather.com/soundscapes/19267/19267-20260926-141015.flac",6,9,"live"
11385172509,19267,"2026-09-26T08:10:18.000-06:00",0.727641224861145,0.756520211696625,8.88518644724339,"almost_certain","BirdNET",NA,10.2198,-83.7874,FALSE,229,"Great Kiskadee","Pitangus sulphuratus","#7d4410","avian","https://media.birdweather.com/species/229/GreatKiskadee-standard-cd28a1b8e8b8e5aed433e809c229004e.jpg","https://media.birdweather.com/species/229/GreatKiskadee-thumbnail-b2749ed2442fb322cf3c4cb72f9c97f6.jpg","https://media.birdweather.com/species/229/GreatKiskadee-png200-003973af4f863deb00a4ce9b6f10e59c.png","0PgFDwIrhYqfZJh1mVe3SZZ3uKEJBncG",17402206939,"https://media.birdweather.com/soundscapes/19267/19267-20260926-141015.flac",3,6,"live"
11385154508,19267,"2026-09-26T08:09:23.500-06:00",0.833613038063049,0.756520211696625,9.18848573863104,"almost_certain","BirdNET",NA,10.2198,-83.7874,FALSE,229,"Great Kiskadee","Pitangus sulphuratus","#7d4410","avian","https://media.birdweather.com/species/229/GreatKiskadee-standard-cd28a1b8e8b8e5aed433e809c229004e.jpg","https://media.birdweather.com/species/229/GreatKiskadee-thumbnail-b2749ed2442fb322cf3c4cb72f9c97f6.jpg","https://media.birdweather.com/species/229/GreatKiskadee-png200-003973af4f863deb00a4ce9b6f10e59c.png","0PgFDwIrhYqfZJh1mVe3SZZ3uKEJBncG",17402179019,"https://media.birdweather.com/soundscapes/19267/19267-20260926-140919.flac",4.5,7.5,"live"
11385139216,19267,"2026-09-26T08:08:41.000-06:00",0.871302545070648,0.75652003288269,9.28198516827235,"almost_certain","BirdNET",NA,10.2198,-83.7874,FALSE,229,"Great Kiskadee","Pitangus sulphuratus","#7d4410","avian","https://media.birdweather.com/species/229/GreatKiskadee-standard-cd28a1b8e8b8e5aed433e809c229004e.jpg","https://media.birdweather.com/species/229/GreatKiskadee-thumbnail-b2749ed2442fb322cf3c4cb72f9c97f6.jpg","https://media.birdweather.com/species/229/GreatKiskadee-png200-003973af4f863deb00a4ce9b6f10e59c.png","0PgFDwIrhYqfZJh1mVe3SZZ3uKEJBncG",17402156059,"https://media.birdweather.com/soundscapes/19267/19267-20260926-140835.flac",6,9,"live"
11385139212,19267,"2026-09-26T08:08:39.500-06:00",0.764884650707245,0.75652003288269,8.99958760424786,"almost_certain","BirdNET",NA,10.2198,-83.7874,FALSE,229,"Great Kiskadee","Pitangus sulphuratus","#7d4410","avian","https://media.birdweather.com/species/229/GreatKiskadee-standard-cd28a1b8e8b8e5aed433e809c229004e.jpg","https://media.birdweather.com/species/229/GreatKiskadee-thumbnail-b2749ed2442fb322cf3c4cb72f9c97f6.jpg","https://media.birdweather.com/species/229/GreatKiskadee-png200-003973af4f863deb00a4ce9b6f10e59c.png","0PgFDwIrhYqfZJh1mVe3SZZ3uKEJBncG",17402156059,"https://media.birdweather.com/soundscapes/19267/19267-20260926-140835.flac",4.5,7.5,"live"
11385139210,19267,"2026-09-26T08:08:38.000-06:00",0.830686748027802,0.75652003288269,9.18095177578538,"almost_certain","BirdNET",NA,10.2198,-83.7874,FALSE,229,"Great Kiskadee","Pitangus sulphuratus","#7d4410","avian","https://media.birdweather.com/species/229/GreatKiskadee-standard-cd28a1b8e8b8e5aed433e809c229004e.jpg","https://media.birdweather.com/species/229/GreatKiskadee-thumbnail-b2749ed2442fb322cf3c4cb72f9c97f6.jpg","https://media.birdweather.com/species/229/GreatKiskadee-png200-003973af4f863deb00a4ce9b6f10e59c.png","0PgFDwIrhYqfZJh1mVe3SZZ3uKEJBncG",17402156059,"https://media.birdweather.com/soundscapes/19267/19267-20260926-140835.flac",3,6,"live"
11385139207,19267,"2026-09-26T08:08:36.500-06:00",0.855830013751984,0.75652003288269,9.24436989513083,"almost_certain","BirdNET",NA,10.2198,-83.7874,FALSE,229,"Great Kiskadee","Pitangus sulphuratus","#7d4410","avian","https://media.birdweather.com/species/229/GreatKiskadee-standard-cd28a1b8e8b8e5aed433e809c229004e.jpg","https://media.birdweather.com/species/229/GreatKiskadee-thumbnail-b2749ed2442fb322cf3c4cb72f9c97f6.jpg","https://media.birdweather.com/species/229/GreatKiskadee-png200-003973af4f863deb00a4ce9b6f10e59c.png","0PgFDwIrhYqfZJh1mVe3SZZ3uKEJBncG",17402156059,"https://media.birdweather.com/soundscapes/19267/19267-20260926-140835.flac",1.5,4.5,"live"
11385134427,19267,"2026-09-26T08:08:27.000-06:00",0.809321403503418,0.756518065929413,9.12465131544836,"almost_certain","BirdNET",NA,10.2198,-83.7874,FALSE,229,"Great Kiskadee","Pitangus sulphuratus","#7d4410","avian","https://media.birdweather.com/species/229/GreatKiskadee-standard-cd28a1b8e8b8e5aed433e809c229004e.jpg","https://media.birdweather.com/species/229/GreatKiskadee-thumbnail-b2749ed2442fb322cf3c4cb72f9c97f6.jpg","https://media.birdweather.com/species/229/GreatKiskadee-png200-003973af4f863deb00a4ce9b6f10e59c.png","0PgFDwIrhYqfZJh1mVe3SZZ3uKEJBncG",17402149086,"https://media.birdweather.com/soundscapes/19267/19267-20260926-140821.flac",6,9,"live"
11385134424,19267,"2026-09-26T08:08:25.500-06:00",0.877465605735779,0.756518065929413,9.29668170185147,"almost_certain","BirdNET",NA,10.2198,-83.7874,FALSE,229,"Great Kiskadee","Pitangus sulphuratus","#7d4410","avian","https://media.birdweather.com/species/229/GreatKiskadee-standard-cd28a1b8e8b8e5aed433e809c229004e.jpg","https://media.birdweather.com/species/229/GreatKiskadee-thumbnail-b2749ed2442fb322cf3c4cb72f9c97f6.jpg","https://media.birdweather.com/species/229/GreatKiskadee-png200-003973af4f863deb00a4ce9b6f10e59c.png","0PgFDwIrhYqfZJh1mVe3SZZ3uKEJBncG",17402149086,"https://media.birdweather.com/soundscapes/19267/19267-20260926-140821.flac",4.5,7.5,"live"
11385134416,19267,"2026-09-26T08:08:22.500-06:00",0.764851748943329,0.756518065929413,8.99948712484766,"almost_certain","BirdNET",NA,10.2198,-83.7874,FALSE,229,"Great Kiskadee","Pitangus sulphuratus","#7d4410","avian","https://media.birdweather.com/species/229/GreatKiskadee-standard-cd28a1b8e8b8e5aed433e809c229004e.jpg","https://media.birdweather.com/species/229/GreatKiskadee-thumbnail-b2749ed2442fb322cf3c4cb72f9c97f6.jpg","https://media.birdweather.com/species/229/GreatKiskadee-png200-003973af4f863deb00a4ce9b6f10e59c.png","0PgFDwIrhYqfZJh1mVe3SZZ3uKEJBncG",17402149086,"https://media.birdweather.com/soundscapes/19267/19267-20260926-140821.flac",1.5,4.5,"live"
11385134411,19267,"2026-09-26T08:08:21.000-06:00",0.784348547458649,0.756518065929413,9.05577528959605,"almost_certain","BirdNET",NA,10.2198,-83.7874,FALSE,229,"Great Kiskadee","Pitangus sulphuratus","#7d4410","avian","https://media.birdweather.com/species/229/GreatKiskadee-standard-cd28a1b8e8b8e5aed433e809c229004e.jpg","https://media.birdweather.com/species/229/GreatKiskadee-thumbnail-b2749ed2442fb322cf3c4cb72f9c97f6.jpg","https://media.birdweather.com/species/229/GreatKiskadee-png200-003973af4f863deb00a4ce9b6f10e59c.png","0PgFDwIrhYqfZJh1mVe3SZZ3uKEJBncG",17402149086,"https://media.birdweather.com/soundscapes/19267/19267-20260926-140821.flac",0,3,"live"
11385130377,19267,"2026-09-26T08:08:09.000-06:00",0.859407961368561,0.756518065929413,9.25315697884155,"almost_certain","BirdNET",NA,10.2198,-83.7874,FALSE,229,"Great Kiskadee","Pitangus sulphuratus","#7d4410","avian","https://media.birdweather.com/species/229/GreatKiskadee-standard-cd28a1b8e8b8e5aed433e809c229004e.jpg","https://media.birdweather.com/species/229/GreatKiskadee-thumbnail-b2749ed2442fb322cf3c4cb72f9c97f6.jpg","https://media.birdweather.com/species/229/GreatKiskadee-png200-003973af4f863deb00a4ce9b6f10e59c.png","0PgFDwIrhYqfZJh1mVe3SZZ3uKEJBncG",17402142935,"https://media.birdweather.com/soundscapes/19267/19267-20260926-140806.flac",3,6,"live"
11385130373,19267,"2026-09-26T08:08:07.500-06:00",0.848531365394592,0.756518065929413,9.22625764449492,"almost_certain","BirdNET",NA,10.2198,-83.7874,FALSE,229,"Great Kiskadee","Pitangus sulphuratus","#7d4410","avian","https://media.birdweather.com/species/229/GreatKiskadee-standard-cd28a1b8e8b8e5aed433e809c229004e.jpg","https://media.birdweather.com/species/229/GreatKiskadee-thumbnail-b2749ed2442fb322cf3c4cb72f9c97f6.jpg","https://media.birdweather.com/species/229/GreatKiskadee-png200-003973af4f863deb00a4ce9b6f10e59c.png","0PgFDwIrhYqfZJh1mVe3SZZ3uKEJBncG",17402142935,"https://media.birdweather.com/soundscapes/19267/19267-20260926-140806.flac",1.5,4.5,"live"
11385130370,19267,"2026-09-26T08:08:06.000-06:00",0.815675854682922,0.756518065929413,9.14163811141884,"almost_certain","BirdNET",NA,10.2198,-83.7874,FALSE,229,"Great Kiskadee","Pitangus sulphuratus","#7d4410","avian","https://media.birdweather.com/species/229/GreatKiskadee-standard-cd28a1b8e8b8e5aed433e809c229004e.jpg","https://media.birdweather.com/species/229/GreatKiskadee-thumbnail-b2749ed2442fb322cf3c4cb72f9c97f6.jpg","https://media.birdweather.com/species/229/GreatKiskadee-png200-003973af4f863deb00a4ce9b6f10e59c.png","0PgFDwIrhYqfZJh1mVe3SZZ3uKEJBncG",17402142935,"https://media.birdweather.com/soundscapes/19267/19267-20260926-140806.flac",0,3,"live"
11385125647,19267,"2026-09-26T08:07:52.000-06:00",0.829887092113495,0.756518065929413,9.17888234315959,"almost_certain","BirdNET",NA,10.2198,-83.7874,FALSE,229,"Great Kiskadee","Pitangus sulphuratus","#7d4410","avian","https://media.birdweather.com/species/229/GreatKiskadee-standard-cd28a1b8e8b8e5aed433e809c229004e.jpg","https://media.birdweather.com/species/229/GreatKiskadee-thumbnail-b2749ed2442fb322cf3c4cb72f9c97f6.jpg","https://media.birdweather.com/species/229/GreatKiskadee-png200-003973af4f863deb00a4ce9b6f10e59c.png","0PgFDwIrhYqfZJh1mVe3SZZ3uKEJBncG",17402135716,"https://media.birdweather.com/soundscapes/19267/19267-20260926-140746.flac",6,9,"live"
11385125639,19267,"2026-09-26T08:07:50.500-06:00",0.764776527881622,0.756518065929413,8.99926541718809,"almost_certain","BirdNET",NA,10.2198,-83.7874,FALSE,229,"Great Kiskadee","Pitangus sulphuratus","#7d4410","avian","https://media.birdweather.com/species/229/GreatKiskadee-standard-cd28a1b8e8b8e5aed433e809c229004e.jpg","https://media.birdweather.com/species/229/GreatKiskadee-thumbnail-b2749ed2442fb322cf3c4cb72f9c97f6.jpg","https://media.birdweather.com/species/229/GreatKiskadee-png200-003973af4f863deb00a4ce9b6f10e59c.png","0PgFDwIrhYqfZJh1mVe3SZZ3uKEJBncG",17402135716,"https://media.birdweather.com/soundscapes/19267/19267-20260926-140746.flac",4.5,7.5,"live"
11385118215,19267,"2026-09-26T08:07:38.000-06:00",0.934594392776489,0.756518065929413,9.42592361079947,"almost_certain","BirdNET",NA,10.2198,-83.7874,FALSE,229,"Great Kiskadee","Pitangus sulphuratus","#7d4410","avian","https://media.birdweather.com/species/229/GreatKiskadee-standard-cd28a1b8e8b8e5aed433e809c229004e.jpg","https://media.birdweather.com/species/229/GreatKiskadee-thumbnail-b2749ed2442fb322cf3c4cb72f9c97f6.jpg","https://media.birdweather.com/species/229/GreatKiskadee-png200-003973af4f863deb00a4ce9b6f10e59c.png","0PgFDwIrhYqfZJh1mVe3SZZ3uKEJBncG",17402124534,"https://media.birdweather.com/soundscapes/19267/19267-20260926-140732.flac",6,9,"live"
11385118209,19267,"2026-09-26T08:07:36.500-06:00",0.746407389640808,0.756518065929413,8.94402052327367,"almost_certain","BirdNET",NA,10.2198,-83.7874,FALSE,229,"Great Kiskadee","Pitangus sulphuratus","#7d4410","avian","https://media.birdweather.com/species/229/GreatKiskadee-standard-cd28a1b8e8b8e5aed433e809c229004e.jpg","https://media.birdweather.com/species/229/GreatKiskadee-thumbnail-b2749ed2442fb322cf3c4cb72f9c97f6.jpg","https://media.birdweather.com/species/229/GreatKiskadee-png200-003973af4f863deb00a4ce9b6f10e59c.png","0PgFDwIrhYqfZJh1mVe3SZZ3uKEJBncG",17402124534,"https://media.birdweather.com/soundscapes/19267/19267-20260926-140732.flac",4.5,7.5,"live"
11385039476,19267,"2026-09-26T08:03:39.500-06:00",0.723223924636841,0.107769526541233,6.30477132212738,"almost_certain","BirdNET",NA,10.2198,-83.7874,FALSE,603,"Tropical Mockingbird","Mimus gilvus","#006e2a","avian","https://media.birdweather.com/species/603/TropicalMockingbird-standard-33be42788a38707b12f757d28526a492.jpg","https://media.birdweather.com/species/603/TropicalMockingbird-thumbnail-4f6417f6928c80a2cb70eb341f54fd79.jpg","https://media.birdweather.com/species/603/TropicalMockingbird-png200-9e94d27578943cfad1e7923fe23d2300.png","q+cJFwL4VohclXidhXh5aJh4qDAaGKYA",17402005256,"https://media.birdweather.com/soundscapes/19267/19267-20260926-140335.flac",4.5,7.5,"live"
11385039465,19267,"2026-09-26T08:03:35.000-06:00",0.860995709896088,0.107769526541233,6.69085355197962,"almost_certain","BirdNET",NA,10.2198,-83.7874,FALSE,603,"Tropical Mockingbird","Mimus gilvus","#006e2a","avian","https://media.birdweather.com/species/603/TropicalMockingbird-standard-33be42788a38707b12f757d28526a492.jpg","https://media.birdweather.com/species/603/TropicalMockingbird-thumbnail-4f6417f6928c80a2cb70eb341f54fd79.jpg","https://media.birdweather.com/species/603/TropicalMockingbird-png200-9e94d27578943cfad1e7923fe23d2300.png","q+cJFwL4VohclXidhXh5aJh4qDAaGKYA",17402005256,"https://media.birdweather.com/soundscapes/19267/19267-20260926-140335.flac",0,3,"live"
11384823916,19267,"2026-09-26T07:52:48.000-06:00",0.874103128910065,0.107769213616848,6.72249114272075,"almost_certain","BirdNET",NA,10.2198,-83.7874,FALSE,603,"Tropical Mockingbird","Mimus gilvus","#006e2a","avian","https://media.birdweather.com/species/603/TropicalMockingbird-standard-33be42788a38707b12f757d28526a492.jpg","https://media.birdweather.com/species/603/TropicalMockingbird-thumbnail-4f6417f6928c80a2cb70eb341f54fd79.jpg","https://media.birdweather.com/species/603/TropicalMockingbird-png200-9e94d27578943cfad1e7923fe23d2300.png","q+cJFwL4VohclXidhXh5aJh4qDAaGKYA",17401680033,"https://media.birdweather.com/soundscapes/19267/19267-20260926-135248.flac",0,3,"live"
11384728685,19267,"2026-09-26T07:47:57.000-06:00",0.740256249904633,0.157646924257278,6.84261429115541,"almost_certain","BirdNET",NA,10.2198,-83.7874,FALSE,1001,"Swallow-tailed Kite","Elanoides forficatus","#d16ff8","avian","https://media.birdweather.com/species/1001/Swallow-tailedKite-standard-a53170925d53bf7dafa55e3400f65886.jpg","https://media.birdweather.com/species/1001/Swallow-tailedKite-thumbnail-78378127c8973b24f67b69745cb9cfe7.jpg","https://media.birdweather.com/species/1001/Swallow-tailedKite-png200-87c288fc29001b4e8082d4d877837d21.png","qMYFDwKF2XcCmJg/g2UqVaiajfINOe4A",17401533843,"https://media.birdweather.com/soundscapes/19267/19267-20260926-134757.flac",0,3,"live"
11384526090,19267,"2026-09-26T07:37:31.500-06:00",0.784054517745972,0.756524443626404,9.05495476061913,"almost_certain","BirdNET",NA,10.2198,-83.7874,FALSE,229,"Great Kiskadee","Pitangus sulphuratus","#7d4410","avian","https://media.birdweather.com/species/229/GreatKiskadee-standard-cd28a1b8e8b8e5aed433e809c229004e.jpg","https://media.birdweather.com/species/229/GreatKiskadee-thumbnail-b2749ed2442fb322cf3c4cb72f9c97f6.jpg","https://media.birdweather.com/species/229/GreatKiskadee-png200-003973af4f863deb00a4ce9b6f10e59c.png","0PgFDwIrhYqfZJh1mVe3SZZ3uKEJBncG",17401216415,"https://media.birdweather.com/soundscapes/19267/19267-20260926-133727.flac",4.5,7.5,"live"
11384518176,19267,"2026-09-26T07:37:02.000-06:00",0.841508746147156,0.231049656867981,7.62371308542563,"almost_certain","BirdNET",NA,10.2198,-83.7874,FALSE,501,"White-winged Dove","Zenaida asiatica","#d16ff8","avian","https://media.birdweather.com/species/501/White-wingedDove-standard-6528ef689b07d5a91f1c2275cdef19c9.jpg","https://media.birdweather.com/species/501/White-wingedDove-thumbnail-4a940adfd5a6c78c73c48c5095e7b896.jpg","https://media.birdweather.com/species/501/White-wingedDove-png200-d65decd3d571b5a9dbeca249ef97689f.png","IscJLwb6hoVelZWZdoh3eIeIdxBoB4IG",17401203992,"https://media.birdweather.com/soundscapes/19267/19267-20260926-133702.flac",0,3,"live"
11384509541,19267,"2026-09-26T07:36:39.500-06:00",0.86064201593399,0.75652664899826,9.2561912121583,"almost_certain","BirdNET",NA,10.2198,-83.7874,FALSE,229,"Great Kiskadee","Pitangus sulphuratus","#7d4410","avian","https://media.birdweather.com/species/229/GreatKiskadee-standard-cd28a1b8e8b8e5aed433e809c229004e.jpg","https://media.birdweather.com/species/229/GreatKiskadee-thumbnail-b2749ed2442fb322cf3c4cb72f9c97f6.jpg","https://media.birdweather.com/species/229/GreatKiskadee-png200-003973af4f863deb00a4ce9b6f10e59c.png","0PgFDwIrhYqfZJh1mVe3SZZ3uKEJBncG",17401190300,"https://media.birdweather.com/soundscapes/19267/19267-20260926-133635.flac",4.5,7.5,"live"
11384505516,19267,"2026-09-26T07:36:27.500-06:00",0.712184906005859,0.231070771813393,7.24997766580751,"almost_certain","BirdNET",NA,10.2198,-83.7874,FALSE,501,"White-winged Dove","Zenaida asiatica","#d16ff8","avian","https://media.birdweather.com/species/501/White-wingedDove-standard-6528ef689b07d5a91f1c2275cdef19c9.jpg","https://media.birdweather.com/species/501/White-wingedDove-thumbnail-4a940adfd5a6c78c73c48c5095e7b896.jpg","https://media.birdweather.com/species/501/White-wingedDove-png200-d65decd3d571b5a9dbeca249ef97689f.png","IscJLwb6hoVelZWZdoh3eIeIdxBoB4IG",17401184065,"https://media.birdweather.com/soundscapes/19267/19267-20260926-133623.flac",4.5,7.5,"live"
11384505509,19267,"2026-09-26T07:36:23.000-06:00",0.817235350608826,0.756519258022308,9.14577711466806,"almost_certain","BirdNET",NA,10.2198,-83.7874,FALSE,229,"Great Kiskadee","Pitangus sulphuratus","#7d4410","avian","https://media.birdweather.com/species/229/GreatKiskadee-standard-cd28a1b8e8b8e5aed433e809c229004e.jpg","https://media.birdweather.com/species/229/GreatKiskadee-thumbnail-b2749ed2442fb322cf3c4cb72f9c97f6.jpg","https://media.birdweather.com/species/229/GreatKiskadee-png200-003973af4f863deb00a4ce9b6f10e59c.png","0PgFDwIrhYqfZJh1mVe3SZZ3uKEJBncG",17401184065,"https://media.birdweather.com/soundscapes/19267/19267-20260926-133623.flac",0,3,"live"
11384496856,19267,"2026-09-26T07:35:57.500-06:00",0.777635753154755,0.756515026092529,9.03664963286073,"almost_certain","BirdNET",NA,10.2198,-83.7874,FALSE,229,"Great Kiskadee","Pitangus sulphuratus","#7d4410","avian","https://media.birdweather.com/species/229/GreatKiskadee-standard-cd28a1b8e8b8e5aed433e809c229004e.jpg","https://media.birdweather.com/species/229/GreatKiskadee-thumbnail-b2749ed2442fb322cf3c4cb72f9c97f6.jpg","https://media.birdweather.com/species/229/GreatKiskadee-png200-003973af4f863deb00a4ce9b6f10e59c.png","0PgFDwIrhYqfZJh1mVe3SZZ3uKEJBncG",17401170581,"https://media.birdweather.com/soundscapes/19267/19267-20260926-133556.flac",1.5,4.5,"live"
11384496847,19267,"2026-09-26T07:35:56.000-06:00",0.706522524356842,0.756515026092529,8.81579319135493,"almost_certain","BirdNET",NA,10.2198,-83.7874,FALSE,229,"Great Kiskadee","Pitangus sulphuratus","#7d4410","avian","https://media.birdweather.com/species/229/GreatKiskadee-standard-cd28a1b8e8b8e5aed433e809c229004e.jpg","https://media.birdweather.com/species/229/GreatKiskadee-thumbnail-b2749ed2442fb322cf3c4cb72f9c97f6.jpg","https://media.birdweather.com/species/229/GreatKiskadee-png200-003973af4f863deb00a4ce9b6f10e59c.png","0PgFDwIrhYqfZJh1mVe3SZZ3uKEJBncG",17401170581,"https://media.birdweather.com/soundscapes/19267/19267-20260926-133556.flac",0,3,"live"
11384488247,19267,"2026-09-26T07:35:35.000-06:00",0.952047407627106,0.756518661975861,9.46309445723741,"almost_certain","BirdNET",NA,10.2198,-83.7874,FALSE,229,"Great Kiskadee","Pitangus sulphuratus","#7d4410","avian","https://media.birdweather.com/species/229/GreatKiskadee-standard-cd28a1b8e8b8e5aed433e809c229004e.jpg","https://media.birdweather.com/species/229/GreatKiskadee-thumbnail-b2749ed2442fb322cf3c4cb72f9c97f6.jpg","https://media.birdweather.com/species/229/GreatKiskadee-png200-003973af4f863deb00a4ce9b6f10e59c.png","0PgFDwIrhYqfZJh1mVe3SZZ3uKEJBncG",17401156808,"https://media.birdweather.com/soundscapes/19267/19267-20260926-133529.flac",6,9,"live"
11384488245,19267,"2026-09-26T07:35:33.500-06:00",0.983049809932709,0.756518661975861,9.52673166238049,"almost_certain","BirdNET",NA,10.2198,-83.7874,FALSE,229,"Great Kiskadee","Pitangus sulphuratus","#7d4410","avian","https://media.birdweather.com/species/229/GreatKiskadee-standard-cd28a1b8e8b8e5aed433e809c229004e.jpg","https://media.birdweather.com/species/229/GreatKiskadee-thumbnail-b2749ed2442fb322cf3c4cb72f9c97f6.jpg","https://media.birdweather.com/species/229/GreatKiskadee-png200-003973af4f863deb00a4ce9b6f10e59c.png","0PgFDwIrhYqfZJh1mVe3SZZ3uKEJBncG",17401156808,"https://media.birdweather.com/soundscapes/19267/19267-20260926-133529.flac",4.5,7.5,"live"
11384488235,19267,"2026-09-26T07:35:32.000-06:00",0.971487402915955,0.756518661975861,9.5033422977843,"almost_certain","BirdNET",NA,10.2198,-83.7874,FALSE,229,"Great Kiskadee","Pitangus sulphuratus","#7d4410","avian","https://media.birdweather.com/species/229/GreatKiskadee-standard-cd28a1b8e8b8e5aed433e809c229004e.jpg","https://media.birdweather.com/species/229/GreatKiskadee-thumbnail-b2749ed2442fb322cf3c4cb72f9c97f6.jpg","https://media.birdweather.com/species/229/GreatKiskadee-png200-003973af4f863deb00a4ce9b6f10e59c.png","0PgFDwIrhYqfZJh1mVe3SZZ3uKEJBncG",17401156808,"https://media.birdweather.com/soundscapes/19267/19267-20260926-133529.flac",3,6,"live"
11384157142,19267,"2026-09-26T07:16:53.000-06:00",0.869613349437714,0.756523489952087,9.27793460683601,"almost_certain","BirdNET",NA,10.2198,-83.7874,FALSE,229,"Great Kiskadee","Pitangus sulphuratus","#7d4410","avian","https://media.birdweather.com/species/229/GreatKiskadee-standard-cd28a1b8e8b8e5aed433e809c229004e.jpg","https://media.birdweather.com/species/229/GreatKiskadee-thumbnail-b2749ed2442fb322cf3c4cb72f9c97f6.jpg","https://media.birdweather.com/species/229/GreatKiskadee-png200-003973af4f863deb00a4ce9b6f10e59c.png","0PgFDwIrhYqfZJh1mVe3SZZ3uKEJBncG",17400599966,"https://media.birdweather.com/soundscapes/19267/19267-20260926-131653.flac",0,3,"live"
11384026550,19267,"2026-09-26T07:09:21.000-06:00",0.705755829811096,0.231051817536354,7.22833289356216,"almost_certain","BirdNET",NA,10.2198,-83.7874,FALSE,501,"White-winged Dove","Zenaida asiatica","#d16ff8","avian","https://media.birdweather.com/species/501/White-wingedDove-standard-6528ef689b07d5a91f1c2275cdef19c9.jpg","https://media.birdweather.com/species/501/White-wingedDove-thumbnail-4a940adfd5a6c78c73c48c5095e7b896.jpg","https://media.birdweather.com/species/501/White-wingedDove-png200-d65decd3d571b5a9dbeca249ef97689f.png","IscJLwb6hoVelZWZdoh3eIeIdxBoB4IG",17400376098,"https://media.birdweather.com/soundscapes/19267/19267-20260926-130918.flac",3,6,"live"
11384020890,19267,"2026-09-26T07:09:08.000-06:00",0.781805217266083,0.231064170598984,7.46375313149111,"almost_certain","BirdNET",NA,10.2198,-83.7874,FALSE,501,"White-winged Dove","Zenaida asiatica","#d16ff8","avian","https://media.birdweather.com/species/501/White-wingedDove-standard-6528ef689b07d5a91f1c2275cdef19c9.jpg","https://media.birdweather.com/species/501/White-wingedDove-thumbnail-4a940adfd5a6c78c73c48c5095e7b896.jpg","https://media.birdweather.com/species/501/White-wingedDove-png200-d65decd3d571b5a9dbeca249ef97689f.png","IscJLwb6hoVelZWZdoh3eIeIdxBoB4IG",17400366586,"https://media.birdweather.com/soundscapes/19267/19267-20260926-130905.flac",3,6,"live"
11383751378,19267,"2026-09-26T06:52:47.500-06:00",0.801285922527313,0.0286502800881863,5.0102579144766,"almost_certain","BirdNET",NA,10.2198,-83.7874,FALSE,1104,"Black-headed Saltator","Saltator atriceps","#ff5499","avian","https://media.birdweather.com/species/1104/Black-headedSaltator-standard-3159be3001c869c7db8f9d22173fe6d6.jpg","https://media.birdweather.com/species/1104/Black-headedSaltator-thumbnail-c7f067dd41ea0a1a2952384b5b9a0212.jpg","https://media.birdweather.com/species/1104/Black-headedSaltator-png200-8d7a7f8741c6037857493b2860ffed9a.png","HAoGFwSXCqi0NV1rlzW4SaiKyTgGWs8E",17399901984,"https://media.birdweather.com/soundscapes/19267/19267-20260926-125243.flac",4.5,7.5,"live"
11383751371,19267,"2026-09-26T06:52:46.000-06:00",0.979195952415466,0.0286502800881863,5.42637217063929,"almost_certain","BirdNET",NA,10.2198,-83.7874,FALSE,1104,"Black-headed Saltator","Saltator atriceps","#ff5499","avian","https://media.birdweather.com/species/1104/Black-headedSaltator-standard-3159be3001c869c7db8f9d22173fe6d6.jpg","https://media.birdweather.com/species/1104/Black-headedSaltator-thumbnail-c7f067dd41ea0a1a2952384b5b9a0212.jpg","https://media.birdweather.com/species/1104/Black-headedSaltator-png200-8d7a7f8741c6037857493b2860ffed9a.png","HAoGFwSXCqi0NV1rlzW4SaiKyTgGWs8E",17399901984,"https://media.birdweather.com/soundscapes/19267/19267-20260926-125243.flac",3,6,"live"
11383717393,19267,"2026-09-26T06:51:39.000-06:00",0.956670343875885,0.0286474730819464,5.38006593611799,"almost_certain","BirdNET",NA,10.2198,-83.7874,FALSE,1104,"Black-headed Saltator","Saltator atriceps","#ff5499","avian","https://media.birdweather.com/species/1104/Black-headedSaltator-standard-3159be3001c869c7db8f9d22173fe6d6.jpg","https://media.birdweather.com/species/1104/Black-headedSaltator-thumbnail-c7f067dd41ea0a1a2952384b5b9a0212.jpg","https://media.birdweather.com/species/1104/Black-headedSaltator-png200-8d7a7f8741c6037857493b2860ffed9a.png","HAoGFwSXCqi0NV1rlzW4SaiKyTgGWs8E",17399843303,"https://media.birdweather.com/soundscapes/19267/19267-20260926-125136.flac",3,6,"live"
11383717387,19267,"2026-09-26T06:51:36.000-06:00",0.934761941432953,0.0286474730819464,5.33357895961315,"almost_certain","BirdNET",NA,10.2198,-83.7874,FALSE,1104,"Black-headed Saltator","Saltator atriceps","#ff5499","avian","https://media.birdweather.com/species/1104/Black-headedSaltator-standard-3159be3001c869c7db8f9d22173fe6d6.jpg","https://media.birdweather.com/species/1104/Black-headedSaltator-thumbnail-c7f067dd41ea0a1a2952384b5b9a0212.jpg","https://media.birdweather.com/species/1104/Black-headedSaltator-png200-8d7a7f8741c6037857493b2860ffed9a.png","HAoGFwSXCqi0NV1rlzW4SaiKyTgGWs8E",17399843303,"https://media.birdweather.com/soundscapes/19267/19267-20260926-125136.flac",0,3,"live"
11383495711,19267,"2026-09-26T06:38:56.000-06:00",0.758108258247375,0.231058046221733,7.39462320983581,"almost_certain","BirdNET",NA,10.2198,-83.7874,FALSE,501,"White-winged Dove","Zenaida asiatica","#d16ff8","avian","https://media.birdweather.com/species/501/White-wingedDove-standard-6528ef689b07d5a91f1c2275cdef19c9.jpg","https://media.birdweather.com/species/501/White-wingedDove-thumbnail-4a940adfd5a6c78c73c48c5095e7b896.jpg","https://media.birdweather.com/species/501/White-wingedDove-png200-d65decd3d571b5a9dbeca249ef97689f.png","IscJLwb6hoVelZWZdoh3eIeIdxBoB4IG",17399461956,"https://media.birdweather.com/soundscapes/19267/19267-20260926-123856.flac",0,3,"live"
11383487806,19267,"2026-09-26T06:38:17.500-06:00",0.800462484359741,0.783959150314331,9.14880047782417,"almost_certain","BirdNET",NA,10.2198,-83.7874,FALSE,547,"Clay-colored Thrush","Turdus grayi","#6a35aa","avian","https://media.birdweather.com/species/547/Clay-coloredThrush-standard-6bfc97468790235aef16f793d0f164d2.jpg","https://media.birdweather.com/species/547/Clay-coloredThrush-thumbnail-a430288208e6c65f3790075ad1f1192e.jpg","https://media.birdweather.com/species/547/Clay-coloredThrush-png200-1247890112c02c6395175d20c306cf45.png","m/gFDwZ7toiKZoh0hQl26Wx8OeevSGcA",17399448282,"https://media.birdweather.com/soundscapes/19267/19267-20260926-123813.flac",4.5,7.5,"live"
11383487802,19267,"2026-09-26T06:38:16.000-06:00",0.725419998168945,0.783959150314331,8.92623613088843,"almost_certain","BirdNET",NA,10.2198,-83.7874,FALSE,547,"Clay-colored Thrush","Turdus grayi","#6a35aa","avian","https://media.birdweather.com/species/547/Clay-coloredThrush-standard-6bfc97468790235aef16f793d0f164d2.jpg","https://media.birdweather.com/species/547/Clay-coloredThrush-thumbnail-a430288208e6c65f3790075ad1f1192e.jpg","https://media.birdweather.com/species/547/Clay-coloredThrush-png200-1247890112c02c6395175d20c306cf45.png","m/gFDwZ7toiKZoh0hQl26Wx8OeevSGcA",17399448282,"https://media.birdweather.com/soundscapes/19267/19267-20260926-123813.flac",3,6,"live"
11383487793,19267,"2026-09-26T06:38:13.000-06:00",0.89138787984848,0.783959150314331,9.37750755663808,"almost_certain","BirdNET",NA,10.2198,-83.7874,FALSE,547,"Clay-colored Thrush","Turdus grayi","#6a35aa","avian","https://media.birdweather.com/species/547/Clay-coloredThrush-standard-6bfc97468790235aef16f793d0f164d2.jpg","https://media.birdweather.com/species/547/Clay-coloredThrush-thumbnail-a430288208e6c65f3790075ad1f1192e.jpg","https://media.birdweather.com/species/547/Clay-coloredThrush-png200-1247890112c02c6395175d20c306cf45.png","m/gFDwZ7toiKZoh0hQl26Wx8OeevSGcA",17399448282,"https://media.birdweather.com/soundscapes/19267/19267-20260926-123813.flac",0,3,"live"
11383479907,19267,"2026-09-26T06:38:06.000-06:00",0.814926147460938,0.783959150314331,9.18783293926956,"almost_certain","BirdNET",NA,10.2198,-83.7874,FALSE,547,"Clay-colored Thrush","Turdus grayi","#6a35aa","avian","https://media.birdweather.com/species/547/Clay-coloredThrush-standard-6bfc97468790235aef16f793d0f164d2.jpg","https://media.birdweather.com/species/547/Clay-coloredThrush-thumbnail-a430288208e6c65f3790075ad1f1192e.jpg","https://media.birdweather.com/species/547/Clay-coloredThrush-png200-1247890112c02c6395175d20c306cf45.png","m/gFDwZ7toiKZoh0hQl26Wx8OeevSGcA",17399434292,"https://media.birdweather.com/soundscapes/19267/19267-20260926-123800.flac",6,9,"live"
11383479899,19267,"2026-09-26T06:38:01.500-06:00",0.887474596500397,0.783959150314331,9.36841197850766,"almost_certain","BirdNET",NA,10.2198,-83.7874,FALSE,547,"Clay-colored Thrush","Turdus grayi","#6a35aa","avian","https://media.birdweather.com/species/547/Clay-coloredThrush-standard-6bfc97468790235aef16f793d0f164d2.jpg","https://media.birdweather.com/species/547/Clay-coloredThrush-thumbnail-a430288208e6c65f3790075ad1f1192e.jpg","https://media.birdweather.com/species/547/Clay-coloredThrush-png200-1247890112c02c6395175d20c306cf45.png","m/gFDwZ7toiKZoh0hQl26Wx8OeevSGcA",17399434292,"https://media.birdweather.com/soundscapes/19267/19267-20260926-123800.flac",1.5,4.5,"live"
11383479893,19267,"2026-09-26T06:38:00.000-06:00",0.776631951332092,0.783959150314331,9.0819608670502,"almost_certain","BirdNET",NA,10.2198,-83.7874,FALSE,547,"Clay-colored Thrush","Turdus grayi","#6a35aa","avian","https://media.birdweather.com/species/547/Clay-coloredThrush-standard-6bfc97468790235aef16f793d0f164d2.jpg","https://media.birdweather.com/species/547/Clay-coloredThrush-thumbnail-a430288208e6c65f3790075ad1f1192e.jpg","https://media.birdweather.com/species/547/Clay-coloredThrush-png200-1247890112c02c6395175d20c306cf45.png","m/gFDwZ7toiKZoh0hQl26Wx8OeevSGcA",17399434292,"https://media.birdweather.com/soundscapes/19267/19267-20260926-123800.flac",0,3,"live"
11383465729,19267,"2026-09-26T06:37:17.000-06:00",0.819594740867615,0.783959150314331,9.20019811518578,"almost_certain","BirdNET",NA,10.2198,-83.7874,FALSE,547,"Clay-colored Thrush","Turdus grayi","#6a35aa","avian","https://media.birdweather.com/species/547/Clay-coloredThrush-standard-6bfc97468790235aef16f793d0f164d2.jpg","https://media.birdweather.com/species/547/Clay-coloredThrush-thumbnail-a430288208e6c65f3790075ad1f1192e.jpg","https://media.birdweather.com/species/547/Clay-coloredThrush-png200-1247890112c02c6395175d20c306cf45.png","m/gFDwZ7toiKZoh0hQl26Wx8OeevSGcA",17399409564,"https://media.birdweather.com/soundscapes/19267/19267-20260926-123711.flac",6,9,"live"
11383465725,19267,"2026-09-26T06:37:12.500-06:00",0.929661929607391,0.783959150314331,9.463421547828,"almost_certain","BirdNET",NA,10.2198,-83.7874,FALSE,547,"Clay-colored Thrush","Turdus grayi","#6a35aa","avian","https://media.birdweather.com/species/547/Clay-coloredThrush-standard-6bfc97468790235aef16f793d0f164d2.jpg","https://media.birdweather.com/species/547/Clay-coloredThrush-thumbnail-a430288208e6c65f3790075ad1f1192e.jpg","https://media.birdweather.com/species/547/Clay-coloredThrush-png200-1247890112c02c6395175d20c306cf45.png","m/gFDwZ7toiKZoh0hQl26Wx8OeevSGcA",17399409564,"https://media.birdweather.com/soundscapes/19267/19267-20260926-123711.flac",1.5,4.5,"live"
11383465719,19267,"2026-09-26T06:37:11.000-06:00",0.70630806684494,0.783959150314331,8.86326373190923,"almost_certain","BirdNET",NA,10.2198,-83.7874,FALSE,547,"Clay-colored Thrush","Turdus grayi","#6a35aa","avian","https://media.birdweather.com/species/547/Clay-coloredThrush-standard-6bfc97468790235aef16f793d0f164d2.jpg","https://media.birdweather.com/species/547/Clay-coloredThrush-thumbnail-a430288208e6c65f3790075ad1f1192e.jpg","https://media.birdweather.com/species/547/Clay-coloredThrush-png200-1247890112c02c6395175d20c306cf45.png","m/gFDwZ7toiKZoh0hQl26Wx8OeevSGcA",17399409564,"https://media.birdweather.com/soundscapes/19267/19267-20260926-123711.flac",0,3,"live"
11383437152,19267,"2026-09-26T06:35:37.000-06:00",0.864200115203857,0.231059104204178,7.68000498318372,"almost_certain","BirdNET",NA,10.2198,-83.7874,FALSE,501,"White-winged Dove","Zenaida asiatica","#d16ff8","avian","https://media.birdweather.com/species/501/White-wingedDove-standard-6528ef689b07d5a91f1c2275cdef19c9.jpg","https://media.birdweather.com/species/501/White-wingedDove-thumbnail-4a940adfd5a6c78c73c48c5095e7b896.jpg","https://media.birdweather.com/species/501/White-wingedDove-png200-d65decd3d571b5a9dbeca249ef97689f.png","IscJLwb6hoVelZWZdoh3eIeIdxBoB4IG",17399359824,"https://media.birdweather.com/soundscapes/19267/19267-20260926-123531.flac",6,9,"live"
11383397966,19267,"2026-09-26T06:33:16.000-06:00",0.971621036529541,0.231059104204178,7.91877576877795,"almost_certain","BirdNET",NA,10.2198,-83.7874,FALSE,501,"White-winged Dove","Zenaida asiatica","#d16ff8","avian","https://media.birdweather.com/species/501/White-wingedDove-standard-6528ef689b07d5a91f1c2275cdef19c9.jpg","https://media.birdweather.com/species/501/White-wingedDove-thumbnail-4a940adfd5a6c78c73c48c5095e7b896.jpg","https://media.birdweather.com/species/501/White-wingedDove-png200-d65decd3d571b5a9dbeca249ef97689f.png","IscJLwb6hoVelZWZdoh3eIeIdxBoB4IG",17399292288,"https://media.birdweather.com/soundscapes/19267/19267-20260926-123310.flac",6,9,"live"
11383391952,19267,"2026-09-26T06:33:00.000-06:00",0.97435587644577,0.231065765023232,7.92438093408795,"almost_certain","BirdNET",NA,10.2198,-83.7874,FALSE,501,"White-winged Dove","Zenaida asiatica","#d16ff8","avian","https://media.birdweather.com/species/501/White-wingedDove-standard-6528ef689b07d5a91f1c2275cdef19c9.jpg","https://media.birdweather.com/species/501/White-wingedDove-thumbnail-4a940adfd5a6c78c73c48c5095e7b896.jpg","https://media.birdweather.com/species/501/White-wingedDove-png200-d65decd3d571b5a9dbeca249ef97689f.png","IscJLwb6hoVelZWZdoh3eIeIdxBoB4IG",17399281646,"https://media.birdweather.com/soundscapes/19267/19267-20260926-123254.flac",6,9,"live"
11383391948,19267,"2026-09-26T06:32:58.500-06:00",0.755648732185364,0.231065765023232,7.38729190226115,"almost_certain","BirdNET",NA,10.2198,-83.7874,FALSE,501,"White-winged Dove","Zenaida asiatica","#d16ff8","avian","https://media.birdweather.com/species/501/White-wingedDove-standard-6528ef689b07d5a91f1c2275cdef19c9.jpg","https://media.birdweather.com/species/501/White-wingedDove-thumbnail-4a940adfd5a6c78c73c48c5095e7b896.jpg","https://media.birdweather.com/species/501/White-wingedDove-png200-d65decd3d571b5a9dbeca249ef97689f.png","IscJLwb6hoVelZWZdoh3eIeIdxBoB4IG",17399281646,"https://media.birdweather.com/soundscapes/19267/19267-20260926-123254.flac",4.5,7.5,"live"
11383388271,19267,"2026-09-26T06:32:46.000-06:00",0.96822315454483,0.231065765023232,7.91186489257839,"almost_certain","BirdNET",NA,10.2198,-83.7874,FALSE,501,"White-winged Dove","Zenaida asiatica","#d16ff8","avian","https://media.birdweather.com/species/501/White-wingedDove-standard-6528ef689b07d5a91f1c2275cdef19c9.jpg","https://media.birdweather.com/species/501/White-wingedDove-thumbnail-4a940adfd5a6c78c73c48c5095e7b896.jpg","https://media.birdweather.com/species/501/White-wingedDove-png200-d65decd3d571b5a9dbeca249ef97689f.png","IscJLwb6hoVelZWZdoh3eIeIdxBoB4IG",17399275084,"https://media.birdweather.com/soundscapes/19267/19267-20260926-123240.flac",6,9,"live"
11383388270,19267,"2026-09-26T06:32:44.500-06:00",0.783646941184998,0.231065765023232,7.46898910083812,"almost_certain","BirdNET",NA,10.2198,-83.7874,FALSE,501,"White-winged Dove","Zenaida asiatica","#d16ff8","avian","https://media.birdweather.com/species/501/White-wingedDove-standard-6528ef689b07d5a91f1c2275cdef19c9.jpg","https://media.birdweather.com/species/501/White-wingedDove-thumbnail-4a940adfd5a6c78c73c48c5095e7b896.jpg","https://media.birdweather.com/species/501/White-wingedDove-png200-d65decd3d571b5a9dbeca249ef97689f.png","IscJLwb6hoVelZWZdoh3eIeIdxBoB4IG",17399275084,"https://media.birdweather.com/soundscapes/19267/19267-20260926-123240.flac",4.5,7.5,"live"
11383384128,19267,"2026-09-26T06:32:33.000-06:00",0.906166017055511,0.231065765023232,7.77833335260592,"almost_certain","BirdNET",NA,10.2198,-83.7874,FALSE,501,"White-winged Dove","Zenaida asiatica","#d16ff8","avian","https://media.birdweather.com/species/501/White-wingedDove-standard-6528ef689b07d5a91f1c2275cdef19c9.jpg","https://media.birdweather.com/species/501/White-wingedDove-thumbnail-4a940adfd5a6c78c73c48c5095e7b896.jpg","https://media.birdweather.com/species/501/White-wingedDove-png200-d65decd3d571b5a9dbeca249ef97689f.png","IscJLwb6hoVelZWZdoh3eIeIdxBoB4IG",17399267859,"https://media.birdweather.com/soundscapes/19267/19267-20260926-123227.flac",6,9,"live"
11383384126,19267,"2026-09-26T06:32:31.500-06:00",0.97994989156723,0.231065765023232,7.93569868002514,"almost_certain","BirdNET",NA,10.2198,-83.7874,FALSE,501,"White-winged Dove","Zenaida asiatica","#d16ff8","avian","https://media.birdweather.com/species/501/White-wingedDove-standard-6528ef689b07d5a91f1c2275cdef19c9.jpg","https://media.birdweather.com/species/501/White-wingedDove-thumbnail-4a940adfd5a6c78c73c48c5095e7b896.jpg","https://media.birdweather.com/species/501/White-wingedDove-png200-d65decd3d571b5a9dbeca249ef97689f.png","IscJLwb6hoVelZWZdoh3eIeIdxBoB4IG",17399267859,"https://media.birdweather.com/soundscapes/19267/19267-20260926-123227.flac",4.5,7.5,"live"
11383384122,19267,"2026-09-26T06:32:30.000-06:00",0.912201821804047,0.231065765023232,7.79190744720965,"almost_certain","BirdNET",NA,10.2198,-83.7874,FALSE,501,"White-winged Dove","Zenaida asiatica","#d16ff8","avian","https://media.birdweather.com/species/501/White-wingedDove-standard-6528ef689b07d5a91f1c2275cdef19c9.jpg","https://media.birdweather.com/species/501/White-wingedDove-thumbnail-4a940adfd5a6c78c73c48c5095e7b896.jpg","https://media.birdweather.com/species/501/White-wingedDove-png200-d65decd3d571b5a9dbeca249ef97689f.png","IscJLwb6hoVelZWZdoh3eIeIdxBoB4IG",17399267859,"https://media.birdweather.com/soundscapes/19267/19267-20260926-123227.flac",3,6,"live"
11383384118,19267,"2026-09-26T06:32:27.000-06:00",0.949017107486725,0.231065765023232,7.87191143829115,"almost_certain","BirdNET",NA,10.2198,-83.7874,FALSE,501,"White-winged Dove","Zenaida asiatica","#d16ff8","avian","https://media.birdweather.com/species/501/White-wingedDove-standard-6528ef689b07d5a91f1c2275cdef19c9.jpg","https://media.birdweather.com/species/501/White-wingedDove-thumbnail-4a940adfd5a6c78c73c48c5095e7b896.jpg","https://media.birdweather.com/species/501/White-wingedDove-png200-d65decd3d571b5a9dbeca249ef97689f.png","IscJLwb6hoVelZWZdoh3eIeIdxBoB4IG",17399267859,"https://media.birdweather.com/soundscapes/19267/19267-20260926-123227.flac",0,3,"live"
11383380110,19267,"2026-09-26T06:32:18.000-06:00",0.985341906547546,0.231065765023232,7.9465199549201,"almost_certain","BirdNET",NA,10.2198,-83.7874,FALSE,501,"White-winged Dove","Zenaida asiatica","#d16ff8","avian","https://media.birdweather.com/species/501/White-wingedDove-standard-6528ef689b07d5a91f1c2275cdef19c9.jpg","https://media.birdweather.com/species/501/White-wingedDove-thumbnail-4a940adfd5a6c78c73c48c5095e7b896.jpg","https://media.birdweather.com/species/501/White-wingedDove-png200-d65decd3d571b5a9dbeca249ef97689f.png","IscJLwb6hoVelZWZdoh3eIeIdxBoB4IG",17399260720,"https://media.birdweather.com/soundscapes/19267/19267-20260926-123212.flac",6,9,"live"
11383380107,19267,"2026-09-26T06:32:16.500-06:00",0.862140238285065,0.231065765023232,7.67503185772599,"almost_certain","BirdNET",NA,10.2198,-83.7874,FALSE,501,"White-winged Dove","Zenaida asiatica","#d16ff8","avian","https://media.birdweather.com/species/501/White-wingedDove-standard-6528ef689b07d5a91f1c2275cdef19c9.jpg","https://media.birdweather.com/species/501/White-wingedDove-thumbnail-4a940adfd5a6c78c73c48c5095e7b896.jpg","https://media.birdweather.com/species/501/White-wingedDove-png200-d65decd3d571b5a9dbeca249ef97689f.png","IscJLwb6hoVelZWZdoh3eIeIdxBoB4IG",17399260720,"https://media.birdweather.com/soundscapes/19267/19267-20260926-123212.flac",4.5,7.5,"live"
11383380104,19267,"2026-09-26T06:32:13.500-06:00",0.932325184345245,0.231065765023232,7.83621570180305,"almost_certain","BirdNET",NA,10.2198,-83.7874,FALSE,501,"White-winged Dove","Zenaida asiatica","#d16ff8","avian","https://media.birdweather.com/species/501/White-wingedDove-standard-6528ef689b07d5a91f1c2275cdef19c9.jpg","https://media.birdweather.com/species/501/White-wingedDove-thumbnail-4a940adfd5a6c78c73c48c5095e7b896.jpg","https://media.birdweather.com/species/501/White-wingedDove-png200-d65decd3d571b5a9dbeca249ef97689f.png","IscJLwb6hoVelZWZdoh3eIeIdxBoB4IG",17399260720,"https://media.birdweather.com/soundscapes/19267/19267-20260926-123212.flac",1.5,4.5,"live"
11383380101,19267,"2026-09-26T06:32:12.000-06:00",0.97378009557724,0.231065765023232,7.9232106962867,"almost_certain","BirdNET",NA,10.2198,-83.7874,FALSE,501,"White-winged Dove","Zenaida asiatica","#d16ff8","avian","https://media.birdweather.com/species/501/White-wingedDove-standard-6528ef689b07d5a91f1c2275cdef19c9.jpg","https://media.birdweather.com/species/501/White-wingedDove-thumbnail-4a940adfd5a6c78c73c48c5095e7b896.jpg","https://media.birdweather.com/species/501/White-wingedDove-png200-d65decd3d571b5a9dbeca249ef97689f.png","IscJLwb6hoVelZWZdoh3eIeIdxBoB4IG",17399260720,"https://media.birdweather.com/soundscapes/19267/19267-20260926-123212.flac",0,3,"live"
11383376442,19267,"2026-09-26T06:32:06.000-06:00",0.715509593486786,0.231065765023232,7.26095531717975,"almost_certain","BirdNET",NA,10.2198,-83.7874,FALSE,501,"White-winged Dove","Zenaida asiatica","#d16ff8","avian","https://media.birdweather.com/species/501/White-wingedDove-standard-6528ef689b07d5a91f1c2275cdef19c9.jpg","https://media.birdweather.com/species/501/White-wingedDove-thumbnail-4a940adfd5a6c78c73c48c5095e7b896.jpg","https://media.birdweather.com/species/501/White-wingedDove-png200-d65decd3d571b5a9dbeca249ef97689f.png","IscJLwb6hoVelZWZdoh3eIeIdxBoB4IG",17399254261,"https://media.birdweather.com/soundscapes/19267/19267-20260926-123200.flac",6,9,"live"
11383373008,19267,"2026-09-26T06:31:50.000-06:00",0.941929757595062,0.231065765023232,7.856868577632,"almost_certain","BirdNET",NA,10.2198,-83.7874,FALSE,501,"White-winged Dove","Zenaida asiatica","#d16ff8","avian","https://media.birdweather.com/species/501/White-wingedDove-standard-6528ef689b07d5a91f1c2275cdef19c9.jpg","https://media.birdweather.com/species/501/White-wingedDove-thumbnail-4a940adfd5a6c78c73c48c5095e7b896.jpg","https://media.birdweather.com/species/501/White-wingedDove-png200-d65decd3d571b5a9dbeca249ef97689f.png","IscJLwb6hoVelZWZdoh3eIeIdxBoB4IG",17399248159,"https://media.birdweather.com/soundscapes/19267/19267-20260926-123147.flac",3,6,"live"
11383373007,19267,"2026-09-26T06:31:48.500-06:00",0.960546016693115,0.231065765023232,7.89603400770066,"almost_certain","BirdNET",NA,10.2198,-83.7874,FALSE,501,"White-winged Dove","Zenaida asiatica","#d16ff8","avian","https://media.birdweather.com/species/501/White-wingedDove-standard-6528ef689b07d5a91f1c2275cdef19c9.jpg","https://media.birdweather.com/species/501/White-wingedDove-thumbnail-4a940adfd5a6c78c73c48c5095e7b896.jpg","https://media.birdweather.com/species/501/White-wingedDove-png200-d65decd3d571b5a9dbeca249ef97689f.png","IscJLwb6hoVelZWZdoh3eIeIdxBoB4IG",17399248159,"https://media.birdweather.com/soundscapes/19267/19267-20260926-123147.flac",1.5,4.5,"live"
11383373005,19267,"2026-09-26T06:31:47.000-06:00",0.919531404972076,0.231065765023232,7.80821235357696,"almost_certain","BirdNET",NA,10.2198,-83.7874,FALSE,501,"White-winged Dove","Zenaida asiatica","#d16ff8","avian","https://media.birdweather.com/species/501/White-wingedDove-standard-6528ef689b07d5a91f1c2275cdef19c9.jpg","https://media.birdweather.com/species/501/White-wingedDove-thumbnail-4a940adfd5a6c78c73c48c5095e7b896.jpg","https://media.birdweather.com/species/501/White-wingedDove-png200-d65decd3d571b5a9dbeca249ef97689f.png","IscJLwb6hoVelZWZdoh3eIeIdxBoB4IG",17399248159,"https://media.birdweather.com/soundscapes/19267/19267-20260926-123147.flac",0,3,"live"
11383368774,19267,"2026-09-26T06:31:35.500-06:00",0.88927298784256,0.231065765023232,7.73961119174193,"almost_certain","BirdNET",NA,10.2198,-83.7874,FALSE,501,"White-winged Dove","Zenaida asiatica","#d16ff8","avian","https://media.birdweather.com/species/501/White-wingedDove-standard-6528ef689b07d5a91f1c2275cdef19c9.jpg","https://media.birdweather.com/species/501/White-wingedDove-thumbnail-4a940adfd5a6c78c73c48c5095e7b896.jpg","https://media.birdweather.com/species/501/White-wingedDove-png200-d65decd3d571b5a9dbeca249ef97689f.png","IscJLwb6hoVelZWZdoh3eIeIdxBoB4IG",17399240515,"https://media.birdweather.com/soundscapes/19267/19267-20260926-123131.flac",4.5,7.5,"live"
11383368769,19267,"2026-09-26T06:31:34.000-06:00",0.99358057975769,0.231065765023232,7.96289087745946,"almost_certain","BirdNET",NA,10.2198,-83.7874,FALSE,501,"White-winged Dove","Zenaida asiatica","#d16ff8","avian","https://media.birdweather.com/species/501/White-wingedDove-standard-6528ef689b07d5a91f1c2275cdef19c9.jpg","https://media.birdweather.com/species/501/White-wingedDove-thumbnail-4a940adfd5a6c78c73c48c5095e7b896.jpg","https://media.birdweather.com/species/501/White-wingedDove-png200-d65decd3d571b5a9dbeca249ef97689f.png","IscJLwb6hoVelZWZdoh3eIeIdxBoB4IG",17399240515,"https://media.birdweather.com/soundscapes/19267/19267-20260926-123131.flac",3,6,"live"
11383368755,19267,"2026-09-26T06:31:31.000-06:00",0.771426141262054,0.231065765023232,7.43392705158365,"almost_certain","BirdNET",NA,10.2198,-83.7874,FALSE,501,"White-winged Dove","Zenaida asiatica","#d16ff8","avian","https://media.birdweather.com/species/501/White-wingedDove-standard-6528ef689b07d5a91f1c2275cdef19c9.jpg","https://media.birdweather.com/species/501/White-wingedDove-thumbnail-4a940adfd5a6c78c73c48c5095e7b896.jpg","https://media.birdweather.com/species/501/White-wingedDove-png200-d65decd3d571b5a9dbeca249ef97689f.png","IscJLwb6hoVelZWZdoh3eIeIdxBoB4IG",17399240515,"https://media.birdweather.com/soundscapes/19267/19267-20260926-123131.flac",0,3,"live"
11383359242,19267,"2026-09-26T06:31:04.000-06:00",0.954770863056183,0.231061026453972,7.88397649943475,"almost_certain","BirdNET",NA,10.2198,-83.7874,FALSE,501,"White-winged Dove","Zenaida asiatica","#d16ff8","avian","https://media.birdweather.com/species/501/White-wingedDove-standard-6528ef689b07d5a91f1c2275cdef19c9.jpg","https://media.birdweather.com/species/501/White-wingedDove-thumbnail-4a940adfd5a6c78c73c48c5095e7b896.jpg","https://media.birdweather.com/species/501/White-wingedDove-png200-d65decd3d571b5a9dbeca249ef97689f.png","IscJLwb6hoVelZWZdoh3eIeIdxBoB4IG",17399223646,"https://media.birdweather.com/soundscapes/19267/19267-20260926-123058.flac",6,9,"live"
11383359238,19267,"2026-09-26T06:31:02.500-06:00",0.951964914798737,0.231061026453972,7.87809289987902,"almost_certain","BirdNET",NA,10.2198,-83.7874,FALSE,501,"White-winged Dove","Zenaida asiatica","#d16ff8","avian","https://media.birdweather.com/species/501/White-wingedDove-standard-6528ef689b07d5a91f1c2275cdef19c9.jpg","https://media.birdweather.com/species/501/White-wingedDove-thumbnail-4a940adfd5a6c78c73c48c5095e7b896.jpg","https://media.birdweather.com/species/501/White-wingedDove-png200-d65decd3d571b5a9dbeca249ef97689f.png","IscJLwb6hoVelZWZdoh3eIeIdxBoB4IG",17399223646,"https://media.birdweather.com/soundscapes/19267/19267-20260926-123058.flac",4.5,7.5,"live"
11383246577,19267,"2026-09-26T06:24:27.000-06:00",0.837701022624969,0.756518304347992,9.19893783700447,"almost_certain","BirdNET",NA,10.2198,-83.7874,FALSE,229,"Great Kiskadee","Pitangus sulphuratus","#7d4410","avian","https://media.birdweather.com/species/229/GreatKiskadee-standard-cd28a1b8e8b8e5aed433e809c229004e.jpg","https://media.birdweather.com/species/229/GreatKiskadee-thumbnail-b2749ed2442fb322cf3c4cb72f9c97f6.jpg","https://media.birdweather.com/species/229/GreatKiskadee-png200-003973af4f863deb00a4ce9b6f10e59c.png","0PgFDwIrhYqfZJh1mVe3SZZ3uKEJBncG",17399025535,"https://media.birdweather.com/soundscapes/19267/19267-20260926-122421.flac",6,9,"live"
11383246574,19267,"2026-09-26T06:24:25.500-06:00",0.758022010326385,0.756518304347992,8.97920977704815,"almost_certain","BirdNET",NA,10.2198,-83.7874,FALSE,229,"Great Kiskadee","Pitangus sulphuratus","#7d4410","avian","https://media.birdweather.com/species/229/GreatKiskadee-standard-cd28a1b8e8b8e5aed433e809c229004e.jpg","https://media.birdweather.com/species/229/GreatKiskadee-thumbnail-b2749ed2442fb322cf3c4cb72f9c97f6.jpg","https://media.birdweather.com/species/229/GreatKiskadee-png200-003973af4f863deb00a4ce9b6f10e59c.png","0PgFDwIrhYqfZJh1mVe3SZZ3uKEJBncG",17399025535,"https://media.birdweather.com/soundscapes/19267/19267-20260926-122421.flac",4.5,7.5,"live"
11383246567,19267,"2026-09-26T06:24:22.500-06:00",0.743576645851135,0.756518304347992,8.93530588954453,"almost_certain","BirdNET",NA,10.2198,-83.7874,FALSE,229,"Great Kiskadee","Pitangus sulphuratus","#7d4410","avian","https://media.birdweather.com/species/229/GreatKiskadee-standard-cd28a1b8e8b8e5aed433e809c229004e.jpg","https://media.birdweather.com/species/229/GreatKiskadee-thumbnail-b2749ed2442fb322cf3c4cb72f9c97f6.jpg","https://media.birdweather.com/species/229/GreatKiskadee-png200-003973af4f863deb00a4ce9b6f10e59c.png","0PgFDwIrhYqfZJh1mVe3SZZ3uKEJBncG",17399025535,"https://media.birdweather.com/soundscapes/19267/19267-20260926-122421.flac",1.5,4.5,"live"
11383242657,19267,"2026-09-26T06:23:59.000-06:00",0.840177774429321,0.365899860858917,8.22905978161288,"almost_certain","BirdNET",NA,10.2198,-83.7874,FALSE,880,"Boat-billed Flycatcher","Megarynchus pitangua","#aa005f","avian","https://media.birdweather.com/species/880/Boat-billedFlycatcher-standard-923cef341eedab79cf4ea985e1b1b5fc.jpg","https://media.birdweather.com/species/880/Boat-billedFlycatcher-thumbnail-03be235471939ac93a6f8121d84e0b42.jpg","https://media.birdweather.com/species/880/Boat-billedFlycatcher-png200-d437d3d92f6d042b491194f57680d511.png","ofgFDwKheqm/SZlHdcd2a2d2uo9dpwMG",17399018655,"https://media.birdweather.com/soundscapes/19267/19267-20260926-122359.flac",0,3,"live"
11383164096,19267,"2026-09-26T06:19:33.500-06:00",0.863871514797211,0.231060385704041,7.67921412089079,"almost_certain","BirdNET",NA,10.2198,-83.7874,FALSE,501,"White-winged Dove","Zenaida asiatica","#d16ff8","avian","https://media.birdweather.com/species/501/White-wingedDove-standard-6528ef689b07d5a91f1c2275cdef19c9.jpg","https://media.birdweather.com/species/501/White-wingedDove-thumbnail-4a940adfd5a6c78c73c48c5095e7b896.jpg","https://media.birdweather.com/species/501/White-wingedDove-png200-d65decd3d571b5a9dbeca249ef97689f.png","IscJLwb6hoVelZWZdoh3eIeIdxBoB4IG",17398880822,"https://media.birdweather.com/soundscapes/19267/19267-20260926-121929.flac",4.5,7.5,"live"
11383132963,19267,"2026-09-26T06:17:39.000-06:00",0.802738308906555,0.231068596243858,7.52204418452042,"almost_certain","BirdNET",NA,10.2198,-83.7874,FALSE,501,"White-winged Dove","Zenaida asiatica","#d16ff8","avian","https://media.birdweather.com/species/501/White-wingedDove-standard-6528ef689b07d5a91f1c2275cdef19c9.jpg","https://media.birdweather.com/species/501/White-wingedDove-thumbnail-4a940adfd5a6c78c73c48c5095e7b896.jpg","https://media.birdweather.com/species/501/White-wingedDove-png200-d65decd3d571b5a9dbeca249ef97689f.png","IscJLwb6hoVelZWZdoh3eIeIdxBoB4IG",17398825541,"https://media.birdweather.com/soundscapes/19267/19267-20260926-121739.flac",0,3,"live"
11383078338,19267,"2026-09-26T06:14:24.500-06:00",0.744810938835144,0.231055170297623,7.35425188124939,"almost_certain","BirdNET",NA,10.2198,-83.7874,FALSE,501,"White-winged Dove","Zenaida asiatica","#d16ff8","avian","https://media.birdweather.com/species/501/White-wingedDove-standard-6528ef689b07d5a91f1c2275cdef19c9.jpg","https://media.birdweather.com/species/501/White-wingedDove-thumbnail-4a940adfd5a6c78c73c48c5095e7b896.jpg","https://media.birdweather.com/species/501/White-wingedDove-png200-d65decd3d571b5a9dbeca249ef97689f.png","IscJLwb6hoVelZWZdoh3eIeIdxBoB4IG",17398727633,"https://media.birdweather.com/soundscapes/19267/19267-20260926-121423.flac",1.5,4.5,"live"
11383010840,19267,"2026-09-26T06:10:16.500-06:00",0.701358556747437,0.756523728370667,8.79829445442083,"almost_certain","BirdNET",NA,10.2198,-83.7874,FALSE,229,"Great Kiskadee","Pitangus sulphuratus","#7d4410","avian","https://media.birdweather.com/species/229/GreatKiskadee-standard-cd28a1b8e8b8e5aed433e809c229004e.jpg","https://media.birdweather.com/species/229/GreatKiskadee-thumbnail-b2749ed2442fb322cf3c4cb72f9c97f6.jpg","https://media.birdweather.com/species/229/GreatKiskadee-png200-003973af4f863deb00a4ce9b6f10e59c.png","0PgFDwIrhYqfZJh1mVe3SZZ3uKEJBncG",17398606676,"https://media.birdweather.com/soundscapes/19267/19267-20260926-121015.flac",1.5,4.5,"live"
11382717355,19267,"2026-09-26T05:53:13.000-06:00",0.726827085018158,0.231056064367294,7.29771657312185,"almost_certain","BirdNET",NA,10.2198,-83.7874,FALSE,501,"White-winged Dove","Zenaida asiatica","#d16ff8","avian","https://media.birdweather.com/species/501/White-wingedDove-standard-6528ef689b07d5a91f1c2275cdef19c9.jpg","https://media.birdweather.com/species/501/White-wingedDove-thumbnail-4a940adfd5a6c78c73c48c5095e7b896.jpg","https://media.birdweather.com/species/501/White-wingedDove-png200-d65decd3d571b5a9dbeca249ef97689f.png","IscJLwb6hoVelZWZdoh3eIeIdxBoB4IG",17398095205,"https://media.birdweather.com/soundscapes/19267/19267-20260926-115310.flac",3,6,"live"
11382360266,19267,"2026-09-26T05:31:02.000-06:00",0.726462781429291,0.218183040618896,7.2213592091882,"almost_certain","BirdNET",NA,10.2198,-83.7874,FALSE,3766,"Crimson-fronted Parakeet","Psittacara finschi","#65ad00","avian","https://media.birdweather.com/species/3766/Crimson-frontedParakeet-standard-ddc77fa728634b78b78a31cc430f7895.jpg","https://media.birdweather.com/species/3766/Crimson-frontedParakeet-thumbnail-df6cfd5712c254c532e4f60547260885.jpg","https://media.birdweather.com/species/3766/Crimson-frontedParakeet-png200-7ac02114402521892623f1f6b95ca6c2.png","1PgJHwR1hXZghIXBaJmliYSndzA49JgL",17397434917,"https://media.birdweather.com/soundscapes/19267/19267-20260926-113059.flac",3,6,"live"
11382360264,19267,"2026-09-26T05:31:00.500-06:00",0.744964420795441,0.218183040618896,7.27954205112385,"almost_certain","BirdNET",NA,10.2198,-83.7874,FALSE,3766,"Crimson-fronted Parakeet","Psittacara finschi","#65ad00","avian","https://media.birdweather.com/species/3766/Crimson-frontedParakeet-standard-ddc77fa728634b78b78a31cc430f7895.jpg","https://media.birdweather.com/species/3766/Crimson-frontedParakeet-thumbnail-df6cfd5712c254c532e4f60547260885.jpg","https://media.birdweather.com/species/3766/Crimson-frontedParakeet-png200-7ac02114402521892623f1f6b95ca6c2.png","1PgJHwR1hXZghIXBaJmliYSndzA49JgL",17397434917,"https://media.birdweather.com/soundscapes/19267/19267-20260926-113059.flac",1.5,4.5,"live"
11381777336,19267,"2026-09-26T04:50:06.500-06:00",0.944169104099274,0.0569557696580887,6.10661803122845,"almost_certain","BirdNET",NA,10.2198,-83.7874,FALSE,2106,"Scale-crested Pygmy-Tyrant","Lophotriccus pileatus","#ff3f73","avian","https://media.birdweather.com/species/2106/Scale-crestedPygmy-Tyrant-standard-30688703276d7a86ba8040e08ec546e4.jpg","https://media.birdweather.com/species/2106/Scale-crestedPygmy-Tyrant-thumbnail-a2fa4da6488b42e46af0521226507326.jpg","https://media.birdweather.com/species/2106/Scale-crestedPygmy-Tyrant-png200-7dba50c93511c6b01ee479c707de9a8b.png","IroFJwJKZ2tcVqZvUmlauFW0Vp9LCUoK",17396228604,"https://media.birdweather.com/soundscapes/19267/19267-20260926-105005.flac",1.5,4.5,"live"
11381729033,19267,"2026-09-26T04:46:14.000-06:00",0.78859668970108,0.0569582879543304,5.7279688258804,"almost_certain","BirdNET",NA,10.2198,-83.7874,FALSE,2106,"Scale-crested Pygmy-Tyrant","Lophotriccus pileatus","#ff3f73","avian","https://media.birdweather.com/species/2106/Scale-crestedPygmy-Tyrant-standard-30688703276d7a86ba8040e08ec546e4.jpg","https://media.birdweather.com/species/2106/Scale-crestedPygmy-Tyrant-thumbnail-a2fa4da6488b42e46af0521226507326.jpg","https://media.birdweather.com/species/2106/Scale-crestedPygmy-Tyrant-png200-7dba50c93511c6b01ee479c707de9a8b.png","IroFJwJKZ2tcVqZvUmlauFW0Vp9LCUoK",17396108824,"https://media.birdweather.com/soundscapes/19267/19267-20260926-104611.flac",3,6,"live"
11380926422,19267,"2026-09-26T03:16:51.000-06:00",0.910033643245697,0.0247807875275612,5.13472049176396,"almost_certain","BirdNET",NA,10.2198,-83.7874,FALSE,1779,"Alder Flycatcher","Empidonax alnorum","#ac069e","avian","https://media.birdweather.com/species/1779/AlderFlycatcher-standard-f461220438b20e583ff9009e70cb8b93.jpg","https://media.birdweather.com/species/1779/AlderFlycatcher-thumbnail-8453d804bc0c4fb99c12f02756d0dfa9.jpg","https://media.birdweather.com/species/1779/AlderFlycatcher-png200-e5dd19bd1efaacaec1dfb17d83202fed.png","VekFDwIKmZqbl3eJWFemeIeH+J22BMkC",17393547955,"https://media.birdweather.com/soundscapes/19267/19267-20260926-091651.flac",0,3,"live"
11380108591,19267,"2026-09-26T01:57:21.000-06:00",0.755660951137543,0.238414287567139,7.42846711917754,"almost_certain","BirdNET",NA,10.2198,-83.7874,FALSE,787,"Summer Tanager","Piranga rubra","#d47cff","avian","https://media.birdweather.com/species/787/SummerTanager-standard-36a792694b84d855f2100df31228f337.jpg","https://media.birdweather.com/species/787/SummerTanager-thumbnail-295dfc06fec97f10af4b57d73f0c8145.jpg","https://media.birdweather.com/species/787/SummerTanager-png200-927270a88581d9d7b4298b7e68afb368.png","WBkGDwhxl5dPcmZ9qEl2l4l4l+EKCJgC",17391184689,"https://media.birdweather.com/soundscapes/19267/19267-20260926-075718.flac",3,6,"live"
11378760387,19267,"2026-09-26T00:09:15.500-06:00",0.746419727802277,0.0569582507014275,5.60428750433398,"almost_certain","BirdNET",NA,10.2198,-83.7874,FALSE,2106,"Scale-crested Pygmy-Tyrant","Lophotriccus pileatus","#ff3f73","avian","https://media.birdweather.com/species/2106/Scale-crestedPygmy-Tyrant-standard-30688703276d7a86ba8040e08ec546e4.jpg","https://media.birdweather.com/species/2106/Scale-crestedPygmy-Tyrant-thumbnail-a2fa4da6488b42e46af0521226507326.jpg","https://media.birdweather.com/species/2106/Scale-crestedPygmy-Tyrant-png200-7dba50c93511c6b01ee479c707de9a8b.png","IroFJwJKZ2tcVqZvUmlauFW0Vp9LCUoK",17387922010,"https://media.birdweather.com/soundscapes/19267/19267-20260926-060911.flac",4.5,7.5,"live"
