"id","stationId","timestamp","confidence","probability","score","certainty","algorithm","metadata","lat","lon","favorite","species.id","species.commonName","species.scientificName","species.color","species.classification","species.imageUrl","species.thumbnailUrl","species.pngUrl","species.thumbhash","soundscape.id","soundscape.url","soundscape.startTime","soundscape.endTime","soundscape.mode"
10691551459,19267,"2026-08-24T21:42:04.500-06:00",0.840289056301117,0.0116038955748081,4.3160066759787,"almost_certain","BirdNET",NA,10.2198,-83.7874,FALSE,389,"Ruby-throated Hummingbird","Archilochus colubris","#979300","avian","https://media.birdweather.com/species/389/Ruby-throatedHummingbird-standard-0de709133d10e84d4f359b410ad74f88.jpg","https://media.birdweather.com/species/389/Ruby-throatedHummingbird-thumbnail-90592342137be60a59391e2137c0f72f.jpg","https://media.birdweather.com/species/389/Ruby-throatedHummingbird-png200-e4eed6e5ab7b67287c42212fb8045f30.png","DPkFDwIuZ4iAZ4pgqYaK1VaFxgmaDWwA",16029091731,"https://media.birdweather.com/soundscapes/19267/19267-20260825-034203.flac",1.5,4.5,"live"
10687490406,19267,"2026-08-24T17:05:32.500-06:00",0.824098289012909,0.102255083620548,6.5319475907297,"almost_certain","BirdNET",NA,10.2198,-83.7874,FALSE,603,"Tropical Mockingbird","Mimus gilvus","#006e2a","avian","https://media.birdweather.com/species/603/TropicalMockingbird-standard-33be42788a38707b12f757d28526a492.jpg","https://media.birdweather.com/species/603/TropicalMockingbird-thumbnail-4f6417f6928c80a2cb70eb341f54fd79.jpg","https://media.birdweather.com/species/603/TropicalMockingbird-png200-9e94d27578943cfad1e7923fe23d2300.png","q+cJFwL4VohclXidhXh5aJh4qDAaGKYA",16021107514,"https://media.birdweather.com/soundscapes/19267/19267-20260824-230531.flac",1.5,4.5,"live"
10687386965,19267,"2026-08-24T16:58:52.000-06:00",0.917062759399414,0.102254889905453,6.75565457411705,"almost_certain","BirdNET",NA,10.2198,-83.7874,FALSE,603,"Tropical Mockingbird","Mimus gilvus","#006e2a","avian","https://media.birdweather.com/species/603/TropicalMockingbird-standard-33be42788a38707b12f757d28526a492.jpg","https://media.birdweather.com/species/603/TropicalMockingbird-thumbnail-4f6417f6928c80a2cb70eb341f54fd79.jpg","https://media.birdweather.com/species/603/TropicalMockingbird-png200-9e94d27578943cfad1e7923fe23d2300.png","q+cJFwL4VohclXidhXh5aJh4qDAaGKYA",16020909919,"https://media.birdweather.com/soundscapes/19267/19267-20260824-225852.flac",0,3,"live"
10687377489,19267,"2026-08-24T16:58:25.500-06:00",0.910894215106964,0.102254889905453,6.74189028604721,"almost_certain","BirdNET",NA,10.2198,-83.7874,FALSE,603,"Tropical Mockingbird","Mimus gilvus","#006e2a","avian","https://media.birdweather.com/species/603/TropicalMockingbird-standard-33be42788a38707b12f757d28526a492.jpg","https://media.birdweather.com/species/603/TropicalMockingbird-thumbnail-4f6417f6928c80a2cb70eb341f54fd79.jpg","https://media.birdweather.com/species/603/TropicalMockingbird-png200-9e94d27578943cfad1e7923fe23d2300.png","q+cJFwL4VohclXidhXh5aJh4qDAaGKYA",16020893449,"https://media.birdweather.com/soundscapes/19267/19267-20260824-225821.flac",4.5,7.5,"live"
10687377487,19267,"2026-08-24T16:58:24.000-06:00",0.904792666435242,0.102254889905453,6.72813807402884,"almost_certain","BirdNET",NA,10.2198,-83.7874,FALSE,603,"Tropical Mockingbird","Mimus gilvus","#006e2a","avian","https://media.birdweather.com/species/603/TropicalMockingbird-standard-33be42788a38707b12f757d28526a492.jpg","https://media.birdweather.com/species/603/TropicalMockingbird-thumbnail-4f6417f6928c80a2cb70eb341f54fd79.jpg","https://media.birdweather.com/species/603/TropicalMockingbird-png200-9e94d27578943cfad1e7923fe23d2300.png","q+cJFwL4VohclXidhXh5aJh4qDAaGKYA",16020893449,"https://media.birdweather.com/soundscapes/19267/19267-20260824-225821.flac",3,6,"live"
10687377481,19267,"2026-08-24T16:58:22.500-06:00",0.831232964992523,0.102254889905453,6.55046956188478,"almost_certain","BirdNET",NA,10.2198,-83.7874,FALSE,603,"Tropical Mockingbird","Mimus gilvus","#006e2a","avian","https://media.birdweather.com/species/603/TropicalMockingbird-standard-33be42788a38707b12f757d28526a492.jpg","https://media.birdweather.com/species/603/TropicalMockingbird-thumbnail-4f6417f6928c80a2cb70eb341f54fd79.jpg","https://media.birdweather.com/species/603/TropicalMockingbird-png200-9e94d27578943cfad1e7923fe23d2300.png","q+cJFwL4VohclXidhXh5aJh4qDAaGKYA",16020893449,"https://media.birdweather.com/soundscapes/19267/19267-20260824-225821.flac",1.5,4.5,"live"
10687369010,19267,"2026-08-24T16:57:55.000-06:00",0.899707794189453,0.102253161370754,6.71654983216284,"almost_certain","BirdNET",NA,10.2198,-83.7874,FALSE,603,"Tropical Mockingbird","Mimus gilvus","#006e2a","avian","https://media.birdweather.com/species/603/TropicalMockingbird-standard-33be42788a38707b12f757d28526a492.jpg","https://media.birdweather.com/species/603/TropicalMockingbird-thumbnail-4f6417f6928c80a2cb70eb341f54fd79.jpg","https://media.birdweather.com/species/603/TropicalMockingbird-png200-9e94d27578943cfad1e7923fe23d2300.png","q+cJFwL4VohclXidhXh5aJh4qDAaGKYA",16020877870,"https://media.birdweather.com/soundscapes/19267/19267-20260824-225749.flac",6,9,"live"
10687274357,19267,"2026-08-24T16:51:38.000-06:00",0.850887477397919,0.174900814890862,7.28393656768533,"almost_certain","BirdNET",NA,10.2198,-83.7874,FALSE,349,"Southern Lapwing","Vanellus chilensis","#008b44","avian","https://media.birdweather.com/species/349/SouthernLapwing-standard-02014dbe85174d8ed1a9e83d1367f600.jpg","https://media.birdweather.com/species/349/SouthernLapwing-thumbnail-33b4d17a45224d79dbf2a0a3aa5ea2c7.jpg","https://media.birdweather.com/species/349/SouthernLapwing-png200-1801892688cffe6fb6fd8c00fbf91764.png","XhkGDwDoWodoiXerVYpYCZVFGq/V3xQD",16020695284,"https://media.birdweather.com/soundscapes/19267/19267-20260824-225132.flac",6,9,"live"
10687274355,19267,"2026-08-24T16:51:36.500-06:00",0.933106303215027,0.174900814890862,7.47451421335799,"almost_certain","BirdNET",NA,10.2198,-83.7874,FALSE,349,"Southern Lapwing","Vanellus chilensis","#008b44","avian","https://media.birdweather.com/species/349/SouthernLapwing-standard-02014dbe85174d8ed1a9e83d1367f600.jpg","https://media.birdweather.com/species/349/SouthernLapwing-thumbnail-33b4d17a45224d79dbf2a0a3aa5ea2c7.jpg","https://media.birdweather.com/species/349/SouthernLapwing-png200-1801892688cffe6fb6fd8c00fbf91764.png","XhkGDwDoWodoiXerVYpYCZVFGq/V3xQD",16020695284,"https://media.birdweather.com/soundscapes/19267/19267-20260824-225132.flac",4.5,7.5,"live"
10687274353,19267,"2026-08-24T16:51:35.000-06:00",0.968082249164581,0.174900814890862,7.5481831546328,"almost_certain","BirdNET",NA,10.2198,-83.7874,FALSE,349,"Southern Lapwing","Vanellus chilensis","#008b44","avian","https://media.birdweather.com/species/349/SouthernLapwing-standard-02014dbe85174d8ed1a9e83d1367f600.jpg","https://media.birdweather.com/species/349/SouthernLapwing-thumbnail-33b4d17a45224d79dbf2a0a3aa5ea2c7.jpg","https://media.birdweather.com/species/349/SouthernLapwing-png200-1801892688cffe6fb6fd8c00fbf91764.png","XhkGDwDoWodoiXerVYpYCZVFGq/V3xQD",16020695284,"https://media.birdweather.com/soundscapes/19267/19267-20260824-225132.flac",3,6,"live"
10687274351,19267,"2026-08-24T16:51:33.500-06:00",0.918574690818787,0.174900814890862,7.4427022683103,"almost_certain","BirdNET",NA,10.2198,-83.7874,FALSE,349,"Southern Lapwing","Vanellus chilensis","#008b44","avian","https://media.birdweather.com/species/349/SouthernLapwing-standard-02014dbe85174d8ed1a9e83d1367f600.jpg","https://media.birdweather.com/species/349/SouthernLapwing-thumbnail-33b4d17a45224d79dbf2a0a3aa5ea2c7.jpg","https://media.birdweather.com/species/349/SouthernLapwing-png200-1801892688cffe6fb6fd8c00fbf91764.png","XhkGDwDoWodoiXerVYpYCZVFGq/V3xQD",16020695284,"https://media.birdweather.com/soundscapes/19267/19267-20260824-225132.flac",1.5,4.5,"live"
10687008347,19267,"2026-08-24T16:34:10.500-06:00",0.775350570678711,0.0870501473546028,6.19880105768179,"almost_certain","BirdNET",NA,10.2198,-83.7874,FALSE,2172,"Collared Forest-Falcon","Micrastur semitorquatus","#405b01","avian","https://media.birdweather.com/species/2172/CollaredForest-Falcon-standard-9ff7e203dceb7c77b0fe7e39e41c9729.jpg","https://media.birdweather.com/species/2172/CollaredForest-Falcon-thumbnail-36959aec42592171df13c6a8fc40cc40.jpg","https://media.birdweather.com/species/2172/CollaredForest-Falcon-png200-9822559c81f142ffd0e1c8cd82d141bf.png","+vcFBwDTfXWIeHa/RGhmaYaZR2AXAnYB",16020183214,"https://media.birdweather.com/soundscapes/19267/19267-20260824-223406.flac",4.5,7.5,"live"
10686339986,19267,"2026-08-24T15:50:04.000-06:00",0.866651475429535,0.201990753412247,7.50990021940987,"almost_certain","BirdNET",NA,10.2198,-83.7874,FALSE,501,"White-winged Dove","Zenaida asiatica","#d16ff8","avian","https://media.birdweather.com/species/501/White-wingedDove-standard-6528ef689b07d5a91f1c2275cdef19c9.jpg","https://media.birdweather.com/species/501/White-wingedDove-thumbnail-4a940adfd5a6c78c73c48c5095e7b896.jpg","https://media.birdweather.com/species/501/White-wingedDove-png200-d65decd3d571b5a9dbeca249ef97689f.png","IscJLwb6hoVelZWZdoh3eIeIdxBoB4IG",16018894885,"https://media.birdweather.com/soundscapes/19267/19267-20260824-214958.flac",6,9,"live"
10686271308,19267,"2026-08-24T15:45:31.000-06:00",0.768867969512939,0.102257966995239,6.37942228262668,"almost_certain","BirdNET",NA,10.2198,-83.7874,FALSE,603,"Tropical Mockingbird","Mimus gilvus","#006e2a","avian","https://media.birdweather.com/species/603/TropicalMockingbird-standard-33be42788a38707b12f757d28526a492.jpg","https://media.birdweather.com/species/603/TropicalMockingbird-thumbnail-4f6417f6928c80a2cb70eb341f54fd79.jpg","https://media.birdweather.com/species/603/TropicalMockingbird-png200-9e94d27578943cfad1e7923fe23d2300.png","q+cJFwL4VohclXidhXh5aJh4qDAaGKYA",16018763220,"https://media.birdweather.com/soundscapes/19267/19267-20260824-214525.flac",6,9,"live"
10686271305,19267,"2026-08-24T15:45:29.500-06:00",0.746284365653992,0.102257966995239,6.31179240535888,"almost_certain","BirdNET",NA,10.2198,-83.7874,FALSE,603,"Tropical Mockingbird","Mimus gilvus","#006e2a","avian","https://media.birdweather.com/species/603/TropicalMockingbird-standard-33be42788a38707b12f757d28526a492.jpg","https://media.birdweather.com/species/603/TropicalMockingbird-thumbnail-4f6417f6928c80a2cb70eb341f54fd79.jpg","https://media.birdweather.com/species/603/TropicalMockingbird-png200-9e94d27578943cfad1e7923fe23d2300.png","q+cJFwL4VohclXidhXh5aJh4qDAaGKYA",16018763220,"https://media.birdweather.com/soundscapes/19267/19267-20260824-214525.flac",4.5,7.5,"live"
10685997666,19267,"2026-08-24T15:27:31.000-06:00",0.897011816501617,0.56371396780014,8.94535987954665,"almost_certain","BirdNET",NA,10.2198,-83.7874,FALSE,802,"Rufous-tailed Hummingbird","Amazilia tzacatl","#d9c845","avian","https://media.birdweather.com/species/802/Rufous-tailedHummingbird-standard-4d0209b50ad0c35c6d8337f5c0c16b55.jpg","https://media.birdweather.com/species/802/Rufous-tailedHummingbird-thumbnail-fbf17400c31564f70aa45927c5d75f5e.jpg","https://media.birdweather.com/species/802/Rufous-tailedHummingbird-png200-8ea431c9893cfe027e92471791a8c256.png","mPkJFwIHqJeJl4lriIaGhYh3+H+oVGAH",16018240195,"https://media.birdweather.com/soundscapes/19267/19267-20260824-212728.flac",3,6,"live"
10685908693,19267,"2026-08-24T15:21:35.000-06:00",0.857558071613312,0.595486104488373,8.92553654348207,"almost_certain","BirdNET",NA,10.2198,-83.7874,FALSE,121,"Social Flycatcher","Myiozetetes similis","#69b9ff","avian","https://media.birdweather.com/species/121/SocialFlycatcher-standard-6e107581e61c9f556b3a0af5200f486a.jpg","https://media.birdweather.com/species/121/SocialFlycatcher-thumbnail-87f640fcaf1441ecbbd56b57372185a8.jpg","https://media.birdweather.com/species/121/SocialFlycatcher-png200-2f6dd485cf927db0dd7fd9abc239fb19.png","2xkKJwIJh3ekeXh0e5Z4eYaIdyApd5AC",16018070210,"https://media.birdweather.com/soundscapes/19267/19267-20260824-212135.flac",0,3,"live"
10685632496,19267,"2026-08-24T15:03:37.500-06:00",0.706476092338562,0.0332476459443569,4.87700795102331,"almost_certain","BirdNET",NA,10.2198,-83.7874,FALSE,610,"Yellow-billed Cuckoo","Coccyzus americanus","#e2342d","avian","https://media.birdweather.com/species/610/Yellow-billedCuckoo-standard-882f68a7a9fd2d56463209cebd11666a.jpg","https://media.birdweather.com/species/610/Yellow-billedCuckoo-thumbnail-6d2045e19aef63a798a493d7cfb637a8.jpg","https://media.birdweather.com/species/610/Yellow-billedCuckoo-png200-347ece3a30ca733e8fe66061ab0863f5.png","H+gJJwJ/dXZoyJmZpJhZd5h4CXhqqOwA",16017543768,"https://media.birdweather.com/soundscapes/19267/19267-20260824-210333.flac",4.5,7.5,"live"
10685632494,19267,"2026-08-24T15:03:36.000-06:00",0.885895848274231,0.0332476459443569,5.37790314051618,"almost_certain","BirdNET",NA,10.2198,-83.7874,FALSE,610,"Yellow-billed Cuckoo","Coccyzus americanus","#e2342d","avian","https://media.birdweather.com/species/610/Yellow-billedCuckoo-standard-882f68a7a9fd2d56463209cebd11666a.jpg","https://media.birdweather.com/species/610/Yellow-billedCuckoo-thumbnail-6d2045e19aef63a798a493d7cfb637a8.jpg","https://media.birdweather.com/species/610/Yellow-billedCuckoo-png200-347ece3a30ca733e8fe66061ab0863f5.png","H+gJJwJ/dXZoyJmZpJhZd5h4CXhqqOwA",16017543768,"https://media.birdweather.com/soundscapes/19267/19267-20260824-210333.flac",3,6,"live"
10684960828,19267,"2026-08-24T14:21:07.000-06:00",0.730708718299866,0.398293048143387,8.03204847718227,"almost_certain","BirdNET",NA,10.2198,-83.7874,FALSE,880,"Boat-billed Flycatcher","Megarynchus pitangua","#aa005f","avian","https://media.birdweather.com/species/880/Boat-billedFlycatcher-standard-923cef341eedab79cf4ea985e1b1b5fc.jpg","https://media.birdweather.com/species/880/Boat-billedFlycatcher-thumbnail-03be235471939ac93a6f8121d84e0b42.jpg","https://media.birdweather.com/species/880/Boat-billedFlycatcher-png200-d437d3d92f6d042b491194f57680d511.png","ofgFDwKheqm/SZlHdcd2a2d2uo9dpwMG",16016304185,"https://media.birdweather.com/soundscapes/19267/19267-20260824-202107.flac",0,3,"live"
10682408945,19267,"2026-08-24T11:40:46.500-06:00",0.769336462020874,0.102257385849953,6.38078340977065,"almost_certain","BirdNET",NA,10.2198,-83.7874,FALSE,603,"Tropical Mockingbird","Mimus gilvus","#006e2a","avian","https://media.birdweather.com/species/603/TropicalMockingbird-standard-33be42788a38707b12f757d28526a492.jpg","https://media.birdweather.com/species/603/TropicalMockingbird-thumbnail-4f6417f6928c80a2cb70eb341f54fd79.jpg","https://media.birdweather.com/species/603/TropicalMockingbird-png200-9e94d27578943cfad1e7923fe23d2300.png","q+cJFwL4VohclXidhXh5aJh4qDAaGKYA",16011590631,"https://media.birdweather.com/soundscapes/19267/19267-20260824-174042.flac",4.5,7.5,"live"
10682408942,19267,"2026-08-24T11:40:45.000-06:00",0.860170066356659,0.102257385849953,6.62316451296704,"almost_certain","BirdNET",NA,10.2198,-83.7874,FALSE,603,"Tropical Mockingbird","Mimus gilvus","#006e2a","avian","https://media.birdweather.com/species/603/TropicalMockingbird-standard-33be42788a38707b12f757d28526a492.jpg","https://media.birdweather.com/species/603/TropicalMockingbird-thumbnail-4f6417f6928c80a2cb70eb341f54fd79.jpg","https://media.birdweather.com/species/603/TropicalMockingbird-png200-9e94d27578943cfad1e7923fe23d2300.png","q+cJFwL4VohclXidhXh5aJh4qDAaGKYA",16011590631,"https://media.birdweather.com/soundscapes/19267/19267-20260824-174042.flac",3,6,"live"
10681244835,19267,"2026-08-24T10:34:44.500-06:00",0.708175241947174,0.102254308760166,6.1894619111798,"almost_certain","BirdNET",NA,10.2198,-83.7874,FALSE,603,"Tropical Mockingbird","Mimus gilvus","#006e2a","avian","https://media.birdweather.com/species/603/TropicalMockingbird-standard-33be42788a38707b12f757d28526a492.jpg","https://media.birdweather.com/species/603/TropicalMockingbird-thumbnail-4f6417f6928c80a2cb70eb341f54fd79.jpg","https://media.birdweather.com/species/603/TropicalMockingbird-png200-9e94d27578943cfad1e7923fe23d2300.png","q+cJFwL4VohclXidhXh5aJh4qDAaGKYA",16009562972,"https://media.birdweather.com/soundscapes/19267/19267-20260824-163443.flac",1.5,4.5,"live"
10681241293,19267,"2026-08-24T10:34:34.000-06:00",0.890527248382568,0.102254308760166,6.69542919106901,"almost_certain","BirdNET",NA,10.2198,-83.7874,FALSE,603,"Tropical Mockingbird","Mimus gilvus","#006e2a","avian","https://media.birdweather.com/species/603/TropicalMockingbird-standard-33be42788a38707b12f757d28526a492.jpg","https://media.birdweather.com/species/603/TropicalMockingbird-thumbnail-4f6417f6928c80a2cb70eb341f54fd79.jpg","https://media.birdweather.com/species/603/TropicalMockingbird-png200-9e94d27578943cfad1e7923fe23d2300.png","q+cJFwL4VohclXidhXh5aJh4qDAaGKYA",16009556760,"https://media.birdweather.com/soundscapes/19267/19267-20260824-163431.flac",3,6,"live"
10681241290,19267,"2026-08-24T10:34:32.500-06:00",0.866495072841644,0.102254308760166,6.63850925816587,"almost_certain","BirdNET",NA,10.2198,-83.7874,FALSE,603,"Tropical Mockingbird","Mimus gilvus","#006e2a","avian","https://media.birdweather.com/species/603/TropicalMockingbird-standard-33be42788a38707b12f757d28526a492.jpg","https://media.birdweather.com/species/603/TropicalMockingbird-thumbnail-4f6417f6928c80a2cb70eb341f54fd79.jpg","https://media.birdweather.com/species/603/TropicalMockingbird-png200-9e94d27578943cfad1e7923fe23d2300.png","q+cJFwL4VohclXidhXh5aJh4qDAaGKYA",16009556760,"https://media.birdweather.com/soundscapes/19267/19267-20260824-163431.flac",1.5,4.5,"live"
10681215260,19267,"2026-08-24T10:33:02.000-06:00",0.868088662624359,0.102255269885063,6.64236948225492,"almost_certain","BirdNET",NA,10.2198,-83.7874,FALSE,603,"Tropical Mockingbird","Mimus gilvus","#006e2a","avian","https://media.birdweather.com/species/603/TropicalMockingbird-standard-33be42788a38707b12f757d28526a492.jpg","https://media.birdweather.com/species/603/TropicalMockingbird-thumbnail-4f6417f6928c80a2cb70eb341f54fd79.jpg","https://media.birdweather.com/species/603/TropicalMockingbird-png200-9e94d27578943cfad1e7923fe23d2300.png","q+cJFwL4VohclXidhXh5aJh4qDAaGKYA",16009510922,"https://media.birdweather.com/soundscapes/19267/19267-20260824-163256.flac",6,9,"live"
10681211555,19267,"2026-08-24T10:32:50.000-06:00",0.705361902713776,0.102253332734108,6.17997461112509,"almost_certain","BirdNET",NA,10.2198,-83.7874,FALSE,603,"Tropical Mockingbird","Mimus gilvus","#006e2a","avian","https://media.birdweather.com/species/603/TropicalMockingbird-standard-33be42788a38707b12f757d28526a492.jpg","https://media.birdweather.com/species/603/TropicalMockingbird-thumbnail-4f6417f6928c80a2cb70eb341f54fd79.jpg","https://media.birdweather.com/species/603/TropicalMockingbird-png200-9e94d27578943cfad1e7923fe23d2300.png","q+cJFwL4VohclXidhXh5aJh4qDAaGKYA",16009504501,"https://media.birdweather.com/soundscapes/19267/19267-20260824-163244.flac",6,9,"live"
10681204199,19267,"2026-08-24T10:32:22.500-06:00",0.848568081855774,0.102255649864674,6.59447055307304,"almost_certain","BirdNET",NA,10.2198,-83.7874,FALSE,603,"Tropical Mockingbird","Mimus gilvus","#006e2a","avian","https://media.birdweather.com/species/603/TropicalMockingbird-standard-33be42788a38707b12f757d28526a492.jpg","https://media.birdweather.com/species/603/TropicalMockingbird-thumbnail-4f6417f6928c80a2cb70eb341f54fd79.jpg","https://media.birdweather.com/species/603/TropicalMockingbird-png200-9e94d27578943cfad1e7923fe23d2300.png","q+cJFwL4VohclXidhXh5aJh4qDAaGKYA",16009491878,"https://media.birdweather.com/soundscapes/19267/19267-20260824-163218.flac",4.5,7.5,"live"
10681200785,19267,"2026-08-24T10:32:12.000-06:00",0.829131841659546,0.102255649864674,6.54504949251856,"almost_certain","BirdNET",NA,10.2198,-83.7874,FALSE,603,"Tropical Mockingbird","Mimus gilvus","#006e2a","avian","https://media.birdweather.com/species/603/TropicalMockingbird-standard-33be42788a38707b12f757d28526a492.jpg","https://media.birdweather.com/species/603/TropicalMockingbird-thumbnail-4f6417f6928c80a2cb70eb341f54fd79.jpg","https://media.birdweather.com/species/603/TropicalMockingbird-png200-9e94d27578943cfad1e7923fe23d2300.png","q+cJFwL4VohclXidhXh5aJh4qDAaGKYA",16009486041,"https://media.birdweather.com/soundscapes/19267/19267-20260824-163206.flac",6,9,"live"
10681200782,19267,"2026-08-24T10:32:10.500-06:00",0.802020072937012,0.102255649864674,6.472990884538,"almost_certain","BirdNET",NA,10.2198,-83.7874,FALSE,603,"Tropical Mockingbird","Mimus gilvus","#006e2a","avian","https://media.birdweather.com/species/603/TropicalMockingbird-standard-33be42788a38707b12f757d28526a492.jpg","https://media.birdweather.com/species/603/TropicalMockingbird-thumbnail-4f6417f6928c80a2cb70eb341f54fd79.jpg","https://media.birdweather.com/species/603/TropicalMockingbird-png200-9e94d27578943cfad1e7923fe23d2300.png","q+cJFwL4VohclXidhXh5aJh4qDAaGKYA",16009486041,"https://media.birdweather.com/soundscapes/19267/19267-20260824-163206.flac",4.5,7.5,"live"
10681200777,19267,"2026-08-24T10:32:09.000-06:00",0.709943830966949,0.102255649864674,6.19540155009129,"almost_certain","BirdNET",NA,10.2198,-83.7874,FALSE,603,"Tropical Mockingbird","Mimus gilvus","#006e2a","avian","https://media.birdweather.com/species/603/TropicalMockingbird-standard-33be42788a38707b12f757d28526a492.jpg","https://media.birdweather.com/species/603/TropicalMockingbird-thumbnail-4f6417f6928c80a2cb70eb341f54fd79.jpg","https://media.birdweather.com/species/603/TropicalMockingbird-png200-9e94d27578943cfad1e7923fe23d2300.png","q+cJFwL4VohclXidhXh5aJh4qDAaGKYA",16009486041,"https://media.birdweather.com/soundscapes/19267/19267-20260824-163206.flac",3,6,"live"
10681180867,19267,"2026-08-24T10:30:58.000-06:00",0.976936638355255,0.102255865931511,6.88253799500088,"almost_certain","BirdNET",NA,10.2198,-83.7874,FALSE,603,"Tropical Mockingbird","Mimus gilvus","#006e2a","avian","https://media.birdweather.com/species/603/TropicalMockingbird-standard-33be42788a38707b12f757d28526a492.jpg","https://media.birdweather.com/species/603/TropicalMockingbird-thumbnail-4f6417f6928c80a2cb70eb341f54fd79.jpg","https://media.birdweather.com/species/603/TropicalMockingbird-png200-9e94d27578943cfad1e7923fe23d2300.png","q+cJFwL4VohclXidhXh5aJh4qDAaGKYA",16009453010,"https://media.birdweather.com/soundscapes/19267/19267-20260824-163058.flac",0,3,"live"
10681137461,19267,"2026-08-24T10:28:31.500-06:00",0.991816818714142,0.102253846824169,6.91230199052907,"almost_certain","BirdNET",NA,10.2198,-83.7874,FALSE,603,"Tropical Mockingbird","Mimus gilvus","#006e2a","avian","https://media.birdweather.com/species/603/TropicalMockingbird-standard-33be42788a38707b12f757d28526a492.jpg","https://media.birdweather.com/species/603/TropicalMockingbird-thumbnail-4f6417f6928c80a2cb70eb341f54fd79.jpg","https://media.birdweather.com/species/603/TropicalMockingbird-png200-9e94d27578943cfad1e7923fe23d2300.png","q+cJFwL4VohclXidhXh5aJh4qDAaGKYA",16009380767,"https://media.birdweather.com/soundscapes/19267/19267-20260824-162830.flac",1.5,4.5,"live"
10681115137,19267,"2026-08-24T10:27:20.000-06:00",0.755540728569031,0.102255269885063,6.33988392860612,"almost_certain","BirdNET",NA,10.2198,-83.7874,FALSE,603,"Tropical Mockingbird","Mimus gilvus","#006e2a","avian","https://media.birdweather.com/species/603/TropicalMockingbird-standard-33be42788a38707b12f757d28526a492.jpg","https://media.birdweather.com/species/603/TropicalMockingbird-thumbnail-4f6417f6928c80a2cb70eb341f54fd79.jpg","https://media.birdweather.com/species/603/TropicalMockingbird-png200-9e94d27578943cfad1e7923fe23d2300.png","q+cJFwL4VohclXidhXh5aJh4qDAaGKYA",16009343480,"https://media.birdweather.com/soundscapes/19267/19267-20260824-162714.flac",6,9,"live"
10681115131,19267,"2026-08-24T10:27:15.500-06:00",0.992063224315643,0.102255269885063,6.91280722654867,"almost_certain","BirdNET",NA,10.2198,-83.7874,FALSE,603,"Tropical Mockingbird","Mimus gilvus","#006e2a","avian","https://media.birdweather.com/species/603/TropicalMockingbird-standard-33be42788a38707b12f757d28526a492.jpg","https://media.birdweather.com/species/603/TropicalMockingbird-thumbnail-4f6417f6928c80a2cb70eb341f54fd79.jpg","https://media.birdweather.com/species/603/TropicalMockingbird-png200-9e94d27578943cfad1e7923fe23d2300.png","q+cJFwL4VohclXidhXh5aJh4qDAaGKYA",16009343480,"https://media.birdweather.com/soundscapes/19267/19267-20260824-162714.flac",1.5,4.5,"live"
10681115127,19267,"2026-08-24T10:27:14.000-06:00",0.915753126144409,0.102255269885063,6.75274847966594,"almost_certain","BirdNET",NA,10.2198,-83.7874,FALSE,603,"Tropical Mockingbird","Mimus gilvus","#006e2a","avian","https://media.birdweather.com/species/603/TropicalMockingbird-standard-33be42788a38707b12f757d28526a492.jpg","https://media.birdweather.com/species/603/TropicalMockingbird-thumbnail-4f6417f6928c80a2cb70eb341f54fd79.jpg","https://media.birdweather.com/species/603/TropicalMockingbird-png200-9e94d27578943cfad1e7923fe23d2300.png","q+cJFwL4VohclXidhXh5aJh4qDAaGKYA",16009343480,"https://media.birdweather.com/soundscapes/19267/19267-20260824-162714.flac",0,3,"live"
10681111200,19267,"2026-08-24T10:27:05.000-06:00",0.933638036251068,0.102254010736942,6.79195861920675,"almost_certain","BirdNET",NA,10.2198,-83.7874,FALSE,603,"Tropical Mockingbird","Mimus gilvus","#006e2a","avian","https://media.birdweather.com/species/603/TropicalMockingbird-standard-33be42788a38707b12f757d28526a492.jpg","https://media.birdweather.com/species/603/TropicalMockingbird-thumbnail-4f6417f6928c80a2cb70eb341f54fd79.jpg","https://media.birdweather.com/species/603/TropicalMockingbird-png200-9e94d27578943cfad1e7923fe23d2300.png","q+cJFwL4VohclXidhXh5aJh4qDAaGKYA",16009336480,"https://media.birdweather.com/soundscapes/19267/19267-20260824-162659.flac",6,9,"live"
10681111198,19267,"2026-08-24T10:27:03.500-06:00",0.926877737045288,0.102254010736942,6.77726352548859,"almost_certain","BirdNET",NA,10.2198,-83.7874,FALSE,603,"Tropical Mockingbird","Mimus gilvus","#006e2a","avian","https://media.birdweather.com/species/603/TropicalMockingbird-standard-33be42788a38707b12f757d28526a492.jpg","https://media.birdweather.com/species/603/TropicalMockingbird-thumbnail-4f6417f6928c80a2cb70eb341f54fd79.jpg","https://media.birdweather.com/species/603/TropicalMockingbird-png200-9e94d27578943cfad1e7923fe23d2300.png","q+cJFwL4VohclXidhXh5aJh4qDAaGKYA",16009336480,"https://media.birdweather.com/soundscapes/19267/19267-20260824-162659.flac",4.5,7.5,"live"
10681095126,19267,"2026-08-24T10:26:06.000-06:00",0.78735488653183,0.10225472599268,6.43236249682523,"almost_certain","BirdNET",NA,10.2198,-83.7874,FALSE,603,"Tropical Mockingbird","Mimus gilvus","#006e2a","avian","https://media.birdweather.com/species/603/TropicalMockingbird-standard-33be42788a38707b12f757d28526a492.jpg","https://media.birdweather.com/species/603/TropicalMockingbird-thumbnail-4f6417f6928c80a2cb70eb341f54fd79.jpg","https://media.birdweather.com/species/603/TropicalMockingbird-png200-9e94d27578943cfad1e7923fe23d2300.png","q+cJFwL4VohclXidhXh5aJh4qDAaGKYA",16009309992,"https://media.birdweather.com/soundscapes/19267/19267-20260824-162603.flac",3,6,"live"
10680789487,19267,"2026-08-24T10:08:45.000-06:00",0.91043746471405,0.836022615432739,9.50795597233549,"almost_certain","BirdNET",NA,10.2198,-83.7874,FALSE,451,"Blue-gray Tanager","Thraupis episcopus","#844800","avian","https://media.birdweather.com/species/451/Blue-grayTanager-standard-04bc83ed9930251b50b0a08bf40fec04.jpg","https://media.birdweather.com/species/451/Blue-grayTanager-thumbnail-dc3af9565dbd849047cf157316f7ef59.jpg","https://media.birdweather.com/species/451/Blue-grayTanager-png200-be5418cb49793536e5c09e1af73aefe1.png","GvkFHwZvZYaoamVVjYZ1i1Z2Zoz1l3EP",16008787430,"https://media.birdweather.com/soundscapes/19267/19267-20260824-160839.flac",6,9,"live"
10680647357,19267,"2026-08-24T10:01:17.000-06:00",0.731428146362305,0.836025655269623,9.03246831016223,"almost_certain","BirdNET",NA,10.2198,-83.7874,FALSE,451,"Blue-gray Tanager","Thraupis episcopus","#844800","avian","https://media.birdweather.com/species/451/Blue-grayTanager-standard-04bc83ed9930251b50b0a08bf40fec04.jpg","https://media.birdweather.com/species/451/Blue-grayTanager-thumbnail-dc3af9565dbd849047cf157316f7ef59.jpg","https://media.birdweather.com/species/451/Blue-grayTanager-png200-be5418cb49793536e5c09e1af73aefe1.png","GvkFHwZvZYaoamVVjYZ1i1Z2Zoz1l3EP",16008555893,"https://media.birdweather.com/soundscapes/19267/19267-20260824-160114.flac",3,6,"live"
10680035006,19267,"2026-08-24T09:26:36.000-06:00",0.788047194480896,0.77764618396759,9.1034486054301,"almost_certain","BirdNET",NA,10.2198,-83.7874,FALSE,229,"Great Kiskadee","Pitangus sulphuratus","#7d4410","avian","https://media.birdweather.com/species/229/GreatKiskadee-standard-cd28a1b8e8b8e5aed433e809c229004e.jpg","https://media.birdweather.com/species/229/GreatKiskadee-thumbnail-b2749ed2442fb322cf3c4cb72f9c97f6.jpg","https://media.birdweather.com/species/229/GreatKiskadee-png200-003973af4f863deb00a4ce9b6f10e59c.png","0PgFDwIrhYqfZJh1mVe3SZZ3uKEJBncG",16007526413,"https://media.birdweather.com/soundscapes/19267/19267-20260824-152633.flac",3,6,"live"
10679915818,19267,"2026-08-24T09:20:20.500-06:00",0.898307919502258,0.595485627651215,9.0221737229683,"almost_certain","BirdNET",NA,10.2198,-83.7874,FALSE,121,"Social Flycatcher","Myiozetetes similis","#69b9ff","avian","https://media.birdweather.com/species/121/SocialFlycatcher-standard-6e107581e61c9f556b3a0af5200f486a.jpg","https://media.birdweather.com/species/121/SocialFlycatcher-thumbnail-87f640fcaf1441ecbbd56b57372185a8.jpg","https://media.birdweather.com/species/121/SocialFlycatcher-png200-2f6dd485cf927db0dd7fd9abc239fb19.png","2xkKJwIJh3ekeXh0e5Z4eYaIdyApd5AC",16007329758,"https://media.birdweather.com/soundscapes/19267/19267-20260824-152016.flac",4.5,7.5,"live"
10679907967,19267,"2026-08-24T09:19:51.000-06:00",0.752076506614685,0.596296966075897,8.64006013684859,"almost_certain","BirdNET",NA,10.2198,-83.7874,FALSE,897,"Orange-chinned Parakeet","Brotogeris jugularis","#c85500","avian","https://media.birdweather.com/species/897/Orange-chinnedParakeet-standard-0bf0068f65faf91a77e897bad45dfb9c.jpg","https://media.birdweather.com/species/897/Orange-chinnedParakeet-thumbnail-542c4a6c0820592c04275ed546d0c49a.jpg","https://media.birdweather.com/species/897/Orange-chinnedParakeet-png200-7d59a0f58540798895be6be2a6dcfe26.png","U+kFHwJATKdHaLhzaSaJJpuXZ4BFePYK",16007315816,"https://media.birdweather.com/soundscapes/19267/19267-20260824-151948.flac",3,6,"live"
10679907963,19267,"2026-08-24T09:19:49.500-06:00",0.871076583862305,0.596296966075897,8.96019063311145,"almost_certain","BirdNET",NA,10.2198,-83.7874,FALSE,897,"Orange-chinned Parakeet","Brotogeris jugularis","#c85500","avian","https://media.birdweather.com/species/897/Orange-chinnedParakeet-standard-0bf0068f65faf91a77e897bad45dfb9c.jpg","https://media.birdweather.com/species/897/Orange-chinnedParakeet-thumbnail-542c4a6c0820592c04275ed546d0c49a.jpg","https://media.birdweather.com/species/897/Orange-chinnedParakeet-png200-7d59a0f58540798895be6be2a6dcfe26.png","U+kFHwJATKdHaLhzaSaJJpuXZ4BFePYK",16007315816,"https://media.birdweather.com/soundscapes/19267/19267-20260824-151948.flac",1.5,4.5,"live"
10679907956,19267,"2026-08-24T09:19:48.000-06:00",0.926581501960754,0.596296966075897,9.08726571439118,"almost_certain","BirdNET",NA,10.2198,-83.7874,FALSE,897,"Orange-chinned Parakeet","Brotogeris jugularis","#c85500","avian","https://media.birdweather.com/species/897/Orange-chinnedParakeet-standard-0bf0068f65faf91a77e897bad45dfb9c.jpg","https://media.birdweather.com/species/897/Orange-chinnedParakeet-thumbnail-542c4a6c0820592c04275ed546d0c49a.jpg","https://media.birdweather.com/species/897/Orange-chinnedParakeet-png200-7d59a0f58540798895be6be2a6dcfe26.png","U+kFHwJATKdHaLhzaSaJJpuXZ4BFePYK",16007315816,"https://media.birdweather.com/soundscapes/19267/19267-20260824-151948.flac",0,3,"live"
10679858077,19267,"2026-08-24T09:16:53.000-06:00",0.911199271678925,0.918484389781952,9.63708486713747,"almost_certain","BirdNET",NA,10.2198,-83.7874,FALSE,254,"Great-tailed Grackle","Quiscalus mexicanus","#4cdf64","avian","https://media.birdweather.com/species/254/Great-tailedGrackle-standard-84167b7e46a2aae7f30286e714478461.jpg","https://media.birdweather.com/species/254/Great-tailedGrackle-thumbnail-388529862f53a8a975b80daf9e76e3ac.jpg","https://media.birdweather.com/species/254/Great-tailedGrackle-png200-ca2dc12559d8d2db107eefc8eff73513.png","GAgKDwKYmnVgeIeVhniHRXiahgv2mWAN",16007231641,"https://media.birdweather.com/soundscapes/19267/19267-20260824-151653.flac",0,3,"live"
10679827505,19267,"2026-08-24T09:15:25.000-06:00",0.872759461402893,0.0940920040011406,6.55015207841446,"almost_certain","BirdNET",NA,10.2198,-83.7874,FALSE,17047,"Cinnamon-bellied Saltator","Saltator grandis","#6a35aa","avian","https://media.birdweather.com/species/17047/Cinnamon-belliedSaltator-standard-0876af3c691c96f8b8ee4f8dfdd870b4.jpeg","https://media.birdweather.com/species/17047/Cinnamon-belliedSaltator-thumbnail-3679ab493b8742672fc60e91862977e4.jpeg","https://media.birdweather.com/species/17047/Cinnamon-belliedSaltator-png200-58b4d4fbf255464431cd041a234f1383.png","FAgGBwCAaXmLZojmR6mHmXWEdlUJSJUA",16007181546,"https://media.birdweather.com/soundscapes/19267/19267-20260824-151519.flac",6,9,"live"
10679827496,19267,"2026-08-24T09:15:23.500-06:00",0.842048943042755,0.0940920040011406,6.47465200550211,"almost_certain","BirdNET",NA,10.2198,-83.7874,FALSE,17047,"Cinnamon-bellied Saltator","Saltator grandis","#6a35aa","avian","https://media.birdweather.com/species/17047/Cinnamon-belliedSaltator-standard-0876af3c691c96f8b8ee4f8dfdd870b4.jpeg","https://media.birdweather.com/species/17047/Cinnamon-belliedSaltator-thumbnail-3679ab493b8742672fc60e91862977e4.jpeg","https://media.birdweather.com/species/17047/Cinnamon-belliedSaltator-png200-58b4d4fbf255464431cd041a234f1383.png","FAgGBwCAaXmLZojmR6mHmXWEdlUJSJUA",16007181546,"https://media.birdweather.com/soundscapes/19267/19267-20260824-151519.flac",4.5,7.5,"live"
10679827487,19267,"2026-08-24T09:15:19.000-06:00",0.934127509593964,0.0940920040011406,6.68959645022089,"almost_certain","BirdNET",NA,10.2198,-83.7874,FALSE,17047,"Cinnamon-bellied Saltator","Saltator grandis","#6a35aa","avian","https://media.birdweather.com/species/17047/Cinnamon-belliedSaltator-standard-0876af3c691c96f8b8ee4f8dfdd870b4.jpeg","https://media.birdweather.com/species/17047/Cinnamon-belliedSaltator-thumbnail-3679ab493b8742672fc60e91862977e4.jpeg","https://media.birdweather.com/species/17047/Cinnamon-belliedSaltator-png200-58b4d4fbf255464431cd041a234f1383.png","FAgGBwCAaXmLZojmR6mHmXWEdlUJSJUA",16007181546,"https://media.birdweather.com/soundscapes/19267/19267-20260824-151519.flac",0,3,"live"
10679823073,19267,"2026-08-24T09:15:09.000-06:00",0.887127935886383,0.094091385602951,6.58408829831347,"almost_certain","BirdNET",NA,10.2198,-83.7874,FALSE,17047,"Cinnamon-bellied Saltator","Saltator grandis","#6a35aa","avian","https://media.birdweather.com/species/17047/Cinnamon-belliedSaltator-standard-0876af3c691c96f8b8ee4f8dfdd870b4.jpeg","https://media.birdweather.com/species/17047/Cinnamon-belliedSaltator-thumbnail-3679ab493b8742672fc60e91862977e4.jpeg","https://media.birdweather.com/species/17047/Cinnamon-belliedSaltator-png200-58b4d4fbf255464431cd041a234f1383.png","FAgGBwCAaXmLZojmR6mHmXWEdlUJSJUA",16007174616,"https://media.birdweather.com/soundscapes/19267/19267-20260824-151506.flac",3,6,"live"
10679823052,19267,"2026-08-24T09:15:06.000-06:00",0.935219585895538,0.094091385602951,6.69194565680117,"almost_certain","BirdNET",NA,10.2198,-83.7874,FALSE,17047,"Cinnamon-bellied Saltator","Saltator grandis","#6a35aa","avian","https://media.birdweather.com/species/17047/Cinnamon-belliedSaltator-standard-0876af3c691c96f8b8ee4f8dfdd870b4.jpeg","https://media.birdweather.com/species/17047/Cinnamon-belliedSaltator-thumbnail-3679ab493b8742672fc60e91862977e4.jpeg","https://media.birdweather.com/species/17047/Cinnamon-belliedSaltator-png200-58b4d4fbf255464431cd041a234f1383.png","FAgGBwCAaXmLZojmR6mHmXWEdlUJSJUA",16007174616,"https://media.birdweather.com/soundscapes/19267/19267-20260824-151506.flac",0,3,"live"
10679819188,19267,"2026-08-24T09:14:56.000-06:00",0.74522852897644,0.0940938144922256,6.20510285253872,"almost_certain","BirdNET",NA,10.2198,-83.7874,FALSE,17047,"Cinnamon-bellied Saltator","Saltator grandis","#6a35aa","avian","https://media.birdweather.com/species/17047/Cinnamon-belliedSaltator-standard-0876af3c691c96f8b8ee4f8dfdd870b4.jpeg","https://media.birdweather.com/species/17047/Cinnamon-belliedSaltator-thumbnail-3679ab493b8742672fc60e91862977e4.jpeg","https://media.birdweather.com/species/17047/Cinnamon-belliedSaltator-png200-58b4d4fbf255464431cd041a234f1383.png","FAgGBwCAaXmLZojmR6mHmXWEdlUJSJUA",16007168238,"https://media.birdweather.com/soundscapes/19267/19267-20260824-151453.flac",3,6,"live"
10679665564,19267,"2026-08-24T09:06:14.000-06:00",0.733795821666718,0.918486535549164,9.16738479391578,"almost_certain","BirdNET",NA,10.2198,-83.7874,FALSE,254,"Great-tailed Grackle","Quiscalus mexicanus","#4cdf64","avian","https://media.birdweather.com/species/254/Great-tailedGrackle-standard-84167b7e46a2aae7f30286e714478461.jpg","https://media.birdweather.com/species/254/Great-tailedGrackle-thumbnail-388529862f53a8a975b80daf9e76e3ac.jpg","https://media.birdweather.com/species/254/Great-tailedGrackle-png200-ca2dc12559d8d2db107eefc8eff73513.png","GAgKDwKYmnVgeIeVhniHRXiahgv2mWAN",16006911500,"https://media.birdweather.com/soundscapes/19267/19267-20260824-150614.flac",0,3,"live"
10679114606,19267,"2026-08-24T08:37:45.500-06:00",0.9885293841362,0.202005684375763,7.77689128907399,"almost_certain","BirdNET",NA,10.2198,-83.7874,FALSE,501,"White-winged Dove","Zenaida asiatica","#d16ff8","avian","https://media.birdweather.com/species/501/White-wingedDove-standard-6528ef689b07d5a91f1c2275cdef19c9.jpg","https://media.birdweather.com/species/501/White-wingedDove-thumbnail-4a940adfd5a6c78c73c48c5095e7b896.jpg","https://media.birdweather.com/species/501/White-wingedDove-png200-d65decd3d571b5a9dbeca249ef97689f.png","IscJLwb6hoVelZWZdoh3eIeIdxBoB4IG",16006021800,"https://media.birdweather.com/soundscapes/19267/19267-20260824-143741.flac",4.5,7.5,"live"
10679114604,19267,"2026-08-24T08:37:44.000-06:00",0.874237895011902,0.202005684375763,7.52821678843461,"almost_certain","BirdNET",NA,10.2198,-83.7874,FALSE,501,"White-winged Dove","Zenaida asiatica","#d16ff8","avian","https://media.birdweather.com/species/501/White-wingedDove-standard-6528ef689b07d5a91f1c2275cdef19c9.jpg","https://media.birdweather.com/species/501/White-wingedDove-thumbnail-4a940adfd5a6c78c73c48c5095e7b896.jpg","https://media.birdweather.com/species/501/White-wingedDove-png200-d65decd3d571b5a9dbeca249ef97689f.png","IscJLwb6hoVelZWZdoh3eIeIdxBoB4IG",16006021800,"https://media.birdweather.com/soundscapes/19267/19267-20260824-143741.flac",3,6,"live"
10679070048,19267,"2026-08-24T08:35:14.000-06:00",0.941876471042633,0.334181725978851,8.344611864226,"almost_certain","BirdNET",NA,10.2198,-83.7874,FALSE,222,"Bananaquit","Coereba flaveola","#ff6d76","avian","https://media.birdweather.com/species/222/Bananaquit-standard-a16e4b555ce6fe110e0ea3e295e68e74.jpg","https://media.birdweather.com/species/222/Bananaquit-thumbnail-6b66bb0bc4f508638a491570cc83d076.jpg","https://media.birdweather.com/species/222/Bananaquit-png200-3beb1a4e237abe823f29a93736520e05.png","mNkBDwIcNJNKxWthqKx7YMl4em77C0gB",16005946780,"https://media.birdweather.com/soundscapes/19267/19267-20260824-143514.flac",0,3,"live"
10679047477,19267,"2026-08-24T08:34:03.000-06:00",0.742949426174164,0.201998829841614,7.1725367134773,"almost_certain","BirdNET",NA,10.2198,-83.7874,FALSE,501,"White-winged Dove","Zenaida asiatica","#d16ff8","avian","https://media.birdweather.com/species/501/White-wingedDove-standard-6528ef689b07d5a91f1c2275cdef19c9.jpg","https://media.birdweather.com/species/501/White-wingedDove-thumbnail-4a940adfd5a6c78c73c48c5095e7b896.jpg","https://media.birdweather.com/species/501/White-wingedDove-png200-d65decd3d571b5a9dbeca249ef97689f.png","IscJLwb6hoVelZWZdoh3eIeIdxBoB4IG",16005909346,"https://media.birdweather.com/soundscapes/19267/19267-20260824-143357.flac",6,9,"live"
10679039868,19267,"2026-08-24T08:33:32.500-06:00",0.877226650714874,0.201998829841614,7.53528448716238,"almost_certain","BirdNET",NA,10.2198,-83.7874,FALSE,501,"White-winged Dove","Zenaida asiatica","#d16ff8","avian","https://media.birdweather.com/species/501/White-wingedDove-standard-6528ef689b07d5a91f1c2275cdef19c9.jpg","https://media.birdweather.com/species/501/White-wingedDove-thumbnail-4a940adfd5a6c78c73c48c5095e7b896.jpg","https://media.birdweather.com/species/501/White-wingedDove-png200-d65decd3d571b5a9dbeca249ef97689f.png","IscJLwb6hoVelZWZdoh3eIeIdxBoB4IG",16005896700,"https://media.birdweather.com/soundscapes/19267/19267-20260824-143331.flac",1.5,4.5,"live"
10679035920,19267,"2026-08-24T08:33:22.500-06:00",0.889623403549194,0.201998829841614,7.5643956661913,"almost_certain","BirdNET",NA,10.2198,-83.7874,FALSE,501,"White-winged Dove","Zenaida asiatica","#d16ff8","avian","https://media.birdweather.com/species/501/White-wingedDove-standard-6528ef689b07d5a91f1c2275cdef19c9.jpg","https://media.birdweather.com/species/501/White-wingedDove-thumbnail-4a940adfd5a6c78c73c48c5095e7b896.jpg","https://media.birdweather.com/species/501/White-wingedDove-png200-d65decd3d571b5a9dbeca249ef97689f.png","IscJLwb6hoVelZWZdoh3eIeIdxBoB4IG",16005890105,"https://media.birdweather.com/soundscapes/19267/19267-20260824-143318.flac",4.5,7.5,"live"
10679035911,19267,"2026-08-24T08:33:21.000-06:00",0.944454908370972,0.201998829841614,7.68621719255436,"almost_certain","BirdNET",NA,10.2198,-83.7874,FALSE,501,"White-winged Dove","Zenaida asiatica","#d16ff8","avian","https://media.birdweather.com/species/501/White-wingedDove-standard-6528ef689b07d5a91f1c2275cdef19c9.jpg","https://media.birdweather.com/species/501/White-wingedDove-thumbnail-4a940adfd5a6c78c73c48c5095e7b896.jpg","https://media.birdweather.com/species/501/White-wingedDove-png200-d65decd3d571b5a9dbeca249ef97689f.png","IscJLwb6hoVelZWZdoh3eIeIdxBoB4IG",16005890105,"https://media.birdweather.com/soundscapes/19267/19267-20260824-143318.flac",3,6,"live"
10679035904,19267,"2026-08-24T08:33:19.500-06:00",0.756082594394684,0.201998829841614,7.21256581157333,"almost_certain","BirdNET",NA,10.2198,-83.7874,FALSE,501,"White-winged Dove","Zenaida asiatica","#d16ff8","avian","https://media.birdweather.com/species/501/White-wingedDove-standard-6528ef689b07d5a91f1c2275cdef19c9.jpg","https://media.birdweather.com/species/501/White-wingedDove-thumbnail-4a940adfd5a6c78c73c48c5095e7b896.jpg","https://media.birdweather.com/species/501/White-wingedDove-png200-d65decd3d571b5a9dbeca249ef97689f.png","IscJLwb6hoVelZWZdoh3eIeIdxBoB4IG",16005890105,"https://media.birdweather.com/soundscapes/19267/19267-20260824-143318.flac",1.5,4.5,"live"
10679032298,19267,"2026-08-24T08:33:12.000-06:00",0.787215352058411,0.202015832066536,7.30313993920672,"almost_certain","BirdNET",NA,10.2198,-83.7874,FALSE,501,"White-winged Dove","Zenaida asiatica","#d16ff8","avian","https://media.birdweather.com/species/501/White-wingedDove-standard-6528ef689b07d5a91f1c2275cdef19c9.jpg","https://media.birdweather.com/species/501/White-wingedDove-thumbnail-4a940adfd5a6c78c73c48c5095e7b896.jpg","https://media.birdweather.com/species/501/White-wingedDove-png200-d65decd3d571b5a9dbeca249ef97689f.png","IscJLwb6hoVelZWZdoh3eIeIdxBoB4IG",16005884163,"https://media.birdweather.com/soundscapes/19267/19267-20260824-143306.flac",6,9,"live"
10679028677,19267,"2026-08-24T08:32:55.500-06:00",0.788811445236206,0.20202562212944,7.30768391532067,"almost_certain","BirdNET",NA,10.2198,-83.7874,FALSE,501,"White-winged Dove","Zenaida asiatica","#d16ff8","avian","https://media.birdweather.com/species/501/White-wingedDove-standard-6528ef689b07d5a91f1c2275cdef19c9.jpg","https://media.birdweather.com/species/501/White-wingedDove-thumbnail-4a940adfd5a6c78c73c48c5095e7b896.jpg","https://media.birdweather.com/species/501/White-wingedDove-png200-d65decd3d571b5a9dbeca249ef97689f.png","IscJLwb6hoVelZWZdoh3eIeIdxBoB4IG",16005878256,"https://media.birdweather.com/soundscapes/19267/19267-20260824-143254.flac",1.5,4.5,"live"
10679024665,19267,"2026-08-24T08:32:46.000-06:00",0.817094087600708,0.202022358775139,7.38472262058947,"almost_certain","BirdNET",NA,10.2198,-83.7874,FALSE,501,"White-winged Dove","Zenaida asiatica","#d16ff8","avian","https://media.birdweather.com/species/501/White-wingedDove-standard-6528ef689b07d5a91f1c2275cdef19c9.jpg","https://media.birdweather.com/species/501/White-wingedDove-thumbnail-4a940adfd5a6c78c73c48c5095e7b896.jpg","https://media.birdweather.com/species/501/White-wingedDove-png200-d65decd3d571b5a9dbeca249ef97689f.png","IscJLwb6hoVelZWZdoh3eIeIdxBoB4IG",16005871728,"https://media.birdweather.com/soundscapes/19267/19267-20260824-143240.flac",6,9,"live"
10679011693,19267,"2026-08-24T08:32:02.500-06:00",0.864047527313232,0.201997846364975,7.50363595127312,"almost_certain","BirdNET",NA,10.2198,-83.7874,FALSE,501,"White-winged Dove","Zenaida asiatica","#d16ff8","avian","https://media.birdweather.com/species/501/White-wingedDove-standard-6528ef689b07d5a91f1c2275cdef19c9.jpg","https://media.birdweather.com/species/501/White-wingedDove-thumbnail-4a940adfd5a6c78c73c48c5095e7b896.jpg","https://media.birdweather.com/species/501/White-wingedDove-png200-d65decd3d571b5a9dbeca249ef97689f.png","IscJLwb6hoVelZWZdoh3eIeIdxBoB4IG",16005851864,"https://media.birdweather.com/soundscapes/19267/19267-20260824-143201.flac",1.5,4.5,"live"
10679011690,19267,"2026-08-24T08:32:01.000-06:00",0.771189391613007,0.201997846364975,7.25720254641816,"almost_certain","BirdNET",NA,10.2198,-83.7874,FALSE,501,"White-winged Dove","Zenaida asiatica","#d16ff8","avian","https://media.birdweather.com/species/501/White-wingedDove-standard-6528ef689b07d5a91f1c2275cdef19c9.jpg","https://media.birdweather.com/species/501/White-wingedDove-thumbnail-4a940adfd5a6c78c73c48c5095e7b896.jpg","https://media.birdweather.com/species/501/White-wingedDove-png200-d65decd3d571b5a9dbeca249ef97689f.png","IscJLwb6hoVelZWZdoh3eIeIdxBoB4IG",16005851864,"https://media.birdweather.com/soundscapes/19267/19267-20260824-143201.flac",0,3,"live"
10679007713,19267,"2026-08-24T08:31:55.000-06:00",0.897493243217468,0.201996877789497,7.58254780095181,"almost_certain","BirdNET",NA,10.2198,-83.7874,FALSE,501,"White-winged Dove","Zenaida asiatica","#d16ff8","avian","https://media.birdweather.com/species/501/White-wingedDove-standard-6528ef689b07d5a91f1c2275cdef19c9.jpg","https://media.birdweather.com/species/501/White-wingedDove-thumbnail-4a940adfd5a6c78c73c48c5095e7b896.jpg","https://media.birdweather.com/species/501/White-wingedDove-png200-d65decd3d571b5a9dbeca249ef97689f.png","IscJLwb6hoVelZWZdoh3eIeIdxBoB4IG",16005845337,"https://media.birdweather.com/soundscapes/19267/19267-20260824-143149.flac",6,9,"live"
10679007707,19267,"2026-08-24T08:31:50.500-06:00",0.723076581954956,0.201996877789497,7.10963781899914,"almost_certain","BirdNET",NA,10.2198,-83.7874,FALSE,501,"White-winged Dove","Zenaida asiatica","#d16ff8","avian","https://media.birdweather.com/species/501/White-wingedDove-standard-6528ef689b07d5a91f1c2275cdef19c9.jpg","https://media.birdweather.com/species/501/White-wingedDove-thumbnail-4a940adfd5a6c78c73c48c5095e7b896.jpg","https://media.birdweather.com/species/501/White-wingedDove-png200-d65decd3d571b5a9dbeca249ef97689f.png","IscJLwb6hoVelZWZdoh3eIeIdxBoB4IG",16005845337,"https://media.birdweather.com/soundscapes/19267/19267-20260824-143149.flac",1.5,4.5,"live"
10679007698,19267,"2026-08-24T08:31:49.000-06:00",0.71511036157608,0.201996877789497,7.08359577521323,"almost_certain","BirdNET",NA,10.2198,-83.7874,FALSE,501,"White-winged Dove","Zenaida asiatica","#d16ff8","avian","https://media.birdweather.com/species/501/White-wingedDove-standard-6528ef689b07d5a91f1c2275cdef19c9.jpg","https://media.birdweather.com/species/501/White-wingedDove-thumbnail-4a940adfd5a6c78c73c48c5095e7b896.jpg","https://media.birdweather.com/species/501/White-wingedDove-png200-d65decd3d571b5a9dbeca249ef97689f.png","IscJLwb6hoVelZWZdoh3eIeIdxBoB4IG",16005845337,"https://media.birdweather.com/soundscapes/19267/19267-20260824-143149.flac",0,3,"live"
10679003701,19267,"2026-08-24T08:31:41.000-06:00",0.854041457176208,0.202006369829178,7.47916940182445,"almost_certain","BirdNET",NA,10.2198,-83.7874,FALSE,501,"White-winged Dove","Zenaida asiatica","#d16ff8","avian","https://media.birdweather.com/species/501/White-wingedDove-standard-6528ef689b07d5a91f1c2275cdef19c9.jpg","https://media.birdweather.com/species/501/White-wingedDove-thumbnail-4a940adfd5a6c78c73c48c5095e7b896.jpg","https://media.birdweather.com/species/501/White-wingedDove-png200-d65decd3d571b5a9dbeca249ef97689f.png","IscJLwb6hoVelZWZdoh3eIeIdxBoB4IG",16005838638,"https://media.birdweather.com/soundscapes/19267/19267-20260824-143135.flac",6,9,"live"
10679003694,19267,"2026-08-24T08:31:36.500-06:00",0.881481468677521,0.202006369829178,7.54539463590076,"almost_certain","BirdNET",NA,10.2198,-83.7874,FALSE,501,"White-winged Dove","Zenaida asiatica","#d16ff8","avian","https://media.birdweather.com/species/501/White-wingedDove-standard-6528ef689b07d5a91f1c2275cdef19c9.jpg","https://media.birdweather.com/species/501/White-wingedDove-thumbnail-4a940adfd5a6c78c73c48c5095e7b896.jpg","https://media.birdweather.com/species/501/White-wingedDove-png200-d65decd3d571b5a9dbeca249ef97689f.png","IscJLwb6hoVelZWZdoh3eIeIdxBoB4IG",16005838638,"https://media.birdweather.com/soundscapes/19267/19267-20260824-143135.flac",1.5,4.5,"live"
10679003687,19267,"2026-08-24T08:31:35.000-06:00",0.898616254329681,0.202006369829178,7.58518169043579,"almost_certain","BirdNET",NA,10.2198,-83.7874,FALSE,501,"White-winged Dove","Zenaida asiatica","#d16ff8","avian","https://media.birdweather.com/species/501/White-wingedDove-standard-6528ef689b07d5a91f1c2275cdef19c9.jpg","https://media.birdweather.com/species/501/White-wingedDove-thumbnail-4a940adfd5a6c78c73c48c5095e7b896.jpg","https://media.birdweather.com/species/501/White-wingedDove-png200-d65decd3d571b5a9dbeca249ef97689f.png","IscJLwb6hoVelZWZdoh3eIeIdxBoB4IG",16005838638,"https://media.birdweather.com/soundscapes/19267/19267-20260824-143135.flac",0,3,"live"
10678998421,19267,"2026-08-24T08:31:28.000-06:00",0.74105578660965,0.202003136277199,7.1666951425062,"almost_certain","BirdNET",NA,10.2198,-83.7874,FALSE,501,"White-winged Dove","Zenaida asiatica","#d16ff8","avian","https://media.birdweather.com/species/501/White-wingedDove-standard-6528ef689b07d5a91f1c2275cdef19c9.jpg","https://media.birdweather.com/species/501/White-wingedDove-thumbnail-4a940adfd5a6c78c73c48c5095e7b896.jpg","https://media.birdweather.com/species/501/White-wingedDove-png200-d65decd3d571b5a9dbeca249ef97689f.png","IscJLwb6hoVelZWZdoh3eIeIdxBoB4IG",16005830949,"https://media.birdweather.com/soundscapes/19267/19267-20260824-143122.flac",6,9,"live"
10678930395,19267,"2026-08-24T08:27:53.500-06:00",0.875838816165924,0.398420572280884,8.43031849270739,"almost_certain","BirdNET",NA,10.2198,-83.7874,FALSE,321,"Palm Tanager","Thraupis palmarum","#008efd","avian","https://media.birdweather.com/species/321/PalmTanager-standard-cbade2e4973d8cb57c4014568207591d.jpg","https://media.birdweather.com/species/321/PalmTanager-thumbnail-66ffacacc3b9c5f5dad0cf97c949e40f.jpg","https://media.birdweather.com/species/321/PalmTanager-png200-100c123f8e9a99aad801e3e79a865873.png","lvkJHwR/d2lneYlEp0hrx2iL+XtlNZgA",16005722873,"https://media.birdweather.com/soundscapes/19267/19267-20260824-142752.flac",1.5,4.5,"live"
10678801539,19267,"2026-08-24T08:21:18.000-06:00",0.928490281105042,0.918485999107361,9.6753068414582,"almost_certain","BirdNET",NA,10.2198,-83.7874,FALSE,254,"Great-tailed Grackle","Quiscalus mexicanus","#4cdf64","avian","https://media.birdweather.com/species/254/Great-tailedGrackle-standard-84167b7e46a2aae7f30286e714478461.jpg","https://media.birdweather.com/species/254/Great-tailedGrackle-thumbnail-388529862f53a8a975b80daf9e76e3ac.jpg","https://media.birdweather.com/species/254/Great-tailedGrackle-png200-ca2dc12559d8d2db107eefc8eff73513.png","GAgKDwKYmnVgeIeVhniHRXiahgv2mWAN",16005512660,"https://media.birdweather.com/soundscapes/19267/19267-20260824-142112.flac",6,9,"live"
10678612905,19267,"2026-08-24T08:11:25.000-06:00",0.92924952507019,0.202003791928291,7.65353780027127,"almost_certain","BirdNET",NA,10.2198,-83.7874,FALSE,501,"White-winged Dove","Zenaida asiatica","#d16ff8","avian","https://media.birdweather.com/species/501/White-wingedDove-standard-6528ef689b07d5a91f1c2275cdef19c9.jpg","https://media.birdweather.com/species/501/White-wingedDove-thumbnail-4a940adfd5a6c78c73c48c5095e7b896.jpg","https://media.birdweather.com/species/501/White-wingedDove-png200-d65decd3d571b5a9dbeca249ef97689f.png","IscJLwb6hoVelZWZdoh3eIeIdxBoB4IG",16005212949,"https://media.birdweather.com/soundscapes/19267/19267-20260824-141119.flac",6,9,"live"
10678591556,19267,"2026-08-24T08:10:11.500-06:00",0.828268647193909,0.201996341347694,7.41384524754617,"almost_certain","BirdNET",NA,10.2198,-83.7874,FALSE,501,"White-winged Dove","Zenaida asiatica","#d16ff8","avian","https://media.birdweather.com/species/501/White-wingedDove-standard-6528ef689b07d5a91f1c2275cdef19c9.jpg","https://media.birdweather.com/species/501/White-wingedDove-thumbnail-4a940adfd5a6c78c73c48c5095e7b896.jpg","https://media.birdweather.com/species/501/White-wingedDove-png200-d65decd3d571b5a9dbeca249ef97689f.png","IscJLwb6hoVelZWZdoh3eIeIdxBoB4IG",16005179098,"https://media.birdweather.com/soundscapes/19267/19267-20260824-141010.flac",1.5,4.5,"live"
10678591551,19267,"2026-08-24T08:10:10.000-06:00",0.953660249710083,0.201996341347694,7.70563163532498,"almost_certain","BirdNET",NA,10.2198,-83.7874,FALSE,501,"White-winged Dove","Zenaida asiatica","#d16ff8","avian","https://media.birdweather.com/species/501/White-wingedDove-standard-6528ef689b07d5a91f1c2275cdef19c9.jpg","https://media.birdweather.com/species/501/White-wingedDove-thumbnail-4a940adfd5a6c78c73c48c5095e7b896.jpg","https://media.birdweather.com/species/501/White-wingedDove-png200-d65decd3d571b5a9dbeca249ef97689f.png","IscJLwb6hoVelZWZdoh3eIeIdxBoB4IG",16005179098,"https://media.birdweather.com/soundscapes/19267/19267-20260824-141010.flac",0,3,"live"
10678587701,19267,"2026-08-24T08:09:57.000-06:00",0.885569155216217,0.201996341347694,7.5549269342249,"almost_certain","BirdNET",NA,10.2198,-83.7874,FALSE,501,"White-winged Dove","Zenaida asiatica","#d16ff8","avian","https://media.birdweather.com/species/501/White-wingedDove-standard-6528ef689b07d5a91f1c2275cdef19c9.jpg","https://media.birdweather.com/species/501/White-wingedDove-thumbnail-4a940adfd5a6c78c73c48c5095e7b896.jpg","https://media.birdweather.com/species/501/White-wingedDove-png200-d65decd3d571b5a9dbeca249ef97689f.png","IscJLwb6hoVelZWZdoh3eIeIdxBoB4IG",16005172769,"https://media.birdweather.com/soundscapes/19267/19267-20260824-140957.flac",0,3,"live"
10678349105,19267,"2026-08-24T07:57:31.000-06:00",0.856415152549744,0.201999947428703,7.48498489096937,"almost_certain","BirdNET",NA,10.2198,-83.7874,FALSE,501,"White-winged Dove","Zenaida asiatica","#d16ff8","avian","https://media.birdweather.com/species/501/White-wingedDove-standard-6528ef689b07d5a91f1c2275cdef19c9.jpg","https://media.birdweather.com/species/501/White-wingedDove-thumbnail-4a940adfd5a6c78c73c48c5095e7b896.jpg","https://media.birdweather.com/species/501/White-wingedDove-png200-d65decd3d571b5a9dbeca249ef97689f.png","IscJLwb6hoVelZWZdoh3eIeIdxBoB4IG",16004805255,"https://media.birdweather.com/soundscapes/19267/19267-20260824-135725.flac",6,9,"live"
10678216229,19267,"2026-08-24T07:50:45.000-06:00",0.713164925575256,0.025582717731595,4.63210537431261,"almost_certain","BirdNET",NA,10.2198,-83.7874,FALSE,1104,"Black-headed Saltator","Saltator atriceps","#ff5499","avian","https://media.birdweather.com/species/1104/Black-headedSaltator-standard-3159be3001c869c7db8f9d22173fe6d6.jpg","https://media.birdweather.com/species/1104/Black-headedSaltator-thumbnail-c7f067dd41ea0a1a2952384b5b9a0212.jpg","https://media.birdweather.com/species/1104/Black-headedSaltator-png200-8d7a7f8741c6037857493b2860ffed9a.png","HAoGFwSXCqi0NV1rlzW4SaiKyTgGWs8E",16004606171,"https://media.birdweather.com/soundscapes/19267/19267-20260824-135039.flac",6,9,"live"
10678216216,19267,"2026-08-24T07:50:39.000-06:00",0.928326785564423,0.025582717731595,5.2064279262035,"almost_certain","BirdNET",NA,10.2198,-83.7874,FALSE,1104,"Black-headed Saltator","Saltator atriceps","#ff5499","avian","https://media.birdweather.com/species/1104/Black-headedSaltator-standard-3159be3001c869c7db8f9d22173fe6d6.jpg","https://media.birdweather.com/species/1104/Black-headedSaltator-thumbnail-c7f067dd41ea0a1a2952384b5b9a0212.jpg","https://media.birdweather.com/species/1104/Black-headedSaltator-png200-8d7a7f8741c6037857493b2860ffed9a.png","HAoGFwSXCqi0NV1rlzW4SaiKyTgGWs8E",16004606171,"https://media.birdweather.com/soundscapes/19267/19267-20260824-135039.flac",0,3,"live"
10678163825,19267,"2026-08-24T07:48:04.500-06:00",0.794525384902954,0.563706636428833,8.68731873421132,"almost_certain","BirdNET",NA,10.2198,-83.7874,FALSE,802,"Rufous-tailed Hummingbird","Amazilia tzacatl","#d9c845","avian","https://media.birdweather.com/species/802/Rufous-tailedHummingbird-standard-4d0209b50ad0c35c6d8337f5c0c16b55.jpg","https://media.birdweather.com/species/802/Rufous-tailedHummingbird-thumbnail-fbf17400c31564f70aa45927c5d75f5e.jpg","https://media.birdweather.com/species/802/Rufous-tailedHummingbird-png200-8ea431c9893cfe027e92471791a8c256.png","mPkJFwIHqJeJl4lriIaGhYh3+H+oVGAH",16004528244,"https://media.birdweather.com/soundscapes/19267/19267-20260824-134800.flac",4.5,7.5,"live"
10678163820,19267,"2026-08-24T07:48:03.000-06:00",0.705936968326569,0.563706636428833,8.4168799298727,"almost_certain","BirdNET",NA,10.2198,-83.7874,FALSE,802,"Rufous-tailed Hummingbird","Amazilia tzacatl","#d9c845","avian","https://media.birdweather.com/species/802/Rufous-tailedHummingbird-standard-4d0209b50ad0c35c6d8337f5c0c16b55.jpg","https://media.birdweather.com/species/802/Rufous-tailedHummingbird-thumbnail-fbf17400c31564f70aa45927c5d75f5e.jpg","https://media.birdweather.com/species/802/Rufous-tailedHummingbird-png200-8ea431c9893cfe027e92471791a8c256.png","mPkJFwIHqJeJl4lriIaGhYh3+H+oVGAH",16004528244,"https://media.birdweather.com/soundscapes/19267/19267-20260824-134800.flac",3,6,"live"
10678006384,19267,"2026-08-24T07:40:05.000-06:00",0.703119158744812,0.918484807014465,9.06690402003105,"almost_certain","BirdNET",NA,10.2198,-83.7874,FALSE,254,"Great-tailed Grackle","Quiscalus mexicanus","#4cdf64","avian","https://media.birdweather.com/species/254/Great-tailedGrackle-standard-84167b7e46a2aae7f30286e714478461.jpg","https://media.birdweather.com/species/254/Great-tailedGrackle-thumbnail-388529862f53a8a975b80daf9e76e3ac.jpg","https://media.birdweather.com/species/254/Great-tailedGrackle-png200-ca2dc12559d8d2db107eefc8eff73513.png","GAgKDwKYmnVgeIeVhniHRXiahgv2mWAN",16004294465,"https://media.birdweather.com/soundscapes/19267/19267-20260824-134002.flac",3,6,"live"
10678006383,19267,"2026-08-24T07:40:03.500-06:00",0.789115369319916,0.201988399028778,7.3082949261673,"almost_certain","BirdNET",NA,10.2198,-83.7874,FALSE,501,"White-winged Dove","Zenaida asiatica","#d16ff8","avian","https://media.birdweather.com/species/501/White-wingedDove-standard-6528ef689b07d5a91f1c2275cdef19c9.jpg","https://media.birdweather.com/species/501/White-wingedDove-thumbnail-4a940adfd5a6c78c73c48c5095e7b896.jpg","https://media.birdweather.com/species/501/White-wingedDove-png200-d65decd3d571b5a9dbeca249ef97689f.png","IscJLwb6hoVelZWZdoh3eIeIdxBoB4IG",16004294465,"https://media.birdweather.com/soundscapes/19267/19267-20260824-134002.flac",1.5,4.5,"live"
10677894232,19267,"2026-08-24T07:34:19.000-06:00",0.774402856826782,0.201984256505966,7.26642627047996,"almost_certain","BirdNET",NA,10.2198,-83.7874,FALSE,501,"White-winged Dove","Zenaida asiatica","#d16ff8","avian","https://media.birdweather.com/species/501/White-wingedDove-standard-6528ef689b07d5a91f1c2275cdef19c9.jpg","https://media.birdweather.com/species/501/White-wingedDove-thumbnail-4a940adfd5a6c78c73c48c5095e7b896.jpg","https://media.birdweather.com/species/501/White-wingedDove-png200-d65decd3d571b5a9dbeca249ef97689f.png","IscJLwb6hoVelZWZdoh3eIeIdxBoB4IG",16004126197,"https://media.birdweather.com/soundscapes/19267/19267-20260824-133419.flac",0,3,"live"
10677589667,19267,"2026-08-24T07:19:01.000-06:00",0.841895401477814,0.241469979286194,7.68267026411104,"almost_certain","BirdNET",NA,10.2198,-83.7874,FALSE,3766,"Crimson-fronted Parakeet","Psittacara finschi","#65ad00","avian","https://media.birdweather.com/species/3766/Crimson-frontedParakeet-standard-ddc77fa728634b78b78a31cc430f7895.jpg","https://media.birdweather.com/species/3766/Crimson-frontedParakeet-thumbnail-df6cfd5712c254c532e4f60547260885.jpg","https://media.birdweather.com/species/3766/Crimson-frontedParakeet-png200-7ac02114402521892623f1f6b95ca6c2.png","1PgJHwR1hXZghIXBaJmliYSndzA49JgL",16003675143,"https://media.birdweather.com/soundscapes/19267/19267-20260824-131858.flac",3,6,"live"
10677300149,19267,"2026-08-24T07:03:54.000-06:00",0.721421182155609,0.201981469988823,7.10416724017357,"almost_certain","BirdNET",NA,10.2198,-83.7874,FALSE,501,"White-winged Dove","Zenaida asiatica","#d16ff8","avian","https://media.birdweather.com/species/501/White-wingedDove-standard-6528ef689b07d5a91f1c2275cdef19c9.jpg","https://media.birdweather.com/species/501/White-wingedDove-thumbnail-4a940adfd5a6c78c73c48c5095e7b896.jpg","https://media.birdweather.com/species/501/White-wingedDove-png200-d65decd3d571b5a9dbeca249ef97689f.png","IscJLwb6hoVelZWZdoh3eIeIdxBoB4IG",16003233274,"https://media.birdweather.com/soundscapes/19267/19267-20260824-130354.flac",0,3,"live"
10677295960,19267,"2026-08-24T07:03:44.500-06:00",0.73263680934906,0.201982989907265,7.14016125334895,"almost_certain","BirdNET",NA,10.2198,-83.7874,FALSE,501,"White-winged Dove","Zenaida asiatica","#d16ff8","avian","https://media.birdweather.com/species/501/White-wingedDove-standard-6528ef689b07d5a91f1c2275cdef19c9.jpg","https://media.birdweather.com/species/501/White-wingedDove-thumbnail-4a940adfd5a6c78c73c48c5095e7b896.jpg","https://media.birdweather.com/species/501/White-wingedDove-png200-d65decd3d571b5a9dbeca249ef97689f.png","IscJLwb6hoVelZWZdoh3eIeIdxBoB4IG",16003226748,"https://media.birdweather.com/soundscapes/19267/19267-20260824-130340.flac",4.5,7.5,"live"
10677295952,19267,"2026-08-24T07:03:43.000-06:00",0.700599670410156,0.201982989907265,7.0347589360121,"almost_certain","BirdNET",NA,10.2198,-83.7874,FALSE,501,"White-winged Dove","Zenaida asiatica","#d16ff8","avian","https://media.birdweather.com/species/501/White-wingedDove-standard-6528ef689b07d5a91f1c2275cdef19c9.jpg","https://media.birdweather.com/species/501/White-wingedDove-thumbnail-4a940adfd5a6c78c73c48c5095e7b896.jpg","https://media.birdweather.com/species/501/White-wingedDove-png200-d65decd3d571b5a9dbeca249ef97689f.png","IscJLwb6hoVelZWZdoh3eIeIdxBoB4IG",16003226748,"https://media.birdweather.com/soundscapes/19267/19267-20260824-130340.flac",3,6,"live"
10677288320,19267,"2026-08-24T07:03:20.500-06:00",0.714657127857208,0.2019864320755,7.08203163284941,"almost_certain","BirdNET",NA,10.2198,-83.7874,FALSE,501,"White-winged Dove","Zenaida asiatica","#d16ff8","avian","https://media.birdweather.com/species/501/White-wingedDove-standard-6528ef689b07d5a91f1c2275cdef19c9.jpg","https://media.birdweather.com/species/501/White-wingedDove-thumbnail-4a940adfd5a6c78c73c48c5095e7b896.jpg","https://media.birdweather.com/species/501/White-wingedDove-png200-d65decd3d571b5a9dbeca249ef97689f.png","IscJLwb6hoVelZWZdoh3eIeIdxBoB4IG",16003214894,"https://media.birdweather.com/soundscapes/19267/19267-20260824-130316.flac",4.5,7.5,"live"
10677271796,19267,"2026-08-24T07:02:28.000-06:00",0.710100769996643,0.201988786458969,7.06690962135259,"almost_certain","BirdNET",NA,10.2198,-83.7874,FALSE,501,"White-winged Dove","Zenaida asiatica","#d16ff8","avian","https://media.birdweather.com/species/501/White-wingedDove-standard-6528ef689b07d5a91f1c2275cdef19c9.jpg","https://media.birdweather.com/species/501/White-wingedDove-thumbnail-4a940adfd5a6c78c73c48c5095e7b896.jpg","https://media.birdweather.com/species/501/White-wingedDove-png200-d65decd3d571b5a9dbeca249ef97689f.png","IscJLwb6hoVelZWZdoh3eIeIdxBoB4IG",16003188900,"https://media.birdweather.com/soundscapes/19267/19267-20260824-130222.flac",6,9,"live"
10677271775,19267,"2026-08-24T07:02:22.000-06:00",0.867151618003845,0.201988786458969,7.51109617514142,"almost_certain","BirdNET",NA,10.2198,-83.7874,FALSE,501,"White-winged Dove","Zenaida asiatica","#d16ff8","avian","https://media.birdweather.com/species/501/White-wingedDove-standard-6528ef689b07d5a91f1c2275cdef19c9.jpg","https://media.birdweather.com/species/501/White-wingedDove-thumbnail-4a940adfd5a6c78c73c48c5095e7b896.jpg","https://media.birdweather.com/species/501/White-wingedDove-png200-d65decd3d571b5a9dbeca249ef97689f.png","IscJLwb6hoVelZWZdoh3eIeIdxBoB4IG",16003188900,"https://media.birdweather.com/soundscapes/19267/19267-20260824-130222.flac",0,3,"live"
10677239420,19267,"2026-08-24T07:00:39.000-06:00",0.823856055736542,0.201980888843536,7.40225380754692,"almost_certain","BirdNET",NA,10.2198,-83.7874,FALSE,501,"White-winged Dove","Zenaida asiatica","#d16ff8","avian","https://media.birdweather.com/species/501/White-wingedDove-standard-6528ef689b07d5a91f1c2275cdef19c9.jpg","https://media.birdweather.com/species/501/White-wingedDove-thumbnail-4a940adfd5a6c78c73c48c5095e7b896.jpg","https://media.birdweather.com/species/501/White-wingedDove-png200-d65decd3d571b5a9dbeca249ef97689f.png","IscJLwb6hoVelZWZdoh3eIeIdxBoB4IG",16003138046,"https://media.birdweather.com/soundscapes/19267/19267-20260824-130039.flac",0,3,"live"
10677090229,19267,"2026-08-24T06:52:35.500-06:00",0.761074900627136,0.201983466744423,7.2273811455721,"almost_certain","BirdNET",NA,10.2198,-83.7874,FALSE,501,"White-winged Dove","Zenaida asiatica","#d16ff8","avian","https://media.birdweather.com/species/501/White-wingedDove-standard-6528ef689b07d5a91f1c2275cdef19c9.jpg","https://media.birdweather.com/species/501/White-wingedDove-thumbnail-4a940adfd5a6c78c73c48c5095e7b896.jpg","https://media.birdweather.com/species/501/White-wingedDove-png200-d65decd3d571b5a9dbeca249ef97689f.png","IscJLwb6hoVelZWZdoh3eIeIdxBoB4IG",16002899582,"https://media.birdweather.com/soundscapes/19267/19267-20260824-125231.flac",4.5,7.5,"live"
10676992634,19267,"2026-08-24T06:47:16.000-06:00",0.776308119297028,0.777643620967865,9.07008854247191,"almost_certain","BirdNET",NA,10.2198,-83.7874,FALSE,229,"Great Kiskadee","Pitangus sulphuratus","#7d4410","avian","https://media.birdweather.com/species/229/GreatKiskadee-standard-cd28a1b8e8b8e5aed433e809c229004e.jpg","https://media.birdweather.com/species/229/GreatKiskadee-thumbnail-b2749ed2442fb322cf3c4cb72f9c97f6.jpg","https://media.birdweather.com/species/229/GreatKiskadee-png200-003973af4f863deb00a4ce9b6f10e59c.png","0PgFDwIrhYqfZJh1mVe3SZZ3uKEJBncG",16002742277,"https://media.birdweather.com/soundscapes/19267/19267-20260824-124710.flac",6,9,"live"
10676989131,19267,"2026-08-24T06:46:57.000-06:00",0.719531118869781,0.777643620967865,8.89619820962815,"almost_certain","BirdNET",NA,10.2198,-83.7874,FALSE,229,"Great Kiskadee","Pitangus sulphuratus","#7d4410","avian","https://media.birdweather.com/species/229/GreatKiskadee-standard-cd28a1b8e8b8e5aed433e809c229004e.jpg","https://media.birdweather.com/species/229/GreatKiskadee-thumbnail-b2749ed2442fb322cf3c4cb72f9c97f6.jpg","https://media.birdweather.com/species/229/GreatKiskadee-png200-003973af4f863deb00a4ce9b6f10e59c.png","0PgFDwIrhYqfZJh1mVe3SZZ3uKEJBncG",16002736290,"https://media.birdweather.com/soundscapes/19267/19267-20260824-124657.flac",0,3,"live"
10676984621,19267,"2026-08-24T06:46:45.000-06:00",0.75580358505249,0.777643620967865,9.00980447072648,"almost_certain","BirdNET",NA,10.2198,-83.7874,FALSE,229,"Great Kiskadee","Pitangus sulphuratus","#7d4410","avian","https://media.birdweather.com/species/229/GreatKiskadee-standard-cd28a1b8e8b8e5aed433e809c229004e.jpg","https://media.birdweather.com/species/229/GreatKiskadee-thumbnail-b2749ed2442fb322cf3c4cb72f9c97f6.jpg","https://media.birdweather.com/species/229/GreatKiskadee-png200-003973af4f863deb00a4ce9b6f10e59c.png","0PgFDwIrhYqfZJh1mVe3SZZ3uKEJBncG",16002729312,"https://media.birdweather.com/soundscapes/19267/19267-20260824-124642.flac",3,6,"live"
10676984618,19267,"2026-08-24T06:46:43.500-06:00",0.920060575008392,0.777643620967865,9.43142908473298,"almost_certain","BirdNET",NA,10.2198,-83.7874,FALSE,229,"Great Kiskadee","Pitangus sulphuratus","#7d4410","avian","https://media.birdweather.com/species/229/GreatKiskadee-standard-cd28a1b8e8b8e5aed433e809c229004e.jpg","https://media.birdweather.com/species/229/GreatKiskadee-thumbnail-b2749ed2442fb322cf3c4cb72f9c97f6.jpg","https://media.birdweather.com/species/229/GreatKiskadee-png200-003973af4f863deb00a4ce9b6f10e59c.png","0PgFDwIrhYqfZJh1mVe3SZZ3uKEJBncG",16002729312,"https://media.birdweather.com/soundscapes/19267/19267-20260824-124642.flac",1.5,4.5,"live"
10676984615,19267,"2026-08-24T06:46:42.000-06:00",0.945927262306213,0.777643620967865,9.48742060866906,"almost_certain","BirdNET",NA,10.2198,-83.7874,FALSE,229,"Great Kiskadee","Pitangus sulphuratus","#7d4410","avian","https://media.birdweather.com/species/229/GreatKiskadee-standard-cd28a1b8e8b8e5aed433e809c229004e.jpg","https://media.birdweather.com/species/229/GreatKiskadee-thumbnail-b2749ed2442fb322cf3c4cb72f9c97f6.jpg","https://media.birdweather.com/species/229/GreatKiskadee-png200-003973af4f863deb00a4ce9b6f10e59c.png","0PgFDwIrhYqfZJh1mVe3SZZ3uKEJBncG",16002729312,"https://media.birdweather.com/soundscapes/19267/19267-20260824-124642.flac",0,3,"live"
10676963784,19267,"2026-08-24T06:45:38.000-06:00",0.937270998954773,0.201983854174614,7.67076290228693,"almost_certain","BirdNET",NA,10.2198,-83.7874,FALSE,501,"White-winged Dove","Zenaida asiatica","#d16ff8","avian","https://media.birdweather.com/species/501/White-wingedDove-standard-6528ef689b07d5a91f1c2275cdef19c9.jpg","https://media.birdweather.com/species/501/White-wingedDove-thumbnail-4a940adfd5a6c78c73c48c5095e7b896.jpg","https://media.birdweather.com/species/501/White-wingedDove-png200-d65decd3d571b5a9dbeca249ef97689f.png","IscJLwb6hoVelZWZdoh3eIeIdxBoB4IG",16002696383,"https://media.birdweather.com/soundscapes/19267/19267-20260824-124535.flac",3,6,"live"
10676963781,19267,"2026-08-24T06:45:36.500-06:00",0.912174463272095,0.201983854174614,7.61571947715328,"almost_certain","BirdNET",NA,10.2198,-83.7874,FALSE,501,"White-winged Dove","Zenaida asiatica","#d16ff8","avian","https://media.birdweather.com/species/501/White-wingedDove-standard-6528ef689b07d5a91f1c2275cdef19c9.jpg","https://media.birdweather.com/species/501/White-wingedDove-thumbnail-4a940adfd5a6c78c73c48c5095e7b896.jpg","https://media.birdweather.com/species/501/White-wingedDove-png200-d65decd3d571b5a9dbeca249ef97689f.png","IscJLwb6hoVelZWZdoh3eIeIdxBoB4IG",16002696383,"https://media.birdweather.com/soundscapes/19267/19267-20260824-124535.flac",1.5,4.5,"live"
10676939236,19267,"2026-08-24T06:44:17.000-06:00",0.967350900173187,0.201993584632874,7.73401155590908,"almost_certain","BirdNET",NA,10.2198,-83.7874,FALSE,501,"White-winged Dove","Zenaida asiatica","#d16ff8","avian","https://media.birdweather.com/species/501/White-wingedDove-standard-6528ef689b07d5a91f1c2275cdef19c9.jpg","https://media.birdweather.com/species/501/White-wingedDove-thumbnail-4a940adfd5a6c78c73c48c5095e7b896.jpg","https://media.birdweather.com/species/501/White-wingedDove-png200-d65decd3d571b5a9dbeca249ef97689f.png","IscJLwb6hoVelZWZdoh3eIeIdxBoB4IG",16002657010,"https://media.birdweather.com/soundscapes/19267/19267-20260824-124414.flac",3,6,"live"
10676939232,19267,"2026-08-24T06:44:15.500-06:00",0.84623795747757,0.201993584632874,7.45965358252998,"almost_certain","BirdNET",NA,10.2198,-83.7874,FALSE,501,"White-winged Dove","Zenaida asiatica","#d16ff8","avian","https://media.birdweather.com/species/501/White-wingedDove-standard-6528ef689b07d5a91f1c2275cdef19c9.jpg","https://media.birdweather.com/species/501/White-wingedDove-thumbnail-4a940adfd5a6c78c73c48c5095e7b896.jpg","https://media.birdweather.com/species/501/White-wingedDove-png200-d65decd3d571b5a9dbeca249ef97689f.png","IscJLwb6hoVelZWZdoh3eIeIdxBoB4IG",16002657010,"https://media.birdweather.com/soundscapes/19267/19267-20260824-124414.flac",1.5,4.5,"live"
10676919324,19267,"2026-08-24T06:43:14.500-06:00",0.87294602394104,0.20199890434742,7.52508739416164,"almost_certain","BirdNET",NA,10.2198,-83.7874,FALSE,501,"White-winged Dove","Zenaida asiatica","#d16ff8","avian","https://media.birdweather.com/species/501/White-wingedDove-standard-6528ef689b07d5a91f1c2275cdef19c9.jpg","https://media.birdweather.com/species/501/White-wingedDove-thumbnail-4a940adfd5a6c78c73c48c5095e7b896.jpg","https://media.birdweather.com/species/501/White-wingedDove-png200-d65decd3d571b5a9dbeca249ef97689f.png","IscJLwb6hoVelZWZdoh3eIeIdxBoB4IG",16002625135,"https://media.birdweather.com/soundscapes/19267/19267-20260824-124310.flac",4.5,7.5,"live"
10676895970,19267,"2026-08-24T06:41:58.000-06:00",0.942516267299652,0.174904584884644,7.49475484085968,"almost_certain","BirdNET",NA,10.2198,-83.7874,FALSE,349,"Southern Lapwing","Vanellus chilensis","#008b44","avian","https://media.birdweather.com/species/349/SouthernLapwing-standard-02014dbe85174d8ed1a9e83d1367f600.jpg","https://media.birdweather.com/species/349/SouthernLapwing-thumbnail-33b4d17a45224d79dbf2a0a3aa5ea2c7.jpg","https://media.birdweather.com/species/349/SouthernLapwing-png200-1801892688cffe6fb6fd8c00fbf91764.png","XhkGDwDoWodoiXerVYpYCZVFGq/V3xQD",16002587402,"https://media.birdweather.com/soundscapes/19267/19267-20260824-124152.flac",6,9,"live"
10676895968,19267,"2026-08-24T06:41:56.500-06:00",0.842267870903015,0.174904584884644,7.2623589609995,"almost_certain","BirdNET",NA,10.2198,-83.7874,FALSE,349,"Southern Lapwing","Vanellus chilensis","#008b44","avian","https://media.birdweather.com/species/349/SouthernLapwing-standard-02014dbe85174d8ed1a9e83d1367f600.jpg","https://media.birdweather.com/species/349/SouthernLapwing-thumbnail-33b4d17a45224d79dbf2a0a3aa5ea2c7.jpg","https://media.birdweather.com/species/349/SouthernLapwing-png200-1801892688cffe6fb6fd8c00fbf91764.png","XhkGDwDoWodoiXerVYpYCZVFGq/V3xQD",16002587402,"https://media.birdweather.com/soundscapes/19267/19267-20260824-124152.flac",4.5,7.5,"live"
10676895965,19267,"2026-08-24T06:41:55.000-06:00",0.711674094200134,0.174904584884644,6.88488545949831,"almost_certain","BirdNET",NA,10.2198,-83.7874,FALSE,349,"Southern Lapwing","Vanellus chilensis","#008b44","avian","https://media.birdweather.com/species/349/SouthernLapwing-standard-02014dbe85174d8ed1a9e83d1367f600.jpg","https://media.birdweather.com/species/349/SouthernLapwing-thumbnail-33b4d17a45224d79dbf2a0a3aa5ea2c7.jpg","https://media.birdweather.com/species/349/SouthernLapwing-png200-1801892688cffe6fb6fd8c00fbf91764.png","XhkGDwDoWodoiXerVYpYCZVFGq/V3xQD",16002587402,"https://media.birdweather.com/soundscapes/19267/19267-20260824-124152.flac",3,6,"live"
10676871223,19267,"2026-08-24T06:40:38.000-06:00",0.775044143199921,0.201996877789497,7.26835851865834,"almost_certain","BirdNET",NA,10.2198,-83.7874,FALSE,501,"White-winged Dove","Zenaida asiatica","#d16ff8","avian","https://media.birdweather.com/species/501/White-wingedDove-standard-6528ef689b07d5a91f1c2275cdef19c9.jpg","https://media.birdweather.com/species/501/White-wingedDove-thumbnail-4a940adfd5a6c78c73c48c5095e7b896.jpg","https://media.birdweather.com/species/501/White-wingedDove-png200-d65decd3d571b5a9dbeca249ef97689f.png","IscJLwb6hoVelZWZdoh3eIeIdxBoB4IG",16002547926,"https://media.birdweather.com/soundscapes/19267/19267-20260824-124032.flac",6,9,"live"
10676758172,19267,"2026-08-24T06:34:27.500-06:00",0.874654173851013,0.202005609869957,7.52920909306489,"almost_certain","BirdNET",NA,10.2198,-83.7874,FALSE,501,"White-winged Dove","Zenaida asiatica","#d16ff8","avian","https://media.birdweather.com/species/501/White-wingedDove-standard-6528ef689b07d5a91f1c2275cdef19c9.jpg","https://media.birdweather.com/species/501/White-wingedDove-thumbnail-4a940adfd5a6c78c73c48c5095e7b896.jpg","https://media.birdweather.com/species/501/White-wingedDove-png200-d65decd3d571b5a9dbeca249ef97689f.png","IscJLwb6hoVelZWZdoh3eIeIdxBoB4IG",16002367202,"https://media.birdweather.com/soundscapes/19267/19267-20260824-123423.flac",4.5,7.5,"live"
10676758170,19267,"2026-08-24T06:34:26.000-06:00",0.908561527729034,0.202005609869957,7.60775064233183,"almost_certain","BirdNET",NA,10.2198,-83.7874,FALSE,501,"White-winged Dove","Zenaida asiatica","#d16ff8","avian","https://media.birdweather.com/species/501/White-wingedDove-standard-6528ef689b07d5a91f1c2275cdef19c9.jpg","https://media.birdweather.com/species/501/White-wingedDove-thumbnail-4a940adfd5a6c78c73c48c5095e7b896.jpg","https://media.birdweather.com/species/501/White-wingedDove-png200-d65decd3d571b5a9dbeca249ef97689f.png","IscJLwb6hoVelZWZdoh3eIeIdxBoB4IG",16002367202,"https://media.birdweather.com/soundscapes/19267/19267-20260824-123423.flac",3,6,"live"
10676754128,19267,"2026-08-24T06:34:16.000-06:00",0.910447657108307,0.202005609869957,7.61199014986598,"almost_certain","BirdNET",NA,10.2198,-83.7874,FALSE,501,"White-winged Dove","Zenaida asiatica","#d16ff8","avian","https://media.birdweather.com/species/501/White-wingedDove-standard-6528ef689b07d5a91f1c2275cdef19c9.jpg","https://media.birdweather.com/species/501/White-wingedDove-thumbnail-4a940adfd5a6c78c73c48c5095e7b896.jpg","https://media.birdweather.com/species/501/White-wingedDove-png200-d65decd3d571b5a9dbeca249ef97689f.png","IscJLwb6hoVelZWZdoh3eIeIdxBoB4IG",16002360645,"https://media.birdweather.com/soundscapes/19267/19267-20260824-123410.flac",6,9,"live"
10676754124,19267,"2026-08-24T06:34:14.500-06:00",0.823536217212677,0.202005609869957,7.40157686217137,"almost_certain","BirdNET",NA,10.2198,-83.7874,FALSE,501,"White-winged Dove","Zenaida asiatica","#d16ff8","avian","https://media.birdweather.com/species/501/White-wingedDove-standard-6528ef689b07d5a91f1c2275cdef19c9.jpg","https://media.birdweather.com/species/501/White-wingedDove-thumbnail-4a940adfd5a6c78c73c48c5095e7b896.jpg","https://media.birdweather.com/species/501/White-wingedDove-png200-d65decd3d571b5a9dbeca249ef97689f.png","IscJLwb6hoVelZWZdoh3eIeIdxBoB4IG",16002360645,"https://media.birdweather.com/soundscapes/19267/19267-20260824-123410.flac",4.5,7.5,"live"
10676685460,19267,"2026-08-24T06:30:33.000-06:00",0.944855630397797,0.595483183860779,9.12480986203205,"almost_certain","BirdNET",NA,10.2198,-83.7874,FALSE,121,"Social Flycatcher","Myiozetetes similis","#69b9ff","avian","https://media.birdweather.com/species/121/SocialFlycatcher-standard-6e107581e61c9f556b3a0af5200f486a.jpg","https://media.birdweather.com/species/121/SocialFlycatcher-thumbnail-87f640fcaf1441ecbbd56b57372185a8.jpg","https://media.birdweather.com/species/121/SocialFlycatcher-png200-2f6dd485cf927db0dd7fd9abc239fb19.png","2xkKJwIJh3ekeXh0e5Z4eYaIdyApd5AC",16002252346,"https://media.birdweather.com/soundscapes/19267/19267-20260824-123027.flac",6,9,"live"
10676685456,19267,"2026-08-24T06:30:31.500-06:00",0.951750516891479,0.595483183860779,9.13938033673383,"almost_certain","BirdNET",NA,10.2198,-83.7874,FALSE,121,"Social Flycatcher","Myiozetetes similis","#69b9ff","avian","https://media.birdweather.com/species/121/SocialFlycatcher-standard-6e107581e61c9f556b3a0af5200f486a.jpg","https://media.birdweather.com/species/121/SocialFlycatcher-thumbnail-87f640fcaf1441ecbbd56b57372185a8.jpg","https://media.birdweather.com/species/121/SocialFlycatcher-png200-2f6dd485cf927db0dd7fd9abc239fb19.png","2xkKJwIJh3ekeXh0e5Z4eYaIdyApd5AC",16002252346,"https://media.birdweather.com/soundscapes/19267/19267-20260824-123027.flac",4.5,7.5,"live"
10676685448,19267,"2026-08-24T06:30:27.000-06:00",0.81994903087616,0.595483183860779,8.82985478909574,"almost_certain","BirdNET",NA,10.2198,-83.7874,FALSE,121,"Social Flycatcher","Myiozetetes similis","#69b9ff","avian","https://media.birdweather.com/species/121/SocialFlycatcher-standard-6e107581e61c9f556b3a0af5200f486a.jpg","https://media.birdweather.com/species/121/SocialFlycatcher-thumbnail-87f640fcaf1441ecbbd56b57372185a8.jpg","https://media.birdweather.com/species/121/SocialFlycatcher-png200-2f6dd485cf927db0dd7fd9abc239fb19.png","2xkKJwIJh3ekeXh0e5Z4eYaIdyApd5AC",16002252346,"https://media.birdweather.com/soundscapes/19267/19267-20260824-123027.flac",0,3,"live"
10676632081,19267,"2026-08-24T06:27:34.000-06:00",0.709262907505035,0.102254077792168,6.1931048793545,"almost_certain","BirdNET",NA,10.2198,-83.7874,FALSE,603,"Tropical Mockingbird","Mimus gilvus","#006e2a","avian","https://media.birdweather.com/species/603/TropicalMockingbird-standard-33be42788a38707b12f757d28526a492.jpg","https://media.birdweather.com/species/603/TropicalMockingbird-thumbnail-4f6417f6928c80a2cb70eb341f54fd79.jpg","https://media.birdweather.com/species/603/TropicalMockingbird-png200-9e94d27578943cfad1e7923fe23d2300.png","q+cJFwL4VohclXidhXh5aJh4qDAaGKYA",16002168158,"https://media.birdweather.com/soundscapes/19267/19267-20260824-122731.flac",3,6,"live"
10676627029,19267,"2026-08-24T06:27:20.000-06:00",0.918355584144592,0.102253161370754,6.75850079938983,"almost_certain","BirdNET",NA,10.2198,-83.7874,FALSE,603,"Tropical Mockingbird","Mimus gilvus","#006e2a","avian","https://media.birdweather.com/species/603/TropicalMockingbird-standard-33be42788a38707b12f757d28526a492.jpg","https://media.birdweather.com/species/603/TropicalMockingbird-thumbnail-4f6417f6928c80a2cb70eb341f54fd79.jpg","https://media.birdweather.com/species/603/TropicalMockingbird-png200-9e94d27578943cfad1e7923fe23d2300.png","q+cJFwL4VohclXidhXh5aJh4qDAaGKYA",16002159847,"https://media.birdweather.com/soundscapes/19267/19267-20260824-122717.flac",3,6,"live"
10676601716,19267,"2026-08-24T06:26:05.000-06:00",0.930566012859344,0.102254584431648,6.78530739135077,"almost_certain","BirdNET",NA,10.2198,-83.7874,FALSE,603,"Tropical Mockingbird","Mimus gilvus","#006e2a","avian","https://media.birdweather.com/species/603/TropicalMockingbird-standard-33be42788a38707b12f757d28526a492.jpg","https://media.birdweather.com/species/603/TropicalMockingbird-thumbnail-4f6417f6928c80a2cb70eb341f54fd79.jpg","https://media.birdweather.com/species/603/TropicalMockingbird-png200-9e94d27578943cfad1e7923fe23d2300.png","q+cJFwL4VohclXidhXh5aJh4qDAaGKYA",16002120119,"https://media.birdweather.com/soundscapes/19267/19267-20260824-122559.flac",6,9,"live"
10676593558,19267,"2026-08-24T06:25:36.000-06:00",0.857706487178802,0.102253705263138,6.61708116528276,"almost_certain","BirdNET",NA,10.2198,-83.7874,FALSE,603,"Tropical Mockingbird","Mimus gilvus","#006e2a","avian","https://media.birdweather.com/species/603/TropicalMockingbird-standard-33be42788a38707b12f757d28526a492.jpg","https://media.birdweather.com/species/603/TropicalMockingbird-thumbnail-4f6417f6928c80a2cb70eb341f54fd79.jpg","https://media.birdweather.com/species/603/TropicalMockingbird-png200-9e94d27578943cfad1e7923fe23d2300.png","q+cJFwL4VohclXidhXh5aJh4qDAaGKYA",16002107788,"https://media.birdweather.com/soundscapes/19267/19267-20260824-122533.flac",3,6,"live"
10676569931,19267,"2026-08-24T06:24:19.500-06:00",0.748516321182251,0.398424744606018,8.08799316585367,"almost_certain","BirdNET",NA,10.2198,-83.7874,FALSE,321,"Palm Tanager","Thraupis palmarum","#008efd","avian","https://media.birdweather.com/species/321/PalmTanager-standard-cbade2e4973d8cb57c4014568207591d.jpg","https://media.birdweather.com/species/321/PalmTanager-thumbnail-66ffacacc3b9c5f5dad0cf97c949e40f.jpg","https://media.birdweather.com/species/321/PalmTanager-png200-100c123f8e9a99aad801e3e79a865873.png","lvkJHwR/d2lneYlEp0hrx2iL+XtlNZgA",16002071018,"https://media.birdweather.com/soundscapes/19267/19267-20260824-122418.flac",1.5,4.5,"live"
10675925145,19267,"2026-08-24T05:49:12.000-06:00",0.93482893705368,0.595484614372253,9.10334397843132,"almost_certain","BirdNET",NA,10.2198,-83.7874,FALSE,121,"Social Flycatcher","Myiozetetes similis","#69b9ff","avian","https://media.birdweather.com/species/121/SocialFlycatcher-standard-6e107581e61c9f556b3a0af5200f486a.jpg","https://media.birdweather.com/species/121/SocialFlycatcher-thumbnail-87f640fcaf1441ecbbd56b57372185a8.jpg","https://media.birdweather.com/species/121/SocialFlycatcher-png200-2f6dd485cf927db0dd7fd9abc239fb19.png","2xkKJwIJh3ekeXh0e5Z4eYaIdyApd5AC",16001036186,"https://media.birdweather.com/soundscapes/19267/19267-20260824-114906.flac",6,9,"live"
10675916996,19267,"2026-08-24T05:48:42.500-06:00",0.930531978607178,0.59548556804657,9.09404150921381,"almost_certain","BirdNET",NA,10.2198,-83.7874,FALSE,121,"Social Flycatcher","Myiozetetes similis","#69b9ff","avian","https://media.birdweather.com/species/121/SocialFlycatcher-standard-6e107581e61c9f556b3a0af5200f486a.jpg","https://media.birdweather.com/species/121/SocialFlycatcher-thumbnail-87f640fcaf1441ecbbd56b57372185a8.jpg","https://media.birdweather.com/species/121/SocialFlycatcher-png200-2f6dd485cf927db0dd7fd9abc239fb19.png","2xkKJwIJh3ekeXh0e5Z4eYaIdyApd5AC",16001022829,"https://media.birdweather.com/soundscapes/19267/19267-20260824-114838.flac",4.5,7.5,"live"
10675916994,19267,"2026-08-24T05:48:41.000-06:00",0.936991989612579,0.59548556804657,9.10800620247147,"almost_certain","BirdNET",NA,10.2198,-83.7874,FALSE,121,"Social Flycatcher","Myiozetetes similis","#69b9ff","avian","https://media.birdweather.com/species/121/SocialFlycatcher-standard-6e107581e61c9f556b3a0af5200f486a.jpg","https://media.birdweather.com/species/121/SocialFlycatcher-thumbnail-87f640fcaf1441ecbbd56b57372185a8.jpg","https://media.birdweather.com/species/121/SocialFlycatcher-png200-2f6dd485cf927db0dd7fd9abc239fb19.png","2xkKJwIJh3ekeXh0e5Z4eYaIdyApd5AC",16001022829,"https://media.birdweather.com/soundscapes/19267/19267-20260824-114838.flac",3,6,"live"
10675916993,19267,"2026-08-24T05:48:39.500-06:00",0.807036817073822,0.59548556804657,8.79540855972417,"almost_certain","BirdNET",NA,10.2198,-83.7874,FALSE,121,"Social Flycatcher","Myiozetetes similis","#69b9ff","avian","https://media.birdweather.com/species/121/SocialFlycatcher-standard-6e107581e61c9f556b3a0af5200f486a.jpg","https://media.birdweather.com/species/121/SocialFlycatcher-thumbnail-87f640fcaf1441ecbbd56b57372185a8.jpg","https://media.birdweather.com/species/121/SocialFlycatcher-png200-2f6dd485cf927db0dd7fd9abc239fb19.png","2xkKJwIJh3ekeXh0e5Z4eYaIdyApd5AC",16001022829,"https://media.birdweather.com/soundscapes/19267/19267-20260824-114838.flac",1.5,4.5,"live"
10675904867,19267,"2026-08-24T05:48:05.000-06:00",0.752557098865509,0.595483183860779,8.63967570636554,"almost_certain","BirdNET",NA,10.2198,-83.7874,FALSE,121,"Social Flycatcher","Myiozetetes similis","#69b9ff","avian","https://media.birdweather.com/species/121/SocialFlycatcher-standard-6e107581e61c9f556b3a0af5200f486a.jpg","https://media.birdweather.com/species/121/SocialFlycatcher-thumbnail-87f640fcaf1441ecbbd56b57372185a8.jpg","https://media.birdweather.com/species/121/SocialFlycatcher-png200-2f6dd485cf927db0dd7fd9abc239fb19.png","2xkKJwIJh3ekeXh0e5Z4eYaIdyApd5AC",16001003426,"https://media.birdweather.com/soundscapes/19267/19267-20260824-114759.flac",6,9,"live"
10675896483,19267,"2026-08-24T05:47:32.000-06:00",0.755313992500305,0.595483779907227,8.64799752236788,"almost_certain","BirdNET",NA,10.2198,-83.7874,FALSE,121,"Social Flycatcher","Myiozetetes similis","#69b9ff","avian","https://media.birdweather.com/species/121/SocialFlycatcher-standard-6e107581e61c9f556b3a0af5200f486a.jpg","https://media.birdweather.com/species/121/SocialFlycatcher-thumbnail-87f640fcaf1441ecbbd56b57372185a8.jpg","https://media.birdweather.com/species/121/SocialFlycatcher-png200-2f6dd485cf927db0dd7fd9abc239fb19.png","2xkKJwIJh3ekeXh0e5Z4eYaIdyApd5AC",16000989919,"https://media.birdweather.com/soundscapes/19267/19267-20260824-114732.flac",0,3,"live"
10675892800,19267,"2026-08-24T05:47:25.000-06:00",0.861387133598328,0.595483779907227,8.93490767748811,"almost_certain","BirdNET",NA,10.2198,-83.7874,FALSE,121,"Social Flycatcher","Myiozetetes similis","#69b9ff","avian","https://media.birdweather.com/species/121/SocialFlycatcher-standard-6e107581e61c9f556b3a0af5200f486a.jpg","https://media.birdweather.com/species/121/SocialFlycatcher-thumbnail-87f640fcaf1441ecbbd56b57372185a8.jpg","https://media.birdweather.com/species/121/SocialFlycatcher-png200-2f6dd485cf927db0dd7fd9abc239fb19.png","2xkKJwIJh3ekeXh0e5Z4eYaIdyApd5AC",16000983835,"https://media.birdweather.com/soundscapes/19267/19267-20260824-114719.flac",6,9,"live"
10675892796,19267,"2026-08-24T05:47:23.500-06:00",0.708843171596527,0.595483779907227,8.50050930190688,"almost_certain","BirdNET",NA,10.2198,-83.7874,FALSE,121,"Social Flycatcher","Myiozetetes similis","#69b9ff","avian","https://media.birdweather.com/species/121/SocialFlycatcher-standard-6e107581e61c9f556b3a0af5200f486a.jpg","https://media.birdweather.com/species/121/SocialFlycatcher-thumbnail-87f640fcaf1441ecbbd56b57372185a8.jpg","https://media.birdweather.com/species/121/SocialFlycatcher-png200-2f6dd485cf927db0dd7fd9abc239fb19.png","2xkKJwIJh3ekeXh0e5Z4eYaIdyApd5AC",16000983835,"https://media.birdweather.com/soundscapes/19267/19267-20260824-114719.flac",4.5,7.5,"live"
10675848740,19267,"2026-08-24T05:44:56.500-06:00",0.735874712467194,0.777648627758026,8.94856440183771,"almost_certain","BirdNET",NA,10.2198,-83.7874,FALSE,229,"Great Kiskadee","Pitangus sulphuratus","#7d4410","avian","https://media.birdweather.com/species/229/GreatKiskadee-standard-cd28a1b8e8b8e5aed433e809c229004e.jpg","https://media.birdweather.com/species/229/GreatKiskadee-thumbnail-b2749ed2442fb322cf3c4cb72f9c97f6.jpg","https://media.birdweather.com/species/229/GreatKiskadee-png200-003973af4f863deb00a4ce9b6f10e59c.png","0PgFDwIrhYqfZJh1mVe3SZZ3uKEJBncG",16000913364,"https://media.birdweather.com/soundscapes/19267/19267-20260824-114455.flac",1.5,4.5,"live"
10675836271,19267,"2026-08-24T05:44:20.000-06:00",0.875213861465454,0.595481753349304,8.96823678044208,"almost_certain","BirdNET",NA,10.2198,-83.7874,FALSE,121,"Social Flycatcher","Myiozetetes similis","#69b9ff","avian","https://media.birdweather.com/species/121/SocialFlycatcher-standard-6e107581e61c9f556b3a0af5200f486a.jpg","https://media.birdweather.com/species/121/SocialFlycatcher-thumbnail-87f640fcaf1441ecbbd56b57372185a8.jpg","https://media.birdweather.com/species/121/SocialFlycatcher-png200-2f6dd485cf927db0dd7fd9abc239fb19.png","2xkKJwIJh3ekeXh0e5Z4eYaIdyApd5AC",16000893428,"https://media.birdweather.com/soundscapes/19267/19267-20260824-114414.flac",6,9,"live"
10675820448,19267,"2026-08-24T05:43:26.500-06:00",0.718540549278259,0.595481753349304,8.5326204458332,"almost_certain","BirdNET",NA,10.2198,-83.7874,FALSE,121,"Social Flycatcher","Myiozetetes similis","#69b9ff","avian","https://media.birdweather.com/species/121/SocialFlycatcher-standard-6e107581e61c9f556b3a0af5200f486a.jpg","https://media.birdweather.com/species/121/SocialFlycatcher-thumbnail-87f640fcaf1441ecbbd56b57372185a8.jpg","https://media.birdweather.com/species/121/SocialFlycatcher-png200-2f6dd485cf927db0dd7fd9abc239fb19.png","2xkKJwIJh3ekeXh0e5Z4eYaIdyApd5AC",16000867780,"https://media.birdweather.com/soundscapes/19267/19267-20260824-114322.flac",4.5,7.5,"live"
10675704987,19267,"2026-08-24T05:36:55.500-06:00",0.739814817905426,0.201998829841614,7.16280720436685,"almost_certain","BirdNET",NA,10.2198,-83.7874,FALSE,501,"White-winged Dove","Zenaida asiatica","#d16ff8","avian","https://media.birdweather.com/species/501/White-wingedDove-standard-6528ef689b07d5a91f1c2275cdef19c9.jpg","https://media.birdweather.com/species/501/White-wingedDove-thumbnail-4a940adfd5a6c78c73c48c5095e7b896.jpg","https://media.birdweather.com/species/501/White-wingedDove-png200-d65decd3d571b5a9dbeca249ef97689f.png","IscJLwb6hoVelZWZdoh3eIeIdxBoB4IG",16000678168,"https://media.birdweather.com/soundscapes/19267/19267-20260824-113654.flac",1.5,4.5,"live"
10675677913,19267,"2026-08-24T05:35:28.000-06:00",0.920939862728119,0.77764618396759,9.43337491895177,"almost_certain","BirdNET",NA,10.2198,-83.7874,FALSE,229,"Great Kiskadee","Pitangus sulphuratus","#7d4410","avian","https://media.birdweather.com/species/229/GreatKiskadee-standard-cd28a1b8e8b8e5aed433e809c229004e.jpg","https://media.birdweather.com/species/229/GreatKiskadee-thumbnail-b2749ed2442fb322cf3c4cb72f9c97f6.jpg","https://media.birdweather.com/species/229/GreatKiskadee-png200-003973af4f863deb00a4ce9b6f10e59c.png","0PgFDwIrhYqfZJh1mVe3SZZ3uKEJBncG",16000632798,"https://media.birdweather.com/soundscapes/19267/19267-20260824-113522.flac",6,9,"live"
10675663513,19267,"2026-08-24T05:34:39.000-06:00",0.817279577255249,0.563719987869263,8.74898008393982,"almost_certain","BirdNET",NA,10.2198,-83.7874,FALSE,802,"Rufous-tailed Hummingbird","Amazilia tzacatl","#d9c845","avian","https://media.birdweather.com/species/802/Rufous-tailedHummingbird-standard-4d0209b50ad0c35c6d8337f5c0c16b55.jpg","https://media.birdweather.com/species/802/Rufous-tailedHummingbird-thumbnail-fbf17400c31564f70aa45927c5d75f5e.jpg","https://media.birdweather.com/species/802/Rufous-tailedHummingbird-png200-8ea431c9893cfe027e92471791a8c256.png","mPkJFwIHqJeJl4lriIaGhYh3+H+oVGAH",16000608488,"https://media.birdweather.com/soundscapes/19267/19267-20260824-113433.flac",6,9,"live"
10675625410,19267,"2026-08-24T05:32:20.000-06:00",0.817594528198242,0.201993361115456,7.38586047371669,"almost_certain","BirdNET",NA,10.2198,-83.7874,FALSE,501,"White-winged Dove","Zenaida asiatica","#d16ff8","avian","https://media.birdweather.com/species/501/White-wingedDove-standard-6528ef689b07d5a91f1c2275cdef19c9.jpg","https://media.birdweather.com/species/501/White-wingedDove-thumbnail-4a940adfd5a6c78c73c48c5095e7b896.jpg","https://media.birdweather.com/species/501/White-wingedDove-png200-d65decd3d571b5a9dbeca249ef97689f.png","IscJLwb6hoVelZWZdoh3eIeIdxBoB4IG",16000543408,"https://media.birdweather.com/soundscapes/19267/19267-20260824-113220.flac",0,3,"live"
10675591601,19267,"2026-08-24T05:30:21.000-06:00",0.860201299190521,0.398431301116943,8.39263617996428,"almost_certain","BirdNET",NA,10.2198,-83.7874,FALSE,321,"Palm Tanager","Thraupis palmarum","#008efd","avian","https://media.birdweather.com/species/321/PalmTanager-standard-cbade2e4973d8cb57c4014568207591d.jpg","https://media.birdweather.com/species/321/PalmTanager-thumbnail-66ffacacc3b9c5f5dad0cf97c949e40f.jpg","https://media.birdweather.com/species/321/PalmTanager-png200-100c123f8e9a99aad801e3e79a865873.png","lvkJHwR/d2lneYlEp0hrx2iL+XtlNZgA",16000485852,"https://media.birdweather.com/soundscapes/19267/19267-20260824-113021.flac",0,3,"live"
10675584043,19267,"2026-08-24T05:29:56.000-06:00",0.7282834649086,0.777645111083984,8.92448797722061,"almost_certain","BirdNET",NA,10.2198,-83.7874,FALSE,229,"Great Kiskadee","Pitangus sulphuratus","#7d4410","avian","https://media.birdweather.com/species/229/GreatKiskadee-standard-cd28a1b8e8b8e5aed433e809c229004e.jpg","https://media.birdweather.com/species/229/GreatKiskadee-thumbnail-b2749ed2442fb322cf3c4cb72f9c97f6.jpg","https://media.birdweather.com/species/229/GreatKiskadee-png200-003973af4f863deb00a4ce9b6f10e59c.png","0PgFDwIrhYqfZJh1mVe3SZZ3uKEJBncG",16000473258,"https://media.birdweather.com/soundscapes/19267/19267-20260824-112956.flac",0,3,"live"
10675501576,19267,"2026-08-24T05:25:15.500-06:00",0.798925638198853,0.0192069038748741,4.61998808956993,"almost_certain","BirdNET",NA,10.2198,-83.7874,FALSE,1815,"Olive-throated Parakeet","Eupsittula nana","#ff6ad7","avian","https://media.birdweather.com/species/1815/Olive-throatedParakeet-standard-7a8764835cbbed5b353abb070de0fd48.jpg","https://media.birdweather.com/species/1815/Olive-throatedParakeet-thumbnail-9c4e0d5be805be9ed4a949c4ae3919f0.jpg","https://media.birdweather.com/species/1815/Olive-throatedParakeet-png200-1d99f36ba2877b9162d4f49d75819266.png","4+gFDwL5ind7t5d5pnpVpad5ZsIIvVIP",16000334496,"https://media.birdweather.com/soundscapes/19267/19267-20260824-112511.flac",4.5,7.5,"live"
10675490552,19267,"2026-08-24T05:24:35.500-06:00",0.759738862514496,0.0192089416086674,4.50801982752558,"almost_certain","BirdNET",NA,10.2198,-83.7874,FALSE,1815,"Olive-throated Parakeet","Eupsittula nana","#ff6ad7","avian","https://media.birdweather.com/species/1815/Olive-throatedParakeet-standard-7a8764835cbbed5b353abb070de0fd48.jpg","https://media.birdweather.com/species/1815/Olive-throatedParakeet-thumbnail-9c4e0d5be805be9ed4a949c4ae3919f0.jpg","https://media.birdweather.com/species/1815/Olive-throatedParakeet-png200-1d99f36ba2877b9162d4f49d75819266.png","4+gFDwL5ind7t5d5pnpVpad5ZsIIvVIP",16000315580,"https://media.birdweather.com/soundscapes/19267/19267-20260824-112434.flac",1.5,4.5,"live"
10675465949,19267,"2026-08-24T05:23:09.000-06:00",0.818425595760345,0.0192062500864267,4.67248247599386,"almost_certain","BirdNET",NA,10.2198,-83.7874,FALSE,1815,"Olive-throated Parakeet","Eupsittula nana","#ff6ad7","avian","https://media.birdweather.com/species/1815/Olive-throatedParakeet-standard-7a8764835cbbed5b353abb070de0fd48.jpg","https://media.birdweather.com/species/1815/Olive-throatedParakeet-thumbnail-9c4e0d5be805be9ed4a949c4ae3919f0.jpg","https://media.birdweather.com/species/1815/Olive-throatedParakeet-png200-1d99f36ba2877b9162d4f49d75819266.png","4+gFDwL5ind7t5d5pnpVpad5ZsIIvVIP",16000272945,"https://media.birdweather.com/soundscapes/19267/19267-20260824-112306.flac",3,6,"live"
10675425336,19267,"2026-08-24T05:20:50.000-06:00",0.706358969211578,0.241469472646713,7.28833209212161,"almost_certain","BirdNET",NA,10.2198,-83.7874,FALSE,3766,"Crimson-fronted Parakeet","Psittacara finschi","#65ad00","avian","https://media.birdweather.com/species/3766/Crimson-frontedParakeet-standard-ddc77fa728634b78b78a31cc430f7895.jpg","https://media.birdweather.com/species/3766/Crimson-frontedParakeet-thumbnail-df6cfd5712c254c532e4f60547260885.jpg","https://media.birdweather.com/species/3766/Crimson-frontedParakeet-png200-7ac02114402521892623f1f6b95ca6c2.png","1PgJHwR1hXZghIXBaJmliYSndzA49JgL",16000203583,"https://media.birdweather.com/soundscapes/19267/19267-20260824-112044.flac",6,9,"live"
10675175777,19267,"2026-08-24T05:05:55.000-06:00",0.824948966503143,0.970968425273895,9.50400951902557,"almost_certain","BirdNET",NA,10.2198,-83.7874,FALSE,115,"Tropical Kingbird","Tyrannus melancholicus","#00b3a1","avian","https://media.birdweather.com/species/115/TropicalKingbird-standard-712bd41627c48fa23dafd70e7c83c2e4.jpg","https://media.birdweather.com/species/115/TropicalKingbird-thumbnail-d19e465885b300e6a764cb58df2c377e.jpg","https://media.birdweather.com/species/115/TropicalKingbird-png200-7879336d61c20ea19f905a307c05d2d1.png","G/kFDwLXdWqfdmeOkkq2uXmK16/aGV8M",15999769325,"https://media.birdweather.com/soundscapes/19267/19267-20260824-110552.flac",3,6,"live"
10675059522,19267,"2026-08-24T04:58:33.500-06:00",0.753230810165405,0.0671438500285149,5.81902742425167,"almost_certain","BirdNET",NA,10.2198,-83.7874,FALSE,2106,"Scale-crested Pygmy-Tyrant","Lophotriccus pileatus","#ff3f73","avian","https://media.birdweather.com/species/2106/Scale-crestedPygmy-Tyrant-standard-30688703276d7a86ba8040e08ec546e4.jpg","https://media.birdweather.com/species/2106/Scale-crestedPygmy-Tyrant-thumbnail-a2fa4da6488b42e46af0521226507326.jpg","https://media.birdweather.com/species/2106/Scale-crestedPygmy-Tyrant-png200-7dba50c93511c6b01ee479c707de9a8b.png","IroFJwJKZ2tcVqZvUmlauFW0Vp9LCUoK",15999555598,"https://media.birdweather.com/soundscapes/19267/19267-20260824-105832.flac",1.5,4.5,"live"
10675059519,19267,"2026-08-24T04:58:32.000-06:00",0.908492743968964,0.0671438500285149,6.22260678837571,"almost_certain","BirdNET",NA,10.2198,-83.7874,FALSE,2106,"Scale-crested Pygmy-Tyrant","Lophotriccus pileatus","#ff3f73","avian","https://media.birdweather.com/species/2106/Scale-crestedPygmy-Tyrant-standard-30688703276d7a86ba8040e08ec546e4.jpg","https://media.birdweather.com/species/2106/Scale-crestedPygmy-Tyrant-thumbnail-a2fa4da6488b42e46af0521226507326.jpg","https://media.birdweather.com/species/2106/Scale-crestedPygmy-Tyrant-png200-7dba50c93511c6b01ee479c707de9a8b.png","IroFJwJKZ2tcVqZvUmlauFW0Vp9LCUoK",15999555598,"https://media.birdweather.com/soundscapes/19267/19267-20260824-105832.flac",0,3,"live"
10674866554,19267,"2026-08-24T04:46:11.500-06:00",0.724714398384094,0.0544686429202557,5.48409327246259,"almost_certain","BirdNET",NA,10.2198,-83.7874,FALSE,787,"Summer Tanager","Piranga rubra","#d47cff","avian","https://media.birdweather.com/species/787/SummerTanager-standard-36a792694b84d855f2100df31228f337.jpg","https://media.birdweather.com/species/787/SummerTanager-thumbnail-295dfc06fec97f10af4b57d73f0c8145.jpg","https://media.birdweather.com/species/787/SummerTanager-png200-927270a88581d9d7b4298b7e68afb368.png","WBkGDwhxl5dPcmZ9qEl2l4l4l+EKCJgC",15999195273,"https://media.birdweather.com/soundscapes/19267/19267-20260824-104610.flac",1.5,4.5,"live"
10674785035,19267,"2026-08-24T04:40:42.500-06:00",0.899529457092285,0.0671434625983238,6.20226927437368,"almost_certain","BirdNET",NA,10.2198,-83.7874,FALSE,2106,"Scale-crested Pygmy-Tyrant","Lophotriccus pileatus","#ff3f73","avian","https://media.birdweather.com/species/2106/Scale-crestedPygmy-Tyrant-standard-30688703276d7a86ba8040e08ec546e4.jpg","https://media.birdweather.com/species/2106/Scale-crestedPygmy-Tyrant-thumbnail-a2fa4da6488b42e46af0521226507326.jpg","https://media.birdweather.com/species/2106/Scale-crestedPygmy-Tyrant-png200-7dba50c93511c6b01ee479c707de9a8b.png","IroFJwJKZ2tcVqZvUmlauFW0Vp9LCUoK",15999034373,"https://media.birdweather.com/soundscapes/19267/19267-20260824-104038.flac",4.5,7.5,"live"
10674086543,19267,"2026-08-24T03:39:03.500-06:00",0.773291707038879,0.0671425685286522,5.87833992036925,"almost_certain","BirdNET",NA,10.2198,-83.7874,FALSE,2106,"Scale-crested Pygmy-Tyrant","Lophotriccus pileatus","#ff3f73","avian","https://media.birdweather.com/species/2106/Scale-crestedPygmy-Tyrant-standard-30688703276d7a86ba8040e08ec546e4.jpg","https://media.birdweather.com/species/2106/Scale-crestedPygmy-Tyrant-thumbnail-a2fa4da6488b42e46af0521226507326.jpg","https://media.birdweather.com/species/2106/Scale-crestedPygmy-Tyrant-png200-7dba50c93511c6b01ee479c707de9a8b.png","IroFJwJKZ2tcVqZvUmlauFW0Vp9LCUoK",15997255628,"https://media.birdweather.com/soundscapes/19267/19267-20260824-093902.flac",1.5,4.5,"live"
10673132008,19267,"2026-08-24T02:05:44.500-06:00",0.878756642341614,0.0671438798308372,6.15396633707565,"almost_certain","BirdNET",NA,10.2198,-83.7874,FALSE,2106,"Scale-crested Pygmy-Tyrant","Lophotriccus pileatus","#ff3f73","avian","https://media.birdweather.com/species/2106/Scale-crestedPygmy-Tyrant-standard-30688703276d7a86ba8040e08ec546e4.jpg","https://media.birdweather.com/species/2106/Scale-crestedPygmy-Tyrant-thumbnail-a2fa4da6488b42e46af0521226507326.jpg","https://media.birdweather.com/species/2106/Scale-crestedPygmy-Tyrant-png200-7dba50c93511c6b01ee479c707de9a8b.png","IroFJwJKZ2tcVqZvUmlauFW0Vp9LCUoK",15994566857,"https://media.birdweather.com/soundscapes/19267/19267-20260824-080540.flac",4.5,7.5,"live"
10672643296,19267,"2026-08-24T01:27:03.000-06:00",0.920625627040863,0.0351686626672745,5.51633718032054,"almost_certain","BirdNET",NA,10.2198,-83.7874,FALSE,242,"Barn Owl","Tyto alba","#c57e94","avian","https://media.birdweather.com/species/242/BarnOwl-standard-8bec9306e3928726cbb18b498dd33c03.jpg","https://media.birdweather.com/species/242/BarnOwl-thumbnail-f2dc3ee81bc91e5f2214d7a2b7be6eef.jpg","https://media.birdweather.com/species/242/BarnOwl-png200-fe95e07244e391ae77d98d1c722d7699.png","4PgFFwKCFGWPgIlpq2aJdXiHiQRFCWME",15993444888,"https://media.birdweather.com/soundscapes/19267/19267-20260824-072657.flac",6,9,"live"
10671791585,19267,"2026-08-24T00:25:00.000-06:00",0.818808495998383,0.0671399235725403,6.00409033824872,"almost_certain","BirdNET",NA,10.2198,-83.7874,FALSE,2106,"Scale-crested Pygmy-Tyrant","Lophotriccus pileatus","#ff3f73","avian","https://media.birdweather.com/species/2106/Scale-crestedPygmy-Tyrant-standard-30688703276d7a86ba8040e08ec546e4.jpg","https://media.birdweather.com/species/2106/Scale-crestedPygmy-Tyrant-thumbnail-a2fa4da6488b42e46af0521226507326.jpg","https://media.birdweather.com/species/2106/Scale-crestedPygmy-Tyrant-png200-7dba50c93511c6b01ee479c707de9a8b.png","IroFJwJKZ2tcVqZvUmlauFW0Vp9LCUoK",15991637579,"https://media.birdweather.com/soundscapes/19267/19267-20260824-062457.flac",3,6,"live"
10671727810,19267,"2026-08-24T00:20:37.000-06:00",0.872720777988434,0.067142441868782,6.13957801748146,"almost_certain","BirdNET",NA,10.2198,-83.7874,FALSE,2106,"Scale-crested Pygmy-Tyrant","Lophotriccus pileatus","#ff3f73","avian","https://media.birdweather.com/species/2106/Scale-crestedPygmy-Tyrant-standard-30688703276d7a86ba8040e08ec546e4.jpg","https://media.birdweather.com/species/2106/Scale-crestedPygmy-Tyrant-thumbnail-a2fa4da6488b42e46af0521226507326.jpg","https://media.birdweather.com/species/2106/Scale-crestedPygmy-Tyrant-png200-7dba50c93511c6b01ee479c707de9a8b.png","IroFJwJKZ2tcVqZvUmlauFW0Vp9LCUoK",15991507879,"https://media.birdweather.com/soundscapes/19267/19267-20260824-062031.flac",6,9,"live"
