"id","stationId","timestamp","confidence","probability","score","certainty","algorithm","metadata","lat","lon","favorite","species.id","species.commonName","species.scientificName","species.color","species.classification","species.imageUrl","species.thumbnailUrl","species.pngUrl","species.thumbhash","soundscape.id","soundscape.url","soundscape.startTime","soundscape.endTime","soundscape.mode"
11086445284,19267,"2026-09-11T17:07:25.500-06:00",0.877128541469574,0.902095973491669,9.53410692825856,"almost_certain","BirdNET",NA,10.2198,-83.7874,FALSE,254,"Great-tailed Grackle","Quiscalus mexicanus","#4cdf64","avian","https://media.birdweather.com/species/254/Great-tailedGrackle-standard-84167b7e46a2aae7f30286e714478461.jpg","https://media.birdweather.com/species/254/Great-tailedGrackle-thumbnail-388529862f53a8a975b80daf9e76e3ac.jpg","https://media.birdweather.com/species/254/Great-tailedGrackle-png200-ca2dc12559d8d2db107eefc8eff73513.png","GAgKDwKYmnVgeIeVhniHRXiahgv2mWAN",16781288589,"https://media.birdweather.com/soundscapes/19267/19267-20260911-230721.flac",4.5,7.5,"live"
11086442465,19267,"2026-09-11T17:07:11.000-06:00",0.786557257175446,0.0199650544673204,4.62070632569185,"almost_certain","BirdNET",NA,10.2198,-83.7874,FALSE,1815,"Olive-throated Parakeet","Eupsittula nana","#ff6ad7","avian","https://media.birdweather.com/species/1815/Olive-throatedParakeet-standard-7a8764835cbbed5b353abb070de0fd48.jpg","https://media.birdweather.com/species/1815/Olive-throatedParakeet-thumbnail-9c4e0d5be805be9ed4a949c4ae3919f0.jpg","https://media.birdweather.com/species/1815/Olive-throatedParakeet-png200-1d99f36ba2877b9162d4f49d75819266.png","4+gFDwL5ind7t5d5pnpVpad5ZsIIvVIP",16781282505,"https://media.birdweather.com/soundscapes/19267/19267-20260911-230708.flac",3,6,"live"
11086442460,19267,"2026-09-11T17:07:09.500-06:00",0.80715274810791,0.0199650544673204,4.6775033059159,"almost_certain","BirdNET",NA,10.2198,-83.7874,FALSE,1815,"Olive-throated Parakeet","Eupsittula nana","#ff6ad7","avian","https://media.birdweather.com/species/1815/Olive-throatedParakeet-standard-7a8764835cbbed5b353abb070de0fd48.jpg","https://media.birdweather.com/species/1815/Olive-throatedParakeet-thumbnail-9c4e0d5be805be9ed4a949c4ae3919f0.jpg","https://media.birdweather.com/species/1815/Olive-throatedParakeet-png200-1d99f36ba2877b9162d4f49d75819266.png","4+gFDwL5ind7t5d5pnpVpad5ZsIIvVIP",16781282505,"https://media.birdweather.com/soundscapes/19267/19267-20260911-230708.flac",1.5,4.5,"live"
11086414644,19267,"2026-09-11T17:05:14.500-06:00",0.716514050960541,0.902094841003418,9.0872868233132,"almost_certain","BirdNET",NA,10.2198,-83.7874,FALSE,254,"Great-tailed Grackle","Quiscalus mexicanus","#4cdf64","avian","https://media.birdweather.com/species/254/Great-tailedGrackle-standard-84167b7e46a2aae7f30286e714478461.jpg","https://media.birdweather.com/species/254/Great-tailedGrackle-thumbnail-388529862f53a8a975b80daf9e76e3ac.jpg","https://media.birdweather.com/species/254/Great-tailedGrackle-png200-ca2dc12559d8d2db107eefc8eff73513.png","GAgKDwKYmnVgeIeVhniHRXiahgv2mWAN",16781224332,"https://media.birdweather.com/soundscapes/19267/19267-20260911-230510.flac",4.5,7.5,"live"
11086414641,19267,"2026-09-11T17:05:13.000-06:00",0.900243759155273,0.902094841003418,9.58790625166688,"almost_certain","BirdNET",NA,10.2198,-83.7874,FALSE,254,"Great-tailed Grackle","Quiscalus mexicanus","#4cdf64","avian","https://media.birdweather.com/species/254/Great-tailedGrackle-standard-84167b7e46a2aae7f30286e714478461.jpg","https://media.birdweather.com/species/254/Great-tailedGrackle-thumbnail-388529862f53a8a975b80daf9e76e3ac.jpg","https://media.birdweather.com/species/254/Great-tailedGrackle-png200-ca2dc12559d8d2db107eefc8eff73513.png","GAgKDwKYmnVgeIeVhniHRXiahgv2mWAN",16781224332,"https://media.birdweather.com/soundscapes/19267/19267-20260911-230510.flac",3,6,"live"
11086322838,19267,"2026-09-11T16:58:49.500-06:00",0.742368817329407,0.902097821235657,9.16979785865867,"almost_certain","BirdNET",NA,10.2198,-83.7874,FALSE,254,"Great-tailed Grackle","Quiscalus mexicanus","#4cdf64","avian","https://media.birdweather.com/species/254/Great-tailedGrackle-standard-84167b7e46a2aae7f30286e714478461.jpg","https://media.birdweather.com/species/254/Great-tailedGrackle-thumbnail-388529862f53a8a975b80daf9e76e3ac.jpg","https://media.birdweather.com/species/254/Great-tailedGrackle-png200-ca2dc12559d8d2db107eefc8eff73513.png","GAgKDwKYmnVgeIeVhniHRXiahgv2mWAN",16781034272,"https://media.birdweather.com/soundscapes/19267/19267-20260911-225845.flac",4.5,7.5,"live"
11086158820,19267,"2026-09-11T16:47:41.000-06:00",0.842816472053528,0.902093648910522,9.45013100839037,"almost_certain","BirdNET",NA,10.2198,-83.7874,FALSE,254,"Great-tailed Grackle","Quiscalus mexicanus","#4cdf64","avian","https://media.birdweather.com/species/254/Great-tailedGrackle-standard-84167b7e46a2aae7f30286e714478461.jpg","https://media.birdweather.com/species/254/Great-tailedGrackle-thumbnail-388529862f53a8a975b80daf9e76e3ac.jpg","https://media.birdweather.com/species/254/Great-tailedGrackle-png200-ca2dc12559d8d2db107eefc8eff73513.png","GAgKDwKYmnVgeIeVhniHRXiahgv2mWAN",16780702944,"https://media.birdweather.com/soundscapes/19267/19267-20260911-224735.flac",6,9,"live"
11086158810,19267,"2026-09-11T16:47:35.000-06:00",0.886888861656189,0.902093648910522,9.55707895577043,"almost_certain","BirdNET",NA,10.2198,-83.7874,FALSE,254,"Great-tailed Grackle","Quiscalus mexicanus","#4cdf64","avian","https://media.birdweather.com/species/254/Great-tailedGrackle-standard-84167b7e46a2aae7f30286e714478461.jpg","https://media.birdweather.com/species/254/Great-tailedGrackle-thumbnail-388529862f53a8a975b80daf9e76e3ac.jpg","https://media.birdweather.com/species/254/Great-tailedGrackle-png200-ca2dc12559d8d2db107eefc8eff73513.png","GAgKDwKYmnVgeIeVhniHRXiahgv2mWAN",16780702944,"https://media.birdweather.com/soundscapes/19267/19267-20260911-224735.flac",0,3,"live"
11085444015,19267,"2026-09-11T15:59:09.500-06:00",0.723373472690582,0.203263476490974,7.11875972994194,"almost_certain","BirdNET",NA,10.2198,-83.7874,FALSE,501,"White-winged Dove","Zenaida asiatica","#d16ff8","avian","https://media.birdweather.com/species/501/White-wingedDove-standard-6528ef689b07d5a91f1c2275cdef19c9.jpg","https://media.birdweather.com/species/501/White-wingedDove-thumbnail-4a940adfd5a6c78c73c48c5095e7b896.jpg","https://media.birdweather.com/species/501/White-wingedDove-png200-d65decd3d571b5a9dbeca249ef97689f.png","IscJLwb6hoVelZWZdoh3eIeIdxBoB4IG",16779264016,"https://media.birdweather.com/soundscapes/19267/19267-20260911-215905.flac",4.5,7.5,"live"
11084639972,19267,"2026-09-11T15:05:40.000-06:00",0.890036761760712,0.0859827697277069,6.47975125000721,"almost_certain","BirdNET",NA,10.2198,-83.7874,FALSE,984,"White-fronted Parrot","Amazona albifrons","#ff7d85","avian","https://media.birdweather.com/species/984/White-frontedParrot-standard-d907ac2e174e81ae6400a1ae41dcdd46.jpeg","https://media.birdweather.com/species/984/White-frontedParrot-thumbnail-36128a811a25168319309d2bc22aae7a.jpeg","https://media.birdweather.com/species/984/White-frontedParrot-png200-457be5b9b026dd51a6098f276d7b6a8f.png","nBkOFwJzeHhvh3d5h3h5h4eJtxUMi1MA",16777675787,"https://media.birdweather.com/soundscapes/19267/19267-20260911-210537.flac",3,6,"live"
11084609589,19267,"2026-09-11T15:03:37.000-06:00",0.797445774078369,0.203250348567963,7.33956302857175,"almost_certain","BirdNET",NA,10.2198,-83.7874,FALSE,501,"White-winged Dove","Zenaida asiatica","#d16ff8","avian","https://media.birdweather.com/species/501/White-wingedDove-standard-6528ef689b07d5a91f1c2275cdef19c9.jpg","https://media.birdweather.com/species/501/White-wingedDove-thumbnail-4a940adfd5a6c78c73c48c5095e7b896.jpg","https://media.birdweather.com/species/501/White-wingedDove-png200-d65decd3d571b5a9dbeca249ef97689f.png","IscJLwb6hoVelZWZdoh3eIeIdxBoB4IG",16777615019,"https://media.birdweather.com/soundscapes/19267/19267-20260911-210337.flac",0,3,"live"
11084443065,19267,"2026-09-11T14:52:40.000-06:00",0.869638621807098,0.203262597322464,7.52529810136916,"almost_certain","BirdNET",NA,10.2198,-83.7874,FALSE,501,"White-winged Dove","Zenaida asiatica","#d16ff8","avian","https://media.birdweather.com/species/501/White-wingedDove-standard-6528ef689b07d5a91f1c2275cdef19c9.jpg","https://media.birdweather.com/species/501/White-wingedDove-thumbnail-4a940adfd5a6c78c73c48c5095e7b896.jpg","https://media.birdweather.com/species/501/White-wingedDove-png200-d65decd3d571b5a9dbeca249ef97689f.png","IscJLwb6hoVelZWZdoh3eIeIdxBoB4IG",16777288477,"https://media.birdweather.com/soundscapes/19267/19267-20260911-205234.flac",6,9,"live"
11084443063,19267,"2026-09-11T14:52:38.500-06:00",0.9457768201828,0.203262597322464,7.69716706950585,"almost_certain","BirdNET",NA,10.2198,-83.7874,FALSE,501,"White-winged Dove","Zenaida asiatica","#d16ff8","avian","https://media.birdweather.com/species/501/White-wingedDove-standard-6528ef689b07d5a91f1c2275cdef19c9.jpg","https://media.birdweather.com/species/501/White-wingedDove-thumbnail-4a940adfd5a6c78c73c48c5095e7b896.jpg","https://media.birdweather.com/species/501/White-wingedDove-png200-d65decd3d571b5a9dbeca249ef97689f.png","IscJLwb6hoVelZWZdoh3eIeIdxBoB4IG",16777288477,"https://media.birdweather.com/soundscapes/19267/19267-20260911-205234.flac",4.5,7.5,"live"
11084443062,19267,"2026-09-11T14:52:35.500-06:00",0.865887582302094,0.203262597322464,7.5162468918144,"almost_certain","BirdNET",NA,10.2198,-83.7874,FALSE,501,"White-winged Dove","Zenaida asiatica","#d16ff8","avian","https://media.birdweather.com/species/501/White-wingedDove-standard-6528ef689b07d5a91f1c2275cdef19c9.jpg","https://media.birdweather.com/species/501/White-wingedDove-thumbnail-4a940adfd5a6c78c73c48c5095e7b896.jpg","https://media.birdweather.com/species/501/White-wingedDove-png200-d65decd3d571b5a9dbeca249ef97689f.png","IscJLwb6hoVelZWZdoh3eIeIdxBoB4IG",16777288477,"https://media.birdweather.com/soundscapes/19267/19267-20260911-205234.flac",1.5,4.5,"live"
11084443059,19267,"2026-09-11T14:52:34.000-06:00",0.984532535076141,0.203262597322464,7.77701369755813,"almost_certain","BirdNET",NA,10.2198,-83.7874,FALSE,501,"White-winged Dove","Zenaida asiatica","#d16ff8","avian","https://media.birdweather.com/species/501/White-wingedDove-standard-6528ef689b07d5a91f1c2275cdef19c9.jpg","https://media.birdweather.com/species/501/White-wingedDove-thumbnail-4a940adfd5a6c78c73c48c5095e7b896.jpg","https://media.birdweather.com/species/501/White-wingedDove-png200-d65decd3d571b5a9dbeca249ef97689f.png","IscJLwb6hoVelZWZdoh3eIeIdxBoB4IG",16777288477,"https://media.birdweather.com/soundscapes/19267/19267-20260911-205234.flac",0,3,"live"
11084419838,19267,"2026-09-11T14:51:06.000-06:00",0.937539637088776,0.203261107206345,7.67957010336487,"almost_certain","BirdNET",NA,10.2198,-83.7874,FALSE,501,"White-winged Dove","Zenaida asiatica","#d16ff8","avian","https://media.birdweather.com/species/501/White-wingedDove-standard-6528ef689b07d5a91f1c2275cdef19c9.jpg","https://media.birdweather.com/species/501/White-wingedDove-thumbnail-4a940adfd5a6c78c73c48c5095e7b896.jpg","https://media.birdweather.com/species/501/White-wingedDove-png200-d65decd3d571b5a9dbeca249ef97689f.png","IscJLwb6hoVelZWZdoh3eIeIdxBoB4IG",16777242108,"https://media.birdweather.com/soundscapes/19267/19267-20260911-205100.flac",6,9,"live"
11084419835,19267,"2026-09-11T14:51:04.500-06:00",0.846945822238922,0.203261107206345,7.46959472617923,"almost_certain","BirdNET",NA,10.2198,-83.7874,FALSE,501,"White-winged Dove","Zenaida asiatica","#d16ff8","avian","https://media.birdweather.com/species/501/White-wingedDove-standard-6528ef689b07d5a91f1c2275cdef19c9.jpg","https://media.birdweather.com/species/501/White-wingedDove-thumbnail-4a940adfd5a6c78c73c48c5095e7b896.jpg","https://media.birdweather.com/species/501/White-wingedDove-png200-d65decd3d571b5a9dbeca249ef97689f.png","IscJLwb6hoVelZWZdoh3eIeIdxBoB4IG",16777242108,"https://media.birdweather.com/soundscapes/19267/19267-20260911-205100.flac",4.5,7.5,"live"
11084419826,19267,"2026-09-11T14:51:00.000-06:00",0.929084599018097,0.203261107206345,7.6612796366589,"almost_certain","BirdNET",NA,10.2198,-83.7874,FALSE,501,"White-winged Dove","Zenaida asiatica","#d16ff8","avian","https://media.birdweather.com/species/501/White-wingedDove-standard-6528ef689b07d5a91f1c2275cdef19c9.jpg","https://media.birdweather.com/species/501/White-wingedDove-thumbnail-4a940adfd5a6c78c73c48c5095e7b896.jpg","https://media.birdweather.com/species/501/White-wingedDove-png200-d65decd3d571b5a9dbeca249ef97689f.png","IscJLwb6hoVelZWZdoh3eIeIdxBoB4IG",16777242108,"https://media.birdweather.com/soundscapes/19267/19267-20260911-205100.flac",0,3,"live"
11084400449,19267,"2026-09-11T14:49:47.000-06:00",0.97558981180191,0.203251749277115,7.75892841177264,"almost_certain","BirdNET",NA,10.2198,-83.7874,FALSE,501,"White-winged Dove","Zenaida asiatica","#d16ff8","avian","https://media.birdweather.com/species/501/White-wingedDove-standard-6528ef689b07d5a91f1c2275cdef19c9.jpg","https://media.birdweather.com/species/501/White-wingedDove-thumbnail-4a940adfd5a6c78c73c48c5095e7b896.jpg","https://media.birdweather.com/species/501/White-wingedDove-png200-d65decd3d571b5a9dbeca249ef97689f.png","IscJLwb6hoVelZWZdoh3eIeIdxBoB4IG",16777202787,"https://media.birdweather.com/soundscapes/19267/19267-20260911-204941.flac",6,9,"live"
11084400445,19267,"2026-09-11T14:49:45.500-06:00",0.760080099105835,0.203251749277115,7.23259427433089,"almost_certain","BirdNET",NA,10.2198,-83.7874,FALSE,501,"White-winged Dove","Zenaida asiatica","#d16ff8","avian","https://media.birdweather.com/species/501/White-wingedDove-standard-6528ef689b07d5a91f1c2275cdef19c9.jpg","https://media.birdweather.com/species/501/White-wingedDove-thumbnail-4a940adfd5a6c78c73c48c5095e7b896.jpg","https://media.birdweather.com/species/501/White-wingedDove-png200-d65decd3d571b5a9dbeca249ef97689f.png","IscJLwb6hoVelZWZdoh3eIeIdxBoB4IG",16777202787,"https://media.birdweather.com/soundscapes/19267/19267-20260911-204941.flac",4.5,7.5,"live"
11084400439,19267,"2026-09-11T14:49:41.000-06:00",0.956074357032776,0.203251749277115,7.71877100884225,"almost_certain","BirdNET",NA,10.2198,-83.7874,FALSE,501,"White-winged Dove","Zenaida asiatica","#d16ff8","avian","https://media.birdweather.com/species/501/White-wingedDove-standard-6528ef689b07d5a91f1c2275cdef19c9.jpg","https://media.birdweather.com/species/501/White-wingedDove-thumbnail-4a940adfd5a6c78c73c48c5095e7b896.jpg","https://media.birdweather.com/species/501/White-wingedDove-png200-d65decd3d571b5a9dbeca249ef97689f.png","IscJLwb6hoVelZWZdoh3eIeIdxBoB4IG",16777202787,"https://media.birdweather.com/soundscapes/19267/19267-20260911-204941.flac",0,3,"live"
11084393777,19267,"2026-09-11T14:49:20.000-06:00",0.986751079559326,0.203257665038109,7.78141495158948,"almost_certain","BirdNET",NA,10.2198,-83.7874,FALSE,501,"White-winged Dove","Zenaida asiatica","#d16ff8","avian","https://media.birdweather.com/species/501/White-wingedDove-standard-6528ef689b07d5a91f1c2275cdef19c9.jpg","https://media.birdweather.com/species/501/White-wingedDove-thumbnail-4a940adfd5a6c78c73c48c5095e7b896.jpg","https://media.birdweather.com/species/501/White-wingedDove-png200-d65decd3d571b5a9dbeca249ef97689f.png","IscJLwb6hoVelZWZdoh3eIeIdxBoB4IG",16777189004,"https://media.birdweather.com/soundscapes/19267/19267-20260911-204914.flac",6,9,"live"
11084393769,19267,"2026-09-11T14:49:15.500-06:00",0.86887538433075,0.203257665038109,7.52342957340841,"almost_certain","BirdNET",NA,10.2198,-83.7874,FALSE,501,"White-winged Dove","Zenaida asiatica","#d16ff8","avian","https://media.birdweather.com/species/501/White-wingedDove-standard-6528ef689b07d5a91f1c2275cdef19c9.jpg","https://media.birdweather.com/species/501/White-wingedDove-thumbnail-4a940adfd5a6c78c73c48c5095e7b896.jpg","https://media.birdweather.com/species/501/White-wingedDove-png200-d65decd3d571b5a9dbeca249ef97689f.png","IscJLwb6hoVelZWZdoh3eIeIdxBoB4IG",16777189004,"https://media.birdweather.com/soundscapes/19267/19267-20260911-204914.flac",1.5,4.5,"live"
11084393765,19267,"2026-09-11T14:49:14.000-06:00",0.958463668823242,0.203257665038109,7.72378925819123,"almost_certain","BirdNET",NA,10.2198,-83.7874,FALSE,501,"White-winged Dove","Zenaida asiatica","#d16ff8","avian","https://media.birdweather.com/species/501/White-wingedDove-standard-6528ef689b07d5a91f1c2275cdef19c9.jpg","https://media.birdweather.com/species/501/White-wingedDove-thumbnail-4a940adfd5a6c78c73c48c5095e7b896.jpg","https://media.birdweather.com/species/501/White-wingedDove-png200-d65decd3d571b5a9dbeca249ef97689f.png","IscJLwb6hoVelZWZdoh3eIeIdxBoB4IG",16777189004,"https://media.birdweather.com/soundscapes/19267/19267-20260911-204914.flac",0,3,"live"
11084324656,19267,"2026-09-11T14:44:40.000-06:00",0.872298181056976,0.203261107206345,7.53166997261332,"almost_certain","BirdNET",NA,10.2198,-83.7874,FALSE,501,"White-winged Dove","Zenaida asiatica","#d16ff8","avian","https://media.birdweather.com/species/501/White-wingedDove-standard-6528ef689b07d5a91f1c2275cdef19c9.jpg","https://media.birdweather.com/species/501/White-wingedDove-thumbnail-4a940adfd5a6c78c73c48c5095e7b896.jpg","https://media.birdweather.com/species/501/White-wingedDove-png200-d65decd3d571b5a9dbeca249ef97689f.png","IscJLwb6hoVelZWZdoh3eIeIdxBoB4IG",16777050162,"https://media.birdweather.com/soundscapes/19267/19267-20260911-204434.flac",6,9,"live"
11084324655,19267,"2026-09-11T14:44:38.500-06:00",0.873998522758484,0.203261107206345,7.53573431273017,"almost_certain","BirdNET",NA,10.2198,-83.7874,FALSE,501,"White-winged Dove","Zenaida asiatica","#d16ff8","avian","https://media.birdweather.com/species/501/White-wingedDove-standard-6528ef689b07d5a91f1c2275cdef19c9.jpg","https://media.birdweather.com/species/501/White-wingedDove-thumbnail-4a940adfd5a6c78c73c48c5095e7b896.jpg","https://media.birdweather.com/species/501/White-wingedDove-png200-d65decd3d571b5a9dbeca249ef97689f.png","IscJLwb6hoVelZWZdoh3eIeIdxBoB4IG",16777050162,"https://media.birdweather.com/soundscapes/19267/19267-20260911-204434.flac",4.5,7.5,"live"
11084324654,19267,"2026-09-11T14:44:35.500-06:00",0.904825568199158,0.203261107206345,7.60740350182088,"almost_certain","BirdNET",NA,10.2198,-83.7874,FALSE,501,"White-winged Dove","Zenaida asiatica","#d16ff8","avian","https://media.birdweather.com/species/501/White-wingedDove-standard-6528ef689b07d5a91f1c2275cdef19c9.jpg","https://media.birdweather.com/species/501/White-wingedDove-thumbnail-4a940adfd5a6c78c73c48c5095e7b896.jpg","https://media.birdweather.com/species/501/White-wingedDove-png200-d65decd3d571b5a9dbeca249ef97689f.png","IscJLwb6hoVelZWZdoh3eIeIdxBoB4IG",16777050162,"https://media.birdweather.com/soundscapes/19267/19267-20260911-204434.flac",1.5,4.5,"live"
11084324653,19267,"2026-09-11T14:44:34.000-06:00",0.963352084159851,0.203261107206345,7.73394464343039,"almost_certain","BirdNET",NA,10.2198,-83.7874,FALSE,501,"White-winged Dove","Zenaida asiatica","#d16ff8","avian","https://media.birdweather.com/species/501/White-wingedDove-standard-6528ef689b07d5a91f1c2275cdef19c9.jpg","https://media.birdweather.com/species/501/White-wingedDove-thumbnail-4a940adfd5a6c78c73c48c5095e7b896.jpg","https://media.birdweather.com/species/501/White-wingedDove-png200-d65decd3d571b5a9dbeca249ef97689f.png","IscJLwb6hoVelZWZdoh3eIeIdxBoB4IG",16777050162,"https://media.birdweather.com/soundscapes/19267/19267-20260911-204434.flac",0,3,"live"
11084317683,19267,"2026-09-11T14:44:12.000-06:00",0.968729019165039,0.203257605433464,7.7449821964232,"almost_certain","BirdNET",NA,10.2198,-83.7874,FALSE,501,"White-winged Dove","Zenaida asiatica","#d16ff8","avian","https://media.birdweather.com/species/501/White-wingedDove-standard-6528ef689b07d5a91f1c2275cdef19c9.jpg","https://media.birdweather.com/species/501/White-wingedDove-thumbnail-4a940adfd5a6c78c73c48c5095e7b896.jpg","https://media.birdweather.com/species/501/White-wingedDove-png200-d65decd3d571b5a9dbeca249ef97689f.png","IscJLwb6hoVelZWZdoh3eIeIdxBoB4IG",16777036860,"https://media.birdweather.com/soundscapes/19267/19267-20260911-204406.flac",6,9,"live"
11084317681,19267,"2026-09-11T14:44:10.500-06:00",0.799924373626709,0.203257605433464,7.34641893275173,"almost_certain","BirdNET",NA,10.2198,-83.7874,FALSE,501,"White-winged Dove","Zenaida asiatica","#d16ff8","avian","https://media.birdweather.com/species/501/White-wingedDove-standard-6528ef689b07d5a91f1c2275cdef19c9.jpg","https://media.birdweather.com/species/501/White-wingedDove-thumbnail-4a940adfd5a6c78c73c48c5095e7b896.jpg","https://media.birdweather.com/species/501/White-wingedDove-png200-d65decd3d571b5a9dbeca249ef97689f.png","IscJLwb6hoVelZWZdoh3eIeIdxBoB4IG",16777036860,"https://media.birdweather.com/soundscapes/19267/19267-20260911-204406.flac",4.5,7.5,"live"
11084317678,19267,"2026-09-11T14:44:07.500-06:00",0.95122092962265,0.203257605433464,7.70863613717914,"almost_certain","BirdNET",NA,10.2198,-83.7874,FALSE,501,"White-winged Dove","Zenaida asiatica","#d16ff8","avian","https://media.birdweather.com/species/501/White-wingedDove-standard-6528ef689b07d5a91f1c2275cdef19c9.jpg","https://media.birdweather.com/species/501/White-wingedDove-thumbnail-4a940adfd5a6c78c73c48c5095e7b896.jpg","https://media.birdweather.com/species/501/White-wingedDove-png200-d65decd3d571b5a9dbeca249ef97689f.png","IscJLwb6hoVelZWZdoh3eIeIdxBoB4IG",16777036860,"https://media.birdweather.com/soundscapes/19267/19267-20260911-204406.flac",1.5,4.5,"live"
11084317673,19267,"2026-09-11T14:44:06.000-06:00",0.840598583221436,0.203257605433464,7.45358057777772,"almost_certain","BirdNET",NA,10.2198,-83.7874,FALSE,501,"White-winged Dove","Zenaida asiatica","#d16ff8","avian","https://media.birdweather.com/species/501/White-wingedDove-standard-6528ef689b07d5a91f1c2275cdef19c9.jpg","https://media.birdweather.com/species/501/White-wingedDove-thumbnail-4a940adfd5a6c78c73c48c5095e7b896.jpg","https://media.birdweather.com/species/501/White-wingedDove-png200-d65decd3d571b5a9dbeca249ef97689f.png","IscJLwb6hoVelZWZdoh3eIeIdxBoB4IG",16777036860,"https://media.birdweather.com/soundscapes/19267/19267-20260911-204406.flac",0,3,"live"
11084297214,19267,"2026-09-11T14:42:52.000-06:00",0.884449601173401,0.203257247805595,7.56042942816004,"almost_certain","BirdNET",NA,10.2198,-83.7874,FALSE,501,"White-winged Dove","Zenaida asiatica","#d16ff8","avian","https://media.birdweather.com/species/501/White-wingedDove-standard-6528ef689b07d5a91f1c2275cdef19c9.jpg","https://media.birdweather.com/species/501/White-wingedDove-thumbnail-4a940adfd5a6c78c73c48c5095e7b896.jpg","https://media.birdweather.com/species/501/White-wingedDove-png200-d65decd3d571b5a9dbeca249ef97689f.png","IscJLwb6hoVelZWZdoh3eIeIdxBoB4IG",16776996210,"https://media.birdweather.com/soundscapes/19267/19267-20260911-204246.flac",6,9,"live"
11084297213,19267,"2026-09-11T14:42:50.500-06:00",0.962816953659058,0.203257247805595,7.7328142161673,"almost_certain","BirdNET",NA,10.2198,-83.7874,FALSE,501,"White-winged Dove","Zenaida asiatica","#d16ff8","avian","https://media.birdweather.com/species/501/White-wingedDove-standard-6528ef689b07d5a91f1c2275cdef19c9.jpg","https://media.birdweather.com/species/501/White-wingedDove-thumbnail-4a940adfd5a6c78c73c48c5095e7b896.jpg","https://media.birdweather.com/species/501/White-wingedDove-png200-d65decd3d571b5a9dbeca249ef97689f.png","IscJLwb6hoVelZWZdoh3eIeIdxBoB4IG",16776996210,"https://media.birdweather.com/soundscapes/19267/19267-20260911-204246.flac",4.5,7.5,"live"
11084297210,19267,"2026-09-11T14:42:49.000-06:00",0.950581908226013,0.203257247805595,7.70728884436722,"almost_certain","BirdNET",NA,10.2198,-83.7874,FALSE,501,"White-winged Dove","Zenaida asiatica","#d16ff8","avian","https://media.birdweather.com/species/501/White-wingedDove-standard-6528ef689b07d5a91f1c2275cdef19c9.jpg","https://media.birdweather.com/species/501/White-wingedDove-thumbnail-4a940adfd5a6c78c73c48c5095e7b896.jpg","https://media.birdweather.com/species/501/White-wingedDove-png200-d65decd3d571b5a9dbeca249ef97689f.png","IscJLwb6hoVelZWZdoh3eIeIdxBoB4IG",16776996210,"https://media.birdweather.com/soundscapes/19267/19267-20260911-204246.flac",3,6,"live"
11084297205,19267,"2026-09-11T14:42:46.000-06:00",0.854296922683716,0.203257247805595,7.4878604638208,"almost_certain","BirdNET",NA,10.2198,-83.7874,FALSE,501,"White-winged Dove","Zenaida asiatica","#d16ff8","avian","https://media.birdweather.com/species/501/White-wingedDove-standard-6528ef689b07d5a91f1c2275cdef19c9.jpg","https://media.birdweather.com/species/501/White-wingedDove-thumbnail-4a940adfd5a6c78c73c48c5095e7b896.jpg","https://media.birdweather.com/species/501/White-wingedDove-png200-d65decd3d571b5a9dbeca249ef97689f.png","IscJLwb6hoVelZWZdoh3eIeIdxBoB4IG",16776996210,"https://media.birdweather.com/soundscapes/19267/19267-20260911-204246.flac",0,3,"live"
11084294046,19267,"2026-09-11T14:42:40.000-06:00",0.754754781723022,0.203257247805595,7.2166796877803,"almost_certain","BirdNET",NA,10.2198,-83.7874,FALSE,501,"White-winged Dove","Zenaida asiatica","#d16ff8","avian","https://media.birdweather.com/species/501/White-wingedDove-standard-6528ef689b07d5a91f1c2275cdef19c9.jpg","https://media.birdweather.com/species/501/White-wingedDove-thumbnail-4a940adfd5a6c78c73c48c5095e7b896.jpg","https://media.birdweather.com/species/501/White-wingedDove-png200-d65decd3d571b5a9dbeca249ef97689f.png","IscJLwb6hoVelZWZdoh3eIeIdxBoB4IG",16776990026,"https://media.birdweather.com/soundscapes/19267/19267-20260911-204234.flac",6,9,"live"
11084294041,19267,"2026-09-11T14:42:35.500-06:00",0.935590803623199,0.203257247805595,7.6753510754619,"almost_certain","BirdNET",NA,10.2198,-83.7874,FALSE,501,"White-winged Dove","Zenaida asiatica","#d16ff8","avian","https://media.birdweather.com/species/501/White-wingedDove-standard-6528ef689b07d5a91f1c2275cdef19c9.jpg","https://media.birdweather.com/species/501/White-wingedDove-thumbnail-4a940adfd5a6c78c73c48c5095e7b896.jpg","https://media.birdweather.com/species/501/White-wingedDove-png200-d65decd3d571b5a9dbeca249ef97689f.png","IscJLwb6hoVelZWZdoh3eIeIdxBoB4IG",16776990026,"https://media.birdweather.com/soundscapes/19267/19267-20260911-204234.flac",1.5,4.5,"live"
11084294038,19267,"2026-09-11T14:42:34.000-06:00",0.952100038528442,0.203257247805595,7.71048200976123,"almost_certain","BirdNET",NA,10.2198,-83.7874,FALSE,501,"White-winged Dove","Zenaida asiatica","#d16ff8","avian","https://media.birdweather.com/species/501/White-wingedDove-standard-6528ef689b07d5a91f1c2275cdef19c9.jpg","https://media.birdweather.com/species/501/White-wingedDove-thumbnail-4a940adfd5a6c78c73c48c5095e7b896.jpg","https://media.birdweather.com/species/501/White-wingedDove-png200-d65decd3d571b5a9dbeca249ef97689f.png","IscJLwb6hoVelZWZdoh3eIeIdxBoB4IG",16776990026,"https://media.birdweather.com/soundscapes/19267/19267-20260911-204234.flac",0,3,"live"
11084287423,19267,"2026-09-11T14:42:13.000-06:00",0.958290219306946,0.203263476490974,7.72346566461671,"almost_certain","BirdNET",NA,10.2198,-83.7874,FALSE,501,"White-winged Dove","Zenaida asiatica","#d16ff8","avian","https://media.birdweather.com/species/501/White-wingedDove-standard-6528ef689b07d5a91f1c2275cdef19c9.jpg","https://media.birdweather.com/species/501/White-wingedDove-thumbnail-4a940adfd5a6c78c73c48c5095e7b896.jpg","https://media.birdweather.com/species/501/White-wingedDove-png200-d65decd3d571b5a9dbeca249ef97689f.png","IscJLwb6hoVelZWZdoh3eIeIdxBoB4IG",16776976849,"https://media.birdweather.com/soundscapes/19267/19267-20260911-204207.flac",6,9,"live"
11084287418,19267,"2026-09-11T14:42:08.500-06:00",0.911477088928223,0.203263476490974,7.62240294368528,"almost_certain","BirdNET",NA,10.2198,-83.7874,FALSE,501,"White-winged Dove","Zenaida asiatica","#d16ff8","avian","https://media.birdweather.com/species/501/White-wingedDove-standard-6528ef689b07d5a91f1c2275cdef19c9.jpg","https://media.birdweather.com/species/501/White-wingedDove-thumbnail-4a940adfd5a6c78c73c48c5095e7b896.jpg","https://media.birdweather.com/species/501/White-wingedDove-png200-d65decd3d571b5a9dbeca249ef97689f.png","IscJLwb6hoVelZWZdoh3eIeIdxBoB4IG",16776976849,"https://media.birdweather.com/soundscapes/19267/19267-20260911-204207.flac",1.5,4.5,"live"
11084287417,19267,"2026-09-11T14:42:07.000-06:00",0.883960723876953,0.203263476490974,7.55932299181126,"almost_certain","BirdNET",NA,10.2198,-83.7874,FALSE,501,"White-winged Dove","Zenaida asiatica","#d16ff8","avian","https://media.birdweather.com/species/501/White-wingedDove-standard-6528ef689b07d5a91f1c2275cdef19c9.jpg","https://media.birdweather.com/species/501/White-wingedDove-thumbnail-4a940adfd5a6c78c73c48c5095e7b896.jpg","https://media.birdweather.com/species/501/White-wingedDove-png200-d65decd3d571b5a9dbeca249ef97689f.png","IscJLwb6hoVelZWZdoh3eIeIdxBoB4IG",16776976849,"https://media.birdweather.com/soundscapes/19267/19267-20260911-204207.flac",0,3,"live"
11084284249,19267,"2026-09-11T14:41:56.000-06:00",0.963611364364624,0.20325542986393,7.73444354996616,"almost_certain","BirdNET",NA,10.2198,-83.7874,FALSE,501,"White-winged Dove","Zenaida asiatica","#d16ff8","avian","https://media.birdweather.com/species/501/White-wingedDove-standard-6528ef689b07d5a91f1c2275cdef19c9.jpg","https://media.birdweather.com/species/501/White-wingedDove-thumbnail-4a940adfd5a6c78c73c48c5095e7b896.jpg","https://media.birdweather.com/species/501/White-wingedDove-png200-d65decd3d571b5a9dbeca249ef97689f.png","IscJLwb6hoVelZWZdoh3eIeIdxBoB4IG",16776970451,"https://media.birdweather.com/soundscapes/19267/19267-20260911-204150.flac",6,9,"live"
11084284246,19267,"2026-09-11T14:41:54.500-06:00",0.845699489116669,0.20325542986393,7.46643285363188,"almost_certain","BirdNET",NA,10.2198,-83.7874,FALSE,501,"White-winged Dove","Zenaida asiatica","#d16ff8","avian","https://media.birdweather.com/species/501/White-wingedDove-standard-6528ef689b07d5a91f1c2275cdef19c9.jpg","https://media.birdweather.com/species/501/White-wingedDove-thumbnail-4a940adfd5a6c78c73c48c5095e7b896.jpg","https://media.birdweather.com/species/501/White-wingedDove-png200-d65decd3d571b5a9dbeca249ef97689f.png","IscJLwb6hoVelZWZdoh3eIeIdxBoB4IG",16776970451,"https://media.birdweather.com/soundscapes/19267/19267-20260911-204150.flac",4.5,7.5,"live"
11084284243,19267,"2026-09-11T14:41:51.500-06:00",0.745018184185028,0.20325542986393,7.18701684177649,"almost_certain","BirdNET",NA,10.2198,-83.7874,FALSE,501,"White-winged Dove","Zenaida asiatica","#d16ff8","avian","https://media.birdweather.com/species/501/White-wingedDove-standard-6528ef689b07d5a91f1c2275cdef19c9.jpg","https://media.birdweather.com/species/501/White-wingedDove-thumbnail-4a940adfd5a6c78c73c48c5095e7b896.jpg","https://media.birdweather.com/species/501/White-wingedDove-png200-d65decd3d571b5a9dbeca249ef97689f.png","IscJLwb6hoVelZWZdoh3eIeIdxBoB4IG",16776970451,"https://media.birdweather.com/soundscapes/19267/19267-20260911-204150.flac",1.5,4.5,"live"
11084276616,19267,"2026-09-11T14:41:23.000-06:00",0.707247912883759,0.203255847096443,7.06551008188903,"almost_certain","BirdNET",NA,10.2198,-83.7874,FALSE,501,"White-winged Dove","Zenaida asiatica","#d16ff8","avian","https://media.birdweather.com/species/501/White-wingedDove-standard-6528ef689b07d5a91f1c2275cdef19c9.jpg","https://media.birdweather.com/species/501/White-wingedDove-thumbnail-4a940adfd5a6c78c73c48c5095e7b896.jpg","https://media.birdweather.com/species/501/White-wingedDove-png200-d65decd3d571b5a9dbeca249ef97689f.png","IscJLwb6hoVelZWZdoh3eIeIdxBoB4IG",16776955123,"https://media.birdweather.com/soundscapes/19267/19267-20260911-204123.flac",0,3,"live"
11084250555,19267,"2026-09-11T14:39:44.000-06:00",0.855241060256958,0.765551567077637,9.25896517311561,"almost_certain","BirdNET",NA,10.2198,-83.7874,FALSE,229,"Great Kiskadee","Pitangus sulphuratus","#7d4410","avian","https://media.birdweather.com/species/229/GreatKiskadee-standard-cd28a1b8e8b8e5aed433e809c229004e.jpg","https://media.birdweather.com/species/229/GreatKiskadee-thumbnail-b2749ed2442fb322cf3c4cb72f9c97f6.jpg","https://media.birdweather.com/species/229/GreatKiskadee-png200-003973af4f863deb00a4ce9b6f10e59c.png","0PgFDwIrhYqfZJh1mVe3SZZ3uKEJBncG",16776902640,"https://media.birdweather.com/soundscapes/19267/19267-20260911-203938.flac",6,9,"live"
11084090496,19267,"2026-09-11T14:28:57.500-06:00",0.786025941371918,0.965854644775391,9.39130553959664,"almost_certain","BirdNET",NA,10.2198,-83.7874,FALSE,115,"Tropical Kingbird","Tyrannus melancholicus","#00b3a1","avian","https://media.birdweather.com/species/115/TropicalKingbird-standard-712bd41627c48fa23dafd70e7c83c2e4.jpg","https://media.birdweather.com/species/115/TropicalKingbird-thumbnail-d19e465885b300e6a764cb58df2c377e.jpg","https://media.birdweather.com/species/115/TropicalKingbird-png200-7879336d61c20ea19f905a307c05d2d1.png","G/kFDwLXdWqfdmeOkkq2uXmK16/aGV8M",16776586315,"https://media.birdweather.com/soundscapes/19267/19267-20260911-202856.flac",1.5,4.5,"live"
11084011262,19267,"2026-09-11T14:23:50.000-06:00",0.754002749919891,0.553711295127869,8.54611122301297,"almost_certain","BirdNET",NA,10.2198,-83.7874,FALSE,121,"Social Flycatcher","Myiozetetes similis","#69b9ff","avian","https://media.birdweather.com/species/121/SocialFlycatcher-standard-6e107581e61c9f556b3a0af5200f486a.jpg","https://media.birdweather.com/species/121/SocialFlycatcher-thumbnail-87f640fcaf1441ecbbd56b57372185a8.jpg","https://media.birdweather.com/species/121/SocialFlycatcher-png200-2f6dd485cf927db0dd7fd9abc239fb19.png","2xkKJwIJh3ekeXh0e5Z4eYaIdyApd5AC",16776431583,"https://media.birdweather.com/soundscapes/19267/19267-20260911-202344.flac",6,9,"live"
11083993336,19267,"2026-09-11T14:22:35.500-06:00",0.852414906024933,0.143745183944702,7.03493340809804,"almost_certain","BirdNET",NA,10.2198,-83.7874,FALSE,597,"Common Pauraque","Nyctidromus albicollis","#076101","avian","https://media.birdweather.com/species/597/CommonPauraque-standard-1f631aa6b634a4efa22904c59e55a5ff.jpg","https://media.birdweather.com/species/597/CommonPauraque-thumbnail-9699b58845a36e47070f5544282c6c24.jpg","https://media.birdweather.com/species/597/CommonPauraque-png200-82e98e61a2cf8d726c173c71516bac0a.png","kigGBwKMdndgmIh1lpiHiIaHaCv5h3AK",16776397002,"https://media.birdweather.com/soundscapes/19267/19267-20260911-202234.flac",1.5,4.5,"live"
11083982836,19267,"2026-09-11T14:21:54.000-06:00",0.984800338745117,0.765552401542664,9.54628983860064,"almost_certain","BirdNET",NA,10.2198,-83.7874,FALSE,229,"Great Kiskadee","Pitangus sulphuratus","#7d4410","avian","https://media.birdweather.com/species/229/GreatKiskadee-standard-cd28a1b8e8b8e5aed433e809c229004e.jpg","https://media.birdweather.com/species/229/GreatKiskadee-thumbnail-b2749ed2442fb322cf3c4cb72f9c97f6.jpg","https://media.birdweather.com/species/229/GreatKiskadee-png200-003973af4f863deb00a4ce9b6f10e59c.png","0PgFDwIrhYqfZJh1mVe3SZZ3uKEJBncG",16776377464,"https://media.birdweather.com/soundscapes/19267/19267-20260911-202154.flac",0,3,"live"
11083969513,19267,"2026-09-11T14:21:07.500-06:00",0.905784904956818,0.203257605433464,7.60955229347199,"almost_certain","BirdNET",NA,10.2198,-83.7874,FALSE,501,"White-winged Dove","Zenaida asiatica","#d16ff8","avian","https://media.birdweather.com/species/501/White-wingedDove-standard-6528ef689b07d5a91f1c2275cdef19c9.jpg","https://media.birdweather.com/species/501/White-wingedDove-thumbnail-4a940adfd5a6c78c73c48c5095e7b896.jpg","https://media.birdweather.com/species/501/White-wingedDove-png200-d65decd3d571b5a9dbeca249ef97689f.png","IscJLwb6hoVelZWZdoh3eIeIdxBoB4IG",16776351855,"https://media.birdweather.com/soundscapes/19267/19267-20260911-202103.flac",4.5,7.5,"live"
11083897345,19267,"2026-09-11T14:16:21.000-06:00",0.72252368927002,0.965855538845062,9.19948420994352,"almost_certain","BirdNET",NA,10.2198,-83.7874,FALSE,115,"Tropical Kingbird","Tyrannus melancholicus","#00b3a1","avian","https://media.birdweather.com/species/115/TropicalKingbird-standard-712bd41627c48fa23dafd70e7c83c2e4.jpg","https://media.birdweather.com/species/115/TropicalKingbird-thumbnail-d19e465885b300e6a764cb58df2c377e.jpg","https://media.birdweather.com/species/115/TropicalKingbird-png200-7879336d61c20ea19f905a307c05d2d1.png","G/kFDwLXdWqfdmeOkkq2uXmK16/aGV8M",16776211821,"https://media.birdweather.com/soundscapes/19267/19267-20260911-201618.flac",3,6,"live"
11083772988,19267,"2026-09-11T14:08:19.500-06:00",0.718699157238007,0.765553653240204,8.8722867664964,"almost_certain","BirdNET",NA,10.2198,-83.7874,FALSE,229,"Great Kiskadee","Pitangus sulphuratus","#7d4410","avian","https://media.birdweather.com/species/229/GreatKiskadee-standard-cd28a1b8e8b8e5aed433e809c229004e.jpg","https://media.birdweather.com/species/229/GreatKiskadee-thumbnail-b2749ed2442fb322cf3c4cb72f9c97f6.jpg","https://media.birdweather.com/species/229/GreatKiskadee-png200-003973af4f863deb00a4ce9b6f10e59c.png","0PgFDwIrhYqfZJh1mVe3SZZ3uKEJBncG",16775973274,"https://media.birdweather.com/soundscapes/19267/19267-20260911-200815.flac",4.5,7.5,"live"
11083543941,19267,"2026-09-11T13:53:35.500-06:00",0.809013903141022,0.765554070472717,9.13987956222315,"almost_certain","BirdNET",NA,10.2198,-83.7874,FALSE,229,"Great Kiskadee","Pitangus sulphuratus","#7d4410","avian","https://media.birdweather.com/species/229/GreatKiskadee-standard-cd28a1b8e8b8e5aed433e809c229004e.jpg","https://media.birdweather.com/species/229/GreatKiskadee-thumbnail-b2749ed2442fb322cf3c4cb72f9c97f6.jpg","https://media.birdweather.com/species/229/GreatKiskadee-png200-003973af4f863deb00a4ce9b6f10e59c.png","0PgFDwIrhYqfZJh1mVe3SZZ3uKEJBncG",16775537340,"https://media.birdweather.com/soundscapes/19267/19267-20260911-195334.flac",1.5,4.5,"live"
11083543939,19267,"2026-09-11T13:53:34.000-06:00",0.95806473493576,0.765554070472717,9.49173389078321,"almost_certain","BirdNET",NA,10.2198,-83.7874,FALSE,229,"Great Kiskadee","Pitangus sulphuratus","#7d4410","avian","https://media.birdweather.com/species/229/GreatKiskadee-standard-cd28a1b8e8b8e5aed433e809c229004e.jpg","https://media.birdweather.com/species/229/GreatKiskadee-thumbnail-b2749ed2442fb322cf3c4cb72f9c97f6.jpg","https://media.birdweather.com/species/229/GreatKiskadee-png200-003973af4f863deb00a4ce9b6f10e59c.png","0PgFDwIrhYqfZJh1mVe3SZZ3uKEJBncG",16775537340,"https://media.birdweather.com/soundscapes/19267/19267-20260911-195334.flac",0,3,"live"
11083530485,19267,"2026-09-11T13:52:46.500-06:00",0.905622363090515,0.34232771396637,8.2970080812035,"almost_certain","BirdNET",NA,10.2198,-83.7874,FALSE,244,"Montezuma Oropendola","Psarocolius montezuma","#ff9f86","avian","https://media.birdweather.com/species/244/MontezumaOropendola-standard-c1f6622e2d5b34ccfcb59ef61fe6946d.jpg","https://media.birdweather.com/species/244/MontezumaOropendola-thumbnail-bf91394c0865fb38fcc82de87c79e049.jpg","https://media.birdweather.com/species/244/MontezumaOropendola-png200-2a6b9f3a04ad3735705c952ef4041bb6.png","nckFFwS6mGaqeGmecKlje5a1ln+3BWoA",16775511809,"https://media.birdweather.com/soundscapes/19267/19267-20260911-195242.flac",4.5,7.5,"live"
11083530482,19267,"2026-09-11T13:52:45.000-06:00",0.766954600811005,0.34232771396637,7.94077439262998,"almost_certain","BirdNET",NA,10.2198,-83.7874,FALSE,244,"Montezuma Oropendola","Psarocolius montezuma","#ff9f86","avian","https://media.birdweather.com/species/244/MontezumaOropendola-standard-c1f6622e2d5b34ccfcb59ef61fe6946d.jpg","https://media.birdweather.com/species/244/MontezumaOropendola-thumbnail-bf91394c0865fb38fcc82de87c79e049.jpg","https://media.birdweather.com/species/244/MontezumaOropendola-png200-2a6b9f3a04ad3735705c952ef4041bb6.png","nckFFwS6mGaqeGmecKlje5a1ln+3BWoA",16775511809,"https://media.birdweather.com/soundscapes/19267/19267-20260911-195242.flac",3,6,"live"
11083399785,19267,"2026-09-11T13:44:18.500-06:00",0.706505835056305,0.203252255916595,7.0629883513656,"almost_certain","BirdNET",NA,10.2198,-83.7874,FALSE,501,"White-winged Dove","Zenaida asiatica","#d16ff8","avian","https://media.birdweather.com/species/501/White-wingedDove-standard-6528ef689b07d5a91f1c2275cdef19c9.jpg","https://media.birdweather.com/species/501/White-wingedDove-thumbnail-4a940adfd5a6c78c73c48c5095e7b896.jpg","https://media.birdweather.com/species/501/White-wingedDove-png200-d65decd3d571b5a9dbeca249ef97689f.png","IscJLwb6hoVelZWZdoh3eIeIdxBoB4IG",16775260627,"https://media.birdweather.com/soundscapes/19267/19267-20260911-194414.flac",4.5,7.5,"live"
11083340878,19267,"2026-09-11T13:40:30.000-06:00",0.909072458744049,0.765551745891571,9.38573827219756,"almost_certain","BirdNET",NA,10.2198,-83.7874,FALSE,229,"Great Kiskadee","Pitangus sulphuratus","#7d4410","avian","https://media.birdweather.com/species/229/GreatKiskadee-standard-cd28a1b8e8b8e5aed433e809c229004e.jpg","https://media.birdweather.com/species/229/GreatKiskadee-thumbnail-b2749ed2442fb322cf3c4cb72f9c97f6.jpg","https://media.birdweather.com/species/229/GreatKiskadee-png200-003973af4f863deb00a4ce9b6f10e59c.png","0PgFDwIrhYqfZJh1mVe3SZZ3uKEJBncG",16775148786,"https://media.birdweather.com/soundscapes/19267/19267-20260911-194027.flac",3,6,"live"
11083306549,19267,"2026-09-11T13:38:20.000-06:00",0.962678134441376,0.158892527222633,7.41299312177756,"almost_certain","BirdNET",NA,10.2198,-83.7874,FALSE,1001,"Swallow-tailed Kite","Elanoides forficatus","#d16ff8","avian","https://media.birdweather.com/species/1001/Swallow-tailedKite-standard-a53170925d53bf7dafa55e3400f65886.jpg","https://media.birdweather.com/species/1001/Swallow-tailedKite-thumbnail-78378127c8973b24f67b69745cb9cfe7.jpg","https://media.birdweather.com/species/1001/Swallow-tailedKite-png200-87c288fc29001b4e8082d4d877837d21.png","qMYFDwKF2XcCmJg/g2UqVaiajfINOe4A",16775084597,"https://media.birdweather.com/soundscapes/19267/19267-20260911-193817.flac",3,6,"live"
11083299502,19267,"2026-09-11T13:37:53.000-06:00",0.901401698589325,0.0262964963912964,5.17363541453182,"almost_certain","BirdNET",NA,10.2198,-83.7874,FALSE,2125,"Orange-collared Manakin","Manacus aurantiacus","#60d8d9","avian","https://media.birdweather.com/species/2125/Orange-collaredManakin-standard-4ee1b97d973d30332e729d49303250f9.jpg","https://media.birdweather.com/species/2125/Orange-collaredManakin-thumbnail-de5120d09d0c54efe6e3aea49b88d1d5.jpg","https://media.birdweather.com/species/2125/Orange-collaredManakin-png200-c18cd3a9e49f696cb7680e43aad501b9.png","lekFJwSuVmh26XQ62AtGiVZ4xgiVCboC",16775071135,"https://media.birdweather.com/soundscapes/19267/19267-20260911-193750.flac",3,6,"live"
11083189524,19267,"2026-09-11T13:30:56.000-06:00",0.983906984329224,0.96585601568222,9.85924455566047,"almost_certain","BirdNET",NA,10.2198,-83.7874,FALSE,115,"Tropical Kingbird","Tyrannus melancholicus","#00b3a1","avian","https://media.birdweather.com/species/115/TropicalKingbird-standard-712bd41627c48fa23dafd70e7c83c2e4.jpg","https://media.birdweather.com/species/115/TropicalKingbird-thumbnail-d19e465885b300e6a764cb58df2c377e.jpg","https://media.birdweather.com/species/115/TropicalKingbird-png200-7879336d61c20ea19f905a307c05d2d1.png","G/kFDwLXdWqfdmeOkkq2uXmK16/aGV8M",16774864606,"https://media.birdweather.com/soundscapes/19267/19267-20260911-193050.flac",6,9,"live"
11083189523,19267,"2026-09-11T13:30:54.500-06:00",0.968034327030182,0.96585601568222,9.82707372168433,"almost_certain","BirdNET",NA,10.2198,-83.7874,FALSE,115,"Tropical Kingbird","Tyrannus melancholicus","#00b3a1","avian","https://media.birdweather.com/species/115/TropicalKingbird-standard-712bd41627c48fa23dafd70e7c83c2e4.jpg","https://media.birdweather.com/species/115/TropicalKingbird-thumbnail-d19e465885b300e6a764cb58df2c377e.jpg","https://media.birdweather.com/species/115/TropicalKingbird-png200-7879336d61c20ea19f905a307c05d2d1.png","G/kFDwLXdWqfdmeOkkq2uXmK16/aGV8M",16774864606,"https://media.birdweather.com/soundscapes/19267/19267-20260911-193050.flac",4.5,7.5,"live"
11083185997,19267,"2026-09-11T13:30:41.500-06:00",0.795372664928436,0.96585601568222,9.41740368722669,"almost_certain","BirdNET",NA,10.2198,-83.7874,FALSE,115,"Tropical Kingbird","Tyrannus melancholicus","#00b3a1","avian","https://media.birdweather.com/species/115/TropicalKingbird-standard-712bd41627c48fa23dafd70e7c83c2e4.jpg","https://media.birdweather.com/species/115/TropicalKingbird-thumbnail-d19e465885b300e6a764cb58df2c377e.jpg","https://media.birdweather.com/species/115/TropicalKingbird-png200-7879336d61c20ea19f905a307c05d2d1.png","G/kFDwLXdWqfdmeOkkq2uXmK16/aGV8M",16774858213,"https://media.birdweather.com/soundscapes/19267/19267-20260911-193037.flac",4.5,7.5,"live"
11083185993,19267,"2026-09-11T13:30:40.000-06:00",0.910581648349762,0.96585601568222,9.70387299839584,"almost_certain","BirdNET",NA,10.2198,-83.7874,FALSE,115,"Tropical Kingbird","Tyrannus melancholicus","#00b3a1","avian","https://media.birdweather.com/species/115/TropicalKingbird-standard-712bd41627c48fa23dafd70e7c83c2e4.jpg","https://media.birdweather.com/species/115/TropicalKingbird-thumbnail-d19e465885b300e6a764cb58df2c377e.jpg","https://media.birdweather.com/species/115/TropicalKingbird-png200-7879336d61c20ea19f905a307c05d2d1.png","G/kFDwLXdWqfdmeOkkq2uXmK16/aGV8M",16774858213,"https://media.birdweather.com/soundscapes/19267/19267-20260911-193037.flac",3,6,"live"
11083156506,19267,"2026-09-11T13:28:52.000-06:00",0.960044085979462,0.96585488319397,9.81058701733486,"almost_certain","BirdNET",NA,10.2198,-83.7874,FALSE,115,"Tropical Kingbird","Tyrannus melancholicus","#00b3a1","avian","https://media.birdweather.com/species/115/TropicalKingbird-standard-712bd41627c48fa23dafd70e7c83c2e4.jpg","https://media.birdweather.com/species/115/TropicalKingbird-thumbnail-d19e465885b300e6a764cb58df2c377e.jpg","https://media.birdweather.com/species/115/TropicalKingbird-png200-7879336d61c20ea19f905a307c05d2d1.png","G/kFDwLXdWqfdmeOkkq2uXmK16/aGV8M",16774803804,"https://media.birdweather.com/soundscapes/19267/19267-20260911-192846.flac",6,9,"live"
11083156504,19267,"2026-09-11T13:28:50.500-06:00",0.975676596164703,0.96585488319397,9.84265587294184,"almost_certain","BirdNET",NA,10.2198,-83.7874,FALSE,115,"Tropical Kingbird","Tyrannus melancholicus","#00b3a1","avian","https://media.birdweather.com/species/115/TropicalKingbird-standard-712bd41627c48fa23dafd70e7c83c2e4.jpg","https://media.birdweather.com/species/115/TropicalKingbird-thumbnail-d19e465885b300e6a764cb58df2c377e.jpg","https://media.birdweather.com/species/115/TropicalKingbird-png200-7879336d61c20ea19f905a307c05d2d1.png","G/kFDwLXdWqfdmeOkkq2uXmK16/aGV8M",16774803804,"https://media.birdweather.com/soundscapes/19267/19267-20260911-192846.flac",4.5,7.5,"live"
11083156501,19267,"2026-09-11T13:28:46.000-06:00",0.972993493080139,0.96585488319397,9.83720479027201,"almost_certain","BirdNET",NA,10.2198,-83.7874,FALSE,115,"Tropical Kingbird","Tyrannus melancholicus","#00b3a1","avian","https://media.birdweather.com/species/115/TropicalKingbird-standard-712bd41627c48fa23dafd70e7c83c2e4.jpg","https://media.birdweather.com/species/115/TropicalKingbird-thumbnail-d19e465885b300e6a764cb58df2c377e.jpg","https://media.birdweather.com/species/115/TropicalKingbird-png200-7879336d61c20ea19f905a307c05d2d1.png","G/kFDwLXdWqfdmeOkkq2uXmK16/aGV8M",16774803804,"https://media.birdweather.com/soundscapes/19267/19267-20260911-192846.flac",0,3,"live"
11083153359,19267,"2026-09-11T13:28:40.000-06:00",0.992679834365845,0.96585488319397,9.87670494796674,"almost_certain","BirdNET",NA,10.2198,-83.7874,FALSE,115,"Tropical Kingbird","Tyrannus melancholicus","#00b3a1","avian","https://media.birdweather.com/species/115/TropicalKingbird-standard-712bd41627c48fa23dafd70e7c83c2e4.jpg","https://media.birdweather.com/species/115/TropicalKingbird-thumbnail-d19e465885b300e6a764cb58df2c377e.jpg","https://media.birdweather.com/species/115/TropicalKingbird-png200-7879336d61c20ea19f905a307c05d2d1.png","G/kFDwLXdWqfdmeOkkq2uXmK16/aGV8M",16774797511,"https://media.birdweather.com/soundscapes/19267/19267-20260911-192834.flac",6,9,"live"
11083153354,19267,"2026-09-11T13:28:38.500-06:00",0.961862981319427,0.96585488319397,9.81435715859518,"almost_certain","BirdNET",NA,10.2198,-83.7874,FALSE,115,"Tropical Kingbird","Tyrannus melancholicus","#00b3a1","avian","https://media.birdweather.com/species/115/TropicalKingbird-standard-712bd41627c48fa23dafd70e7c83c2e4.jpg","https://media.birdweather.com/species/115/TropicalKingbird-thumbnail-d19e465885b300e6a764cb58df2c377e.jpg","https://media.birdweather.com/species/115/TropicalKingbird-png200-7879336d61c20ea19f905a307c05d2d1.png","G/kFDwLXdWqfdmeOkkq2uXmK16/aGV8M",16774797511,"https://media.birdweather.com/soundscapes/19267/19267-20260911-192834.flac",4.5,7.5,"live"
11083153349,19267,"2026-09-11T13:28:35.500-06:00",0.819051206111908,0.96585488319397,9.48137041622618,"almost_certain","BirdNET",NA,10.2198,-83.7874,FALSE,115,"Tropical Kingbird","Tyrannus melancholicus","#00b3a1","avian","https://media.birdweather.com/species/115/TropicalKingbird-standard-712bd41627c48fa23dafd70e7c83c2e4.jpg","https://media.birdweather.com/species/115/TropicalKingbird-thumbnail-d19e465885b300e6a764cb58df2c377e.jpg","https://media.birdweather.com/species/115/TropicalKingbird-png200-7879336d61c20ea19f905a307c05d2d1.png","G/kFDwLXdWqfdmeOkkq2uXmK16/aGV8M",16774797511,"https://media.birdweather.com/soundscapes/19267/19267-20260911-192834.flac",1.5,4.5,"live"
11083153346,19267,"2026-09-11T13:28:34.000-06:00",0.994754910469055,0.96585488319397,9.88080295169872,"almost_certain","BirdNET",NA,10.2198,-83.7874,FALSE,115,"Tropical Kingbird","Tyrannus melancholicus","#00b3a1","avian","https://media.birdweather.com/species/115/TropicalKingbird-standard-712bd41627c48fa23dafd70e7c83c2e4.jpg","https://media.birdweather.com/species/115/TropicalKingbird-thumbnail-d19e465885b300e6a764cb58df2c377e.jpg","https://media.birdweather.com/species/115/TropicalKingbird-png200-7879336d61c20ea19f905a307c05d2d1.png","G/kFDwLXdWqfdmeOkkq2uXmK16/aGV8M",16774797511,"https://media.birdweather.com/soundscapes/19267/19267-20260911-192834.flac",0,3,"live"
11083143163,19267,"2026-09-11T13:27:58.500-06:00",0.841151356697083,0.965854644775391,9.53849424605918,"almost_certain","BirdNET",NA,10.2198,-83.7874,FALSE,115,"Tropical Kingbird","Tyrannus melancholicus","#00b3a1","avian","https://media.birdweather.com/species/115/TropicalKingbird-standard-712bd41627c48fa23dafd70e7c83c2e4.jpg","https://media.birdweather.com/species/115/TropicalKingbird-thumbnail-d19e465885b300e6a764cb58df2c377e.jpg","https://media.birdweather.com/species/115/TropicalKingbird-png200-7879336d61c20ea19f905a307c05d2d1.png","G/kFDwLXdWqfdmeOkkq2uXmK16/aGV8M",16774778418,"https://media.birdweather.com/soundscapes/19267/19267-20260911-192754.flac",4.5,7.5,"live"
11083143157,19267,"2026-09-11T13:27:57.000-06:00",0.974787712097168,0.965854644775391,9.84085205280173,"almost_certain","BirdNET",NA,10.2198,-83.7874,FALSE,115,"Tropical Kingbird","Tyrannus melancholicus","#00b3a1","avian","https://media.birdweather.com/species/115/TropicalKingbird-standard-712bd41627c48fa23dafd70e7c83c2e4.jpg","https://media.birdweather.com/species/115/TropicalKingbird-thumbnail-d19e465885b300e6a764cb58df2c377e.jpg","https://media.birdweather.com/species/115/TropicalKingbird-png200-7879336d61c20ea19f905a307c05d2d1.png","G/kFDwLXdWqfdmeOkkq2uXmK16/aGV8M",16774778418,"https://media.birdweather.com/soundscapes/19267/19267-20260911-192754.flac",3,6,"live"
11083143153,19267,"2026-09-11T13:27:55.500-06:00",0.980586409568787,0.965854644775391,9.85257466706679,"almost_certain","BirdNET",NA,10.2198,-83.7874,FALSE,115,"Tropical Kingbird","Tyrannus melancholicus","#00b3a1","avian","https://media.birdweather.com/species/115/TropicalKingbird-standard-712bd41627c48fa23dafd70e7c83c2e4.jpg","https://media.birdweather.com/species/115/TropicalKingbird-thumbnail-d19e465885b300e6a764cb58df2c377e.jpg","https://media.birdweather.com/species/115/TropicalKingbird-png200-7879336d61c20ea19f905a307c05d2d1.png","G/kFDwLXdWqfdmeOkkq2uXmK16/aGV8M",16774778418,"https://media.birdweather.com/soundscapes/19267/19267-20260911-192754.flac",1.5,4.5,"live"
11083143150,19267,"2026-09-11T13:27:54.000-06:00",0.994628965854645,0.965854644775391,9.88055424196611,"almost_certain","BirdNET",NA,10.2198,-83.7874,FALSE,115,"Tropical Kingbird","Tyrannus melancholicus","#00b3a1","avian","https://media.birdweather.com/species/115/TropicalKingbird-standard-712bd41627c48fa23dafd70e7c83c2e4.jpg","https://media.birdweather.com/species/115/TropicalKingbird-thumbnail-d19e465885b300e6a764cb58df2c377e.jpg","https://media.birdweather.com/species/115/TropicalKingbird-png200-7879336d61c20ea19f905a307c05d2d1.png","G/kFDwLXdWqfdmeOkkq2uXmK16/aGV8M",16774778418,"https://media.birdweather.com/soundscapes/19267/19267-20260911-192754.flac",0,3,"live"
11083139289,19267,"2026-09-11T13:27:40.500-06:00",0.924649834632874,0.965854644775391,9.73507858244669,"almost_certain","BirdNET",NA,10.2198,-83.7874,FALSE,115,"Tropical Kingbird","Tyrannus melancholicus","#00b3a1","avian","https://media.birdweather.com/species/115/TropicalKingbird-standard-712bd41627c48fa23dafd70e7c83c2e4.jpg","https://media.birdweather.com/species/115/TropicalKingbird-thumbnail-d19e465885b300e6a764cb58df2c377e.jpg","https://media.birdweather.com/species/115/TropicalKingbird-png200-7879336d61c20ea19f905a307c05d2d1.png","G/kFDwLXdWqfdmeOkkq2uXmK16/aGV8M",16774770748,"https://media.birdweather.com/soundscapes/19267/19267-20260911-192739.flac",1.5,4.5,"live"
11083139284,19267,"2026-09-11T13:27:39.000-06:00",0.939391553401947,0.965854644775391,9.76703492598387,"almost_certain","BirdNET",NA,10.2198,-83.7874,FALSE,115,"Tropical Kingbird","Tyrannus melancholicus","#00b3a1","avian","https://media.birdweather.com/species/115/TropicalKingbird-standard-712bd41627c48fa23dafd70e7c83c2e4.jpg","https://media.birdweather.com/species/115/TropicalKingbird-thumbnail-d19e465885b300e6a764cb58df2c377e.jpg","https://media.birdweather.com/species/115/TropicalKingbird-png200-7879336d61c20ea19f905a307c05d2d1.png","G/kFDwLXdWqfdmeOkkq2uXmK16/aGV8M",16774770748,"https://media.birdweather.com/soundscapes/19267/19267-20260911-192739.flac",0,3,"live"
11083135888,19267,"2026-09-11T13:27:30.000-06:00",0.993421375751495,0.965854644775391,9.87817046839664,"almost_certain","BirdNET",NA,10.2198,-83.7874,FALSE,115,"Tropical Kingbird","Tyrannus melancholicus","#00b3a1","avian","https://media.birdweather.com/species/115/TropicalKingbird-standard-712bd41627c48fa23dafd70e7c83c2e4.jpg","https://media.birdweather.com/species/115/TropicalKingbird-thumbnail-d19e465885b300e6a764cb58df2c377e.jpg","https://media.birdweather.com/species/115/TropicalKingbird-png200-7879336d61c20ea19f905a307c05d2d1.png","G/kFDwLXdWqfdmeOkkq2uXmK16/aGV8M",16774764391,"https://media.birdweather.com/soundscapes/19267/19267-20260911-192724.flac",6,9,"live"
11083135887,19267,"2026-09-11T13:27:28.500-06:00",0.996126115322113,0.965854644775391,9.88350385630224,"almost_certain","BirdNET",NA,10.2198,-83.7874,FALSE,115,"Tropical Kingbird","Tyrannus melancholicus","#00b3a1","avian","https://media.birdweather.com/species/115/TropicalKingbird-standard-712bd41627c48fa23dafd70e7c83c2e4.jpg","https://media.birdweather.com/species/115/TropicalKingbird-thumbnail-d19e465885b300e6a764cb58df2c377e.jpg","https://media.birdweather.com/species/115/TropicalKingbird-png200-7879336d61c20ea19f905a307c05d2d1.png","G/kFDwLXdWqfdmeOkkq2uXmK16/aGV8M",16774764391,"https://media.birdweather.com/soundscapes/19267/19267-20260911-192724.flac",4.5,7.5,"live"
11083135884,19267,"2026-09-11T13:27:27.000-06:00",0.990694284439087,0.965854644775391,9.87277190230857,"almost_certain","BirdNET",NA,10.2198,-83.7874,FALSE,115,"Tropical Kingbird","Tyrannus melancholicus","#00b3a1","avian","https://media.birdweather.com/species/115/TropicalKingbird-standard-712bd41627c48fa23dafd70e7c83c2e4.jpg","https://media.birdweather.com/species/115/TropicalKingbird-thumbnail-d19e465885b300e6a764cb58df2c377e.jpg","https://media.birdweather.com/species/115/TropicalKingbird-png200-7879336d61c20ea19f905a307c05d2d1.png","G/kFDwLXdWqfdmeOkkq2uXmK16/aGV8M",16774764391,"https://media.birdweather.com/soundscapes/19267/19267-20260911-192724.flac",3,6,"live"
11083135881,19267,"2026-09-11T13:27:25.500-06:00",0.987242817878723,0.965854644775391,9.86590871665407,"almost_certain","BirdNET",NA,10.2198,-83.7874,FALSE,115,"Tropical Kingbird","Tyrannus melancholicus","#00b3a1","avian","https://media.birdweather.com/species/115/TropicalKingbird-standard-712bd41627c48fa23dafd70e7c83c2e4.jpg","https://media.birdweather.com/species/115/TropicalKingbird-thumbnail-d19e465885b300e6a764cb58df2c377e.jpg","https://media.birdweather.com/species/115/TropicalKingbird-png200-7879336d61c20ea19f905a307c05d2d1.png","G/kFDwLXdWqfdmeOkkq2uXmK16/aGV8M",16774764391,"https://media.birdweather.com/soundscapes/19267/19267-20260911-192724.flac",1.5,4.5,"live"
11083135877,19267,"2026-09-11T13:27:24.000-06:00",0.988482117652893,0.965854644775391,9.86837700243712,"almost_certain","BirdNET",NA,10.2198,-83.7874,FALSE,115,"Tropical Kingbird","Tyrannus melancholicus","#00b3a1","avian","https://media.birdweather.com/species/115/TropicalKingbird-standard-712bd41627c48fa23dafd70e7c83c2e4.jpg","https://media.birdweather.com/species/115/TropicalKingbird-thumbnail-d19e465885b300e6a764cb58df2c377e.jpg","https://media.birdweather.com/species/115/TropicalKingbird-png200-7879336d61c20ea19f905a307c05d2d1.png","G/kFDwLXdWqfdmeOkkq2uXmK16/aGV8M",16774764391,"https://media.birdweather.com/soundscapes/19267/19267-20260911-192724.flac",0,3,"live"
11083131972,19267,"2026-09-11T13:27:15.000-06:00",0.987006545066833,0.965854465961456,9.86543738116348,"almost_certain","BirdNET",NA,10.2198,-83.7874,FALSE,115,"Tropical Kingbird","Tyrannus melancholicus","#00b3a1","avian","https://media.birdweather.com/species/115/TropicalKingbird-standard-712bd41627c48fa23dafd70e7c83c2e4.jpg","https://media.birdweather.com/species/115/TropicalKingbird-thumbnail-d19e465885b300e6a764cb58df2c377e.jpg","https://media.birdweather.com/species/115/TropicalKingbird-png200-7879336d61c20ea19f905a307c05d2d1.png","G/kFDwLXdWqfdmeOkkq2uXmK16/aGV8M",16774757017,"https://media.birdweather.com/soundscapes/19267/19267-20260911-192712.flac",3,6,"live"
11083131966,19267,"2026-09-11T13:27:13.500-06:00",0.943729221820831,0.965854465961456,9.77629744815867,"almost_certain","BirdNET",NA,10.2198,-83.7874,FALSE,115,"Tropical Kingbird","Tyrannus melancholicus","#00b3a1","avian","https://media.birdweather.com/species/115/TropicalKingbird-standard-712bd41627c48fa23dafd70e7c83c2e4.jpg","https://media.birdweather.com/species/115/TropicalKingbird-thumbnail-d19e465885b300e6a764cb58df2c377e.jpg","https://media.birdweather.com/species/115/TropicalKingbird-png200-7879336d61c20ea19f905a307c05d2d1.png","G/kFDwLXdWqfdmeOkkq2uXmK16/aGV8M",16774757017,"https://media.birdweather.com/soundscapes/19267/19267-20260911-192712.flac",1.5,4.5,"live"
11083128400,19267,"2026-09-11T13:27:04.000-06:00",0.933511912822723,0.965854465961456,9.75437831082299,"almost_certain","BirdNET",NA,10.2198,-83.7874,FALSE,115,"Tropical Kingbird","Tyrannus melancholicus","#00b3a1","avian","https://media.birdweather.com/species/115/TropicalKingbird-standard-712bd41627c48fa23dafd70e7c83c2e4.jpg","https://media.birdweather.com/species/115/TropicalKingbird-thumbnail-d19e465885b300e6a764cb58df2c377e.jpg","https://media.birdweather.com/species/115/TropicalKingbird-png200-7879336d61c20ea19f905a307c05d2d1.png","G/kFDwLXdWqfdmeOkkq2uXmK16/aGV8M",16774750247,"https://media.birdweather.com/soundscapes/19267/19267-20260911-192658.flac",6,9,"live"
11083128390,19267,"2026-09-11T13:26:58.000-06:00",0.944435358047485,0.965854465961456,9.77779944059431,"almost_certain","BirdNET",NA,10.2198,-83.7874,FALSE,115,"Tropical Kingbird","Tyrannus melancholicus","#00b3a1","avian","https://media.birdweather.com/species/115/TropicalKingbird-standard-712bd41627c48fa23dafd70e7c83c2e4.jpg","https://media.birdweather.com/species/115/TropicalKingbird-thumbnail-d19e465885b300e6a764cb58df2c377e.jpg","https://media.birdweather.com/species/115/TropicalKingbird-png200-7879336d61c20ea19f905a307c05d2d1.png","G/kFDwLXdWqfdmeOkkq2uXmK16/aGV8M",16774750247,"https://media.birdweather.com/soundscapes/19267/19267-20260911-192658.flac",0,3,"live"
11083125207,19267,"2026-09-11T13:26:45.000-06:00",0.842616319656372,0.965855002403259,9.54219849483049,"almost_certain","BirdNET",NA,10.2198,-83.7874,FALSE,115,"Tropical Kingbird","Tyrannus melancholicus","#00b3a1","avian","https://media.birdweather.com/species/115/TropicalKingbird-standard-712bd41627c48fa23dafd70e7c83c2e4.jpg","https://media.birdweather.com/species/115/TropicalKingbird-thumbnail-d19e465885b300e6a764cb58df2c377e.jpg","https://media.birdweather.com/species/115/TropicalKingbird-png200-7879336d61c20ea19f905a307c05d2d1.png","G/kFDwLXdWqfdmeOkkq2uXmK16/aGV8M",16774744046,"https://media.birdweather.com/soundscapes/19267/19267-20260911-192645.flac",0,3,"live"
11083121807,19267,"2026-09-11T13:26:38.000-06:00",0.943383753299713,0.143745973706245,7.24378592781921,"almost_certain","BirdNET",NA,10.2198,-83.7874,FALSE,597,"Common Pauraque","Nyctidromus albicollis","#076101","avian","https://media.birdweather.com/species/597/CommonPauraque-standard-1f631aa6b634a4efa22904c59e55a5ff.jpg","https://media.birdweather.com/species/597/CommonPauraque-thumbnail-9699b58845a36e47070f5544282c6c24.jpg","https://media.birdweather.com/species/597/CommonPauraque-png200-82e98e61a2cf8d726c173c71516bac0a.png","kigGBwKMdndgmIh1lpiHiIaHaCv5h3AK",16774737598,"https://media.birdweather.com/soundscapes/19267/19267-20260911-192632.flac",6,9,"live"
11083121805,19267,"2026-09-11T13:26:36.500-06:00",0.736230075359344,0.965855002403259,9.24321972788927,"almost_certain","BirdNET",NA,10.2198,-83.7874,FALSE,115,"Tropical Kingbird","Tyrannus melancholicus","#00b3a1","avian","https://media.birdweather.com/species/115/TropicalKingbird-standard-712bd41627c48fa23dafd70e7c83c2e4.jpg","https://media.birdweather.com/species/115/TropicalKingbird-thumbnail-d19e465885b300e6a764cb58df2c377e.jpg","https://media.birdweather.com/species/115/TropicalKingbird-png200-7879336d61c20ea19f905a307c05d2d1.png","G/kFDwLXdWqfdmeOkkq2uXmK16/aGV8M",16774737598,"https://media.birdweather.com/soundscapes/19267/19267-20260911-192632.flac",4.5,7.5,"live"
11083121803,19267,"2026-09-11T13:26:35.000-06:00",0.91167676448822,0.965855002403259,9.70632655509137,"almost_certain","BirdNET",NA,10.2198,-83.7874,FALSE,115,"Tropical Kingbird","Tyrannus melancholicus","#00b3a1","avian","https://media.birdweather.com/species/115/TropicalKingbird-standard-712bd41627c48fa23dafd70e7c83c2e4.jpg","https://media.birdweather.com/species/115/TropicalKingbird-thumbnail-d19e465885b300e6a764cb58df2c377e.jpg","https://media.birdweather.com/species/115/TropicalKingbird-png200-7879336d61c20ea19f905a307c05d2d1.png","G/kFDwLXdWqfdmeOkkq2uXmK16/aGV8M",16774737598,"https://media.birdweather.com/soundscapes/19267/19267-20260911-192632.flac",3,6,"live"
11083118172,19267,"2026-09-11T13:26:23.000-06:00",0.99160623550415,0.965855598449707,9.87458091341158,"almost_certain","BirdNET",NA,10.2198,-83.7874,FALSE,115,"Tropical Kingbird","Tyrannus melancholicus","#00b3a1","avian","https://media.birdweather.com/species/115/TropicalKingbird-standard-712bd41627c48fa23dafd70e7c83c2e4.jpg","https://media.birdweather.com/species/115/TropicalKingbird-thumbnail-d19e465885b300e6a764cb58df2c377e.jpg","https://media.birdweather.com/species/115/TropicalKingbird-png200-7879336d61c20ea19f905a307c05d2d1.png","G/kFDwLXdWqfdmeOkkq2uXmK16/aGV8M",16774730514,"https://media.birdweather.com/soundscapes/19267/19267-20260911-192617.flac",6,9,"live"
11083118171,19267,"2026-09-11T13:26:21.500-06:00",0.924927294254303,0.965855598449707,9.73568831862622,"almost_certain","BirdNET",NA,10.2198,-83.7874,FALSE,115,"Tropical Kingbird","Tyrannus melancholicus","#00b3a1","avian","https://media.birdweather.com/species/115/TropicalKingbird-standard-712bd41627c48fa23dafd70e7c83c2e4.jpg","https://media.birdweather.com/species/115/TropicalKingbird-thumbnail-d19e465885b300e6a764cb58df2c377e.jpg","https://media.birdweather.com/species/115/TropicalKingbird-png200-7879336d61c20ea19f905a307c05d2d1.png","G/kFDwLXdWqfdmeOkkq2uXmK16/aGV8M",16774730514,"https://media.birdweather.com/soundscapes/19267/19267-20260911-192617.flac",4.5,7.5,"live"
11083118170,19267,"2026-09-11T13:26:20.000-06:00",0.889481484889984,0.965855598449707,9.65569127526722,"almost_certain","BirdNET",NA,10.2198,-83.7874,FALSE,115,"Tropical Kingbird","Tyrannus melancholicus","#00b3a1","avian","https://media.birdweather.com/species/115/TropicalKingbird-standard-712bd41627c48fa23dafd70e7c83c2e4.jpg","https://media.birdweather.com/species/115/TropicalKingbird-thumbnail-d19e465885b300e6a764cb58df2c377e.jpg","https://media.birdweather.com/species/115/TropicalKingbird-png200-7879336d61c20ea19f905a307c05d2d1.png","G/kFDwLXdWqfdmeOkkq2uXmK16/aGV8M",16774730514,"https://media.birdweather.com/soundscapes/19267/19267-20260911-192617.flac",3,6,"live"
11083118168,19267,"2026-09-11T13:26:18.500-06:00",0.816474318504333,0.965855598449707,9.47455296302632,"almost_certain","BirdNET",NA,10.2198,-83.7874,FALSE,115,"Tropical Kingbird","Tyrannus melancholicus","#00b3a1","avian","https://media.birdweather.com/species/115/TropicalKingbird-standard-712bd41627c48fa23dafd70e7c83c2e4.jpg","https://media.birdweather.com/species/115/TropicalKingbird-thumbnail-d19e465885b300e6a764cb58df2c377e.jpg","https://media.birdweather.com/species/115/TropicalKingbird-png200-7879336d61c20ea19f905a307c05d2d1.png","G/kFDwLXdWqfdmeOkkq2uXmK16/aGV8M",16774730514,"https://media.birdweather.com/soundscapes/19267/19267-20260911-192617.flac",1.5,4.5,"live"
11083118167,19267,"2026-09-11T13:26:17.000-06:00",0.977517545223236,0.965855598449707,9.84638450446738,"almost_certain","BirdNET",NA,10.2198,-83.7874,FALSE,115,"Tropical Kingbird","Tyrannus melancholicus","#00b3a1","avian","https://media.birdweather.com/species/115/TropicalKingbird-standard-712bd41627c48fa23dafd70e7c83c2e4.jpg","https://media.birdweather.com/species/115/TropicalKingbird-thumbnail-d19e465885b300e6a764cb58df2c377e.jpg","https://media.birdweather.com/species/115/TropicalKingbird-png200-7879336d61c20ea19f905a307c05d2d1.png","G/kFDwLXdWqfdmeOkkq2uXmK16/aGV8M",16774730514,"https://media.birdweather.com/soundscapes/19267/19267-20260911-192617.flac",0,3,"live"
11083111136,19267,"2026-09-11T13:25:53.500-06:00",0.897998034954071,0.965855836868286,9.67534310451118,"almost_certain","BirdNET",NA,10.2198,-83.7874,FALSE,115,"Tropical Kingbird","Tyrannus melancholicus","#00b3a1","avian","https://media.birdweather.com/species/115/TropicalKingbird-standard-712bd41627c48fa23dafd70e7c83c2e4.jpg","https://media.birdweather.com/species/115/TropicalKingbird-thumbnail-d19e465885b300e6a764cb58df2c377e.jpg","https://media.birdweather.com/species/115/TropicalKingbird-png200-7879336d61c20ea19f905a307c05d2d1.png","G/kFDwLXdWqfdmeOkkq2uXmK16/aGV8M",16774717606,"https://media.birdweather.com/soundscapes/19267/19267-20260911-192552.flac",1.5,4.5,"live"
11083107451,19267,"2026-09-11T13:25:38.500-06:00",0.918937563896179,0.965854942798615,9.72249304836397,"almost_certain","BirdNET",NA,10.2198,-83.7874,FALSE,115,"Tropical Kingbird","Tyrannus melancholicus","#00b3a1","avian","https://media.birdweather.com/species/115/TropicalKingbird-standard-712bd41627c48fa23dafd70e7c83c2e4.jpg","https://media.birdweather.com/species/115/TropicalKingbird-thumbnail-d19e465885b300e6a764cb58df2c377e.jpg","https://media.birdweather.com/species/115/TropicalKingbird-png200-7879336d61c20ea19f905a307c05d2d1.png","G/kFDwLXdWqfdmeOkkq2uXmK16/aGV8M",16774710794,"https://media.birdweather.com/soundscapes/19267/19267-20260911-192537.flac",1.5,4.5,"live"
11083107446,19267,"2026-09-11T13:25:37.000-06:00",0.945267081260681,0.965854942798615,9.77956712375653,"almost_certain","BirdNET",NA,10.2198,-83.7874,FALSE,115,"Tropical Kingbird","Tyrannus melancholicus","#00b3a1","avian","https://media.birdweather.com/species/115/TropicalKingbird-standard-712bd41627c48fa23dafd70e7c83c2e4.jpg","https://media.birdweather.com/species/115/TropicalKingbird-thumbnail-d19e465885b300e6a764cb58df2c377e.jpg","https://media.birdweather.com/species/115/TropicalKingbird-png200-7879336d61c20ea19f905a307c05d2d1.png","G/kFDwLXdWqfdmeOkkq2uXmK16/aGV8M",16774710794,"https://media.birdweather.com/soundscapes/19267/19267-20260911-192537.flac",0,3,"live"
11083104092,19267,"2026-09-11T13:25:30.000-06:00",0.988851964473724,0.96585488319397,9.86911309206221,"almost_certain","BirdNET",NA,10.2198,-83.7874,FALSE,115,"Tropical Kingbird","Tyrannus melancholicus","#00b3a1","avian","https://media.birdweather.com/species/115/TropicalKingbird-standard-712bd41627c48fa23dafd70e7c83c2e4.jpg","https://media.birdweather.com/species/115/TropicalKingbird-thumbnail-d19e465885b300e6a764cb58df2c377e.jpg","https://media.birdweather.com/species/115/TropicalKingbird-png200-7879336d61c20ea19f905a307c05d2d1.png","G/kFDwLXdWqfdmeOkkq2uXmK16/aGV8M",16774704362,"https://media.birdweather.com/soundscapes/19267/19267-20260911-192524.flac",6,9,"live"
11083104090,19267,"2026-09-11T13:25:27.000-06:00",0.997644364833832,0.96585488319397,9.88648890433057,"almost_certain","BirdNET",NA,10.2198,-83.7874,FALSE,115,"Tropical Kingbird","Tyrannus melancholicus","#00b3a1","avian","https://media.birdweather.com/species/115/TropicalKingbird-standard-712bd41627c48fa23dafd70e7c83c2e4.jpg","https://media.birdweather.com/species/115/TropicalKingbird-thumbnail-d19e465885b300e6a764cb58df2c377e.jpg","https://media.birdweather.com/species/115/TropicalKingbird-png200-7879336d61c20ea19f905a307c05d2d1.png","G/kFDwLXdWqfdmeOkkq2uXmK16/aGV8M",16774704362,"https://media.birdweather.com/soundscapes/19267/19267-20260911-192524.flac",3,6,"live"
11083104086,19267,"2026-09-11T13:25:25.500-06:00",0.985286474227905,0.96585488319397,9.86200357170909,"almost_certain","BirdNET",NA,10.2198,-83.7874,FALSE,115,"Tropical Kingbird","Tyrannus melancholicus","#00b3a1","avian","https://media.birdweather.com/species/115/TropicalKingbird-standard-712bd41627c48fa23dafd70e7c83c2e4.jpg","https://media.birdweather.com/species/115/TropicalKingbird-thumbnail-d19e465885b300e6a764cb58df2c377e.jpg","https://media.birdweather.com/species/115/TropicalKingbird-png200-7879336d61c20ea19f905a307c05d2d1.png","G/kFDwLXdWqfdmeOkkq2uXmK16/aGV8M",16774704362,"https://media.birdweather.com/soundscapes/19267/19267-20260911-192524.flac",1.5,4.5,"live"
11083104080,19267,"2026-09-11T13:25:24.000-06:00",0.99338561296463,0.96585488319397,9.87810014437073,"almost_certain","BirdNET",NA,10.2198,-83.7874,FALSE,115,"Tropical Kingbird","Tyrannus melancholicus","#00b3a1","avian","https://media.birdweather.com/species/115/TropicalKingbird-standard-712bd41627c48fa23dafd70e7c83c2e4.jpg","https://media.birdweather.com/species/115/TropicalKingbird-thumbnail-d19e465885b300e6a764cb58df2c377e.jpg","https://media.birdweather.com/species/115/TropicalKingbird-png200-7879336d61c20ea19f905a307c05d2d1.png","G/kFDwLXdWqfdmeOkkq2uXmK16/aGV8M",16774704362,"https://media.birdweather.com/soundscapes/19267/19267-20260911-192524.flac",0,3,"live"
11083100820,19267,"2026-09-11T13:25:17.000-06:00",0.93178778886795,0.965854465961456,9.75064472695067,"almost_certain","BirdNET",NA,10.2198,-83.7874,FALSE,115,"Tropical Kingbird","Tyrannus melancholicus","#00b3a1","avian","https://media.birdweather.com/species/115/TropicalKingbird-standard-712bd41627c48fa23dafd70e7c83c2e4.jpg","https://media.birdweather.com/species/115/TropicalKingbird-thumbnail-d19e465885b300e6a764cb58df2c377e.jpg","https://media.birdweather.com/species/115/TropicalKingbird-png200-7879336d61c20ea19f905a307c05d2d1.png","G/kFDwLXdWqfdmeOkkq2uXmK16/aGV8M",16774697911,"https://media.birdweather.com/soundscapes/19267/19267-20260911-192511.flac",6,9,"live"
11083100819,19267,"2026-09-11T13:25:15.500-06:00",0.981536328792572,0.965854465961456,9.85448524170102,"almost_certain","BirdNET",NA,10.2198,-83.7874,FALSE,115,"Tropical Kingbird","Tyrannus melancholicus","#00b3a1","avian","https://media.birdweather.com/species/115/TropicalKingbird-standard-712bd41627c48fa23dafd70e7c83c2e4.jpg","https://media.birdweather.com/species/115/TropicalKingbird-thumbnail-d19e465885b300e6a764cb58df2c377e.jpg","https://media.birdweather.com/species/115/TropicalKingbird-png200-7879336d61c20ea19f905a307c05d2d1.png","G/kFDwLXdWqfdmeOkkq2uXmK16/aGV8M",16774697911,"https://media.birdweather.com/soundscapes/19267/19267-20260911-192511.flac",4.5,7.5,"live"
11083100818,19267,"2026-09-11T13:25:14.000-06:00",0.973654270172119,0.965854465961456,9.83854867590082,"almost_certain","BirdNET",NA,10.2198,-83.7874,FALSE,115,"Tropical Kingbird","Tyrannus melancholicus","#00b3a1","avian","https://media.birdweather.com/species/115/TropicalKingbird-standard-712bd41627c48fa23dafd70e7c83c2e4.jpg","https://media.birdweather.com/species/115/TropicalKingbird-thumbnail-d19e465885b300e6a764cb58df2c377e.jpg","https://media.birdweather.com/species/115/TropicalKingbird-png200-7879336d61c20ea19f905a307c05d2d1.png","G/kFDwLXdWqfdmeOkkq2uXmK16/aGV8M",16774697911,"https://media.birdweather.com/soundscapes/19267/19267-20260911-192511.flac",3,6,"live"
11083100816,19267,"2026-09-11T13:25:12.500-06:00",0.901236534118652,0.965854465961456,9.68274049068476,"almost_certain","BirdNET",NA,10.2198,-83.7874,FALSE,115,"Tropical Kingbird","Tyrannus melancholicus","#00b3a1","avian","https://media.birdweather.com/species/115/TropicalKingbird-standard-712bd41627c48fa23dafd70e7c83c2e4.jpg","https://media.birdweather.com/species/115/TropicalKingbird-thumbnail-d19e465885b300e6a764cb58df2c377e.jpg","https://media.birdweather.com/species/115/TropicalKingbird-png200-7879336d61c20ea19f905a307c05d2d1.png","G/kFDwLXdWqfdmeOkkq2uXmK16/aGV8M",16774697911,"https://media.birdweather.com/soundscapes/19267/19267-20260911-192511.flac",1.5,4.5,"live"
11083100814,19267,"2026-09-11T13:25:11.000-06:00",0.807997643947601,0.965854465961456,9.45187957810242,"almost_certain","BirdNET",NA,10.2198,-83.7874,FALSE,115,"Tropical Kingbird","Tyrannus melancholicus","#00b3a1","avian","https://media.birdweather.com/species/115/TropicalKingbird-standard-712bd41627c48fa23dafd70e7c83c2e4.jpg","https://media.birdweather.com/species/115/TropicalKingbird-thumbnail-d19e465885b300e6a764cb58df2c377e.jpg","https://media.birdweather.com/species/115/TropicalKingbird-png200-7879336d61c20ea19f905a307c05d2d1.png","G/kFDwLXdWqfdmeOkkq2uXmK16/aGV8M",16774697911,"https://media.birdweather.com/soundscapes/19267/19267-20260911-192511.flac",0,3,"live"
11083097126,19267,"2026-09-11T13:25:01.500-06:00",0.895056545734406,0.965854704380035,9.66858600072341,"almost_certain","BirdNET",NA,10.2198,-83.7874,FALSE,115,"Tropical Kingbird","Tyrannus melancholicus","#00b3a1","avian","https://media.birdweather.com/species/115/TropicalKingbird-standard-712bd41627c48fa23dafd70e7c83c2e4.jpg","https://media.birdweather.com/species/115/TropicalKingbird-thumbnail-d19e465885b300e6a764cb58df2c377e.jpg","https://media.birdweather.com/species/115/TropicalKingbird-png200-7879336d61c20ea19f905a307c05d2d1.png","G/kFDwLXdWqfdmeOkkq2uXmK16/aGV8M",16774690679,"https://media.birdweather.com/soundscapes/19267/19267-20260911-192457.flac",4.5,7.5,"live"
11083097121,19267,"2026-09-11T13:24:58.500-06:00",0.995022416114807,0.965854704380035,9.88133009844351,"almost_certain","BirdNET",NA,10.2198,-83.7874,FALSE,115,"Tropical Kingbird","Tyrannus melancholicus","#00b3a1","avian","https://media.birdweather.com/species/115/TropicalKingbird-standard-712bd41627c48fa23dafd70e7c83c2e4.jpg","https://media.birdweather.com/species/115/TropicalKingbird-thumbnail-d19e465885b300e6a764cb58df2c377e.jpg","https://media.birdweather.com/species/115/TropicalKingbird-png200-7879336d61c20ea19f905a307c05d2d1.png","G/kFDwLXdWqfdmeOkkq2uXmK16/aGV8M",16774690679,"https://media.birdweather.com/soundscapes/19267/19267-20260911-192457.flac",1.5,4.5,"live"
11083093864,19267,"2026-09-11T13:24:50.000-06:00",0.98357880115509,0.965854704380035,9.85858514159329,"almost_certain","BirdNET",NA,10.2198,-83.7874,FALSE,115,"Tropical Kingbird","Tyrannus melancholicus","#00b3a1","avian","https://media.birdweather.com/species/115/TropicalKingbird-standard-712bd41627c48fa23dafd70e7c83c2e4.jpg","https://media.birdweather.com/species/115/TropicalKingbird-thumbnail-d19e465885b300e6a764cb58df2c377e.jpg","https://media.birdweather.com/species/115/TropicalKingbird-png200-7879336d61c20ea19f905a307c05d2d1.png","G/kFDwLXdWqfdmeOkkq2uXmK16/aGV8M",16774684581,"https://media.birdweather.com/soundscapes/19267/19267-20260911-192444.flac",6,9,"live"
11083093861,19267,"2026-09-11T13:24:48.500-06:00",0.986627399921417,0.965854704380035,9.8646814316237,"almost_certain","BirdNET",NA,10.2198,-83.7874,FALSE,115,"Tropical Kingbird","Tyrannus melancholicus","#00b3a1","avian","https://media.birdweather.com/species/115/TropicalKingbird-standard-712bd41627c48fa23dafd70e7c83c2e4.jpg","https://media.birdweather.com/species/115/TropicalKingbird-thumbnail-d19e465885b300e6a764cb58df2c377e.jpg","https://media.birdweather.com/species/115/TropicalKingbird-png200-7879336d61c20ea19f905a307c05d2d1.png","G/kFDwLXdWqfdmeOkkq2uXmK16/aGV8M",16774684581,"https://media.birdweather.com/soundscapes/19267/19267-20260911-192444.flac",4.5,7.5,"live"
11083093859,19267,"2026-09-11T13:24:47.000-06:00",0.972642540931702,0.965854704380035,9.83648992630593,"almost_certain","BirdNET",NA,10.2198,-83.7874,FALSE,115,"Tropical Kingbird","Tyrannus melancholicus","#00b3a1","avian","https://media.birdweather.com/species/115/TropicalKingbird-standard-712bd41627c48fa23dafd70e7c83c2e4.jpg","https://media.birdweather.com/species/115/TropicalKingbird-thumbnail-d19e465885b300e6a764cb58df2c377e.jpg","https://media.birdweather.com/species/115/TropicalKingbird-png200-7879336d61c20ea19f905a307c05d2d1.png","G/kFDwLXdWqfdmeOkkq2uXmK16/aGV8M",16774684581,"https://media.birdweather.com/soundscapes/19267/19267-20260911-192444.flac",3,6,"live"
11083093856,19267,"2026-09-11T13:24:45.500-06:00",0.995437800884247,0.965854704380035,9.88214864347501,"almost_certain","BirdNET",NA,10.2198,-83.7874,FALSE,115,"Tropical Kingbird","Tyrannus melancholicus","#00b3a1","avian","https://media.birdweather.com/species/115/TropicalKingbird-standard-712bd41627c48fa23dafd70e7c83c2e4.jpg","https://media.birdweather.com/species/115/TropicalKingbird-thumbnail-d19e465885b300e6a764cb58df2c377e.jpg","https://media.birdweather.com/species/115/TropicalKingbird-png200-7879336d61c20ea19f905a307c05d2d1.png","G/kFDwLXdWqfdmeOkkq2uXmK16/aGV8M",16774684581,"https://media.birdweather.com/soundscapes/19267/19267-20260911-192444.flac",1.5,4.5,"live"
11083093854,19267,"2026-09-11T13:24:44.000-06:00",0.893698036670685,0.965854704380035,9.66545472660668,"almost_certain","BirdNET",NA,10.2198,-83.7874,FALSE,115,"Tropical Kingbird","Tyrannus melancholicus","#00b3a1","avian","https://media.birdweather.com/species/115/TropicalKingbird-standard-712bd41627c48fa23dafd70e7c83c2e4.jpg","https://media.birdweather.com/species/115/TropicalKingbird-thumbnail-d19e465885b300e6a764cb58df2c377e.jpg","https://media.birdweather.com/species/115/TropicalKingbird-png200-7879336d61c20ea19f905a307c05d2d1.png","G/kFDwLXdWqfdmeOkkq2uXmK16/aGV8M",16774684581,"https://media.birdweather.com/soundscapes/19267/19267-20260911-192444.flac",0,3,"live"
11083090718,19267,"2026-09-11T13:24:38.000-06:00",0.994522452354431,0.965854585170746,9.88034406816513,"almost_certain","BirdNET",NA,10.2198,-83.7874,FALSE,115,"Tropical Kingbird","Tyrannus melancholicus","#00b3a1","avian","https://media.birdweather.com/species/115/TropicalKingbird-standard-712bd41627c48fa23dafd70e7c83c2e4.jpg","https://media.birdweather.com/species/115/TropicalKingbird-thumbnail-d19e465885b300e6a764cb58df2c377e.jpg","https://media.birdweather.com/species/115/TropicalKingbird-png200-7879336d61c20ea19f905a307c05d2d1.png","G/kFDwLXdWqfdmeOkkq2uXmK16/aGV8M",16774678421,"https://media.birdweather.com/soundscapes/19267/19267-20260911-192432.flac",6,9,"live"
11083090717,19267,"2026-09-11T13:24:36.500-06:00",0.990572273731232,0.965854585170746,9.87252978761958,"almost_certain","BirdNET",NA,10.2198,-83.7874,FALSE,115,"Tropical Kingbird","Tyrannus melancholicus","#00b3a1","avian","https://media.birdweather.com/species/115/TropicalKingbird-standard-712bd41627c48fa23dafd70e7c83c2e4.jpg","https://media.birdweather.com/species/115/TropicalKingbird-thumbnail-d19e465885b300e6a764cb58df2c377e.jpg","https://media.birdweather.com/species/115/TropicalKingbird-png200-7879336d61c20ea19f905a307c05d2d1.png","G/kFDwLXdWqfdmeOkkq2uXmK16/aGV8M",16774678421,"https://media.birdweather.com/soundscapes/19267/19267-20260911-192432.flac",4.5,7.5,"live"
11083087066,19267,"2026-09-11T13:24:19.500-06:00",0.935905933380127,0.965855360031128,9.75954699304541,"almost_certain","BirdNET",NA,10.2198,-83.7874,FALSE,115,"Tropical Kingbird","Tyrannus melancholicus","#00b3a1","avian","https://media.birdweather.com/species/115/TropicalKingbird-standard-712bd41627c48fa23dafd70e7c83c2e4.jpg","https://media.birdweather.com/species/115/TropicalKingbird-thumbnail-d19e465885b300e6a764cb58df2c377e.jpg","https://media.birdweather.com/species/115/TropicalKingbird-png200-7879336d61c20ea19f905a307c05d2d1.png","G/kFDwLXdWqfdmeOkkq2uXmK16/aGV8M",16774671586,"https://media.birdweather.com/soundscapes/19267/19267-20260911-192415.flac",4.5,7.5,"live"
11083087063,19267,"2026-09-11T13:24:18.000-06:00",0.992181301116943,0.965855360031128,9.87571925051439,"almost_certain","BirdNET",NA,10.2198,-83.7874,FALSE,115,"Tropical Kingbird","Tyrannus melancholicus","#00b3a1","avian","https://media.birdweather.com/species/115/TropicalKingbird-standard-712bd41627c48fa23dafd70e7c83c2e4.jpg","https://media.birdweather.com/species/115/TropicalKingbird-thumbnail-d19e465885b300e6a764cb58df2c377e.jpg","https://media.birdweather.com/species/115/TropicalKingbird-png200-7879336d61c20ea19f905a307c05d2d1.png","G/kFDwLXdWqfdmeOkkq2uXmK16/aGV8M",16774671586,"https://media.birdweather.com/soundscapes/19267/19267-20260911-192415.flac",3,6,"live"
11083087062,19267,"2026-09-11T13:24:16.500-06:00",0.992492377758026,0.965855360031128,9.87633481071742,"almost_certain","BirdNET",NA,10.2198,-83.7874,FALSE,115,"Tropical Kingbird","Tyrannus melancholicus","#00b3a1","avian","https://media.birdweather.com/species/115/TropicalKingbird-standard-712bd41627c48fa23dafd70e7c83c2e4.jpg","https://media.birdweather.com/species/115/TropicalKingbird-thumbnail-d19e465885b300e6a764cb58df2c377e.jpg","https://media.birdweather.com/species/115/TropicalKingbird-png200-7879336d61c20ea19f905a307c05d2d1.png","G/kFDwLXdWqfdmeOkkq2uXmK16/aGV8M",16774671586,"https://media.birdweather.com/soundscapes/19267/19267-20260911-192415.flac",1.5,4.5,"live"
11083087057,19267,"2026-09-11T13:24:15.000-06:00",0.982492208480835,0.965855360031128,9.85640662590005,"almost_certain","BirdNET",NA,10.2198,-83.7874,FALSE,115,"Tropical Kingbird","Tyrannus melancholicus","#00b3a1","avian","https://media.birdweather.com/species/115/TropicalKingbird-standard-712bd41627c48fa23dafd70e7c83c2e4.jpg","https://media.birdweather.com/species/115/TropicalKingbird-thumbnail-d19e465885b300e6a764cb58df2c377e.jpg","https://media.birdweather.com/species/115/TropicalKingbird-png200-7879336d61c20ea19f905a307c05d2d1.png","G/kFDwLXdWqfdmeOkkq2uXmK16/aGV8M",16774671586,"https://media.birdweather.com/soundscapes/19267/19267-20260911-192415.flac",0,3,"live"
11083082958,19267,"2026-09-11T13:24:08.000-06:00",0.823468387126923,0.965855360031128,9.49298060214581,"almost_certain","BirdNET",NA,10.2198,-83.7874,FALSE,115,"Tropical Kingbird","Tyrannus melancholicus","#00b3a1","avian","https://media.birdweather.com/species/115/TropicalKingbird-standard-712bd41627c48fa23dafd70e7c83c2e4.jpg","https://media.birdweather.com/species/115/TropicalKingbird-thumbnail-d19e465885b300e6a764cb58df2c377e.jpg","https://media.birdweather.com/species/115/TropicalKingbird-png200-7879336d61c20ea19f905a307c05d2d1.png","G/kFDwLXdWqfdmeOkkq2uXmK16/aGV8M",16774663913,"https://media.birdweather.com/soundscapes/19267/19267-20260911-192402.flac",6,9,"live"
11083082956,19267,"2026-09-11T13:24:06.500-06:00",0.959867775440216,0.965855360031128,9.81022168438679,"almost_certain","BirdNET",NA,10.2198,-83.7874,FALSE,115,"Tropical Kingbird","Tyrannus melancholicus","#00b3a1","avian","https://media.birdweather.com/species/115/TropicalKingbird-standard-712bd41627c48fa23dafd70e7c83c2e4.jpg","https://media.birdweather.com/species/115/TropicalKingbird-thumbnail-d19e465885b300e6a764cb58df2c377e.jpg","https://media.birdweather.com/species/115/TropicalKingbird-png200-7879336d61c20ea19f905a307c05d2d1.png","G/kFDwLXdWqfdmeOkkq2uXmK16/aGV8M",16774663913,"https://media.birdweather.com/soundscapes/19267/19267-20260911-192402.flac",4.5,7.5,"live"
11083082955,19267,"2026-09-11T13:24:05.000-06:00",0.916803181171417,0.965855360031128,9.71776107633193,"almost_certain","BirdNET",NA,10.2198,-83.7874,FALSE,115,"Tropical Kingbird","Tyrannus melancholicus","#00b3a1","avian","https://media.birdweather.com/species/115/TropicalKingbird-standard-712bd41627c48fa23dafd70e7c83c2e4.jpg","https://media.birdweather.com/species/115/TropicalKingbird-thumbnail-d19e465885b300e6a764cb58df2c377e.jpg","https://media.birdweather.com/species/115/TropicalKingbird-png200-7879336d61c20ea19f905a307c05d2d1.png","G/kFDwLXdWqfdmeOkkq2uXmK16/aGV8M",16774663913,"https://media.birdweather.com/soundscapes/19267/19267-20260911-192402.flac",3,6,"live"
11083082954,19267,"2026-09-11T13:24:03.500-06:00",0.992354273796082,0.965855360031128,9.87606156396006,"almost_certain","BirdNET",NA,10.2198,-83.7874,FALSE,115,"Tropical Kingbird","Tyrannus melancholicus","#00b3a1","avian","https://media.birdweather.com/species/115/TropicalKingbird-standard-712bd41627c48fa23dafd70e7c83c2e4.jpg","https://media.birdweather.com/species/115/TropicalKingbird-thumbnail-d19e465885b300e6a764cb58df2c377e.jpg","https://media.birdweather.com/species/115/TropicalKingbird-png200-7879336d61c20ea19f905a307c05d2d1.png","G/kFDwLXdWqfdmeOkkq2uXmK16/aGV8M",16774663913,"https://media.birdweather.com/soundscapes/19267/19267-20260911-192402.flac",1.5,4.5,"live"
11083079587,19267,"2026-09-11T13:23:55.000-06:00",0.925484299659729,0.965855360031128,9.7369085379426,"almost_certain","BirdNET",NA,10.2198,-83.7874,FALSE,115,"Tropical Kingbird","Tyrannus melancholicus","#00b3a1","avian","https://media.birdweather.com/species/115/TropicalKingbird-standard-712bd41627c48fa23dafd70e7c83c2e4.jpg","https://media.birdweather.com/species/115/TropicalKingbird-thumbnail-d19e465885b300e6a764cb58df2c377e.jpg","https://media.birdweather.com/species/115/TropicalKingbird-png200-7879336d61c20ea19f905a307c05d2d1.png","G/kFDwLXdWqfdmeOkkq2uXmK16/aGV8M",16774657480,"https://media.birdweather.com/soundscapes/19267/19267-20260911-192349.flac",6,9,"live"
11083079586,19267,"2026-09-11T13:23:53.500-06:00",0.989355266094208,0.965855360031128,9.87011437045082,"almost_certain","BirdNET",NA,10.2198,-83.7874,FALSE,115,"Tropical Kingbird","Tyrannus melancholicus","#00b3a1","avian","https://media.birdweather.com/species/115/TropicalKingbird-standard-712bd41627c48fa23dafd70e7c83c2e4.jpg","https://media.birdweather.com/species/115/TropicalKingbird-thumbnail-d19e465885b300e6a764cb58df2c377e.jpg","https://media.birdweather.com/species/115/TropicalKingbird-png200-7879336d61c20ea19f905a307c05d2d1.png","G/kFDwLXdWqfdmeOkkq2uXmK16/aGV8M",16774657480,"https://media.birdweather.com/soundscapes/19267/19267-20260911-192349.flac",4.5,7.5,"live"
11083079585,19267,"2026-09-11T13:23:52.000-06:00",0.98897260427475,0.965855360031128,9.86935367088521,"almost_certain","BirdNET",NA,10.2198,-83.7874,FALSE,115,"Tropical Kingbird","Tyrannus melancholicus","#00b3a1","avian","https://media.birdweather.com/species/115/TropicalKingbird-standard-712bd41627c48fa23dafd70e7c83c2e4.jpg","https://media.birdweather.com/species/115/TropicalKingbird-thumbnail-d19e465885b300e6a764cb58df2c377e.jpg","https://media.birdweather.com/species/115/TropicalKingbird-png200-7879336d61c20ea19f905a307c05d2d1.png","G/kFDwLXdWqfdmeOkkq2uXmK16/aGV8M",16774657480,"https://media.birdweather.com/soundscapes/19267/19267-20260911-192349.flac",3,6,"live"
11083079582,19267,"2026-09-11T13:23:50.500-06:00",0.992082238197327,0.965855360031128,9.87552316617603,"almost_certain","BirdNET",NA,10.2198,-83.7874,FALSE,115,"Tropical Kingbird","Tyrannus melancholicus","#00b3a1","avian","https://media.birdweather.com/species/115/TropicalKingbird-standard-712bd41627c48fa23dafd70e7c83c2e4.jpg","https://media.birdweather.com/species/115/TropicalKingbird-thumbnail-d19e465885b300e6a764cb58df2c377e.jpg","https://media.birdweather.com/species/115/TropicalKingbird-png200-7879336d61c20ea19f905a307c05d2d1.png","G/kFDwLXdWqfdmeOkkq2uXmK16/aGV8M",16774657480,"https://media.birdweather.com/soundscapes/19267/19267-20260911-192349.flac",1.5,4.5,"live"
11083079581,19267,"2026-09-11T13:23:49.000-06:00",0.992056906223297,0.965855360031128,9.87547301976617,"almost_certain","BirdNET",NA,10.2198,-83.7874,FALSE,115,"Tropical Kingbird","Tyrannus melancholicus","#00b3a1","avian","https://media.birdweather.com/species/115/TropicalKingbird-standard-712bd41627c48fa23dafd70e7c83c2e4.jpg","https://media.birdweather.com/species/115/TropicalKingbird-thumbnail-d19e465885b300e6a764cb58df2c377e.jpg","https://media.birdweather.com/species/115/TropicalKingbird-png200-7879336d61c20ea19f905a307c05d2d1.png","G/kFDwLXdWqfdmeOkkq2uXmK16/aGV8M",16774657480,"https://media.birdweather.com/soundscapes/19267/19267-20260911-192349.flac",0,3,"live"
11083075953,19267,"2026-09-11T13:23:39.500-06:00",0.996933341026306,0.965854465961456,9.88509133267177,"almost_certain","BirdNET",NA,10.2198,-83.7874,FALSE,115,"Tropical Kingbird","Tyrannus melancholicus","#00b3a1","avian","https://media.birdweather.com/species/115/TropicalKingbird-standard-712bd41627c48fa23dafd70e7c83c2e4.jpg","https://media.birdweather.com/species/115/TropicalKingbird-thumbnail-d19e465885b300e6a764cb58df2c377e.jpg","https://media.birdweather.com/species/115/TropicalKingbird-png200-7879336d61c20ea19f905a307c05d2d1.png","G/kFDwLXdWqfdmeOkkq2uXmK16/aGV8M",16774650567,"https://media.birdweather.com/soundscapes/19267/19267-20260911-192335.flac",4.5,7.5,"live"
11083075950,19267,"2026-09-11T13:23:38.000-06:00",0.967248737812042,0.965854465961456,9.8254595172743,"almost_certain","BirdNET",NA,10.2198,-83.7874,FALSE,115,"Tropical Kingbird","Tyrannus melancholicus","#00b3a1","avian","https://media.birdweather.com/species/115/TropicalKingbird-standard-712bd41627c48fa23dafd70e7c83c2e4.jpg","https://media.birdweather.com/species/115/TropicalKingbird-thumbnail-d19e465885b300e6a764cb58df2c377e.jpg","https://media.birdweather.com/species/115/TropicalKingbird-png200-7879336d61c20ea19f905a307c05d2d1.png","G/kFDwLXdWqfdmeOkkq2uXmK16/aGV8M",16774650567,"https://media.birdweather.com/soundscapes/19267/19267-20260911-192335.flac",3,6,"live"
11083072835,19267,"2026-09-11T13:23:28.000-06:00",0.924852550029755,0.965854465961456,9.73552286052768,"almost_certain","BirdNET",NA,10.2198,-83.7874,FALSE,115,"Tropical Kingbird","Tyrannus melancholicus","#00b3a1","avian","https://media.birdweather.com/species/115/TropicalKingbird-standard-712bd41627c48fa23dafd70e7c83c2e4.jpg","https://media.birdweather.com/species/115/TropicalKingbird-thumbnail-d19e465885b300e6a764cb58df2c377e.jpg","https://media.birdweather.com/species/115/TropicalKingbird-png200-7879336d61c20ea19f905a307c05d2d1.png","G/kFDwLXdWqfdmeOkkq2uXmK16/aGV8M",16774644542,"https://media.birdweather.com/soundscapes/19267/19267-20260911-192322.flac",6,9,"live"
11083072830,19267,"2026-09-11T13:23:26.500-06:00",0.751199960708618,0.965854465961456,9.28944388880505,"almost_certain","BirdNET",NA,10.2198,-83.7874,FALSE,115,"Tropical Kingbird","Tyrannus melancholicus","#00b3a1","avian","https://media.birdweather.com/species/115/TropicalKingbird-standard-712bd41627c48fa23dafd70e7c83c2e4.jpg","https://media.birdweather.com/species/115/TropicalKingbird-thumbnail-d19e465885b300e6a764cb58df2c377e.jpg","https://media.birdweather.com/species/115/TropicalKingbird-png200-7879336d61c20ea19f905a307c05d2d1.png","G/kFDwLXdWqfdmeOkkq2uXmK16/aGV8M",16774644542,"https://media.birdweather.com/soundscapes/19267/19267-20260911-192322.flac",4.5,7.5,"live"
11083072827,19267,"2026-09-11T13:23:25.000-06:00",0.927732884883881,0.965854465961456,9.74182353367212,"almost_certain","BirdNET",NA,10.2198,-83.7874,FALSE,115,"Tropical Kingbird","Tyrannus melancholicus","#00b3a1","avian","https://media.birdweather.com/species/115/TropicalKingbird-standard-712bd41627c48fa23dafd70e7c83c2e4.jpg","https://media.birdweather.com/species/115/TropicalKingbird-thumbnail-d19e465885b300e6a764cb58df2c377e.jpg","https://media.birdweather.com/species/115/TropicalKingbird-png200-7879336d61c20ea19f905a307c05d2d1.png","G/kFDwLXdWqfdmeOkkq2uXmK16/aGV8M",16774644542,"https://media.birdweather.com/soundscapes/19267/19267-20260911-192322.flac",3,6,"live"
11083069560,19267,"2026-09-11T13:23:11.500-06:00",0.968532264232635,0.965854465961456,9.8280923316873,"almost_certain","BirdNET",NA,10.2198,-83.7874,FALSE,115,"Tropical Kingbird","Tyrannus melancholicus","#00b3a1","avian","https://media.birdweather.com/species/115/TropicalKingbird-standard-712bd41627c48fa23dafd70e7c83c2e4.jpg","https://media.birdweather.com/species/115/TropicalKingbird-thumbnail-d19e465885b300e6a764cb58df2c377e.jpg","https://media.birdweather.com/species/115/TropicalKingbird-png200-7879336d61c20ea19f905a307c05d2d1.png","G/kFDwLXdWqfdmeOkkq2uXmK16/aGV8M",16774638201,"https://media.birdweather.com/soundscapes/19267/19267-20260911-192310.flac",1.5,4.5,"live"
11083065916,19267,"2026-09-11T13:23:00.500-06:00",0.956536948680878,0.965854465961456,9.80328754250996,"almost_certain","BirdNET",NA,10.2198,-83.7874,FALSE,115,"Tropical Kingbird","Tyrannus melancholicus","#00b3a1","avian","https://media.birdweather.com/species/115/TropicalKingbird-standard-712bd41627c48fa23dafd70e7c83c2e4.jpg","https://media.birdweather.com/species/115/TropicalKingbird-thumbnail-d19e465885b300e6a764cb58df2c377e.jpg","https://media.birdweather.com/species/115/TropicalKingbird-png200-7879336d61c20ea19f905a307c05d2d1.png","G/kFDwLXdWqfdmeOkkq2uXmK16/aGV8M",16774631280,"https://media.birdweather.com/soundscapes/19267/19267-20260911-192256.flac",4.5,7.5,"live"
11083062583,19267,"2026-09-11T13:22:47.500-06:00",0.736353993415833,0.965854465961456,9.24360808969647,"almost_certain","BirdNET",NA,10.2198,-83.7874,FALSE,115,"Tropical Kingbird","Tyrannus melancholicus","#00b3a1","avian","https://media.birdweather.com/species/115/TropicalKingbird-standard-712bd41627c48fa23dafd70e7c83c2e4.jpg","https://media.birdweather.com/species/115/TropicalKingbird-thumbnail-d19e465885b300e6a764cb58df2c377e.jpg","https://media.birdweather.com/species/115/TropicalKingbird-png200-7879336d61c20ea19f905a307c05d2d1.png","G/kFDwLXdWqfdmeOkkq2uXmK16/aGV8M",16774625209,"https://media.birdweather.com/soundscapes/19267/19267-20260911-192243.flac",4.5,7.5,"live"
11083028287,19267,"2026-09-11T13:20:30.000-06:00",0.960976302623749,0.965855360031128,9.81252124816305,"almost_certain","BirdNET",NA,10.2198,-83.7874,FALSE,115,"Tropical Kingbird","Tyrannus melancholicus","#00b3a1","avian","https://media.birdweather.com/species/115/TropicalKingbird-standard-712bd41627c48fa23dafd70e7c83c2e4.jpg","https://media.birdweather.com/species/115/TropicalKingbird-thumbnail-d19e465885b300e6a764cb58df2c377e.jpg","https://media.birdweather.com/species/115/TropicalKingbird-png200-7879336d61c20ea19f905a307c05d2d1.png","G/kFDwLXdWqfdmeOkkq2uXmK16/aGV8M",16774559596,"https://media.birdweather.com/soundscapes/19267/19267-20260911-192030.flac",0,3,"live"
11083024687,19267,"2026-09-11T13:20:22.000-06:00",0.712302923202515,0.965855360031128,9.16593651569467,"almost_certain","BirdNET",NA,10.2198,-83.7874,FALSE,115,"Tropical Kingbird","Tyrannus melancholicus","#00b3a1","avian","https://media.birdweather.com/species/115/TropicalKingbird-standard-712bd41627c48fa23dafd70e7c83c2e4.jpg","https://media.birdweather.com/species/115/TropicalKingbird-thumbnail-d19e465885b300e6a764cb58df2c377e.jpg","https://media.birdweather.com/species/115/TropicalKingbird-png200-7879336d61c20ea19f905a307c05d2d1.png","G/kFDwLXdWqfdmeOkkq2uXmK16/aGV8M",16774552567,"https://media.birdweather.com/soundscapes/19267/19267-20260911-192016.flac",6,9,"live"
11083024683,19267,"2026-09-11T13:20:20.500-06:00",0.856013417243958,0.965855360031128,9.57561322723702,"almost_certain","BirdNET",NA,10.2198,-83.7874,FALSE,115,"Tropical Kingbird","Tyrannus melancholicus","#00b3a1","avian","https://media.birdweather.com/species/115/TropicalKingbird-standard-712bd41627c48fa23dafd70e7c83c2e4.jpg","https://media.birdweather.com/species/115/TropicalKingbird-thumbnail-d19e465885b300e6a764cb58df2c377e.jpg","https://media.birdweather.com/species/115/TropicalKingbird-png200-7879336d61c20ea19f905a307c05d2d1.png","G/kFDwLXdWqfdmeOkkq2uXmK16/aGV8M",16774552567,"https://media.birdweather.com/soundscapes/19267/19267-20260911-192016.flac",4.5,7.5,"live"
11083024680,19267,"2026-09-11T13:20:17.500-06:00",0.776897490024567,0.965855360031128,9.36533074422941,"almost_certain","BirdNET",NA,10.2198,-83.7874,FALSE,115,"Tropical Kingbird","Tyrannus melancholicus","#00b3a1","avian","https://media.birdweather.com/species/115/TropicalKingbird-standard-712bd41627c48fa23dafd70e7c83c2e4.jpg","https://media.birdweather.com/species/115/TropicalKingbird-thumbnail-d19e465885b300e6a764cb58df2c377e.jpg","https://media.birdweather.com/species/115/TropicalKingbird-png200-7879336d61c20ea19f905a307c05d2d1.png","G/kFDwLXdWqfdmeOkkq2uXmK16/aGV8M",16774552567,"https://media.birdweather.com/soundscapes/19267/19267-20260911-192016.flac",1.5,4.5,"live"
11083024678,19267,"2026-09-11T13:20:16.000-06:00",0.912125468254089,0.965855360031128,9.7073316707696,"almost_certain","BirdNET",NA,10.2198,-83.7874,FALSE,115,"Tropical Kingbird","Tyrannus melancholicus","#00b3a1","avian","https://media.birdweather.com/species/115/TropicalKingbird-standard-712bd41627c48fa23dafd70e7c83c2e4.jpg","https://media.birdweather.com/species/115/TropicalKingbird-thumbnail-d19e465885b300e6a764cb58df2c377e.jpg","https://media.birdweather.com/species/115/TropicalKingbird-png200-7879336d61c20ea19f905a307c05d2d1.png","G/kFDwLXdWqfdmeOkkq2uXmK16/aGV8M",16774552567,"https://media.birdweather.com/soundscapes/19267/19267-20260911-192016.flac",0,3,"live"
11083007308,19267,"2026-09-11T13:19:10.000-06:00",0.78980165719986,0.965854525566101,9.40190715580369,"almost_certain","BirdNET",NA,10.2198,-83.7874,FALSE,115,"Tropical Kingbird","Tyrannus melancholicus","#00b3a1","avian","https://media.birdweather.com/species/115/TropicalKingbird-standard-712bd41627c48fa23dafd70e7c83c2e4.jpg","https://media.birdweather.com/species/115/TropicalKingbird-thumbnail-d19e465885b300e6a764cb58df2c377e.jpg","https://media.birdweather.com/species/115/TropicalKingbird-png200-7879336d61c20ea19f905a307c05d2d1.png","G/kFDwLXdWqfdmeOkkq2uXmK16/aGV8M",16774519074,"https://media.birdweather.com/soundscapes/19267/19267-20260911-191907.flac",3,6,"live"
11083007306,19267,"2026-09-11T13:19:08.500-06:00",0.847919464111328,0.965854525566101,9.55552222113518,"almost_certain","BirdNET",NA,10.2198,-83.7874,FALSE,115,"Tropical Kingbird","Tyrannus melancholicus","#00b3a1","avian","https://media.birdweather.com/species/115/TropicalKingbird-standard-712bd41627c48fa23dafd70e7c83c2e4.jpg","https://media.birdweather.com/species/115/TropicalKingbird-thumbnail-d19e465885b300e6a764cb58df2c377e.jpg","https://media.birdweather.com/species/115/TropicalKingbird-png200-7879336d61c20ea19f905a307c05d2d1.png","G/kFDwLXdWqfdmeOkkq2uXmK16/aGV8M",16774519074,"https://media.birdweather.com/soundscapes/19267/19267-20260911-191907.flac",1.5,4.5,"live"
11081414446,19267,"2026-09-11T11:38:32.000-06:00",0.833027958869934,0.0859837979078293,6.34055890408657,"almost_certain","BirdNET",NA,10.2198,-83.7874,FALSE,984,"White-fronted Parrot","Amazona albifrons","#ff7d85","avian","https://media.birdweather.com/species/984/White-frontedParrot-standard-d907ac2e174e81ae6400a1ae41dcdd46.jpeg","https://media.birdweather.com/species/984/White-frontedParrot-thumbnail-36128a811a25168319309d2bc22aae7a.jpeg","https://media.birdweather.com/species/984/White-frontedParrot-png200-457be5b9b026dd51a6098f276d7b6a8f.png","nBkOFwJzeHhvh3d5h3h5h4eJtxUMi1MA",16771536965,"https://media.birdweather.com/soundscapes/19267/19267-20260911-173832.flac",0,3,"live"
11081187177,19267,"2026-09-11T11:24:46.500-06:00",0.920769989490509,0.765552639961243,9.41180188972138,"almost_certain","BirdNET",NA,10.2198,-83.7874,FALSE,229,"Great Kiskadee","Pitangus sulphuratus","#7d4410","avian","https://media.birdweather.com/species/229/GreatKiskadee-standard-cd28a1b8e8b8e5aed433e809c229004e.jpg","https://media.birdweather.com/species/229/GreatKiskadee-thumbnail-b2749ed2442fb322cf3c4cb72f9c97f6.jpg","https://media.birdweather.com/species/229/GreatKiskadee-png200-003973af4f863deb00a4ce9b6f10e59c.png","0PgFDwIrhYqfZJh1mVe3SZZ3uKEJBncG",16771127803,"https://media.birdweather.com/soundscapes/19267/19267-20260911-172442.flac",4.5,7.5,"live"
11081165193,19267,"2026-09-11T11:23:37.000-06:00",0.838229358196259,0.765553534030914,9.21633756777923,"almost_certain","BirdNET",NA,10.2198,-83.7874,FALSE,229,"Great Kiskadee","Pitangus sulphuratus","#7d4410","avian","https://media.birdweather.com/species/229/GreatKiskadee-standard-cd28a1b8e8b8e5aed433e809c229004e.jpg","https://media.birdweather.com/species/229/GreatKiskadee-thumbnail-b2749ed2442fb322cf3c4cb72f9c97f6.jpg","https://media.birdweather.com/species/229/GreatKiskadee-png200-003973af4f863deb00a4ce9b6f10e59c.png","0PgFDwIrhYqfZJh1mVe3SZZ3uKEJBncG",16771089294,"https://media.birdweather.com/soundscapes/19267/19267-20260911-172331.flac",6,9,"live"
11081165190,19267,"2026-09-11T11:23:34.000-06:00",0.815127372741699,0.765553534030914,9.15623485965883,"almost_certain","BirdNET",NA,10.2198,-83.7874,FALSE,229,"Great Kiskadee","Pitangus sulphuratus","#7d4410","avian","https://media.birdweather.com/species/229/GreatKiskadee-standard-cd28a1b8e8b8e5aed433e809c229004e.jpg","https://media.birdweather.com/species/229/GreatKiskadee-thumbnail-b2749ed2442fb322cf3c4cb72f9c97f6.jpg","https://media.birdweather.com/species/229/GreatKiskadee-png200-003973af4f863deb00a4ce9b6f10e59c.png","0PgFDwIrhYqfZJh1mVe3SZZ3uKEJBncG",16771089294,"https://media.birdweather.com/soundscapes/19267/19267-20260911-172331.flac",3,6,"live"
11081165186,19267,"2026-09-11T11:23:32.500-06:00",0.718456625938416,0.765553534030914,8.87149275410134,"almost_certain","BirdNET",NA,10.2198,-83.7874,FALSE,229,"Great Kiskadee","Pitangus sulphuratus","#7d4410","avian","https://media.birdweather.com/species/229/GreatKiskadee-standard-cd28a1b8e8b8e5aed433e809c229004e.jpg","https://media.birdweather.com/species/229/GreatKiskadee-thumbnail-b2749ed2442fb322cf3c4cb72f9c97f6.jpg","https://media.birdweather.com/species/229/GreatKiskadee-png200-003973af4f863deb00a4ce9b6f10e59c.png","0PgFDwIrhYqfZJh1mVe3SZZ3uKEJBncG",16771089294,"https://media.birdweather.com/soundscapes/19267/19267-20260911-172331.flac",1.5,4.5,"live"
11081161631,19267,"2026-09-11T11:23:24.000-06:00",0.853384971618652,0.765554845333099,9.25438358523297,"almost_certain","BirdNET",NA,10.2198,-83.7874,FALSE,229,"Great Kiskadee","Pitangus sulphuratus","#7d4410","avian","https://media.birdweather.com/species/229/GreatKiskadee-standard-cd28a1b8e8b8e5aed433e809c229004e.jpg","https://media.birdweather.com/species/229/GreatKiskadee-thumbnail-b2749ed2442fb322cf3c4cb72f9c97f6.jpg","https://media.birdweather.com/species/229/GreatKiskadee-png200-003973af4f863deb00a4ce9b6f10e59c.png","0PgFDwIrhYqfZJh1mVe3SZZ3uKEJBncG",16771082850,"https://media.birdweather.com/soundscapes/19267/19267-20260911-172318.flac",6,9,"live"
11081161628,19267,"2026-09-11T11:23:22.500-06:00",0.892406702041626,0.765554845333099,9.34773467991741,"almost_certain","BirdNET",NA,10.2198,-83.7874,FALSE,229,"Great Kiskadee","Pitangus sulphuratus","#7d4410","avian","https://media.birdweather.com/species/229/GreatKiskadee-standard-cd28a1b8e8b8e5aed433e809c229004e.jpg","https://media.birdweather.com/species/229/GreatKiskadee-thumbnail-b2749ed2442fb322cf3c4cb72f9c97f6.jpg","https://media.birdweather.com/species/229/GreatKiskadee-png200-003973af4f863deb00a4ce9b6f10e59c.png","0PgFDwIrhYqfZJh1mVe3SZZ3uKEJBncG",16771082850,"https://media.birdweather.com/soundscapes/19267/19267-20260911-172318.flac",4.5,7.5,"live"
11081161623,19267,"2026-09-11T11:23:21.000-06:00",0.886102378368378,0.765554845333099,9.33307716736619,"almost_certain","BirdNET",NA,10.2198,-83.7874,FALSE,229,"Great Kiskadee","Pitangus sulphuratus","#7d4410","avian","https://media.birdweather.com/species/229/GreatKiskadee-standard-cd28a1b8e8b8e5aed433e809c229004e.jpg","https://media.birdweather.com/species/229/GreatKiskadee-thumbnail-b2749ed2442fb322cf3c4cb72f9c97f6.jpg","https://media.birdweather.com/species/229/GreatKiskadee-png200-003973af4f863deb00a4ce9b6f10e59c.png","0PgFDwIrhYqfZJh1mVe3SZZ3uKEJBncG",16771082850,"https://media.birdweather.com/soundscapes/19267/19267-20260911-172318.flac",3,6,"live"
11081161619,19267,"2026-09-11T11:23:19.500-06:00",0.923079431056976,0.765554845333099,9.41689311923739,"almost_certain","BirdNET",NA,10.2198,-83.7874,FALSE,229,"Great Kiskadee","Pitangus sulphuratus","#7d4410","avian","https://media.birdweather.com/species/229/GreatKiskadee-standard-cd28a1b8e8b8e5aed433e809c229004e.jpg","https://media.birdweather.com/species/229/GreatKiskadee-thumbnail-b2749ed2442fb322cf3c4cb72f9c97f6.jpg","https://media.birdweather.com/species/229/GreatKiskadee-png200-003973af4f863deb00a4ce9b6f10e59c.png","0PgFDwIrhYqfZJh1mVe3SZZ3uKEJBncG",16771082850,"https://media.birdweather.com/soundscapes/19267/19267-20260911-172318.flac",1.5,4.5,"live"
11081161613,19267,"2026-09-11T11:23:18.000-06:00",0.89230090379715,0.765554845333099,9.34748998900025,"almost_certain","BirdNET",NA,10.2198,-83.7874,FALSE,229,"Great Kiskadee","Pitangus sulphuratus","#7d4410","avian","https://media.birdweather.com/species/229/GreatKiskadee-standard-cd28a1b8e8b8e5aed433e809c229004e.jpg","https://media.birdweather.com/species/229/GreatKiskadee-thumbnail-b2749ed2442fb322cf3c4cb72f9c97f6.jpg","https://media.birdweather.com/species/229/GreatKiskadee-png200-003973af4f863deb00a4ce9b6f10e59c.png","0PgFDwIrhYqfZJh1mVe3SZZ3uKEJBncG",16771082850,"https://media.birdweather.com/soundscapes/19267/19267-20260911-172318.flac",0,3,"live"
11078518607,19267,"2026-09-11T08:59:13.500-06:00",0.79492199420929,0.765549540519714,9.10140857983322,"almost_certain","BirdNET",NA,10.2198,-83.7874,FALSE,229,"Great Kiskadee","Pitangus sulphuratus","#7d4410","avian","https://media.birdweather.com/species/229/GreatKiskadee-standard-cd28a1b8e8b8e5aed433e809c229004e.jpg","https://media.birdweather.com/species/229/GreatKiskadee-thumbnail-b2749ed2442fb322cf3c4cb72f9c97f6.jpg","https://media.birdweather.com/species/229/GreatKiskadee-png200-003973af4f863deb00a4ce9b6f10e59c.png","0PgFDwIrhYqfZJh1mVe3SZZ3uKEJBncG",16766592928,"https://media.birdweather.com/soundscapes/19267/19267-20260911-145909.flac",4.5,7.5,"live"
11078518603,19267,"2026-09-11T08:59:12.000-06:00",0.899984300136566,0.765549540519714,9.36513813609735,"almost_certain","BirdNET",NA,10.2198,-83.7874,FALSE,229,"Great Kiskadee","Pitangus sulphuratus","#7d4410","avian","https://media.birdweather.com/species/229/GreatKiskadee-standard-cd28a1b8e8b8e5aed433e809c229004e.jpg","https://media.birdweather.com/species/229/GreatKiskadee-thumbnail-b2749ed2442fb322cf3c4cb72f9c97f6.jpg","https://media.birdweather.com/species/229/GreatKiskadee-png200-003973af4f863deb00a4ce9b6f10e59c.png","0PgFDwIrhYqfZJh1mVe3SZZ3uKEJBncG",16766592928,"https://media.birdweather.com/soundscapes/19267/19267-20260911-145909.flac",3,6,"live"
11077741910,19267,"2026-09-11T08:19:32.000-06:00",0.804191946983337,0.765553534030914,9.12683855999518,"almost_certain","BirdNET",NA,10.2198,-83.7874,FALSE,229,"Great Kiskadee","Pitangus sulphuratus","#7d4410","avian","https://media.birdweather.com/species/229/GreatKiskadee-standard-cd28a1b8e8b8e5aed433e809c229004e.jpg","https://media.birdweather.com/species/229/GreatKiskadee-thumbnail-b2749ed2442fb322cf3c4cb72f9c97f6.jpg","https://media.birdweather.com/species/229/GreatKiskadee-png200-003973af4f863deb00a4ce9b6f10e59c.png","0PgFDwIrhYqfZJh1mVe3SZZ3uKEJBncG",16765356290,"https://media.birdweather.com/soundscapes/19267/19267-20260911-141926.flac",6,9,"live"
11077741905,19267,"2026-09-11T08:19:30.500-06:00",0.972389400005341,0.765553534030914,9.5212349740979,"almost_certain","BirdNET",NA,10.2198,-83.7874,FALSE,229,"Great Kiskadee","Pitangus sulphuratus","#7d4410","avian","https://media.birdweather.com/species/229/GreatKiskadee-standard-cd28a1b8e8b8e5aed433e809c229004e.jpg","https://media.birdweather.com/species/229/GreatKiskadee-thumbnail-b2749ed2442fb322cf3c4cb72f9c97f6.jpg","https://media.birdweather.com/species/229/GreatKiskadee-png200-003973af4f863deb00a4ce9b6f10e59c.png","0PgFDwIrhYqfZJh1mVe3SZZ3uKEJBncG",16765356290,"https://media.birdweather.com/soundscapes/19267/19267-20260911-141926.flac",4.5,7.5,"live"
11077741898,19267,"2026-09-11T08:19:29.000-06:00",0.989335238933563,0.765553534030914,9.55533437599106,"almost_certain","BirdNET",NA,10.2198,-83.7874,FALSE,229,"Great Kiskadee","Pitangus sulphuratus","#7d4410","avian","https://media.birdweather.com/species/229/GreatKiskadee-standard-cd28a1b8e8b8e5aed433e809c229004e.jpg","https://media.birdweather.com/species/229/GreatKiskadee-thumbnail-b2749ed2442fb322cf3c4cb72f9c97f6.jpg","https://media.birdweather.com/species/229/GreatKiskadee-png200-003973af4f863deb00a4ce9b6f10e59c.png","0PgFDwIrhYqfZJh1mVe3SZZ3uKEJBncG",16765356290,"https://media.birdweather.com/soundscapes/19267/19267-20260911-141926.flac",3,6,"live"
11077429414,19267,"2026-09-11T08:03:25.000-06:00",0.877418220043182,0.765549600124359,9.31261700844591,"almost_certain","BirdNET",NA,10.2198,-83.7874,FALSE,229,"Great Kiskadee","Pitangus sulphuratus","#7d4410","avian","https://media.birdweather.com/species/229/GreatKiskadee-standard-cd28a1b8e8b8e5aed433e809c229004e.jpg","https://media.birdweather.com/species/229/GreatKiskadee-thumbnail-b2749ed2442fb322cf3c4cb72f9c97f6.jpg","https://media.birdweather.com/species/229/GreatKiskadee-png200-003973af4f863deb00a4ce9b6f10e59c.png","0PgFDwIrhYqfZJh1mVe3SZZ3uKEJBncG",16764870210,"https://media.birdweather.com/soundscapes/19267/19267-20260911-140319.flac",6,9,"live"
11077001386,19267,"2026-09-11T07:41:44.000-06:00",0.746600389480591,0.216583862900734,7.27493460580466,"almost_certain","BirdNET",NA,10.2198,-83.7874,FALSE,3766,"Crimson-fronted Parakeet","Psittacara finschi","#65ad00","avian","https://media.birdweather.com/species/3766/Crimson-frontedParakeet-standard-ddc77fa728634b78b78a31cc430f7895.jpg","https://media.birdweather.com/species/3766/Crimson-frontedParakeet-thumbnail-df6cfd5712c254c532e4f60547260885.jpg","https://media.birdweather.com/species/3766/Crimson-frontedParakeet-png200-7ac02114402521892623f1f6b95ca6c2.png","1PgJHwR1hXZghIXBaJmliYSndzA49JgL",16764205854,"https://media.birdweather.com/soundscapes/19267/19267-20260911-134141.flac",3,6,"live"
11076604888,19267,"2026-09-11T07:20:29.500-06:00",0.978568494319916,0.203246206045151,7.76491986706065,"almost_certain","BirdNET",NA,10.2198,-83.7874,FALSE,501,"White-winged Dove","Zenaida asiatica","#d16ff8","avian","https://media.birdweather.com/species/501/White-wingedDove-standard-6528ef689b07d5a91f1c2275cdef19c9.jpg","https://media.birdweather.com/species/501/White-wingedDove-thumbnail-4a940adfd5a6c78c73c48c5095e7b896.jpg","https://media.birdweather.com/species/501/White-wingedDove-png200-d65decd3d571b5a9dbeca249ef97689f.png","IscJLwb6hoVelZWZdoh3eIeIdxBoB4IG",16763564012,"https://media.birdweather.com/soundscapes/19267/19267-20260911-132025.flac",4.5,7.5,"live"
11076604885,19267,"2026-09-11T07:20:28.000-06:00",0.987275540828705,0.203246206045151,7.78238718397564,"almost_certain","BirdNET",NA,10.2198,-83.7874,FALSE,501,"White-winged Dove","Zenaida asiatica","#d16ff8","avian","https://media.birdweather.com/species/501/White-wingedDove-standard-6528ef689b07d5a91f1c2275cdef19c9.jpg","https://media.birdweather.com/species/501/White-wingedDove-thumbnail-4a940adfd5a6c78c73c48c5095e7b896.jpg","https://media.birdweather.com/species/501/White-wingedDove-png200-d65decd3d571b5a9dbeca249ef97689f.png","IscJLwb6hoVelZWZdoh3eIeIdxBoB4IG",16763564012,"https://media.birdweather.com/soundscapes/19267/19267-20260911-132025.flac",3,6,"live"
11076604881,19267,"2026-09-11T07:20:26.500-06:00",0.938026130199432,0.203246206045151,7.68051939378552,"almost_certain","BirdNET",NA,10.2198,-83.7874,FALSE,501,"White-winged Dove","Zenaida asiatica","#d16ff8","avian","https://media.birdweather.com/species/501/White-wingedDove-standard-6528ef689b07d5a91f1c2275cdef19c9.jpg","https://media.birdweather.com/species/501/White-wingedDove-thumbnail-4a940adfd5a6c78c73c48c5095e7b896.jpg","https://media.birdweather.com/species/501/White-wingedDove-png200-d65decd3d571b5a9dbeca249ef97689f.png","IscJLwb6hoVelZWZdoh3eIeIdxBoB4IG",16763564012,"https://media.birdweather.com/soundscapes/19267/19267-20260911-132025.flac",1.5,4.5,"live"
11076604875,19267,"2026-09-11T07:20:25.000-06:00",0.886392414569855,0.203246206045151,7.56490506086023,"almost_certain","BirdNET",NA,10.2198,-83.7874,FALSE,501,"White-winged Dove","Zenaida asiatica","#d16ff8","avian","https://media.birdweather.com/species/501/White-wingedDove-standard-6528ef689b07d5a91f1c2275cdef19c9.jpg","https://media.birdweather.com/species/501/White-wingedDove-thumbnail-4a940adfd5a6c78c73c48c5095e7b896.jpg","https://media.birdweather.com/species/501/White-wingedDove-png200-d65decd3d571b5a9dbeca249ef97689f.png","IscJLwb6hoVelZWZdoh3eIeIdxBoB4IG",16763564012,"https://media.birdweather.com/soundscapes/19267/19267-20260911-132025.flac",0,3,"live"
11076527372,19267,"2026-09-11T07:16:04.000-06:00",0.757018744945526,0.203266188502312,7.22354064589917,"almost_certain","BirdNET",NA,10.2198,-83.7874,FALSE,501,"White-winged Dove","Zenaida asiatica","#d16ff8","avian","https://media.birdweather.com/species/501/White-wingedDove-standard-6528ef689b07d5a91f1c2275cdef19c9.jpg","https://media.birdweather.com/species/501/White-wingedDove-thumbnail-4a940adfd5a6c78c73c48c5095e7b896.jpg","https://media.birdweather.com/species/501/White-wingedDove-png200-d65decd3d571b5a9dbeca249ef97689f.png","IscJLwb6hoVelZWZdoh3eIeIdxBoB4IG",16763428204,"https://media.birdweather.com/soundscapes/19267/19267-20260911-131558.flac",6,9,"live"
11076519677,19267,"2026-09-11T07:15:32.500-06:00",0.764750361442566,0.203271269798279,7.24655640295158,"almost_certain","BirdNET",NA,10.2198,-83.7874,FALSE,501,"White-winged Dove","Zenaida asiatica","#d16ff8","avian","https://media.birdweather.com/species/501/White-wingedDove-standard-6528ef689b07d5a91f1c2275cdef19c9.jpg","https://media.birdweather.com/species/501/White-wingedDove-thumbnail-4a940adfd5a6c78c73c48c5095e7b896.jpg","https://media.birdweather.com/species/501/White-wingedDove-png200-d65decd3d571b5a9dbeca249ef97689f.png","IscJLwb6hoVelZWZdoh3eIeIdxBoB4IG",16763414304,"https://media.birdweather.com/soundscapes/19267/19267-20260911-131531.flac",1.5,4.5,"live"
11076159157,19267,"2026-09-11T06:54:10.500-06:00",0.883815824985504,0.0533215031027794,5.89538734200799,"almost_certain","BirdNET",NA,10.2198,-83.7874,FALSE,973,"Rose-breasted Grosbeak","Pheucticus ludovicianus","#615120","avian","https://media.birdweather.com/species/973/Rose-breastedGrosbeak-standard-94c5c7a47bc0d3ccf8aacc8541a2958a.jpg","https://media.birdweather.com/species/973/Rose-breastedGrosbeak-thumbnail-39b9a38037dd162c6215236a406c73ec.jpg","https://media.birdweather.com/species/973/Rose-breastedGrosbeak-png200-04cb157bd64b214588ee2884b6c5fe4c.png","G+kFDwIRsXiD0IxbamZZ6TaLZ6/HBmUC",16762773816,"https://media.birdweather.com/soundscapes/19267/19267-20260911-125409.flac",1.5,4.5,"live"
11076159156,19267,"2026-09-11T06:54:09.000-06:00",0.74152809381485,0.374170780181885,7.98260742205321,"almost_certain","BirdNET",NA,10.2198,-83.7874,FALSE,321,"Palm Tanager","Thraupis palmarum","#008efd","avian","https://media.birdweather.com/species/321/PalmTanager-standard-cbade2e4973d8cb57c4014568207591d.jpg","https://media.birdweather.com/species/321/PalmTanager-thumbnail-66ffacacc3b9c5f5dad0cf97c949e40f.jpg","https://media.birdweather.com/species/321/PalmTanager-png200-100c123f8e9a99aad801e3e79a865873.png","lvkJHwR/d2lneYlEp0hrx2iL+XtlNZgA",16762773816,"https://media.birdweather.com/soundscapes/19267/19267-20260911-125409.flac",0,3,"live"
11076100722,19267,"2026-09-11T06:50:41.000-06:00",0.934755384922028,0.203271940350533,7.67364355107975,"almost_certain","BirdNET",NA,10.2198,-83.7874,FALSE,501,"White-winged Dove","Zenaida asiatica","#d16ff8","avian","https://media.birdweather.com/species/501/White-wingedDove-standard-6528ef689b07d5a91f1c2275cdef19c9.jpg","https://media.birdweather.com/species/501/White-wingedDove-thumbnail-4a940adfd5a6c78c73c48c5095e7b896.jpg","https://media.birdweather.com/species/501/White-wingedDove-png200-d65decd3d571b5a9dbeca249ef97689f.png","IscJLwb6hoVelZWZdoh3eIeIdxBoB4IG",16762670190,"https://media.birdweather.com/soundscapes/19267/19267-20260911-125038.flac",3,6,"live"
11075965756,19267,"2026-09-11T06:42:38.000-06:00",0.714040756225586,0.524685084819794,8.34745693980231,"almost_certain","BirdNET",NA,10.2198,-83.7874,FALSE,272,"House Wren","Troglodytes aedon","#62a400","avian","https://media.birdweather.com/species/272/HouseWren-standard-06713a6f199e26096c9dc41c9b89242d.jpg","https://media.birdweather.com/species/272/HouseWren-thumbnail-966d0ac3fd1cc092235e70042f753b0b.jpg","https://media.birdweather.com/species/272/HouseWren-png200-3f181f6277746c304bdda6e405fb3d0e.png","odgFDwKGZ4dflneFZ3mHaHh4tz+WBbMF",16762433682,"https://media.birdweather.com/soundscapes/19267/19267-20260911-124238.flac",0,3,"live"
11075841550,19267,"2026-09-11T06:35:24.500-06:00",0.86561506986618,0.203270673751831,7.51563886900418,"almost_certain","BirdNET",NA,10.2198,-83.7874,FALSE,501,"White-winged Dove","Zenaida asiatica","#d16ff8","avian","https://media.birdweather.com/species/501/White-wingedDove-standard-6528ef689b07d5a91f1c2275cdef19c9.jpg","https://media.birdweather.com/species/501/White-wingedDove-thumbnail-4a940adfd5a6c78c73c48c5095e7b896.jpg","https://media.birdweather.com/species/501/White-wingedDove-png200-d65decd3d571b5a9dbeca249ef97689f.png","IscJLwb6hoVelZWZdoh3eIeIdxBoB4IG",16762217711,"https://media.birdweather.com/soundscapes/19267/19267-20260911-123520.flac",4.5,7.5,"live"
11075766528,19267,"2026-09-11T06:31:00.000-06:00",0.941216707229614,0.203261896967888,7.68745408197943,"almost_certain","BirdNET",NA,10.2198,-83.7874,FALSE,501,"White-winged Dove","Zenaida asiatica","#d16ff8","avian","https://media.birdweather.com/species/501/White-wingedDove-standard-6528ef689b07d5a91f1c2275cdef19c9.jpg","https://media.birdweather.com/species/501/White-wingedDove-thumbnail-4a940adfd5a6c78c73c48c5095e7b896.jpg","https://media.birdweather.com/species/501/White-wingedDove-png200-d65decd3d571b5a9dbeca249ef97689f.png","IscJLwb6hoVelZWZdoh3eIeIdxBoB4IG",16762086599,"https://media.birdweather.com/soundscapes/19267/19267-20260911-123054.flac",6,9,"live"
11075766526,19267,"2026-09-11T06:30:58.500-06:00",0.802389860153198,0.203261896967888,7.35318635107932,"almost_certain","BirdNET",NA,10.2198,-83.7874,FALSE,501,"White-winged Dove","Zenaida asiatica","#d16ff8","avian","https://media.birdweather.com/species/501/White-wingedDove-standard-6528ef689b07d5a91f1c2275cdef19c9.jpg","https://media.birdweather.com/species/501/White-wingedDove-thumbnail-4a940adfd5a6c78c73c48c5095e7b896.jpg","https://media.birdweather.com/species/501/White-wingedDove-png200-d65decd3d571b5a9dbeca249ef97689f.png","IscJLwb6hoVelZWZdoh3eIeIdxBoB4IG",16762086599,"https://media.birdweather.com/soundscapes/19267/19267-20260911-123054.flac",4.5,7.5,"live"
11075512500,19267,"2026-09-11T06:16:03.000-06:00",0.860839307308197,0.112459413707256,6.74397019910038,"almost_certain","BirdNET",NA,10.2198,-83.7874,FALSE,603,"Tropical Mockingbird","Mimus gilvus","#006e2a","avian","https://media.birdweather.com/species/603/TropicalMockingbird-standard-33be42788a38707b12f757d28526a492.jpg","https://media.birdweather.com/species/603/TropicalMockingbird-thumbnail-4f6417f6928c80a2cb70eb341f54fd79.jpg","https://media.birdweather.com/species/603/TropicalMockingbird-png200-9e94d27578943cfad1e7923fe23d2300.png","q+cJFwL4VohclXidhXh5aJh4qDAaGKYA",16761646564,"https://media.birdweather.com/soundscapes/19267/19267-20260911-121600.flac",3,6,"live"
11075501387,19267,"2026-09-11T06:15:26.000-06:00",0.860038995742798,0.112461715936661,6.74203958354586,"almost_certain","BirdNET",NA,10.2198,-83.7874,FALSE,603,"Tropical Mockingbird","Mimus gilvus","#006e2a","avian","https://media.birdweather.com/species/603/TropicalMockingbird-standard-33be42788a38707b12f757d28526a492.jpg","https://media.birdweather.com/species/603/TropicalMockingbird-thumbnail-4f6417f6928c80a2cb70eb341f54fd79.jpg","https://media.birdweather.com/species/603/TropicalMockingbird-png200-9e94d27578943cfad1e7923fe23d2300.png","q+cJFwL4VohclXidhXh5aJh4qDAaGKYA",16761627288,"https://media.birdweather.com/soundscapes/19267/19267-20260911-121520.flac",6,9,"live"
11075501383,19267,"2026-09-11T06:15:24.500-06:00",0.959434449672699,0.112461715936661,6.96586491819951,"almost_certain","BirdNET",NA,10.2198,-83.7874,FALSE,603,"Tropical Mockingbird","Mimus gilvus","#006e2a","avian","https://media.birdweather.com/species/603/TropicalMockingbird-standard-33be42788a38707b12f757d28526a492.jpg","https://media.birdweather.com/species/603/TropicalMockingbird-thumbnail-4f6417f6928c80a2cb70eb341f54fd79.jpg","https://media.birdweather.com/species/603/TropicalMockingbird-png200-9e94d27578943cfad1e7923fe23d2300.png","q+cJFwL4VohclXidhXh5aJh4qDAaGKYA",16761627288,"https://media.birdweather.com/soundscapes/19267/19267-20260911-121520.flac",4.5,7.5,"live"
11075474526,19267,"2026-09-11T06:13:47.000-06:00",0.753226339817047,0.20324794948101,7.21200759362747,"almost_certain","BirdNET",NA,10.2198,-83.7874,FALSE,501,"White-winged Dove","Zenaida asiatica","#d16ff8","avian","https://media.birdweather.com/species/501/White-wingedDove-standard-6528ef689b07d5a91f1c2275cdef19c9.jpg","https://media.birdweather.com/species/501/White-wingedDove-thumbnail-4a940adfd5a6c78c73c48c5095e7b896.jpg","https://media.birdweather.com/species/501/White-wingedDove-png200-d65decd3d571b5a9dbeca249ef97689f.png","IscJLwb6hoVelZWZdoh3eIeIdxBoB4IG",16761580374,"https://media.birdweather.com/soundscapes/19267/19267-20260911-121347.flac",0,3,"live"
11075451904,19267,"2026-09-11T06:12:30.500-06:00",0.703715980052948,0.1124651953578,6.29368462432755,"almost_certain","BirdNET",NA,10.2198,-83.7874,FALSE,603,"Tropical Mockingbird","Mimus gilvus","#006e2a","avian","https://media.birdweather.com/species/603/TropicalMockingbird-standard-33be42788a38707b12f757d28526a492.jpg","https://media.birdweather.com/species/603/TropicalMockingbird-thumbnail-4f6417f6928c80a2cb70eb341f54fd79.jpg","https://media.birdweather.com/species/603/TropicalMockingbird-png200-9e94d27578943cfad1e7923fe23d2300.png","q+cJFwL4VohclXidhXh5aJh4qDAaGKYA",16761540812,"https://media.birdweather.com/soundscapes/19267/19267-20260911-121226.flac",4.5,7.5,"live"
11075413454,19267,"2026-09-11T06:10:13.500-06:00",0.888044714927673,0.203254029154778,7.56881019248566,"almost_certain","BirdNET",NA,10.2198,-83.7874,FALSE,501,"White-winged Dove","Zenaida asiatica","#d16ff8","avian","https://media.birdweather.com/species/501/White-wingedDove-standard-6528ef689b07d5a91f1c2275cdef19c9.jpg","https://media.birdweather.com/species/501/White-wingedDove-thumbnail-4a940adfd5a6c78c73c48c5095e7b896.jpg","https://media.birdweather.com/species/501/White-wingedDove-png200-d65decd3d571b5a9dbeca249ef97689f.png","IscJLwb6hoVelZWZdoh3eIeIdxBoB4IG",16761473952,"https://media.birdweather.com/soundscapes/19267/19267-20260911-121012.flac",1.5,4.5,"live"
11075413448,19267,"2026-09-11T06:10:12.000-06:00",0.739594757556915,0.203254029154778,7.1702091119399,"almost_certain","BirdNET",NA,10.2198,-83.7874,FALSE,501,"White-winged Dove","Zenaida asiatica","#d16ff8","avian","https://media.birdweather.com/species/501/White-wingedDove-standard-6528ef689b07d5a91f1c2275cdef19c9.jpg","https://media.birdweather.com/species/501/White-wingedDove-thumbnail-4a940adfd5a6c78c73c48c5095e7b896.jpg","https://media.birdweather.com/species/501/White-wingedDove-png200-d65decd3d571b5a9dbeca249ef97689f.png","IscJLwb6hoVelZWZdoh3eIeIdxBoB4IG",16761473952,"https://media.birdweather.com/soundscapes/19267/19267-20260911-121012.flac",0,3,"live"
11075387800,19267,"2026-09-11T06:08:44.500-06:00",0.881529211997986,0.203254118561745,7.55354652207857,"almost_certain","BirdNET",NA,10.2198,-83.7874,FALSE,501,"White-winged Dove","Zenaida asiatica","#d16ff8","avian","https://media.birdweather.com/species/501/White-wingedDove-standard-6528ef689b07d5a91f1c2275cdef19c9.jpg","https://media.birdweather.com/species/501/White-wingedDove-thumbnail-4a940adfd5a6c78c73c48c5095e7b896.jpg","https://media.birdweather.com/species/501/White-wingedDove-png200-d65decd3d571b5a9dbeca249ef97689f.png","IscJLwb6hoVelZWZdoh3eIeIdxBoB4IG",16761428959,"https://media.birdweather.com/soundscapes/19267/19267-20260911-120840.flac",4.5,7.5,"live"
11075387798,19267,"2026-09-11T06:08:43.000-06:00",0.842001974582672,0.203254118561745,7.45711008252681,"almost_certain","BirdNET",NA,10.2198,-83.7874,FALSE,501,"White-winged Dove","Zenaida asiatica","#d16ff8","avian","https://media.birdweather.com/species/501/White-wingedDove-standard-6528ef689b07d5a91f1c2275cdef19c9.jpg","https://media.birdweather.com/species/501/White-wingedDove-thumbnail-4a940adfd5a6c78c73c48c5095e7b896.jpg","https://media.birdweather.com/species/501/White-wingedDove-png200-d65decd3d571b5a9dbeca249ef97689f.png","IscJLwb6hoVelZWZdoh3eIeIdxBoB4IG",16761428959,"https://media.birdweather.com/soundscapes/19267/19267-20260911-120840.flac",3,6,"live"
11075387793,19267,"2026-09-11T06:08:41.500-06:00",0.775074362754822,0.203254118561745,7.27654641204062,"almost_certain","BirdNET",NA,10.2198,-83.7874,FALSE,501,"White-winged Dove","Zenaida asiatica","#d16ff8","avian","https://media.birdweather.com/species/501/White-wingedDove-standard-6528ef689b07d5a91f1c2275cdef19c9.jpg","https://media.birdweather.com/species/501/White-wingedDove-thumbnail-4a940adfd5a6c78c73c48c5095e7b896.jpg","https://media.birdweather.com/species/501/White-wingedDove-png200-d65decd3d571b5a9dbeca249ef97689f.png","IscJLwb6hoVelZWZdoh3eIeIdxBoB4IG",16761428959,"https://media.birdweather.com/soundscapes/19267/19267-20260911-120840.flac",1.5,4.5,"live"
11075344112,19267,"2026-09-11T06:06:08.000-06:00",0.850442290306091,0.203236639499664,7.47816767818653,"almost_certain","BirdNET",NA,10.2198,-83.7874,FALSE,501,"White-winged Dove","Zenaida asiatica","#d16ff8","avian","https://media.birdweather.com/species/501/White-wingedDove-standard-6528ef689b07d5a91f1c2275cdef19c9.jpg","https://media.birdweather.com/species/501/White-wingedDove-thumbnail-4a940adfd5a6c78c73c48c5095e7b896.jpg","https://media.birdweather.com/species/501/White-wingedDove-png200-d65decd3d571b5a9dbeca249ef97689f.png","IscJLwb6hoVelZWZdoh3eIeIdxBoB4IG",16761351190,"https://media.birdweather.com/soundscapes/19267/19267-20260911-120602.flac",6,9,"live"
11075344110,19267,"2026-09-11T06:06:06.500-06:00",0.954562544822693,0.203236639499664,7.71551335936508,"almost_certain","BirdNET",NA,10.2198,-83.7874,FALSE,501,"White-winged Dove","Zenaida asiatica","#d16ff8","avian","https://media.birdweather.com/species/501/White-wingedDove-standard-6528ef689b07d5a91f1c2275cdef19c9.jpg","https://media.birdweather.com/species/501/White-wingedDove-thumbnail-4a940adfd5a6c78c73c48c5095e7b896.jpg","https://media.birdweather.com/species/501/White-wingedDove-png200-d65decd3d571b5a9dbeca249ef97689f.png","IscJLwb6hoVelZWZdoh3eIeIdxBoB4IG",16761351190,"https://media.birdweather.com/soundscapes/19267/19267-20260911-120602.flac",4.5,7.5,"live"
11075344109,19267,"2026-09-11T06:06:05.000-06:00",0.789403438568115,0.203236639499664,7.31714480740074,"almost_certain","BirdNET",NA,10.2198,-83.7874,FALSE,501,"White-winged Dove","Zenaida asiatica","#d16ff8","avian","https://media.birdweather.com/species/501/White-wingedDove-standard-6528ef689b07d5a91f1c2275cdef19c9.jpg","https://media.birdweather.com/species/501/White-wingedDove-thumbnail-4a940adfd5a6c78c73c48c5095e7b896.jpg","https://media.birdweather.com/species/501/White-wingedDove-png200-d65decd3d571b5a9dbeca249ef97689f.png","IscJLwb6hoVelZWZdoh3eIeIdxBoB4IG",16761351190,"https://media.birdweather.com/soundscapes/19267/19267-20260911-120602.flac",3,6,"live"
11075344103,19267,"2026-09-11T06:06:02.000-06:00",0.976478815078735,0.203236639499664,7.76063292515986,"almost_certain","BirdNET",NA,10.2198,-83.7874,FALSE,501,"White-winged Dove","Zenaida asiatica","#d16ff8","avian","https://media.birdweather.com/species/501/White-wingedDove-standard-6528ef689b07d5a91f1c2275cdef19c9.jpg","https://media.birdweather.com/species/501/White-wingedDove-thumbnail-4a940adfd5a6c78c73c48c5095e7b896.jpg","https://media.birdweather.com/species/501/White-wingedDove-png200-d65decd3d571b5a9dbeca249ef97689f.png","IscJLwb6hoVelZWZdoh3eIeIdxBoB4IG",16761351190,"https://media.birdweather.com/soundscapes/19267/19267-20260911-120602.flac",0,3,"live"
11075336659,19267,"2026-09-11T06:05:39.500-06:00",0.863964259624481,0.203236639499664,7.51141588045152,"almost_certain","BirdNET",NA,10.2198,-83.7874,FALSE,501,"White-winged Dove","Zenaida asiatica","#d16ff8","avian","https://media.birdweather.com/species/501/White-wingedDove-standard-6528ef689b07d5a91f1c2275cdef19c9.jpg","https://media.birdweather.com/species/501/White-wingedDove-thumbnail-4a940adfd5a6c78c73c48c5095e7b896.jpg","https://media.birdweather.com/species/501/White-wingedDove-png200-d65decd3d571b5a9dbeca249ef97689f.png","IscJLwb6hoVelZWZdoh3eIeIdxBoB4IG",16761337796,"https://media.birdweather.com/soundscapes/19267/19267-20260911-120535.flac",4.5,7.5,"live"
11075336655,19267,"2026-09-11T06:05:35.000-06:00",0.741309404373169,0.203236639499664,7.17543070533552,"almost_certain","BirdNET",NA,10.2198,-83.7874,FALSE,501,"White-winged Dove","Zenaida asiatica","#d16ff8","avian","https://media.birdweather.com/species/501/White-wingedDove-standard-6528ef689b07d5a91f1c2275cdef19c9.jpg","https://media.birdweather.com/species/501/White-wingedDove-thumbnail-4a940adfd5a6c78c73c48c5095e7b896.jpg","https://media.birdweather.com/species/501/White-wingedDove-png200-d65decd3d571b5a9dbeca249ef97689f.png","IscJLwb6hoVelZWZdoh3eIeIdxBoB4IG",16761337796,"https://media.birdweather.com/soundscapes/19267/19267-20260911-120535.flac",0,3,"live"
11075333138,19267,"2026-09-11T06:05:23.500-06:00",0.954140186309814,0.203236639499664,7.71462907729098,"almost_certain","BirdNET",NA,10.2198,-83.7874,FALSE,501,"White-winged Dove","Zenaida asiatica","#d16ff8","avian","https://media.birdweather.com/species/501/White-wingedDove-standard-6528ef689b07d5a91f1c2275cdef19c9.jpg","https://media.birdweather.com/species/501/White-wingedDove-thumbnail-4a940adfd5a6c78c73c48c5095e7b896.jpg","https://media.birdweather.com/species/501/White-wingedDove-png200-d65decd3d571b5a9dbeca249ef97689f.png","IscJLwb6hoVelZWZdoh3eIeIdxBoB4IG",16761331395,"https://media.birdweather.com/soundscapes/19267/19267-20260911-120522.flac",1.5,4.5,"live"
11075333136,19267,"2026-09-11T06:05:22.000-06:00",0.841600358486176,0.203236639499664,7.45598226020535,"almost_certain","BirdNET",NA,10.2198,-83.7874,FALSE,501,"White-winged Dove","Zenaida asiatica","#d16ff8","avian","https://media.birdweather.com/species/501/White-wingedDove-standard-6528ef689b07d5a91f1c2275cdef19c9.jpg","https://media.birdweather.com/species/501/White-wingedDove-thumbnail-4a940adfd5a6c78c73c48c5095e7b896.jpg","https://media.birdweather.com/species/501/White-wingedDove-png200-d65decd3d571b5a9dbeca249ef97689f.png","IscJLwb6hoVelZWZdoh3eIeIdxBoB4IG",16761331395,"https://media.birdweather.com/soundscapes/19267/19267-20260911-120522.flac",0,3,"live"
11075329246,19267,"2026-09-11T06:05:11.500-06:00",0.968523859977722,0.203236639499664,7.74442713498568,"almost_certain","BirdNET",NA,10.2198,-83.7874,FALSE,501,"White-winged Dove","Zenaida asiatica","#d16ff8","avian","https://media.birdweather.com/species/501/White-wingedDove-standard-6528ef689b07d5a91f1c2275cdef19c9.jpg","https://media.birdweather.com/species/501/White-wingedDove-thumbnail-4a940adfd5a6c78c73c48c5095e7b896.jpg","https://media.birdweather.com/species/501/White-wingedDove-png200-d65decd3d571b5a9dbeca249ef97689f.png","IscJLwb6hoVelZWZdoh3eIeIdxBoB4IG",16761324401,"https://media.birdweather.com/soundscapes/19267/19267-20260911-120507.flac",4.5,7.5,"live"
11075329244,19267,"2026-09-11T06:05:10.000-06:00",0.914889693260193,0.203236639499664,7.62985513570917,"almost_certain","BirdNET",NA,10.2198,-83.7874,FALSE,501,"White-winged Dove","Zenaida asiatica","#d16ff8","avian","https://media.birdweather.com/species/501/White-wingedDove-standard-6528ef689b07d5a91f1c2275cdef19c9.jpg","https://media.birdweather.com/species/501/White-wingedDove-thumbnail-4a940adfd5a6c78c73c48c5095e7b896.jpg","https://media.birdweather.com/species/501/White-wingedDove-png200-d65decd3d571b5a9dbeca249ef97689f.png","IscJLwb6hoVelZWZdoh3eIeIdxBoB4IG",16761324401,"https://media.birdweather.com/soundscapes/19267/19267-20260911-120507.flac",3,6,"live"
11075329243,19267,"2026-09-11T06:05:08.500-06:00",0.834750175476074,0.203236639499664,7.43854393107903,"almost_certain","BirdNET",NA,10.2198,-83.7874,FALSE,501,"White-winged Dove","Zenaida asiatica","#d16ff8","avian","https://media.birdweather.com/species/501/White-wingedDove-standard-6528ef689b07d5a91f1c2275cdef19c9.jpg","https://media.birdweather.com/species/501/White-wingedDove-thumbnail-4a940adfd5a6c78c73c48c5095e7b896.jpg","https://media.birdweather.com/species/501/White-wingedDove-png200-d65decd3d571b5a9dbeca249ef97689f.png","IscJLwb6hoVelZWZdoh3eIeIdxBoB4IG",16761324401,"https://media.birdweather.com/soundscapes/19267/19267-20260911-120507.flac",1.5,4.5,"live"
11075318396,19267,"2026-09-11T06:04:26.000-06:00",0.768056452274323,0.203247800469398,7.25611689081812,"almost_certain","BirdNET",NA,10.2198,-83.7874,FALSE,501,"White-winged Dove","Zenaida asiatica","#d16ff8","avian","https://media.birdweather.com/species/501/White-wingedDove-standard-6528ef689b07d5a91f1c2275cdef19c9.jpg","https://media.birdweather.com/species/501/White-wingedDove-thumbnail-4a940adfd5a6c78c73c48c5095e7b896.jpg","https://media.birdweather.com/species/501/White-wingedDove-png200-d65decd3d571b5a9dbeca249ef97689f.png","IscJLwb6hoVelZWZdoh3eIeIdxBoB4IG",16761304433,"https://media.birdweather.com/soundscapes/19267/19267-20260911-120426.flac",0,3,"live"
11075314393,19267,"2026-09-11T06:04:15.000-06:00",0.953921914100647,0.203247800469398,7.71424356708064,"almost_certain","BirdNET",NA,10.2198,-83.7874,FALSE,501,"White-winged Dove","Zenaida asiatica","#d16ff8","avian","https://media.birdweather.com/species/501/White-wingedDove-standard-6528ef689b07d5a91f1c2275cdef19c9.jpg","https://media.birdweather.com/species/501/White-wingedDove-thumbnail-4a940adfd5a6c78c73c48c5095e7b896.jpg","https://media.birdweather.com/species/501/White-wingedDove-png200-d65decd3d571b5a9dbeca249ef97689f.png","IscJLwb6hoVelZWZdoh3eIeIdxBoB4IG",16761297370,"https://media.birdweather.com/soundscapes/19267/19267-20260911-120412.flac",3,6,"live"
11075314389,19267,"2026-09-11T06:04:13.500-06:00",0.834417521953583,0.203247800469398,7.43776313117496,"almost_certain","BirdNET",NA,10.2198,-83.7874,FALSE,501,"White-winged Dove","Zenaida asiatica","#d16ff8","avian","https://media.birdweather.com/species/501/White-wingedDove-standard-6528ef689b07d5a91f1c2275cdef19c9.jpg","https://media.birdweather.com/species/501/White-wingedDove-thumbnail-4a940adfd5a6c78c73c48c5095e7b896.jpg","https://media.birdweather.com/species/501/White-wingedDove-png200-d65decd3d571b5a9dbeca249ef97689f.png","IscJLwb6hoVelZWZdoh3eIeIdxBoB4IG",16761297370,"https://media.birdweather.com/soundscapes/19267/19267-20260911-120412.flac",1.5,4.5,"live"
11075310983,19267,"2026-09-11T06:04:06.000-06:00",0.752660572528839,0.203250512480736,7.2103128054169,"almost_certain","BirdNET",NA,10.2198,-83.7874,FALSE,501,"White-winged Dove","Zenaida asiatica","#d16ff8","avian","https://media.birdweather.com/species/501/White-wingedDove-standard-6528ef689b07d5a91f1c2275cdef19c9.jpg","https://media.birdweather.com/species/501/White-wingedDove-thumbnail-4a940adfd5a6c78c73c48c5095e7b896.jpg","https://media.birdweather.com/species/501/White-wingedDove-png200-d65decd3d571b5a9dbeca249ef97689f.png","IscJLwb6hoVelZWZdoh3eIeIdxBoB4IG",16761290976,"https://media.birdweather.com/soundscapes/19267/19267-20260911-120400.flac",6,9,"live"
11075296025,19267,"2026-09-11T06:03:12.000-06:00",0.848736763000488,0.203237026929855,7.47391867750966,"almost_certain","BirdNET",NA,10.2198,-83.7874,FALSE,501,"White-winged Dove","Zenaida asiatica","#d16ff8","avian","https://media.birdweather.com/species/501/White-wingedDove-standard-6528ef689b07d5a91f1c2275cdef19c9.jpg","https://media.birdweather.com/species/501/White-wingedDove-thumbnail-4a940adfd5a6c78c73c48c5095e7b896.jpg","https://media.birdweather.com/species/501/White-wingedDove-png200-d65decd3d571b5a9dbeca249ef97689f.png","IscJLwb6hoVelZWZdoh3eIeIdxBoB4IG",16761264429,"https://media.birdweather.com/soundscapes/19267/19267-20260911-120306.flac",6,9,"live"
11075288913,19267,"2026-09-11T06:02:42.500-06:00",0.700953900814056,0.203240647912025,7.04407377814868,"almost_certain","BirdNET",NA,10.2198,-83.7874,FALSE,501,"White-winged Dove","Zenaida asiatica","#d16ff8","avian","https://media.birdweather.com/species/501/White-wingedDove-standard-6528ef689b07d5a91f1c2275cdef19c9.jpg","https://media.birdweather.com/species/501/White-wingedDove-thumbnail-4a940adfd5a6c78c73c48c5095e7b896.jpg","https://media.birdweather.com/species/501/White-wingedDove-png200-d65decd3d571b5a9dbeca249ef97689f.png","IscJLwb6hoVelZWZdoh3eIeIdxBoB4IG",16761251663,"https://media.birdweather.com/soundscapes/19267/19267-20260911-120241.flac",1.5,4.5,"live"
11075263702,19267,"2026-09-11T06:01:09.500-06:00",0.975026369094849,0.203240647912025,7.75771403271044,"almost_certain","BirdNET",NA,10.2198,-83.7874,FALSE,501,"White-winged Dove","Zenaida asiatica","#d16ff8","avian","https://media.birdweather.com/species/501/White-wingedDove-standard-6528ef689b07d5a91f1c2275cdef19c9.jpg","https://media.birdweather.com/species/501/White-wingedDove-thumbnail-4a940adfd5a6c78c73c48c5095e7b896.jpg","https://media.birdweather.com/species/501/White-wingedDove-png200-d65decd3d571b5a9dbeca249ef97689f.png","IscJLwb6hoVelZWZdoh3eIeIdxBoB4IG",16761206185,"https://media.birdweather.com/soundscapes/19267/19267-20260911-120108.flac",1.5,4.5,"live"
11075263697,19267,"2026-09-11T06:01:08.000-06:00",0.951781690120697,0.203240647912025,7.70970638217853,"almost_certain","BirdNET",NA,10.2198,-83.7874,FALSE,501,"White-winged Dove","Zenaida asiatica","#d16ff8","avian","https://media.birdweather.com/species/501/White-wingedDove-standard-6528ef689b07d5a91f1c2275cdef19c9.jpg","https://media.birdweather.com/species/501/White-wingedDove-thumbnail-4a940adfd5a6c78c73c48c5095e7b896.jpg","https://media.birdweather.com/species/501/White-wingedDove-png200-d65decd3d571b5a9dbeca249ef97689f.png","IscJLwb6hoVelZWZdoh3eIeIdxBoB4IG",16761206185,"https://media.birdweather.com/soundscapes/19267/19267-20260911-120108.flac",0,3,"live"
11075260227,19267,"2026-09-11T06:00:56.000-06:00",0.812370538711548,0.112465731799603,6.62021157650513,"almost_certain","BirdNET",NA,10.2198,-83.7874,FALSE,603,"Tropical Mockingbird","Mimus gilvus","#006e2a","avian","https://media.birdweather.com/species/603/TropicalMockingbird-standard-33be42788a38707b12f757d28526a492.jpg","https://media.birdweather.com/species/603/TropicalMockingbird-thumbnail-4f6417f6928c80a2cb70eb341f54fd79.jpg","https://media.birdweather.com/species/603/TropicalMockingbird-png200-9e94d27578943cfad1e7923fe23d2300.png","q+cJFwL4VohclXidhXh5aJh4qDAaGKYA",16761200059,"https://media.birdweather.com/soundscapes/19267/19267-20260911-120056.flac",0,3,"live"
11075256719,19267,"2026-09-11T06:00:43.500-06:00",0.717077553272247,0.203240647912025,7.09808701926467,"almost_certain","BirdNET",NA,10.2198,-83.7874,FALSE,501,"White-winged Dove","Zenaida asiatica","#d16ff8","avian","https://media.birdweather.com/species/501/White-wingedDove-standard-6528ef689b07d5a91f1c2275cdef19c9.jpg","https://media.birdweather.com/species/501/White-wingedDove-thumbnail-4a940adfd5a6c78c73c48c5095e7b896.jpg","https://media.birdweather.com/species/501/White-wingedDove-png200-d65decd3d571b5a9dbeca249ef97689f.png","IscJLwb6hoVelZWZdoh3eIeIdxBoB4IG",16761193711,"https://media.birdweather.com/soundscapes/19267/19267-20260911-120042.flac",1.5,4.5,"live"
11075256716,19267,"2026-09-11T06:00:42.000-06:00",0.927706122398376,0.203240647912025,7.65814290336315,"almost_certain","BirdNET",NA,10.2198,-83.7874,FALSE,501,"White-winged Dove","Zenaida asiatica","#d16ff8","avian","https://media.birdweather.com/species/501/White-wingedDove-standard-6528ef689b07d5a91f1c2275cdef19c9.jpg","https://media.birdweather.com/species/501/White-wingedDove-thumbnail-4a940adfd5a6c78c73c48c5095e7b896.jpg","https://media.birdweather.com/species/501/White-wingedDove-png200-d65decd3d571b5a9dbeca249ef97689f.png","IscJLwb6hoVelZWZdoh3eIeIdxBoB4IG",16761193711,"https://media.birdweather.com/soundscapes/19267/19267-20260911-120042.flac",0,3,"live"
11075238071,19267,"2026-09-11T05:59:42.000-06:00",0.705523788928986,0.203244730830193,7.05962632528053,"almost_certain","BirdNET",NA,10.2198,-83.7874,FALSE,501,"White-winged Dove","Zenaida asiatica","#d16ff8","avian","https://media.birdweather.com/species/501/White-wingedDove-standard-6528ef689b07d5a91f1c2275cdef19c9.jpg","https://media.birdweather.com/species/501/White-wingedDove-thumbnail-4a940adfd5a6c78c73c48c5095e7b896.jpg","https://media.birdweather.com/species/501/White-wingedDove-png200-d65decd3d571b5a9dbeca249ef97689f.png","IscJLwb6hoVelZWZdoh3eIeIdxBoB4IG",16761161000,"https://media.birdweather.com/soundscapes/19267/19267-20260911-115936.flac",6,9,"live"
11075218378,19267,"2026-09-11T05:58:30.500-06:00",0.718768119812012,0.203244730830193,7.10365513305223,"almost_certain","BirdNET",NA,10.2198,-83.7874,FALSE,501,"White-winged Dove","Zenaida asiatica","#d16ff8","avian","https://media.birdweather.com/species/501/White-wingedDove-standard-6528ef689b07d5a91f1c2275cdef19c9.jpg","https://media.birdweather.com/species/501/White-wingedDove-thumbnail-4a940adfd5a6c78c73c48c5095e7b896.jpg","https://media.birdweather.com/species/501/White-wingedDove-png200-d65decd3d571b5a9dbeca249ef97689f.png","IscJLwb6hoVelZWZdoh3eIeIdxBoB4IG",16761126341,"https://media.birdweather.com/soundscapes/19267/19267-20260911-115826.flac",4.5,7.5,"live"
11075207021,19267,"2026-09-11T05:57:47.000-06:00",0.779833614826202,0.0207842998206615,4.63859548925164,"almost_certain","BirdNET",NA,10.2198,-83.7874,FALSE,550,"Merlin","Falco columbarius","#bda500","avian","https://media.birdweather.com/species/550/Merlin-standard-bf5099ba5d3981b947ad079a3dc40c53.jpg","https://media.birdweather.com/species/550/Merlin-thumbnail-c26d14847078062745ef112933b3032e.jpg","https://media.birdweather.com/species/550/Merlin-png200-794bd1bf7da73775aba228e02845dbb8.png","nfgJFwK8moiQiJlkiFdZFph2igxoj1QD",16761105803,"https://media.birdweather.com/soundscapes/19267/19267-20260911-115744.flac",3,6,"live"
11075151384,19267,"2026-09-11T05:54:25.000-06:00",0.770921945571899,0.203250646591187,7.26449689712692,"almost_certain","BirdNET",NA,10.2198,-83.7874,FALSE,501,"White-winged Dove","Zenaida asiatica","#d16ff8","avian","https://media.birdweather.com/species/501/White-wingedDove-standard-6528ef689b07d5a91f1c2275cdef19c9.jpg","https://media.birdweather.com/species/501/White-wingedDove-thumbnail-4a940adfd5a6c78c73c48c5095e7b896.jpg","https://media.birdweather.com/species/501/White-wingedDove-png200-d65decd3d571b5a9dbeca249ef97689f.png","IscJLwb6hoVelZWZdoh3eIeIdxBoB4IG",16761006261,"https://media.birdweather.com/soundscapes/19267/19267-20260911-115422.flac",3,6,"live"
11074828986,19267,"2026-09-11T05:34:19.500-06:00",0.797227025032043,0.20324769616127,7.33894340593863,"almost_certain","BirdNET",NA,10.2198,-83.7874,FALSE,501,"White-winged Dove","Zenaida asiatica","#d16ff8","avian","https://media.birdweather.com/species/501/White-wingedDove-standard-6528ef689b07d5a91f1c2275cdef19c9.jpg","https://media.birdweather.com/species/501/White-wingedDove-thumbnail-4a940adfd5a6c78c73c48c5095e7b896.jpg","https://media.birdweather.com/species/501/White-wingedDove-png200-d65decd3d571b5a9dbeca249ef97689f.png","IscJLwb6hoVelZWZdoh3eIeIdxBoB4IG",16760413221,"https://media.birdweather.com/soundscapes/19267/19267-20260911-113418.flac",1.5,4.5,"live"
11074808739,19267,"2026-09-11T05:33:03.000-06:00",0.949349522590637,0.203256398439407,7.7046857603716,"almost_certain","BirdNET",NA,10.2198,-83.7874,FALSE,501,"White-winged Dove","Zenaida asiatica","#d16ff8","avian","https://media.birdweather.com/species/501/White-wingedDove-standard-6528ef689b07d5a91f1c2275cdef19c9.jpg","https://media.birdweather.com/species/501/White-wingedDove-thumbnail-4a940adfd5a6c78c73c48c5095e7b896.jpg","https://media.birdweather.com/species/501/White-wingedDove-png200-d65decd3d571b5a9dbeca249ef97689f.png","IscJLwb6hoVelZWZdoh3eIeIdxBoB4IG",16760373830,"https://media.birdweather.com/soundscapes/19267/19267-20260911-113257.flac",6,9,"live"
11074808737,19267,"2026-09-11T05:33:01.500-06:00",0.963390171527863,0.203256398439407,7.73399305211641,"almost_certain","BirdNET",NA,10.2198,-83.7874,FALSE,501,"White-winged Dove","Zenaida asiatica","#d16ff8","avian","https://media.birdweather.com/species/501/White-wingedDove-standard-6528ef689b07d5a91f1c2275cdef19c9.jpg","https://media.birdweather.com/species/501/White-wingedDove-thumbnail-4a940adfd5a6c78c73c48c5095e7b896.jpg","https://media.birdweather.com/species/501/White-wingedDove-png200-d65decd3d571b5a9dbeca249ef97689f.png","IscJLwb6hoVelZWZdoh3eIeIdxBoB4IG",16760373830,"https://media.birdweather.com/soundscapes/19267/19267-20260911-113257.flac",4.5,7.5,"live"
11074663446,19267,"2026-09-11T05:23:14.000-06:00",0.702968299388885,0.55222487449646,8.37912783075696,"almost_certain","BirdNET",NA,10.2198,-83.7874,FALSE,802,"Rufous-tailed Hummingbird","Amazilia tzacatl","#d9c845","avian","https://media.birdweather.com/species/802/Rufous-tailedHummingbird-standard-4d0209b50ad0c35c6d8337f5c0c16b55.jpg","https://media.birdweather.com/species/802/Rufous-tailedHummingbird-thumbnail-fbf17400c31564f70aa45927c5d75f5e.jpg","https://media.birdweather.com/species/802/Rufous-tailedHummingbird-png200-8ea431c9893cfe027e92471791a8c256.png","mPkJFwIHqJeJl4lriIaGhYh3+H+oVGAH",16760087441,"https://media.birdweather.com/soundscapes/19267/19267-20260911-112314.flac",0,3,"live"
11074612024,19267,"2026-09-11T05:19:41.000-06:00",0.727241933345795,0.765555083751678,8.89996025369828,"almost_certain","BirdNET",NA,10.2198,-83.7874,FALSE,229,"Great Kiskadee","Pitangus sulphuratus","#7d4410","avian","https://media.birdweather.com/species/229/GreatKiskadee-standard-cd28a1b8e8b8e5aed433e809c229004e.jpg","https://media.birdweather.com/species/229/GreatKiskadee-thumbnail-b2749ed2442fb322cf3c4cb72f9c97f6.jpg","https://media.birdweather.com/species/229/GreatKiskadee-png200-003973af4f863deb00a4ce9b6f10e59c.png","0PgFDwIrhYqfZJh1mVe3SZZ3uKEJBncG",16759983002,"https://media.birdweather.com/soundscapes/19267/19267-20260911-111941.flac",0,3,"live"
11074403896,19267,"2026-09-11T05:05:11.000-06:00",0.781230866909027,0.160399168729782,6.98683938853537,"almost_certain","BirdNET",NA,10.2198,-83.7874,FALSE,349,"Southern Lapwing","Vanellus chilensis","#008b44","avian","https://media.birdweather.com/species/349/SouthernLapwing-standard-02014dbe85174d8ed1a9e83d1367f600.jpg","https://media.birdweather.com/species/349/SouthernLapwing-thumbnail-33b4d17a45224d79dbf2a0a3aa5ea2c7.jpg","https://media.birdweather.com/species/349/SouthernLapwing-png200-1801892688cffe6fb6fd8c00fbf91764.png","XhkGDwDoWodoiXerVYpYCZVFGq/V3xQD",16759555204,"https://media.birdweather.com/soundscapes/19267/19267-20260911-110505.flac",6,9,"live"
11074295923,19267,"2026-09-11T04:57:08.000-06:00",0.753003716468811,0.0591464266180992,5.66840049860898,"almost_certain","BirdNET",NA,10.2198,-83.7874,FALSE,426,"Black Phoebe","Sayornis nigricans","#746b00","avian","https://media.birdweather.com/species/426/BlackPhoebe-standard-13f0664df8b95e75345505e3b8a65819.jpg","https://media.birdweather.com/species/426/BlackPhoebe-thumbnail-97b77b25bdf04414477a9c6f268c1dca.jpg","https://media.birdweather.com/species/426/BlackPhoebe-png200-dccf61d622cb873a9744a54f6575ab29.png","W/kJLwIQmHeymXZ4SUmX2VeFWPuWRJIA",16759321542,"https://media.birdweather.com/soundscapes/19267/19267-20260911-105708.flac",0,3,"live"
11073953395,19267,"2026-09-11T04:27:59.000-06:00",0.872864663600922,0.0574711002409458,5.95640484508695,"almost_certain","BirdNET",NA,10.2198,-83.7874,FALSE,2106,"Scale-crested Pygmy-Tyrant","Lophotriccus pileatus","#ff3f73","avian","https://media.birdweather.com/species/2106/Scale-crestedPygmy-Tyrant-standard-30688703276d7a86ba8040e08ec546e4.jpg","https://media.birdweather.com/species/2106/Scale-crestedPygmy-Tyrant-thumbnail-a2fa4da6488b42e46af0521226507326.jpg","https://media.birdweather.com/species/2106/Scale-crestedPygmy-Tyrant-png200-7dba50c93511c6b01ee479c707de9a8b.png","IroFJwJKZ2tcVqZvUmlauFW0Vp9LCUoK",16758468851,"https://media.birdweather.com/soundscapes/19267/19267-20260911-102759.flac",0,3,"live"
11071775674,19267,"2026-09-11T01:05:45.000-06:00",0.752415060997009,0.0345168821513653,5.06332878637385,"almost_certain","BirdNET",NA,10.2198,-83.7874,FALSE,209,"Belted Kingfisher","Megaceryle alcyon","#caca8b","avian","https://media.birdweather.com/species/209/BeltedKingfisher-standard-371f4b97741d652f760bb71134bf5162.jpg","https://media.birdweather.com/species/209/BeltedKingfisher-thumbnail-8f16396dfb739d5aee7315abbbf33a28.jpg","https://media.birdweather.com/species/209/BeltedKingfisher-png200-47c2ad3f00fba2cd6f2def7a93944fb1.png","VggGDwJZn5aXS4hmaGZ4eHdox7+534wK",16752566607,"https://media.birdweather.com/soundscapes/19267/19267-20260911-070545.flac",0,3,"live"
