"id","stationId","timestamp","confidence","probability","score","certainty","algorithm","metadata","lat","lon","favorite","species.id","species.commonName","species.scientificName","species.color","species.classification","species.imageUrl","species.thumbnailUrl","species.pngUrl","species.thumbhash","soundscape.id","soundscape.url","soundscape.startTime","soundscape.endTime","soundscape.mode"
11149603595,19267,"2026-09-14T16:11:35.000-06:00",0.774730324745178,0.203244611620903,7.27549285347639,"almost_certain","BirdNET",NA,10.2198,-83.7874,FALSE,501,"White-winged Dove","Zenaida asiatica","#d16ff8","avian","https://media.birdweather.com/species/501/White-wingedDove-standard-6528ef689b07d5a91f1c2275cdef19c9.jpg","https://media.birdweather.com/species/501/White-wingedDove-thumbnail-4a940adfd5a6c78c73c48c5095e7b896.jpg","https://media.birdweather.com/species/501/White-wingedDove-png200-d65decd3d571b5a9dbeca249ef97689f.png","IscJLwb6hoVelZWZdoh3eIeIdxBoB4IG",16907274477,"https://media.birdweather.com/soundscapes/19267/19267-20260914-221132.flac",3,6,"live"
11149507290,19267,"2026-09-14T16:05:12.500-06:00",0.762351810932159,0.162023663520813,6.94500956076341,"almost_certain","BirdNET",NA,10.2198,-83.7874,FALSE,1150,"White-crowned Parrot","Pionus senilis","#723990","avian","https://media.birdweather.com/species/1150/White-crownedParrot-standard-fba8664704e4670f70917d29327f1cab.jpg","https://media.birdweather.com/species/1150/White-crownedParrot-thumbnail-2e09ce5903724db35096c93f72eb7b4c.jpg","https://media.birdweather.com/species/1150/White-crownedParrot-png200-10c1d695926bb0180cd3384503985495.png","WggGDwK3tniUiYqPiVebyMa0jqr4l2sP",16907084852,"https://media.birdweather.com/soundscapes/19267/19267-20260914-220511.flac",1.5,4.5,"live"
11149507284,19267,"2026-09-14T16:05:11.000-06:00",0.871900081634521,0.162023663520813,7.23632389044603,"almost_certain","BirdNET",NA,10.2198,-83.7874,FALSE,1150,"White-crowned Parrot","Pionus senilis","#723990","avian","https://media.birdweather.com/species/1150/White-crownedParrot-standard-fba8664704e4670f70917d29327f1cab.jpg","https://media.birdweather.com/species/1150/White-crownedParrot-thumbnail-2e09ce5903724db35096c93f72eb7b4c.jpg","https://media.birdweather.com/species/1150/White-crownedParrot-png200-10c1d695926bb0180cd3384503985495.png","WggGDwK3tniUiYqPiVebyMa0jqr4l2sP",16907084852,"https://media.birdweather.com/soundscapes/19267/19267-20260914-220511.flac",0,3,"live"
11149213624,19267,"2026-09-14T15:45:25.000-06:00",0.816855907440186,0.216581925749779,7.47507977685122,"almost_certain","BirdNET",NA,10.2198,-83.7874,FALSE,3766,"Crimson-fronted Parakeet","Psittacara finschi","#65ad00","avian","https://media.birdweather.com/species/3766/Crimson-frontedParakeet-standard-ddc77fa728634b78b78a31cc430f7895.jpg","https://media.birdweather.com/species/3766/Crimson-frontedParakeet-thumbnail-df6cfd5712c254c532e4f60547260885.jpg","https://media.birdweather.com/species/3766/Crimson-frontedParakeet-png200-7ac02114402521892623f1f6b95ca6c2.png","1PgJHwR1hXZghIXBaJmliYSndzA49JgL",16906494457,"https://media.birdweather.com/soundscapes/19267/19267-20260914-214525.flac",0,3,"live"
11149206649,19267,"2026-09-14T15:45:02.500-06:00",0.714775264263153,0.216575011610985,7.17360059027216,"almost_certain","BirdNET",NA,10.2198,-83.7874,FALSE,3766,"Crimson-fronted Parakeet","Psittacara finschi","#65ad00","avian","https://media.birdweather.com/species/3766/Crimson-frontedParakeet-standard-ddc77fa728634b78b78a31cc430f7895.jpg","https://media.birdweather.com/species/3766/Crimson-frontedParakeet-thumbnail-df6cfd5712c254c532e4f60547260885.jpg","https://media.birdweather.com/species/3766/Crimson-frontedParakeet-png200-7ac02114402521892623f1f6b95ca6c2.png","1PgJHwR1hXZghIXBaJmliYSndzA49JgL",16906480405,"https://media.birdweather.com/soundscapes/19267/19267-20260914-214458.flac",4.5,7.5,"live"
11149206640,19267,"2026-09-14T15:44:58.000-06:00",0.784659266471863,0.216575011610985,7.38692227514044,"almost_certain","BirdNET",NA,10.2198,-83.7874,FALSE,3766,"Crimson-fronted Parakeet","Psittacara finschi","#65ad00","avian","https://media.birdweather.com/species/3766/Crimson-frontedParakeet-standard-ddc77fa728634b78b78a31cc430f7895.jpg","https://media.birdweather.com/species/3766/Crimson-frontedParakeet-thumbnail-df6cfd5712c254c532e4f60547260885.jpg","https://media.birdweather.com/species/3766/Crimson-frontedParakeet-png200-7ac02114402521892623f1f6b95ca6c2.png","1PgJHwR1hXZghIXBaJmliYSndzA49JgL",16906480405,"https://media.birdweather.com/soundscapes/19267/19267-20260914-214458.flac",0,3,"live"
11149190659,19267,"2026-09-14T15:43:54.500-06:00",0.767625689506531,0.21657882630825,7.33792957181886,"almost_certain","BirdNET",NA,10.2198,-83.7874,FALSE,3766,"Crimson-fronted Parakeet","Psittacara finschi","#65ad00","avian","https://media.birdweather.com/species/3766/Crimson-frontedParakeet-standard-ddc77fa728634b78b78a31cc430f7895.jpg","https://media.birdweather.com/species/3766/Crimson-frontedParakeet-thumbnail-df6cfd5712c254c532e4f60547260885.jpg","https://media.birdweather.com/species/3766/Crimson-frontedParakeet-png200-7ac02114402521892623f1f6b95ca6c2.png","1PgJHwR1hXZghIXBaJmliYSndzA49JgL",16906447960,"https://media.birdweather.com/soundscapes/19267/19267-20260914-214353.flac",1.5,4.5,"live"
11149157290,19267,"2026-09-14T15:41:38.000-06:00",0.888349115848541,0.0537420623004436,5.91505318737154,"almost_certain","BirdNET",NA,10.2198,-83.7874,FALSE,2151,"Acorn Woodpecker","Melanerpes formicivorus","#cccb5a","avian","https://media.birdweather.com/species/2151/AcornWoodpecker-standard-1426ac1a77928311bf55b510e2efdf85.jpg","https://media.birdweather.com/species/2151/AcornWoodpecker-thumbnail-ee8e04b70b6377d4fa9ea213b2066022.jpg","https://media.birdweather.com/species/2151/AcornWoodpecker-png200-f7c93ecb2931bc203c066cf8d25cbf3c.png","GSkGDwIyOHVPhYUlV5dVdXmGGPWDdE8K",16906379040,"https://media.birdweather.com/soundscapes/19267/19267-20260914-214135.flac",3,6,"live"
11149140847,19267,"2026-09-14T15:40:32.500-06:00",0.813716053962708,0.216583266854286,7.46673987554692,"almost_certain","BirdNET",NA,10.2198,-83.7874,FALSE,3766,"Crimson-fronted Parakeet","Psittacara finschi","#65ad00","avian","https://media.birdweather.com/species/3766/Crimson-frontedParakeet-standard-ddc77fa728634b78b78a31cc430f7895.jpg","https://media.birdweather.com/species/3766/Crimson-frontedParakeet-thumbnail-df6cfd5712c254c532e4f60547260885.jpg","https://media.birdweather.com/species/3766/Crimson-frontedParakeet-png200-7ac02114402521892623f1f6b95ca6c2.png","1PgJHwR1hXZghIXBaJmliYSndzA49JgL",16906345392,"https://media.birdweather.com/soundscapes/19267/19267-20260914-214028.flac",4.5,7.5,"live"
11149104372,19267,"2026-09-14T15:37:59.000-06:00",0.845917522907257,0.216576009988785,7.5499881870696,"almost_certain","BirdNET",NA,10.2198,-83.7874,FALSE,3766,"Crimson-fronted Parakeet","Psittacara finschi","#65ad00","avian","https://media.birdweather.com/species/3766/Crimson-frontedParakeet-standard-ddc77fa728634b78b78a31cc430f7895.jpg","https://media.birdweather.com/species/3766/Crimson-frontedParakeet-thumbnail-df6cfd5712c254c532e4f60547260885.jpg","https://media.birdweather.com/species/3766/Crimson-frontedParakeet-png200-7ac02114402521892623f1f6b95ca6c2.png","1PgJHwR1hXZghIXBaJmliYSndzA49JgL",16906270695,"https://media.birdweather.com/soundscapes/19267/19267-20260914-213756.flac",3,6,"live"
11149076086,19267,"2026-09-14T15:36:02.000-06:00",0.882520020008087,0.370226383209229,8.3481255183416,"almost_certain","BirdNET",NA,10.2198,-83.7874,FALSE,262,"Roadside Hawk","Rupornis magnirostris","#46bb34","avian","https://media.birdweather.com/species/262/RoadsideHawk-standard-a5c56216bf9be4fc01ebc489090a5563.jpg","https://media.birdweather.com/species/262/RoadsideHawk-thumbnail-df1106fe462cfe8e072de255c1ae9a44.jpg","https://media.birdweather.com/species/262/RoadsideHawk-png200-a8febd41a3cc63c1530a3a3d42df0a5d.png","3qUFLwb7ReVetoaHZVqalWZ8NTBaA6MF",16906211442,"https://media.birdweather.com/soundscapes/19267/19267-20260914-213559.flac",3,6,"live"
11149062911,19267,"2026-09-14T15:35:10.500-06:00",0.937357604503632,0.765551209449768,9.4479266197254,"almost_certain","BirdNET",NA,10.2198,-83.7874,FALSE,229,"Great Kiskadee","Pitangus sulphuratus","#7d4410","avian","https://media.birdweather.com/species/229/GreatKiskadee-standard-cd28a1b8e8b8e5aed433e809c229004e.jpg","https://media.birdweather.com/species/229/GreatKiskadee-thumbnail-b2749ed2442fb322cf3c4cb72f9c97f6.jpg","https://media.birdweather.com/species/229/GreatKiskadee-png200-003973af4f863deb00a4ce9b6f10e59c.png","0PgFDwIrhYqfZJh1mVe3SZZ3uKEJBncG",16906185441,"https://media.birdweather.com/soundscapes/19267/19267-20260914-213506.flac",4.5,7.5,"live"
11148986854,19267,"2026-09-14T15:29:57.000-06:00",0.820826590061188,0.216592937707901,7.48563099390064,"almost_certain","BirdNET",NA,10.2198,-83.7874,FALSE,3766,"Crimson-fronted Parakeet","Psittacara finschi","#65ad00","avian","https://media.birdweather.com/species/3766/Crimson-frontedParakeet-standard-ddc77fa728634b78b78a31cc430f7895.jpg","https://media.birdweather.com/species/3766/Crimson-frontedParakeet-thumbnail-df6cfd5712c254c532e4f60547260885.jpg","https://media.birdweather.com/species/3766/Crimson-frontedParakeet-png200-7ac02114402521892623f1f6b95ca6c2.png","1PgJHwR1hXZghIXBaJmliYSndzA49JgL",16906031659,"https://media.birdweather.com/soundscapes/19267/19267-20260914-212957.flac",0,3,"live"
11148969859,19267,"2026-09-14T15:28:54.500-06:00",0.818780124187469,0.216584071516991,7.48018368999798,"almost_certain","BirdNET",NA,10.2198,-83.7874,FALSE,3766,"Crimson-fronted Parakeet","Psittacara finschi","#65ad00","avian","https://media.birdweather.com/species/3766/Crimson-frontedParakeet-standard-ddc77fa728634b78b78a31cc430f7895.jpg","https://media.birdweather.com/species/3766/Crimson-frontedParakeet-thumbnail-df6cfd5712c254c532e4f60547260885.jpg","https://media.birdweather.com/species/3766/Crimson-frontedParakeet-png200-7ac02114402521892623f1f6b95ca6c2.png","1PgJHwR1hXZghIXBaJmliYSndzA49JgL",16905997653,"https://media.birdweather.com/soundscapes/19267/19267-20260914-212850.flac",4.5,7.5,"live"
11148627830,19267,"2026-09-14T15:06:01.500-06:00",0.84950578212738,0.203237920999527,7.47584304409839,"almost_certain","BirdNET",NA,10.2198,-83.7874,FALSE,501,"White-winged Dove","Zenaida asiatica","#d16ff8","avian","https://media.birdweather.com/species/501/White-wingedDove-standard-6528ef689b07d5a91f1c2275cdef19c9.jpg","https://media.birdweather.com/species/501/White-wingedDove-thumbnail-4a940adfd5a6c78c73c48c5095e7b896.jpg","https://media.birdweather.com/species/501/White-wingedDove-png200-d65decd3d571b5a9dbeca249ef97689f.png","IscJLwb6hoVelZWZdoh3eIeIdxBoB4IG",16905316669,"https://media.birdweather.com/soundscapes/19267/19267-20260914-210600.flac",1.5,4.5,"live"
11148627827,19267,"2026-09-14T15:06:00.000-06:00",0.740534722805023,0.203237920999527,7.17303190552961,"almost_certain","BirdNET",NA,10.2198,-83.7874,FALSE,501,"White-winged Dove","Zenaida asiatica","#d16ff8","avian","https://media.birdweather.com/species/501/White-wingedDove-standard-6528ef689b07d5a91f1c2275cdef19c9.jpg","https://media.birdweather.com/species/501/White-wingedDove-thumbnail-4a940adfd5a6c78c73c48c5095e7b896.jpg","https://media.birdweather.com/species/501/White-wingedDove-png200-d65decd3d571b5a9dbeca249ef97689f.png","IscJLwb6hoVelZWZdoh3eIeIdxBoB4IG",16905316669,"https://media.birdweather.com/soundscapes/19267/19267-20260914-210600.flac",0,3,"live"
11148214325,19267,"2026-09-14T14:37:50.000-06:00",0.800093114376068,0.20326928794384,7.34695632253058,"almost_certain","BirdNET",NA,10.2198,-83.7874,FALSE,501,"White-winged Dove","Zenaida asiatica","#d16ff8","avian","https://media.birdweather.com/species/501/White-wingedDove-standard-6528ef689b07d5a91f1c2275cdef19c9.jpg","https://media.birdweather.com/species/501/White-wingedDove-thumbnail-4a940adfd5a6c78c73c48c5095e7b896.jpg","https://media.birdweather.com/species/501/White-wingedDove-png200-d65decd3d571b5a9dbeca249ef97689f.png","IscJLwb6hoVelZWZdoh3eIeIdxBoB4IG",16904476107,"https://media.birdweather.com/soundscapes/19267/19267-20260914-203750.flac",0,3,"live"
11148143745,19267,"2026-09-14T14:33:07.000-06:00",0.736823976039886,0.20326267182827,7.16160214575166,"almost_certain","BirdNET",NA,10.2198,-83.7874,FALSE,501,"White-winged Dove","Zenaida asiatica","#d16ff8","avian","https://media.birdweather.com/species/501/White-wingedDove-standard-6528ef689b07d5a91f1c2275cdef19c9.jpg","https://media.birdweather.com/species/501/White-wingedDove-thumbnail-4a940adfd5a6c78c73c48c5095e7b896.jpg","https://media.birdweather.com/species/501/White-wingedDove-png200-d65decd3d571b5a9dbeca249ef97689f.png","IscJLwb6hoVelZWZdoh3eIeIdxBoB4IG",16904333968,"https://media.birdweather.com/soundscapes/19267/19267-20260914-203304.flac",3,6,"live"
11148098174,19267,"2026-09-14T14:30:05.000-06:00",0.739420771598816,0.19791167974472,7.13490890717487,"almost_certain","BirdNET",NA,10.2198,-83.7874,FALSE,375,"Osprey","Pandion haliaetus","#60d8d9","avian","https://media.birdweather.com/species/375/Osprey-standard-86c8030b42ef1e93b509a463813c8687.jpg","https://media.birdweather.com/species/375/Osprey-thumbnail-bb14caf333e22c1b44befe2ed6c78026.jpg","https://media.birdweather.com/species/375/Osprey-png200-13b20673a5ded4772a43109283ea4db3.png","5QcKDwD5hTd9lIaId3d3iHd4aEBYBYYE",16904242913,"https://media.birdweather.com/soundscapes/19267/19267-20260914-203002.flac",3,6,"live"
11148094664,19267,"2026-09-14T14:29:52.500-06:00",0.734730124473572,0.112461745738983,6.39504497228075,"almost_certain","BirdNET",NA,10.2198,-83.7874,FALSE,603,"Tropical Mockingbird","Mimus gilvus","#006e2a","avian","https://media.birdweather.com/species/603/TropicalMockingbird-standard-33be42788a38707b12f757d28526a492.jpg","https://media.birdweather.com/species/603/TropicalMockingbird-thumbnail-4f6417f6928c80a2cb70eb341f54fd79.jpg","https://media.birdweather.com/species/603/TropicalMockingbird-png200-9e94d27578943cfad1e7923fe23d2300.png","q+cJFwL4VohclXidhXh5aJh4qDAaGKYA",16904235897,"https://media.birdweather.com/soundscapes/19267/19267-20260914-202948.flac",4.5,7.5,"live"
11148094661,19267,"2026-09-14T14:29:51.000-06:00",0.8394495844841,0.112461745738983,6.69072371074451,"almost_certain","BirdNET",NA,10.2198,-83.7874,FALSE,603,"Tropical Mockingbird","Mimus gilvus","#006e2a","avian","https://media.birdweather.com/species/603/TropicalMockingbird-standard-33be42788a38707b12f757d28526a492.jpg","https://media.birdweather.com/species/603/TropicalMockingbird-thumbnail-4f6417f6928c80a2cb70eb341f54fd79.jpg","https://media.birdweather.com/species/603/TropicalMockingbird-png200-9e94d27578943cfad1e7923fe23d2300.png","q+cJFwL4VohclXidhXh5aJh4qDAaGKYA",16904235897,"https://media.birdweather.com/soundscapes/19267/19267-20260914-202948.flac",3,6,"live"
11147930434,19267,"2026-09-14T14:19:02.500-06:00",0.700587034225464,0.216584175825119,7.12597207592529,"almost_certain","BirdNET",NA,10.2198,-83.7874,FALSE,3766,"Crimson-fronted Parakeet","Psittacara finschi","#65ad00","avian","https://media.birdweather.com/species/3766/Crimson-frontedParakeet-standard-ddc77fa728634b78b78a31cc430f7895.jpg","https://media.birdweather.com/species/3766/Crimson-frontedParakeet-thumbnail-df6cfd5712c254c532e4f60547260885.jpg","https://media.birdweather.com/species/3766/Crimson-frontedParakeet-png200-7ac02114402521892623f1f6b95ca6c2.png","1PgJHwR1hXZghIXBaJmliYSndzA49JgL",16903914004,"https://media.birdweather.com/soundscapes/19267/19267-20260914-201901.flac",1.5,4.5,"live"
11147864497,19267,"2026-09-14T14:14:47.500-06:00",0.978997528553009,0.162025600671768,7.47150419372408,"almost_certain","BirdNET",NA,10.2198,-83.7874,FALSE,1150,"White-crowned Parrot","Pionus senilis","#723990","avian","https://media.birdweather.com/species/1150/White-crownedParrot-standard-fba8664704e4670f70917d29327f1cab.jpg","https://media.birdweather.com/species/1150/White-crownedParrot-thumbnail-2e09ce5903724db35096c93f72eb7b4c.jpg","https://media.birdweather.com/species/1150/White-crownedParrot-png200-10c1d695926bb0180cd3384503985495.png","WggGDwK3tniUiYqPiVebyMa0jqr4l2sP",16903785798,"https://media.birdweather.com/soundscapes/19267/19267-20260914-201443.flac",4.5,7.5,"live"
11147864495,19267,"2026-09-14T14:14:46.000-06:00",0.979112148284912,0.162025600671768,7.47173544019225,"almost_certain","BirdNET",NA,10.2198,-83.7874,FALSE,1150,"White-crowned Parrot","Pionus senilis","#723990","avian","https://media.birdweather.com/species/1150/White-crownedParrot-standard-fba8664704e4670f70917d29327f1cab.jpg","https://media.birdweather.com/species/1150/White-crownedParrot-thumbnail-2e09ce5903724db35096c93f72eb7b4c.jpg","https://media.birdweather.com/species/1150/White-crownedParrot-png200-10c1d695926bb0180cd3384503985495.png","WggGDwK3tniUiYqPiVebyMa0jqr4l2sP",16903785798,"https://media.birdweather.com/soundscapes/19267/19267-20260914-201443.flac",3,6,"live"
11147864492,19267,"2026-09-14T14:14:44.500-06:00",0.800672948360443,0.162025600671768,7.05411396917295,"almost_certain","BirdNET",NA,10.2198,-83.7874,FALSE,1150,"White-crowned Parrot","Pionus senilis","#723990","avian","https://media.birdweather.com/species/1150/White-crownedParrot-standard-fba8664704e4670f70917d29327f1cab.jpg","https://media.birdweather.com/species/1150/White-crownedParrot-thumbnail-2e09ce5903724db35096c93f72eb7b4c.jpg","https://media.birdweather.com/species/1150/White-crownedParrot-png200-10c1d695926bb0180cd3384503985495.png","WggGDwK3tniUiYqPiVebyMa0jqr4l2sP",16903785798,"https://media.birdweather.com/soundscapes/19267/19267-20260914-201443.flac",1.5,4.5,"live"
11147284047,19267,"2026-09-14T13:37:05.500-06:00",0.85040545463562,0.765552163124084,9.24698260946471,"almost_certain","BirdNET",NA,10.2198,-83.7874,FALSE,229,"Great Kiskadee","Pitangus sulphuratus","#7d4410","avian","https://media.birdweather.com/species/229/GreatKiskadee-standard-cd28a1b8e8b8e5aed433e809c229004e.jpg","https://media.birdweather.com/species/229/GreatKiskadee-thumbnail-b2749ed2442fb322cf3c4cb72f9c97f6.jpg","https://media.birdweather.com/species/229/GreatKiskadee-png200-003973af4f863deb00a4ce9b6f10e59c.png","0PgFDwIrhYqfZJh1mVe3SZZ3uKEJBncG",16902658667,"https://media.birdweather.com/soundscapes/19267/19267-20260914-193701.flac",4.5,7.5,"live"
11147284045,19267,"2026-09-14T13:37:04.000-06:00",0.896416008472443,0.765552163124084,9.35697063112183,"almost_certain","BirdNET",NA,10.2198,-83.7874,FALSE,229,"Great Kiskadee","Pitangus sulphuratus","#7d4410","avian","https://media.birdweather.com/species/229/GreatKiskadee-standard-cd28a1b8e8b8e5aed433e809c229004e.jpg","https://media.birdweather.com/species/229/GreatKiskadee-thumbnail-b2749ed2442fb322cf3c4cb72f9c97f6.jpg","https://media.birdweather.com/species/229/GreatKiskadee-png200-003973af4f863deb00a4ce9b6f10e59c.png","0PgFDwIrhYqfZJh1mVe3SZZ3uKEJBncG",16902658667,"https://media.birdweather.com/soundscapes/19267/19267-20260914-193701.flac",3,6,"live"
11147284042,19267,"2026-09-14T13:37:01.000-06:00",0.717643201351166,0.765552163124084,8.86882464107546,"almost_certain","BirdNET",NA,10.2198,-83.7874,FALSE,229,"Great Kiskadee","Pitangus sulphuratus","#7d4410","avian","https://media.birdweather.com/species/229/GreatKiskadee-standard-cd28a1b8e8b8e5aed433e809c229004e.jpg","https://media.birdweather.com/species/229/GreatKiskadee-thumbnail-b2749ed2442fb322cf3c4cb72f9c97f6.jpg","https://media.birdweather.com/species/229/GreatKiskadee-png200-003973af4f863deb00a4ce9b6f10e59c.png","0PgFDwIrhYqfZJh1mVe3SZZ3uKEJBncG",16902658667,"https://media.birdweather.com/soundscapes/19267/19267-20260914-193701.flac",0,3,"live"
11147280975,19267,"2026-09-14T13:36:52.500-06:00",0.905532658100128,0.765552282333374,9.37775384161121,"almost_certain","BirdNET",NA,10.2198,-83.7874,FALSE,229,"Great Kiskadee","Pitangus sulphuratus","#7d4410","avian","https://media.birdweather.com/species/229/GreatKiskadee-standard-cd28a1b8e8b8e5aed433e809c229004e.jpg","https://media.birdweather.com/species/229/GreatKiskadee-thumbnail-b2749ed2442fb322cf3c4cb72f9c97f6.jpg","https://media.birdweather.com/species/229/GreatKiskadee-png200-003973af4f863deb00a4ce9b6f10e59c.png","0PgFDwIrhYqfZJh1mVe3SZZ3uKEJBncG",16902652631,"https://media.birdweather.com/soundscapes/19267/19267-20260914-193648.flac",4.5,7.5,"live"
11147280971,19267,"2026-09-14T13:36:51.000-06:00",0.975864350795746,0.765552282333374,9.52829477654103,"almost_certain","BirdNET",NA,10.2198,-83.7874,FALSE,229,"Great Kiskadee","Pitangus sulphuratus","#7d4410","avian","https://media.birdweather.com/species/229/GreatKiskadee-standard-cd28a1b8e8b8e5aed433e809c229004e.jpg","https://media.birdweather.com/species/229/GreatKiskadee-thumbnail-b2749ed2442fb322cf3c4cb72f9c97f6.jpg","https://media.birdweather.com/species/229/GreatKiskadee-png200-003973af4f863deb00a4ce9b6f10e59c.png","0PgFDwIrhYqfZJh1mVe3SZZ3uKEJBncG",16902652631,"https://media.birdweather.com/soundscapes/19267/19267-20260914-193648.flac",3,6,"live"
11147280968,19267,"2026-09-14T13:36:48.000-06:00",0.846670985221863,0.765552282333374,9.23765577104139,"almost_certain","BirdNET",NA,10.2198,-83.7874,FALSE,229,"Great Kiskadee","Pitangus sulphuratus","#7d4410","avian","https://media.birdweather.com/species/229/GreatKiskadee-standard-cd28a1b8e8b8e5aed433e809c229004e.jpg","https://media.birdweather.com/species/229/GreatKiskadee-thumbnail-b2749ed2442fb322cf3c4cb72f9c97f6.jpg","https://media.birdweather.com/species/229/GreatKiskadee-png200-003973af4f863deb00a4ce9b6f10e59c.png","0PgFDwIrhYqfZJh1mVe3SZZ3uKEJBncG",16902652631,"https://media.birdweather.com/soundscapes/19267/19267-20260914-193648.flac",0,3,"live"
11147277849,19267,"2026-09-14T13:36:42.000-06:00",0.985368669033051,0.765553653240204,9.54742857013716,"almost_certain","BirdNET",NA,10.2198,-83.7874,FALSE,229,"Great Kiskadee","Pitangus sulphuratus","#7d4410","avian","https://media.birdweather.com/species/229/GreatKiskadee-standard-cd28a1b8e8b8e5aed433e809c229004e.jpg","https://media.birdweather.com/species/229/GreatKiskadee-thumbnail-b2749ed2442fb322cf3c4cb72f9c97f6.jpg","https://media.birdweather.com/species/229/GreatKiskadee-png200-003973af4f863deb00a4ce9b6f10e59c.png","0PgFDwIrhYqfZJh1mVe3SZZ3uKEJBncG",16902646298,"https://media.birdweather.com/soundscapes/19267/19267-20260914-193636.flac",6,9,"live"
11147277846,19267,"2026-09-14T13:36:40.500-06:00",0.829683423042297,0.765553653240204,9.19441055490251,"almost_certain","BirdNET",NA,10.2198,-83.7874,FALSE,229,"Great Kiskadee","Pitangus sulphuratus","#7d4410","avian","https://media.birdweather.com/species/229/GreatKiskadee-standard-cd28a1b8e8b8e5aed433e809c229004e.jpg","https://media.birdweather.com/species/229/GreatKiskadee-thumbnail-b2749ed2442fb322cf3c4cb72f9c97f6.jpg","https://media.birdweather.com/species/229/GreatKiskadee-png200-003973af4f863deb00a4ce9b6f10e59c.png","0PgFDwIrhYqfZJh1mVe3SZZ3uKEJBncG",16902646298,"https://media.birdweather.com/soundscapes/19267/19267-20260914-193636.flac",4.5,7.5,"live"
11147277842,19267,"2026-09-14T13:36:39.000-06:00",0.881414592266083,0.765553653240204,9.32207342023957,"almost_certain","BirdNET",NA,10.2198,-83.7874,FALSE,229,"Great Kiskadee","Pitangus sulphuratus","#7d4410","avian","https://media.birdweather.com/species/229/GreatKiskadee-standard-cd28a1b8e8b8e5aed433e809c229004e.jpg","https://media.birdweather.com/species/229/GreatKiskadee-thumbnail-b2749ed2442fb322cf3c4cb72f9c97f6.jpg","https://media.birdweather.com/species/229/GreatKiskadee-png200-003973af4f863deb00a4ce9b6f10e59c.png","0PgFDwIrhYqfZJh1mVe3SZZ3uKEJBncG",16902646298,"https://media.birdweather.com/soundscapes/19267/19267-20260914-193636.flac",3,6,"live"
11147277835,19267,"2026-09-14T13:36:37.500-06:00",0.835287272930145,0.765553653240204,9.20882850129987,"almost_certain","BirdNET",NA,10.2198,-83.7874,FALSE,229,"Great Kiskadee","Pitangus sulphuratus","#7d4410","avian","https://media.birdweather.com/species/229/GreatKiskadee-standard-cd28a1b8e8b8e5aed433e809c229004e.jpg","https://media.birdweather.com/species/229/GreatKiskadee-thumbnail-b2749ed2442fb322cf3c4cb72f9c97f6.jpg","https://media.birdweather.com/species/229/GreatKiskadee-png200-003973af4f863deb00a4ce9b6f10e59c.png","0PgFDwIrhYqfZJh1mVe3SZZ3uKEJBncG",16902646298,"https://media.birdweather.com/soundscapes/19267/19267-20260914-193636.flac",1.5,4.5,"live"
11146886067,19267,"2026-09-14T13:10:44.000-06:00",0.734378635883331,0.765548944473267,8.92264502775984,"almost_certain","BirdNET",NA,10.2198,-83.7874,FALSE,229,"Great Kiskadee","Pitangus sulphuratus","#7d4410","avian","https://media.birdweather.com/species/229/GreatKiskadee-standard-cd28a1b8e8b8e5aed433e809c229004e.jpg","https://media.birdweather.com/species/229/GreatKiskadee-thumbnail-b2749ed2442fb322cf3c4cb72f9c97f6.jpg","https://media.birdweather.com/species/229/GreatKiskadee-png200-003973af4f863deb00a4ce9b6f10e59c.png","0PgFDwIrhYqfZJh1mVe3SZZ3uKEJBncG",16901873555,"https://media.birdweather.com/soundscapes/19267/19267-20260914-191041.flac",3,6,"live"
11146876714,19267,"2026-09-14T13:10:09.000-06:00",0.756452262401581,0.765552878379822,8.99055949969822,"almost_certain","BirdNET",NA,10.2198,-83.7874,FALSE,229,"Great Kiskadee","Pitangus sulphuratus","#7d4410","avian","https://media.birdweather.com/species/229/GreatKiskadee-standard-cd28a1b8e8b8e5aed433e809c229004e.jpg","https://media.birdweather.com/species/229/GreatKiskadee-thumbnail-b2749ed2442fb322cf3c4cb72f9c97f6.jpg","https://media.birdweather.com/species/229/GreatKiskadee-png200-003973af4f863deb00a4ce9b6f10e59c.png","0PgFDwIrhYqfZJh1mVe3SZZ3uKEJBncG",16901854545,"https://media.birdweather.com/soundscapes/19267/19267-20260914-191003.flac",6,9,"live"
11146876710,19267,"2026-09-14T13:10:07.500-06:00",0.737635016441345,0.765552878379822,8.93288406928257,"almost_certain","BirdNET",NA,10.2198,-83.7874,FALSE,229,"Great Kiskadee","Pitangus sulphuratus","#7d4410","avian","https://media.birdweather.com/species/229/GreatKiskadee-standard-cd28a1b8e8b8e5aed433e809c229004e.jpg","https://media.birdweather.com/species/229/GreatKiskadee-thumbnail-b2749ed2442fb322cf3c4cb72f9c97f6.jpg","https://media.birdweather.com/species/229/GreatKiskadee-png200-003973af4f863deb00a4ce9b6f10e59c.png","0PgFDwIrhYqfZJh1mVe3SZZ3uKEJBncG",16901854545,"https://media.birdweather.com/soundscapes/19267/19267-20260914-191003.flac",4.5,7.5,"live"
11146258175,19267,"2026-09-14T12:28:46.500-06:00",0.789142429828644,0.112461745738983,6.55660671527547,"almost_certain","BirdNET",NA,10.2198,-83.7874,FALSE,603,"Tropical Mockingbird","Mimus gilvus","#006e2a","avian","https://media.birdweather.com/species/603/TropicalMockingbird-standard-33be42788a38707b12f757d28526a492.jpg","https://media.birdweather.com/species/603/TropicalMockingbird-thumbnail-4f6417f6928c80a2cb70eb341f54fd79.jpg","https://media.birdweather.com/species/603/TropicalMockingbird-png200-9e94d27578943cfad1e7923fe23d2300.png","q+cJFwL4VohclXidhXh5aJh4qDAaGKYA",16900619453,"https://media.birdweather.com/soundscapes/19267/19267-20260914-182842.flac",4.5,7.5,"live"
11145852210,19267,"2026-09-14T12:03:12.000-06:00",0.805222749710083,0.553707480430603,8.69254969869687,"almost_certain","BirdNET",NA,10.2198,-83.7874,FALSE,121,"Social Flycatcher","Myiozetetes similis","#69b9ff","avian","https://media.birdweather.com/species/121/SocialFlycatcher-standard-6e107581e61c9f556b3a0af5200f486a.jpg","https://media.birdweather.com/species/121/SocialFlycatcher-thumbnail-87f640fcaf1441ecbbd56b57372185a8.jpg","https://media.birdweather.com/species/121/SocialFlycatcher-png200-2f6dd485cf927db0dd7fd9abc239fb19.png","2xkKJwIJh3ekeXh0e5Z4eYaIdyApd5AC",16899852405,"https://media.birdweather.com/soundscapes/19267/19267-20260914-180309.flac",3,6,"live"
11145476279,19267,"2026-09-14T11:39:35.000-06:00",0.859196603298187,0.765556395053864,9.26869899520789,"almost_certain","BirdNET",NA,10.2198,-83.7874,FALSE,229,"Great Kiskadee","Pitangus sulphuratus","#7d4410","avian","https://media.birdweather.com/species/229/GreatKiskadee-standard-cd28a1b8e8b8e5aed433e809c229004e.jpg","https://media.birdweather.com/species/229/GreatKiskadee-thumbnail-b2749ed2442fb322cf3c4cb72f9c97f6.jpg","https://media.birdweather.com/species/229/GreatKiskadee-png200-003973af4f863deb00a4ce9b6f10e59c.png","0PgFDwIrhYqfZJh1mVe3SZZ3uKEJBncG",16899143003,"https://media.birdweather.com/soundscapes/19267/19267-20260914-173929.flac",6,9,"live"
11145476277,19267,"2026-09-14T11:39:33.500-06:00",0.965004026889801,0.765556395053864,9.50610900702172,"almost_certain","BirdNET",NA,10.2198,-83.7874,FALSE,229,"Great Kiskadee","Pitangus sulphuratus","#7d4410","avian","https://media.birdweather.com/species/229/GreatKiskadee-standard-cd28a1b8e8b8e5aed433e809c229004e.jpg","https://media.birdweather.com/species/229/GreatKiskadee-thumbnail-b2749ed2442fb322cf3c4cb72f9c97f6.jpg","https://media.birdweather.com/species/229/GreatKiskadee-png200-003973af4f863deb00a4ce9b6f10e59c.png","0PgFDwIrhYqfZJh1mVe3SZZ3uKEJBncG",16899143003,"https://media.birdweather.com/soundscapes/19267/19267-20260914-173929.flac",4.5,7.5,"live"
11145476274,19267,"2026-09-14T11:39:32.000-06:00",0.872915148735046,0.765556395053864,9.30190300921956,"almost_certain","BirdNET",NA,10.2198,-83.7874,FALSE,229,"Great Kiskadee","Pitangus sulphuratus","#7d4410","avian","https://media.birdweather.com/species/229/GreatKiskadee-standard-cd28a1b8e8b8e5aed433e809c229004e.jpg","https://media.birdweather.com/species/229/GreatKiskadee-thumbnail-b2749ed2442fb322cf3c4cb72f9c97f6.jpg","https://media.birdweather.com/species/229/GreatKiskadee-png200-003973af4f863deb00a4ce9b6f10e59c.png","0PgFDwIrhYqfZJh1mVe3SZZ3uKEJBncG",16899143003,"https://media.birdweather.com/soundscapes/19267/19267-20260914-173929.flac",3,6,"live"
11145476270,19267,"2026-09-14T11:39:30.500-06:00",0.956970930099487,0.765556395053864,9.48945895173184,"almost_certain","BirdNET",NA,10.2198,-83.7874,FALSE,229,"Great Kiskadee","Pitangus sulphuratus","#7d4410","avian","https://media.birdweather.com/species/229/GreatKiskadee-standard-cd28a1b8e8b8e5aed433e809c229004e.jpg","https://media.birdweather.com/species/229/GreatKiskadee-thumbnail-b2749ed2442fb322cf3c4cb72f9c97f6.jpg","https://media.birdweather.com/species/229/GreatKiskadee-png200-003973af4f863deb00a4ce9b6f10e59c.png","0PgFDwIrhYqfZJh1mVe3SZZ3uKEJBncG",16899143003,"https://media.birdweather.com/soundscapes/19267/19267-20260914-173929.flac",1.5,4.5,"live"
11145476266,19267,"2026-09-14T11:39:29.000-06:00",0.905166387557983,0.765556395053864,9.37693217948767,"almost_certain","BirdNET",NA,10.2198,-83.7874,FALSE,229,"Great Kiskadee","Pitangus sulphuratus","#7d4410","avian","https://media.birdweather.com/species/229/GreatKiskadee-standard-cd28a1b8e8b8e5aed433e809c229004e.jpg","https://media.birdweather.com/species/229/GreatKiskadee-thumbnail-b2749ed2442fb322cf3c4cb72f9c97f6.jpg","https://media.birdweather.com/species/229/GreatKiskadee-png200-003973af4f863deb00a4ce9b6f10e59c.png","0PgFDwIrhYqfZJh1mVe3SZZ3uKEJBncG",16899143003,"https://media.birdweather.com/soundscapes/19267/19267-20260914-173929.flac",0,3,"live"
11145221741,19267,"2026-09-14T11:23:50.000-06:00",0.768301665782928,0.553706526756287,8.58858253715481,"almost_certain","BirdNET",NA,10.2198,-83.7874,FALSE,121,"Social Flycatcher","Myiozetetes similis","#69b9ff","avian","https://media.birdweather.com/species/121/SocialFlycatcher-standard-6e107581e61c9f556b3a0af5200f486a.jpg","https://media.birdweather.com/species/121/SocialFlycatcher-thumbnail-87f640fcaf1441ecbbd56b57372185a8.jpg","https://media.birdweather.com/species/121/SocialFlycatcher-png200-2f6dd485cf927db0dd7fd9abc239fb19.png","2xkKJwIJh3ekeXh0e5Z4eYaIdyApd5AC",16898671336,"https://media.birdweather.com/soundscapes/19267/19267-20260914-172347.flac",3,6,"live"
11145221740,19267,"2026-09-14T11:23:48.500-06:00",0.748162925243378,0.553706526756287,8.52836304382437,"almost_certain","BirdNET",NA,10.2198,-83.7874,FALSE,121,"Social Flycatcher","Myiozetetes similis","#69b9ff","avian","https://media.birdweather.com/species/121/SocialFlycatcher-standard-6e107581e61c9f556b3a0af5200f486a.jpg","https://media.birdweather.com/species/121/SocialFlycatcher-thumbnail-87f640fcaf1441ecbbd56b57372185a8.jpg","https://media.birdweather.com/species/121/SocialFlycatcher-png200-2f6dd485cf927db0dd7fd9abc239fb19.png","2xkKJwIJh3ekeXh0e5Z4eYaIdyApd5AC",16898671336,"https://media.birdweather.com/soundscapes/19267/19267-20260914-172347.flac",1.5,4.5,"live"
11145198994,19267,"2026-09-14T11:22:27.500-06:00",0.772170960903168,0.765550971031189,9.03694022559517,"almost_certain","BirdNET",NA,10.2198,-83.7874,FALSE,229,"Great Kiskadee","Pitangus sulphuratus","#7d4410","avian","https://media.birdweather.com/species/229/GreatKiskadee-standard-cd28a1b8e8b8e5aed433e809c229004e.jpg","https://media.birdweather.com/species/229/GreatKiskadee-thumbnail-b2749ed2442fb322cf3c4cb72f9c97f6.jpg","https://media.birdweather.com/species/229/GreatKiskadee-png200-003973af4f863deb00a4ce9b6f10e59c.png","0PgFDwIrhYqfZJh1mVe3SZZ3uKEJBncG",16898629327,"https://media.birdweather.com/soundscapes/19267/19267-20260914-172223.flac",4.5,7.5,"live"
11145198991,19267,"2026-09-14T11:22:26.000-06:00",0.778149724006653,0.765550971031189,9.05417864553357,"almost_certain","BirdNET",NA,10.2198,-83.7874,FALSE,229,"Great Kiskadee","Pitangus sulphuratus","#7d4410","avian","https://media.birdweather.com/species/229/GreatKiskadee-standard-cd28a1b8e8b8e5aed433e809c229004e.jpg","https://media.birdweather.com/species/229/GreatKiskadee-thumbnail-b2749ed2442fb322cf3c4cb72f9c97f6.jpg","https://media.birdweather.com/species/229/GreatKiskadee-png200-003973af4f863deb00a4ce9b6f10e59c.png","0PgFDwIrhYqfZJh1mVe3SZZ3uKEJBncG",16898629327,"https://media.birdweather.com/soundscapes/19267/19267-20260914-172223.flac",3,6,"live"
11145058234,19267,"2026-09-14T11:13:56.500-06:00",0.707514643669128,0.553705394268036,8.398100730805,"almost_certain","BirdNET",NA,10.2198,-83.7874,FALSE,121,"Social Flycatcher","Myiozetetes similis","#69b9ff","avian","https://media.birdweather.com/species/121/SocialFlycatcher-standard-6e107581e61c9f556b3a0af5200f486a.jpg","https://media.birdweather.com/species/121/SocialFlycatcher-thumbnail-87f640fcaf1441ecbbd56b57372185a8.jpg","https://media.birdweather.com/species/121/SocialFlycatcher-png200-2f6dd485cf927db0dd7fd9abc239fb19.png","2xkKJwIJh3ekeXh0e5Z4eYaIdyApd5AC",16898374911,"https://media.birdweather.com/soundscapes/19267/19267-20260914-171355.flac",1.5,4.5,"live"
11145050981,19267,"2026-09-14T11:13:31.500-06:00",0.7967808842659,0.553705930709839,8.66946092762957,"almost_certain","BirdNET",NA,10.2198,-83.7874,FALSE,121,"Social Flycatcher","Myiozetetes similis","#69b9ff","avian","https://media.birdweather.com/species/121/SocialFlycatcher-standard-6e107581e61c9f556b3a0af5200f486a.jpg","https://media.birdweather.com/species/121/SocialFlycatcher-thumbnail-87f640fcaf1441ecbbd56b57372185a8.jpg","https://media.birdweather.com/species/121/SocialFlycatcher-png200-2f6dd485cf927db0dd7fd9abc239fb19.png","2xkKJwIJh3ekeXh0e5Z4eYaIdyApd5AC",16898361748,"https://media.birdweather.com/soundscapes/19267/19267-20260914-171330.flac",1.5,4.5,"live"
11145036223,19267,"2026-09-14T11:12:38.000-06:00",0.838135898113251,0.553706526756287,8.77901041875038,"almost_certain","BirdNET",NA,10.2198,-83.7874,FALSE,121,"Social Flycatcher","Myiozetetes similis","#69b9ff","avian","https://media.birdweather.com/species/121/SocialFlycatcher-standard-6e107581e61c9f556b3a0af5200f486a.jpg","https://media.birdweather.com/species/121/SocialFlycatcher-thumbnail-87f640fcaf1441ecbbd56b57372185a8.jpg","https://media.birdweather.com/species/121/SocialFlycatcher-png200-2f6dd485cf927db0dd7fd9abc239fb19.png","2xkKJwIJh3ekeXh0e5Z4eYaIdyApd5AC",16898334890,"https://media.birdweather.com/soundscapes/19267/19267-20260914-171235.flac",3,6,"live"
11145036221,19267,"2026-09-14T11:12:36.500-06:00",0.757624626159668,0.553706526756287,8.55698565347787,"almost_certain","BirdNET",NA,10.2198,-83.7874,FALSE,121,"Social Flycatcher","Myiozetetes similis","#69b9ff","avian","https://media.birdweather.com/species/121/SocialFlycatcher-standard-6e107581e61c9f556b3a0af5200f486a.jpg","https://media.birdweather.com/species/121/SocialFlycatcher-thumbnail-87f640fcaf1441ecbbd56b57372185a8.jpg","https://media.birdweather.com/species/121/SocialFlycatcher-png200-2f6dd485cf927db0dd7fd9abc239fb19.png","2xkKJwIJh3ekeXh0e5Z4eYaIdyApd5AC",16898334890,"https://media.birdweather.com/soundscapes/19267/19267-20260914-171235.flac",1.5,4.5,"live"
11145016805,19267,"2026-09-14T11:11:30.000-06:00",0.792574882507324,0.553706526756287,8.65781387259104,"almost_certain","BirdNET",NA,10.2198,-83.7874,FALSE,121,"Social Flycatcher","Myiozetetes similis","#69b9ff","avian","https://media.birdweather.com/species/121/SocialFlycatcher-standard-6e107581e61c9f556b3a0af5200f486a.jpg","https://media.birdweather.com/species/121/SocialFlycatcher-thumbnail-87f640fcaf1441ecbbd56b57372185a8.jpg","https://media.birdweather.com/species/121/SocialFlycatcher-png200-2f6dd485cf927db0dd7fd9abc239fb19.png","2xkKJwIJh3ekeXh0e5Z4eYaIdyApd5AC",16898300587,"https://media.birdweather.com/soundscapes/19267/19267-20260914-171127.flac",3,6,"live"
11145000933,19267,"2026-09-14T11:10:33.000-06:00",0.775088906288147,0.553707361221313,8.60829788479673,"almost_certain","BirdNET",NA,10.2198,-83.7874,FALSE,121,"Social Flycatcher","Myiozetetes similis","#69b9ff","avian","https://media.birdweather.com/species/121/SocialFlycatcher-standard-6e107581e61c9f556b3a0af5200f486a.jpg","https://media.birdweather.com/species/121/SocialFlycatcher-thumbnail-87f640fcaf1441ecbbd56b57372185a8.jpg","https://media.birdweather.com/species/121/SocialFlycatcher-png200-2f6dd485cf927db0dd7fd9abc239fb19.png","2xkKJwIJh3ekeXh0e5Z4eYaIdyApd5AC",16898272428,"https://media.birdweather.com/soundscapes/19267/19267-20260914-171030.flac",3,6,"live"
11144971154,19267,"2026-09-14T11:08:43.500-06:00",0.904568374156952,0.553710043430328,8.93849195948643,"almost_certain","BirdNET",NA,10.2198,-83.7874,FALSE,121,"Social Flycatcher","Myiozetetes similis","#69b9ff","avian","https://media.birdweather.com/species/121/SocialFlycatcher-standard-6e107581e61c9f556b3a0af5200f486a.jpg","https://media.birdweather.com/species/121/SocialFlycatcher-thumbnail-87f640fcaf1441ecbbd56b57372185a8.jpg","https://media.birdweather.com/species/121/SocialFlycatcher-png200-2f6dd485cf927db0dd7fd9abc239fb19.png","2xkKJwIJh3ekeXh0e5Z4eYaIdyApd5AC",16898218348,"https://media.birdweather.com/soundscapes/19267/19267-20260914-170842.flac",1.5,4.5,"live"
11144971147,19267,"2026-09-14T11:08:42.000-06:00",0.927684545516968,0.553710043430328,8.98989840364045,"almost_certain","BirdNET",NA,10.2198,-83.7874,FALSE,121,"Social Flycatcher","Myiozetetes similis","#69b9ff","avian","https://media.birdweather.com/species/121/SocialFlycatcher-standard-6e107581e61c9f556b3a0af5200f486a.jpg","https://media.birdweather.com/species/121/SocialFlycatcher-thumbnail-87f640fcaf1441ecbbd56b57372185a8.jpg","https://media.birdweather.com/species/121/SocialFlycatcher-png200-2f6dd485cf927db0dd7fd9abc239fb19.png","2xkKJwIJh3ekeXh0e5Z4eYaIdyApd5AC",16898218348,"https://media.birdweather.com/soundscapes/19267/19267-20260914-170842.flac",0,3,"live"
11144951945,19267,"2026-09-14T11:07:32.000-06:00",0.804208934307098,0.553709387779236,8.68980243410574,"almost_certain","BirdNET",NA,10.2198,-83.7874,FALSE,121,"Social Flycatcher","Myiozetetes similis","#69b9ff","avian","https://media.birdweather.com/species/121/SocialFlycatcher-standard-6e107581e61c9f556b3a0af5200f486a.jpg","https://media.birdweather.com/species/121/SocialFlycatcher-thumbnail-87f640fcaf1441ecbbd56b57372185a8.jpg","https://media.birdweather.com/species/121/SocialFlycatcher-png200-2f6dd485cf927db0dd7fd9abc239fb19.png","2xkKJwIJh3ekeXh0e5Z4eYaIdyApd5AC",16898183405,"https://media.birdweather.com/soundscapes/19267/19267-20260914-170732.flac",0,3,"live"
11143744367,19267,"2026-09-14T09:55:57.000-06:00",0.765824854373932,0.765554666519165,9.01840872079166,"almost_certain","BirdNET",NA,10.2198,-83.7874,FALSE,229,"Great Kiskadee","Pitangus sulphuratus","#7d4410","avian","https://media.birdweather.com/species/229/GreatKiskadee-standard-cd28a1b8e8b8e5aed433e809c229004e.jpg","https://media.birdweather.com/species/229/GreatKiskadee-thumbnail-b2749ed2442fb322cf3c4cb72f9c97f6.jpg","https://media.birdweather.com/species/229/GreatKiskadee-png200-003973af4f863deb00a4ce9b6f10e59c.png","0PgFDwIrhYqfZJh1mVe3SZZ3uKEJBncG",16896027749,"https://media.birdweather.com/soundscapes/19267/19267-20260914-155551.flac",6,9,"live"
11143744364,19267,"2026-09-14T09:55:55.500-06:00",0.835064113140106,0.765554666519165,9.20825902291996,"almost_certain","BirdNET",NA,10.2198,-83.7874,FALSE,229,"Great Kiskadee","Pitangus sulphuratus","#7d4410","avian","https://media.birdweather.com/species/229/GreatKiskadee-standard-cd28a1b8e8b8e5aed433e809c229004e.jpg","https://media.birdweather.com/species/229/GreatKiskadee-thumbnail-b2749ed2442fb322cf3c4cb72f9c97f6.jpg","https://media.birdweather.com/species/229/GreatKiskadee-png200-003973af4f863deb00a4ce9b6f10e59c.png","0PgFDwIrhYqfZJh1mVe3SZZ3uKEJBncG",16896027749,"https://media.birdweather.com/soundscapes/19267/19267-20260914-155551.flac",4.5,7.5,"live"
11143744362,19267,"2026-09-14T09:55:54.000-06:00",0.726902306079865,0.765554666519165,8.89887003000291,"almost_certain","BirdNET",NA,10.2198,-83.7874,FALSE,229,"Great Kiskadee","Pitangus sulphuratus","#7d4410","avian","https://media.birdweather.com/species/229/GreatKiskadee-standard-cd28a1b8e8b8e5aed433e809c229004e.jpg","https://media.birdweather.com/species/229/GreatKiskadee-thumbnail-b2749ed2442fb322cf3c4cb72f9c97f6.jpg","https://media.birdweather.com/species/229/GreatKiskadee-png200-003973af4f863deb00a4ce9b6f10e59c.png","0PgFDwIrhYqfZJh1mVe3SZZ3uKEJBncG",16896027749,"https://media.birdweather.com/soundscapes/19267/19267-20260914-155551.flac",3,6,"live"
11143744360,19267,"2026-09-14T09:55:52.500-06:00",0.710006415843964,0.765554666519165,8.84354615886213,"almost_certain","BirdNET",NA,10.2198,-83.7874,FALSE,229,"Great Kiskadee","Pitangus sulphuratus","#7d4410","avian","https://media.birdweather.com/species/229/GreatKiskadee-standard-cd28a1b8e8b8e5aed433e809c229004e.jpg","https://media.birdweather.com/species/229/GreatKiskadee-thumbnail-b2749ed2442fb322cf3c4cb72f9c97f6.jpg","https://media.birdweather.com/species/229/GreatKiskadee-png200-003973af4f863deb00a4ce9b6f10e59c.png","0PgFDwIrhYqfZJh1mVe3SZZ3uKEJBncG",16896027749,"https://media.birdweather.com/soundscapes/19267/19267-20260914-155551.flac",1.5,4.5,"live"
11143744356,19267,"2026-09-14T09:55:51.000-06:00",0.77265727519989,0.765554666519165,9.03835706422267,"almost_certain","BirdNET",NA,10.2198,-83.7874,FALSE,229,"Great Kiskadee","Pitangus sulphuratus","#7d4410","avian","https://media.birdweather.com/species/229/GreatKiskadee-standard-cd28a1b8e8b8e5aed433e809c229004e.jpg","https://media.birdweather.com/species/229/GreatKiskadee-thumbnail-b2749ed2442fb322cf3c4cb72f9c97f6.jpg","https://media.birdweather.com/species/229/GreatKiskadee-png200-003973af4f863deb00a4ce9b6f10e59c.png","0PgFDwIrhYqfZJh1mVe3SZZ3uKEJBncG",16896027749,"https://media.birdweather.com/soundscapes/19267/19267-20260914-155551.flac",0,3,"live"
11143740599,19267,"2026-09-14T09:55:45.000-06:00",0.735793828964233,0.765555799007416,8.92711330161226,"almost_certain","BirdNET",NA,10.2198,-83.7874,FALSE,229,"Great Kiskadee","Pitangus sulphuratus","#7d4410","avian","https://media.birdweather.com/species/229/GreatKiskadee-standard-cd28a1b8e8b8e5aed433e809c229004e.jpg","https://media.birdweather.com/species/229/GreatKiskadee-thumbnail-b2749ed2442fb322cf3c4cb72f9c97f6.jpg","https://media.birdweather.com/species/229/GreatKiskadee-png200-003973af4f863deb00a4ce9b6f10e59c.png","0PgFDwIrhYqfZJh1mVe3SZZ3uKEJBncG",16896021190,"https://media.birdweather.com/soundscapes/19267/19267-20260914-155539.flac",6,9,"live"
11143740585,19267,"2026-09-14T09:55:42.000-06:00",0.830431938171387,0.765555799007416,9.19634897611922,"almost_certain","BirdNET",NA,10.2198,-83.7874,FALSE,229,"Great Kiskadee","Pitangus sulphuratus","#7d4410","avian","https://media.birdweather.com/species/229/GreatKiskadee-standard-cd28a1b8e8b8e5aed433e809c229004e.jpg","https://media.birdweather.com/species/229/GreatKiskadee-thumbnail-b2749ed2442fb322cf3c4cb72f9c97f6.jpg","https://media.birdweather.com/species/229/GreatKiskadee-png200-003973af4f863deb00a4ce9b6f10e59c.png","0PgFDwIrhYqfZJh1mVe3SZZ3uKEJBncG",16896021190,"https://media.birdweather.com/soundscapes/19267/19267-20260914-155539.flac",3,6,"live"
11143658993,19267,"2026-09-14T09:51:04.000-06:00",0.839127480983734,0.765550911426544,9.21861709648693,"almost_certain","BirdNET",NA,10.2198,-83.7874,FALSE,229,"Great Kiskadee","Pitangus sulphuratus","#7d4410","avian","https://media.birdweather.com/species/229/GreatKiskadee-standard-cd28a1b8e8b8e5aed433e809c229004e.jpg","https://media.birdweather.com/species/229/GreatKiskadee-thumbnail-b2749ed2442fb322cf3c4cb72f9c97f6.jpg","https://media.birdweather.com/species/229/GreatKiskadee-png200-003973af4f863deb00a4ce9b6f10e59c.png","0PgFDwIrhYqfZJh1mVe3SZZ3uKEJBncG",16895881251,"https://media.birdweather.com/soundscapes/19267/19267-20260914-155058.flac",6,9,"live"
11143647638,19267,"2026-09-14T09:50:23.000-06:00",0.887756288051605,0.765552163124084,9.33693295838802,"almost_certain","BirdNET",NA,10.2198,-83.7874,FALSE,229,"Great Kiskadee","Pitangus sulphuratus","#7d4410","avian","https://media.birdweather.com/species/229/GreatKiskadee-standard-cd28a1b8e8b8e5aed433e809c229004e.jpg","https://media.birdweather.com/species/229/GreatKiskadee-thumbnail-b2749ed2442fb322cf3c4cb72f9c97f6.jpg","https://media.birdweather.com/species/229/GreatKiskadee-png200-003973af4f863deb00a4ce9b6f10e59c.png","0PgFDwIrhYqfZJh1mVe3SZZ3uKEJBncG",16895861821,"https://media.birdweather.com/soundscapes/19267/19267-20260914-155020.flac",3,6,"live"
11143640000,19267,"2026-09-14T09:49:59.000-06:00",0.751909613609314,0.765552163124084,8.97685558996082,"almost_certain","BirdNET",NA,10.2198,-83.7874,FALSE,229,"Great Kiskadee","Pitangus sulphuratus","#7d4410","avian","https://media.birdweather.com/species/229/GreatKiskadee-standard-cd28a1b8e8b8e5aed433e809c229004e.jpg","https://media.birdweather.com/species/229/GreatKiskadee-thumbnail-b2749ed2442fb322cf3c4cb72f9c97f6.jpg","https://media.birdweather.com/species/229/GreatKiskadee-png200-003973af4f863deb00a4ce9b6f10e59c.png","0PgFDwIrhYqfZJh1mVe3SZZ3uKEJBncG",16895848659,"https://media.birdweather.com/soundscapes/19267/19267-20260914-154953.flac",6,9,"live"
11143361197,19267,"2026-09-14T09:34:04.500-06:00",0.703263521194458,0.76555460691452,8.8208279450262,"almost_certain","BirdNET",NA,10.2198,-83.7874,FALSE,229,"Great Kiskadee","Pitangus sulphuratus","#7d4410","avian","https://media.birdweather.com/species/229/GreatKiskadee-standard-cd28a1b8e8b8e5aed433e809c229004e.jpg","https://media.birdweather.com/species/229/GreatKiskadee-thumbnail-b2749ed2442fb322cf3c4cb72f9c97f6.jpg","https://media.birdweather.com/species/229/GreatKiskadee-png200-003973af4f863deb00a4ce9b6f10e59c.png","0PgFDwIrhYqfZJh1mVe3SZZ3uKEJBncG",16895372289,"https://media.birdweather.com/soundscapes/19267/19267-20260914-153400.flac",4.5,7.5,"live"
11143201014,19267,"2026-09-14T09:25:01.000-06:00",0.982114672660828,0.76554948091507,9.54090121770446,"almost_certain","BirdNET",NA,10.2198,-83.7874,FALSE,229,"Great Kiskadee","Pitangus sulphuratus","#7d4410","avian","https://media.birdweather.com/species/229/GreatKiskadee-standard-cd28a1b8e8b8e5aed433e809c229004e.jpg","https://media.birdweather.com/species/229/GreatKiskadee-thumbnail-b2749ed2442fb322cf3c4cb72f9c97f6.jpg","https://media.birdweather.com/species/229/GreatKiskadee-png200-003973af4f863deb00a4ce9b6f10e59c.png","0PgFDwIrhYqfZJh1mVe3SZZ3uKEJBncG",16895099682,"https://media.birdweather.com/soundscapes/19267/19267-20260914-152455.flac",6,9,"live"
11143201005,19267,"2026-09-14T09:24:59.500-06:00",0.97789192199707,0.76554948091507,9.53239363101596,"almost_certain","BirdNET",NA,10.2198,-83.7874,FALSE,229,"Great Kiskadee","Pitangus sulphuratus","#7d4410","avian","https://media.birdweather.com/species/229/GreatKiskadee-standard-cd28a1b8e8b8e5aed433e809c229004e.jpg","https://media.birdweather.com/species/229/GreatKiskadee-thumbnail-b2749ed2442fb322cf3c4cb72f9c97f6.jpg","https://media.birdweather.com/species/229/GreatKiskadee-png200-003973af4f863deb00a4ce9b6f10e59c.png","0PgFDwIrhYqfZJh1mVe3SZZ3uKEJBncG",16895099682,"https://media.birdweather.com/soundscapes/19267/19267-20260914-152455.flac",4.5,7.5,"live"
11143200999,19267,"2026-09-14T09:24:58.000-06:00",0.953068554401398,0.76554948091507,9.48128473897426,"almost_certain","BirdNET",NA,10.2198,-83.7874,FALSE,229,"Great Kiskadee","Pitangus sulphuratus","#7d4410","avian","https://media.birdweather.com/species/229/GreatKiskadee-standard-cd28a1b8e8b8e5aed433e809c229004e.jpg","https://media.birdweather.com/species/229/GreatKiskadee-thumbnail-b2749ed2442fb322cf3c4cb72f9c97f6.jpg","https://media.birdweather.com/species/229/GreatKiskadee-png200-003973af4f863deb00a4ce9b6f10e59c.png","0PgFDwIrhYqfZJh1mVe3SZZ3uKEJBncG",16895099682,"https://media.birdweather.com/soundscapes/19267/19267-20260914-152455.flac",3,6,"live"
11143200996,19267,"2026-09-14T09:24:56.500-06:00",0.878449559211731,0.76554948091507,9.3150616017788,"almost_certain","BirdNET",NA,10.2198,-83.7874,FALSE,229,"Great Kiskadee","Pitangus sulphuratus","#7d4410","avian","https://media.birdweather.com/species/229/GreatKiskadee-standard-cd28a1b8e8b8e5aed433e809c229004e.jpg","https://media.birdweather.com/species/229/GreatKiskadee-thumbnail-b2749ed2442fb322cf3c4cb72f9c97f6.jpg","https://media.birdweather.com/species/229/GreatKiskadee-png200-003973af4f863deb00a4ce9b6f10e59c.png","0PgFDwIrhYqfZJh1mVe3SZZ3uKEJBncG",16895099682,"https://media.birdweather.com/soundscapes/19267/19267-20260914-152455.flac",1.5,4.5,"live"
11142915890,19267,"2026-09-14T09:09:10.500-06:00",0.775948286056519,0.765552461147308,9.04785912784918,"almost_certain","BirdNET",NA,10.2198,-83.7874,FALSE,229,"Great Kiskadee","Pitangus sulphuratus","#7d4410","avian","https://media.birdweather.com/species/229/GreatKiskadee-standard-cd28a1b8e8b8e5aed433e809c229004e.jpg","https://media.birdweather.com/species/229/GreatKiskadee-thumbnail-b2749ed2442fb322cf3c4cb72f9c97f6.jpg","https://media.birdweather.com/species/229/GreatKiskadee-png200-003973af4f863deb00a4ce9b6f10e59c.png","0PgFDwIrhYqfZJh1mVe3SZZ3uKEJBncG",16894626169,"https://media.birdweather.com/soundscapes/19267/19267-20260914-150909.flac",1.5,4.5,"live"
11142903917,19267,"2026-09-14T09:08:33.500-06:00",0.975174069404602,0.76554924249649,9.52688946785704,"almost_certain","BirdNET",NA,10.2198,-83.7874,FALSE,229,"Great Kiskadee","Pitangus sulphuratus","#7d4410","avian","https://media.birdweather.com/species/229/GreatKiskadee-standard-cd28a1b8e8b8e5aed433e809c229004e.jpg","https://media.birdweather.com/species/229/GreatKiskadee-thumbnail-b2749ed2442fb322cf3c4cb72f9c97f6.jpg","https://media.birdweather.com/species/229/GreatKiskadee-png200-003973af4f863deb00a4ce9b6f10e59c.png","0PgFDwIrhYqfZJh1mVe3SZZ3uKEJBncG",16894606274,"https://media.birdweather.com/soundscapes/19267/19267-20260914-150829.flac",4.5,7.5,"live"
11142903914,19267,"2026-09-14T09:08:32.000-06:00",0.749787747859955,0.76554924249649,8.97040267658282,"almost_certain","BirdNET",NA,10.2198,-83.7874,FALSE,229,"Great Kiskadee","Pitangus sulphuratus","#7d4410","avian","https://media.birdweather.com/species/229/GreatKiskadee-standard-cd28a1b8e8b8e5aed433e809c229004e.jpg","https://media.birdweather.com/species/229/GreatKiskadee-thumbnail-b2749ed2442fb322cf3c4cb72f9c97f6.jpg","https://media.birdweather.com/species/229/GreatKiskadee-png200-003973af4f863deb00a4ce9b6f10e59c.png","0PgFDwIrhYqfZJh1mVe3SZZ3uKEJBncG",16894606274,"https://media.birdweather.com/soundscapes/19267/19267-20260914-150829.flac",3,6,"live"
11142895605,19267,"2026-09-14T09:08:03.500-06:00",0.935942053794861,0.765551567077637,9.44488114169136,"almost_certain","BirdNET",NA,10.2198,-83.7874,FALSE,229,"Great Kiskadee","Pitangus sulphuratus","#7d4410","avian","https://media.birdweather.com/species/229/GreatKiskadee-standard-cd28a1b8e8b8e5aed433e809c229004e.jpg","https://media.birdweather.com/species/229/GreatKiskadee-thumbnail-b2749ed2442fb322cf3c4cb72f9c97f6.jpg","https://media.birdweather.com/species/229/GreatKiskadee-png200-003973af4f863deb00a4ce9b6f10e59c.png","0PgFDwIrhYqfZJh1mVe3SZZ3uKEJBncG",16894592516,"https://media.birdweather.com/soundscapes/19267/19267-20260914-150802.flac",1.5,4.5,"live"
11142891937,19267,"2026-09-14T09:07:52.000-06:00",0.832772076129913,0.765550971031189,9.20237126413843,"almost_certain","BirdNET",NA,10.2198,-83.7874,FALSE,229,"Great Kiskadee","Pitangus sulphuratus","#7d4410","avian","https://media.birdweather.com/species/229/GreatKiskadee-standard-cd28a1b8e8b8e5aed433e809c229004e.jpg","https://media.birdweather.com/species/229/GreatKiskadee-thumbnail-b2749ed2442fb322cf3c4cb72f9c97f6.jpg","https://media.birdweather.com/species/229/GreatKiskadee-png200-003973af4f863deb00a4ce9b6f10e59c.png","0PgFDwIrhYqfZJh1mVe3SZZ3uKEJBncG",16894586419,"https://media.birdweather.com/soundscapes/19267/19267-20260914-150749.flac",3,6,"live"
11142867161,19267,"2026-09-14T09:06:34.000-06:00",0.724648416042328,0.765553653240204,8.89161597315703,"almost_certain","BirdNET",NA,10.2198,-83.7874,FALSE,229,"Great Kiskadee","Pitangus sulphuratus","#7d4410","avian","https://media.birdweather.com/species/229/GreatKiskadee-standard-cd28a1b8e8b8e5aed433e809c229004e.jpg","https://media.birdweather.com/species/229/GreatKiskadee-thumbnail-b2749ed2442fb322cf3c4cb72f9c97f6.jpg","https://media.birdweather.com/species/229/GreatKiskadee-png200-003973af4f863deb00a4ce9b6f10e59c.png","0PgFDwIrhYqfZJh1mVe3SZZ3uKEJBncG",16894545773,"https://media.birdweather.com/soundscapes/19267/19267-20260914-150628.flac",6,9,"live"
11142867149,19267,"2026-09-14T09:06:28.000-06:00",0.806206822395325,0.765553653240204,9.13230271819166,"almost_certain","BirdNET",NA,10.2198,-83.7874,FALSE,229,"Great Kiskadee","Pitangus sulphuratus","#7d4410","avian","https://media.birdweather.com/species/229/GreatKiskadee-standard-cd28a1b8e8b8e5aed433e809c229004e.jpg","https://media.birdweather.com/species/229/GreatKiskadee-thumbnail-b2749ed2442fb322cf3c4cb72f9c97f6.jpg","https://media.birdweather.com/species/229/GreatKiskadee-png200-003973af4f863deb00a4ce9b6f10e59c.png","0PgFDwIrhYqfZJh1mVe3SZZ3uKEJBncG",16894545773,"https://media.birdweather.com/soundscapes/19267/19267-20260914-150628.flac",0,3,"live"
11142862898,19267,"2026-09-14T09:06:17.500-06:00",0.75758284330368,0.765556931495667,8.99395579977756,"almost_certain","BirdNET",NA,10.2198,-83.7874,FALSE,229,"Great Kiskadee","Pitangus sulphuratus","#7d4410","avian","https://media.birdweather.com/species/229/GreatKiskadee-standard-cd28a1b8e8b8e5aed433e809c229004e.jpg","https://media.birdweather.com/species/229/GreatKiskadee-thumbnail-b2749ed2442fb322cf3c4cb72f9c97f6.jpg","https://media.birdweather.com/species/229/GreatKiskadee-png200-003973af4f863deb00a4ce9b6f10e59c.png","0PgFDwIrhYqfZJh1mVe3SZZ3uKEJBncG",16894538523,"https://media.birdweather.com/soundscapes/19267/19267-20260914-150613.flac",4.5,7.5,"live"
11142862892,19267,"2026-09-14T09:06:13.000-06:00",0.741969347000122,0.765556931495667,8.9463929376821,"almost_certain","BirdNET",NA,10.2198,-83.7874,FALSE,229,"Great Kiskadee","Pitangus sulphuratus","#7d4410","avian","https://media.birdweather.com/species/229/GreatKiskadee-standard-cd28a1b8e8b8e5aed433e809c229004e.jpg","https://media.birdweather.com/species/229/GreatKiskadee-thumbnail-b2749ed2442fb322cf3c4cb72f9c97f6.jpg","https://media.birdweather.com/species/229/GreatKiskadee-png200-003973af4f863deb00a4ce9b6f10e59c.png","0PgFDwIrhYqfZJh1mVe3SZZ3uKEJBncG",16894538523,"https://media.birdweather.com/soundscapes/19267/19267-20260914-150613.flac",0,3,"live"
11142795424,19267,"2026-09-14T09:02:29.000-06:00",0.97917914390564,0.765547394752502,9.53498891737355,"almost_certain","BirdNET",NA,10.2198,-83.7874,FALSE,229,"Great Kiskadee","Pitangus sulphuratus","#7d4410","avian","https://media.birdweather.com/species/229/GreatKiskadee-standard-cd28a1b8e8b8e5aed433e809c229004e.jpg","https://media.birdweather.com/species/229/GreatKiskadee-thumbnail-b2749ed2442fb322cf3c4cb72f9c97f6.jpg","https://media.birdweather.com/species/229/GreatKiskadee-png200-003973af4f863deb00a4ce9b6f10e59c.png","0PgFDwIrhYqfZJh1mVe3SZZ3uKEJBncG",16894423786,"https://media.birdweather.com/soundscapes/19267/19267-20260914-150223.flac",6,9,"live"
11142795420,19267,"2026-09-14T09:02:27.500-06:00",0.946798801422119,0.765547394752502,9.46806489268053,"almost_certain","BirdNET",NA,10.2198,-83.7874,FALSE,229,"Great Kiskadee","Pitangus sulphuratus","#7d4410","avian","https://media.birdweather.com/species/229/GreatKiskadee-standard-cd28a1b8e8b8e5aed433e809c229004e.jpg","https://media.birdweather.com/species/229/GreatKiskadee-thumbnail-b2749ed2442fb322cf3c4cb72f9c97f6.jpg","https://media.birdweather.com/species/229/GreatKiskadee-png200-003973af4f863deb00a4ce9b6f10e59c.png","0PgFDwIrhYqfZJh1mVe3SZZ3uKEJBncG",16894423786,"https://media.birdweather.com/soundscapes/19267/19267-20260914-150223.flac",4.5,7.5,"live"
11142795415,19267,"2026-09-14T09:02:26.000-06:00",0.921002447605133,0.765547394752502,9.4123055484084,"almost_certain","BirdNET",NA,10.2198,-83.7874,FALSE,229,"Great Kiskadee","Pitangus sulphuratus","#7d4410","avian","https://media.birdweather.com/species/229/GreatKiskadee-standard-cd28a1b8e8b8e5aed433e809c229004e.jpg","https://media.birdweather.com/species/229/GreatKiskadee-thumbnail-b2749ed2442fb322cf3c4cb72f9c97f6.jpg","https://media.birdweather.com/species/229/GreatKiskadee-png200-003973af4f863deb00a4ce9b6f10e59c.png","0PgFDwIrhYqfZJh1mVe3SZZ3uKEJBncG",16894423786,"https://media.birdweather.com/soundscapes/19267/19267-20260914-150223.flac",3,6,"live"
11142795409,19267,"2026-09-14T09:02:24.500-06:00",0.938340902328491,0.765547394752502,9.4500318507863,"almost_certain","BirdNET",NA,10.2198,-83.7874,FALSE,229,"Great Kiskadee","Pitangus sulphuratus","#7d4410","avian","https://media.birdweather.com/species/229/GreatKiskadee-standard-cd28a1b8e8b8e5aed433e809c229004e.jpg","https://media.birdweather.com/species/229/GreatKiskadee-thumbnail-b2749ed2442fb322cf3c4cb72f9c97f6.jpg","https://media.birdweather.com/species/229/GreatKiskadee-png200-003973af4f863deb00a4ce9b6f10e59c.png","0PgFDwIrhYqfZJh1mVe3SZZ3uKEJBncG",16894423786,"https://media.birdweather.com/soundscapes/19267/19267-20260914-150223.flac",1.5,4.5,"live"
11142795404,19267,"2026-09-14T09:02:23.000-06:00",0.942119240760803,0.765547394752502,9.45811697347244,"almost_certain","BirdNET",NA,10.2198,-83.7874,FALSE,229,"Great Kiskadee","Pitangus sulphuratus","#7d4410","avian","https://media.birdweather.com/species/229/GreatKiskadee-standard-cd28a1b8e8b8e5aed433e809c229004e.jpg","https://media.birdweather.com/species/229/GreatKiskadee-thumbnail-b2749ed2442fb322cf3c4cb72f9c97f6.jpg","https://media.birdweather.com/species/229/GreatKiskadee-png200-003973af4f863deb00a4ce9b6f10e59c.png","0PgFDwIrhYqfZJh1mVe3SZZ3uKEJBncG",16894423786,"https://media.birdweather.com/soundscapes/19267/19267-20260914-150223.flac",0,3,"live"
11142735074,19267,"2026-09-14T08:59:04.000-06:00",0.795080840587616,0.612711489200592,8.80114890011747,"almost_certain","BirdNET",NA,10.2198,-83.7874,FALSE,205,"Ruddy Ground Dove","Columbina talpacoti","#53906e","avian","https://media.birdweather.com/species/205/RuddyGroundDove-standard-53ff31bb086a0bdfee231e383a62179c.jpg","https://media.birdweather.com/species/205/RuddyGroundDove-thumbnail-d67b5868d1bb1d2bfe15c5ab85a0860b.jpg","https://media.birdweather.com/species/205/RuddyGroundDove-png200-f0c3dd93639067047ad97e6d51181cc0.png","WugJDwIImHiTind4dmiIdoaZmf2mFpAJ",16894322924,"https://media.birdweather.com/soundscapes/19267/19267-20260914-145901.flac",3,6,"live"
11142735066,19267,"2026-09-14T08:59:02.500-06:00",0.836429059505463,0.612711489200592,8.91104106830869,"almost_certain","BirdNET",NA,10.2198,-83.7874,FALSE,205,"Ruddy Ground Dove","Columbina talpacoti","#53906e","avian","https://media.birdweather.com/species/205/RuddyGroundDove-standard-53ff31bb086a0bdfee231e383a62179c.jpg","https://media.birdweather.com/species/205/RuddyGroundDove-thumbnail-d67b5868d1bb1d2bfe15c5ab85a0860b.jpg","https://media.birdweather.com/species/205/RuddyGroundDove-png200-f0c3dd93639067047ad97e6d51181cc0.png","WugJDwIImHiTind4dmiIdoaZmf2mFpAJ",16894322924,"https://media.birdweather.com/soundscapes/19267/19267-20260914-145901.flac",1.5,4.5,"live"
11142718508,19267,"2026-09-14T08:58:09.000-06:00",0.749532520771027,0.612715244293213,8.66893453852364,"almost_certain","BirdNET",NA,10.2198,-83.7874,FALSE,205,"Ruddy Ground Dove","Columbina talpacoti","#53906e","avian","https://media.birdweather.com/species/205/RuddyGroundDove-standard-53ff31bb086a0bdfee231e383a62179c.jpg","https://media.birdweather.com/species/205/RuddyGroundDove-thumbnail-d67b5868d1bb1d2bfe15c5ab85a0860b.jpg","https://media.birdweather.com/species/205/RuddyGroundDove-png200-f0c3dd93639067047ad97e6d51181cc0.png","WugJDwIImHiTind4dmiIdoaZmf2mFpAJ",16894295458,"https://media.birdweather.com/soundscapes/19267/19267-20260914-145806.flac",3,6,"live"
11142710721,19267,"2026-09-14T08:57:40.000-06:00",0.828513324260712,0.55371505022049,8.75431207210965,"almost_certain","BirdNET",NA,10.2198,-83.7874,FALSE,121,"Social Flycatcher","Myiozetetes similis","#69b9ff","avian","https://media.birdweather.com/species/121/SocialFlycatcher-standard-6e107581e61c9f556b3a0af5200f486a.jpg","https://media.birdweather.com/species/121/SocialFlycatcher-thumbnail-87f640fcaf1441ecbbd56b57372185a8.jpg","https://media.birdweather.com/species/121/SocialFlycatcher-png200-2f6dd485cf927db0dd7fd9abc239fb19.png","2xkKJwIJh3ekeXh0e5Z4eYaIdyApd5AC",16894282556,"https://media.birdweather.com/soundscapes/19267/19267-20260914-145740.flac",0,3,"live"
11142685248,19267,"2026-09-14T08:56:18.500-06:00",0.73965048789978,0.553713142871857,8.50210694394196,"almost_certain","BirdNET",NA,10.2198,-83.7874,FALSE,121,"Social Flycatcher","Myiozetetes similis","#69b9ff","avian","https://media.birdweather.com/species/121/SocialFlycatcher-standard-6e107581e61c9f556b3a0af5200f486a.jpg","https://media.birdweather.com/species/121/SocialFlycatcher-thumbnail-87f640fcaf1441ecbbd56b57372185a8.jpg","https://media.birdweather.com/species/121/SocialFlycatcher-png200-2f6dd485cf927db0dd7fd9abc239fb19.png","2xkKJwIJh3ekeXh0e5Z4eYaIdyApd5AC",16894241008,"https://media.birdweather.com/soundscapes/19267/19267-20260914-145617.flac",1.5,4.5,"live"
11142624758,19267,"2026-09-14T08:53:02.000-06:00",0.719411015510559,0.765550434589386,8.87460833108433,"almost_certain","BirdNET",NA,10.2198,-83.7874,FALSE,229,"Great Kiskadee","Pitangus sulphuratus","#7d4410","avian","https://media.birdweather.com/species/229/GreatKiskadee-standard-cd28a1b8e8b8e5aed433e809c229004e.jpg","https://media.birdweather.com/species/229/GreatKiskadee-thumbnail-b2749ed2442fb322cf3c4cb72f9c97f6.jpg","https://media.birdweather.com/species/229/GreatKiskadee-png200-003973af4f863deb00a4ce9b6f10e59c.png","0PgFDwIrhYqfZJh1mVe3SZZ3uKEJBncG",16894141577,"https://media.birdweather.com/soundscapes/19267/19267-20260914-145259.flac",3,6,"live"
11142612324,19267,"2026-09-14T08:52:23.000-06:00",0.780498325824738,0.765550434589386,9.06089046581631,"almost_certain","BirdNET",NA,10.2198,-83.7874,FALSE,229,"Great Kiskadee","Pitangus sulphuratus","#7d4410","avian","https://media.birdweather.com/species/229/GreatKiskadee-standard-cd28a1b8e8b8e5aed433e809c229004e.jpg","https://media.birdweather.com/species/229/GreatKiskadee-thumbnail-b2749ed2442fb322cf3c4cb72f9c97f6.jpg","https://media.birdweather.com/species/229/GreatKiskadee-png200-003973af4f863deb00a4ce9b6f10e59c.png","0PgFDwIrhYqfZJh1mVe3SZZ3uKEJBncG",16894120988,"https://media.birdweather.com/soundscapes/19267/19267-20260914-145217.flac",6,9,"live"
11142532157,19267,"2026-09-14T08:48:02.500-06:00",0.733851671218872,0.612712621688843,8.62028623947369,"almost_certain","BirdNET",NA,10.2198,-83.7874,FALSE,205,"Ruddy Ground Dove","Columbina talpacoti","#53906e","avian","https://media.birdweather.com/species/205/RuddyGroundDove-standard-53ff31bb086a0bdfee231e383a62179c.jpg","https://media.birdweather.com/species/205/RuddyGroundDove-thumbnail-d67b5868d1bb1d2bfe15c5ab85a0860b.jpg","https://media.birdweather.com/species/205/RuddyGroundDove-png200-f0c3dd93639067047ad97e6d51181cc0.png","WugJDwIImHiTind4dmiIdoaZmf2mFpAJ",16893991094,"https://media.birdweather.com/soundscapes/19267/19267-20260914-144758.flac",4.5,7.5,"live"
11142532145,19267,"2026-09-14T08:47:59.500-06:00",0.944971263408661,0.612712621688843,9.16349542982461,"almost_certain","BirdNET",NA,10.2198,-83.7874,FALSE,205,"Ruddy Ground Dove","Columbina talpacoti","#53906e","avian","https://media.birdweather.com/species/205/RuddyGroundDove-standard-53ff31bb086a0bdfee231e383a62179c.jpg","https://media.birdweather.com/species/205/RuddyGroundDove-thumbnail-d67b5868d1bb1d2bfe15c5ab85a0860b.jpg","https://media.birdweather.com/species/205/RuddyGroundDove-png200-f0c3dd93639067047ad97e6d51181cc0.png","WugJDwIImHiTind4dmiIdoaZmf2mFpAJ",16893991094,"https://media.birdweather.com/soundscapes/19267/19267-20260914-144758.flac",1.5,4.5,"live"
11142532133,19267,"2026-09-14T08:47:58.000-06:00",0.722986161708832,0.612712621688843,8.58553860009369,"almost_certain","BirdNET",NA,10.2198,-83.7874,FALSE,205,"Ruddy Ground Dove","Columbina talpacoti","#53906e","avian","https://media.birdweather.com/species/205/RuddyGroundDove-standard-53ff31bb086a0bdfee231e383a62179c.jpg","https://media.birdweather.com/species/205/RuddyGroundDove-thumbnail-d67b5868d1bb1d2bfe15c5ab85a0860b.jpg","https://media.birdweather.com/species/205/RuddyGroundDove-png200-f0c3dd93639067047ad97e6d51181cc0.png","WugJDwIImHiTind4dmiIdoaZmf2mFpAJ",16893991094,"https://media.birdweather.com/soundscapes/19267/19267-20260914-144758.flac",0,3,"live"
11142340453,19267,"2026-09-14T08:37:38.000-06:00",0.917000293731689,0.203259766101837,7.6346981652062,"almost_certain","BirdNET",NA,10.2198,-83.7874,FALSE,501,"White-winged Dove","Zenaida asiatica","#d16ff8","avian","https://media.birdweather.com/species/501/White-wingedDove-standard-6528ef689b07d5a91f1c2275cdef19c9.jpg","https://media.birdweather.com/species/501/White-wingedDove-thumbnail-4a940adfd5a6c78c73c48c5095e7b896.jpg","https://media.birdweather.com/species/501/White-wingedDove-png200-d65decd3d571b5a9dbeca249ef97689f.png","IscJLwb6hoVelZWZdoh3eIeIdxBoB4IG",16893677697,"https://media.birdweather.com/soundscapes/19267/19267-20260914-143732.flac",6,9,"live"
11142340448,19267,"2026-09-14T08:37:36.500-06:00",0.934616565704346,0.203259766101837,7.67326569692405,"almost_certain","BirdNET",NA,10.2198,-83.7874,FALSE,501,"White-winged Dove","Zenaida asiatica","#d16ff8","avian","https://media.birdweather.com/species/501/White-wingedDove-standard-6528ef689b07d5a91f1c2275cdef19c9.jpg","https://media.birdweather.com/species/501/White-wingedDove-thumbnail-4a940adfd5a6c78c73c48c5095e7b896.jpg","https://media.birdweather.com/species/501/White-wingedDove-png200-d65decd3d571b5a9dbeca249ef97689f.png","IscJLwb6hoVelZWZdoh3eIeIdxBoB4IG",16893677697,"https://media.birdweather.com/soundscapes/19267/19267-20260914-143732.flac",4.5,7.5,"live"
11142340441,19267,"2026-09-14T08:37:35.000-06:00",0.905235886573792,0.203259766101837,7.60832399001837,"almost_certain","BirdNET",NA,10.2198,-83.7874,FALSE,501,"White-winged Dove","Zenaida asiatica","#d16ff8","avian","https://media.birdweather.com/species/501/White-wingedDove-standard-6528ef689b07d5a91f1c2275cdef19c9.jpg","https://media.birdweather.com/species/501/White-wingedDove-thumbnail-4a940adfd5a6c78c73c48c5095e7b896.jpg","https://media.birdweather.com/species/501/White-wingedDove-png200-d65decd3d571b5a9dbeca249ef97689f.png","IscJLwb6hoVelZWZdoh3eIeIdxBoB4IG",16893677697,"https://media.birdweather.com/soundscapes/19267/19267-20260914-143732.flac",3,6,"live"
11142323322,19267,"2026-09-14T08:36:44.000-06:00",0.898863852024078,0.203284695744514,7.59398405499345,"almost_certain","BirdNET",NA,10.2198,-83.7874,FALSE,501,"White-winged Dove","Zenaida asiatica","#d16ff8","avian","https://media.birdweather.com/species/501/White-wingedDove-standard-6528ef689b07d5a91f1c2275cdef19c9.jpg","https://media.birdweather.com/species/501/White-wingedDove-thumbnail-4a940adfd5a6c78c73c48c5095e7b896.jpg","https://media.birdweather.com/species/501/White-wingedDove-png200-d65decd3d571b5a9dbeca249ef97689f.png","IscJLwb6hoVelZWZdoh3eIeIdxBoB4IG",16893650404,"https://media.birdweather.com/soundscapes/19267/19267-20260914-143638.flac",6,9,"live"
11142323320,19267,"2026-09-14T08:36:42.500-06:00",0.871449530124664,0.203284695744514,7.52978844145067,"almost_certain","BirdNET",NA,10.2198,-83.7874,FALSE,501,"White-winged Dove","Zenaida asiatica","#d16ff8","avian","https://media.birdweather.com/species/501/White-wingedDove-standard-6528ef689b07d5a91f1c2275cdef19c9.jpg","https://media.birdweather.com/species/501/White-wingedDove-thumbnail-4a940adfd5a6c78c73c48c5095e7b896.jpg","https://media.birdweather.com/species/501/White-wingedDove-png200-d65decd3d571b5a9dbeca249ef97689f.png","IscJLwb6hoVelZWZdoh3eIeIdxBoB4IG",16893650404,"https://media.birdweather.com/soundscapes/19267/19267-20260914-143638.flac",4.5,7.5,"live"
11142314536,19267,"2026-09-14T08:36:16.000-06:00",0.90821647644043,0.203272923827171,7.6151387596182,"almost_certain","BirdNET",NA,10.2198,-83.7874,FALSE,501,"White-winged Dove","Zenaida asiatica","#d16ff8","avian","https://media.birdweather.com/species/501/White-wingedDove-standard-6528ef689b07d5a91f1c2275cdef19c9.jpg","https://media.birdweather.com/species/501/White-wingedDove-thumbnail-4a940adfd5a6c78c73c48c5095e7b896.jpg","https://media.birdweather.com/species/501/White-wingedDove-png200-d65decd3d571b5a9dbeca249ef97689f.png","IscJLwb6hoVelZWZdoh3eIeIdxBoB4IG",16893636750,"https://media.birdweather.com/soundscapes/19267/19267-20260914-143610.flac",6,9,"live"
11142314533,19267,"2026-09-14T08:36:14.500-06:00",0.711784899234772,0.203272923827171,7.08079801363157,"almost_certain","BirdNET",NA,10.2198,-83.7874,FALSE,501,"White-winged Dove","Zenaida asiatica","#d16ff8","avian","https://media.birdweather.com/species/501/White-wingedDove-standard-6528ef689b07d5a91f1c2275cdef19c9.jpg","https://media.birdweather.com/species/501/White-wingedDove-thumbnail-4a940adfd5a6c78c73c48c5095e7b896.jpg","https://media.birdweather.com/species/501/White-wingedDove-png200-d65decd3d571b5a9dbeca249ef97689f.png","IscJLwb6hoVelZWZdoh3eIeIdxBoB4IG",16893636750,"https://media.birdweather.com/soundscapes/19267/19267-20260914-143610.flac",4.5,7.5,"live"
11142310214,19267,"2026-09-14T08:35:54.000-06:00",0.935143351554871,0.203272923827171,7.67448696579255,"almost_certain","BirdNET",NA,10.2198,-83.7874,FALSE,501,"White-winged Dove","Zenaida asiatica","#d16ff8","avian","https://media.birdweather.com/species/501/White-wingedDove-standard-6528ef689b07d5a91f1c2275cdef19c9.jpg","https://media.birdweather.com/species/501/White-wingedDove-thumbnail-4a940adfd5a6c78c73c48c5095e7b896.jpg","https://media.birdweather.com/species/501/White-wingedDove-png200-d65decd3d571b5a9dbeca249ef97689f.png","IscJLwb6hoVelZWZdoh3eIeIdxBoB4IG",16893629701,"https://media.birdweather.com/soundscapes/19267/19267-20260914-143554.flac",0,3,"live"
11142305606,19267,"2026-09-14T08:35:45.000-06:00",0.783616602420807,0.552218616008759,8.62904791622919,"almost_certain","BirdNET",NA,10.2198,-83.7874,FALSE,802,"Rufous-tailed Hummingbird","Amazilia tzacatl","#d9c845","avian","https://media.birdweather.com/species/802/Rufous-tailedHummingbird-standard-4d0209b50ad0c35c6d8337f5c0c16b55.jpg","https://media.birdweather.com/species/802/Rufous-tailedHummingbird-thumbnail-fbf17400c31564f70aa45927c5d75f5e.jpg","https://media.birdweather.com/species/802/Rufous-tailedHummingbird-png200-8ea431c9893cfe027e92471791a8c256.png","mPkJFwIHqJeJl4lriIaGhYh3+H+oVGAH",16893622068,"https://media.birdweather.com/soundscapes/19267/19267-20260914-143542.flac",3,6,"live"
11142305600,19267,"2026-09-14T08:35:42.000-06:00",0.77025032043457,0.552218616008759,8.5906505159797,"almost_certain","BirdNET",NA,10.2198,-83.7874,FALSE,802,"Rufous-tailed Hummingbird","Amazilia tzacatl","#d9c845","avian","https://media.birdweather.com/species/802/Rufous-tailedHummingbird-standard-4d0209b50ad0c35c6d8337f5c0c16b55.jpg","https://media.birdweather.com/species/802/Rufous-tailedHummingbird-thumbnail-fbf17400c31564f70aa45927c5d75f5e.jpg","https://media.birdweather.com/species/802/Rufous-tailedHummingbird-png200-8ea431c9893cfe027e92471791a8c256.png","mPkJFwIHqJeJl4lriIaGhYh3+H+oVGAH",16893622068,"https://media.birdweather.com/soundscapes/19267/19267-20260914-143542.flac",0,3,"live"
11142301200,19267,"2026-09-14T08:35:33.000-06:00",0.774122714996338,0.203259065747261,7.27383111850162,"almost_certain","BirdNET",NA,10.2198,-83.7874,FALSE,501,"White-winged Dove","Zenaida asiatica","#d16ff8","avian","https://media.birdweather.com/species/501/White-wingedDove-standard-6528ef689b07d5a91f1c2275cdef19c9.jpg","https://media.birdweather.com/species/501/White-wingedDove-thumbnail-4a940adfd5a6c78c73c48c5095e7b896.jpg","https://media.birdweather.com/species/501/White-wingedDove-png200-d65decd3d571b5a9dbeca249ef97689f.png","IscJLwb6hoVelZWZdoh3eIeIdxBoB4IG",16893614905,"https://media.birdweather.com/soundscapes/19267/19267-20260914-143527.flac",6,9,"live"
11142005889,19267,"2026-09-14T08:19:43.000-06:00",0.748660504817963,0.765550971031189,8.96696797214393,"almost_certain","BirdNET",NA,10.2198,-83.7874,FALSE,229,"Great Kiskadee","Pitangus sulphuratus","#7d4410","avian","https://media.birdweather.com/species/229/GreatKiskadee-standard-cd28a1b8e8b8e5aed433e809c229004e.jpg","https://media.birdweather.com/species/229/GreatKiskadee-thumbnail-b2749ed2442fb322cf3c4cb72f9c97f6.jpg","https://media.birdweather.com/species/229/GreatKiskadee-png200-003973af4f863deb00a4ce9b6f10e59c.png","0PgFDwIrhYqfZJh1mVe3SZZ3uKEJBncG",16893141731,"https://media.birdweather.com/soundscapes/19267/19267-20260914-141940.flac",3,6,"live"
11142005886,19267,"2026-09-14T08:19:40.000-06:00",0.828381299972534,0.765550971031189,9.19103379341858,"almost_certain","BirdNET",NA,10.2198,-83.7874,FALSE,229,"Great Kiskadee","Pitangus sulphuratus","#7d4410","avian","https://media.birdweather.com/species/229/GreatKiskadee-standard-cd28a1b8e8b8e5aed433e809c229004e.jpg","https://media.birdweather.com/species/229/GreatKiskadee-thumbnail-b2749ed2442fb322cf3c4cb72f9c97f6.jpg","https://media.birdweather.com/species/229/GreatKiskadee-png200-003973af4f863deb00a4ce9b6f10e59c.png","0PgFDwIrhYqfZJh1mVe3SZZ3uKEJBncG",16893141731,"https://media.birdweather.com/soundscapes/19267/19267-20260914-141940.flac",0,3,"live"
11141963780,19267,"2026-09-14T08:17:30.500-06:00",0.790661156177521,0.101157143712044,6.42816410936515,"almost_certain","BirdNET",NA,10.2198,-83.7874,FALSE,911,"Streaked Flycatcher","Myiodynastes maculatus","#c3a1ff","avian","https://media.birdweather.com/species/911/StreakedFlycatcher-standard-6e08f3f00504625ba4d00e4d1cb065c3.jpg","https://media.birdweather.com/species/911/StreakedFlycatcher-thumbnail-5a60658d75d4172d62c2298c232f4e7f.jpg","https://media.birdweather.com/species/911/StreakedFlycatcher-png200-6ebfd3b83b3eb79ab57b8b349797682c.png","ZikGDwDkXJZfl4XYJ4hXuXWWeP+1jMcP",16893074812,"https://media.birdweather.com/soundscapes/19267/19267-20260914-141726.flac",4.5,7.5,"live"
11141942430,19267,"2026-09-14T08:16:18.000-06:00",0.843310296535492,0.203262597322464,7.46046756729473,"almost_certain","BirdNET",NA,10.2198,-83.7874,FALSE,501,"White-winged Dove","Zenaida asiatica","#d16ff8","avian","https://media.birdweather.com/species/501/White-wingedDove-standard-6528ef689b07d5a91f1c2275cdef19c9.jpg","https://media.birdweather.com/species/501/White-wingedDove-thumbnail-4a940adfd5a6c78c73c48c5095e7b896.jpg","https://media.birdweather.com/species/501/White-wingedDove-png200-d65decd3d571b5a9dbeca249ef97689f.png","IscJLwb6hoVelZWZdoh3eIeIdxBoB4IG",16893040952,"https://media.birdweather.com/soundscapes/19267/19267-20260914-141618.flac",0,3,"live"
11141933960,19267,"2026-09-14T08:15:52.500-06:00",0.916212975978851,0.203256994485855,7.63293106730696,"almost_certain","BirdNET",NA,10.2198,-83.7874,FALSE,501,"White-winged Dove","Zenaida asiatica","#d16ff8","avian","https://media.birdweather.com/species/501/White-wingedDove-standard-6528ef689b07d5a91f1c2275cdef19c9.jpg","https://media.birdweather.com/species/501/White-wingedDove-thumbnail-4a940adfd5a6c78c73c48c5095e7b896.jpg","https://media.birdweather.com/species/501/White-wingedDove-png200-d65decd3d571b5a9dbeca249ef97689f.png","IscJLwb6hoVelZWZdoh3eIeIdxBoB4IG",16893027349,"https://media.birdweather.com/soundscapes/19267/19267-20260914-141551.flac",1.5,4.5,"live"
11141926096,19267,"2026-09-14T08:15:28.000-06:00",0.715055763721466,0.203256994485855,7.09153479283598,"almost_certain","BirdNET",NA,10.2198,-83.7874,FALSE,501,"White-winged Dove","Zenaida asiatica","#d16ff8","avian","https://media.birdweather.com/species/501/White-wingedDove-standard-6528ef689b07d5a91f1c2275cdef19c9.jpg","https://media.birdweather.com/species/501/White-wingedDove-thumbnail-4a940adfd5a6c78c73c48c5095e7b896.jpg","https://media.birdweather.com/species/501/White-wingedDove-png200-d65decd3d571b5a9dbeca249ef97689f.png","IscJLwb6hoVelZWZdoh3eIeIdxBoB4IG",16893014712,"https://media.birdweather.com/soundscapes/19267/19267-20260914-141525.flac",3,6,"live"
11141926091,19267,"2026-09-14T08:15:26.500-06:00",0.702671051025391,0.203256994485855,7.05003351498411,"almost_certain","BirdNET",NA,10.2198,-83.7874,FALSE,501,"White-winged Dove","Zenaida asiatica","#d16ff8","avian","https://media.birdweather.com/species/501/White-wingedDove-standard-6528ef689b07d5a91f1c2275cdef19c9.jpg","https://media.birdweather.com/species/501/White-wingedDove-thumbnail-4a940adfd5a6c78c73c48c5095e7b896.jpg","https://media.birdweather.com/species/501/White-wingedDove-png200-d65decd3d571b5a9dbeca249ef97689f.png","IscJLwb6hoVelZWZdoh3eIeIdxBoB4IG",16893014712,"https://media.birdweather.com/soundscapes/19267/19267-20260914-141525.flac",1.5,4.5,"live"
11141921422,19267,"2026-09-14T08:15:12.500-06:00",0.747921705245972,0.203256994485855,7.19593642435092,"almost_certain","BirdNET",NA,10.2198,-83.7874,FALSE,501,"White-winged Dove","Zenaida asiatica","#d16ff8","avian","https://media.birdweather.com/species/501/White-wingedDove-standard-6528ef689b07d5a91f1c2275cdef19c9.jpg","https://media.birdweather.com/species/501/White-wingedDove-thumbnail-4a940adfd5a6c78c73c48c5095e7b896.jpg","https://media.birdweather.com/species/501/White-wingedDove-png200-d65decd3d571b5a9dbeca249ef97689f.png","IscJLwb6hoVelZWZdoh3eIeIdxBoB4IG",16893007482,"https://media.birdweather.com/soundscapes/19267/19267-20260914-141511.flac",1.5,4.5,"live"
11141921420,19267,"2026-09-14T08:15:11.000-06:00",0.925916492938995,0.203256994485855,7.6543363861676,"almost_certain","BirdNET",NA,10.2198,-83.7874,FALSE,501,"White-winged Dove","Zenaida asiatica","#d16ff8","avian","https://media.birdweather.com/species/501/White-wingedDove-standard-6528ef689b07d5a91f1c2275cdef19c9.jpg","https://media.birdweather.com/species/501/White-wingedDove-thumbnail-4a940adfd5a6c78c73c48c5095e7b896.jpg","https://media.birdweather.com/species/501/White-wingedDove-png200-d65decd3d571b5a9dbeca249ef97689f.png","IscJLwb6hoVelZWZdoh3eIeIdxBoB4IG",16893007482,"https://media.birdweather.com/soundscapes/19267/19267-20260914-141511.flac",0,3,"live"
11141738502,19267,"2026-09-14T08:05:44.000-06:00",0.756366431713104,0.20327165722847,7.22161894702664,"almost_certain","BirdNET",NA,10.2198,-83.7874,FALSE,501,"White-winged Dove","Zenaida asiatica","#d16ff8","avian","https://media.birdweather.com/species/501/White-wingedDove-standard-6528ef689b07d5a91f1c2275cdef19c9.jpg","https://media.birdweather.com/species/501/White-wingedDove-thumbnail-4a940adfd5a6c78c73c48c5095e7b896.jpg","https://media.birdweather.com/species/501/White-wingedDove-png200-d65decd3d571b5a9dbeca249ef97689f.png","IscJLwb6hoVelZWZdoh3eIeIdxBoB4IG",16892721200,"https://media.birdweather.com/soundscapes/19267/19267-20260914-140538.flac",6,9,"live"
11141738498,19267,"2026-09-14T08:05:42.500-06:00",0.930969715118408,0.20327165722847,7.66544661466382,"almost_certain","BirdNET",NA,10.2198,-83.7874,FALSE,501,"White-winged Dove","Zenaida asiatica","#d16ff8","avian","https://media.birdweather.com/species/501/White-wingedDove-standard-6528ef689b07d5a91f1c2275cdef19c9.jpg","https://media.birdweather.com/species/501/White-wingedDove-thumbnail-4a940adfd5a6c78c73c48c5095e7b896.jpg","https://media.birdweather.com/species/501/White-wingedDove-png200-d65decd3d571b5a9dbeca249ef97689f.png","IscJLwb6hoVelZWZdoh3eIeIdxBoB4IG",16892721200,"https://media.birdweather.com/soundscapes/19267/19267-20260914-140538.flac",4.5,7.5,"live"
11141716281,19267,"2026-09-14T08:04:31.500-06:00",0.925783753395081,0.203250423073769,7.6540035997746,"almost_certain","BirdNET",NA,10.2198,-83.7874,FALSE,501,"White-winged Dove","Zenaida asiatica","#d16ff8","avian","https://media.birdweather.com/species/501/White-wingedDove-standard-6528ef689b07d5a91f1c2275cdef19c9.jpg","https://media.birdweather.com/species/501/White-wingedDove-thumbnail-4a940adfd5a6c78c73c48c5095e7b896.jpg","https://media.birdweather.com/species/501/White-wingedDove-png200-d65decd3d571b5a9dbeca249ef97689f.png","IscJLwb6hoVelZWZdoh3eIeIdxBoB4IG",16892686777,"https://media.birdweather.com/soundscapes/19267/19267-20260914-140430.flac",1.5,4.5,"live"
11141716278,19267,"2026-09-14T08:04:30.000-06:00",0.933648943901062,0.203250423073769,7.67111519470131,"almost_certain","BirdNET",NA,10.2198,-83.7874,FALSE,501,"White-winged Dove","Zenaida asiatica","#d16ff8","avian","https://media.birdweather.com/species/501/White-wingedDove-standard-6528ef689b07d5a91f1c2275cdef19c9.jpg","https://media.birdweather.com/species/501/White-wingedDove-thumbnail-4a940adfd5a6c78c73c48c5095e7b896.jpg","https://media.birdweather.com/species/501/White-wingedDove-png200-d65decd3d571b5a9dbeca249ef97689f.png","IscJLwb6hoVelZWZdoh3eIeIdxBoB4IG",16892686777,"https://media.birdweather.com/soundscapes/19267/19267-20260914-140430.flac",0,3,"live"
11141699370,19267,"2026-09-14T08:03:37.000-06:00",0.820277750492096,0.203263863921165,7.4011303169729,"almost_certain","BirdNET",NA,10.2198,-83.7874,FALSE,501,"White-winged Dove","Zenaida asiatica","#d16ff8","avian","https://media.birdweather.com/species/501/White-wingedDove-standard-6528ef689b07d5a91f1c2275cdef19c9.jpg","https://media.birdweather.com/species/501/White-wingedDove-thumbnail-4a940adfd5a6c78c73c48c5095e7b896.jpg","https://media.birdweather.com/species/501/White-wingedDove-png200-d65decd3d571b5a9dbeca249ef97689f.png","IscJLwb6hoVelZWZdoh3eIeIdxBoB4IG",16892660642,"https://media.birdweather.com/soundscapes/19267/19267-20260914-140337.flac",0,3,"live"
11141695176,19267,"2026-09-14T08:03:30.000-06:00",0.779781341552734,0.20325568318367,7.29006345346461,"almost_certain","BirdNET",NA,10.2198,-83.7874,FALSE,501,"White-winged Dove","Zenaida asiatica","#d16ff8","avian","https://media.birdweather.com/species/501/White-wingedDove-standard-6528ef689b07d5a91f1c2275cdef19c9.jpg","https://media.birdweather.com/species/501/White-wingedDove-thumbnail-4a940adfd5a6c78c73c48c5095e7b896.jpg","https://media.birdweather.com/species/501/White-wingedDove-png200-d65decd3d571b5a9dbeca249ef97689f.png","IscJLwb6hoVelZWZdoh3eIeIdxBoB4IG",16892654232,"https://media.birdweather.com/soundscapes/19267/19267-20260914-140324.flac",6,9,"live"
11141695170,19267,"2026-09-14T08:03:28.500-06:00",0.913618743419647,0.20325568318367,7.62714282179498,"almost_certain","BirdNET",NA,10.2198,-83.7874,FALSE,501,"White-winged Dove","Zenaida asiatica","#d16ff8","avian","https://media.birdweather.com/species/501/White-wingedDove-standard-6528ef689b07d5a91f1c2275cdef19c9.jpg","https://media.birdweather.com/species/501/White-wingedDove-thumbnail-4a940adfd5a6c78c73c48c5095e7b896.jpg","https://media.birdweather.com/species/501/White-wingedDove-png200-d65decd3d571b5a9dbeca249ef97689f.png","IscJLwb6hoVelZWZdoh3eIeIdxBoB4IG",16892654232,"https://media.birdweather.com/soundscapes/19267/19267-20260914-140324.flac",4.5,7.5,"live"
11141677618,19267,"2026-09-14T08:02:32.500-06:00",0.931118667125702,0.203257605433464,7.66567972225466,"almost_certain","BirdNET",NA,10.2198,-83.7874,FALSE,501,"White-winged Dove","Zenaida asiatica","#d16ff8","avian","https://media.birdweather.com/species/501/White-wingedDove-standard-6528ef689b07d5a91f1c2275cdef19c9.jpg","https://media.birdweather.com/species/501/White-wingedDove-thumbnail-4a940adfd5a6c78c73c48c5095e7b896.jpg","https://media.birdweather.com/species/501/White-wingedDove-png200-d65decd3d571b5a9dbeca249ef97689f.png","IscJLwb6hoVelZWZdoh3eIeIdxBoB4IG",16892627169,"https://media.birdweather.com/soundscapes/19267/19267-20260914-140231.flac",1.5,4.5,"live"
11141660920,19267,"2026-09-14T08:01:40.500-06:00",0.868709325790405,0.203259125351906,7.52303898408746,"almost_certain","BirdNET",NA,10.2198,-83.7874,FALSE,501,"White-winged Dove","Zenaida asiatica","#d16ff8","avian","https://media.birdweather.com/species/501/White-wingedDove-standard-6528ef689b07d5a91f1c2275cdef19c9.jpg","https://media.birdweather.com/species/501/White-wingedDove-thumbnail-4a940adfd5a6c78c73c48c5095e7b896.jpg","https://media.birdweather.com/species/501/White-wingedDove-png200-d65decd3d571b5a9dbeca249ef97689f.png","IscJLwb6hoVelZWZdoh3eIeIdxBoB4IG",16892601414,"https://media.birdweather.com/soundscapes/19267/19267-20260914-140139.flac",1.5,4.5,"live"
11141660913,19267,"2026-09-14T08:01:39.000-06:00",0.711429417133331,0.203259125351906,7.07952618106503,"almost_certain","BirdNET",NA,10.2198,-83.7874,FALSE,501,"White-winged Dove","Zenaida asiatica","#d16ff8","avian","https://media.birdweather.com/species/501/White-wingedDove-standard-6528ef689b07d5a91f1c2275cdef19c9.jpg","https://media.birdweather.com/species/501/White-wingedDove-thumbnail-4a940adfd5a6c78c73c48c5095e7b896.jpg","https://media.birdweather.com/species/501/White-wingedDove-png200-d65decd3d571b5a9dbeca249ef97689f.png","IscJLwb6hoVelZWZdoh3eIeIdxBoB4IG",16892601414,"https://media.birdweather.com/soundscapes/19267/19267-20260914-140139.flac",0,3,"live"
11141656906,19267,"2026-09-14T08:01:26.000-06:00",0.951987028121948,0.203259125351906,7.71025662671427,"almost_certain","BirdNET",NA,10.2198,-83.7874,FALSE,501,"White-winged Dove","Zenaida asiatica","#d16ff8","avian","https://media.birdweather.com/species/501/White-wingedDove-standard-6528ef689b07d5a91f1c2275cdef19c9.jpg","https://media.birdweather.com/species/501/White-wingedDove-thumbnail-4a940adfd5a6c78c73c48c5095e7b896.jpg","https://media.birdweather.com/species/501/White-wingedDove-png200-d65decd3d571b5a9dbeca249ef97689f.png","IscJLwb6hoVelZWZdoh3eIeIdxBoB4IG",16892595216,"https://media.birdweather.com/soundscapes/19267/19267-20260914-140126.flac",0,3,"live"
11141648447,19267,"2026-09-14T08:01:06.000-06:00",0.888422131538391,0.203254118561745,7.56968977297162,"almost_certain","BirdNET",NA,10.2198,-83.7874,FALSE,501,"White-winged Dove","Zenaida asiatica","#d16ff8","avian","https://media.birdweather.com/species/501/White-wingedDove-standard-6528ef689b07d5a91f1c2275cdef19c9.jpg","https://media.birdweather.com/species/501/White-wingedDove-thumbnail-4a940adfd5a6c78c73c48c5095e7b896.jpg","https://media.birdweather.com/species/501/White-wingedDove-png200-d65decd3d571b5a9dbeca249ef97689f.png","IscJLwb6hoVelZWZdoh3eIeIdxBoB4IG",16892582036,"https://media.birdweather.com/soundscapes/19267/19267-20260914-140100.flac",6,9,"live"
11141648424,19267,"2026-09-14T08:01:00.000-06:00",0.921214818954468,0.203254118561745,7.64398808596994,"almost_certain","BirdNET",NA,10.2198,-83.7874,FALSE,501,"White-winged Dove","Zenaida asiatica","#d16ff8","avian","https://media.birdweather.com/species/501/White-wingedDove-standard-6528ef689b07d5a91f1c2275cdef19c9.jpg","https://media.birdweather.com/species/501/White-wingedDove-thumbnail-4a940adfd5a6c78c73c48c5095e7b896.jpg","https://media.birdweather.com/species/501/White-wingedDove-png200-d65decd3d571b5a9dbeca249ef97689f.png","IscJLwb6hoVelZWZdoh3eIeIdxBoB4IG",16892582036,"https://media.birdweather.com/soundscapes/19267/19267-20260914-140100.flac",0,3,"live"
11141644404,19267,"2026-09-14T08:00:51.000-06:00",0.850608289241791,0.203254118561745,7.47869306656265,"almost_certain","BirdNET",NA,10.2198,-83.7874,FALSE,501,"White-winged Dove","Zenaida asiatica","#d16ff8","avian","https://media.birdweather.com/species/501/White-wingedDove-standard-6528ef689b07d5a91f1c2275cdef19c9.jpg","https://media.birdweather.com/species/501/White-wingedDove-thumbnail-4a940adfd5a6c78c73c48c5095e7b896.jpg","https://media.birdweather.com/species/501/White-wingedDove-png200-d65decd3d571b5a9dbeca249ef97689f.png","IscJLwb6hoVelZWZdoh3eIeIdxBoB4IG",16892575789,"https://media.birdweather.com/soundscapes/19267/19267-20260914-140048.flac",3,6,"live"
11141614573,19267,"2026-09-14T07:59:21.000-06:00",0.915080606937408,0.203258261084557,7.63041934039675,"almost_certain","BirdNET",NA,10.2198,-83.7874,FALSE,501,"White-winged Dove","Zenaida asiatica","#d16ff8","avian","https://media.birdweather.com/species/501/White-wingedDove-standard-6528ef689b07d5a91f1c2275cdef19c9.jpg","https://media.birdweather.com/species/501/White-wingedDove-thumbnail-4a940adfd5a6c78c73c48c5095e7b896.jpg","https://media.birdweather.com/species/501/White-wingedDove-png200-d65decd3d571b5a9dbeca249ef97689f.png","IscJLwb6hoVelZWZdoh3eIeIdxBoB4IG",16892529683,"https://media.birdweather.com/soundscapes/19267/19267-20260914-135915.flac",6,9,"live"
11141610358,19267,"2026-09-14T07:59:05.000-06:00",0.928276360034943,0.203258261084557,7.65950006463006,"almost_certain","BirdNET",NA,10.2198,-83.7874,FALSE,501,"White-winged Dove","Zenaida asiatica","#d16ff8","avian","https://media.birdweather.com/species/501/White-wingedDove-standard-6528ef689b07d5a91f1c2275cdef19c9.jpg","https://media.birdweather.com/species/501/White-wingedDove-thumbnail-4a940adfd5a6c78c73c48c5095e7b896.jpg","https://media.birdweather.com/species/501/White-wingedDove-png200-d65decd3d571b5a9dbeca249ef97689f.png","IscJLwb6hoVelZWZdoh3eIeIdxBoB4IG",16892523337,"https://media.birdweather.com/soundscapes/19267/19267-20260914-135902.flac",3,6,"live"
11141576234,19267,"2026-09-14T07:57:16.000-06:00",0.838474094867706,0.203254118561745,7.44816363286114,"almost_certain","BirdNET",NA,10.2198,-83.7874,FALSE,501,"White-winged Dove","Zenaida asiatica","#d16ff8","avian","https://media.birdweather.com/species/501/White-wingedDove-standard-6528ef689b07d5a91f1c2275cdef19c9.jpg","https://media.birdweather.com/species/501/White-wingedDove-thumbnail-4a940adfd5a6c78c73c48c5095e7b896.jpg","https://media.birdweather.com/species/501/White-wingedDove-png200-d65decd3d571b5a9dbeca249ef97689f.png","IscJLwb6hoVelZWZdoh3eIeIdxBoB4IG",16892470129,"https://media.birdweather.com/soundscapes/19267/19267-20260914-135716.flac",0,3,"live"
11141559438,19267,"2026-09-14T07:56:29.000-06:00",0.968560636043549,0.0763091966509819,6.50538356523475,"almost_certain","BirdNET",NA,10.2198,-83.7874,FALSE,17047,"Cinnamon-bellied Saltator","Saltator grandis","#6a35aa","avian","https://media.birdweather.com/species/17047/Cinnamon-belliedSaltator-standard-0876af3c691c96f8b8ee4f8dfdd870b4.jpeg","https://media.birdweather.com/species/17047/Cinnamon-belliedSaltator-thumbnail-3679ab493b8742672fc60e91862977e4.jpeg","https://media.birdweather.com/species/17047/Cinnamon-belliedSaltator-png200-58b4d4fbf255464431cd041a234f1383.png","FAgGBwCAaXmLZojmR6mHmXWEdlUJSJUA",16892443836,"https://media.birdweather.com/soundscapes/19267/19267-20260914-135623.flac",6,9,"live"
11141559428,19267,"2026-09-14T07:56:27.500-06:00",0.978107392787933,0.0763091966509819,6.52480821268774,"almost_certain","BirdNET",NA,10.2198,-83.7874,FALSE,17047,"Cinnamon-bellied Saltator","Saltator grandis","#6a35aa","avian","https://media.birdweather.com/species/17047/Cinnamon-belliedSaltator-standard-0876af3c691c96f8b8ee4f8dfdd870b4.jpeg","https://media.birdweather.com/species/17047/Cinnamon-belliedSaltator-thumbnail-3679ab493b8742672fc60e91862977e4.jpeg","https://media.birdweather.com/species/17047/Cinnamon-belliedSaltator-png200-58b4d4fbf255464431cd041a234f1383.png","FAgGBwCAaXmLZojmR6mHmXWEdlUJSJUA",16892443836,"https://media.birdweather.com/soundscapes/19267/19267-20260914-135623.flac",4.5,7.5,"live"
11141559423,19267,"2026-09-14T07:56:26.000-06:00",0.975698947906494,0.0763091966509819,6.51993370018276,"almost_certain","BirdNET",NA,10.2198,-83.7874,FALSE,17047,"Cinnamon-bellied Saltator","Saltator grandis","#6a35aa","avian","https://media.birdweather.com/species/17047/Cinnamon-belliedSaltator-standard-0876af3c691c96f8b8ee4f8dfdd870b4.jpeg","https://media.birdweather.com/species/17047/Cinnamon-belliedSaltator-thumbnail-3679ab493b8742672fc60e91862977e4.jpeg","https://media.birdweather.com/species/17047/Cinnamon-belliedSaltator-png200-58b4d4fbf255464431cd041a234f1383.png","FAgGBwCAaXmLZojmR6mHmXWEdlUJSJUA",16892443836,"https://media.birdweather.com/soundscapes/19267/19267-20260914-135623.flac",3,6,"live"
11141559415,19267,"2026-09-14T07:56:24.500-06:00",0.891690731048584,0.0763091966509819,6.33804763818226,"almost_certain","BirdNET",NA,10.2198,-83.7874,FALSE,17047,"Cinnamon-bellied Saltator","Saltator grandis","#6a35aa","avian","https://media.birdweather.com/species/17047/Cinnamon-belliedSaltator-standard-0876af3c691c96f8b8ee4f8dfdd870b4.jpeg","https://media.birdweather.com/species/17047/Cinnamon-belliedSaltator-thumbnail-3679ab493b8742672fc60e91862977e4.jpeg","https://media.birdweather.com/species/17047/Cinnamon-belliedSaltator-png200-58b4d4fbf255464431cd041a234f1383.png","FAgGBwCAaXmLZojmR6mHmXWEdlUJSJUA",16892443836,"https://media.birdweather.com/soundscapes/19267/19267-20260914-135623.flac",1.5,4.5,"live"
11141546387,19267,"2026-09-14T07:55:47.500-06:00",0.934734880924225,0.0763091966509819,6.43425358212471,"almost_certain","BirdNET",NA,10.2198,-83.7874,FALSE,17047,"Cinnamon-bellied Saltator","Saltator grandis","#6a35aa","avian","https://media.birdweather.com/species/17047/Cinnamon-belliedSaltator-standard-0876af3c691c96f8b8ee4f8dfdd870b4.jpeg","https://media.birdweather.com/species/17047/Cinnamon-belliedSaltator-thumbnail-3679ab493b8742672fc60e91862977e4.jpeg","https://media.birdweather.com/species/17047/Cinnamon-belliedSaltator-png200-58b4d4fbf255464431cd041a234f1383.png","FAgGBwCAaXmLZojmR6mHmXWEdlUJSJUA",16892423711,"https://media.birdweather.com/soundscapes/19267/19267-20260914-135543.flac",4.5,7.5,"live"
11141542260,19267,"2026-09-14T07:55:34.000-06:00",0.950530111789703,0.0763112977147102,6.46796178672218,"almost_certain","BirdNET",NA,10.2198,-83.7874,FALSE,17047,"Cinnamon-bellied Saltator","Saltator grandis","#6a35aa","avian","https://media.birdweather.com/species/17047/Cinnamon-belliedSaltator-standard-0876af3c691c96f8b8ee4f8dfdd870b4.jpeg","https://media.birdweather.com/species/17047/Cinnamon-belliedSaltator-thumbnail-3679ab493b8742672fc60e91862977e4.jpeg","https://media.birdweather.com/species/17047/Cinnamon-belliedSaltator-png200-58b4d4fbf255464431cd041a234f1383.png","FAgGBwCAaXmLZojmR6mHmXWEdlUJSJUA",16892417259,"https://media.birdweather.com/soundscapes/19267/19267-20260914-135528.flac",6,9,"live"
11141542254,19267,"2026-09-14T07:55:32.500-06:00",0.719944953918457,0.0763112977147102,5.86836217999727,"almost_certain","BirdNET",NA,10.2198,-83.7874,FALSE,17047,"Cinnamon-bellied Saltator","Saltator grandis","#6a35aa","avian","https://media.birdweather.com/species/17047/Cinnamon-belliedSaltator-standard-0876af3c691c96f8b8ee4f8dfdd870b4.jpeg","https://media.birdweather.com/species/17047/Cinnamon-belliedSaltator-thumbnail-3679ab493b8742672fc60e91862977e4.jpeg","https://media.birdweather.com/species/17047/Cinnamon-belliedSaltator-png200-58b4d4fbf255464431cd041a234f1383.png","FAgGBwCAaXmLZojmR6mHmXWEdlUJSJUA",16892417259,"https://media.birdweather.com/soundscapes/19267/19267-20260914-135528.flac",4.5,7.5,"live"
11141532900,19267,"2026-09-14T07:55:03.500-06:00",0.801024258136749,0.203263148665428,7.34946537147537,"almost_certain","BirdNET",NA,10.2198,-83.7874,FALSE,501,"White-winged Dove","Zenaida asiatica","#d16ff8","avian","https://media.birdweather.com/species/501/White-wingedDove-standard-6528ef689b07d5a91f1c2275cdef19c9.jpg","https://media.birdweather.com/species/501/White-wingedDove-thumbnail-4a940adfd5a6c78c73c48c5095e7b896.jpg","https://media.birdweather.com/species/501/White-wingedDove-png200-d65decd3d571b5a9dbeca249ef97689f.png","IscJLwb6hoVelZWZdoh3eIeIdxBoB4IG",16892402892,"https://media.birdweather.com/soundscapes/19267/19267-20260914-135502.flac",1.5,4.5,"live"
11141532898,19267,"2026-09-14T07:55:02.000-06:00",0.826137185096741,0.203263148665428,7.41646860202513,"almost_certain","BirdNET",NA,10.2198,-83.7874,FALSE,501,"White-winged Dove","Zenaida asiatica","#d16ff8","avian","https://media.birdweather.com/species/501/White-wingedDove-standard-6528ef689b07d5a91f1c2275cdef19c9.jpg","https://media.birdweather.com/species/501/White-wingedDove-thumbnail-4a940adfd5a6c78c73c48c5095e7b896.jpg","https://media.birdweather.com/species/501/White-wingedDove-png200-d65decd3d571b5a9dbeca249ef97689f.png","IscJLwb6hoVelZWZdoh3eIeIdxBoB4IG",16892402892,"https://media.birdweather.com/soundscapes/19267/19267-20260914-135502.flac",0,3,"live"
11141523988,19267,"2026-09-14T07:54:36.500-06:00",0.870855212211609,0.203263148665428,7.52822446388268,"almost_certain","BirdNET",NA,10.2198,-83.7874,FALSE,501,"White-winged Dove","Zenaida asiatica","#d16ff8","avian","https://media.birdweather.com/species/501/White-wingedDove-standard-6528ef689b07d5a91f1c2275cdef19c9.jpg","https://media.birdweather.com/species/501/White-wingedDove-thumbnail-4a940adfd5a6c78c73c48c5095e7b896.jpg","https://media.birdweather.com/species/501/White-wingedDove-png200-d65decd3d571b5a9dbeca249ef97689f.png","IscJLwb6hoVelZWZdoh3eIeIdxBoB4IG",16892389534,"https://media.birdweather.com/soundscapes/19267/19267-20260914-135435.flac",1.5,4.5,"live"
11141523984,19267,"2026-09-14T07:54:35.000-06:00",0.887751221656799,0.203263148665428,7.56818483932018,"almost_certain","BirdNET",NA,10.2198,-83.7874,FALSE,501,"White-winged Dove","Zenaida asiatica","#d16ff8","avian","https://media.birdweather.com/species/501/White-wingedDove-standard-6528ef689b07d5a91f1c2275cdef19c9.jpg","https://media.birdweather.com/species/501/White-wingedDove-thumbnail-4a940adfd5a6c78c73c48c5095e7b896.jpg","https://media.birdweather.com/species/501/White-wingedDove-png200-d65decd3d571b5a9dbeca249ef97689f.png","IscJLwb6hoVelZWZdoh3eIeIdxBoB4IG",16892389534,"https://media.birdweather.com/soundscapes/19267/19267-20260914-135435.flac",0,3,"live"
11141519546,19267,"2026-09-14T07:54:28.000-06:00",0.832680881023407,0.203263148665428,7.43340253590079,"almost_certain","BirdNET",NA,10.2198,-83.7874,FALSE,501,"White-winged Dove","Zenaida asiatica","#d16ff8","avian","https://media.birdweather.com/species/501/White-wingedDove-standard-6528ef689b07d5a91f1c2275cdef19c9.jpg","https://media.birdweather.com/species/501/White-wingedDove-thumbnail-4a940adfd5a6c78c73c48c5095e7b896.jpg","https://media.birdweather.com/species/501/White-wingedDove-png200-d65decd3d571b5a9dbeca249ef97689f.png","IscJLwb6hoVelZWZdoh3eIeIdxBoB4IG",16892383043,"https://media.birdweather.com/soundscapes/19267/19267-20260914-135422.flac",6,9,"live"
11141519542,19267,"2026-09-14T07:54:22.000-06:00",0.793051540851593,0.203263148665428,7.32748946803464,"almost_certain","BirdNET",NA,10.2198,-83.7874,FALSE,501,"White-winged Dove","Zenaida asiatica","#d16ff8","avian","https://media.birdweather.com/species/501/White-wingedDove-standard-6528ef689b07d5a91f1c2275cdef19c9.jpg","https://media.birdweather.com/species/501/White-wingedDove-thumbnail-4a940adfd5a6c78c73c48c5095e7b896.jpg","https://media.birdweather.com/species/501/White-wingedDove-png200-d65decd3d571b5a9dbeca249ef97689f.png","IscJLwb6hoVelZWZdoh3eIeIdxBoB4IG",16892383043,"https://media.birdweather.com/soundscapes/19267/19267-20260914-135422.flac",0,3,"live"
11141510530,19267,"2026-09-14T07:54:01.000-06:00",0.964876353740692,0.203263148665428,7.73710217209604,"almost_certain","BirdNET",NA,10.2198,-83.7874,FALSE,501,"White-winged Dove","Zenaida asiatica","#d16ff8","avian","https://media.birdweather.com/species/501/White-wingedDove-standard-6528ef689b07d5a91f1c2275cdef19c9.jpg","https://media.birdweather.com/species/501/White-wingedDove-thumbnail-4a940adfd5a6c78c73c48c5095e7b896.jpg","https://media.birdweather.com/species/501/White-wingedDove-png200-d65decd3d571b5a9dbeca249ef97689f.png","IscJLwb6hoVelZWZdoh3eIeIdxBoB4IG",16892369532,"https://media.birdweather.com/soundscapes/19267/19267-20260914-135355.flac",6,9,"live"
11141510520,19267,"2026-09-14T07:53:59.500-06:00",0.875663697719574,0.203263148665428,7.53971605588986,"almost_certain","BirdNET",NA,10.2198,-83.7874,FALSE,501,"White-winged Dove","Zenaida asiatica","#d16ff8","avian","https://media.birdweather.com/species/501/White-wingedDove-standard-6528ef689b07d5a91f1c2275cdef19c9.jpg","https://media.birdweather.com/species/501/White-wingedDove-thumbnail-4a940adfd5a6c78c73c48c5095e7b896.jpg","https://media.birdweather.com/species/501/White-wingedDove-png200-d65decd3d571b5a9dbeca249ef97689f.png","IscJLwb6hoVelZWZdoh3eIeIdxBoB4IG",16892369532,"https://media.birdweather.com/soundscapes/19267/19267-20260914-135355.flac",4.5,7.5,"live"
11141506224,19267,"2026-09-14T07:53:46.000-06:00",0.726531326770782,0.203263148665428,7.12893824658134,"almost_certain","BirdNET",NA,10.2198,-83.7874,FALSE,501,"White-winged Dove","Zenaida asiatica","#d16ff8","avian","https://media.birdweather.com/species/501/White-wingedDove-standard-6528ef689b07d5a91f1c2275cdef19c9.jpg","https://media.birdweather.com/species/501/White-wingedDove-thumbnail-4a940adfd5a6c78c73c48c5095e7b896.jpg","https://media.birdweather.com/species/501/White-wingedDove-png200-d65decd3d571b5a9dbeca249ef97689f.png","IscJLwb6hoVelZWZdoh3eIeIdxBoB4IG",16892363195,"https://media.birdweather.com/soundscapes/19267/19267-20260914-135343.flac",3,6,"live"
11141506216,19267,"2026-09-14T07:53:44.500-06:00",0.908403158187866,0.203263148665428,7.6154963993115,"almost_certain","BirdNET",NA,10.2198,-83.7874,FALSE,501,"White-winged Dove","Zenaida asiatica","#d16ff8","avian","https://media.birdweather.com/species/501/White-wingedDove-standard-6528ef689b07d5a91f1c2275cdef19c9.jpg","https://media.birdweather.com/species/501/White-wingedDove-thumbnail-4a940adfd5a6c78c73c48c5095e7b896.jpg","https://media.birdweather.com/species/501/White-wingedDove-png200-d65decd3d571b5a9dbeca249ef97689f.png","IscJLwb6hoVelZWZdoh3eIeIdxBoB4IG",16892363195,"https://media.birdweather.com/soundscapes/19267/19267-20260914-135343.flac",1.5,4.5,"live"
11141493327,19267,"2026-09-14T07:53:06.000-06:00",0.969448864459991,0.203264743089676,7.74650197590794,"almost_certain","BirdNET",NA,10.2198,-83.7874,FALSE,501,"White-winged Dove","Zenaida asiatica","#d16ff8","avian","https://media.birdweather.com/species/501/White-wingedDove-standard-6528ef689b07d5a91f1c2275cdef19c9.jpg","https://media.birdweather.com/species/501/White-wingedDove-thumbnail-4a940adfd5a6c78c73c48c5095e7b896.jpg","https://media.birdweather.com/species/501/White-wingedDove-png200-d65decd3d571b5a9dbeca249ef97689f.png","IscJLwb6hoVelZWZdoh3eIeIdxBoB4IG",16892343552,"https://media.birdweather.com/soundscapes/19267/19267-20260914-135303.flac",3,6,"live"
11141493321,19267,"2026-09-14T07:53:04.500-06:00",0.926930606365204,0.203264743089676,7.65660404912463,"almost_certain","BirdNET",NA,10.2198,-83.7874,FALSE,501,"White-winged Dove","Zenaida asiatica","#d16ff8","avian","https://media.birdweather.com/species/501/White-wingedDove-standard-6528ef689b07d5a91f1c2275cdef19c9.jpg","https://media.birdweather.com/species/501/White-wingedDove-thumbnail-4a940adfd5a6c78c73c48c5095e7b896.jpg","https://media.birdweather.com/species/501/White-wingedDove-png200-d65decd3d571b5a9dbeca249ef97689f.png","IscJLwb6hoVelZWZdoh3eIeIdxBoB4IG",16892343552,"https://media.birdweather.com/soundscapes/19267/19267-20260914-135303.flac",1.5,4.5,"live"
11141493316,19267,"2026-09-14T07:53:03.000-06:00",0.839627981185913,0.203264743089676,7.45116449291798,"almost_certain","BirdNET",NA,10.2198,-83.7874,FALSE,501,"White-winged Dove","Zenaida asiatica","#d16ff8","avian","https://media.birdweather.com/species/501/White-wingedDove-standard-6528ef689b07d5a91f1c2275cdef19c9.jpg","https://media.birdweather.com/species/501/White-wingedDove-thumbnail-4a940adfd5a6c78c73c48c5095e7b896.jpg","https://media.birdweather.com/species/501/White-wingedDove-png200-d65decd3d571b5a9dbeca249ef97689f.png","IscJLwb6hoVelZWZdoh3eIeIdxBoB4IG",16892343552,"https://media.birdweather.com/soundscapes/19267/19267-20260914-135303.flac",0,3,"live"
11141480063,19267,"2026-09-14T07:52:24.500-06:00",0.882382392883301,0.81806492805481,9.41410670399014,"almost_certain","BirdNET",NA,10.2198,-83.7874,FALSE,451,"Blue-gray Tanager","Thraupis episcopus","#844800","avian","https://media.birdweather.com/species/451/Blue-grayTanager-standard-04bc83ed9930251b50b0a08bf40fec04.jpg","https://media.birdweather.com/species/451/Blue-grayTanager-thumbnail-dc3af9565dbd849047cf157316f7ef59.jpg","https://media.birdweather.com/species/451/Blue-grayTanager-png200-be5418cb49793536e5c09e1af73aefe1.png","GvkFHwZvZYaoamVVjYZ1i1Z2Zoz1l3EP",16892323164,"https://media.birdweather.com/soundscapes/19267/19267-20260914-135223.flac",1.5,4.5,"live"
11141480060,19267,"2026-09-14T07:52:23.000-06:00",0.713122606277466,0.81806492805481,8.94367220220118,"almost_certain","BirdNET",NA,10.2198,-83.7874,FALSE,451,"Blue-gray Tanager","Thraupis episcopus","#844800","avian","https://media.birdweather.com/species/451/Blue-grayTanager-standard-04bc83ed9930251b50b0a08bf40fec04.jpg","https://media.birdweather.com/species/451/Blue-grayTanager-thumbnail-dc3af9565dbd849047cf157316f7ef59.jpg","https://media.birdweather.com/species/451/Blue-grayTanager-png200-be5418cb49793536e5c09e1af73aefe1.png","GvkFHwZvZYaoamVVjYZ1i1Z2Zoz1l3EP",16892323164,"https://media.birdweather.com/soundscapes/19267/19267-20260914-135223.flac",0,3,"live"
11141466732,19267,"2026-09-14T07:51:49.000-06:00",0.750216722488403,0.203264743089676,7.2029877516266,"almost_certain","BirdNET",NA,10.2198,-83.7874,FALSE,501,"White-winged Dove","Zenaida asiatica","#d16ff8","avian","https://media.birdweather.com/species/501/White-wingedDove-standard-6528ef689b07d5a91f1c2275cdef19c9.jpg","https://media.birdweather.com/species/501/White-wingedDove-thumbnail-4a940adfd5a6c78c73c48c5095e7b896.jpg","https://media.birdweather.com/species/501/White-wingedDove-png200-d65decd3d571b5a9dbeca249ef97689f.png","IscJLwb6hoVelZWZdoh3eIeIdxBoB4IG",16892303290,"https://media.birdweather.com/soundscapes/19267/19267-20260914-135143.flac",6,9,"live"
11141449733,19267,"2026-09-14T07:50:51.500-06:00",0.742255568504333,0.203254073858261,7.1784768385159,"almost_certain","BirdNET",NA,10.2198,-83.7874,FALSE,501,"White-winged Dove","Zenaida asiatica","#d16ff8","avian","https://media.birdweather.com/species/501/White-wingedDove-standard-6528ef689b07d5a91f1c2275cdef19c9.jpg","https://media.birdweather.com/species/501/White-wingedDove-thumbnail-4a940adfd5a6c78c73c48c5095e7b896.jpg","https://media.birdweather.com/species/501/White-wingedDove-png200-d65decd3d571b5a9dbeca249ef97689f.png","IscJLwb6hoVelZWZdoh3eIeIdxBoB4IG",16892277215,"https://media.birdweather.com/soundscapes/19267/19267-20260914-135050.flac",1.5,4.5,"live"
11141436872,19267,"2026-09-14T07:50:14.000-06:00",0.716342568397522,0.765554368495941,8.86455539774587,"almost_certain","BirdNET",NA,10.2198,-83.7874,FALSE,229,"Great Kiskadee","Pitangus sulphuratus","#7d4410","avian","https://media.birdweather.com/species/229/GreatKiskadee-standard-cd28a1b8e8b8e5aed433e809c229004e.jpg","https://media.birdweather.com/species/229/GreatKiskadee-thumbnail-b2749ed2442fb322cf3c4cb72f9c97f6.jpg","https://media.birdweather.com/species/229/GreatKiskadee-png200-003973af4f863deb00a4ce9b6f10e59c.png","0PgFDwIrhYqfZJh1mVe3SZZ3uKEJBncG",16892257194,"https://media.birdweather.com/soundscapes/19267/19267-20260914-135011.flac",3,6,"live"
11141407117,19267,"2026-09-14T07:48:43.000-06:00",0.797276616096497,0.765554368495941,9.10791951224419,"almost_certain","BirdNET",NA,10.2198,-83.7874,FALSE,229,"Great Kiskadee","Pitangus sulphuratus","#7d4410","avian","https://media.birdweather.com/species/229/GreatKiskadee-standard-cd28a1b8e8b8e5aed433e809c229004e.jpg","https://media.birdweather.com/species/229/GreatKiskadee-thumbnail-b2749ed2442fb322cf3c4cb72f9c97f6.jpg","https://media.birdweather.com/species/229/GreatKiskadee-png200-003973af4f863deb00a4ce9b6f10e59c.png","0PgFDwIrhYqfZJh1mVe3SZZ3uKEJBncG",16892210446,"https://media.birdweather.com/soundscapes/19267/19267-20260914-134837.flac",6,9,"live"
11141407107,19267,"2026-09-14T07:48:37.000-06:00",0.814203321933746,0.765554368495941,9.15377658011225,"almost_certain","BirdNET",NA,10.2198,-83.7874,FALSE,229,"Great Kiskadee","Pitangus sulphuratus","#7d4410","avian","https://media.birdweather.com/species/229/GreatKiskadee-standard-cd28a1b8e8b8e5aed433e809c229004e.jpg","https://media.birdweather.com/species/229/GreatKiskadee-thumbnail-b2749ed2442fb322cf3c4cb72f9c97f6.jpg","https://media.birdweather.com/species/229/GreatKiskadee-png200-003973af4f863deb00a4ce9b6f10e59c.png","0PgFDwIrhYqfZJh1mVe3SZZ3uKEJBncG",16892210446,"https://media.birdweather.com/soundscapes/19267/19267-20260914-134837.flac",0,3,"live"
11141403233,19267,"2026-09-14T07:48:30.000-06:00",0.773491859436035,0.203254073858261,7.27197494888857,"almost_certain","BirdNET",NA,10.2198,-83.7874,FALSE,501,"White-winged Dove","Zenaida asiatica","#d16ff8","avian","https://media.birdweather.com/species/501/White-wingedDove-standard-6528ef689b07d5a91f1c2275cdef19c9.jpg","https://media.birdweather.com/species/501/White-wingedDove-thumbnail-4a940adfd5a6c78c73c48c5095e7b896.jpg","https://media.birdweather.com/species/501/White-wingedDove-png200-d65decd3d571b5a9dbeca249ef97689f.png","IscJLwb6hoVelZWZdoh3eIeIdxBoB4IG",16892204209,"https://media.birdweather.com/soundscapes/19267/19267-20260914-134824.flac",6,9,"live"
11141403231,19267,"2026-09-14T07:48:28.500-06:00",0.854801714420319,0.203254073858261,7.48908714894821,"almost_certain","BirdNET",NA,10.2198,-83.7874,FALSE,501,"White-winged Dove","Zenaida asiatica","#d16ff8","avian","https://media.birdweather.com/species/501/White-wingedDove-standard-6528ef689b07d5a91f1c2275cdef19c9.jpg","https://media.birdweather.com/species/501/White-wingedDove-thumbnail-4a940adfd5a6c78c73c48c5095e7b896.jpg","https://media.birdweather.com/species/501/White-wingedDove-png200-d65decd3d571b5a9dbeca249ef97689f.png","IscJLwb6hoVelZWZdoh3eIeIdxBoB4IG",16892204209,"https://media.birdweather.com/soundscapes/19267/19267-20260914-134824.flac",4.5,7.5,"live"
11141403227,19267,"2026-09-14T07:48:28.500-06:00",0.809341788291931,0.765554368495941,9.14076230041291,"almost_certain","BirdNET",NA,10.2198,-83.7874,FALSE,229,"Great Kiskadee","Pitangus sulphuratus","#7d4410","avian","https://media.birdweather.com/species/229/GreatKiskadee-standard-cd28a1b8e8b8e5aed433e809c229004e.jpg","https://media.birdweather.com/species/229/GreatKiskadee-thumbnail-b2749ed2442fb322cf3c4cb72f9c97f6.jpg","https://media.birdweather.com/species/229/GreatKiskadee-png200-003973af4f863deb00a4ce9b6f10e59c.png","0PgFDwIrhYqfZJh1mVe3SZZ3uKEJBncG",16892204209,"https://media.birdweather.com/soundscapes/19267/19267-20260914-134824.flac",4.5,7.5,"live"
11141403225,19267,"2026-09-14T07:48:27.000-06:00",0.793296098709106,0.765554368495941,9.09690903700698,"almost_certain","BirdNET",NA,10.2198,-83.7874,FALSE,229,"Great Kiskadee","Pitangus sulphuratus","#7d4410","avian","https://media.birdweather.com/species/229/GreatKiskadee-standard-cd28a1b8e8b8e5aed433e809c229004e.jpg","https://media.birdweather.com/species/229/GreatKiskadee-thumbnail-b2749ed2442fb322cf3c4cb72f9c97f6.jpg","https://media.birdweather.com/species/229/GreatKiskadee-png200-003973af4f863deb00a4ce9b6f10e59c.png","0PgFDwIrhYqfZJh1mVe3SZZ3uKEJBncG",16892204209,"https://media.birdweather.com/soundscapes/19267/19267-20260914-134824.flac",3,6,"live"
11141403221,19267,"2026-09-14T07:48:24.000-06:00",0.818226516246796,0.765554368495941,9.16445392380083,"almost_certain","BirdNET",NA,10.2198,-83.7874,FALSE,229,"Great Kiskadee","Pitangus sulphuratus","#7d4410","avian","https://media.birdweather.com/species/229/GreatKiskadee-standard-cd28a1b8e8b8e5aed433e809c229004e.jpg","https://media.birdweather.com/species/229/GreatKiskadee-thumbnail-b2749ed2442fb322cf3c4cb72f9c97f6.jpg","https://media.birdweather.com/species/229/GreatKiskadee-png200-003973af4f863deb00a4ce9b6f10e59c.png","0PgFDwIrhYqfZJh1mVe3SZZ3uKEJBncG",16892204209,"https://media.birdweather.com/soundscapes/19267/19267-20260914-134824.flac",0,3,"live"
11141399207,19267,"2026-09-14T07:48:18.000-06:00",0.803247153759003,0.765554368495941,9.12427041551797,"almost_certain","BirdNET",NA,10.2198,-83.7874,FALSE,229,"Great Kiskadee","Pitangus sulphuratus","#7d4410","avian","https://media.birdweather.com/species/229/GreatKiskadee-standard-cd28a1b8e8b8e5aed433e809c229004e.jpg","https://media.birdweather.com/species/229/GreatKiskadee-thumbnail-b2749ed2442fb322cf3c4cb72f9c97f6.jpg","https://media.birdweather.com/species/229/GreatKiskadee-png200-003973af4f863deb00a4ce9b6f10e59c.png","0PgFDwIrhYqfZJh1mVe3SZZ3uKEJBncG",16892197795,"https://media.birdweather.com/soundscapes/19267/19267-20260914-134812.flac",6,9,"live"
11141399178,19267,"2026-09-14T07:48:13.500-06:00",0.834900677204132,0.765554368495941,9.20783996450174,"almost_certain","BirdNET",NA,10.2198,-83.7874,FALSE,229,"Great Kiskadee","Pitangus sulphuratus","#7d4410","avian","https://media.birdweather.com/species/229/GreatKiskadee-standard-cd28a1b8e8b8e5aed433e809c229004e.jpg","https://media.birdweather.com/species/229/GreatKiskadee-thumbnail-b2749ed2442fb322cf3c4cb72f9c97f6.jpg","https://media.birdweather.com/species/229/GreatKiskadee-png200-003973af4f863deb00a4ce9b6f10e59c.png","0PgFDwIrhYqfZJh1mVe3SZZ3uKEJBncG",16892197795,"https://media.birdweather.com/soundscapes/19267/19267-20260914-134812.flac",1.5,4.5,"live"
11141399170,19267,"2026-09-14T07:48:12.000-06:00",0.85873556137085,0.765554368495941,9.26756542284998,"almost_certain","BirdNET",NA,10.2198,-83.7874,FALSE,229,"Great Kiskadee","Pitangus sulphuratus","#7d4410","avian","https://media.birdweather.com/species/229/GreatKiskadee-standard-cd28a1b8e8b8e5aed433e809c229004e.jpg","https://media.birdweather.com/species/229/GreatKiskadee-thumbnail-b2749ed2442fb322cf3c4cb72f9c97f6.jpg","https://media.birdweather.com/species/229/GreatKiskadee-png200-003973af4f863deb00a4ce9b6f10e59c.png","0PgFDwIrhYqfZJh1mVe3SZZ3uKEJBncG",16892197795,"https://media.birdweather.com/soundscapes/19267/19267-20260914-134812.flac",0,3,"live"
11141394492,19267,"2026-09-14T07:48:02.500-06:00",0.715063452720642,0.203254073858261,7.09154140940398,"almost_certain","BirdNET",NA,10.2198,-83.7874,FALSE,501,"White-winged Dove","Zenaida asiatica","#d16ff8","avian","https://media.birdweather.com/species/501/White-wingedDove-standard-6528ef689b07d5a91f1c2275cdef19c9.jpg","https://media.birdweather.com/species/501/White-wingedDove-thumbnail-4a940adfd5a6c78c73c48c5095e7b896.jpg","https://media.birdweather.com/species/501/White-wingedDove-png200-d65decd3d571b5a9dbeca249ef97689f.png","IscJLwb6hoVelZWZdoh3eIeIdxBoB4IG",16892190670,"https://media.birdweather.com/soundscapes/19267/19267-20260914-134758.flac",4.5,7.5,"live"
11141394487,19267,"2026-09-14T07:48:01.000-06:00",0.885408878326416,0.203254073858261,7.56265582261962,"almost_certain","BirdNET",NA,10.2198,-83.7874,FALSE,501,"White-winged Dove","Zenaida asiatica","#d16ff8","avian","https://media.birdweather.com/species/501/White-wingedDove-standard-6528ef689b07d5a91f1c2275cdef19c9.jpg","https://media.birdweather.com/species/501/White-wingedDove-thumbnail-4a940adfd5a6c78c73c48c5095e7b896.jpg","https://media.birdweather.com/species/501/White-wingedDove-png200-d65decd3d571b5a9dbeca249ef97689f.png","IscJLwb6hoVelZWZdoh3eIeIdxBoB4IG",16892190670,"https://media.birdweather.com/soundscapes/19267/19267-20260914-134758.flac",3,6,"live"
11141394486,19267,"2026-09-14T07:48:01.000-06:00",0.738591134548187,0.765554368495941,8.93587652859794,"almost_certain","BirdNET",NA,10.2198,-83.7874,FALSE,229,"Great Kiskadee","Pitangus sulphuratus","#7d4410","avian","https://media.birdweather.com/species/229/GreatKiskadee-standard-cd28a1b8e8b8e5aed433e809c229004e.jpg","https://media.birdweather.com/species/229/GreatKiskadee-thumbnail-b2749ed2442fb322cf3c4cb72f9c97f6.jpg","https://media.birdweather.com/species/229/GreatKiskadee-png200-003973af4f863deb00a4ce9b6f10e59c.png","0PgFDwIrhYqfZJh1mVe3SZZ3uKEJBncG",16892190670,"https://media.birdweather.com/soundscapes/19267/19267-20260914-134758.flac",3,6,"live"
11141394485,19267,"2026-09-14T07:47:59.500-06:00",0.745788395404816,0.203254073858261,7.18937719611833,"almost_certain","BirdNET",NA,10.2198,-83.7874,FALSE,501,"White-winged Dove","Zenaida asiatica","#d16ff8","avian","https://media.birdweather.com/species/501/White-wingedDove-standard-6528ef689b07d5a91f1c2275cdef19c9.jpg","https://media.birdweather.com/species/501/White-wingedDove-thumbnail-4a940adfd5a6c78c73c48c5095e7b896.jpg","https://media.birdweather.com/species/501/White-wingedDove-png200-d65decd3d571b5a9dbeca249ef97689f.png","IscJLwb6hoVelZWZdoh3eIeIdxBoB4IG",16892190670,"https://media.birdweather.com/soundscapes/19267/19267-20260914-134758.flac",1.5,4.5,"live"
11141394482,19267,"2026-09-14T07:47:58.000-06:00",0.850095331668854,0.203254073858261,7.47741586538651,"almost_certain","BirdNET",NA,10.2198,-83.7874,FALSE,501,"White-winged Dove","Zenaida asiatica","#d16ff8","avian","https://media.birdweather.com/species/501/White-wingedDove-standard-6528ef689b07d5a91f1c2275cdef19c9.jpg","https://media.birdweather.com/species/501/White-wingedDove-thumbnail-4a940adfd5a6c78c73c48c5095e7b896.jpg","https://media.birdweather.com/species/501/White-wingedDove-png200-d65decd3d571b5a9dbeca249ef97689f.png","IscJLwb6hoVelZWZdoh3eIeIdxBoB4IG",16892190670,"https://media.birdweather.com/soundscapes/19267/19267-20260914-134758.flac",0,3,"live"
11141386432,19267,"2026-09-14T07:47:39.000-06:00",0.963134109973907,0.765554368495941,9.50224771417184,"almost_certain","BirdNET",NA,10.2198,-83.7874,FALSE,229,"Great Kiskadee","Pitangus sulphuratus","#7d4410","avian","https://media.birdweather.com/species/229/GreatKiskadee-standard-cd28a1b8e8b8e5aed433e809c229004e.jpg","https://media.birdweather.com/species/229/GreatKiskadee-thumbnail-b2749ed2442fb322cf3c4cb72f9c97f6.jpg","https://media.birdweather.com/species/229/GreatKiskadee-png200-003973af4f863deb00a4ce9b6f10e59c.png","0PgFDwIrhYqfZJh1mVe3SZZ3uKEJBncG",16892177978,"https://media.birdweather.com/soundscapes/19267/19267-20260914-134733.flac",6,9,"live"
11141386424,19267,"2026-09-14T07:47:33.000-06:00",0.75114506483078,0.765554368495941,8.97453973231574,"almost_certain","BirdNET",NA,10.2198,-83.7874,FALSE,229,"Great Kiskadee","Pitangus sulphuratus","#7d4410","avian","https://media.birdweather.com/species/229/GreatKiskadee-standard-cd28a1b8e8b8e5aed433e809c229004e.jpg","https://media.birdweather.com/species/229/GreatKiskadee-thumbnail-b2749ed2442fb322cf3c4cb72f9c97f6.jpg","https://media.birdweather.com/species/229/GreatKiskadee-png200-003973af4f863deb00a4ce9b6f10e59c.png","0PgFDwIrhYqfZJh1mVe3SZZ3uKEJBncG",16892177978,"https://media.birdweather.com/soundscapes/19267/19267-20260914-134733.flac",0,3,"live"
11141382308,19267,"2026-09-14T07:47:22.500-06:00",0.952731132507324,0.765554368495941,9.48058534996147,"almost_certain","BirdNET",NA,10.2198,-83.7874,FALSE,229,"Great Kiskadee","Pitangus sulphuratus","#7d4410","avian","https://media.birdweather.com/species/229/GreatKiskadee-standard-cd28a1b8e8b8e5aed433e809c229004e.jpg","https://media.birdweather.com/species/229/GreatKiskadee-thumbnail-b2749ed2442fb322cf3c4cb72f9c97f6.jpg","https://media.birdweather.com/species/229/GreatKiskadee-png200-003973af4f863deb00a4ce9b6f10e59c.png","0PgFDwIrhYqfZJh1mVe3SZZ3uKEJBncG",16892171057,"https://media.birdweather.com/soundscapes/19267/19267-20260914-134718.flac",4.5,7.5,"live"
11141378103,19267,"2026-09-14T07:47:09.500-06:00",0.980470418930054,0.765554368495941,9.53760344708835,"almost_certain","BirdNET",NA,10.2198,-83.7874,FALSE,229,"Great Kiskadee","Pitangus sulphuratus","#7d4410","avian","https://media.birdweather.com/species/229/GreatKiskadee-standard-cd28a1b8e8b8e5aed433e809c229004e.jpg","https://media.birdweather.com/species/229/GreatKiskadee-thumbnail-b2749ed2442fb322cf3c4cb72f9c97f6.jpg","https://media.birdweather.com/species/229/GreatKiskadee-png200-003973af4f863deb00a4ce9b6f10e59c.png","0PgFDwIrhYqfZJh1mVe3SZZ3uKEJBncG",16892164575,"https://media.birdweather.com/soundscapes/19267/19267-20260914-134705.flac",4.5,7.5,"live"
11141378100,19267,"2026-09-14T07:47:08.000-06:00",0.73033994436264,0.765554368495941,8.90985727203826,"almost_certain","BirdNET",NA,10.2198,-83.7874,FALSE,229,"Great Kiskadee","Pitangus sulphuratus","#7d4410","avian","https://media.birdweather.com/species/229/GreatKiskadee-standard-cd28a1b8e8b8e5aed433e809c229004e.jpg","https://media.birdweather.com/species/229/GreatKiskadee-thumbnail-b2749ed2442fb322cf3c4cb72f9c97f6.jpg","https://media.birdweather.com/species/229/GreatKiskadee-png200-003973af4f863deb00a4ce9b6f10e59c.png","0PgFDwIrhYqfZJh1mVe3SZZ3uKEJBncG",16892164575,"https://media.birdweather.com/soundscapes/19267/19267-20260914-134705.flac",3,6,"live"
11141374110,19267,"2026-09-14T07:46:59.000-06:00",0.845101773738861,0.765554368495941,9.23372123519117,"almost_certain","BirdNET",NA,10.2198,-83.7874,FALSE,229,"Great Kiskadee","Pitangus sulphuratus","#7d4410","avian","https://media.birdweather.com/species/229/GreatKiskadee-standard-cd28a1b8e8b8e5aed433e809c229004e.jpg","https://media.birdweather.com/species/229/GreatKiskadee-thumbnail-b2749ed2442fb322cf3c4cb72f9c97f6.jpg","https://media.birdweather.com/species/229/GreatKiskadee-png200-003973af4f863deb00a4ce9b6f10e59c.png","0PgFDwIrhYqfZJh1mVe3SZZ3uKEJBncG",16892158157,"https://media.birdweather.com/soundscapes/19267/19267-20260914-134653.flac",6,9,"live"
11141374105,19267,"2026-09-14T07:46:57.500-06:00",0.934138119220734,0.765554368495941,9.44099438007207,"almost_certain","BirdNET",NA,10.2198,-83.7874,FALSE,229,"Great Kiskadee","Pitangus sulphuratus","#7d4410","avian","https://media.birdweather.com/species/229/GreatKiskadee-standard-cd28a1b8e8b8e5aed433e809c229004e.jpg","https://media.birdweather.com/species/229/GreatKiskadee-thumbnail-b2749ed2442fb322cf3c4cb72f9c97f6.jpg","https://media.birdweather.com/species/229/GreatKiskadee-png200-003973af4f863deb00a4ce9b6f10e59c.png","0PgFDwIrhYqfZJh1mVe3SZZ3uKEJBncG",16892158157,"https://media.birdweather.com/soundscapes/19267/19267-20260914-134653.flac",4.5,7.5,"live"
11141365695,19267,"2026-09-14T07:46:27.500-06:00",0.938913702964783,0.765554368495941,9.45127295680376,"almost_certain","BirdNET",NA,10.2198,-83.7874,FALSE,229,"Great Kiskadee","Pitangus sulphuratus","#7d4410","avian","https://media.birdweather.com/species/229/GreatKiskadee-standard-cd28a1b8e8b8e5aed433e809c229004e.jpg","https://media.birdweather.com/species/229/GreatKiskadee-thumbnail-b2749ed2442fb322cf3c4cb72f9c97f6.jpg","https://media.birdweather.com/species/229/GreatKiskadee-png200-003973af4f863deb00a4ce9b6f10e59c.png","0PgFDwIrhYqfZJh1mVe3SZZ3uKEJBncG",16892144906,"https://media.birdweather.com/soundscapes/19267/19267-20260914-134626.flac",1.5,4.5,"live"
11141361499,19267,"2026-09-14T07:46:19.000-06:00",0.827457666397095,0.765554368495941,9.18864287961389,"almost_certain","BirdNET",NA,10.2198,-83.7874,FALSE,229,"Great Kiskadee","Pitangus sulphuratus","#7d4410","avian","https://media.birdweather.com/species/229/GreatKiskadee-standard-cd28a1b8e8b8e5aed433e809c229004e.jpg","https://media.birdweather.com/species/229/GreatKiskadee-thumbnail-b2749ed2442fb322cf3c4cb72f9c97f6.jpg","https://media.birdweather.com/species/229/GreatKiskadee-png200-003973af4f863deb00a4ce9b6f10e59c.png","0PgFDwIrhYqfZJh1mVe3SZZ3uKEJBncG",16892138376,"https://media.birdweather.com/soundscapes/19267/19267-20260914-134613.flac",6,9,"live"
11141361495,19267,"2026-09-14T07:46:17.500-06:00",0.961523413658142,0.765554368495941,9.49891605296773,"almost_certain","BirdNET",NA,10.2198,-83.7874,FALSE,229,"Great Kiskadee","Pitangus sulphuratus","#7d4410","avian","https://media.birdweather.com/species/229/GreatKiskadee-standard-cd28a1b8e8b8e5aed433e809c229004e.jpg","https://media.birdweather.com/species/229/GreatKiskadee-thumbnail-b2749ed2442fb322cf3c4cb72f9c97f6.jpg","https://media.birdweather.com/species/229/GreatKiskadee-png200-003973af4f863deb00a4ce9b6f10e59c.png","0PgFDwIrhYqfZJh1mVe3SZZ3uKEJBncG",16892138376,"https://media.birdweather.com/soundscapes/19267/19267-20260914-134613.flac",4.5,7.5,"live"
11141361488,19267,"2026-09-14T07:46:14.500-06:00",0.866958320140839,0.765554368495941,9.28758041994017,"almost_certain","BirdNET",NA,10.2198,-83.7874,FALSE,229,"Great Kiskadee","Pitangus sulphuratus","#7d4410","avian","https://media.birdweather.com/species/229/GreatKiskadee-standard-cd28a1b8e8b8e5aed433e809c229004e.jpg","https://media.birdweather.com/species/229/GreatKiskadee-thumbnail-b2749ed2442fb322cf3c4cb72f9c97f6.jpg","https://media.birdweather.com/species/229/GreatKiskadee-png200-003973af4f863deb00a4ce9b6f10e59c.png","0PgFDwIrhYqfZJh1mVe3SZZ3uKEJBncG",16892138376,"https://media.birdweather.com/soundscapes/19267/19267-20260914-134613.flac",1.5,4.5,"live"
11141361486,19267,"2026-09-14T07:46:13.000-06:00",0.893470168113708,0.765554368495941,9.35019100485422,"almost_certain","BirdNET",NA,10.2198,-83.7874,FALSE,229,"Great Kiskadee","Pitangus sulphuratus","#7d4410","avian","https://media.birdweather.com/species/229/GreatKiskadee-standard-cd28a1b8e8b8e5aed433e809c229004e.jpg","https://media.birdweather.com/species/229/GreatKiskadee-thumbnail-b2749ed2442fb322cf3c4cb72f9c97f6.jpg","https://media.birdweather.com/species/229/GreatKiskadee-png200-003973af4f863deb00a4ce9b6f10e59c.png","0PgFDwIrhYqfZJh1mVe3SZZ3uKEJBncG",16892138376,"https://media.birdweather.com/soundscapes/19267/19267-20260914-134613.flac",0,3,"live"
11141356825,19267,"2026-09-14T07:45:59.000-06:00",0.984465181827545,0.765554368495941,9.54562263977789,"almost_certain","BirdNET",NA,10.2198,-83.7874,FALSE,229,"Great Kiskadee","Pitangus sulphuratus","#7d4410","avian","https://media.birdweather.com/species/229/GreatKiskadee-standard-cd28a1b8e8b8e5aed433e809c229004e.jpg","https://media.birdweather.com/species/229/GreatKiskadee-thumbnail-b2749ed2442fb322cf3c4cb72f9c97f6.jpg","https://media.birdweather.com/species/229/GreatKiskadee-png200-003973af4f863deb00a4ce9b6f10e59c.png","0PgFDwIrhYqfZJh1mVe3SZZ3uKEJBncG",16892131152,"https://media.birdweather.com/soundscapes/19267/19267-20260914-134559.flac",0,3,"live"
11141348749,19267,"2026-09-14T07:45:40.000-06:00",0.848905801773071,0.765552163124084,9.24324476782216,"almost_certain","BirdNET",NA,10.2198,-83.7874,FALSE,229,"Great Kiskadee","Pitangus sulphuratus","#7d4410","avian","https://media.birdweather.com/species/229/GreatKiskadee-standard-cd28a1b8e8b8e5aed433e809c229004e.jpg","https://media.birdweather.com/species/229/GreatKiskadee-thumbnail-b2749ed2442fb322cf3c4cb72f9c97f6.jpg","https://media.birdweather.com/species/229/GreatKiskadee-png200-003973af4f863deb00a4ce9b6f10e59c.png","0PgFDwIrhYqfZJh1mVe3SZZ3uKEJBncG",16892118565,"https://media.birdweather.com/soundscapes/19267/19267-20260914-134534.flac",6,9,"live"
11141348743,19267,"2026-09-14T07:45:38.500-06:00",0.701978147029877,0.765552163124084,8.81644987506794,"almost_certain","BirdNET",NA,10.2198,-83.7874,FALSE,229,"Great Kiskadee","Pitangus sulphuratus","#7d4410","avian","https://media.birdweather.com/species/229/GreatKiskadee-standard-cd28a1b8e8b8e5aed433e809c229004e.jpg","https://media.birdweather.com/species/229/GreatKiskadee-thumbnail-b2749ed2442fb322cf3c4cb72f9c97f6.jpg","https://media.birdweather.com/species/229/GreatKiskadee-png200-003973af4f863deb00a4ce9b6f10e59c.png","0PgFDwIrhYqfZJh1mVe3SZZ3uKEJBncG",16892118565,"https://media.birdweather.com/soundscapes/19267/19267-20260914-134534.flac",4.5,7.5,"live"
11141344262,19267,"2026-09-14T07:45:21.500-06:00",0.831620872020721,0.765552163124084,9.19940989627035,"almost_certain","BirdNET",NA,10.2198,-83.7874,FALSE,229,"Great Kiskadee","Pitangus sulphuratus","#7d4410","avian","https://media.birdweather.com/species/229/GreatKiskadee-standard-cd28a1b8e8b8e5aed433e809c229004e.jpg","https://media.birdweather.com/species/229/GreatKiskadee-thumbnail-b2749ed2442fb322cf3c4cb72f9c97f6.jpg","https://media.birdweather.com/species/229/GreatKiskadee-png200-003973af4f863deb00a4ce9b6f10e59c.png","0PgFDwIrhYqfZJh1mVe3SZZ3uKEJBncG",16892111585,"https://media.birdweather.com/soundscapes/19267/19267-20260914-134520.flac",1.5,4.5,"live"
11141340104,19267,"2026-09-14T07:45:11.000-06:00",0.855936050415039,0.765552163124084,9.26067997017974,"almost_certain","BirdNET",NA,10.2198,-83.7874,FALSE,229,"Great Kiskadee","Pitangus sulphuratus","#7d4410","avian","https://media.birdweather.com/species/229/GreatKiskadee-standard-cd28a1b8e8b8e5aed433e809c229004e.jpg","https://media.birdweather.com/species/229/GreatKiskadee-thumbnail-b2749ed2442fb322cf3c4cb72f9c97f6.jpg","https://media.birdweather.com/species/229/GreatKiskadee-png200-003973af4f863deb00a4ce9b6f10e59c.png","0PgFDwIrhYqfZJh1mVe3SZZ3uKEJBncG",16892105288,"https://media.birdweather.com/soundscapes/19267/19267-20260914-134508.flac",3,6,"live"
11141340099,19267,"2026-09-14T07:45:08.000-06:00",0.741962552070618,0.765552163124084,8.94636345162943,"almost_certain","BirdNET",NA,10.2198,-83.7874,FALSE,229,"Great Kiskadee","Pitangus sulphuratus","#7d4410","avian","https://media.birdweather.com/species/229/GreatKiskadee-standard-cd28a1b8e8b8e5aed433e809c229004e.jpg","https://media.birdweather.com/species/229/GreatKiskadee-thumbnail-b2749ed2442fb322cf3c4cb72f9c97f6.jpg","https://media.birdweather.com/species/229/GreatKiskadee-png200-003973af4f863deb00a4ce9b6f10e59c.png","0PgFDwIrhYqfZJh1mVe3SZZ3uKEJBncG",16892105288,"https://media.birdweather.com/soundscapes/19267/19267-20260914-134508.flac",0,3,"live"
11141336021,19267,"2026-09-14T07:45:01.000-06:00",0.736451208591461,0.765552163124084,8.92917191847257,"almost_certain","BirdNET",NA,10.2198,-83.7874,FALSE,229,"Great Kiskadee","Pitangus sulphuratus","#7d4410","avian","https://media.birdweather.com/species/229/GreatKiskadee-standard-cd28a1b8e8b8e5aed433e809c229004e.jpg","https://media.birdweather.com/species/229/GreatKiskadee-thumbnail-b2749ed2442fb322cf3c4cb72f9c97f6.jpg","https://media.birdweather.com/species/229/GreatKiskadee-png200-003973af4f863deb00a4ce9b6f10e59c.png","0PgFDwIrhYqfZJh1mVe3SZZ3uKEJBncG",16892099158,"https://media.birdweather.com/soundscapes/19267/19267-20260914-134455.flac",6,9,"live"
11141336016,19267,"2026-09-14T07:44:59.500-06:00",0.75909960269928,0.765552163124084,8.99848103437086,"almost_certain","BirdNET",NA,10.2198,-83.7874,FALSE,229,"Great Kiskadee","Pitangus sulphuratus","#7d4410","avian","https://media.birdweather.com/species/229/GreatKiskadee-standard-cd28a1b8e8b8e5aed433e809c229004e.jpg","https://media.birdweather.com/species/229/GreatKiskadee-thumbnail-b2749ed2442fb322cf3c4cb72f9c97f6.jpg","https://media.birdweather.com/species/229/GreatKiskadee-png200-003973af4f863deb00a4ce9b6f10e59c.png","0PgFDwIrhYqfZJh1mVe3SZZ3uKEJBncG",16892099158,"https://media.birdweather.com/soundscapes/19267/19267-20260914-134455.flac",4.5,7.5,"live"
11141336008,19267,"2026-09-14T07:44:56.500-06:00",0.744365453720093,0.765552163124084,8.95379181517784,"almost_certain","BirdNET",NA,10.2198,-83.7874,FALSE,229,"Great Kiskadee","Pitangus sulphuratus","#7d4410","avian","https://media.birdweather.com/species/229/GreatKiskadee-standard-cd28a1b8e8b8e5aed433e809c229004e.jpg","https://media.birdweather.com/species/229/GreatKiskadee-thumbnail-b2749ed2442fb322cf3c4cb72f9c97f6.jpg","https://media.birdweather.com/species/229/GreatKiskadee-png200-003973af4f863deb00a4ce9b6f10e59c.png","0PgFDwIrhYqfZJh1mVe3SZZ3uKEJBncG",16892099158,"https://media.birdweather.com/soundscapes/19267/19267-20260914-134455.flac",1.5,4.5,"live"
11141336004,19267,"2026-09-14T07:44:55.000-06:00",0.76556521654129,0.765552163124084,9.01764048576949,"almost_certain","BirdNET",NA,10.2198,-83.7874,FALSE,229,"Great Kiskadee","Pitangus sulphuratus","#7d4410","avian","https://media.birdweather.com/species/229/GreatKiskadee-standard-cd28a1b8e8b8e5aed433e809c229004e.jpg","https://media.birdweather.com/species/229/GreatKiskadee-thumbnail-b2749ed2442fb322cf3c4cb72f9c97f6.jpg","https://media.birdweather.com/species/229/GreatKiskadee-png200-003973af4f863deb00a4ce9b6f10e59c.png","0PgFDwIrhYqfZJh1mVe3SZZ3uKEJBncG",16892099158,"https://media.birdweather.com/soundscapes/19267/19267-20260914-134455.flac",0,3,"live"
11141331481,19267,"2026-09-14T07:44:44.500-06:00",0.826887369155884,0.765552163124084,9.1871569124948,"almost_certain","BirdNET",NA,10.2198,-83.7874,FALSE,229,"Great Kiskadee","Pitangus sulphuratus","#7d4410","avian","https://media.birdweather.com/species/229/GreatKiskadee-standard-cd28a1b8e8b8e5aed433e809c229004e.jpg","https://media.birdweather.com/species/229/GreatKiskadee-thumbnail-b2749ed2442fb322cf3c4cb72f9c97f6.jpg","https://media.birdweather.com/species/229/GreatKiskadee-png200-003973af4f863deb00a4ce9b6f10e59c.png","0PgFDwIrhYqfZJh1mVe3SZZ3uKEJBncG",16892091997,"https://media.birdweather.com/soundscapes/19267/19267-20260914-134440.flac",4.5,7.5,"live"
11141331478,19267,"2026-09-14T07:44:43.000-06:00",0.778124213218689,0.765552163124084,9.05410765559915,"almost_certain","BirdNET",NA,10.2198,-83.7874,FALSE,229,"Great Kiskadee","Pitangus sulphuratus","#7d4410","avian","https://media.birdweather.com/species/229/GreatKiskadee-standard-cd28a1b8e8b8e5aed433e809c229004e.jpg","https://media.birdweather.com/species/229/GreatKiskadee-thumbnail-b2749ed2442fb322cf3c4cb72f9c97f6.jpg","https://media.birdweather.com/species/229/GreatKiskadee-png200-003973af4f863deb00a4ce9b6f10e59c.png","0PgFDwIrhYqfZJh1mVe3SZZ3uKEJBncG",16892091997,"https://media.birdweather.com/soundscapes/19267/19267-20260914-134440.flac",3,6,"live"
11141327155,19267,"2026-09-14T07:44:34.000-06:00",0.790041029453278,0.765552163124084,9.08783508574954,"almost_certain","BirdNET",NA,10.2198,-83.7874,FALSE,229,"Great Kiskadee","Pitangus sulphuratus","#7d4410","avian","https://media.birdweather.com/species/229/GreatKiskadee-standard-cd28a1b8e8b8e5aed433e809c229004e.jpg","https://media.birdweather.com/species/229/GreatKiskadee-thumbnail-b2749ed2442fb322cf3c4cb72f9c97f6.jpg","https://media.birdweather.com/species/229/GreatKiskadee-png200-003973af4f863deb00a4ce9b6f10e59c.png","0PgFDwIrhYqfZJh1mVe3SZZ3uKEJBncG",16892085383,"https://media.birdweather.com/soundscapes/19267/19267-20260914-134428.flac",6,9,"live"
11141327143,19267,"2026-09-14T07:44:31.000-06:00",0.848939299583435,0.765552163124084,9.24332837160225,"almost_certain","BirdNET",NA,10.2198,-83.7874,FALSE,229,"Great Kiskadee","Pitangus sulphuratus","#7d4410","avian","https://media.birdweather.com/species/229/GreatKiskadee-standard-cd28a1b8e8b8e5aed433e809c229004e.jpg","https://media.birdweather.com/species/229/GreatKiskadee-thumbnail-b2749ed2442fb322cf3c4cb72f9c97f6.jpg","https://media.birdweather.com/species/229/GreatKiskadee-png200-003973af4f863deb00a4ce9b6f10e59c.png","0PgFDwIrhYqfZJh1mVe3SZZ3uKEJBncG",16892085383,"https://media.birdweather.com/soundscapes/19267/19267-20260914-134428.flac",3,6,"live"
11141327140,19267,"2026-09-14T07:44:29.500-06:00",0.928747594356537,0.765552163124084,9.42929494634352,"almost_certain","BirdNET",NA,10.2198,-83.7874,FALSE,229,"Great Kiskadee","Pitangus sulphuratus","#7d4410","avian","https://media.birdweather.com/species/229/GreatKiskadee-standard-cd28a1b8e8b8e5aed433e809c229004e.jpg","https://media.birdweather.com/species/229/GreatKiskadee-thumbnail-b2749ed2442fb322cf3c4cb72f9c97f6.jpg","https://media.birdweather.com/species/229/GreatKiskadee-png200-003973af4f863deb00a4ce9b6f10e59c.png","0PgFDwIrhYqfZJh1mVe3SZZ3uKEJBncG",16892085383,"https://media.birdweather.com/soundscapes/19267/19267-20260914-134428.flac",1.5,4.5,"live"
11141263982,19267,"2026-09-14T07:41:14.000-06:00",0.911080241203308,0.765555083751678,9.39025289011995,"almost_certain","BirdNET",NA,10.2198,-83.7874,FALSE,229,"Great Kiskadee","Pitangus sulphuratus","#7d4410","avian","https://media.birdweather.com/species/229/GreatKiskadee-standard-cd28a1b8e8b8e5aed433e809c229004e.jpg","https://media.birdweather.com/species/229/GreatKiskadee-thumbnail-b2749ed2442fb322cf3c4cb72f9c97f6.jpg","https://media.birdweather.com/species/229/GreatKiskadee-png200-003973af4f863deb00a4ce9b6f10e59c.png","0PgFDwIrhYqfZJh1mVe3SZZ3uKEJBncG",16891985350,"https://media.birdweather.com/soundscapes/19267/19267-20260914-134108.flac",6,9,"live"
11141263981,19267,"2026-09-14T07:41:12.500-06:00",0.968789279460907,0.765555083751678,9.51388272298208,"almost_certain","BirdNET",NA,10.2198,-83.7874,FALSE,229,"Great Kiskadee","Pitangus sulphuratus","#7d4410","avian","https://media.birdweather.com/species/229/GreatKiskadee-standard-cd28a1b8e8b8e5aed433e809c229004e.jpg","https://media.birdweather.com/species/229/GreatKiskadee-thumbnail-b2749ed2442fb322cf3c4cb72f9c97f6.jpg","https://media.birdweather.com/species/229/GreatKiskadee-png200-003973af4f863deb00a4ce9b6f10e59c.png","0PgFDwIrhYqfZJh1mVe3SZZ3uKEJBncG",16891985350,"https://media.birdweather.com/soundscapes/19267/19267-20260914-134108.flac",4.5,7.5,"live"
11141263980,19267,"2026-09-14T07:41:11.000-06:00",0.899070084095001,0.765555083751678,9.36305882151303,"almost_certain","BirdNET",NA,10.2198,-83.7874,FALSE,229,"Great Kiskadee","Pitangus sulphuratus","#7d4410","avian","https://media.birdweather.com/species/229/GreatKiskadee-standard-cd28a1b8e8b8e5aed433e809c229004e.jpg","https://media.birdweather.com/species/229/GreatKiskadee-thumbnail-b2749ed2442fb322cf3c4cb72f9c97f6.jpg","https://media.birdweather.com/species/229/GreatKiskadee-png200-003973af4f863deb00a4ce9b6f10e59c.png","0PgFDwIrhYqfZJh1mVe3SZZ3uKEJBncG",16891985350,"https://media.birdweather.com/soundscapes/19267/19267-20260914-134108.flac",3,6,"live"
11141073126,19267,"2026-09-14T07:31:18.000-06:00",0.829088032245636,0.765554428100586,9.19287110866307,"almost_certain","BirdNET",NA,10.2198,-83.7874,FALSE,229,"Great Kiskadee","Pitangus sulphuratus","#7d4410","avian","https://media.birdweather.com/species/229/GreatKiskadee-standard-cd28a1b8e8b8e5aed433e809c229004e.jpg","https://media.birdweather.com/species/229/GreatKiskadee-thumbnail-b2749ed2442fb322cf3c4cb72f9c97f6.jpg","https://media.birdweather.com/species/229/GreatKiskadee-png200-003973af4f863deb00a4ce9b6f10e59c.png","0PgFDwIrhYqfZJh1mVe3SZZ3uKEJBncG",16891689459,"https://media.birdweather.com/soundscapes/19267/19267-20260914-133115.flac",3,6,"live"
11141073124,19267,"2026-09-14T07:31:16.500-06:00",0.9270840883255,0.765554428100586,9.4256694727836,"almost_certain","BirdNET",NA,10.2198,-83.7874,FALSE,229,"Great Kiskadee","Pitangus sulphuratus","#7d4410","avian","https://media.birdweather.com/species/229/GreatKiskadee-standard-cd28a1b8e8b8e5aed433e809c229004e.jpg","https://media.birdweather.com/species/229/GreatKiskadee-thumbnail-b2749ed2442fb322cf3c4cb72f9c97f6.jpg","https://media.birdweather.com/species/229/GreatKiskadee-png200-003973af4f863deb00a4ce9b6f10e59c.png","0PgFDwIrhYqfZJh1mVe3SZZ3uKEJBncG",16891689459,"https://media.birdweather.com/soundscapes/19267/19267-20260914-133115.flac",1.5,4.5,"live"
11141073122,19267,"2026-09-14T07:31:15.000-06:00",0.888463735580444,0.765554428100586,9.338584955909,"almost_certain","BirdNET",NA,10.2198,-83.7874,FALSE,229,"Great Kiskadee","Pitangus sulphuratus","#7d4410","avian","https://media.birdweather.com/species/229/GreatKiskadee-standard-cd28a1b8e8b8e5aed433e809c229004e.jpg","https://media.birdweather.com/species/229/GreatKiskadee-thumbnail-b2749ed2442fb322cf3c4cb72f9c97f6.jpg","https://media.birdweather.com/species/229/GreatKiskadee-png200-003973af4f863deb00a4ce9b6f10e59c.png","0PgFDwIrhYqfZJh1mVe3SZZ3uKEJBncG",16891689459,"https://media.birdweather.com/soundscapes/19267/19267-20260914-133115.flac",0,3,"live"
11140830228,19267,"2026-09-14T07:17:53.000-06:00",0.702822327613831,0.0259207952767611,4.61032930918014,"almost_certain","BirdNET",NA,10.2198,-83.7874,FALSE,605,"Sharp-shinned Hawk","Accipiter striatus","#018c59","avian","https://media.birdweather.com/species/605/Sharp-shinnedHawk-standard-acd03fc3218d8f16ca5c9bd517519f07.jpg","https://media.birdweather.com/species/605/Sharp-shinnedHawk-thumbnail-1b9fdeda235d21ec9978c4d7b3d29e66.jpg","https://media.birdweather.com/species/605/Sharp-shinnedHawk-png200-acd4327658041d7c535bc8e4bfccea96.png","HxkKDwQHp2d0ZneHiVZ4iXh4ePhjBWUG",16891288364,"https://media.birdweather.com/soundscapes/19267/19267-20260914-131750.flac",3,6,"live"
11140822512,19267,"2026-09-14T07:17:24.500-06:00",0.718189001083374,0.765551924705505,8.87061344444205,"almost_certain","BirdNET",NA,10.2198,-83.7874,FALSE,229,"Great Kiskadee","Pitangus sulphuratus","#7d4410","avian","https://media.birdweather.com/species/229/GreatKiskadee-standard-cd28a1b8e8b8e5aed433e809c229004e.jpg","https://media.birdweather.com/species/229/GreatKiskadee-thumbnail-b2749ed2442fb322cf3c4cb72f9c97f6.jpg","https://media.birdweather.com/species/229/GreatKiskadee-png200-003973af4f863deb00a4ce9b6f10e59c.png","0PgFDwIrhYqfZJh1mVe3SZZ3uKEJBncG",16891275199,"https://media.birdweather.com/soundscapes/19267/19267-20260914-131723.flac",1.5,4.5,"live"
11140814419,19267,"2026-09-14T07:16:59.500-06:00",0.747193038463593,0.0207840166985989,4.54206768639756,"almost_certain","BirdNET",NA,10.2198,-83.7874,FALSE,550,"Merlin","Falco columbarius","#bda500","avian","https://media.birdweather.com/species/550/Merlin-standard-bf5099ba5d3981b947ad079a3dc40c53.jpg","https://media.birdweather.com/species/550/Merlin-thumbnail-c26d14847078062745ef112933b3032e.jpg","https://media.birdweather.com/species/550/Merlin-png200-794bd1bf7da73775aba228e02845dbb8.png","nfgJFwK8moiQiJlkiFdZFph2igxoj1QD",16891261572,"https://media.birdweather.com/soundscapes/19267/19267-20260914-131655.flac",4.5,7.5,"live"
11140784915,19267,"2026-09-14T07:15:14.000-06:00",0.716445565223694,0.374174326658249,7.90249439528045,"almost_certain","BirdNET",NA,10.2198,-83.7874,FALSE,321,"Palm Tanager","Thraupis palmarum","#008efd","avian","https://media.birdweather.com/species/321/PalmTanager-standard-cbade2e4973d8cb57c4014568207591d.jpg","https://media.birdweather.com/species/321/PalmTanager-thumbnail-66ffacacc3b9c5f5dad0cf97c949e40f.jpg","https://media.birdweather.com/species/321/PalmTanager-png200-100c123f8e9a99aad801e3e79a865873.png","lvkJHwR/d2lneYlEp0hrx2iL+XtlNZgA",16891209702,"https://media.birdweather.com/soundscapes/19267/19267-20260914-131511.flac",3,6,"live"
11140705609,19267,"2026-09-14T07:10:38.500-06:00",0.852326273918152,0.765549421310425,9.2517505045707,"almost_certain","BirdNET",NA,10.2198,-83.7874,FALSE,229,"Great Kiskadee","Pitangus sulphuratus","#7d4410","avian","https://media.birdweather.com/species/229/GreatKiskadee-standard-cd28a1b8e8b8e5aed433e809c229004e.jpg","https://media.birdweather.com/species/229/GreatKiskadee-thumbnail-b2749ed2442fb322cf3c4cb72f9c97f6.jpg","https://media.birdweather.com/species/229/GreatKiskadee-png200-003973af4f863deb00a4ce9b6f10e59c.png","0PgFDwIrhYqfZJh1mVe3SZZ3uKEJBncG",16891071876,"https://media.birdweather.com/soundscapes/19267/19267-20260914-131034.flac",4.5,7.5,"live"
11140705608,19267,"2026-09-14T07:10:37.000-06:00",0.952166736125946,0.765549421310425,9.47939150185803,"almost_certain","BirdNET",NA,10.2198,-83.7874,FALSE,229,"Great Kiskadee","Pitangus sulphuratus","#7d4410","avian","https://media.birdweather.com/species/229/GreatKiskadee-standard-cd28a1b8e8b8e5aed433e809c229004e.jpg","https://media.birdweather.com/species/229/GreatKiskadee-thumbnail-b2749ed2442fb322cf3c4cb72f9c97f6.jpg","https://media.birdweather.com/species/229/GreatKiskadee-png200-003973af4f863deb00a4ce9b6f10e59c.png","0PgFDwIrhYqfZJh1mVe3SZZ3uKEJBncG",16891071876,"https://media.birdweather.com/soundscapes/19267/19267-20260914-131034.flac",3,6,"live"
11140705605,19267,"2026-09-14T07:10:34.000-06:00",0.812739968299866,0.765549421310425,9.14986344655013,"almost_certain","BirdNET",NA,10.2198,-83.7874,FALSE,229,"Great Kiskadee","Pitangus sulphuratus","#7d4410","avian","https://media.birdweather.com/species/229/GreatKiskadee-standard-cd28a1b8e8b8e5aed433e809c229004e.jpg","https://media.birdweather.com/species/229/GreatKiskadee-thumbnail-b2749ed2442fb322cf3c4cb72f9c97f6.jpg","https://media.birdweather.com/species/229/GreatKiskadee-png200-003973af4f863deb00a4ce9b6f10e59c.png","0PgFDwIrhYqfZJh1mVe3SZZ3uKEJBncG",16891071876,"https://media.birdweather.com/soundscapes/19267/19267-20260914-131034.flac",0,3,"live"
11140697479,19267,"2026-09-14T07:10:11.000-06:00",0.879318535327911,0.76554936170578,9.31711792999477,"almost_certain","BirdNET",NA,10.2198,-83.7874,FALSE,229,"Great Kiskadee","Pitangus sulphuratus","#7d4410","avian","https://media.birdweather.com/species/229/GreatKiskadee-standard-cd28a1b8e8b8e5aed433e809c229004e.jpg","https://media.birdweather.com/species/229/GreatKiskadee-thumbnail-b2749ed2442fb322cf3c4cb72f9c97f6.jpg","https://media.birdweather.com/species/229/GreatKiskadee-png200-003973af4f863deb00a4ce9b6f10e59c.png","0PgFDwIrhYqfZJh1mVe3SZZ3uKEJBncG",16891057731,"https://media.birdweather.com/soundscapes/19267/19267-20260914-131005.flac",6,9,"live"
11140697478,19267,"2026-09-14T07:10:09.500-06:00",0.851127743721008,0.203254476189613,7.47998723918322,"almost_certain","BirdNET",NA,10.2198,-83.7874,FALSE,501,"White-winged Dove","Zenaida asiatica","#d16ff8","avian","https://media.birdweather.com/species/501/White-wingedDove-standard-6528ef689b07d5a91f1c2275cdef19c9.jpg","https://media.birdweather.com/species/501/White-wingedDove-thumbnail-4a940adfd5a6c78c73c48c5095e7b896.jpg","https://media.birdweather.com/species/501/White-wingedDove-png200-d65decd3d571b5a9dbeca249ef97689f.png","IscJLwb6hoVelZWZdoh3eIeIdxBoB4IG",16891057731,"https://media.birdweather.com/soundscapes/19267/19267-20260914-131005.flac",4.5,7.5,"live"
11140697476,19267,"2026-09-14T07:10:08.000-06:00",0.838520526885986,0.203254476189613,7.44828405882685,"almost_certain","BirdNET",NA,10.2198,-83.7874,FALSE,501,"White-winged Dove","Zenaida asiatica","#d16ff8","avian","https://media.birdweather.com/species/501/White-wingedDove-standard-6528ef689b07d5a91f1c2275cdef19c9.jpg","https://media.birdweather.com/species/501/White-wingedDove-thumbnail-4a940adfd5a6c78c73c48c5095e7b896.jpg","https://media.birdweather.com/species/501/White-wingedDove-png200-d65decd3d571b5a9dbeca249ef97689f.png","IscJLwb6hoVelZWZdoh3eIeIdxBoB4IG",16891057731,"https://media.birdweather.com/soundscapes/19267/19267-20260914-131005.flac",3,6,"live"
11140693727,19267,"2026-09-14T07:09:54.500-06:00",0.704316198825836,0.203239038586617,7.05550401015421,"almost_certain","BirdNET",NA,10.2198,-83.7874,FALSE,501,"White-winged Dove","Zenaida asiatica","#d16ff8","avian","https://media.birdweather.com/species/501/White-wingedDove-standard-6528ef689b07d5a91f1c2275cdef19c9.jpg","https://media.birdweather.com/species/501/White-wingedDove-thumbnail-4a940adfd5a6c78c73c48c5095e7b896.jpg","https://media.birdweather.com/species/501/White-wingedDove-png200-d65decd3d571b5a9dbeca249ef97689f.png","IscJLwb6hoVelZWZdoh3eIeIdxBoB4IG",16891051341,"https://media.birdweather.com/soundscapes/19267/19267-20260914-130953.flac",1.5,4.5,"live"
11140693721,19267,"2026-09-14T07:09:53.000-06:00",0.799427926540375,0.203239038586617,7.34493850450653,"almost_certain","BirdNET",NA,10.2198,-83.7874,FALSE,501,"White-winged Dove","Zenaida asiatica","#d16ff8","avian","https://media.birdweather.com/species/501/White-wingedDove-standard-6528ef689b07d5a91f1c2275cdef19c9.jpg","https://media.birdweather.com/species/501/White-wingedDove-thumbnail-4a940adfd5a6c78c73c48c5095e7b896.jpg","https://media.birdweather.com/species/501/White-wingedDove-png200-d65decd3d571b5a9dbeca249ef97689f.png","IscJLwb6hoVelZWZdoh3eIeIdxBoB4IG",16891051341,"https://media.birdweather.com/soundscapes/19267/19267-20260914-130953.flac",0,3,"live"
11140689639,19267,"2026-09-14T07:09:43.500-06:00",0.876078724861145,0.765554010868073,9.30944298099585,"almost_certain","BirdNET",NA,10.2198,-83.7874,FALSE,229,"Great Kiskadee","Pitangus sulphuratus","#7d4410","avian","https://media.birdweather.com/species/229/GreatKiskadee-standard-cd28a1b8e8b8e5aed433e809c229004e.jpg","https://media.birdweather.com/species/229/GreatKiskadee-thumbnail-b2749ed2442fb322cf3c4cb72f9c97f6.jpg","https://media.birdweather.com/species/229/GreatKiskadee-png200-003973af4f863deb00a4ce9b6f10e59c.png","0PgFDwIrhYqfZJh1mVe3SZZ3uKEJBncG",16891044394,"https://media.birdweather.com/soundscapes/19267/19267-20260914-130939.flac",4.5,7.5,"live"
11140689633,19267,"2026-09-14T07:09:42.000-06:00",0.883283972740173,0.765554010868073,9.32647184815965,"almost_certain","BirdNET",NA,10.2198,-83.7874,FALSE,229,"Great Kiskadee","Pitangus sulphuratus","#7d4410","avian","https://media.birdweather.com/species/229/GreatKiskadee-standard-cd28a1b8e8b8e5aed433e809c229004e.jpg","https://media.birdweather.com/species/229/GreatKiskadee-thumbnail-b2749ed2442fb322cf3c4cb72f9c97f6.jpg","https://media.birdweather.com/species/229/GreatKiskadee-png200-003973af4f863deb00a4ce9b6f10e59c.png","0PgFDwIrhYqfZJh1mVe3SZZ3uKEJBncG",16891044394,"https://media.birdweather.com/soundscapes/19267/19267-20260914-130939.flac",3,6,"live"
11140689627,19267,"2026-09-14T07:09:40.500-06:00",0.701893210411072,0.203237786889076,7.04726112491515,"almost_certain","BirdNET",NA,10.2198,-83.7874,FALSE,501,"White-winged Dove","Zenaida asiatica","#d16ff8","avian","https://media.birdweather.com/species/501/White-wingedDove-standard-6528ef689b07d5a91f1c2275cdef19c9.jpg","https://media.birdweather.com/species/501/White-wingedDove-thumbnail-4a940adfd5a6c78c73c48c5095e7b896.jpg","https://media.birdweather.com/species/501/White-wingedDove-png200-d65decd3d571b5a9dbeca249ef97689f.png","IscJLwb6hoVelZWZdoh3eIeIdxBoB4IG",16891044394,"https://media.birdweather.com/soundscapes/19267/19267-20260914-130939.flac",1.5,4.5,"live"
11140689623,19267,"2026-09-14T07:09:39.000-06:00",0.793863415718079,0.203237786889076,7.3295805663275,"almost_certain","BirdNET",NA,10.2198,-83.7874,FALSE,501,"White-winged Dove","Zenaida asiatica","#d16ff8","avian","https://media.birdweather.com/species/501/White-wingedDove-standard-6528ef689b07d5a91f1c2275cdef19c9.jpg","https://media.birdweather.com/species/501/White-wingedDove-thumbnail-4a940adfd5a6c78c73c48c5095e7b896.jpg","https://media.birdweather.com/species/501/White-wingedDove-png200-d65decd3d571b5a9dbeca249ef97689f.png","IscJLwb6hoVelZWZdoh3eIeIdxBoB4IG",16891044394,"https://media.birdweather.com/soundscapes/19267/19267-20260914-130939.flac",0,3,"live"
11140674647,19267,"2026-09-14T07:08:51.500-06:00",0.752004623413086,0.203251630067825,7.20833328237424,"almost_certain","BirdNET",NA,10.2198,-83.7874,FALSE,501,"White-winged Dove","Zenaida asiatica","#d16ff8","avian","https://media.birdweather.com/species/501/White-wingedDove-standard-6528ef689b07d5a91f1c2275cdef19c9.jpg","https://media.birdweather.com/species/501/White-wingedDove-thumbnail-4a940adfd5a6c78c73c48c5095e7b896.jpg","https://media.birdweather.com/species/501/White-wingedDove-png200-d65decd3d571b5a9dbeca249ef97689f.png","IscJLwb6hoVelZWZdoh3eIeIdxBoB4IG",16891018851,"https://media.birdweather.com/soundscapes/19267/19267-20260914-130847.flac",4.5,7.5,"live"
11140644442,19267,"2026-09-14T07:07:05.500-06:00",0.746864557266235,0.0199694316834211,4.50432074963588,"almost_certain","BirdNET",NA,10.2198,-83.7874,FALSE,1815,"Olive-throated Parakeet","Eupsittula nana","#ff6ad7","avian","https://media.birdweather.com/species/1815/Olive-throatedParakeet-standard-7a8764835cbbed5b353abb070de0fd48.jpg","https://media.birdweather.com/species/1815/Olive-throatedParakeet-thumbnail-9c4e0d5be805be9ed4a949c4ae3919f0.jpg","https://media.birdweather.com/species/1815/Olive-throatedParakeet-png200-1d99f36ba2877b9162d4f49d75819266.png","4+gFDwL5ind7t5d5pnpVpad5ZsIIvVIP",16890966155,"https://media.birdweather.com/soundscapes/19267/19267-20260914-130701.flac",4.5,7.5,"live"
11140615261,19267,"2026-09-14T07:05:21.000-06:00",0.861966490745544,0.203254073858261,7.50666622793106,"almost_certain","BirdNET",NA,10.2198,-83.7874,FALSE,501,"White-winged Dove","Zenaida asiatica","#d16ff8","avian","https://media.birdweather.com/species/501/White-wingedDove-standard-6528ef689b07d5a91f1c2275cdef19c9.jpg","https://media.birdweather.com/species/501/White-wingedDove-thumbnail-4a940adfd5a6c78c73c48c5095e7b896.jpg","https://media.birdweather.com/species/501/White-wingedDove-png200-d65decd3d571b5a9dbeca249ef97689f.png","IscJLwb6hoVelZWZdoh3eIeIdxBoB4IG",16890914947,"https://media.birdweather.com/soundscapes/19267/19267-20260914-130518.flac",3,6,"live"
11140592536,19267,"2026-09-14T07:04:03.000-06:00",0.936130881309509,0.203255131840706,7.67650111164812,"almost_certain","BirdNET",NA,10.2198,-83.7874,FALSE,501,"White-winged Dove","Zenaida asiatica","#d16ff8","avian","https://media.birdweather.com/species/501/White-wingedDove-standard-6528ef689b07d5a91f1c2275cdef19c9.jpg","https://media.birdweather.com/species/501/White-wingedDove-thumbnail-4a940adfd5a6c78c73c48c5095e7b896.jpg","https://media.birdweather.com/species/501/White-wingedDove-png200-d65decd3d571b5a9dbeca249ef97689f.png","IscJLwb6hoVelZWZdoh3eIeIdxBoB4IG",16890874791,"https://media.birdweather.com/soundscapes/19267/19267-20260914-130357.flac",6,9,"live"
11140592534,19267,"2026-09-14T07:04:01.500-06:00",0.722512543201447,0.203255131840706,7.11591739315029,"almost_certain","BirdNET",NA,10.2198,-83.7874,FALSE,501,"White-winged Dove","Zenaida asiatica","#d16ff8","avian","https://media.birdweather.com/species/501/White-wingedDove-standard-6528ef689b07d5a91f1c2275cdef19c9.jpg","https://media.birdweather.com/species/501/White-wingedDove-thumbnail-4a940adfd5a6c78c73c48c5095e7b896.jpg","https://media.birdweather.com/species/501/White-wingedDove-png200-d65decd3d571b5a9dbeca249ef97689f.png","IscJLwb6hoVelZWZdoh3eIeIdxBoB4IG",16890874791,"https://media.birdweather.com/soundscapes/19267/19267-20260914-130357.flac",4.5,7.5,"live"
11140581345,19267,"2026-09-14T07:03:21.500-06:00",0.989479959011078,0.203265577554703,7.7868988372842,"almost_certain","BirdNET",NA,10.2198,-83.7874,FALSE,501,"White-winged Dove","Zenaida asiatica","#d16ff8","avian","https://media.birdweather.com/species/501/White-wingedDove-standard-6528ef689b07d5a91f1c2275cdef19c9.jpg","https://media.birdweather.com/species/501/White-wingedDove-thumbnail-4a940adfd5a6c78c73c48c5095e7b896.jpg","https://media.birdweather.com/species/501/White-wingedDove-png200-d65decd3d571b5a9dbeca249ef97689f.png","IscJLwb6hoVelZWZdoh3eIeIdxBoB4IG",16890854936,"https://media.birdweather.com/soundscapes/19267/19267-20260914-130317.flac",4.5,7.5,"live"
11140581343,19267,"2026-09-14T07:03:20.000-06:00",0.886936008930206,0.203265577554703,7.56629892922656,"almost_certain","BirdNET",NA,10.2198,-83.7874,FALSE,501,"White-winged Dove","Zenaida asiatica","#d16ff8","avian","https://media.birdweather.com/species/501/White-wingedDove-standard-6528ef689b07d5a91f1c2275cdef19c9.jpg","https://media.birdweather.com/species/501/White-wingedDove-thumbnail-4a940adfd5a6c78c73c48c5095e7b896.jpg","https://media.birdweather.com/species/501/White-wingedDove-png200-d65decd3d571b5a9dbeca249ef97689f.png","IscJLwb6hoVelZWZdoh3eIeIdxBoB4IG",16890854936,"https://media.birdweather.com/soundscapes/19267/19267-20260914-130317.flac",3,6,"live"
11140577422,19267,"2026-09-14T07:03:07.000-06:00",0.937214970588684,0.203265577554703,7.67890097180393,"almost_certain","BirdNET",NA,10.2198,-83.7874,FALSE,501,"White-winged Dove","Zenaida asiatica","#d16ff8","avian","https://media.birdweather.com/species/501/White-wingedDove-standard-6528ef689b07d5a91f1c2275cdef19c9.jpg","https://media.birdweather.com/species/501/White-wingedDove-thumbnail-4a940adfd5a6c78c73c48c5095e7b896.jpg","https://media.birdweather.com/species/501/White-wingedDove-png200-d65decd3d571b5a9dbeca249ef97689f.png","IscJLwb6hoVelZWZdoh3eIeIdxBoB4IG",16890848016,"https://media.birdweather.com/soundscapes/19267/19267-20260914-130301.flac",6,9,"live"
11140577398,19267,"2026-09-14T07:03:02.500-06:00",0.955895602703094,0.203265577554703,7.71848652169776,"almost_certain","BirdNET",NA,10.2198,-83.7874,FALSE,501,"White-winged Dove","Zenaida asiatica","#d16ff8","avian","https://media.birdweather.com/species/501/White-wingedDove-standard-6528ef689b07d5a91f1c2275cdef19c9.jpg","https://media.birdweather.com/species/501/White-wingedDove-thumbnail-4a940adfd5a6c78c73c48c5095e7b896.jpg","https://media.birdweather.com/species/501/White-wingedDove-png200-d65decd3d571b5a9dbeca249ef97689f.png","IscJLwb6hoVelZWZdoh3eIeIdxBoB4IG",16890848016,"https://media.birdweather.com/soundscapes/19267/19267-20260914-130301.flac",1.5,4.5,"live"
11140521576,19267,"2026-09-14T06:59:44.500-06:00",0.811278939247131,0.374167591333389,8.18353896434123,"almost_certain","BirdNET",NA,10.2198,-83.7874,FALSE,321,"Palm Tanager","Thraupis palmarum","#008efd","avian","https://media.birdweather.com/species/321/PalmTanager-standard-cbade2e4973d8cb57c4014568207591d.jpg","https://media.birdweather.com/species/321/PalmTanager-thumbnail-66ffacacc3b9c5f5dad0cf97c949e40f.jpg","https://media.birdweather.com/species/321/PalmTanager-png200-100c123f8e9a99aad801e3e79a865873.png","lvkJHwR/d2lneYlEp0hrx2iL+XtlNZgA",16890748696,"https://media.birdweather.com/soundscapes/19267/19267-20260914-125943.flac",1.5,4.5,"live"
11140487949,19267,"2026-09-14T06:57:42.500-06:00",0.730614125728607,0.203256398439407,7.14194628904457,"almost_certain","BirdNET",NA,10.2198,-83.7874,FALSE,501,"White-winged Dove","Zenaida asiatica","#d16ff8","avian","https://media.birdweather.com/species/501/White-wingedDove-standard-6528ef689b07d5a91f1c2275cdef19c9.jpg","https://media.birdweather.com/species/501/White-wingedDove-thumbnail-4a940adfd5a6c78c73c48c5095e7b896.jpg","https://media.birdweather.com/species/501/White-wingedDove-png200-d65decd3d571b5a9dbeca249ef97689f.png","IscJLwb6hoVelZWZdoh3eIeIdxBoB4IG",16890689243,"https://media.birdweather.com/soundscapes/19267/19267-20260914-125741.flac",1.5,4.5,"live"
11140416800,19267,"2026-09-14T06:53:36.000-06:00",0.878852248191833,0.203261509537697,7.54727289712833,"almost_certain","BirdNET",NA,10.2198,-83.7874,FALSE,501,"White-winged Dove","Zenaida asiatica","#d16ff8","avian","https://media.birdweather.com/species/501/White-wingedDove-standard-6528ef689b07d5a91f1c2275cdef19c9.jpg","https://media.birdweather.com/species/501/White-wingedDove-thumbnail-4a940adfd5a6c78c73c48c5095e7b896.jpg","https://media.birdweather.com/species/501/White-wingedDove-png200-d65decd3d571b5a9dbeca249ef97689f.png","IscJLwb6hoVelZWZdoh3eIeIdxBoB4IG",16890563298,"https://media.birdweather.com/soundscapes/19267/19267-20260914-125330.flac",6,9,"live"
11140416796,19267,"2026-09-14T06:53:34.500-06:00",0.724732100963593,0.203261509537697,7.12313645890102,"almost_certain","BirdNET",NA,10.2198,-83.7874,FALSE,501,"White-winged Dove","Zenaida asiatica","#d16ff8","avian","https://media.birdweather.com/species/501/White-wingedDove-standard-6528ef689b07d5a91f1c2275cdef19c9.jpg","https://media.birdweather.com/species/501/White-wingedDove-thumbnail-4a940adfd5a6c78c73c48c5095e7b896.jpg","https://media.birdweather.com/species/501/White-wingedDove-png200-d65decd3d571b5a9dbeca249ef97689f.png","IscJLwb6hoVelZWZdoh3eIeIdxBoB4IG",16890563298,"https://media.birdweather.com/soundscapes/19267/19267-20260914-125330.flac",4.5,7.5,"live"
11140382856,19267,"2026-09-14T06:51:31.000-06:00",0.734107196331024,0.765555679798126,8.92180055653487,"almost_certain","BirdNET",NA,10.2198,-83.7874,FALSE,229,"Great Kiskadee","Pitangus sulphuratus","#7d4410","avian","https://media.birdweather.com/species/229/GreatKiskadee-standard-cd28a1b8e8b8e5aed433e809c229004e.jpg","https://media.birdweather.com/species/229/GreatKiskadee-thumbnail-b2749ed2442fb322cf3c4cb72f9c97f6.jpg","https://media.birdweather.com/species/229/GreatKiskadee-png200-003973af4f863deb00a4ce9b6f10e59c.png","0PgFDwIrhYqfZJh1mVe3SZZ3uKEJBncG",16890504032,"https://media.birdweather.com/soundscapes/19267/19267-20260914-125131.flac",0,3,"live"
11140318128,19267,"2026-09-14T06:47:50.000-06:00",0.886596322059631,0.203294232487679,7.56568988216804,"almost_certain","BirdNET",NA,10.2198,-83.7874,FALSE,501,"White-winged Dove","Zenaida asiatica","#d16ff8","avian","https://media.birdweather.com/species/501/White-wingedDove-standard-6528ef689b07d5a91f1c2275cdef19c9.jpg","https://media.birdweather.com/species/501/White-wingedDove-thumbnail-4a940adfd5a6c78c73c48c5095e7b896.jpg","https://media.birdweather.com/species/501/White-wingedDove-png200-d65decd3d571b5a9dbeca249ef97689f.png","IscJLwb6hoVelZWZdoh3eIeIdxBoB4IG",16890391567,"https://media.birdweather.com/soundscapes/19267/19267-20260914-124744.flac",6,9,"live"
11140318122,19267,"2026-09-14T06:47:48.500-06:00",0.908787548542023,0.203294232487679,7.61656136234591,"almost_certain","BirdNET",NA,10.2198,-83.7874,FALSE,501,"White-winged Dove","Zenaida asiatica","#d16ff8","avian","https://media.birdweather.com/species/501/White-wingedDove-standard-6528ef689b07d5a91f1c2275cdef19c9.jpg","https://media.birdweather.com/species/501/White-wingedDove-thumbnail-4a940adfd5a6c78c73c48c5095e7b896.jpg","https://media.birdweather.com/species/501/White-wingedDove-png200-d65decd3d571b5a9dbeca249ef97689f.png","IscJLwb6hoVelZWZdoh3eIeIdxBoB4IG",16890391567,"https://media.birdweather.com/soundscapes/19267/19267-20260914-124744.flac",4.5,7.5,"live"
11140318120,19267,"2026-09-14T06:47:47.000-06:00",0.937640488147736,0.203294232487679,7.67999958559034,"almost_certain","BirdNET",NA,10.2198,-83.7874,FALSE,501,"White-winged Dove","Zenaida asiatica","#d16ff8","avian","https://media.birdweather.com/species/501/White-wingedDove-standard-6528ef689b07d5a91f1c2275cdef19c9.jpg","https://media.birdweather.com/species/501/White-wingedDove-thumbnail-4a940adfd5a6c78c73c48c5095e7b896.jpg","https://media.birdweather.com/species/501/White-wingedDove-png200-d65decd3d571b5a9dbeca249ef97689f.png","IscJLwb6hoVelZWZdoh3eIeIdxBoB4IG",16890391567,"https://media.birdweather.com/soundscapes/19267/19267-20260914-124744.flac",3,6,"live"
11140318113,19267,"2026-09-14T06:47:45.500-06:00",0.740384519100189,0.203294232487679,7.1729264532169,"almost_certain","BirdNET",NA,10.2198,-83.7874,FALSE,501,"White-winged Dove","Zenaida asiatica","#d16ff8","avian","https://media.birdweather.com/species/501/White-wingedDove-standard-6528ef689b07d5a91f1c2275cdef19c9.jpg","https://media.birdweather.com/species/501/White-wingedDove-thumbnail-4a940adfd5a6c78c73c48c5095e7b896.jpg","https://media.birdweather.com/species/501/White-wingedDove-png200-d65decd3d571b5a9dbeca249ef97689f.png","IscJLwb6hoVelZWZdoh3eIeIdxBoB4IG",16890391567,"https://media.birdweather.com/soundscapes/19267/19267-20260914-124744.flac",1.5,4.5,"live"
11140269223,19267,"2026-09-14T06:44:58.000-06:00",0.70704060792923,0.203278720378876,7.06495945614373,"almost_certain","BirdNET",NA,10.2198,-83.7874,FALSE,501,"White-winged Dove","Zenaida asiatica","#d16ff8","avian","https://media.birdweather.com/species/501/White-wingedDove-standard-6528ef689b07d5a91f1c2275cdef19c9.jpg","https://media.birdweather.com/species/501/White-wingedDove-thumbnail-4a940adfd5a6c78c73c48c5095e7b896.jpg","https://media.birdweather.com/species/501/White-wingedDove-png200-d65decd3d571b5a9dbeca249ef97689f.png","IscJLwb6hoVelZWZdoh3eIeIdxBoB4IG",16890307309,"https://media.birdweather.com/soundscapes/19267/19267-20260914-124455.flac",3,6,"live"
11140210844,19267,"2026-09-14T06:41:36.000-06:00",0.969990193843842,0.203258112072945,7.74756673900242,"almost_certain","BirdNET",NA,10.2198,-83.7874,FALSE,501,"White-winged Dove","Zenaida asiatica","#d16ff8","avian","https://media.birdweather.com/species/501/White-wingedDove-standard-6528ef689b07d5a91f1c2275cdef19c9.jpg","https://media.birdweather.com/species/501/White-wingedDove-thumbnail-4a940adfd5a6c78c73c48c5095e7b896.jpg","https://media.birdweather.com/species/501/White-wingedDove-png200-d65decd3d571b5a9dbeca249ef97689f.png","IscJLwb6hoVelZWZdoh3eIeIdxBoB4IG",16890206569,"https://media.birdweather.com/soundscapes/19267/19267-20260914-124133.flac",3,6,"live"
11140207399,19267,"2026-09-14T06:41:24.000-06:00",0.844451010227203,0.203258112072945,7.46331213839398,"almost_certain","BirdNET",NA,10.2198,-83.7874,FALSE,501,"White-winged Dove","Zenaida asiatica","#d16ff8","avian","https://media.birdweather.com/species/501/White-wingedDove-standard-6528ef689b07d5a91f1c2275cdef19c9.jpg","https://media.birdweather.com/species/501/White-wingedDove-thumbnail-4a940adfd5a6c78c73c48c5095e7b896.jpg","https://media.birdweather.com/species/501/White-wingedDove-png200-d65decd3d571b5a9dbeca249ef97689f.png","IscJLwb6hoVelZWZdoh3eIeIdxBoB4IG",16890200489,"https://media.birdweather.com/soundscapes/19267/19267-20260914-124121.flac",3,6,"live"
11140207391,19267,"2026-09-14T06:41:22.500-06:00",0.704658389091492,0.203258112072945,7.05678554618113,"almost_certain","BirdNET",NA,10.2198,-83.7874,FALSE,501,"White-winged Dove","Zenaida asiatica","#d16ff8","avian","https://media.birdweather.com/species/501/White-wingedDove-standard-6528ef689b07d5a91f1c2275cdef19c9.jpg","https://media.birdweather.com/species/501/White-wingedDove-thumbnail-4a940adfd5a6c78c73c48c5095e7b896.jpg","https://media.birdweather.com/species/501/White-wingedDove-png200-d65decd3d571b5a9dbeca249ef97689f.png","IscJLwb6hoVelZWZdoh3eIeIdxBoB4IG",16890200489,"https://media.birdweather.com/soundscapes/19267/19267-20260914-124121.flac",1.5,4.5,"live"
11140199698,19267,"2026-09-14T06:40:57.000-06:00",0.739332258701324,0.203258112072945,7.16941701764107,"almost_certain","BirdNET",NA,10.2198,-83.7874,FALSE,501,"White-winged Dove","Zenaida asiatica","#d16ff8","avian","https://media.birdweather.com/species/501/White-wingedDove-standard-6528ef689b07d5a91f1c2275cdef19c9.jpg","https://media.birdweather.com/species/501/White-wingedDove-thumbnail-4a940adfd5a6c78c73c48c5095e7b896.jpg","https://media.birdweather.com/species/501/White-wingedDove-png200-d65decd3d571b5a9dbeca249ef97689f.png","IscJLwb6hoVelZWZdoh3eIeIdxBoB4IG",16890187173,"https://media.birdweather.com/soundscapes/19267/19267-20260914-124054.flac",3,6,"live"
11140192018,19267,"2026-09-14T06:40:27.000-06:00",0.910691797733307,0.203266263008118,7.62066028694613,"almost_certain","BirdNET",NA,10.2198,-83.7874,FALSE,501,"White-winged Dove","Zenaida asiatica","#d16ff8","avian","https://media.birdweather.com/species/501/White-wingedDove-standard-6528ef689b07d5a91f1c2275cdef19c9.jpg","https://media.birdweather.com/species/501/White-wingedDove-thumbnail-4a940adfd5a6c78c73c48c5095e7b896.jpg","https://media.birdweather.com/species/501/White-wingedDove-png200-d65decd3d571b5a9dbeca249ef97689f.png","IscJLwb6hoVelZWZdoh3eIeIdxBoB4IG",16890173787,"https://media.birdweather.com/soundscapes/19267/19267-20260914-124027.flac",0,3,"live"
11140074990,19267,"2026-09-14T06:33:37.500-06:00",0.744768679141998,0.765552818775177,8.95503557298976,"almost_certain","BirdNET",NA,10.2198,-83.7874,FALSE,229,"Great Kiskadee","Pitangus sulphuratus","#7d4410","avian","https://media.birdweather.com/species/229/GreatKiskadee-standard-cd28a1b8e8b8e5aed433e809c229004e.jpg","https://media.birdweather.com/species/229/GreatKiskadee-thumbnail-b2749ed2442fb322cf3c4cb72f9c97f6.jpg","https://media.birdweather.com/species/229/GreatKiskadee-png200-003973af4f863deb00a4ce9b6f10e59c.png","0PgFDwIrhYqfZJh1mVe3SZZ3uKEJBncG",16889968009,"https://media.birdweather.com/soundscapes/19267/19267-20260914-123333.flac",4.5,7.5,"live"
11140074988,19267,"2026-09-14T06:33:36.000-06:00",0.807259082794189,0.765552818775177,9.13514612969469,"almost_certain","BirdNET",NA,10.2198,-83.7874,FALSE,229,"Great Kiskadee","Pitangus sulphuratus","#7d4410","avian","https://media.birdweather.com/species/229/GreatKiskadee-standard-cd28a1b8e8b8e5aed433e809c229004e.jpg","https://media.birdweather.com/species/229/GreatKiskadee-thumbnail-b2749ed2442fb322cf3c4cb72f9c97f6.jpg","https://media.birdweather.com/species/229/GreatKiskadee-png200-003973af4f863deb00a4ce9b6f10e59c.png","0PgFDwIrhYqfZJh1mVe3SZZ3uKEJBncG",16889968009,"https://media.birdweather.com/soundscapes/19267/19267-20260914-123333.flac",3,6,"live"
11140056157,19267,"2026-09-14T06:32:33.000-06:00",0.919213652610779,0.2032760232687,7.63970839180244,"almost_certain","BirdNET",NA,10.2198,-83.7874,FALSE,501,"White-winged Dove","Zenaida asiatica","#d16ff8","avian","https://media.birdweather.com/species/501/White-wingedDove-standard-6528ef689b07d5a91f1c2275cdef19c9.jpg","https://media.birdweather.com/species/501/White-wingedDove-thumbnail-4a940adfd5a6c78c73c48c5095e7b896.jpg","https://media.birdweather.com/species/501/White-wingedDove-png200-d65decd3d571b5a9dbeca249ef97689f.png","IscJLwb6hoVelZWZdoh3eIeIdxBoB4IG",16889935048,"https://media.birdweather.com/soundscapes/19267/19267-20260914-123227.flac",6,9,"live"
11140056153,19267,"2026-09-14T06:32:31.500-06:00",0.717599213123322,0.2032760232687,7.10002673240395,"almost_certain","BirdNET",NA,10.2198,-83.7874,FALSE,501,"White-winged Dove","Zenaida asiatica","#d16ff8","avian","https://media.birdweather.com/species/501/White-wingedDove-standard-6528ef689b07d5a91f1c2275cdef19c9.jpg","https://media.birdweather.com/species/501/White-wingedDove-thumbnail-4a940adfd5a6c78c73c48c5095e7b896.jpg","https://media.birdweather.com/species/501/White-wingedDove-png200-d65decd3d571b5a9dbeca249ef97689f.png","IscJLwb6hoVelZWZdoh3eIeIdxBoB4IG",16889935048,"https://media.birdweather.com/soundscapes/19267/19267-20260914-123227.flac",4.5,7.5,"live"
11140049099,19267,"2026-09-14T06:32:05.500-06:00",0.779848337173462,0.203292012214661,7.29048810949082,"almost_certain","BirdNET",NA,10.2198,-83.7874,FALSE,501,"White-winged Dove","Zenaida asiatica","#d16ff8","avian","https://media.birdweather.com/species/501/White-wingedDove-standard-6528ef689b07d5a91f1c2275cdef19c9.jpg","https://media.birdweather.com/species/501/White-wingedDove-thumbnail-4a940adfd5a6c78c73c48c5095e7b896.jpg","https://media.birdweather.com/species/501/White-wingedDove-png200-d65decd3d571b5a9dbeca249ef97689f.png","IscJLwb6hoVelZWZdoh3eIeIdxBoB4IG",16889922329,"https://media.birdweather.com/soundscapes/19267/19267-20260914-123201.flac",4.5,7.5,"live"
11140049095,19267,"2026-09-14T06:32:04.000-06:00",0.973944485187531,0.203292012214661,7.75584649215083,"almost_certain","BirdNET",NA,10.2198,-83.7874,FALSE,501,"White-winged Dove","Zenaida asiatica","#d16ff8","avian","https://media.birdweather.com/species/501/White-wingedDove-standard-6528ef689b07d5a91f1c2275cdef19c9.jpg","https://media.birdweather.com/species/501/White-wingedDove-thumbnail-4a940adfd5a6c78c73c48c5095e7b896.jpg","https://media.birdweather.com/species/501/White-wingedDove-png200-d65decd3d571b5a9dbeca249ef97689f.png","IscJLwb6hoVelZWZdoh3eIeIdxBoB4IG",16889922329,"https://media.birdweather.com/soundscapes/19267/19267-20260914-123201.flac",3,6,"live"
11140045020,19267,"2026-09-14T06:31:50.000-06:00",0.946081876754761,0.203287571668625,7.69797451281301,"almost_certain","BirdNET",NA,10.2198,-83.7874,FALSE,501,"White-winged Dove","Zenaida asiatica","#d16ff8","avian","https://media.birdweather.com/species/501/White-wingedDove-standard-6528ef689b07d5a91f1c2275cdef19c9.jpg","https://media.birdweather.com/species/501/White-wingedDove-thumbnail-4a940adfd5a6c78c73c48c5095e7b896.jpg","https://media.birdweather.com/species/501/White-wingedDove-png200-d65decd3d571b5a9dbeca249ef97689f.png","IscJLwb6hoVelZWZdoh3eIeIdxBoB4IG",16889915147,"https://media.birdweather.com/soundscapes/19267/19267-20260914-123147.flac",3,6,"live"
11140023553,19267,"2026-09-14T06:30:33.500-06:00",0.947328507900238,0.20324981212616,7.70037285450414,"almost_certain","BirdNET",NA,10.2198,-83.7874,FALSE,501,"White-winged Dove","Zenaida asiatica","#d16ff8","avian","https://media.birdweather.com/species/501/White-wingedDove-standard-6528ef689b07d5a91f1c2275cdef19c9.jpg","https://media.birdweather.com/species/501/White-wingedDove-thumbnail-4a940adfd5a6c78c73c48c5095e7b896.jpg","https://media.birdweather.com/species/501/White-wingedDove-png200-d65decd3d571b5a9dbeca249ef97689f.png","IscJLwb6hoVelZWZdoh3eIeIdxBoB4IG",16889876556,"https://media.birdweather.com/soundscapes/19267/19267-20260914-123029.flac",4.5,7.5,"live"
11140023549,19267,"2026-09-14T06:30:32.000-06:00",0.702456533908844,0.20324981212616,7.04925733152859,"almost_certain","BirdNET",NA,10.2198,-83.7874,FALSE,501,"White-winged Dove","Zenaida asiatica","#d16ff8","avian","https://media.birdweather.com/species/501/White-wingedDove-standard-6528ef689b07d5a91f1c2275cdef19c9.jpg","https://media.birdweather.com/species/501/White-wingedDove-thumbnail-4a940adfd5a6c78c73c48c5095e7b896.jpg","https://media.birdweather.com/species/501/White-wingedDove-png200-d65decd3d571b5a9dbeca249ef97689f.png","IscJLwb6hoVelZWZdoh3eIeIdxBoB4IG",16889876556,"https://media.birdweather.com/soundscapes/19267/19267-20260914-123029.flac",3,6,"live"
11140020081,19267,"2026-09-14T06:30:17.500-06:00",0.858926177024841,0.203251257538795,7.49921612993729,"almost_certain","BirdNET",NA,10.2198,-83.7874,FALSE,501,"White-winged Dove","Zenaida asiatica","#d16ff8","avian","https://media.birdweather.com/species/501/White-wingedDove-standard-6528ef689b07d5a91f1c2275cdef19c9.jpg","https://media.birdweather.com/species/501/White-wingedDove-thumbnail-4a940adfd5a6c78c73c48c5095e7b896.jpg","https://media.birdweather.com/species/501/White-wingedDove-png200-d65decd3d571b5a9dbeca249ef97689f.png","IscJLwb6hoVelZWZdoh3eIeIdxBoB4IG",16889870140,"https://media.birdweather.com/soundscapes/19267/19267-20260914-123016.flac",1.5,4.5,"live"
11140008915,19267,"2026-09-14T06:29:40.500-06:00",0.787309348583221,0.552227437496185,8.63949057058314,"almost_certain","BirdNET",NA,10.2198,-83.7874,FALSE,802,"Rufous-tailed Hummingbird","Amazilia tzacatl","#d9c845","avian","https://media.birdweather.com/species/802/Rufous-tailedHummingbird-standard-4d0209b50ad0c35c6d8337f5c0c16b55.jpg","https://media.birdweather.com/species/802/Rufous-tailedHummingbird-thumbnail-fbf17400c31564f70aa45927c5d75f5e.jpg","https://media.birdweather.com/species/802/Rufous-tailedHummingbird-png200-8ea431c9893cfe027e92471791a8c256.png","mPkJFwIHqJeJl4lriIaGhYh3+H+oVGAH",16889850202,"https://media.birdweather.com/soundscapes/19267/19267-20260914-122936.flac",4.5,7.5,"live"
11139982929,19267,"2026-09-14T06:28:10.000-06:00",0.970113933086395,0.203263759613037,7.74785601850028,"almost_certain","BirdNET",NA,10.2198,-83.7874,FALSE,501,"White-winged Dove","Zenaida asiatica","#d16ff8","avian","https://media.birdweather.com/species/501/White-wingedDove-standard-6528ef689b07d5a91f1c2275cdef19c9.jpg","https://media.birdweather.com/species/501/White-wingedDove-thumbnail-4a940adfd5a6c78c73c48c5095e7b896.jpg","https://media.birdweather.com/species/501/White-wingedDove-png200-d65decd3d571b5a9dbeca249ef97689f.png","IscJLwb6hoVelZWZdoh3eIeIdxBoB4IG",16889804342,"https://media.birdweather.com/soundscapes/19267/19267-20260914-122804.flac",6,9,"live"
11139982923,19267,"2026-09-14T06:28:08.500-06:00",0.888305306434631,0.965855598449707,9.65295501598607,"almost_certain","BirdNET",NA,10.2198,-83.7874,FALSE,115,"Tropical Kingbird","Tyrannus melancholicus","#00b3a1","avian","https://media.birdweather.com/species/115/TropicalKingbird-standard-712bd41627c48fa23dafd70e7c83c2e4.jpg","https://media.birdweather.com/species/115/TropicalKingbird-thumbnail-d19e465885b300e6a764cb58df2c377e.jpg","https://media.birdweather.com/species/115/TropicalKingbird-png200-7879336d61c20ea19f905a307c05d2d1.png","G/kFDwLXdWqfdmeOkkq2uXmK16/aGV8M",16889804342,"https://media.birdweather.com/soundscapes/19267/19267-20260914-122804.flac",4.5,7.5,"live"
11139975436,19267,"2026-09-14T06:27:40.000-06:00",0.77270233631134,0.203269258141518,7.2697861825799,"almost_certain","BirdNET",NA,10.2198,-83.7874,FALSE,501,"White-winged Dove","Zenaida asiatica","#d16ff8","avian","https://media.birdweather.com/species/501/White-wingedDove-standard-6528ef689b07d5a91f1c2275cdef19c9.jpg","https://media.birdweather.com/species/501/White-wingedDove-thumbnail-4a940adfd5a6c78c73c48c5095e7b896.jpg","https://media.birdweather.com/species/501/White-wingedDove-png200-d65decd3d571b5a9dbeca249ef97689f.png","IscJLwb6hoVelZWZdoh3eIeIdxBoB4IG",16889791042,"https://media.birdweather.com/soundscapes/19267/19267-20260914-122737.flac",3,6,"live"
11139956537,19267,"2026-09-14T06:26:34.500-06:00",0.916105926036835,0.203288272023201,7.63289396466902,"almost_certain","BirdNET",NA,10.2198,-83.7874,FALSE,501,"White-winged Dove","Zenaida asiatica","#d16ff8","avian","https://media.birdweather.com/species/501/White-wingedDove-standard-6528ef689b07d5a91f1c2275cdef19c9.jpg","https://media.birdweather.com/species/501/White-wingedDove-thumbnail-4a940adfd5a6c78c73c48c5095e7b896.jpg","https://media.birdweather.com/species/501/White-wingedDove-png200-d65decd3d571b5a9dbeca249ef97689f.png","IscJLwb6hoVelZWZdoh3eIeIdxBoB4IG",16889757555,"https://media.birdweather.com/soundscapes/19267/19267-20260914-122630.flac",4.5,7.5,"live"
11139956527,19267,"2026-09-14T06:26:33.000-06:00",0.992659628391266,0.203288272023201,7.79334811150385,"almost_certain","BirdNET",NA,10.2198,-83.7874,FALSE,501,"White-winged Dove","Zenaida asiatica","#d16ff8","avian","https://media.birdweather.com/species/501/White-wingedDove-standard-6528ef689b07d5a91f1c2275cdef19c9.jpg","https://media.birdweather.com/species/501/White-wingedDove-thumbnail-4a940adfd5a6c78c73c48c5095e7b896.jpg","https://media.birdweather.com/species/501/White-wingedDove-png200-d65decd3d571b5a9dbeca249ef97689f.png","IscJLwb6hoVelZWZdoh3eIeIdxBoB4IG",16889757555,"https://media.birdweather.com/soundscapes/19267/19267-20260914-122630.flac",3,6,"live"
11139956520,19267,"2026-09-14T06:26:31.500-06:00",0.922056674957275,0.203288272023201,7.64606281468322,"almost_certain","BirdNET",NA,10.2198,-83.7874,FALSE,501,"White-winged Dove","Zenaida asiatica","#d16ff8","avian","https://media.birdweather.com/species/501/White-wingedDove-standard-6528ef689b07d5a91f1c2275cdef19c9.jpg","https://media.birdweather.com/species/501/White-wingedDove-thumbnail-4a940adfd5a6c78c73c48c5095e7b896.jpg","https://media.birdweather.com/species/501/White-wingedDove-png200-d65decd3d571b5a9dbeca249ef97689f.png","IscJLwb6hoVelZWZdoh3eIeIdxBoB4IG",16889757555,"https://media.birdweather.com/soundscapes/19267/19267-20260914-122630.flac",1.5,4.5,"live"
11139956515,19267,"2026-09-14T06:26:30.000-06:00",0.819188475608826,0.203288272023201,7.39841580974873,"almost_certain","BirdNET",NA,10.2198,-83.7874,FALSE,501,"White-winged Dove","Zenaida asiatica","#d16ff8","avian","https://media.birdweather.com/species/501/White-wingedDove-standard-6528ef689b07d5a91f1c2275cdef19c9.jpg","https://media.birdweather.com/species/501/White-wingedDove-thumbnail-4a940adfd5a6c78c73c48c5095e7b896.jpg","https://media.birdweather.com/species/501/White-wingedDove-png200-d65decd3d571b5a9dbeca249ef97689f.png","IscJLwb6hoVelZWZdoh3eIeIdxBoB4IG",16889757555,"https://media.birdweather.com/soundscapes/19267/19267-20260914-122630.flac",0,3,"live"
11139952872,19267,"2026-09-14T06:26:20.000-06:00",0.938993275165558,0.20328164100647,7.68282215394905,"almost_certain","BirdNET",NA,10.2198,-83.7874,FALSE,501,"White-winged Dove","Zenaida asiatica","#d16ff8","avian","https://media.birdweather.com/species/501/White-wingedDove-standard-6528ef689b07d5a91f1c2275cdef19c9.jpg","https://media.birdweather.com/species/501/White-wingedDove-thumbnail-4a940adfd5a6c78c73c48c5095e7b896.jpg","https://media.birdweather.com/species/501/White-wingedDove-png200-d65decd3d571b5a9dbeca249ef97689f.png","IscJLwb6hoVelZWZdoh3eIeIdxBoB4IG",16889751131,"https://media.birdweather.com/soundscapes/19267/19267-20260914-122617.flac",3,6,"live"
11139952865,19267,"2026-09-14T06:26:18.500-06:00",0.910738468170166,0.20328164100647,7.62086376449784,"almost_certain","BirdNET",NA,10.2198,-83.7874,FALSE,501,"White-winged Dove","Zenaida asiatica","#d16ff8","avian","https://media.birdweather.com/species/501/White-wingedDove-standard-6528ef689b07d5a91f1c2275cdef19c9.jpg","https://media.birdweather.com/species/501/White-wingedDove-thumbnail-4a940adfd5a6c78c73c48c5095e7b896.jpg","https://media.birdweather.com/species/501/White-wingedDove-png200-d65decd3d571b5a9dbeca249ef97689f.png","IscJLwb6hoVelZWZdoh3eIeIdxBoB4IG",16889751131,"https://media.birdweather.com/soundscapes/19267/19267-20260914-122617.flac",1.5,4.5,"live"
11139952861,19267,"2026-09-14T06:26:17.000-06:00",0.757732748985291,0.20328164100647,7.22577859933841,"almost_certain","BirdNET",NA,10.2198,-83.7874,FALSE,501,"White-winged Dove","Zenaida asiatica","#d16ff8","avian","https://media.birdweather.com/species/501/White-wingedDove-standard-6528ef689b07d5a91f1c2275cdef19c9.jpg","https://media.birdweather.com/species/501/White-wingedDove-thumbnail-4a940adfd5a6c78c73c48c5095e7b896.jpg","https://media.birdweather.com/species/501/White-wingedDove-png200-d65decd3d571b5a9dbeca249ef97689f.png","IscJLwb6hoVelZWZdoh3eIeIdxBoB4IG",16889751131,"https://media.birdweather.com/soundscapes/19267/19267-20260914-122617.flac",0,3,"live"
11139949181,19267,"2026-09-14T06:26:08.500-06:00",0.724791467189789,0.203282415866852,7.1234622314678,"almost_certain","BirdNET",NA,10.2198,-83.7874,FALSE,501,"White-winged Dove","Zenaida asiatica","#d16ff8","avian","https://media.birdweather.com/species/501/White-wingedDove-standard-6528ef689b07d5a91f1c2275cdef19c9.jpg","https://media.birdweather.com/species/501/White-wingedDove-thumbnail-4a940adfd5a6c78c73c48c5095e7b896.jpg","https://media.birdweather.com/species/501/White-wingedDove-png200-d65decd3d571b5a9dbeca249ef97689f.png","IscJLwb6hoVelZWZdoh3eIeIdxBoB4IG",16889744709,"https://media.birdweather.com/soundscapes/19267/19267-20260914-122604.flac",4.5,7.5,"live"
11139949177,19267,"2026-09-14T06:26:07.000-06:00",0.859722375869751,0.203282415866852,7.5013664843507,"almost_certain","BirdNET",NA,10.2198,-83.7874,FALSE,501,"White-winged Dove","Zenaida asiatica","#d16ff8","avian","https://media.birdweather.com/species/501/White-wingedDove-standard-6528ef689b07d5a91f1c2275cdef19c9.jpg","https://media.birdweather.com/species/501/White-wingedDove-thumbnail-4a940adfd5a6c78c73c48c5095e7b896.jpg","https://media.birdweather.com/species/501/White-wingedDove-png200-d65decd3d571b5a9dbeca249ef97689f.png","IscJLwb6hoVelZWZdoh3eIeIdxBoB4IG",16889744709,"https://media.birdweather.com/soundscapes/19267/19267-20260914-122604.flac",3,6,"live"
11139949172,19267,"2026-09-14T06:26:05.500-06:00",0.969945549964905,0.203282415866852,7.74763156996947,"almost_certain","BirdNET",NA,10.2198,-83.7874,FALSE,501,"White-winged Dove","Zenaida asiatica","#d16ff8","avian","https://media.birdweather.com/species/501/White-wingedDove-standard-6528ef689b07d5a91f1c2275cdef19c9.jpg","https://media.birdweather.com/species/501/White-wingedDove-thumbnail-4a940adfd5a6c78c73c48c5095e7b896.jpg","https://media.birdweather.com/species/501/White-wingedDove-png200-d65decd3d571b5a9dbeca249ef97689f.png","IscJLwb6hoVelZWZdoh3eIeIdxBoB4IG",16889744709,"https://media.birdweather.com/soundscapes/19267/19267-20260914-122604.flac",1.5,4.5,"live"
11139945021,19267,"2026-09-14T06:25:53.500-06:00",0.972734689712524,0.203284576535225,7.75333723870892,"almost_certain","BirdNET",NA,10.2198,-83.7874,FALSE,501,"White-winged Dove","Zenaida asiatica","#d16ff8","avian","https://media.birdweather.com/species/501/White-wingedDove-standard-6528ef689b07d5a91f1c2275cdef19c9.jpg","https://media.birdweather.com/species/501/White-wingedDove-thumbnail-4a940adfd5a6c78c73c48c5095e7b896.jpg","https://media.birdweather.com/species/501/White-wingedDove-png200-d65decd3d571b5a9dbeca249ef97689f.png","IscJLwb6hoVelZWZdoh3eIeIdxBoB4IG",16889737492,"https://media.birdweather.com/soundscapes/19267/19267-20260914-122549.flac",4.5,7.5,"live"
11139945017,19267,"2026-09-14T06:25:52.000-06:00",0.962741911411285,0.203284576535225,7.73283465294054,"almost_certain","BirdNET",NA,10.2198,-83.7874,FALSE,501,"White-winged Dove","Zenaida asiatica","#d16ff8","avian","https://media.birdweather.com/species/501/White-wingedDove-standard-6528ef689b07d5a91f1c2275cdef19c9.jpg","https://media.birdweather.com/species/501/White-wingedDove-thumbnail-4a940adfd5a6c78c73c48c5095e7b896.jpg","https://media.birdweather.com/species/501/White-wingedDove-png200-d65decd3d571b5a9dbeca249ef97689f.png","IscJLwb6hoVelZWZdoh3eIeIdxBoB4IG",16889737492,"https://media.birdweather.com/soundscapes/19267/19267-20260914-122549.flac",3,6,"live"
11139945012,19267,"2026-09-14T06:25:50.500-06:00",0.874882876873016,0.203284576535225,7.53799419432896,"almost_certain","BirdNET",NA,10.2198,-83.7874,FALSE,501,"White-winged Dove","Zenaida asiatica","#d16ff8","avian","https://media.birdweather.com/species/501/White-wingedDove-standard-6528ef689b07d5a91f1c2275cdef19c9.jpg","https://media.birdweather.com/species/501/White-wingedDove-thumbnail-4a940adfd5a6c78c73c48c5095e7b896.jpg","https://media.birdweather.com/species/501/White-wingedDove-png200-d65decd3d571b5a9dbeca249ef97689f.png","IscJLwb6hoVelZWZdoh3eIeIdxBoB4IG",16889737492,"https://media.birdweather.com/soundscapes/19267/19267-20260914-122549.flac",1.5,4.5,"live"
11139945010,19267,"2026-09-14T06:25:49.000-06:00",0.726934194564819,0.203284576535225,7.13036927510245,"almost_certain","BirdNET",NA,10.2198,-83.7874,FALSE,501,"White-winged Dove","Zenaida asiatica","#d16ff8","avian","https://media.birdweather.com/species/501/White-wingedDove-standard-6528ef689b07d5a91f1c2275cdef19c9.jpg","https://media.birdweather.com/species/501/White-wingedDove-thumbnail-4a940adfd5a6c78c73c48c5095e7b896.jpg","https://media.birdweather.com/species/501/White-wingedDove-png200-d65decd3d571b5a9dbeca249ef97689f.png","IscJLwb6hoVelZWZdoh3eIeIdxBoB4IG",16889737492,"https://media.birdweather.com/soundscapes/19267/19267-20260914-122549.flac",0,3,"live"
11139941304,19267,"2026-09-14T06:25:40.500-06:00",0.963867366313934,0.203273266553879,7.73508653622151,"almost_certain","BirdNET",NA,10.2198,-83.7874,FALSE,501,"White-winged Dove","Zenaida asiatica","#d16ff8","avian","https://media.birdweather.com/species/501/White-wingedDove-standard-6528ef689b07d5a91f1c2275cdef19c9.jpg","https://media.birdweather.com/species/501/White-wingedDove-thumbnail-4a940adfd5a6c78c73c48c5095e7b896.jpg","https://media.birdweather.com/species/501/White-wingedDove-png200-d65decd3d571b5a9dbeca249ef97689f.png","IscJLwb6hoVelZWZdoh3eIeIdxBoB4IG",16889731077,"https://media.birdweather.com/soundscapes/19267/19267-20260914-122536.flac",4.5,7.5,"live"
11139941297,19267,"2026-09-14T06:25:39.000-06:00",0.837493062019348,0.203273266553879,7.44578839293124,"almost_certain","BirdNET",NA,10.2198,-83.7874,FALSE,501,"White-winged Dove","Zenaida asiatica","#d16ff8","avian","https://media.birdweather.com/species/501/White-wingedDove-standard-6528ef689b07d5a91f1c2275cdef19c9.jpg","https://media.birdweather.com/species/501/White-wingedDove-thumbnail-4a940adfd5a6c78c73c48c5095e7b896.jpg","https://media.birdweather.com/species/501/White-wingedDove-png200-d65decd3d571b5a9dbeca249ef97689f.png","IscJLwb6hoVelZWZdoh3eIeIdxBoB4IG",16889731077,"https://media.birdweather.com/soundscapes/19267/19267-20260914-122536.flac",3,6,"live"
11139937502,19267,"2026-09-14T06:25:30.000-06:00",0.891198873519897,0.203278332948685,7.57629509613758,"almost_certain","BirdNET",NA,10.2198,-83.7874,FALSE,501,"White-winged Dove","Zenaida asiatica","#d16ff8","avian","https://media.birdweather.com/species/501/White-wingedDove-standard-6528ef689b07d5a91f1c2275cdef19c9.jpg","https://media.birdweather.com/species/501/White-wingedDove-thumbnail-4a940adfd5a6c78c73c48c5095e7b896.jpg","https://media.birdweather.com/species/501/White-wingedDove-png200-d65decd3d571b5a9dbeca249ef97689f.png","IscJLwb6hoVelZWZdoh3eIeIdxBoB4IG",16889724649,"https://media.birdweather.com/soundscapes/19267/19267-20260914-122524.flac",6,9,"live"
11139937499,19267,"2026-09-14T06:25:28.500-06:00",0.99142974615097,0.203278332948685,7.79084954315382,"almost_certain","BirdNET",NA,10.2198,-83.7874,FALSE,501,"White-winged Dove","Zenaida asiatica","#d16ff8","avian","https://media.birdweather.com/species/501/White-wingedDove-standard-6528ef689b07d5a91f1c2275cdef19c9.jpg","https://media.birdweather.com/species/501/White-wingedDove-thumbnail-4a940adfd5a6c78c73c48c5095e7b896.jpg","https://media.birdweather.com/species/501/White-wingedDove-png200-d65decd3d571b5a9dbeca249ef97689f.png","IscJLwb6hoVelZWZdoh3eIeIdxBoB4IG",16889724649,"https://media.birdweather.com/soundscapes/19267/19267-20260914-122524.flac",4.5,7.5,"live"
11139937496,19267,"2026-09-14T06:25:27.000-06:00",0.954949498176575,0.203278332948685,7.71659085913703,"almost_certain","BirdNET",NA,10.2198,-83.7874,FALSE,501,"White-winged Dove","Zenaida asiatica","#d16ff8","avian","https://media.birdweather.com/species/501/White-wingedDove-standard-6528ef689b07d5a91f1c2275cdef19c9.jpg","https://media.birdweather.com/species/501/White-wingedDove-thumbnail-4a940adfd5a6c78c73c48c5095e7b896.jpg","https://media.birdweather.com/species/501/White-wingedDove-png200-d65decd3d571b5a9dbeca249ef97689f.png","IscJLwb6hoVelZWZdoh3eIeIdxBoB4IG",16889724649,"https://media.birdweather.com/soundscapes/19267/19267-20260914-122524.flac",3,6,"live"
11139888419,19267,"2026-09-14T06:22:32.500-06:00",0.901865661144257,0.203280612826347,7.60080780958419,"almost_certain","BirdNET",NA,10.2198,-83.7874,FALSE,501,"White-winged Dove","Zenaida asiatica","#d16ff8","avian","https://media.birdweather.com/species/501/White-wingedDove-standard-6528ef689b07d5a91f1c2275cdef19c9.jpg","https://media.birdweather.com/species/501/White-wingedDove-thumbnail-4a940adfd5a6c78c73c48c5095e7b896.jpg","https://media.birdweather.com/species/501/White-wingedDove-png200-d65decd3d571b5a9dbeca249ef97689f.png","IscJLwb6hoVelZWZdoh3eIeIdxBoB4IG",16889638658,"https://media.birdweather.com/soundscapes/19267/19267-20260914-122231.flac",1.5,4.5,"live"
11139881294,19267,"2026-09-14T06:22:10.500-06:00",0.818759918212891,0.203280612826347,7.39723529635179,"almost_certain","BirdNET",NA,10.2198,-83.7874,FALSE,501,"White-winged Dove","Zenaida asiatica","#d16ff8","avian","https://media.birdweather.com/species/501/White-wingedDove-standard-6528ef689b07d5a91f1c2275cdef19c9.jpg","https://media.birdweather.com/species/501/White-wingedDove-thumbnail-4a940adfd5a6c78c73c48c5095e7b896.jpg","https://media.birdweather.com/species/501/White-wingedDove-png200-d65decd3d571b5a9dbeca249ef97689f.png","IscJLwb6hoVelZWZdoh3eIeIdxBoB4IG",16889626110,"https://media.birdweather.com/soundscapes/19267/19267-20260914-122206.flac",4.5,7.5,"live"
11139873777,19267,"2026-09-14T06:21:39.000-06:00",0.829976737499237,0.203288152813911,7.42659066319322,"almost_certain","BirdNET",NA,10.2198,-83.7874,FALSE,501,"White-winged Dove","Zenaida asiatica","#d16ff8","avian","https://media.birdweather.com/species/501/White-wingedDove-standard-6528ef689b07d5a91f1c2275cdef19c9.jpg","https://media.birdweather.com/species/501/White-wingedDove-thumbnail-4a940adfd5a6c78c73c48c5095e7b896.jpg","https://media.birdweather.com/species/501/White-wingedDove-png200-d65decd3d571b5a9dbeca249ef97689f.png","IscJLwb6hoVelZWZdoh3eIeIdxBoB4IG",16889612852,"https://media.birdweather.com/soundscapes/19267/19267-20260914-122139.flac",0,3,"live"
11139851684,19267,"2026-09-14T06:20:27.000-06:00",0.856685519218445,0.765552163124084,9.26252565148592,"almost_certain","BirdNET",NA,10.2198,-83.7874,FALSE,229,"Great Kiskadee","Pitangus sulphuratus","#7d4410","avian","https://media.birdweather.com/species/229/GreatKiskadee-standard-cd28a1b8e8b8e5aed433e809c229004e.jpg","https://media.birdweather.com/species/229/GreatKiskadee-thumbnail-b2749ed2442fb322cf3c4cb72f9c97f6.jpg","https://media.birdweather.com/species/229/GreatKiskadee-png200-003973af4f863deb00a4ce9b6f10e59c.png","0PgFDwIrhYqfZJh1mVe3SZZ3uKEJBncG",16889573994,"https://media.birdweather.com/soundscapes/19267/19267-20260914-122021.flac",6,9,"live"
11139840503,19267,"2026-09-14T06:19:41.000-06:00",0.743685483932495,0.765552163124084,8.95169383013765,"almost_certain","BirdNET",NA,10.2198,-83.7874,FALSE,229,"Great Kiskadee","Pitangus sulphuratus","#7d4410","avian","https://media.birdweather.com/species/229/GreatKiskadee-standard-cd28a1b8e8b8e5aed433e809c229004e.jpg","https://media.birdweather.com/species/229/GreatKiskadee-thumbnail-b2749ed2442fb322cf3c4cb72f9c97f6.jpg","https://media.birdweather.com/species/229/GreatKiskadee-png200-003973af4f863deb00a4ce9b6f10e59c.png","0PgFDwIrhYqfZJh1mVe3SZZ3uKEJBncG",16889554186,"https://media.birdweather.com/soundscapes/19267/19267-20260914-121941.flac",0,3,"live"
11139829834,19267,"2026-09-14T06:19:06.000-06:00",0.820603132247925,0.765552401542664,9.17071898343972,"almost_certain","BirdNET",NA,10.2198,-83.7874,FALSE,229,"Great Kiskadee","Pitangus sulphuratus","#7d4410","avian","https://media.birdweather.com/species/229/GreatKiskadee-standard-cd28a1b8e8b8e5aed433e809c229004e.jpg","https://media.birdweather.com/species/229/GreatKiskadee-thumbnail-b2749ed2442fb322cf3c4cb72f9c97f6.jpg","https://media.birdweather.com/species/229/GreatKiskadee-png200-003973af4f863deb00a4ce9b6f10e59c.png","0PgFDwIrhYqfZJh1mVe3SZZ3uKEJBncG",16889534730,"https://media.birdweather.com/soundscapes/19267/19267-20260914-121903.flac",3,6,"live"
11139829831,19267,"2026-09-14T06:19:04.500-06:00",0.983683526515961,0.765552401542664,9.54405373902729,"almost_certain","BirdNET",NA,10.2198,-83.7874,FALSE,229,"Great Kiskadee","Pitangus sulphuratus","#7d4410","avian","https://media.birdweather.com/species/229/GreatKiskadee-standard-cd28a1b8e8b8e5aed433e809c229004e.jpg","https://media.birdweather.com/species/229/GreatKiskadee-thumbnail-b2749ed2442fb322cf3c4cb72f9c97f6.jpg","https://media.birdweather.com/species/229/GreatKiskadee-png200-003973af4f863deb00a4ce9b6f10e59c.png","0PgFDwIrhYqfZJh1mVe3SZZ3uKEJBncG",16889534730,"https://media.birdweather.com/soundscapes/19267/19267-20260914-121903.flac",1.5,4.5,"live"
11139822525,19267,"2026-09-14T06:18:40.500-06:00",0.705591320991516,0.765555381774902,8.82871476953237,"almost_certain","BirdNET",NA,10.2198,-83.7874,FALSE,229,"Great Kiskadee","Pitangus sulphuratus","#7d4410","avian","https://media.birdweather.com/species/229/GreatKiskadee-standard-cd28a1b8e8b8e5aed433e809c229004e.jpg","https://media.birdweather.com/species/229/GreatKiskadee-thumbnail-b2749ed2442fb322cf3c4cb72f9c97f6.jpg","https://media.birdweather.com/species/229/GreatKiskadee-png200-003973af4f863deb00a4ce9b6f10e59c.png","0PgFDwIrhYqfZJh1mVe3SZZ3uKEJBncG",16889521385,"https://media.birdweather.com/soundscapes/19267/19267-20260914-121836.flac",4.5,7.5,"live"
11139811585,19267,"2026-09-14T06:18:00.500-06:00",0.728184640407562,0.203263759613037,7.13424227704909,"almost_certain","BirdNET",NA,10.2198,-83.7874,FALSE,501,"White-winged Dove","Zenaida asiatica","#d16ff8","avian","https://media.birdweather.com/species/501/White-wingedDove-standard-6528ef689b07d5a91f1c2275cdef19c9.jpg","https://media.birdweather.com/species/501/White-wingedDove-thumbnail-4a940adfd5a6c78c73c48c5095e7b896.jpg","https://media.birdweather.com/species/501/White-wingedDove-png200-d65decd3d571b5a9dbeca249ef97689f.png","IscJLwb6hoVelZWZdoh3eIeIdxBoB4IG",16889501750,"https://media.birdweather.com/soundscapes/19267/19267-20260914-121756.flac",4.5,7.5,"live"
11139808067,19267,"2026-09-14T06:17:49.000-06:00",0.768591344356537,0.765551745891571,9.02651579753091,"almost_certain","BirdNET",NA,10.2198,-83.7874,FALSE,229,"Great Kiskadee","Pitangus sulphuratus","#7d4410","avian","https://media.birdweather.com/species/229/GreatKiskadee-standard-cd28a1b8e8b8e5aed433e809c229004e.jpg","https://media.birdweather.com/species/229/GreatKiskadee-thumbnail-b2749ed2442fb322cf3c4cb72f9c97f6.jpg","https://media.birdweather.com/species/229/GreatKiskadee-png200-003973af4f863deb00a4ce9b6f10e59c.png","0PgFDwIrhYqfZJh1mVe3SZZ3uKEJBncG",16889495457,"https://media.birdweather.com/soundscapes/19267/19267-20260914-121743.flac",6,9,"live"
11139804287,19267,"2026-09-14T06:17:36.000-06:00",0.896323204040527,0.203263759613037,7.58802505265617,"almost_certain","BirdNET",NA,10.2198,-83.7874,FALSE,501,"White-winged Dove","Zenaida asiatica","#d16ff8","avian","https://media.birdweather.com/species/501/White-wingedDove-standard-6528ef689b07d5a91f1c2275cdef19c9.jpg","https://media.birdweather.com/species/501/White-wingedDove-thumbnail-4a940adfd5a6c78c73c48c5095e7b896.jpg","https://media.birdweather.com/species/501/White-wingedDove-png200-d65decd3d571b5a9dbeca249ef97689f.png","IscJLwb6hoVelZWZdoh3eIeIdxBoB4IG",16889488895,"https://media.birdweather.com/soundscapes/19267/19267-20260914-121730.flac",6,9,"live"
11139793156,19267,"2026-09-14T06:16:55.500-06:00",0.868917226791382,0.765551745891571,9.29230113718315,"almost_certain","BirdNET",NA,10.2198,-83.7874,FALSE,229,"Great Kiskadee","Pitangus sulphuratus","#7d4410","avian","https://media.birdweather.com/species/229/GreatKiskadee-standard-cd28a1b8e8b8e5aed433e809c229004e.jpg","https://media.birdweather.com/species/229/GreatKiskadee-thumbnail-b2749ed2442fb322cf3c4cb72f9c97f6.jpg","https://media.birdweather.com/species/229/GreatKiskadee-png200-003973af4f863deb00a4ce9b6f10e59c.png","0PgFDwIrhYqfZJh1mVe3SZZ3uKEJBncG",16889469176,"https://media.birdweather.com/soundscapes/19267/19267-20260914-121651.flac",4.5,7.5,"live"
11139755584,19267,"2026-09-14T06:14:41.000-06:00",0.821908533573151,0.203282475471497,7.40553734832317,"almost_certain","BirdNET",NA,10.2198,-83.7874,FALSE,501,"White-winged Dove","Zenaida asiatica","#d16ff8","avian","https://media.birdweather.com/species/501/White-wingedDove-standard-6528ef689b07d5a91f1c2275cdef19c9.jpg","https://media.birdweather.com/species/501/White-wingedDove-thumbnail-4a940adfd5a6c78c73c48c5095e7b896.jpg","https://media.birdweather.com/species/501/White-wingedDove-png200-d65decd3d571b5a9dbeca249ef97689f.png","IscJLwb6hoVelZWZdoh3eIeIdxBoB4IG",16889403191,"https://media.birdweather.com/soundscapes/19267/19267-20260914-121438.flac",3,6,"live"
11139755581,19267,"2026-09-14T06:14:39.500-06:00",0.752001106739044,0.203282475471497,7.20852077038548,"almost_certain","BirdNET",NA,10.2198,-83.7874,FALSE,501,"White-winged Dove","Zenaida asiatica","#d16ff8","avian","https://media.birdweather.com/species/501/White-wingedDove-standard-6528ef689b07d5a91f1c2275cdef19c9.jpg","https://media.birdweather.com/species/501/White-wingedDove-thumbnail-4a940adfd5a6c78c73c48c5095e7b896.jpg","https://media.birdweather.com/species/501/White-wingedDove-png200-d65decd3d571b5a9dbeca249ef97689f.png","IscJLwb6hoVelZWZdoh3eIeIdxBoB4IG",16889403191,"https://media.birdweather.com/soundscapes/19267/19267-20260914-121438.flac",1.5,4.5,"live"
11139755578,19267,"2026-09-14T06:14:38.000-06:00",0.853142857551575,0.203282475471497,7.48516716063244,"almost_certain","BirdNET",NA,10.2198,-83.7874,FALSE,501,"White-winged Dove","Zenaida asiatica","#d16ff8","avian","https://media.birdweather.com/species/501/White-wingedDove-standard-6528ef689b07d5a91f1c2275cdef19c9.jpg","https://media.birdweather.com/species/501/White-wingedDove-thumbnail-4a940adfd5a6c78c73c48c5095e7b896.jpg","https://media.birdweather.com/species/501/White-wingedDove-png200-d65decd3d571b5a9dbeca249ef97689f.png","IscJLwb6hoVelZWZdoh3eIeIdxBoB4IG",16889403191,"https://media.birdweather.com/soundscapes/19267/19267-20260914-121438.flac",0,3,"live"
11139751995,19267,"2026-09-14T06:14:23.000-06:00",0.891010761260986,0.203282475471497,7.57588571887391,"almost_certain","BirdNET",NA,10.2198,-83.7874,FALSE,501,"White-winged Dove","Zenaida asiatica","#d16ff8","avian","https://media.birdweather.com/species/501/White-wingedDove-standard-6528ef689b07d5a91f1c2275cdef19c9.jpg","https://media.birdweather.com/species/501/White-wingedDove-thumbnail-4a940adfd5a6c78c73c48c5095e7b896.jpg","https://media.birdweather.com/species/501/White-wingedDove-png200-d65decd3d571b5a9dbeca249ef97689f.png","IscJLwb6hoVelZWZdoh3eIeIdxBoB4IG",16889396815,"https://media.birdweather.com/soundscapes/19267/19267-20260914-121423.flac",0,3,"live"
11139747787,19267,"2026-09-14T06:14:16.000-06:00",0.826909303665161,0.203276604413986,7.41856407197598,"almost_certain","BirdNET",NA,10.2198,-83.7874,FALSE,501,"White-winged Dove","Zenaida asiatica","#d16ff8","avian","https://media.birdweather.com/species/501/White-wingedDove-standard-6528ef689b07d5a91f1c2275cdef19c9.jpg","https://media.birdweather.com/species/501/White-wingedDove-thumbnail-4a940adfd5a6c78c73c48c5095e7b896.jpg","https://media.birdweather.com/species/501/White-wingedDove-png200-d65decd3d571b5a9dbeca249ef97689f.png","IscJLwb6hoVelZWZdoh3eIeIdxBoB4IG",16889389400,"https://media.birdweather.com/soundscapes/19267/19267-20260914-121410.flac",6,9,"live"
11139747785,19267,"2026-09-14T06:14:14.500-06:00",0.969000697135925,0.203276604413986,7.74566070680841,"almost_certain","BirdNET",NA,10.2198,-83.7874,FALSE,501,"White-winged Dove","Zenaida asiatica","#d16ff8","avian","https://media.birdweather.com/species/501/White-wingedDove-standard-6528ef689b07d5a91f1c2275cdef19c9.jpg","https://media.birdweather.com/species/501/White-wingedDove-thumbnail-4a940adfd5a6c78c73c48c5095e7b896.jpg","https://media.birdweather.com/species/501/White-wingedDove-png200-d65decd3d571b5a9dbeca249ef97689f.png","IscJLwb6hoVelZWZdoh3eIeIdxBoB4IG",16889389400,"https://media.birdweather.com/soundscapes/19267/19267-20260914-121410.flac",4.5,7.5,"live"
11139747783,19267,"2026-09-14T06:14:13.000-06:00",0.823136746883392,0.203276604413986,7.40871988461639,"almost_certain","BirdNET",NA,10.2198,-83.7874,FALSE,501,"White-winged Dove","Zenaida asiatica","#d16ff8","avian","https://media.birdweather.com/species/501/White-wingedDove-standard-6528ef689b07d5a91f1c2275cdef19c9.jpg","https://media.birdweather.com/species/501/White-wingedDove-thumbnail-4a940adfd5a6c78c73c48c5095e7b896.jpg","https://media.birdweather.com/species/501/White-wingedDove-png200-d65decd3d571b5a9dbeca249ef97689f.png","IscJLwb6hoVelZWZdoh3eIeIdxBoB4IG",16889389400,"https://media.birdweather.com/soundscapes/19267/19267-20260914-121410.flac",3,6,"live"
11139743754,19267,"2026-09-14T06:13:58.000-06:00",0.942801892757416,0.203259572386742,7.69082181822581,"almost_certain","BirdNET",NA,10.2198,-83.7874,FALSE,501,"White-winged Dove","Zenaida asiatica","#d16ff8","avian","https://media.birdweather.com/species/501/White-wingedDove-standard-6528ef689b07d5a91f1c2275cdef19c9.jpg","https://media.birdweather.com/species/501/White-wingedDove-thumbnail-4a940adfd5a6c78c73c48c5095e7b896.jpg","https://media.birdweather.com/species/501/White-wingedDove-png200-d65decd3d571b5a9dbeca249ef97689f.png","IscJLwb6hoVelZWZdoh3eIeIdxBoB4IG",16889382087,"https://media.birdweather.com/soundscapes/19267/19267-20260914-121355.flac",3,6,"live"
11139743751,19267,"2026-09-14T06:13:56.500-06:00",0.887743890285492,0.203259572386742,7.56814477622149,"almost_certain","BirdNET",NA,10.2198,-83.7874,FALSE,501,"White-winged Dove","Zenaida asiatica","#d16ff8","avian","https://media.birdweather.com/species/501/White-wingedDove-standard-6528ef689b07d5a91f1c2275cdef19c9.jpg","https://media.birdweather.com/species/501/White-wingedDove-thumbnail-4a940adfd5a6c78c73c48c5095e7b896.jpg","https://media.birdweather.com/species/501/White-wingedDove-png200-d65decd3d571b5a9dbeca249ef97689f.png","IscJLwb6hoVelZWZdoh3eIeIdxBoB4IG",16889382087,"https://media.birdweather.com/soundscapes/19267/19267-20260914-121355.flac",1.5,4.5,"live"
11139732892,19267,"2026-09-14T06:13:22.000-06:00",0.974999845027924,0.203251734375954,7.75773142470309,"almost_certain","BirdNET",NA,10.2198,-83.7874,FALSE,501,"White-winged Dove","Zenaida asiatica","#d16ff8","avian","https://media.birdweather.com/species/501/White-wingedDove-standard-6528ef689b07d5a91f1c2275cdef19c9.jpg","https://media.birdweather.com/species/501/White-wingedDove-thumbnail-4a940adfd5a6c78c73c48c5095e7b896.jpg","https://media.birdweather.com/species/501/White-wingedDove-png200-d65decd3d571b5a9dbeca249ef97689f.png","IscJLwb6hoVelZWZdoh3eIeIdxBoB4IG",16889362377,"https://media.birdweather.com/soundscapes/19267/19267-20260914-121316.flac",6,9,"live"
11139732888,19267,"2026-09-14T06:13:20.500-06:00",0.799077212810516,0.203251734375954,7.34405767459899,"almost_certain","BirdNET",NA,10.2198,-83.7874,FALSE,501,"White-winged Dove","Zenaida asiatica","#d16ff8","avian","https://media.birdweather.com/species/501/White-wingedDove-standard-6528ef689b07d5a91f1c2275cdef19c9.jpg","https://media.birdweather.com/species/501/White-wingedDove-thumbnail-4a940adfd5a6c78c73c48c5095e7b896.jpg","https://media.birdweather.com/species/501/White-wingedDove-png200-d65decd3d571b5a9dbeca249ef97689f.png","IscJLwb6hoVelZWZdoh3eIeIdxBoB4IG",16889362377,"https://media.birdweather.com/soundscapes/19267/19267-20260914-121316.flac",4.5,7.5,"live"
11139729404,19267,"2026-09-14T06:13:07.500-06:00",0.930576860904694,0.203255131840706,7.66448720115849,"almost_certain","BirdNET",NA,10.2198,-83.7874,FALSE,501,"White-winged Dove","Zenaida asiatica","#d16ff8","avian","https://media.birdweather.com/species/501/White-wingedDove-standard-6528ef689b07d5a91f1c2275cdef19c9.jpg","https://media.birdweather.com/species/501/White-wingedDove-thumbnail-4a940adfd5a6c78c73c48c5095e7b896.jpg","https://media.birdweather.com/species/501/White-wingedDove-png200-d65decd3d571b5a9dbeca249ef97689f.png","IscJLwb6hoVelZWZdoh3eIeIdxBoB4IG",16889356076,"https://media.birdweather.com/soundscapes/19267/19267-20260914-121303.flac",4.5,7.5,"live"
11139729400,19267,"2026-09-14T06:13:06.000-06:00",0.863001525402069,0.203255131840706,7.50919398146064,"almost_certain","BirdNET",NA,10.2198,-83.7874,FALSE,501,"White-winged Dove","Zenaida asiatica","#d16ff8","avian","https://media.birdweather.com/species/501/White-wingedDove-standard-6528ef689b07d5a91f1c2275cdef19c9.jpg","https://media.birdweather.com/species/501/White-wingedDove-thumbnail-4a940adfd5a6c78c73c48c5095e7b896.jpg","https://media.birdweather.com/species/501/White-wingedDove-png200-d65decd3d571b5a9dbeca249ef97689f.png","IscJLwb6hoVelZWZdoh3eIeIdxBoB4IG",16889356076,"https://media.birdweather.com/soundscapes/19267/19267-20260914-121303.flac",3,6,"live"
11139729397,19267,"2026-09-14T06:13:04.500-06:00",0.872596681118011,0.203255131840706,7.53234596619791,"almost_certain","BirdNET",NA,10.2198,-83.7874,FALSE,501,"White-winged Dove","Zenaida asiatica","#d16ff8","avian","https://media.birdweather.com/species/501/White-wingedDove-standard-6528ef689b07d5a91f1c2275cdef19c9.jpg","https://media.birdweather.com/species/501/White-wingedDove-thumbnail-4a940adfd5a6c78c73c48c5095e7b896.jpg","https://media.birdweather.com/species/501/White-wingedDove-png200-d65decd3d571b5a9dbeca249ef97689f.png","IscJLwb6hoVelZWZdoh3eIeIdxBoB4IG",16889356076,"https://media.birdweather.com/soundscapes/19267/19267-20260914-121303.flac",1.5,4.5,"live"
11139729389,19267,"2026-09-14T06:13:03.000-06:00",0.870992481708527,0.203255131840706,7.52850235748947,"almost_certain","BirdNET",NA,10.2198,-83.7874,FALSE,501,"White-winged Dove","Zenaida asiatica","#d16ff8","avian","https://media.birdweather.com/species/501/White-wingedDove-standard-6528ef689b07d5a91f1c2275cdef19c9.jpg","https://media.birdweather.com/species/501/White-wingedDove-thumbnail-4a940adfd5a6c78c73c48c5095e7b896.jpg","https://media.birdweather.com/species/501/White-wingedDove-png200-d65decd3d571b5a9dbeca249ef97689f.png","IscJLwb6hoVelZWZdoh3eIeIdxBoB4IG",16889356076,"https://media.birdweather.com/soundscapes/19267/19267-20260914-121303.flac",0,3,"live"
11139725878,19267,"2026-09-14T06:12:54.000-06:00",0.846396028995514,0.203261360526085,7.46821852862875,"almost_certain","BirdNET",NA,10.2198,-83.7874,FALSE,501,"White-winged Dove","Zenaida asiatica","#d16ff8","avian","https://media.birdweather.com/species/501/White-wingedDove-standard-6528ef689b07d5a91f1c2275cdef19c9.jpg","https://media.birdweather.com/species/501/White-wingedDove-thumbnail-4a940adfd5a6c78c73c48c5095e7b896.jpg","https://media.birdweather.com/species/501/White-wingedDove-png200-d65decd3d571b5a9dbeca249ef97689f.png","IscJLwb6hoVelZWZdoh3eIeIdxBoB4IG",16889349941,"https://media.birdweather.com/soundscapes/19267/19267-20260914-121251.flac",3,6,"live"
11139710450,19267,"2026-09-14T06:12:02.000-06:00",0.707833170890808,0.203260272741318,7.06750593333625,"almost_certain","BirdNET",NA,10.2198,-83.7874,FALSE,501,"White-winged Dove","Zenaida asiatica","#d16ff8","avian","https://media.birdweather.com/species/501/White-wingedDove-standard-6528ef689b07d5a91f1c2275cdef19c9.jpg","https://media.birdweather.com/species/501/White-wingedDove-thumbnail-4a940adfd5a6c78c73c48c5095e7b896.jpg","https://media.birdweather.com/species/501/White-wingedDove-png200-d65decd3d571b5a9dbeca249ef97689f.png","IscJLwb6hoVelZWZdoh3eIeIdxBoB4IG",16889322737,"https://media.birdweather.com/soundscapes/19267/19267-20260914-121156.flac",6,9,"live"
11139681444,19267,"2026-09-14T06:10:18.000-06:00",0.795933961868286,0.765552878379822,9.10421285698213,"almost_certain","BirdNET",NA,10.2198,-83.7874,FALSE,229,"Great Kiskadee","Pitangus sulphuratus","#7d4410","avian","https://media.birdweather.com/species/229/GreatKiskadee-standard-cd28a1b8e8b8e5aed433e809c229004e.jpg","https://media.birdweather.com/species/229/GreatKiskadee-thumbnail-b2749ed2442fb322cf3c4cb72f9c97f6.jpg","https://media.birdweather.com/species/229/GreatKiskadee-png200-003973af4f863deb00a4ce9b6f10e59c.png","0PgFDwIrhYqfZJh1mVe3SZZ3uKEJBncG",16889271016,"https://media.birdweather.com/soundscapes/19267/19267-20260914-121012.flac",6,9,"live"
11139674068,19267,"2026-09-14T06:09:49.000-06:00",0.80833774805069,0.765553534030914,9.13805754790361,"almost_certain","BirdNET",NA,10.2198,-83.7874,FALSE,229,"Great Kiskadee","Pitangus sulphuratus","#7d4410","avian","https://media.birdweather.com/species/229/GreatKiskadee-standard-cd28a1b8e8b8e5aed433e809c229004e.jpg","https://media.birdweather.com/species/229/GreatKiskadee-thumbnail-b2749ed2442fb322cf3c4cb72f9c97f6.jpg","https://media.birdweather.com/species/229/GreatKiskadee-png200-003973af4f863deb00a4ce9b6f10e59c.png","0PgFDwIrhYqfZJh1mVe3SZZ3uKEJBncG",16889257908,"https://media.birdweather.com/soundscapes/19267/19267-20260914-120946.flac",3,6,"live"
11139560379,19267,"2026-09-14T06:03:06.000-06:00",0.828962922096252,0.0763081088662148,6.18450029979316,"almost_certain","BirdNET",NA,10.2198,-83.7874,FALSE,17047,"Cinnamon-bellied Saltator","Saltator grandis","#6a35aa","avian","https://media.birdweather.com/species/17047/Cinnamon-belliedSaltator-standard-0876af3c691c96f8b8ee4f8dfdd870b4.jpeg","https://media.birdweather.com/species/17047/Cinnamon-belliedSaltator-thumbnail-3679ab493b8742672fc60e91862977e4.jpeg","https://media.birdweather.com/species/17047/Cinnamon-belliedSaltator-png200-58b4d4fbf255464431cd041a234f1383.png","FAgGBwCAaXmLZojmR6mHmXWEdlUJSJUA",16889058500,"https://media.birdweather.com/soundscapes/19267/19267-20260914-120303.flac",3,6,"live"
11139444218,19267,"2026-09-14T05:56:22.500-06:00",0.785790026187897,0.203250423073769,7.30708071383286,"almost_certain","BirdNET",NA,10.2198,-83.7874,FALSE,501,"White-winged Dove","Zenaida asiatica","#d16ff8","avian","https://media.birdweather.com/species/501/White-wingedDove-standard-6528ef689b07d5a91f1c2275cdef19c9.jpg","https://media.birdweather.com/species/501/White-wingedDove-thumbnail-4a940adfd5a6c78c73c48c5095e7b896.jpg","https://media.birdweather.com/species/501/White-wingedDove-png200-d65decd3d571b5a9dbeca249ef97689f.png","IscJLwb6hoVelZWZdoh3eIeIdxBoB4IG",16888858415,"https://media.birdweather.com/soundscapes/19267/19267-20260914-115621.flac",1.5,4.5,"live"
11139436557,19267,"2026-09-14T05:55:57.000-06:00",0.755192160606384,0.203250423073769,7.2179528637692,"almost_certain","BirdNET",NA,10.2198,-83.7874,FALSE,501,"White-winged Dove","Zenaida asiatica","#d16ff8","avian","https://media.birdweather.com/species/501/White-wingedDove-standard-6528ef689b07d5a91f1c2275cdef19c9.jpg","https://media.birdweather.com/species/501/White-wingedDove-thumbnail-4a940adfd5a6c78c73c48c5095e7b896.jpg","https://media.birdweather.com/species/501/White-wingedDove-png200-d65decd3d571b5a9dbeca249ef97689f.png","IscJLwb6hoVelZWZdoh3eIeIdxBoB4IG",16888844811,"https://media.birdweather.com/soundscapes/19267/19267-20260914-115554.flac",3,6,"live"
11139429319,19267,"2026-09-14T05:55:33.500-06:00",0.825567007064819,0.203250423073769,7.41490136823408,"almost_certain","BirdNET",NA,10.2198,-83.7874,FALSE,501,"White-winged Dove","Zenaida asiatica","#d16ff8","avian","https://media.birdweather.com/species/501/White-wingedDove-standard-6528ef689b07d5a91f1c2275cdef19c9.jpg","https://media.birdweather.com/species/501/White-wingedDove-thumbnail-4a940adfd5a6c78c73c48c5095e7b896.jpg","https://media.birdweather.com/species/501/White-wingedDove-png200-d65decd3d571b5a9dbeca249ef97689f.png","IscJLwb6hoVelZWZdoh3eIeIdxBoB4IG",16888831971,"https://media.birdweather.com/soundscapes/19267/19267-20260914-115529.flac",4.5,7.5,"live"
11139425409,19267,"2026-09-14T05:55:17.000-06:00",0.76015293598175,0.902095973491669,9.22379355282534,"almost_certain","BirdNET",NA,10.2198,-83.7874,FALSE,254,"Great-tailed Grackle","Quiscalus mexicanus","#4cdf64","avian","https://media.birdweather.com/species/254/Great-tailedGrackle-standard-84167b7e46a2aae7f30286e714478461.jpg","https://media.birdweather.com/species/254/Great-tailedGrackle-thumbnail-388529862f53a8a975b80daf9e76e3ac.jpg","https://media.birdweather.com/species/254/Great-tailedGrackle-png200-ca2dc12559d8d2db107eefc8eff73513.png","GAgKDwKYmnVgeIeVhniHRXiahgv2mWAN",16888825207,"https://media.birdweather.com/soundscapes/19267/19267-20260914-115514.flac",3,6,"live"
11139425406,19267,"2026-09-14T05:55:15.500-06:00",0.821970999240875,0.902095973491669,9.39648633486519,"almost_certain","BirdNET",NA,10.2198,-83.7874,FALSE,254,"Great-tailed Grackle","Quiscalus mexicanus","#4cdf64","avian","https://media.birdweather.com/species/254/Great-tailedGrackle-standard-84167b7e46a2aae7f30286e714478461.jpg","https://media.birdweather.com/species/254/Great-tailedGrackle-thumbnail-388529862f53a8a975b80daf9e76e3ac.jpg","https://media.birdweather.com/species/254/Great-tailedGrackle-png200-ca2dc12559d8d2db107eefc8eff73513.png","GAgKDwKYmnVgeIeVhniHRXiahgv2mWAN",16888825207,"https://media.birdweather.com/soundscapes/19267/19267-20260914-115514.flac",1.5,4.5,"live"
11139402756,19267,"2026-09-14T05:54:00.000-06:00",0.820801615715027,0.203250423073769,7.40242272324433,"almost_certain","BirdNET",NA,10.2198,-83.7874,FALSE,501,"White-winged Dove","Zenaida asiatica","#d16ff8","avian","https://media.birdweather.com/species/501/White-wingedDove-standard-6528ef689b07d5a91f1c2275cdef19c9.jpg","https://media.birdweather.com/species/501/White-wingedDove-thumbnail-4a940adfd5a6c78c73c48c5095e7b896.jpg","https://media.birdweather.com/species/501/White-wingedDove-png200-d65decd3d571b5a9dbeca249ef97689f.png","IscJLwb6hoVelZWZdoh3eIeIdxBoB4IG",16888784994,"https://media.birdweather.com/soundscapes/19267/19267-20260914-115354.flac",6,9,"live"
11139399112,19267,"2026-09-14T05:53:41.000-06:00",0.77317225933075,0.902095973491669,9.26201737903326,"almost_certain","BirdNET",NA,10.2198,-83.7874,FALSE,254,"Great-tailed Grackle","Quiscalus mexicanus","#4cdf64","avian","https://media.birdweather.com/species/254/Great-tailedGrackle-standard-84167b7e46a2aae7f30286e714478461.jpg","https://media.birdweather.com/species/254/Great-tailedGrackle-thumbnail-388529862f53a8a975b80daf9e76e3ac.jpg","https://media.birdweather.com/species/254/Great-tailedGrackle-png200-ca2dc12559d8d2db107eefc8eff73513.png","GAgKDwKYmnVgeIeVhniHRXiahgv2mWAN",16888778578,"https://media.birdweather.com/soundscapes/19267/19267-20260914-115341.flac",0,3,"live"
11139296630,19267,"2026-09-14T05:47:34.000-06:00",0.947928726673126,0.203254729509354,7.70167415416409,"almost_certain","BirdNET",NA,10.2198,-83.7874,FALSE,501,"White-winged Dove","Zenaida asiatica","#d16ff8","avian","https://media.birdweather.com/species/501/White-wingedDove-standard-6528ef689b07d5a91f1c2275cdef19c9.jpg","https://media.birdweather.com/species/501/White-wingedDove-thumbnail-4a940adfd5a6c78c73c48c5095e7b896.jpg","https://media.birdweather.com/species/501/White-wingedDove-png200-d65decd3d571b5a9dbeca249ef97689f.png","IscJLwb6hoVelZWZdoh3eIeIdxBoB4IG",16888594572,"https://media.birdweather.com/soundscapes/19267/19267-20260914-114731.flac",3,6,"live"
11139296628,19267,"2026-09-14T05:47:32.500-06:00",0.970533907413483,0.203254729509354,7.74865634668461,"almost_certain","BirdNET",NA,10.2198,-83.7874,FALSE,501,"White-winged Dove","Zenaida asiatica","#d16ff8","avian","https://media.birdweather.com/species/501/White-wingedDove-standard-6528ef689b07d5a91f1c2275cdef19c9.jpg","https://media.birdweather.com/species/501/White-wingedDove-thumbnail-4a940adfd5a6c78c73c48c5095e7b896.jpg","https://media.birdweather.com/species/501/White-wingedDove-png200-d65decd3d571b5a9dbeca249ef97689f.png","IscJLwb6hoVelZWZdoh3eIeIdxBoB4IG",16888594572,"https://media.birdweather.com/soundscapes/19267/19267-20260914-114731.flac",1.5,4.5,"live"
11139296625,19267,"2026-09-14T05:47:31.000-06:00",0.966080546379089,0.203254729509354,7.73952712146016,"almost_certain","BirdNET",NA,10.2198,-83.7874,FALSE,501,"White-winged Dove","Zenaida asiatica","#d16ff8","avian","https://media.birdweather.com/species/501/White-wingedDove-standard-6528ef689b07d5a91f1c2275cdef19c9.jpg","https://media.birdweather.com/species/501/White-wingedDove-thumbnail-4a940adfd5a6c78c73c48c5095e7b896.jpg","https://media.birdweather.com/species/501/White-wingedDove-png200-d65decd3d571b5a9dbeca249ef97689f.png","IscJLwb6hoVelZWZdoh3eIeIdxBoB4IG",16888594572,"https://media.birdweather.com/soundscapes/19267/19267-20260914-114731.flac",0,3,"live"
11139257200,19267,"2026-09-14T05:45:07.500-06:00",0.70898425579071,0.203252762556076,7.0713189835351,"almost_certain","BirdNET",NA,10.2198,-83.7874,FALSE,501,"White-winged Dove","Zenaida asiatica","#d16ff8","avian","https://media.birdweather.com/species/501/White-wingedDove-standard-6528ef689b07d5a91f1c2275cdef19c9.jpg","https://media.birdweather.com/species/501/White-wingedDove-thumbnail-4a940adfd5a6c78c73c48c5095e7b896.jpg","https://media.birdweather.com/species/501/White-wingedDove-png200-d65decd3d571b5a9dbeca249ef97689f.png","IscJLwb6hoVelZWZdoh3eIeIdxBoB4IG",16888521327,"https://media.birdweather.com/soundscapes/19267/19267-20260914-114503.flac",4.5,7.5,"live"
11139246530,19267,"2026-09-14T05:44:25.500-06:00",0.846862971782684,0.203246787190437,7.46929518952063,"almost_certain","BirdNET",NA,10.2198,-83.7874,FALSE,501,"White-winged Dove","Zenaida asiatica","#d16ff8","avian","https://media.birdweather.com/species/501/White-wingedDove-standard-6528ef689b07d5a91f1c2275cdef19c9.jpg","https://media.birdweather.com/species/501/White-wingedDove-thumbnail-4a940adfd5a6c78c73c48c5095e7b896.jpg","https://media.birdweather.com/species/501/White-wingedDove-png200-d65decd3d571b5a9dbeca249ef97689f.png","IscJLwb6hoVelZWZdoh3eIeIdxBoB4IG",16888501392,"https://media.birdweather.com/soundscapes/19267/19267-20260914-114424.flac",1.5,4.5,"live"
11139246527,19267,"2026-09-14T05:44:24.000-06:00",0.985904633998871,0.203246787190437,7.77965545278918,"almost_certain","BirdNET",NA,10.2198,-83.7874,FALSE,501,"White-winged Dove","Zenaida asiatica","#d16ff8","avian","https://media.birdweather.com/species/501/White-wingedDove-standard-6528ef689b07d5a91f1c2275cdef19c9.jpg","https://media.birdweather.com/species/501/White-wingedDove-thumbnail-4a940adfd5a6c78c73c48c5095e7b896.jpg","https://media.birdweather.com/species/501/White-wingedDove-png200-d65decd3d571b5a9dbeca249ef97689f.png","IscJLwb6hoVelZWZdoh3eIeIdxBoB4IG",16888501392,"https://media.birdweather.com/soundscapes/19267/19267-20260914-114424.flac",0,3,"live"
11139236263,19267,"2026-09-14T05:43:48.000-06:00",0.90965861082077,0.203246787190437,7.6182154001824,"almost_certain","BirdNET",NA,10.2198,-83.7874,FALSE,501,"White-winged Dove","Zenaida asiatica","#d16ff8","avian","https://media.birdweather.com/species/501/White-wingedDove-standard-6528ef689b07d5a91f1c2275cdef19c9.jpg","https://media.birdweather.com/species/501/White-wingedDove-thumbnail-4a940adfd5a6c78c73c48c5095e7b896.jpg","https://media.birdweather.com/species/501/White-wingedDove-png200-d65decd3d571b5a9dbeca249ef97689f.png","IscJLwb6hoVelZWZdoh3eIeIdxBoB4IG",16888482247,"https://media.birdweather.com/soundscapes/19267/19267-20260914-114345.flac",3,6,"live"
11139236259,19267,"2026-09-14T05:43:46.500-06:00",0.948632895946503,0.203246787190437,7.70311123804739,"almost_certain","BirdNET",NA,10.2198,-83.7874,FALSE,501,"White-winged Dove","Zenaida asiatica","#d16ff8","avian","https://media.birdweather.com/species/501/White-wingedDove-standard-6528ef689b07d5a91f1c2275cdef19c9.jpg","https://media.birdweather.com/species/501/White-wingedDove-thumbnail-4a940adfd5a6c78c73c48c5095e7b896.jpg","https://media.birdweather.com/species/501/White-wingedDove-png200-d65decd3d571b5a9dbeca249ef97689f.png","IscJLwb6hoVelZWZdoh3eIeIdxBoB4IG",16888482247,"https://media.birdweather.com/soundscapes/19267/19267-20260914-114345.flac",1.5,4.5,"live"
11139232899,19267,"2026-09-14T05:43:37.500-06:00",0.909186661243439,0.203246787190437,7.61715444360641,"almost_certain","BirdNET",NA,10.2198,-83.7874,FALSE,501,"White-winged Dove","Zenaida asiatica","#d16ff8","avian","https://media.birdweather.com/species/501/White-wingedDove-standard-6528ef689b07d5a91f1c2275cdef19c9.jpg","https://media.birdweather.com/species/501/White-wingedDove-thumbnail-4a940adfd5a6c78c73c48c5095e7b896.jpg","https://media.birdweather.com/species/501/White-wingedDove-png200-d65decd3d571b5a9dbeca249ef97689f.png","IscJLwb6hoVelZWZdoh3eIeIdxBoB4IG",16888476132,"https://media.birdweather.com/soundscapes/19267/19267-20260914-114333.flac",4.5,7.5,"live"
11139232895,19267,"2026-09-14T05:43:36.000-06:00",0.812841653823853,0.203246787190437,7.3812985388146,"almost_certain","BirdNET",NA,10.2198,-83.7874,FALSE,501,"White-winged Dove","Zenaida asiatica","#d16ff8","avian","https://media.birdweather.com/species/501/White-wingedDove-standard-6528ef689b07d5a91f1c2275cdef19c9.jpg","https://media.birdweather.com/species/501/White-wingedDove-thumbnail-4a940adfd5a6c78c73c48c5095e7b896.jpg","https://media.birdweather.com/species/501/White-wingedDove-png200-d65decd3d571b5a9dbeca249ef97689f.png","IscJLwb6hoVelZWZdoh3eIeIdxBoB4IG",16888476132,"https://media.birdweather.com/soundscapes/19267/19267-20260914-114333.flac",3,6,"live"
11139222219,19267,"2026-09-14T05:42:53.000-06:00",0.79969722032547,0.20324781537056,7.34573340275727,"almost_certain","BirdNET",NA,10.2198,-83.7874,FALSE,501,"White-winged Dove","Zenaida asiatica","#d16ff8","avian","https://media.birdweather.com/species/501/White-wingedDove-standard-6528ef689b07d5a91f1c2275cdef19c9.jpg","https://media.birdweather.com/species/501/White-wingedDove-thumbnail-4a940adfd5a6c78c73c48c5095e7b896.jpg","https://media.birdweather.com/species/501/White-wingedDove-png200-d65decd3d571b5a9dbeca249ef97689f.png","IscJLwb6hoVelZWZdoh3eIeIdxBoB4IG",16888456713,"https://media.birdweather.com/soundscapes/19267/19267-20260914-114253.flac",0,3,"live"
11139211714,19267,"2026-09-14T05:42:14.000-06:00",0.726210057735443,0.203248620033264,7.12781262070521,"almost_certain","BirdNET",NA,10.2198,-83.7874,FALSE,501,"White-winged Dove","Zenaida asiatica","#d16ff8","avian","https://media.birdweather.com/species/501/White-wingedDove-standard-6528ef689b07d5a91f1c2275cdef19c9.jpg","https://media.birdweather.com/species/501/White-wingedDove-thumbnail-4a940adfd5a6c78c73c48c5095e7b896.jpg","https://media.birdweather.com/species/501/White-wingedDove-png200-d65decd3d571b5a9dbeca249ef97689f.png","IscJLwb6hoVelZWZdoh3eIeIdxBoB4IG",16888436846,"https://media.birdweather.com/soundscapes/19267/19267-20260914-114214.flac",0,3,"live"
11139183602,19267,"2026-09-14T05:40:35.000-06:00",0.954722285270691,0.203235566616058,7.71584076241218,"almost_certain","BirdNET",NA,10.2198,-83.7874,FALSE,501,"White-winged Dove","Zenaida asiatica","#d16ff8","avian","https://media.birdweather.com/species/501/White-wingedDove-standard-6528ef689b07d5a91f1c2275cdef19c9.jpg","https://media.birdweather.com/species/501/White-wingedDove-thumbnail-4a940adfd5a6c78c73c48c5095e7b896.jpg","https://media.birdweather.com/species/501/White-wingedDove-png200-d65decd3d571b5a9dbeca249ef97689f.png","IscJLwb6hoVelZWZdoh3eIeIdxBoB4IG",16888384725,"https://media.birdweather.com/soundscapes/19267/19267-20260914-114029.flac",6,9,"live"
11139183596,19267,"2026-09-14T05:40:29.000-06:00",0.81248265504837,0.203235566616058,7.38026708902995,"almost_certain","BirdNET",NA,10.2198,-83.7874,FALSE,501,"White-winged Dove","Zenaida asiatica","#d16ff8","avian","https://media.birdweather.com/species/501/White-wingedDove-standard-6528ef689b07d5a91f1c2275cdef19c9.jpg","https://media.birdweather.com/species/501/White-wingedDove-thumbnail-4a940adfd5a6c78c73c48c5095e7b896.jpg","https://media.birdweather.com/species/501/White-wingedDove-png200-d65decd3d571b5a9dbeca249ef97689f.png","IscJLwb6hoVelZWZdoh3eIeIdxBoB4IG",16888384725,"https://media.birdweather.com/soundscapes/19267/19267-20260914-114029.flac",0,3,"live"
11139176643,19267,"2026-09-14T05:40:07.000-06:00",0.751243829727173,0.203236043453217,7.20592528040535,"almost_certain","BirdNET",NA,10.2198,-83.7874,FALSE,501,"White-winged Dove","Zenaida asiatica","#d16ff8","avian","https://media.birdweather.com/species/501/White-wingedDove-standard-6528ef689b07d5a91f1c2275cdef19c9.jpg","https://media.birdweather.com/species/501/White-wingedDove-thumbnail-4a940adfd5a6c78c73c48c5095e7b896.jpg","https://media.birdweather.com/species/501/White-wingedDove-png200-d65decd3d571b5a9dbeca249ef97689f.png","IscJLwb6hoVelZWZdoh3eIeIdxBoB4IG",16888371415,"https://media.birdweather.com/soundscapes/19267/19267-20260914-114001.flac",6,9,"live"
11139170008,19267,"2026-09-14T05:39:43.000-06:00",0.892253220081329,0.2032480686903,7.57854176663347,"almost_certain","BirdNET",NA,10.2198,-83.7874,FALSE,501,"White-winged Dove","Zenaida asiatica","#d16ff8","avian","https://media.birdweather.com/species/501/White-wingedDove-standard-6528ef689b07d5a91f1c2275cdef19c9.jpg","https://media.birdweather.com/species/501/White-wingedDove-thumbnail-4a940adfd5a6c78c73c48c5095e7b896.jpg","https://media.birdweather.com/species/501/White-wingedDove-png200-d65decd3d571b5a9dbeca249ef97689f.png","IscJLwb6hoVelZWZdoh3eIeIdxBoB4IG",16888358998,"https://media.birdweather.com/soundscapes/19267/19267-20260914-113937.flac",6,9,"live"
11139135663,19267,"2026-09-14T05:37:25.500-06:00",0.861090362071991,0.203249052166939,7.50449641432991,"almost_certain","BirdNET",NA,10.2198,-83.7874,FALSE,501,"White-winged Dove","Zenaida asiatica","#d16ff8","avian","https://media.birdweather.com/species/501/White-wingedDove-standard-6528ef689b07d5a91f1c2275cdef19c9.jpg","https://media.birdweather.com/species/501/White-wingedDove-thumbnail-4a940adfd5a6c78c73c48c5095e7b896.jpg","https://media.birdweather.com/species/501/White-wingedDove-png200-d65decd3d571b5a9dbeca249ef97689f.png","IscJLwb6hoVelZWZdoh3eIeIdxBoB4IG",16888293119,"https://media.birdweather.com/soundscapes/19267/19267-20260914-113724.flac",1.5,4.5,"live"
11139135662,19267,"2026-09-14T05:37:24.000-06:00",0.89415830373764,0.203249052166939,7.58294785143099,"almost_certain","BirdNET",NA,10.2198,-83.7874,FALSE,501,"White-winged Dove","Zenaida asiatica","#d16ff8","avian","https://media.birdweather.com/species/501/White-wingedDove-standard-6528ef689b07d5a91f1c2275cdef19c9.jpg","https://media.birdweather.com/species/501/White-wingedDove-thumbnail-4a940adfd5a6c78c73c48c5095e7b896.jpg","https://media.birdweather.com/species/501/White-wingedDove-png200-d65decd3d571b5a9dbeca249ef97689f.png","IscJLwb6hoVelZWZdoh3eIeIdxBoB4IG",16888293119,"https://media.birdweather.com/soundscapes/19267/19267-20260914-113724.flac",0,3,"live"
11138995881,19267,"2026-09-14T05:28:28.000-06:00",0.882327616214752,0.0704518184065819,6.21991450667466,"almost_certain","BirdNET",NA,10.2198,-83.7874,FALSE,975,"Eastern Kingbird","Tyrannus tyrannus","#6c4d04","avian","https://media.birdweather.com/species/975/EasternKingbird-standard-34678c5d143fe1d9c0e9b1e5d9b899a4.jpg","https://media.birdweather.com/species/975/EasternKingbird-thumbnail-60f4f4ce9a78c11e9cc2b3e0bb29855e.jpg","https://media.birdweather.com/species/975/EasternKingbird-png200-3c6899f34dcf03ea173ed72829ab0048.png","LQgGDwDyloi2WXeYZFpnuYZpqAPXOnQA",16888027046,"https://media.birdweather.com/soundscapes/19267/19267-20260914-112828.flac",0,3,"live"
11138910083,19267,"2026-09-14T05:22:50.500-06:00",0.854992866516113,0.765550196170807,9.25835022208133,"almost_certain","BirdNET",NA,10.2198,-83.7874,FALSE,229,"Great Kiskadee","Pitangus sulphuratus","#7d4410","avian","https://media.birdweather.com/species/229/GreatKiskadee-standard-cd28a1b8e8b8e5aed433e809c229004e.jpg","https://media.birdweather.com/species/229/GreatKiskadee-thumbnail-b2749ed2442fb322cf3c4cb72f9c97f6.jpg","https://media.birdweather.com/species/229/GreatKiskadee-png200-003973af4f863deb00a4ce9b6f10e59c.png","0PgFDwIrhYqfZJh1mVe3SZZ3uKEJBncG",16887857674,"https://media.birdweather.com/soundscapes/19267/19267-20260914-112246.flac",4.5,7.5,"live"
11138884050,19267,"2026-09-14T05:21:05.000-06:00",0.74581515789032,0.20325094461441,7.18943933707716,"almost_certain","BirdNET",NA,10.2198,-83.7874,FALSE,501,"White-winged Dove","Zenaida asiatica","#d16ff8","avian","https://media.birdweather.com/species/501/White-wingedDove-standard-6528ef689b07d5a91f1c2275cdef19c9.jpg","https://media.birdweather.com/species/501/White-wingedDove-thumbnail-4a940adfd5a6c78c73c48c5095e7b896.jpg","https://media.birdweather.com/species/501/White-wingedDove-png200-d65decd3d571b5a9dbeca249ef97689f.png","IscJLwb6hoVelZWZdoh3eIeIdxBoB4IG",16887805729,"https://media.birdweather.com/soundscapes/19267/19267-20260914-112102.flac",3,6,"live"
11138841584,19267,"2026-09-14T05:18:07.500-06:00",0.794151782989502,0.765545964241028,9.09926856999347,"almost_certain","BirdNET",NA,10.2198,-83.7874,FALSE,229,"Great Kiskadee","Pitangus sulphuratus","#7d4410","avian","https://media.birdweather.com/species/229/GreatKiskadee-standard-cd28a1b8e8b8e5aed433e809c229004e.jpg","https://media.birdweather.com/species/229/GreatKiskadee-thumbnail-b2749ed2442fb322cf3c4cb72f9c97f6.jpg","https://media.birdweather.com/species/229/GreatKiskadee-png200-003973af4f863deb00a4ce9b6f10e59c.png","0PgFDwIrhYqfZJh1mVe3SZZ3uKEJBncG",16887718871,"https://media.birdweather.com/soundscapes/19267/19267-20260914-111806.flac",1.5,4.5,"live"
11138832103,19267,"2026-09-14T05:17:29.500-06:00",0.714666783809662,0.552229642868042,8.41834524671033,"almost_certain","BirdNET",NA,10.2198,-83.7874,FALSE,802,"Rufous-tailed Hummingbird","Amazilia tzacatl","#d9c845","avian","https://media.birdweather.com/species/802/Rufous-tailedHummingbird-standard-4d0209b50ad0c35c6d8337f5c0c16b55.jpg","https://media.birdweather.com/species/802/Rufous-tailedHummingbird-thumbnail-fbf17400c31564f70aa45927c5d75f5e.jpg","https://media.birdweather.com/species/802/Rufous-tailedHummingbird-png200-8ea431c9893cfe027e92471791a8c256.png","mPkJFwIHqJeJl4lriIaGhYh3+H+oVGAH",16887699579,"https://media.birdweather.com/soundscapes/19267/19267-20260914-111728.flac",1.5,4.5,"live"
11138832097,19267,"2026-09-14T05:17:28.000-06:00",0.901229858398438,0.765551567077637,9.36798286702972,"almost_certain","BirdNET",NA,10.2198,-83.7874,FALSE,229,"Great Kiskadee","Pitangus sulphuratus","#7d4410","avian","https://media.birdweather.com/species/229/GreatKiskadee-standard-cd28a1b8e8b8e5aed433e809c229004e.jpg","https://media.birdweather.com/species/229/GreatKiskadee-thumbnail-b2749ed2442fb322cf3c4cb72f9c97f6.jpg","https://media.birdweather.com/species/229/GreatKiskadee-png200-003973af4f863deb00a4ce9b6f10e59c.png","0PgFDwIrhYqfZJh1mVe3SZZ3uKEJBncG",16887699579,"https://media.birdweather.com/soundscapes/19267/19267-20260914-111728.flac",0,3,"live"
11138382055,19267,"2026-09-14T04:43:55.000-06:00",0.727665364742279,0.057472687214613,5.55597446710472,"almost_certain","BirdNET",NA,10.2198,-83.7874,FALSE,2106,"Scale-crested Pygmy-Tyrant","Lophotriccus pileatus","#ff3f73","avian","https://media.birdweather.com/species/2106/Scale-crestedPygmy-Tyrant-standard-30688703276d7a86ba8040e08ec546e4.jpg","https://media.birdweather.com/species/2106/Scale-crestedPygmy-Tyrant-thumbnail-a2fa4da6488b42e46af0521226507326.jpg","https://media.birdweather.com/species/2106/Scale-crestedPygmy-Tyrant-png200-7dba50c93511c6b01ee479c707de9a8b.png","IroFJwJKZ2tcVqZvUmlauFW0Vp9LCUoK",16886703427,"https://media.birdweather.com/soundscapes/19267/19267-20260914-104349.flac",6,9,"live"
11137836653,19267,"2026-09-14T03:49:50.000-06:00",0.718178629875183,0.0574738048017025,5.52526484460904,"almost_certain","BirdNET",NA,10.2198,-83.7874,FALSE,2106,"Scale-crested Pygmy-Tyrant","Lophotriccus pileatus","#ff3f73","avian","https://media.birdweather.com/species/2106/Scale-crestedPygmy-Tyrant-standard-30688703276d7a86ba8040e08ec546e4.jpg","https://media.birdweather.com/species/2106/Scale-crestedPygmy-Tyrant-thumbnail-a2fa4da6488b42e46af0521226507326.jpg","https://media.birdweather.com/species/2106/Scale-crestedPygmy-Tyrant-png200-7dba50c93511c6b01ee479c707de9a8b.png","IroFJwJKZ2tcVqZvUmlauFW0Vp9LCUoK",16885117452,"https://media.birdweather.com/soundscapes/19267/19267-20260914-094950.flac",0,3,"live"
