"id","stationId","timestamp","confidence","probability","score","certainty","algorithm","metadata","lat","lon","favorite","species.id","species.commonName","species.scientificName","species.color","species.classification","species.imageUrl","species.thumbnailUrl","species.pngUrl","species.thumbhash","soundscape.id","soundscape.url","soundscape.startTime","soundscape.endTime","soundscape.mode"
11354137908,19267,"2026-09-24T16:34:40.000-06:00",0.919649422168732,0.218190833926201,7.73327741665388,"almost_certain","BirdNET",NA,10.2198,-83.7874,FALSE,3766,"Crimson-fronted Parakeet","Psittacara finschi","#65ad00","avian","https://media.birdweather.com/species/3766/Crimson-frontedParakeet-standard-ddc77fa728634b78b78a31cc430f7895.jpg","https://media.birdweather.com/species/3766/Crimson-frontedParakeet-thumbnail-df6cfd5712c254c532e4f60547260885.jpg","https://media.birdweather.com/species/3766/Crimson-frontedParakeet-png200-7ac02114402521892623f1f6b95ca6c2.png","1PgJHwR1hXZghIXBaJmliYSndzA49JgL",17331165818,"https://media.birdweather.com/soundscapes/19267/19267-20260924-223437.flac",3,6,"live"
11353457062,19267,"2026-09-24T15:51:32.000-06:00",0.730020940303802,0.0268344208598137,4.73425223394075,"almost_certain","BirdNET",NA,10.2198,-83.7874,FALSE,2125,"Orange-collared Manakin","Manacus aurantiacus","#60d8d9","avian","https://media.birdweather.com/species/2125/Orange-collaredManakin-standard-4ee1b97d973d30332e729d49303250f9.jpg","https://media.birdweather.com/species/2125/Orange-collaredManakin-thumbnail-de5120d09d0c54efe6e3aea49b88d1d5.jpg","https://media.birdweather.com/species/2125/Orange-collaredManakin-png200-c18cd3a9e49f696cb7680e43aad501b9.png","lekFJwSuVmh26XQ62AtGiVZ4xgiVCboC",17329859133,"https://media.birdweather.com/soundscapes/19267/19267-20260924-215126.flac",6,9,"live"
11353362039,19267,"2026-09-24T15:45:31.000-06:00",0.736068189144135,0.0268349479883909,4.75340350917157,"almost_certain","BirdNET",NA,10.2198,-83.7874,FALSE,2125,"Orange-collared Manakin","Manacus aurantiacus","#60d8d9","avian","https://media.birdweather.com/species/2125/Orange-collaredManakin-standard-4ee1b97d973d30332e729d49303250f9.jpg","https://media.birdweather.com/species/2125/Orange-collaredManakin-thumbnail-de5120d09d0c54efe6e3aea49b88d1d5.jpg","https://media.birdweather.com/species/2125/Orange-collaredManakin-png200-c18cd3a9e49f696cb7680e43aad501b9.png","lekFJwSuVmh26XQ62AtGiVZ4xgiVCboC",17329679078,"https://media.birdweather.com/soundscapes/19267/19267-20260924-214528.flac",3,6,"live"
11353362036,19267,"2026-09-24T15:45:29.500-06:00",0.988307178020477,0.0268349479883909,5.37872163710444,"almost_certain","BirdNET",NA,10.2198,-83.7874,FALSE,2125,"Orange-collared Manakin","Manacus aurantiacus","#60d8d9","avian","https://media.birdweather.com/species/2125/Orange-collaredManakin-standard-4ee1b97d973d30332e729d49303250f9.jpg","https://media.birdweather.com/species/2125/Orange-collaredManakin-thumbnail-de5120d09d0c54efe6e3aea49b88d1d5.jpg","https://media.birdweather.com/species/2125/Orange-collaredManakin-png200-c18cd3a9e49f696cb7680e43aad501b9.png","lekFJwSuVmh26XQ62AtGiVZ4xgiVCboC",17329679078,"https://media.birdweather.com/soundscapes/19267/19267-20260924-214528.flac",1.5,4.5,"live"
11353348730,19267,"2026-09-24T15:44:41.000-06:00",0.710204422473907,0.0268349479883909,4.66963759725752,"almost_certain","BirdNET",NA,10.2198,-83.7874,FALSE,2125,"Orange-collared Manakin","Manacus aurantiacus","#60d8d9","avian","https://media.birdweather.com/species/2125/Orange-collaredManakin-standard-4ee1b97d973d30332e729d49303250f9.jpg","https://media.birdweather.com/species/2125/Orange-collaredManakin-thumbnail-de5120d09d0c54efe6e3aea49b88d1d5.jpg","https://media.birdweather.com/species/2125/Orange-collaredManakin-png200-c18cd3a9e49f696cb7680e43aad501b9.png","lekFJwSuVmh26XQ62AtGiVZ4xgiVCboC",17329652943,"https://media.birdweather.com/soundscapes/19267/19267-20260924-214435.flac",6,9,"live"
11353348729,19267,"2026-09-24T15:44:39.500-06:00",0.72113972902298,0.0268349479883909,4.70568099533354,"almost_certain","BirdNET",NA,10.2198,-83.7874,FALSE,2125,"Orange-collared Manakin","Manacus aurantiacus","#60d8d9","avian","https://media.birdweather.com/species/2125/Orange-collaredManakin-standard-4ee1b97d973d30332e729d49303250f9.jpg","https://media.birdweather.com/species/2125/Orange-collaredManakin-thumbnail-de5120d09d0c54efe6e3aea49b88d1d5.jpg","https://media.birdweather.com/species/2125/Orange-collaredManakin-png200-c18cd3a9e49f696cb7680e43aad501b9.png","lekFJwSuVmh26XQ62AtGiVZ4xgiVCboC",17329652943,"https://media.birdweather.com/soundscapes/19267/19267-20260924-214435.flac",4.5,7.5,"live"
11353322376,19267,"2026-09-24T15:43:02.500-06:00",0.921682119369507,0.0268344469368458,5.23922834577018,"almost_certain","BirdNET",NA,10.2198,-83.7874,FALSE,2125,"Orange-collared Manakin","Manacus aurantiacus","#60d8d9","avian","https://media.birdweather.com/species/2125/Orange-collaredManakin-standard-4ee1b97d973d30332e729d49303250f9.jpg","https://media.birdweather.com/species/2125/Orange-collaredManakin-thumbnail-de5120d09d0c54efe6e3aea49b88d1d5.jpg","https://media.birdweather.com/species/2125/Orange-collaredManakin-png200-c18cd3a9e49f696cb7680e43aad501b9.png","lekFJwSuVmh26XQ62AtGiVZ4xgiVCboC",17329603471,"https://media.birdweather.com/soundscapes/19267/19267-20260924-214258.flac",4.5,7.5,"live"
11353318270,19267,"2026-09-24T15:42:50.500-06:00",0.781054317951202,0.552710473537445,8.62296814444467,"almost_certain","BirdNET",NA,10.2198,-83.7874,FALSE,121,"Social Flycatcher","Myiozetetes similis","#69b9ff","avian","https://media.birdweather.com/species/121/SocialFlycatcher-standard-6e107581e61c9f556b3a0af5200f486a.jpg","https://media.birdweather.com/species/121/SocialFlycatcher-thumbnail-87f640fcaf1441ecbbd56b57372185a8.jpg","https://media.birdweather.com/species/121/SocialFlycatcher-png200-2f6dd485cf927db0dd7fd9abc239fb19.png","2xkKJwIJh3ekeXh0e5Z4eYaIdyApd5AC",17329597150,"https://media.birdweather.com/soundscapes/19267/19267-20260924-214246.flac",4.5,7.5,"live"
11353318269,19267,"2026-09-24T15:42:49.000-06:00",0.735074937343597,0.552710473537445,8.48533533479181,"almost_certain","BirdNET",NA,10.2198,-83.7874,FALSE,121,"Social Flycatcher","Myiozetetes similis","#69b9ff","avian","https://media.birdweather.com/species/121/SocialFlycatcher-standard-6e107581e61c9f556b3a0af5200f486a.jpg","https://media.birdweather.com/species/121/SocialFlycatcher-thumbnail-87f640fcaf1441ecbbd56b57372185a8.jpg","https://media.birdweather.com/species/121/SocialFlycatcher-png200-2f6dd485cf927db0dd7fd9abc239fb19.png","2xkKJwIJh3ekeXh0e5Z4eYaIdyApd5AC",17329597150,"https://media.birdweather.com/soundscapes/19267/19267-20260924-214246.flac",3,6,"live"
11353285041,19267,"2026-09-24T15:41:02.000-06:00",0.801709115505219,0.0268354769796133,4.94552714884779,"almost_certain","BirdNET",NA,10.2198,-83.7874,FALSE,2125,"Orange-collared Manakin","Manacus aurantiacus","#60d8d9","avian","https://media.birdweather.com/species/2125/Orange-collaredManakin-standard-4ee1b97d973d30332e729d49303250f9.jpg","https://media.birdweather.com/species/2125/Orange-collaredManakin-thumbnail-de5120d09d0c54efe6e3aea49b88d1d5.jpg","https://media.birdweather.com/species/2125/Orange-collaredManakin-png200-c18cd3a9e49f696cb7680e43aad501b9.png","lekFJwSuVmh26XQ62AtGiVZ4xgiVCboC",17329542386,"https://media.birdweather.com/soundscapes/19267/19267-20260924-214059.flac",3,6,"live"
11353277885,19267,"2026-09-24T15:40:34.500-06:00",0.741956472396851,0.552706837654114,8.50682604677835,"almost_certain","BirdNET",NA,10.2198,-83.7874,FALSE,121,"Social Flycatcher","Myiozetetes similis","#69b9ff","avian","https://media.birdweather.com/species/121/SocialFlycatcher-standard-6e107581e61c9f556b3a0af5200f486a.jpg","https://media.birdweather.com/species/121/SocialFlycatcher-thumbnail-87f640fcaf1441ecbbd56b57372185a8.jpg","https://media.birdweather.com/species/121/SocialFlycatcher-png200-2f6dd485cf927db0dd7fd9abc239fb19.png","2xkKJwIJh3ekeXh0e5Z4eYaIdyApd5AC",17329529499,"https://media.birdweather.com/soundscapes/19267/19267-20260924-214033.flac",1.5,4.5,"live"
11353266814,19267,"2026-09-24T15:39:55.500-06:00",0.888809680938721,0.756522476673126,9.32334173728579,"almost_certain","BirdNET",NA,10.2198,-83.7874,FALSE,229,"Great Kiskadee","Pitangus sulphuratus","#7d4410","avian","https://media.birdweather.com/species/229/GreatKiskadee-standard-cd28a1b8e8b8e5aed433e809c229004e.jpg","https://media.birdweather.com/species/229/GreatKiskadee-thumbnail-b2749ed2442fb322cf3c4cb72f9c97f6.jpg","https://media.birdweather.com/species/229/GreatKiskadee-png200-003973af4f863deb00a4ce9b6f10e59c.png","0PgFDwIrhYqfZJh1mVe3SZZ3uKEJBncG",17329508841,"https://media.birdweather.com/soundscapes/19267/19267-20260924-213951.flac",4.5,7.5,"live"
11353266811,19267,"2026-09-24T15:39:54.000-06:00",0.841853320598602,0.756522476673126,9.2094842287292,"almost_certain","BirdNET",NA,10.2198,-83.7874,FALSE,229,"Great Kiskadee","Pitangus sulphuratus","#7d4410","avian","https://media.birdweather.com/species/229/GreatKiskadee-standard-cd28a1b8e8b8e5aed433e809c229004e.jpg","https://media.birdweather.com/species/229/GreatKiskadee-thumbnail-b2749ed2442fb322cf3c4cb72f9c97f6.jpg","https://media.birdweather.com/species/229/GreatKiskadee-png200-003973af4f863deb00a4ce9b6f10e59c.png","0PgFDwIrhYqfZJh1mVe3SZZ3uKEJBncG",17329508841,"https://media.birdweather.com/soundscapes/19267/19267-20260924-213951.flac",3,6,"live"
11352813240,19267,"2026-09-24T15:13:36.000-06:00",0.987390160560608,0.783953070640564,9.58358607978292,"almost_certain","BirdNET",NA,10.2198,-83.7874,FALSE,547,"Clay-colored Thrush","Turdus grayi","#6a35aa","avian","https://media.birdweather.com/species/547/Clay-coloredThrush-standard-6bfc97468790235aef16f793d0f164d2.jpg","https://media.birdweather.com/species/547/Clay-coloredThrush-thumbnail-a430288208e6c65f3790075ad1f1192e.jpg","https://media.birdweather.com/species/547/Clay-coloredThrush-png200-1247890112c02c6395175d20c306cf45.png","m/gFDwZ7toiKZoh0hQl26Wx8OeevSGcA",17328701311,"https://media.birdweather.com/soundscapes/19267/19267-20260924-211330.flac",6,9,"live"
11352813233,19267,"2026-09-24T15:13:34.500-06:00",0.974132776260376,0.783953070640564,9.55690538267918,"almost_certain","BirdNET",NA,10.2198,-83.7874,FALSE,547,"Clay-colored Thrush","Turdus grayi","#6a35aa","avian","https://media.birdweather.com/species/547/Clay-coloredThrush-standard-6bfc97468790235aef16f793d0f164d2.jpg","https://media.birdweather.com/species/547/Clay-coloredThrush-thumbnail-a430288208e6c65f3790075ad1f1192e.jpg","https://media.birdweather.com/species/547/Clay-coloredThrush-png200-1247890112c02c6395175d20c306cf45.png","m/gFDwZ7toiKZoh0hQl26Wx8OeevSGcA",17328701311,"https://media.birdweather.com/soundscapes/19267/19267-20260924-211330.flac",4.5,7.5,"live"
11352813228,19267,"2026-09-24T15:13:33.000-06:00",0.967395424842834,0.783953070640564,9.54314458505061,"almost_certain","BirdNET",NA,10.2198,-83.7874,FALSE,547,"Clay-colored Thrush","Turdus grayi","#6a35aa","avian","https://media.birdweather.com/species/547/Clay-coloredThrush-standard-6bfc97468790235aef16f793d0f164d2.jpg","https://media.birdweather.com/species/547/Clay-coloredThrush-thumbnail-a430288208e6c65f3790075ad1f1192e.jpg","https://media.birdweather.com/species/547/Clay-coloredThrush-png200-1247890112c02c6395175d20c306cf45.png","m/gFDwZ7toiKZoh0hQl26Wx8OeevSGcA",17328701311,"https://media.birdweather.com/soundscapes/19267/19267-20260924-211330.flac",3,6,"live"
11352813225,19267,"2026-09-24T15:13:31.500-06:00",0.830174267292023,0.783953070640564,9.22780216028161,"almost_certain","BirdNET",NA,10.2198,-83.7874,FALSE,547,"Clay-colored Thrush","Turdus grayi","#6a35aa","avian","https://media.birdweather.com/species/547/Clay-coloredThrush-standard-6bfc97468790235aef16f793d0f164d2.jpg","https://media.birdweather.com/species/547/Clay-coloredThrush-thumbnail-a430288208e6c65f3790075ad1f1192e.jpg","https://media.birdweather.com/species/547/Clay-coloredThrush-png200-1247890112c02c6395175d20c306cf45.png","m/gFDwZ7toiKZoh0hQl26Wx8OeevSGcA",17328701311,"https://media.birdweather.com/soundscapes/19267/19267-20260924-211330.flac",1.5,4.5,"live"
11352813219,19267,"2026-09-24T15:13:30.000-06:00",0.976633608341217,0.783953070640564,9.56197827152874,"almost_certain","BirdNET",NA,10.2198,-83.7874,FALSE,547,"Clay-colored Thrush","Turdus grayi","#6a35aa","avian","https://media.birdweather.com/species/547/Clay-coloredThrush-standard-6bfc97468790235aef16f793d0f164d2.jpg","https://media.birdweather.com/species/547/Clay-coloredThrush-thumbnail-a430288208e6c65f3790075ad1f1192e.jpg","https://media.birdweather.com/species/547/Clay-coloredThrush-png200-1247890112c02c6395175d20c306cf45.png","m/gFDwZ7toiKZoh0hQl26Wx8OeevSGcA",17328701311,"https://media.birdweather.com/soundscapes/19267/19267-20260924-211330.flac",0,3,"live"
11352806339,19267,"2026-09-24T15:13:09.000-06:00",0.903684616088867,0.783957183361053,9.40569847429592,"almost_certain","BirdNET",NA,10.2198,-83.7874,FALSE,547,"Clay-colored Thrush","Turdus grayi","#6a35aa","avian","https://media.birdweather.com/species/547/Clay-coloredThrush-standard-6bfc97468790235aef16f793d0f164d2.jpg","https://media.birdweather.com/species/547/Clay-coloredThrush-thumbnail-a430288208e6c65f3790075ad1f1192e.jpg","https://media.birdweather.com/species/547/Clay-coloredThrush-png200-1247890112c02c6395175d20c306cf45.png","m/gFDwZ7toiKZoh0hQl26Wx8OeevSGcA",17328688142,"https://media.birdweather.com/soundscapes/19267/19267-20260924-211303.flac",6,9,"live"
11352806337,19267,"2026-09-24T15:13:07.500-06:00",0.827555179595947,0.783957183361053,9.2210246155776,"almost_certain","BirdNET",NA,10.2198,-83.7874,FALSE,547,"Clay-colored Thrush","Turdus grayi","#6a35aa","avian","https://media.birdweather.com/species/547/Clay-coloredThrush-standard-6bfc97468790235aef16f793d0f164d2.jpg","https://media.birdweather.com/species/547/Clay-coloredThrush-thumbnail-a430288208e6c65f3790075ad1f1192e.jpg","https://media.birdweather.com/species/547/Clay-coloredThrush-png200-1247890112c02c6395175d20c306cf45.png","m/gFDwZ7toiKZoh0hQl26Wx8OeevSGcA",17328688142,"https://media.birdweather.com/soundscapes/19267/19267-20260924-211303.flac",4.5,7.5,"live"
11352806332,19267,"2026-09-24T15:13:03.000-06:00",0.959063351154327,0.783957183361053,9.52594030462641,"almost_certain","BirdNET",NA,10.2198,-83.7874,FALSE,547,"Clay-colored Thrush","Turdus grayi","#6a35aa","avian","https://media.birdweather.com/species/547/Clay-coloredThrush-standard-6bfc97468790235aef16f793d0f164d2.jpg","https://media.birdweather.com/species/547/Clay-coloredThrush-thumbnail-a430288208e6c65f3790075ad1f1192e.jpg","https://media.birdweather.com/species/547/Clay-coloredThrush-png200-1247890112c02c6395175d20c306cf45.png","m/gFDwZ7toiKZoh0hQl26Wx8OeevSGcA",17328688142,"https://media.birdweather.com/soundscapes/19267/19267-20260924-211303.flac",0,3,"live"
11352802217,19267,"2026-09-24T15:12:51.000-06:00",0.745608448982239,0.783957183361053,8.98975105710478,"almost_certain","BirdNET",NA,10.2198,-83.7874,FALSE,547,"Clay-colored Thrush","Turdus grayi","#6a35aa","avian","https://media.birdweather.com/species/547/Clay-coloredThrush-standard-6bfc97468790235aef16f793d0f164d2.jpg","https://media.birdweather.com/species/547/Clay-coloredThrush-thumbnail-a430288208e6c65f3790075ad1f1192e.jpg","https://media.birdweather.com/species/547/Clay-coloredThrush-png200-1247890112c02c6395175d20c306cf45.png","m/gFDwZ7toiKZoh0hQl26Wx8OeevSGcA",17328680419,"https://media.birdweather.com/soundscapes/19267/19267-20260924-211248.flac",3,6,"live"
11352787768,19267,"2026-09-24T15:12:00.000-06:00",0.702016711235046,0.78395676612854,8.84871295900141,"almost_certain","BirdNET",NA,10.2198,-83.7874,FALSE,547,"Clay-colored Thrush","Turdus grayi","#6a35aa","avian","https://media.birdweather.com/species/547/Clay-coloredThrush-standard-6bfc97468790235aef16f793d0f164d2.jpg","https://media.birdweather.com/species/547/Clay-coloredThrush-thumbnail-a430288208e6c65f3790075ad1f1192e.jpg","https://media.birdweather.com/species/547/Clay-coloredThrush-png200-1247890112c02c6395175d20c306cf45.png","m/gFDwZ7toiKZoh0hQl26Wx8OeevSGcA",17328653400,"https://media.birdweather.com/soundscapes/19267/19267-20260924-211154.flac",6,9,"live"
11352783846,19267,"2026-09-24T15:11:47.000-06:00",0.961911261081696,0.783956587314606,9.5318464943426,"almost_certain","BirdNET",NA,10.2198,-83.7874,FALSE,547,"Clay-colored Thrush","Turdus grayi","#6a35aa","avian","https://media.birdweather.com/species/547/Clay-coloredThrush-standard-6bfc97468790235aef16f793d0f164d2.jpg","https://media.birdweather.com/species/547/Clay-coloredThrush-thumbnail-a430288208e6c65f3790075ad1f1192e.jpg","https://media.birdweather.com/species/547/Clay-coloredThrush-png200-1247890112c02c6395175d20c306cf45.png","m/gFDwZ7toiKZoh0hQl26Wx8OeevSGcA",17328646156,"https://media.birdweather.com/soundscapes/19267/19267-20260924-211141.flac",6,9,"live"
11352783836,19267,"2026-09-24T15:11:41.000-06:00",0.911596417427063,0.783956587314606,9.42353582337806,"almost_certain","BirdNET",NA,10.2198,-83.7874,FALSE,547,"Clay-colored Thrush","Turdus grayi","#6a35aa","avian","https://media.birdweather.com/species/547/Clay-coloredThrush-standard-6bfc97468790235aef16f793d0f164d2.jpg","https://media.birdweather.com/species/547/Clay-coloredThrush-thumbnail-a430288208e6c65f3790075ad1f1192e.jpg","https://media.birdweather.com/species/547/Clay-coloredThrush-png200-1247890112c02c6395175d20c306cf45.png","m/gFDwZ7toiKZoh0hQl26Wx8OeevSGcA",17328646156,"https://media.birdweather.com/soundscapes/19267/19267-20260924-211141.flac",0,3,"live"
11352776735,19267,"2026-09-24T15:11:18.500-06:00",0.8528813123703,0.783955931663513,9.28526160191964,"almost_certain","BirdNET",NA,10.2198,-83.7874,FALSE,547,"Clay-colored Thrush","Turdus grayi","#6a35aa","avian","https://media.birdweather.com/species/547/Clay-coloredThrush-standard-6bfc97468790235aef16f793d0f164d2.jpg","https://media.birdweather.com/species/547/Clay-coloredThrush-thumbnail-a430288208e6c65f3790075ad1f1192e.jpg","https://media.birdweather.com/species/547/Clay-coloredThrush-png200-1247890112c02c6395175d20c306cf45.png","m/gFDwZ7toiKZoh0hQl26Wx8OeevSGcA",17328632887,"https://media.birdweather.com/soundscapes/19267/19267-20260924-211114.flac",4.5,7.5,"live"
11352776731,19267,"2026-09-24T15:11:15.500-06:00",0.944398880004883,0.783955931663513,9.49511074881741,"almost_certain","BirdNET",NA,10.2198,-83.7874,FALSE,547,"Clay-colored Thrush","Turdus grayi","#6a35aa","avian","https://media.birdweather.com/species/547/Clay-coloredThrush-standard-6bfc97468790235aef16f793d0f164d2.jpg","https://media.birdweather.com/species/547/Clay-coloredThrush-thumbnail-a430288208e6c65f3790075ad1f1192e.jpg","https://media.birdweather.com/species/547/Clay-coloredThrush-png200-1247890112c02c6395175d20c306cf45.png","m/gFDwZ7toiKZoh0hQl26Wx8OeevSGcA",17328632887,"https://media.birdweather.com/soundscapes/19267/19267-20260924-211114.flac",1.5,4.5,"live"
11352776728,19267,"2026-09-24T15:11:14.000-06:00",0.897082030773163,0.783955931663513,9.39062988489296,"almost_certain","BirdNET",NA,10.2198,-83.7874,FALSE,547,"Clay-colored Thrush","Turdus grayi","#6a35aa","avian","https://media.birdweather.com/species/547/Clay-coloredThrush-standard-6bfc97468790235aef16f793d0f164d2.jpg","https://media.birdweather.com/species/547/Clay-coloredThrush-thumbnail-a430288208e6c65f3790075ad1f1192e.jpg","https://media.birdweather.com/species/547/Clay-coloredThrush-png200-1247890112c02c6395175d20c306cf45.png","m/gFDwZ7toiKZoh0hQl26Wx8OeevSGcA",17328632887,"https://media.birdweather.com/soundscapes/19267/19267-20260924-211114.flac",0,3,"live"
11352773321,19267,"2026-09-24T15:11:07.000-06:00",0.858015298843384,0.783956706523895,9.29792588432714,"almost_certain","BirdNET",NA,10.2198,-83.7874,FALSE,547,"Clay-colored Thrush","Turdus grayi","#6a35aa","avian","https://media.birdweather.com/species/547/Clay-coloredThrush-standard-6bfc97468790235aef16f793d0f164d2.jpg","https://media.birdweather.com/species/547/Clay-coloredThrush-thumbnail-a430288208e6c65f3790075ad1f1192e.jpg","https://media.birdweather.com/species/547/Clay-coloredThrush-png200-1247890112c02c6395175d20c306cf45.png","m/gFDwZ7toiKZoh0hQl26Wx8OeevSGcA",17328626412,"https://media.birdweather.com/soundscapes/19267/19267-20260924-211101.flac",6,9,"live"
11352755323,19267,"2026-09-24T15:09:58.500-06:00",0.710590243339539,0.218182921409607,7.16939527619656,"almost_certain","BirdNET",NA,10.2198,-83.7874,FALSE,3766,"Crimson-fronted Parakeet","Psittacara finschi","#65ad00","avian","https://media.birdweather.com/species/3766/Crimson-frontedParakeet-standard-ddc77fa728634b78b78a31cc430f7895.jpg","https://media.birdweather.com/species/3766/Crimson-frontedParakeet-thumbnail-df6cfd5712c254c532e4f60547260885.jpg","https://media.birdweather.com/species/3766/Crimson-frontedParakeet-png200-7ac02114402521892623f1f6b95ca6c2.png","1PgJHwR1hXZghIXBaJmliYSndzA49JgL",17328592848,"https://media.birdweather.com/soundscapes/19267/19267-20260924-210954.flac",4.5,7.5,"live"
11352660946,19267,"2026-09-24T15:04:00.000-06:00",0.879133284091949,0.218179911375046,7.64057076489536,"almost_certain","BirdNET",NA,10.2198,-83.7874,FALSE,3766,"Crimson-fronted Parakeet","Psittacara finschi","#65ad00","avian","https://media.birdweather.com/species/3766/Crimson-frontedParakeet-standard-ddc77fa728634b78b78a31cc430f7895.jpg","https://media.birdweather.com/species/3766/Crimson-frontedParakeet-thumbnail-df6cfd5712c254c532e4f60547260885.jpg","https://media.birdweather.com/species/3766/Crimson-frontedParakeet-png200-7ac02114402521892623f1f6b95ca6c2.png","1PgJHwR1hXZghIXBaJmliYSndzA49JgL",17328415242,"https://media.birdweather.com/soundscapes/19267/19267-20260924-210357.flac",3,6,"live"
11352660942,19267,"2026-09-24T15:03:58.500-06:00",0.723175346851349,0.218179911375046,7.21073871281484,"almost_certain","BirdNET",NA,10.2198,-83.7874,FALSE,3766,"Crimson-fronted Parakeet","Psittacara finschi","#65ad00","avian","https://media.birdweather.com/species/3766/Crimson-frontedParakeet-standard-ddc77fa728634b78b78a31cc430f7895.jpg","https://media.birdweather.com/species/3766/Crimson-frontedParakeet-thumbnail-df6cfd5712c254c532e4f60547260885.jpg","https://media.birdweather.com/species/3766/Crimson-frontedParakeet-png200-7ac02114402521892623f1f6b95ca6c2.png","1PgJHwR1hXZghIXBaJmliYSndzA49JgL",17328415242,"https://media.birdweather.com/soundscapes/19267/19267-20260924-210357.flac",1.5,4.5,"live"
11352558335,19267,"2026-09-24T14:57:26.500-06:00",0.896448493003845,0.218179911375046,7.680931295043,"almost_certain","BirdNET",NA,10.2198,-83.7874,FALSE,3766,"Crimson-fronted Parakeet","Psittacara finschi","#65ad00","avian","https://media.birdweather.com/species/3766/Crimson-frontedParakeet-standard-ddc77fa728634b78b78a31cc430f7895.jpg","https://media.birdweather.com/species/3766/Crimson-frontedParakeet-thumbnail-df6cfd5712c254c532e4f60547260885.jpg","https://media.birdweather.com/species/3766/Crimson-frontedParakeet-png200-7ac02114402521892623f1f6b95ca6c2.png","1PgJHwR1hXZghIXBaJmliYSndzA49JgL",17328220493,"https://media.birdweather.com/soundscapes/19267/19267-20260924-205725.flac",1.5,4.5,"live"
11352558326,19267,"2026-09-24T14:57:25.000-06:00",0.781774044036865,0.218179911375046,7.38841208264167,"almost_certain","BirdNET",NA,10.2198,-83.7874,FALSE,3766,"Crimson-fronted Parakeet","Psittacara finschi","#65ad00","avian","https://media.birdweather.com/species/3766/Crimson-frontedParakeet-standard-ddc77fa728634b78b78a31cc430f7895.jpg","https://media.birdweather.com/species/3766/Crimson-frontedParakeet-thumbnail-df6cfd5712c254c532e4f60547260885.jpg","https://media.birdweather.com/species/3766/Crimson-frontedParakeet-png200-7ac02114402521892623f1f6b95ca6c2.png","1PgJHwR1hXZghIXBaJmliYSndzA49JgL",17328220493,"https://media.birdweather.com/soundscapes/19267/19267-20260924-205725.flac",0,3,"live"
11352544751,19267,"2026-09-24T14:56:35.000-06:00",0.865087747573853,0.218179911375046,7.60693504055861,"almost_certain","BirdNET",NA,10.2198,-83.7874,FALSE,3766,"Crimson-fronted Parakeet","Psittacara finschi","#65ad00","avian","https://media.birdweather.com/species/3766/Crimson-frontedParakeet-standard-ddc77fa728634b78b78a31cc430f7895.jpg","https://media.birdweather.com/species/3766/Crimson-frontedParakeet-thumbnail-df6cfd5712c254c532e4f60547260885.jpg","https://media.birdweather.com/species/3766/Crimson-frontedParakeet-png200-7ac02114402521892623f1f6b95ca6c2.png","1PgJHwR1hXZghIXBaJmliYSndzA49JgL",17328194218,"https://media.birdweather.com/soundscapes/19267/19267-20260924-205632.flac",3,6,"live"
11351681265,19267,"2026-09-24T14:02:33.000-06:00",0.821593225002289,0.783956229686737,9.20545231156723,"almost_certain","BirdNET",NA,10.2198,-83.7874,FALSE,547,"Clay-colored Thrush","Turdus grayi","#6a35aa","avian","https://media.birdweather.com/species/547/Clay-coloredThrush-standard-6bfc97468790235aef16f793d0f164d2.jpg","https://media.birdweather.com/species/547/Clay-coloredThrush-thumbnail-a430288208e6c65f3790075ad1f1192e.jpg","https://media.birdweather.com/species/547/Clay-coloredThrush-png200-1247890112c02c6395175d20c306cf45.png","m/gFDwZ7toiKZoh0hQl26Wx8OeevSGcA",17326536848,"https://media.birdweather.com/soundscapes/19267/19267-20260924-200230.flac",3,6,"live"
11351681262,19267,"2026-09-24T14:02:31.500-06:00",0.731713831424713,0.783956229686737,8.94635095173778,"almost_certain","BirdNET",NA,10.2198,-83.7874,FALSE,547,"Clay-colored Thrush","Turdus grayi","#6a35aa","avian","https://media.birdweather.com/species/547/Clay-coloredThrush-standard-6bfc97468790235aef16f793d0f164d2.jpg","https://media.birdweather.com/species/547/Clay-coloredThrush-thumbnail-a430288208e6c65f3790075ad1f1192e.jpg","https://media.birdweather.com/species/547/Clay-coloredThrush-png200-1247890112c02c6395175d20c306cf45.png","m/gFDwZ7toiKZoh0hQl26Wx8OeevSGcA",17326536848,"https://media.birdweather.com/soundscapes/19267/19267-20260924-200230.flac",1.5,4.5,"live"
11351591607,19267,"2026-09-24T13:57:17.000-06:00",0.930613815784454,0.783956229686737,9.46548603037983,"almost_certain","BirdNET",NA,10.2198,-83.7874,FALSE,547,"Clay-colored Thrush","Turdus grayi","#6a35aa","avian","https://media.birdweather.com/species/547/Clay-coloredThrush-standard-6bfc97468790235aef16f793d0f164d2.jpg","https://media.birdweather.com/species/547/Clay-coloredThrush-thumbnail-a430288208e6c65f3790075ad1f1192e.jpg","https://media.birdweather.com/species/547/Clay-coloredThrush-png200-1247890112c02c6395175d20c306cf45.png","m/gFDwZ7toiKZoh0hQl26Wx8OeevSGcA",17326373866,"https://media.birdweather.com/soundscapes/19267/19267-20260924-195711.flac",6,9,"live"
11351591601,19267,"2026-09-24T13:57:15.500-06:00",0.785707354545593,0.783956229686737,9.10779634111353,"almost_certain","BirdNET",NA,10.2198,-83.7874,FALSE,547,"Clay-colored Thrush","Turdus grayi","#6a35aa","avian","https://media.birdweather.com/species/547/Clay-coloredThrush-standard-6bfc97468790235aef16f793d0f164d2.jpg","https://media.birdweather.com/species/547/Clay-coloredThrush-thumbnail-a430288208e6c65f3790075ad1f1192e.jpg","https://media.birdweather.com/species/547/Clay-coloredThrush-png200-1247890112c02c6395175d20c306cf45.png","m/gFDwZ7toiKZoh0hQl26Wx8OeevSGcA",17326373866,"https://media.birdweather.com/soundscapes/19267/19267-20260924-195711.flac",4.5,7.5,"live"
11351591599,19267,"2026-09-24T13:57:14.000-06:00",0.952275574207306,0.783956229686737,9.51175569337172,"almost_certain","BirdNET",NA,10.2198,-83.7874,FALSE,547,"Clay-colored Thrush","Turdus grayi","#6a35aa","avian","https://media.birdweather.com/species/547/Clay-coloredThrush-standard-6bfc97468790235aef16f793d0f164d2.jpg","https://media.birdweather.com/species/547/Clay-coloredThrush-thumbnail-a430288208e6c65f3790075ad1f1192e.jpg","https://media.birdweather.com/species/547/Clay-coloredThrush-png200-1247890112c02c6395175d20c306cf45.png","m/gFDwZ7toiKZoh0hQl26Wx8OeevSGcA",17326373866,"https://media.birdweather.com/soundscapes/19267/19267-20260924-195711.flac",3,6,"live"
11351591597,19267,"2026-09-24T13:57:12.500-06:00",0.980003416538239,0.783956229686737,9.56878973869935,"almost_certain","BirdNET",NA,10.2198,-83.7874,FALSE,547,"Clay-colored Thrush","Turdus grayi","#6a35aa","avian","https://media.birdweather.com/species/547/Clay-coloredThrush-standard-6bfc97468790235aef16f793d0f164d2.jpg","https://media.birdweather.com/species/547/Clay-coloredThrush-thumbnail-a430288208e6c65f3790075ad1f1192e.jpg","https://media.birdweather.com/species/547/Clay-coloredThrush-png200-1247890112c02c6395175d20c306cf45.png","m/gFDwZ7toiKZoh0hQl26Wx8OeevSGcA",17326373866,"https://media.birdweather.com/soundscapes/19267/19267-20260924-195711.flac",1.5,4.5,"live"
11351591592,19267,"2026-09-24T13:57:11.000-06:00",0.859990835189819,0.783956229686737,9.30276669437589,"almost_certain","BirdNET",NA,10.2198,-83.7874,FALSE,547,"Clay-colored Thrush","Turdus grayi","#6a35aa","avian","https://media.birdweather.com/species/547/Clay-coloredThrush-standard-6bfc97468790235aef16f793d0f164d2.jpg","https://media.birdweather.com/species/547/Clay-coloredThrush-thumbnail-a430288208e6c65f3790075ad1f1192e.jpg","https://media.birdweather.com/species/547/Clay-coloredThrush-png200-1247890112c02c6395175d20c306cf45.png","m/gFDwZ7toiKZoh0hQl26Wx8OeevSGcA",17326373866,"https://media.birdweather.com/soundscapes/19267/19267-20260924-195711.flac",0,3,"live"
11351588167,19267,"2026-09-24T13:57:00.000-06:00",0.943395972251892,0.783956229686737,9.49297740782324,"almost_certain","BirdNET",NA,10.2198,-83.7874,FALSE,547,"Clay-colored Thrush","Turdus grayi","#6a35aa","avian","https://media.birdweather.com/species/547/Clay-coloredThrush-standard-6bfc97468790235aef16f793d0f164d2.jpg","https://media.birdweather.com/species/547/Clay-coloredThrush-thumbnail-a430288208e6c65f3790075ad1f1192e.jpg","https://media.birdweather.com/species/547/Clay-coloredThrush-png200-1247890112c02c6395175d20c306cf45.png","m/gFDwZ7toiKZoh0hQl26Wx8OeevSGcA",17326367401,"https://media.birdweather.com/soundscapes/19267/19267-20260924-195657.flac",3,6,"live"
11351588162,19267,"2026-09-24T13:56:58.500-06:00",0.94526618719101,0.783956229686737,9.49695392912741,"almost_certain","BirdNET",NA,10.2198,-83.7874,FALSE,547,"Clay-colored Thrush","Turdus grayi","#6a35aa","avian","https://media.birdweather.com/species/547/Clay-coloredThrush-standard-6bfc97468790235aef16f793d0f164d2.jpg","https://media.birdweather.com/species/547/Clay-coloredThrush-thumbnail-a430288208e6c65f3790075ad1f1192e.jpg","https://media.birdweather.com/species/547/Clay-coloredThrush-png200-1247890112c02c6395175d20c306cf45.png","m/gFDwZ7toiKZoh0hQl26Wx8OeevSGcA",17326367401,"https://media.birdweather.com/soundscapes/19267/19267-20260924-195657.flac",1.5,4.5,"live"
11351588157,19267,"2026-09-24T13:56:57.000-06:00",0.811581611633301,0.783956229686737,9.17890048479738,"almost_certain","BirdNET",NA,10.2198,-83.7874,FALSE,547,"Clay-colored Thrush","Turdus grayi","#6a35aa","avian","https://media.birdweather.com/species/547/Clay-coloredThrush-standard-6bfc97468790235aef16f793d0f164d2.jpg","https://media.birdweather.com/species/547/Clay-coloredThrush-thumbnail-a430288208e6c65f3790075ad1f1192e.jpg","https://media.birdweather.com/species/547/Clay-coloredThrush-png200-1247890112c02c6395175d20c306cf45.png","m/gFDwZ7toiKZoh0hQl26Wx8OeevSGcA",17326367401,"https://media.birdweather.com/soundscapes/19267/19267-20260924-195657.flac",0,3,"live"
11351583995,19267,"2026-09-24T13:56:49.000-06:00",0.711054921150208,0.783956229686737,8.87917148403379,"almost_certain","BirdNET",NA,10.2198,-83.7874,FALSE,547,"Clay-colored Thrush","Turdus grayi","#6a35aa","avian","https://media.birdweather.com/species/547/Clay-coloredThrush-standard-6bfc97468790235aef16f793d0f164d2.jpg","https://media.birdweather.com/species/547/Clay-coloredThrush-thumbnail-a430288208e6c65f3790075ad1f1192e.jpg","https://media.birdweather.com/species/547/Clay-coloredThrush-png200-1247890112c02c6395175d20c306cf45.png","m/gFDwZ7toiKZoh0hQl26Wx8OeevSGcA",17326359382,"https://media.birdweather.com/soundscapes/19267/19267-20260924-195643.flac",6,9,"live"
11351583994,19267,"2026-09-24T13:56:47.500-06:00",0.738451957702637,0.783956229686737,8.96756855792201,"almost_certain","BirdNET",NA,10.2198,-83.7874,FALSE,547,"Clay-colored Thrush","Turdus grayi","#6a35aa","avian","https://media.birdweather.com/species/547/Clay-coloredThrush-standard-6bfc97468790235aef16f793d0f164d2.jpg","https://media.birdweather.com/species/547/Clay-coloredThrush-thumbnail-a430288208e6c65f3790075ad1f1192e.jpg","https://media.birdweather.com/species/547/Clay-coloredThrush-png200-1247890112c02c6395175d20c306cf45.png","m/gFDwZ7toiKZoh0hQl26Wx8OeevSGcA",17326359382,"https://media.birdweather.com/soundscapes/19267/19267-20260924-195643.flac",4.5,7.5,"live"
11351583983,19267,"2026-09-24T13:56:43.000-06:00",0.951922655105591,0.783956229686737,9.51101424292303,"almost_certain","BirdNET",NA,10.2198,-83.7874,FALSE,547,"Clay-colored Thrush","Turdus grayi","#6a35aa","avian","https://media.birdweather.com/species/547/Clay-coloredThrush-standard-6bfc97468790235aef16f793d0f164d2.jpg","https://media.birdweather.com/species/547/Clay-coloredThrush-thumbnail-a430288208e6c65f3790075ad1f1192e.jpg","https://media.birdweather.com/species/547/Clay-coloredThrush-png200-1247890112c02c6395175d20c306cf45.png","m/gFDwZ7toiKZoh0hQl26Wx8OeevSGcA",17326359382,"https://media.birdweather.com/soundscapes/19267/19267-20260924-195643.flac",0,3,"live"
11351580651,19267,"2026-09-24T13:56:34.000-06:00",0.729001104831696,0.783956229686737,8.93771522908109,"almost_certain","BirdNET",NA,10.2198,-83.7874,FALSE,547,"Clay-colored Thrush","Turdus grayi","#6a35aa","avian","https://media.birdweather.com/species/547/Clay-coloredThrush-standard-6bfc97468790235aef16f793d0f164d2.jpg","https://media.birdweather.com/species/547/Clay-coloredThrush-thumbnail-a430288208e6c65f3790075ad1f1192e.jpg","https://media.birdweather.com/species/547/Clay-coloredThrush-png200-1247890112c02c6395175d20c306cf45.png","m/gFDwZ7toiKZoh0hQl26Wx8OeevSGcA",17326353076,"https://media.birdweather.com/soundscapes/19267/19267-20260924-195628.flac",6,9,"live"
11351580648,19267,"2026-09-24T13:56:32.500-06:00",0.885377764701843,0.783956229686737,9.36350834682181,"almost_certain","BirdNET",NA,10.2198,-83.7874,FALSE,547,"Clay-colored Thrush","Turdus grayi","#6a35aa","avian","https://media.birdweather.com/species/547/Clay-coloredThrush-standard-6bfc97468790235aef16f793d0f164d2.jpg","https://media.birdweather.com/species/547/Clay-coloredThrush-thumbnail-a430288208e6c65f3790075ad1f1192e.jpg","https://media.birdweather.com/species/547/Clay-coloredThrush-png200-1247890112c02c6395175d20c306cf45.png","m/gFDwZ7toiKZoh0hQl26Wx8OeevSGcA",17326353076,"https://media.birdweather.com/soundscapes/19267/19267-20260924-195628.flac",4.5,7.5,"live"
11351580645,19267,"2026-09-24T13:56:31.000-06:00",0.75375908613205,0.783956229686737,9.01458170348331,"almost_certain","BirdNET",NA,10.2198,-83.7874,FALSE,547,"Clay-colored Thrush","Turdus grayi","#6a35aa","avian","https://media.birdweather.com/species/547/Clay-coloredThrush-standard-6bfc97468790235aef16f793d0f164d2.jpg","https://media.birdweather.com/species/547/Clay-coloredThrush-thumbnail-a430288208e6c65f3790075ad1f1192e.jpg","https://media.birdweather.com/species/547/Clay-coloredThrush-png200-1247890112c02c6395175d20c306cf45.png","m/gFDwZ7toiKZoh0hQl26Wx8OeevSGcA",17326353076,"https://media.birdweather.com/soundscapes/19267/19267-20260924-195628.flac",3,6,"live"
11351580641,19267,"2026-09-24T13:56:28.000-06:00",0.908128499984741,0.783956229686737,9.41574482726703,"almost_certain","BirdNET",NA,10.2198,-83.7874,FALSE,547,"Clay-colored Thrush","Turdus grayi","#6a35aa","avian","https://media.birdweather.com/species/547/Clay-coloredThrush-standard-6bfc97468790235aef16f793d0f164d2.jpg","https://media.birdweather.com/species/547/Clay-coloredThrush-thumbnail-a430288208e6c65f3790075ad1f1192e.jpg","https://media.birdweather.com/species/547/Clay-coloredThrush-png200-1247890112c02c6395175d20c306cf45.png","m/gFDwZ7toiKZoh0hQl26Wx8OeevSGcA",17326353076,"https://media.birdweather.com/soundscapes/19267/19267-20260924-195628.flac",0,3,"live"
11351576660,19267,"2026-09-24T13:56:20.000-06:00",0.763184010982513,0.783956229686737,9.04274615957435,"almost_certain","BirdNET",NA,10.2198,-83.7874,FALSE,547,"Clay-colored Thrush","Turdus grayi","#6a35aa","avian","https://media.birdweather.com/species/547/Clay-coloredThrush-standard-6bfc97468790235aef16f793d0f164d2.jpg","https://media.birdweather.com/species/547/Clay-coloredThrush-thumbnail-a430288208e6c65f3790075ad1f1192e.jpg","https://media.birdweather.com/species/547/Clay-coloredThrush-png200-1247890112c02c6395175d20c306cf45.png","m/gFDwZ7toiKZoh0hQl26Wx8OeevSGcA",17326345441,"https://media.birdweather.com/soundscapes/19267/19267-20260924-195614.flac",6,9,"live"
11351576655,19267,"2026-09-24T13:56:17.000-06:00",0.832879483699799,0.783956229686737,9.23478026813254,"almost_certain","BirdNET",NA,10.2198,-83.7874,FALSE,547,"Clay-colored Thrush","Turdus grayi","#6a35aa","avian","https://media.birdweather.com/species/547/Clay-coloredThrush-standard-6bfc97468790235aef16f793d0f164d2.jpg","https://media.birdweather.com/species/547/Clay-coloredThrush-thumbnail-a430288208e6c65f3790075ad1f1192e.jpg","https://media.birdweather.com/species/547/Clay-coloredThrush-png200-1247890112c02c6395175d20c306cf45.png","m/gFDwZ7toiKZoh0hQl26Wx8OeevSGcA",17326345441,"https://media.birdweather.com/soundscapes/19267/19267-20260924-195614.flac",3,6,"live"
11351576653,19267,"2026-09-24T13:56:15.500-06:00",0.833811640739441,0.783956229686737,9.2371746922355,"almost_certain","BirdNET",NA,10.2198,-83.7874,FALSE,547,"Clay-colored Thrush","Turdus grayi","#6a35aa","avian","https://media.birdweather.com/species/547/Clay-coloredThrush-standard-6bfc97468790235aef16f793d0f164d2.jpg","https://media.birdweather.com/species/547/Clay-coloredThrush-thumbnail-a430288208e6c65f3790075ad1f1192e.jpg","https://media.birdweather.com/species/547/Clay-coloredThrush-png200-1247890112c02c6395175d20c306cf45.png","m/gFDwZ7toiKZoh0hQl26Wx8OeevSGcA",17326345441,"https://media.birdweather.com/soundscapes/19267/19267-20260924-195614.flac",1.5,4.5,"live"
11351572699,19267,"2026-09-24T13:56:06.000-06:00",0.864301800727844,0.783956229686737,9.31327294789575,"almost_certain","BirdNET",NA,10.2198,-83.7874,FALSE,547,"Clay-colored Thrush","Turdus grayi","#6a35aa","avian","https://media.birdweather.com/species/547/Clay-coloredThrush-standard-6bfc97468790235aef16f793d0f164d2.jpg","https://media.birdweather.com/species/547/Clay-coloredThrush-thumbnail-a430288208e6c65f3790075ad1f1192e.jpg","https://media.birdweather.com/species/547/Clay-coloredThrush-png200-1247890112c02c6395175d20c306cf45.png","m/gFDwZ7toiKZoh0hQl26Wx8OeevSGcA",17326337712,"https://media.birdweather.com/soundscapes/19267/19267-20260924-195600.flac",6,9,"live"
11351572692,19267,"2026-09-24T13:56:04.500-06:00",0.824475944042206,0.783956229686737,9.21300312216172,"almost_certain","BirdNET",NA,10.2198,-83.7874,FALSE,547,"Clay-colored Thrush","Turdus grayi","#6a35aa","avian","https://media.birdweather.com/species/547/Clay-coloredThrush-standard-6bfc97468790235aef16f793d0f164d2.jpg","https://media.birdweather.com/species/547/Clay-coloredThrush-thumbnail-a430288208e6c65f3790075ad1f1192e.jpg","https://media.birdweather.com/species/547/Clay-coloredThrush-png200-1247890112c02c6395175d20c306cf45.png","m/gFDwZ7toiKZoh0hQl26Wx8OeevSGcA",17326337712,"https://media.birdweather.com/soundscapes/19267/19267-20260924-195600.flac",4.5,7.5,"live"
11351572689,19267,"2026-09-24T13:56:03.000-06:00",0.856565654277802,0.783956229686737,9.29436136493102,"almost_certain","BirdNET",NA,10.2198,-83.7874,FALSE,547,"Clay-colored Thrush","Turdus grayi","#6a35aa","avian","https://media.birdweather.com/species/547/Clay-coloredThrush-standard-6bfc97468790235aef16f793d0f164d2.jpg","https://media.birdweather.com/species/547/Clay-coloredThrush-thumbnail-a430288208e6c65f3790075ad1f1192e.jpg","https://media.birdweather.com/species/547/Clay-coloredThrush-png200-1247890112c02c6395175d20c306cf45.png","m/gFDwZ7toiKZoh0hQl26Wx8OeevSGcA",17326337712,"https://media.birdweather.com/soundscapes/19267/19267-20260924-195600.flac",3,6,"live"
11351572684,19267,"2026-09-24T13:56:01.500-06:00",0.92489755153656,0.783956229686737,9.4530108966036,"almost_certain","BirdNET",NA,10.2198,-83.7874,FALSE,547,"Clay-colored Thrush","Turdus grayi","#6a35aa","avian","https://media.birdweather.com/species/547/Clay-coloredThrush-standard-6bfc97468790235aef16f793d0f164d2.jpg","https://media.birdweather.com/species/547/Clay-coloredThrush-thumbnail-a430288208e6c65f3790075ad1f1192e.jpg","https://media.birdweather.com/species/547/Clay-coloredThrush-png200-1247890112c02c6395175d20c306cf45.png","m/gFDwZ7toiKZoh0hQl26Wx8OeevSGcA",17326337712,"https://media.birdweather.com/soundscapes/19267/19267-20260924-195600.flac",1.5,4.5,"live"
11351572677,19267,"2026-09-24T13:56:00.000-06:00",0.862230002880096,0.783956229686737,9.30823382473497,"almost_certain","BirdNET",NA,10.2198,-83.7874,FALSE,547,"Clay-colored Thrush","Turdus grayi","#6a35aa","avian","https://media.birdweather.com/species/547/Clay-coloredThrush-standard-6bfc97468790235aef16f793d0f164d2.jpg","https://media.birdweather.com/species/547/Clay-coloredThrush-thumbnail-a430288208e6c65f3790075ad1f1192e.jpg","https://media.birdweather.com/species/547/Clay-coloredThrush-png200-1247890112c02c6395175d20c306cf45.png","m/gFDwZ7toiKZoh0hQl26Wx8OeevSGcA",17326337712,"https://media.birdweather.com/soundscapes/19267/19267-20260924-195600.flac",0,3,"live"
11351569245,19267,"2026-09-24T13:55:52.000-06:00",0.725394725799561,0.783956229686737,8.92614970303432,"almost_certain","BirdNET",NA,10.2198,-83.7874,FALSE,547,"Clay-colored Thrush","Turdus grayi","#6a35aa","avian","https://media.birdweather.com/species/547/Clay-coloredThrush-standard-6bfc97468790235aef16f793d0f164d2.jpg","https://media.birdweather.com/species/547/Clay-coloredThrush-thumbnail-a430288208e6c65f3790075ad1f1192e.jpg","https://media.birdweather.com/species/547/Clay-coloredThrush-png200-1247890112c02c6395175d20c306cf45.png","m/gFDwZ7toiKZoh0hQl26Wx8OeevSGcA",17326331124,"https://media.birdweather.com/soundscapes/19267/19267-20260924-195546.flac",6,9,"live"
11351569239,19267,"2026-09-24T13:55:50.500-06:00",0.9315465092659,0.783956229686737,9.46751079740318,"almost_certain","BirdNET",NA,10.2198,-83.7874,FALSE,547,"Clay-colored Thrush","Turdus grayi","#6a35aa","avian","https://media.birdweather.com/species/547/Clay-coloredThrush-standard-6bfc97468790235aef16f793d0f164d2.jpg","https://media.birdweather.com/species/547/Clay-coloredThrush-thumbnail-a430288208e6c65f3790075ad1f1192e.jpg","https://media.birdweather.com/species/547/Clay-coloredThrush-png200-1247890112c02c6395175d20c306cf45.png","m/gFDwZ7toiKZoh0hQl26Wx8OeevSGcA",17326331124,"https://media.birdweather.com/soundscapes/19267/19267-20260924-195546.flac",4.5,7.5,"live"
11351569237,19267,"2026-09-24T13:55:49.000-06:00",0.865889728069305,0.783956229686737,9.31712267041421,"almost_certain","BirdNET",NA,10.2198,-83.7874,FALSE,547,"Clay-colored Thrush","Turdus grayi","#6a35aa","avian","https://media.birdweather.com/species/547/Clay-coloredThrush-standard-6bfc97468790235aef16f793d0f164d2.jpg","https://media.birdweather.com/species/547/Clay-coloredThrush-thumbnail-a430288208e6c65f3790075ad1f1192e.jpg","https://media.birdweather.com/species/547/Clay-coloredThrush-png200-1247890112c02c6395175d20c306cf45.png","m/gFDwZ7toiKZoh0hQl26Wx8OeevSGcA",17326331124,"https://media.birdweather.com/soundscapes/19267/19267-20260924-195546.flac",3,6,"live"
11351569235,19267,"2026-09-24T13:55:46.000-06:00",0.818076848983765,0.783956229686737,9.19618503796687,"almost_certain","BirdNET",NA,10.2198,-83.7874,FALSE,547,"Clay-colored Thrush","Turdus grayi","#6a35aa","avian","https://media.birdweather.com/species/547/Clay-coloredThrush-standard-6bfc97468790235aef16f793d0f164d2.jpg","https://media.birdweather.com/species/547/Clay-coloredThrush-thumbnail-a430288208e6c65f3790075ad1f1192e.jpg","https://media.birdweather.com/species/547/Clay-coloredThrush-png200-1247890112c02c6395175d20c306cf45.png","m/gFDwZ7toiKZoh0hQl26Wx8OeevSGcA",17326331124,"https://media.birdweather.com/soundscapes/19267/19267-20260924-195546.flac",0,3,"live"
11351565454,19267,"2026-09-24T13:55:36.000-06:00",0.883655965328217,0.783956229686737,9.35947276292558,"almost_certain","BirdNET",NA,10.2198,-83.7874,FALSE,547,"Clay-colored Thrush","Turdus grayi","#6a35aa","avian","https://media.birdweather.com/species/547/Clay-coloredThrush-standard-6bfc97468790235aef16f793d0f164d2.jpg","https://media.birdweather.com/species/547/Clay-coloredThrush-thumbnail-a430288208e6c65f3790075ad1f1192e.jpg","https://media.birdweather.com/species/547/Clay-coloredThrush-png200-1247890112c02c6395175d20c306cf45.png","m/gFDwZ7toiKZoh0hQl26Wx8OeevSGcA",17326324131,"https://media.birdweather.com/soundscapes/19267/19267-20260924-195533.flac",3,6,"live"
11351565450,19267,"2026-09-24T13:55:34.500-06:00",0.751517713069916,0.783956229686737,9.00779772896336,"almost_certain","BirdNET",NA,10.2198,-83.7874,FALSE,547,"Clay-colored Thrush","Turdus grayi","#6a35aa","avian","https://media.birdweather.com/species/547/Clay-coloredThrush-standard-6bfc97468790235aef16f793d0f164d2.jpg","https://media.birdweather.com/species/547/Clay-coloredThrush-thumbnail-a430288208e6c65f3790075ad1f1192e.jpg","https://media.birdweather.com/species/547/Clay-coloredThrush-png200-1247890112c02c6395175d20c306cf45.png","m/gFDwZ7toiKZoh0hQl26Wx8OeevSGcA",17326324131,"https://media.birdweather.com/soundscapes/19267/19267-20260924-195533.flac",1.5,4.5,"live"
11351565446,19267,"2026-09-24T13:55:33.000-06:00",0.807049810886383,0.783956229686737,9.16671038767654,"almost_certain","BirdNET",NA,10.2198,-83.7874,FALSE,547,"Clay-colored Thrush","Turdus grayi","#6a35aa","avian","https://media.birdweather.com/species/547/Clay-coloredThrush-standard-6bfc97468790235aef16f793d0f164d2.jpg","https://media.birdweather.com/species/547/Clay-coloredThrush-thumbnail-a430288208e6c65f3790075ad1f1192e.jpg","https://media.birdweather.com/species/547/Clay-coloredThrush-png200-1247890112c02c6395175d20c306cf45.png","m/gFDwZ7toiKZoh0hQl26Wx8OeevSGcA",17326324131,"https://media.birdweather.com/soundscapes/19267/19267-20260924-195533.flac",0,3,"live"
11351561551,19267,"2026-09-24T13:55:25.000-06:00",0.743962824344635,0.783956229686737,8.98468065896718,"almost_certain","BirdNET",NA,10.2198,-83.7874,FALSE,547,"Clay-colored Thrush","Turdus grayi","#6a35aa","avian","https://media.birdweather.com/species/547/Clay-coloredThrush-standard-6bfc97468790235aef16f793d0f164d2.jpg","https://media.birdweather.com/species/547/Clay-coloredThrush-thumbnail-a430288208e6c65f3790075ad1f1192e.jpg","https://media.birdweather.com/species/547/Clay-coloredThrush-png200-1247890112c02c6395175d20c306cf45.png","m/gFDwZ7toiKZoh0hQl26Wx8OeevSGcA",17326316843,"https://media.birdweather.com/soundscapes/19267/19267-20260924-195519.flac",6,9,"live"
11351561549,19267,"2026-09-24T13:55:23.500-06:00",0.827700197696686,0.783956229686737,9.22139951352228,"almost_certain","BirdNET",NA,10.2198,-83.7874,FALSE,547,"Clay-colored Thrush","Turdus grayi","#6a35aa","avian","https://media.birdweather.com/species/547/Clay-coloredThrush-standard-6bfc97468790235aef16f793d0f164d2.jpg","https://media.birdweather.com/species/547/Clay-coloredThrush-thumbnail-a430288208e6c65f3790075ad1f1192e.jpg","https://media.birdweather.com/species/547/Clay-coloredThrush-png200-1247890112c02c6395175d20c306cf45.png","m/gFDwZ7toiKZoh0hQl26Wx8OeevSGcA",17326316843,"https://media.birdweather.com/soundscapes/19267/19267-20260924-195519.flac",4.5,7.5,"live"
11351561547,19267,"2026-09-24T13:55:20.500-06:00",0.755762934684753,0.783956229686737,9.02061845002989,"almost_certain","BirdNET",NA,10.2198,-83.7874,FALSE,547,"Clay-colored Thrush","Turdus grayi","#6a35aa","avian","https://media.birdweather.com/species/547/Clay-coloredThrush-standard-6bfc97468790235aef16f793d0f164d2.jpg","https://media.birdweather.com/species/547/Clay-coloredThrush-thumbnail-a430288208e6c65f3790075ad1f1192e.jpg","https://media.birdweather.com/species/547/Clay-coloredThrush-png200-1247890112c02c6395175d20c306cf45.png","m/gFDwZ7toiKZoh0hQl26Wx8OeevSGcA",17326316843,"https://media.birdweather.com/soundscapes/19267/19267-20260924-195519.flac",1.5,4.5,"live"
11351561544,19267,"2026-09-24T13:55:19.000-06:00",0.880719542503357,0.783956229686737,9.35256277938254,"almost_certain","BirdNET",NA,10.2198,-83.7874,FALSE,547,"Clay-colored Thrush","Turdus grayi","#6a35aa","avian","https://media.birdweather.com/species/547/Clay-coloredThrush-standard-6bfc97468790235aef16f793d0f164d2.jpg","https://media.birdweather.com/species/547/Clay-coloredThrush-thumbnail-a430288208e6c65f3790075ad1f1192e.jpg","https://media.birdweather.com/species/547/Clay-coloredThrush-png200-1247890112c02c6395175d20c306cf45.png","m/gFDwZ7toiKZoh0hQl26Wx8OeevSGcA",17326316843,"https://media.birdweather.com/soundscapes/19267/19267-20260924-195519.flac",0,3,"live"
11351086125,19267,"2026-09-24T13:26:37.000-06:00",0.973167419433594,0.756526231765747,9.50677919474155,"almost_certain","BirdNET",NA,10.2198,-83.7874,FALSE,229,"Great Kiskadee","Pitangus sulphuratus","#7d4410","avian","https://media.birdweather.com/species/229/GreatKiskadee-standard-cd28a1b8e8b8e5aed433e809c229004e.jpg","https://media.birdweather.com/species/229/GreatKiskadee-thumbnail-b2749ed2442fb322cf3c4cb72f9c97f6.jpg","https://media.birdweather.com/species/229/GreatKiskadee-png200-003973af4f863deb00a4ce9b6f10e59c.png","0PgFDwIrhYqfZJh1mVe3SZZ3uKEJBncG",17325443072,"https://media.birdweather.com/soundscapes/19267/19267-20260924-192631.flac",6,9,"live"
11351086123,19267,"2026-09-24T13:26:35.500-06:00",0.963377773761749,0.756526231765747,9.48670945898898,"almost_certain","BirdNET",NA,10.2198,-83.7874,FALSE,229,"Great Kiskadee","Pitangus sulphuratus","#7d4410","avian","https://media.birdweather.com/species/229/GreatKiskadee-standard-cd28a1b8e8b8e5aed433e809c229004e.jpg","https://media.birdweather.com/species/229/GreatKiskadee-thumbnail-b2749ed2442fb322cf3c4cb72f9c97f6.jpg","https://media.birdweather.com/species/229/GreatKiskadee-png200-003973af4f863deb00a4ce9b6f10e59c.png","0PgFDwIrhYqfZJh1mVe3SZZ3uKEJBncG",17325443072,"https://media.birdweather.com/soundscapes/19267/19267-20260924-192631.flac",4.5,7.5,"live"
11351086121,19267,"2026-09-24T13:26:34.000-06:00",0.963675439357758,0.756526231765747,9.48732405660924,"almost_certain","BirdNET",NA,10.2198,-83.7874,FALSE,229,"Great Kiskadee","Pitangus sulphuratus","#7d4410","avian","https://media.birdweather.com/species/229/GreatKiskadee-standard-cd28a1b8e8b8e5aed433e809c229004e.jpg","https://media.birdweather.com/species/229/GreatKiskadee-thumbnail-b2749ed2442fb322cf3c4cb72f9c97f6.jpg","https://media.birdweather.com/species/229/GreatKiskadee-png200-003973af4f863deb00a4ce9b6f10e59c.png","0PgFDwIrhYqfZJh1mVe3SZZ3uKEJBncG",17325443072,"https://media.birdweather.com/soundscapes/19267/19267-20260924-192631.flac",3,6,"live"
11351086117,19267,"2026-09-24T13:26:32.500-06:00",0.921720802783966,0.756526231765747,9.39786016319101,"almost_certain","BirdNET",NA,10.2198,-83.7874,FALSE,229,"Great Kiskadee","Pitangus sulphuratus","#7d4410","avian","https://media.birdweather.com/species/229/GreatKiskadee-standard-cd28a1b8e8b8e5aed433e809c229004e.jpg","https://media.birdweather.com/species/229/GreatKiskadee-thumbnail-b2749ed2442fb322cf3c4cb72f9c97f6.jpg","https://media.birdweather.com/species/229/GreatKiskadee-png200-003973af4f863deb00a4ce9b6f10e59c.png","0PgFDwIrhYqfZJh1mVe3SZZ3uKEJBncG",17325443072,"https://media.birdweather.com/soundscapes/19267/19267-20260924-192631.flac",1.5,4.5,"live"
11351086112,19267,"2026-09-24T13:26:31.000-06:00",0.934771418571472,0.756526231765747,9.42632032603161,"almost_certain","BirdNET",NA,10.2198,-83.7874,FALSE,229,"Great Kiskadee","Pitangus sulphuratus","#7d4410","avian","https://media.birdweather.com/species/229/GreatKiskadee-standard-cd28a1b8e8b8e5aed433e809c229004e.jpg","https://media.birdweather.com/species/229/GreatKiskadee-thumbnail-b2749ed2442fb322cf3c4cb72f9c97f6.jpg","https://media.birdweather.com/species/229/GreatKiskadee-png200-003973af4f863deb00a4ce9b6f10e59c.png","0PgFDwIrhYqfZJh1mVe3SZZ3uKEJBncG",17325443072,"https://media.birdweather.com/soundscapes/19267/19267-20260924-192631.flac",0,3,"live"
11351067890,19267,"2026-09-24T13:25:30.000-06:00",0.972990095615387,0.756526231765747,9.50641826575719,"almost_certain","BirdNET",NA,10.2198,-83.7874,FALSE,229,"Great Kiskadee","Pitangus sulphuratus","#7d4410","avian","https://media.birdweather.com/species/229/GreatKiskadee-standard-cd28a1b8e8b8e5aed433e809c229004e.jpg","https://media.birdweather.com/species/229/GreatKiskadee-thumbnail-b2749ed2442fb322cf3c4cb72f9c97f6.jpg","https://media.birdweather.com/species/229/GreatKiskadee-png200-003973af4f863deb00a4ce9b6f10e59c.png","0PgFDwIrhYqfZJh1mVe3SZZ3uKEJBncG",17325408803,"https://media.birdweather.com/soundscapes/19267/19267-20260924-192524.flac",6,9,"live"
11351067886,19267,"2026-09-24T13:25:28.500-06:00",0.994481682777405,0.756526231765747,9.54948445466767,"almost_certain","BirdNET",NA,10.2198,-83.7874,FALSE,229,"Great Kiskadee","Pitangus sulphuratus","#7d4410","avian","https://media.birdweather.com/species/229/GreatKiskadee-standard-cd28a1b8e8b8e5aed433e809c229004e.jpg","https://media.birdweather.com/species/229/GreatKiskadee-thumbnail-b2749ed2442fb322cf3c4cb72f9c97f6.jpg","https://media.birdweather.com/species/229/GreatKiskadee-png200-003973af4f863deb00a4ce9b6f10e59c.png","0PgFDwIrhYqfZJh1mVe3SZZ3uKEJBncG",17325408803,"https://media.birdweather.com/soundscapes/19267/19267-20260924-192524.flac",4.5,7.5,"live"
11351067882,19267,"2026-09-24T13:25:27.000-06:00",0.974582433700562,0.756526231765747,9.50965594557708,"almost_certain","BirdNET",NA,10.2198,-83.7874,FALSE,229,"Great Kiskadee","Pitangus sulphuratus","#7d4410","avian","https://media.birdweather.com/species/229/GreatKiskadee-standard-cd28a1b8e8b8e5aed433e809c229004e.jpg","https://media.birdweather.com/species/229/GreatKiskadee-thumbnail-b2749ed2442fb322cf3c4cb72f9c97f6.jpg","https://media.birdweather.com/species/229/GreatKiskadee-png200-003973af4f863deb00a4ce9b6f10e59c.png","0PgFDwIrhYqfZJh1mVe3SZZ3uKEJBncG",17325408803,"https://media.birdweather.com/soundscapes/19267/19267-20260924-192524.flac",3,6,"live"
11351067880,19267,"2026-09-24T13:25:25.500-06:00",0.983592987060547,0.756526231765747,9.52783421478895,"almost_certain","BirdNET",NA,10.2198,-83.7874,FALSE,229,"Great Kiskadee","Pitangus sulphuratus","#7d4410","avian","https://media.birdweather.com/species/229/GreatKiskadee-standard-cd28a1b8e8b8e5aed433e809c229004e.jpg","https://media.birdweather.com/species/229/GreatKiskadee-thumbnail-b2749ed2442fb322cf3c4cb72f9c97f6.jpg","https://media.birdweather.com/species/229/GreatKiskadee-png200-003973af4f863deb00a4ce9b6f10e59c.png","0PgFDwIrhYqfZJh1mVe3SZZ3uKEJBncG",17325408803,"https://media.birdweather.com/soundscapes/19267/19267-20260924-192524.flac",1.5,4.5,"live"
11351008243,19267,"2026-09-24T13:21:38.000-06:00",0.868397414684296,0.756523013114929,9.27500613509989,"almost_certain","BirdNET",NA,10.2198,-83.7874,FALSE,229,"Great Kiskadee","Pitangus sulphuratus","#7d4410","avian","https://media.birdweather.com/species/229/GreatKiskadee-standard-cd28a1b8e8b8e5aed433e809c229004e.jpg","https://media.birdweather.com/species/229/GreatKiskadee-thumbnail-b2749ed2442fb322cf3c4cb72f9c97f6.jpg","https://media.birdweather.com/species/229/GreatKiskadee-png200-003973af4f863deb00a4ce9b6f10e59c.png","0PgFDwIrhYqfZJh1mVe3SZZ3uKEJBncG",17325296383,"https://media.birdweather.com/soundscapes/19267/19267-20260924-192138.flac",0,3,"live"
11350891056,19267,"2026-09-24T13:14:20.500-06:00",0.800902128219604,0.231051087379456,7.51693178593083,"almost_certain","BirdNET",NA,10.2198,-83.7874,FALSE,501,"White-winged Dove","Zenaida asiatica","#d16ff8","avian","https://media.birdweather.com/species/501/White-wingedDove-standard-6528ef689b07d5a91f1c2275cdef19c9.jpg","https://media.birdweather.com/species/501/White-wingedDove-thumbnail-4a940adfd5a6c78c73c48c5095e7b896.jpg","https://media.birdweather.com/species/501/White-wingedDove-png200-d65decd3d571b5a9dbeca249ef97689f.png","IscJLwb6hoVelZWZdoh3eIeIdxBoB4IG",17325078259,"https://media.birdweather.com/soundscapes/19267/19267-20260924-191419.flac",1.5,4.5,"live"
11350880565,19267,"2026-09-24T13:13:41.000-06:00",0.856460750102997,0.231051087379456,7.66103648149177,"almost_certain","BirdNET",NA,10.2198,-83.7874,FALSE,501,"White-winged Dove","Zenaida asiatica","#d16ff8","avian","https://media.birdweather.com/species/501/White-wingedDove-standard-6528ef689b07d5a91f1c2275cdef19c9.jpg","https://media.birdweather.com/species/501/White-wingedDove-thumbnail-4a940adfd5a6c78c73c48c5095e7b896.jpg","https://media.birdweather.com/species/501/White-wingedDove-png200-d65decd3d571b5a9dbeca249ef97689f.png","IscJLwb6hoVelZWZdoh3eIeIdxBoB4IG",17325058449,"https://media.birdweather.com/soundscapes/19267/19267-20260924-191338.flac",3,6,"live"
11350830277,19267,"2026-09-24T13:10:31.000-06:00",0.924146771430969,0.368230402469635,8.43547496067095,"almost_certain","BirdNET",NA,10.2198,-83.7874,FALSE,321,"Palm Tanager","Thraupis palmarum","#008efd","avian","https://media.birdweather.com/species/321/PalmTanager-standard-cbade2e4973d8cb57c4014568207591d.jpg","https://media.birdweather.com/species/321/PalmTanager-thumbnail-66ffacacc3b9c5f5dad0cf97c949e40f.jpg","https://media.birdweather.com/species/321/PalmTanager-png200-100c123f8e9a99aad801e3e79a865873.png","lvkJHwR/d2lneYlEp0hrx2iL+XtlNZgA",17324963995,"https://media.birdweather.com/soundscapes/19267/19267-20260924-191028.flac",3,6,"live"
11350643750,19267,"2026-09-24T12:58:42.000-06:00",0.829883456230164,0.756523966789246,9.17888348929292,"almost_certain","BirdNET",NA,10.2198,-83.7874,FALSE,229,"Great Kiskadee","Pitangus sulphuratus","#7d4410","avian","https://media.birdweather.com/species/229/GreatKiskadee-standard-cd28a1b8e8b8e5aed433e809c229004e.jpg","https://media.birdweather.com/species/229/GreatKiskadee-thumbnail-b2749ed2442fb322cf3c4cb72f9c97f6.jpg","https://media.birdweather.com/species/229/GreatKiskadee-png200-003973af4f863deb00a4ce9b6f10e59c.png","0PgFDwIrhYqfZJh1mVe3SZZ3uKEJBncG",17324611469,"https://media.birdweather.com/soundscapes/19267/19267-20260924-185836.flac",6,9,"live"
11350643747,19267,"2026-09-24T12:58:40.500-06:00",0.888821363449097,0.756523966789246,9.32337158231173,"almost_certain","BirdNET",NA,10.2198,-83.7874,FALSE,229,"Great Kiskadee","Pitangus sulphuratus","#7d4410","avian","https://media.birdweather.com/species/229/GreatKiskadee-standard-cd28a1b8e8b8e5aed433e809c229004e.jpg","https://media.birdweather.com/species/229/GreatKiskadee-thumbnail-b2749ed2442fb322cf3c4cb72f9c97f6.jpg","https://media.birdweather.com/species/229/GreatKiskadee-png200-003973af4f863deb00a4ce9b6f10e59c.png","0PgFDwIrhYqfZJh1mVe3SZZ3uKEJBncG",17324611469,"https://media.birdweather.com/soundscapes/19267/19267-20260924-185836.flac",4.5,7.5,"live"
11350633179,19267,"2026-09-24T12:58:00.500-06:00",0.952781021595001,0.756525039672852,9.46464636700834,"almost_certain","BirdNET",NA,10.2198,-83.7874,FALSE,229,"Great Kiskadee","Pitangus sulphuratus","#7d4410","avian","https://media.birdweather.com/species/229/GreatKiskadee-standard-cd28a1b8e8b8e5aed433e809c229004e.jpg","https://media.birdweather.com/species/229/GreatKiskadee-thumbnail-b2749ed2442fb322cf3c4cb72f9c97f6.jpg","https://media.birdweather.com/species/229/GreatKiskadee-png200-003973af4f863deb00a4ce9b6f10e59c.png","0PgFDwIrhYqfZJh1mVe3SZZ3uKEJBncG",17324591553,"https://media.birdweather.com/soundscapes/19267/19267-20260924-185756.flac",4.5,7.5,"live"
11350633170,19267,"2026-09-24T12:57:56.000-06:00",0.759426712989807,0.756525039672852,8.98341702314659,"almost_certain","BirdNET",NA,10.2198,-83.7874,FALSE,229,"Great Kiskadee","Pitangus sulphuratus","#7d4410","avian","https://media.birdweather.com/species/229/GreatKiskadee-standard-cd28a1b8e8b8e5aed433e809c229004e.jpg","https://media.birdweather.com/species/229/GreatKiskadee-thumbnail-b2749ed2442fb322cf3c4cb72f9c97f6.jpg","https://media.birdweather.com/species/229/GreatKiskadee-png200-003973af4f863deb00a4ce9b6f10e59c.png","0PgFDwIrhYqfZJh1mVe3SZZ3uKEJBncG",17324591553,"https://media.birdweather.com/soundscapes/19267/19267-20260924-185756.flac",0,3,"live"
11350626466,19267,"2026-09-24T12:57:35.500-06:00",0.808868885040283,0.756525933742523,9.12344762808514,"almost_certain","BirdNET",NA,10.2198,-83.7874,FALSE,229,"Great Kiskadee","Pitangus sulphuratus","#7d4410","avian","https://media.birdweather.com/species/229/GreatKiskadee-standard-cd28a1b8e8b8e5aed433e809c229004e.jpg","https://media.birdweather.com/species/229/GreatKiskadee-thumbnail-b2749ed2442fb322cf3c4cb72f9c97f6.jpg","https://media.birdweather.com/species/229/GreatKiskadee-png200-003973af4f863deb00a4ce9b6f10e59c.png","0PgFDwIrhYqfZJh1mVe3SZZ3uKEJBncG",17324578799,"https://media.birdweather.com/soundscapes/19267/19267-20260924-185731.flac",4.5,7.5,"live"
11350626463,19267,"2026-09-24T12:57:34.000-06:00",0.802475690841675,0.756525933742523,9.10612654300185,"almost_certain","BirdNET",NA,10.2198,-83.7874,FALSE,229,"Great Kiskadee","Pitangus sulphuratus","#7d4410","avian","https://media.birdweather.com/species/229/GreatKiskadee-standard-cd28a1b8e8b8e5aed433e809c229004e.jpg","https://media.birdweather.com/species/229/GreatKiskadee-thumbnail-b2749ed2442fb322cf3c4cb72f9c97f6.jpg","https://media.birdweather.com/species/229/GreatKiskadee-png200-003973af4f863deb00a4ce9b6f10e59c.png","0PgFDwIrhYqfZJh1mVe3SZZ3uKEJBncG",17324578799,"https://media.birdweather.com/soundscapes/19267/19267-20260924-185731.flac",3,6,"live"
11350066791,19267,"2026-09-24T12:21:05.500-06:00",0.820412039756775,0.218184903264046,7.49413161637451,"almost_certain","BirdNET",NA,10.2198,-83.7874,FALSE,3766,"Crimson-fronted Parakeet","Psittacara finschi","#65ad00","avian","https://media.birdweather.com/species/3766/Crimson-frontedParakeet-standard-ddc77fa728634b78b78a31cc430f7895.jpg","https://media.birdweather.com/species/3766/Crimson-frontedParakeet-thumbnail-df6cfd5712c254c532e4f60547260885.jpg","https://media.birdweather.com/species/3766/Crimson-frontedParakeet-png200-7ac02114402521892623f1f6b95ca6c2.png","1PgJHwR1hXZghIXBaJmliYSndzA49JgL",17323495940,"https://media.birdweather.com/soundscapes/19267/19267-20260924-182104.flac",1.5,4.5,"live"
11350063405,19267,"2026-09-24T12:20:51.000-06:00",0.740247249603271,0.218184903264046,7.26495201310607,"almost_certain","BirdNET",NA,10.2198,-83.7874,FALSE,3766,"Crimson-fronted Parakeet","Psittacara finschi","#65ad00","avian","https://media.birdweather.com/species/3766/Crimson-frontedParakeet-standard-ddc77fa728634b78b78a31cc430f7895.jpg","https://media.birdweather.com/species/3766/Crimson-frontedParakeet-thumbnail-df6cfd5712c254c532e4f60547260885.jpg","https://media.birdweather.com/species/3766/Crimson-frontedParakeet-png200-7ac02114402521892623f1f6b95ca6c2.png","1PgJHwR1hXZghIXBaJmliYSndzA49JgL",17323489706,"https://media.birdweather.com/soundscapes/19267/19267-20260924-182051.flac",0,3,"live"
11349834593,19267,"2026-09-24T12:06:43.500-06:00",0.952982783317566,0.756522357463837,9.46506494764355,"almost_certain","BirdNET",NA,10.2198,-83.7874,FALSE,229,"Great Kiskadee","Pitangus sulphuratus","#7d4410","avian","https://media.birdweather.com/species/229/GreatKiskadee-standard-cd28a1b8e8b8e5aed433e809c229004e.jpg","https://media.birdweather.com/species/229/GreatKiskadee-thumbnail-b2749ed2442fb322cf3c4cb72f9c97f6.jpg","https://media.birdweather.com/species/229/GreatKiskadee-png200-003973af4f863deb00a4ce9b6f10e59c.png","0PgFDwIrhYqfZJh1mVe3SZZ3uKEJBncG",17323067282,"https://media.birdweather.com/soundscapes/19267/19267-20260924-180642.flac",1.5,4.5,"live"
11349831060,19267,"2026-09-24T12:06:33.500-06:00",0.743436276912689,0.756522357463837,8.93487953131141,"almost_certain","BirdNET",NA,10.2198,-83.7874,FALSE,229,"Great Kiskadee","Pitangus sulphuratus","#7d4410","avian","https://media.birdweather.com/species/229/GreatKiskadee-standard-cd28a1b8e8b8e5aed433e809c229004e.jpg","https://media.birdweather.com/species/229/GreatKiskadee-thumbnail-b2749ed2442fb322cf3c4cb72f9c97f6.jpg","https://media.birdweather.com/species/229/GreatKiskadee-png200-003973af4f863deb00a4ce9b6f10e59c.png","0PgFDwIrhYqfZJh1mVe3SZZ3uKEJBncG",17323060577,"https://media.birdweather.com/soundscapes/19267/19267-20260924-180629.flac",4.5,7.5,"live"
11349831048,19267,"2026-09-24T12:06:29.000-06:00",0.74998813867569,0.756522357463837,8.95497347853731,"almost_certain","BirdNET",NA,10.2198,-83.7874,FALSE,229,"Great Kiskadee","Pitangus sulphuratus","#7d4410","avian","https://media.birdweather.com/species/229/GreatKiskadee-standard-cd28a1b8e8b8e5aed433e809c229004e.jpg","https://media.birdweather.com/species/229/GreatKiskadee-thumbnail-b2749ed2442fb322cf3c4cb72f9c97f6.jpg","https://media.birdweather.com/species/229/GreatKiskadee-png200-003973af4f863deb00a4ce9b6f10e59c.png","0PgFDwIrhYqfZJh1mVe3SZZ3uKEJBncG",17323060577,"https://media.birdweather.com/soundscapes/19267/19267-20260924-180629.flac",0,3,"live"
11349826984,19267,"2026-09-24T12:06:18.000-06:00",0.931337416172028,0.75652402639389,9.41888480396379,"almost_certain","BirdNET",NA,10.2198,-83.7874,FALSE,229,"Great Kiskadee","Pitangus sulphuratus","#7d4410","avian","https://media.birdweather.com/species/229/GreatKiskadee-standard-cd28a1b8e8b8e5aed433e809c229004e.jpg","https://media.birdweather.com/species/229/GreatKiskadee-thumbnail-b2749ed2442fb322cf3c4cb72f9c97f6.jpg","https://media.birdweather.com/species/229/GreatKiskadee-png200-003973af4f863deb00a4ce9b6f10e59c.png","0PgFDwIrhYqfZJh1mVe3SZZ3uKEJBncG",17323053460,"https://media.birdweather.com/soundscapes/19267/19267-20260924-180615.flac",3,6,"live"
11349826980,19267,"2026-09-24T12:06:16.500-06:00",0.959458827972412,0.75652402639389,9.47858815587631,"almost_certain","BirdNET",NA,10.2198,-83.7874,FALSE,229,"Great Kiskadee","Pitangus sulphuratus","#7d4410","avian","https://media.birdweather.com/species/229/GreatKiskadee-standard-cd28a1b8e8b8e5aed433e809c229004e.jpg","https://media.birdweather.com/species/229/GreatKiskadee-thumbnail-b2749ed2442fb322cf3c4cb72f9c97f6.jpg","https://media.birdweather.com/species/229/GreatKiskadee-png200-003973af4f863deb00a4ce9b6f10e59c.png","0PgFDwIrhYqfZJh1mVe3SZZ3uKEJBncG",17323053460,"https://media.birdweather.com/soundscapes/19267/19267-20260924-180615.flac",1.5,4.5,"live"
11349812219,19267,"2026-09-24T12:05:25.500-06:00",0.769332230091095,0.756523728370667,9.01263878140171,"almost_certain","BirdNET",NA,10.2198,-83.7874,FALSE,229,"Great Kiskadee","Pitangus sulphuratus","#7d4410","avian","https://media.birdweather.com/species/229/GreatKiskadee-standard-cd28a1b8e8b8e5aed433e809c229004e.jpg","https://media.birdweather.com/species/229/GreatKiskadee-thumbnail-b2749ed2442fb322cf3c4cb72f9c97f6.jpg","https://media.birdweather.com/species/229/GreatKiskadee-png200-003973af4f863deb00a4ce9b6f10e59c.png","0PgFDwIrhYqfZJh1mVe3SZZ3uKEJBncG",17323026181,"https://media.birdweather.com/soundscapes/19267/19267-20260924-180521.flac",4.5,7.5,"live"
11349734149,19267,"2026-09-24T12:00:43.000-06:00",0.962657630443573,0.756523728370667,9.48521694533519,"almost_certain","BirdNET",NA,10.2198,-83.7874,FALSE,229,"Great Kiskadee","Pitangus sulphuratus","#7d4410","avian","https://media.birdweather.com/species/229/GreatKiskadee-standard-cd28a1b8e8b8e5aed433e809c229004e.jpg","https://media.birdweather.com/species/229/GreatKiskadee-thumbnail-b2749ed2442fb322cf3c4cb72f9c97f6.jpg","https://media.birdweather.com/species/229/GreatKiskadee-png200-003973af4f863deb00a4ce9b6f10e59c.png","0PgFDwIrhYqfZJh1mVe3SZZ3uKEJBncG",17322886512,"https://media.birdweather.com/soundscapes/19267/19267-20260924-180040.flac",3,6,"live"
11349734146,19267,"2026-09-24T12:00:41.500-06:00",0.971426069736481,0.756523728370667,9.50322621239363,"almost_certain","BirdNET",NA,10.2198,-83.7874,FALSE,229,"Great Kiskadee","Pitangus sulphuratus","#7d4410","avian","https://media.birdweather.com/species/229/GreatKiskadee-standard-cd28a1b8e8b8e5aed433e809c229004e.jpg","https://media.birdweather.com/species/229/GreatKiskadee-thumbnail-b2749ed2442fb322cf3c4cb72f9c97f6.jpg","https://media.birdweather.com/species/229/GreatKiskadee-png200-003973af4f863deb00a4ce9b6f10e59c.png","0PgFDwIrhYqfZJh1mVe3SZZ3uKEJBncG",17322886512,"https://media.birdweather.com/soundscapes/19267/19267-20260924-180040.flac",1.5,4.5,"live"
11349734139,19267,"2026-09-24T12:00:40.000-06:00",0.9846431016922,0.756523728370667,9.52993267776695,"almost_certain","BirdNET",NA,10.2198,-83.7874,FALSE,229,"Great Kiskadee","Pitangus sulphuratus","#7d4410","avian","https://media.birdweather.com/species/229/GreatKiskadee-standard-cd28a1b8e8b8e5aed433e809c229004e.jpg","https://media.birdweather.com/species/229/GreatKiskadee-thumbnail-b2749ed2442fb322cf3c4cb72f9c97f6.jpg","https://media.birdweather.com/species/229/GreatKiskadee-png200-003973af4f863deb00a4ce9b6f10e59c.png","0PgFDwIrhYqfZJh1mVe3SZZ3uKEJBncG",17322886512,"https://media.birdweather.com/soundscapes/19267/19267-20260924-180040.flac",0,3,"live"
11349730003,19267,"2026-09-24T12:00:30.500-06:00",0.894441306591034,0.756523728370667,9.33638496993282,"almost_certain","BirdNET",NA,10.2198,-83.7874,FALSE,229,"Great Kiskadee","Pitangus sulphuratus","#7d4410","avian","https://media.birdweather.com/species/229/GreatKiskadee-standard-cd28a1b8e8b8e5aed433e809c229004e.jpg","https://media.birdweather.com/species/229/GreatKiskadee-thumbnail-b2749ed2442fb322cf3c4cb72f9c97f6.jpg","https://media.birdweather.com/species/229/GreatKiskadee-png200-003973af4f863deb00a4ce9b6f10e59c.png","0PgFDwIrhYqfZJh1mVe3SZZ3uKEJBncG",17322879208,"https://media.birdweather.com/soundscapes/19267/19267-20260924-180026.flac",4.5,7.5,"live"
11349729997,19267,"2026-09-24T12:00:29.000-06:00",0.909043908119202,0.756523728370667,9.36963265042434,"almost_certain","BirdNET",NA,10.2198,-83.7874,FALSE,229,"Great Kiskadee","Pitangus sulphuratus","#7d4410","avian","https://media.birdweather.com/species/229/GreatKiskadee-standard-cd28a1b8e8b8e5aed433e809c229004e.jpg","https://media.birdweather.com/species/229/GreatKiskadee-thumbnail-b2749ed2442fb322cf3c4cb72f9c97f6.jpg","https://media.birdweather.com/species/229/GreatKiskadee-png200-003973af4f863deb00a4ce9b6f10e59c.png","0PgFDwIrhYqfZJh1mVe3SZZ3uKEJBncG",17322879208,"https://media.birdweather.com/soundscapes/19267/19267-20260924-180026.flac",3,6,"live"
11349725532,19267,"2026-09-24T12:00:17.000-06:00",0.849554717540741,0.756523728370667,9.22882128579123,"almost_certain","BirdNET",NA,10.2198,-83.7874,FALSE,229,"Great Kiskadee","Pitangus sulphuratus","#7d4410","avian","https://media.birdweather.com/species/229/GreatKiskadee-standard-cd28a1b8e8b8e5aed433e809c229004e.jpg","https://media.birdweather.com/species/229/GreatKiskadee-thumbnail-b2749ed2442fb322cf3c4cb72f9c97f6.jpg","https://media.birdweather.com/species/229/GreatKiskadee-png200-003973af4f863deb00a4ce9b6f10e59c.png","0PgFDwIrhYqfZJh1mVe3SZZ3uKEJBncG",17322871343,"https://media.birdweather.com/soundscapes/19267/19267-20260924-180011.flac",6,9,"live"
11349251404,19267,"2026-09-24T11:33:52.500-06:00",0.804979085922241,0.0584089681506157,5.80251559809829,"almost_certain","BirdNET",NA,10.2198,-83.7874,FALSE,1099,"Great Antshrike","Taraba major","#008b44","avian","https://media.birdweather.com/species/1099/GreatAntshrike-standard-1d7a5a05bff028cc4d1efef3b963cc21.jpg","https://media.birdweather.com/species/1099/GreatAntshrike-thumbnail-4c1685066087537e657ccc4be0405f45.jpg","https://media.birdweather.com/species/1099/GreatAntshrike-png200-1c460a11beaa4cae13a45e29c38ab7ee.png","ZvgNFwD9KaOXk3aLZGd2d5h4BpunpvID",17322041095,"https://media.birdweather.com/soundscapes/19267/19267-20260924-173348.flac",4.5,7.5,"live"
11349057382,19267,"2026-09-24T11:23:05.000-06:00",0.869773983955383,0.147746950387955,7.11252465216789,"almost_certain","BirdNET",NA,10.2198,-83.7874,FALSE,597,"Common Pauraque","Nyctidromus albicollis","#076101","avian","https://media.birdweather.com/species/597/CommonPauraque-standard-1f631aa6b634a4efa22904c59e55a5ff.jpg","https://media.birdweather.com/species/597/CommonPauraque-thumbnail-9699b58845a36e47070f5544282c6c24.jpg","https://media.birdweather.com/species/597/CommonPauraque-png200-82e98e61a2cf8d726c173c71516bac0a.png","kigGBwKMdndgmIh1lpiHiIaHaCv5h3AK",17321700770,"https://media.birdweather.com/soundscapes/19267/19267-20260924-172302.flac",3,6,"live"
11349057373,19267,"2026-09-24T11:23:03.500-06:00",0.907837450504303,0.147746950387955,7.20111944536376,"almost_certain","BirdNET",NA,10.2198,-83.7874,FALSE,597,"Common Pauraque","Nyctidromus albicollis","#076101","avian","https://media.birdweather.com/species/597/CommonPauraque-standard-1f631aa6b634a4efa22904c59e55a5ff.jpg","https://media.birdweather.com/species/597/CommonPauraque-thumbnail-9699b58845a36e47070f5544282c6c24.jpg","https://media.birdweather.com/species/597/CommonPauraque-png200-82e98e61a2cf8d726c173c71516bac0a.png","kigGBwKMdndgmIh1lpiHiIaHaCv5h3AK",17321700770,"https://media.birdweather.com/soundscapes/19267/19267-20260924-172302.flac",1.5,4.5,"live"
11349004031,19267,"2026-09-24T11:20:15.000-06:00",0.969168484210968,0.537793457508087,9.03833674111191,"almost_certain","BirdNET",NA,10.2198,-83.7874,FALSE,802,"Rufous-tailed Hummingbird","Amazilia tzacatl","#d9c845","avian","https://media.birdweather.com/species/802/Rufous-tailedHummingbird-standard-4d0209b50ad0c35c6d8337f5c0c16b55.jpg","https://media.birdweather.com/species/802/Rufous-tailedHummingbird-thumbnail-fbf17400c31564f70aa45927c5d75f5e.jpg","https://media.birdweather.com/species/802/Rufous-tailedHummingbird-png200-8ea431c9893cfe027e92471791a8c256.png","mPkJFwIHqJeJl4lriIaGhYh3+H+oVGAH",17321608584,"https://media.birdweather.com/soundscapes/19267/19267-20260924-172009.flac",6,9,"live"
11349004022,19267,"2026-09-24T11:20:13.500-06:00",0.928987979888916,0.537793457508087,8.95350123561953,"almost_certain","BirdNET",NA,10.2198,-83.7874,FALSE,802,"Rufous-tailed Hummingbird","Amazilia tzacatl","#d9c845","avian","https://media.birdweather.com/species/802/Rufous-tailedHummingbird-standard-4d0209b50ad0c35c6d8337f5c0c16b55.jpg","https://media.birdweather.com/species/802/Rufous-tailedHummingbird-thumbnail-fbf17400c31564f70aa45927c5d75f5e.jpg","https://media.birdweather.com/species/802/Rufous-tailedHummingbird-png200-8ea431c9893cfe027e92471791a8c256.png","mPkJFwIHqJeJl4lriIaGhYh3+H+oVGAH",17321608584,"https://media.birdweather.com/soundscapes/19267/19267-20260924-172009.flac",4.5,7.5,"live"
11348803653,19267,"2026-09-24T11:09:35.000-06:00",0.761466562747955,0.537793636322021,8.52920919104563,"almost_certain","BirdNET",NA,10.2198,-83.7874,FALSE,802,"Rufous-tailed Hummingbird","Amazilia tzacatl","#d9c845","avian","https://media.birdweather.com/species/802/Rufous-tailedHummingbird-standard-4d0209b50ad0c35c6d8337f5c0c16b55.jpg","https://media.birdweather.com/species/802/Rufous-tailedHummingbird-thumbnail-fbf17400c31564f70aa45927c5d75f5e.jpg","https://media.birdweather.com/species/802/Rufous-tailedHummingbird-png200-8ea431c9893cfe027e92471791a8c256.png","mPkJFwIHqJeJl4lriIaGhYh3+H+oVGAH",17321268269,"https://media.birdweather.com/soundscapes/19267/19267-20260924-170935.flac",0,3,"live"
11348765155,19267,"2026-09-24T11:07:41.000-06:00",0.926624774932861,0.783955931663513,9.45679185313571,"almost_certain","BirdNET",NA,10.2198,-83.7874,FALSE,547,"Clay-colored Thrush","Turdus grayi","#6a35aa","avian","https://media.birdweather.com/species/547/Clay-coloredThrush-standard-6bfc97468790235aef16f793d0f164d2.jpg","https://media.birdweather.com/species/547/Clay-coloredThrush-thumbnail-a430288208e6c65f3790075ad1f1192e.jpg","https://media.birdweather.com/species/547/Clay-coloredThrush-png200-1247890112c02c6395175d20c306cf45.png","m/gFDwZ7toiKZoh0hQl26Wx8OeevSGcA",17321203559,"https://media.birdweather.com/soundscapes/19267/19267-20260924-170735.flac",6,9,"live"
11348765143,19267,"2026-09-24T11:07:35.000-06:00",0.810639977455139,0.783955931663513,9.17637597926667,"almost_certain","BirdNET",NA,10.2198,-83.7874,FALSE,547,"Clay-colored Thrush","Turdus grayi","#6a35aa","avian","https://media.birdweather.com/species/547/Clay-coloredThrush-standard-6bfc97468790235aef16f793d0f164d2.jpg","https://media.birdweather.com/species/547/Clay-coloredThrush-thumbnail-a430288208e6c65f3790075ad1f1192e.jpg","https://media.birdweather.com/species/547/Clay-coloredThrush-png200-1247890112c02c6395175d20c306cf45.png","m/gFDwZ7toiKZoh0hQl26Wx8OeevSGcA",17321203559,"https://media.birdweather.com/soundscapes/19267/19267-20260924-170735.flac",0,3,"live"
11348761366,19267,"2026-09-24T11:07:26.000-06:00",0.945779025554657,0.783955931663513,9.49804181765106,"almost_certain","BirdNET",NA,10.2198,-83.7874,FALSE,547,"Clay-colored Thrush","Turdus grayi","#6a35aa","avian","https://media.birdweather.com/species/547/Clay-coloredThrush-standard-6bfc97468790235aef16f793d0f164d2.jpg","https://media.birdweather.com/species/547/Clay-coloredThrush-thumbnail-a430288208e6c65f3790075ad1f1192e.jpg","https://media.birdweather.com/species/547/Clay-coloredThrush-png200-1247890112c02c6395175d20c306cf45.png","m/gFDwZ7toiKZoh0hQl26Wx8OeevSGcA",17321196934,"https://media.birdweather.com/soundscapes/19267/19267-20260924-170723.flac",3,6,"live"
11348761362,19267,"2026-09-24T11:07:24.500-06:00",0.859808385372162,0.783955931663513,9.30231974964489,"almost_certain","BirdNET",NA,10.2198,-83.7874,FALSE,547,"Clay-colored Thrush","Turdus grayi","#6a35aa","avian","https://media.birdweather.com/species/547/Clay-coloredThrush-standard-6bfc97468790235aef16f793d0f164d2.jpg","https://media.birdweather.com/species/547/Clay-coloredThrush-thumbnail-a430288208e6c65f3790075ad1f1192e.jpg","https://media.birdweather.com/species/547/Clay-coloredThrush-png200-1247890112c02c6395175d20c306cf45.png","m/gFDwZ7toiKZoh0hQl26Wx8OeevSGcA",17321196934,"https://media.birdweather.com/soundscapes/19267/19267-20260924-170723.flac",1.5,4.5,"live"
11348761359,19267,"2026-09-24T11:07:23.000-06:00",0.866788923740387,0.783955931663513,9.31929735091388,"almost_certain","BirdNET",NA,10.2198,-83.7874,FALSE,547,"Clay-colored Thrush","Turdus grayi","#6a35aa","avian","https://media.birdweather.com/species/547/Clay-coloredThrush-standard-6bfc97468790235aef16f793d0f164d2.jpg","https://media.birdweather.com/species/547/Clay-coloredThrush-thumbnail-a430288208e6c65f3790075ad1f1192e.jpg","https://media.birdweather.com/species/547/Clay-coloredThrush-png200-1247890112c02c6395175d20c306cf45.png","m/gFDwZ7toiKZoh0hQl26Wx8OeevSGcA",17321196934,"https://media.birdweather.com/soundscapes/19267/19267-20260924-170723.flac",0,3,"live"
11348743827,19267,"2026-09-24T11:06:31.000-06:00",0.823788583278656,0.783955931663513,9.21120595381074,"almost_certain","BirdNET",NA,10.2198,-83.7874,FALSE,547,"Clay-colored Thrush","Turdus grayi","#6a35aa","avian","https://media.birdweather.com/species/547/Clay-coloredThrush-standard-6bfc97468790235aef16f793d0f164d2.jpg","https://media.birdweather.com/species/547/Clay-coloredThrush-thumbnail-a430288208e6c65f3790075ad1f1192e.jpg","https://media.birdweather.com/species/547/Clay-coloredThrush-png200-1247890112c02c6395175d20c306cf45.png","m/gFDwZ7toiKZoh0hQl26Wx8OeevSGcA",17321167418,"https://media.birdweather.com/soundscapes/19267/19267-20260924-170625.flac",6,9,"live"
11348743818,19267,"2026-09-24T11:06:28.000-06:00",0.77096563577652,0.783955931663513,9.06557083742526,"almost_certain","BirdNET",NA,10.2198,-83.7874,FALSE,547,"Clay-colored Thrush","Turdus grayi","#6a35aa","avian","https://media.birdweather.com/species/547/Clay-coloredThrush-standard-6bfc97468790235aef16f793d0f164d2.jpg","https://media.birdweather.com/species/547/Clay-coloredThrush-thumbnail-a430288208e6c65f3790075ad1f1192e.jpg","https://media.birdweather.com/species/547/Clay-coloredThrush-png200-1247890112c02c6395175d20c306cf45.png","m/gFDwZ7toiKZoh0hQl26Wx8OeevSGcA",17321167418,"https://media.birdweather.com/soundscapes/19267/19267-20260924-170625.flac",3,6,"live"
11348739189,19267,"2026-09-24T11:06:16.500-06:00",0.823203682899475,0.783955931663513,9.20967525749383,"almost_certain","BirdNET",NA,10.2198,-83.7874,FALSE,547,"Clay-colored Thrush","Turdus grayi","#6a35aa","avian","https://media.birdweather.com/species/547/Clay-coloredThrush-standard-6bfc97468790235aef16f793d0f164d2.jpg","https://media.birdweather.com/species/547/Clay-coloredThrush-thumbnail-a430288208e6c65f3790075ad1f1192e.jpg","https://media.birdweather.com/species/547/Clay-coloredThrush-png200-1247890112c02c6395175d20c306cf45.png","m/gFDwZ7toiKZoh0hQl26Wx8OeevSGcA",17321159515,"https://media.birdweather.com/soundscapes/19267/19267-20260924-170612.flac",4.5,7.5,"live"
11348739185,19267,"2026-09-24T11:06:15.000-06:00",0.761175990104675,0.783955931663513,9.03679343422325,"almost_certain","BirdNET",NA,10.2198,-83.7874,FALSE,547,"Clay-colored Thrush","Turdus grayi","#6a35aa","avian","https://media.birdweather.com/species/547/Clay-coloredThrush-standard-6bfc97468790235aef16f793d0f164d2.jpg","https://media.birdweather.com/species/547/Clay-coloredThrush-thumbnail-a430288208e6c65f3790075ad1f1192e.jpg","https://media.birdweather.com/species/547/Clay-coloredThrush-png200-1247890112c02c6395175d20c306cf45.png","m/gFDwZ7toiKZoh0hQl26Wx8OeevSGcA",17321159515,"https://media.birdweather.com/soundscapes/19267/19267-20260924-170612.flac",3,6,"live"
11348739179,19267,"2026-09-24T11:06:13.500-06:00",0.849766373634338,0.783955931663513,9.27752118315391,"almost_certain","BirdNET",NA,10.2198,-83.7874,FALSE,547,"Clay-colored Thrush","Turdus grayi","#6a35aa","avian","https://media.birdweather.com/species/547/Clay-coloredThrush-standard-6bfc97468790235aef16f793d0f164d2.jpg","https://media.birdweather.com/species/547/Clay-coloredThrush-thumbnail-a430288208e6c65f3790075ad1f1192e.jpg","https://media.birdweather.com/species/547/Clay-coloredThrush-png200-1247890112c02c6395175d20c306cf45.png","m/gFDwZ7toiKZoh0hQl26Wx8OeevSGcA",17321159515,"https://media.birdweather.com/soundscapes/19267/19267-20260924-170612.flac",1.5,4.5,"live"
11348729999,19267,"2026-09-24T11:05:44.000-06:00",0.911252200603485,0.783955931663513,9.42276341575807,"almost_certain","BirdNET",NA,10.2198,-83.7874,FALSE,547,"Clay-colored Thrush","Turdus grayi","#6a35aa","avian","https://media.birdweather.com/species/547/Clay-coloredThrush-standard-6bfc97468790235aef16f793d0f164d2.jpg","https://media.birdweather.com/species/547/Clay-coloredThrush-thumbnail-a430288208e6c65f3790075ad1f1192e.jpg","https://media.birdweather.com/species/547/Clay-coloredThrush-png200-1247890112c02c6395175d20c306cf45.png","m/gFDwZ7toiKZoh0hQl26Wx8OeevSGcA",17321143728,"https://media.birdweather.com/soundscapes/19267/19267-20260924-170544.flac",0,3,"live"
11348726091,19267,"2026-09-24T11:05:36.000-06:00",0.950350046157837,0.783955931663513,9.50770493581648,"almost_certain","BirdNET",NA,10.2198,-83.7874,FALSE,547,"Clay-colored Thrush","Turdus grayi","#6a35aa","avian","https://media.birdweather.com/species/547/Clay-coloredThrush-standard-6bfc97468790235aef16f793d0f164d2.jpg","https://media.birdweather.com/species/547/Clay-coloredThrush-thumbnail-a430288208e6c65f3790075ad1f1192e.jpg","https://media.birdweather.com/species/547/Clay-coloredThrush-png200-1247890112c02c6395175d20c306cf45.png","m/gFDwZ7toiKZoh0hQl26Wx8OeevSGcA",17321137198,"https://media.birdweather.com/soundscapes/19267/19267-20260924-170530.flac",6,9,"live"
11348726084,19267,"2026-09-24T11:05:33.000-06:00",0.829643845558167,0.783955931663513,9.22643577152552,"almost_certain","BirdNET",NA,10.2198,-83.7874,FALSE,547,"Clay-colored Thrush","Turdus grayi","#6a35aa","avian","https://media.birdweather.com/species/547/Clay-coloredThrush-standard-6bfc97468790235aef16f793d0f164d2.jpg","https://media.birdweather.com/species/547/Clay-coloredThrush-thumbnail-a430288208e6c65f3790075ad1f1192e.jpg","https://media.birdweather.com/species/547/Clay-coloredThrush-png200-1247890112c02c6395175d20c306cf45.png","m/gFDwZ7toiKZoh0hQl26Wx8OeevSGcA",17321137198,"https://media.birdweather.com/soundscapes/19267/19267-20260924-170530.flac",3,6,"live"
11348726070,19267,"2026-09-24T11:05:30.000-06:00",0.887439489364624,0.783955931663513,9.36832455177999,"almost_certain","BirdNET",NA,10.2198,-83.7874,FALSE,547,"Clay-colored Thrush","Turdus grayi","#6a35aa","avian","https://media.birdweather.com/species/547/Clay-coloredThrush-standard-6bfc97468790235aef16f793d0f164d2.jpg","https://media.birdweather.com/species/547/Clay-coloredThrush-thumbnail-a430288208e6c65f3790075ad1f1192e.jpg","https://media.birdweather.com/species/547/Clay-coloredThrush-png200-1247890112c02c6395175d20c306cf45.png","m/gFDwZ7toiKZoh0hQl26Wx8OeevSGcA",17321137198,"https://media.birdweather.com/soundscapes/19267/19267-20260924-170530.flac",0,3,"live"
11348721700,19267,"2026-09-24T11:05:19.500-06:00",0.971626996994019,0.783955931663513,9.55180848537088,"almost_certain","BirdNET",NA,10.2198,-83.7874,FALSE,547,"Clay-colored Thrush","Turdus grayi","#6a35aa","avian","https://media.birdweather.com/species/547/Clay-coloredThrush-standard-6bfc97468790235aef16f793d0f164d2.jpg","https://media.birdweather.com/species/547/Clay-coloredThrush-thumbnail-a430288208e6c65f3790075ad1f1192e.jpg","https://media.birdweather.com/species/547/Clay-coloredThrush-png200-1247890112c02c6395175d20c306cf45.png","m/gFDwZ7toiKZoh0hQl26Wx8OeevSGcA",17321129697,"https://media.birdweather.com/soundscapes/19267/19267-20260924-170515.flac",4.5,7.5,"live"
11348721694,19267,"2026-09-24T11:05:18.000-06:00",0.92575740814209,0.783955931663513,9.45489420126968,"almost_certain","BirdNET",NA,10.2198,-83.7874,FALSE,547,"Clay-colored Thrush","Turdus grayi","#6a35aa","avian","https://media.birdweather.com/species/547/Clay-coloredThrush-standard-6bfc97468790235aef16f793d0f164d2.jpg","https://media.birdweather.com/species/547/Clay-coloredThrush-thumbnail-a430288208e6c65f3790075ad1f1192e.jpg","https://media.birdweather.com/species/547/Clay-coloredThrush-png200-1247890112c02c6395175d20c306cf45.png","m/gFDwZ7toiKZoh0hQl26Wx8OeevSGcA",17321129697,"https://media.birdweather.com/soundscapes/19267/19267-20260924-170515.flac",3,6,"live"
11348721691,19267,"2026-09-24T11:05:16.500-06:00",0.878054141998291,0.783955931663513,9.34625973137503,"almost_certain","BirdNET",NA,10.2198,-83.7874,FALSE,547,"Clay-colored Thrush","Turdus grayi","#6a35aa","avian","https://media.birdweather.com/species/547/Clay-coloredThrush-standard-6bfc97468790235aef16f793d0f164d2.jpg","https://media.birdweather.com/species/547/Clay-coloredThrush-thumbnail-a430288208e6c65f3790075ad1f1192e.jpg","https://media.birdweather.com/species/547/Clay-coloredThrush-png200-1247890112c02c6395175d20c306cf45.png","m/gFDwZ7toiKZoh0hQl26Wx8OeevSGcA",17321129697,"https://media.birdweather.com/soundscapes/19267/19267-20260924-170515.flac",1.5,4.5,"live"
11348721688,19267,"2026-09-24T11:05:15.000-06:00",0.773622393608093,0.783955931663513,9.07327740942034,"almost_certain","BirdNET",NA,10.2198,-83.7874,FALSE,547,"Clay-colored Thrush","Turdus grayi","#6a35aa","avian","https://media.birdweather.com/species/547/Clay-coloredThrush-standard-6bfc97468790235aef16f793d0f164d2.jpg","https://media.birdweather.com/species/547/Clay-coloredThrush-thumbnail-a430288208e6c65f3790075ad1f1192e.jpg","https://media.birdweather.com/species/547/Clay-coloredThrush-png200-1247890112c02c6395175d20c306cf45.png","m/gFDwZ7toiKZoh0hQl26Wx8OeevSGcA",17321129697,"https://media.birdweather.com/soundscapes/19267/19267-20260924-170515.flac",0,3,"live"
11348716621,19267,"2026-09-24T11:05:04.500-06:00",0.930227756500244,0.783955931663513,9.46464655071587,"almost_certain","BirdNET",NA,10.2198,-83.7874,FALSE,547,"Clay-colored Thrush","Turdus grayi","#6a35aa","avian","https://media.birdweather.com/species/547/Clay-coloredThrush-standard-6bfc97468790235aef16f793d0f164d2.jpg","https://media.birdweather.com/species/547/Clay-coloredThrush-thumbnail-a430288208e6c65f3790075ad1f1192e.jpg","https://media.birdweather.com/species/547/Clay-coloredThrush-png200-1247890112c02c6395175d20c306cf45.png","m/gFDwZ7toiKZoh0hQl26Wx8OeevSGcA",17321120962,"https://media.birdweather.com/soundscapes/19267/19267-20260924-170500.flac",4.5,7.5,"live"
11348716619,19267,"2026-09-24T11:05:03.000-06:00",0.929851114749908,0.783955931663513,9.46382755561151,"almost_certain","BirdNET",NA,10.2198,-83.7874,FALSE,547,"Clay-colored Thrush","Turdus grayi","#6a35aa","avian","https://media.birdweather.com/species/547/Clay-coloredThrush-standard-6bfc97468790235aef16f793d0f164d2.jpg","https://media.birdweather.com/species/547/Clay-coloredThrush-thumbnail-a430288208e6c65f3790075ad1f1192e.jpg","https://media.birdweather.com/species/547/Clay-coloredThrush-png200-1247890112c02c6395175d20c306cf45.png","m/gFDwZ7toiKZoh0hQl26Wx8OeevSGcA",17321120962,"https://media.birdweather.com/soundscapes/19267/19267-20260924-170500.flac",3,6,"live"
11348716618,19267,"2026-09-24T11:05:00.000-06:00",0.98811149597168,0.783955931663513,9.58502791722932,"almost_certain","BirdNET",NA,10.2198,-83.7874,FALSE,547,"Clay-colored Thrush","Turdus grayi","#6a35aa","avian","https://media.birdweather.com/species/547/Clay-coloredThrush-standard-6bfc97468790235aef16f793d0f164d2.jpg","https://media.birdweather.com/species/547/Clay-coloredThrush-thumbnail-a430288208e6c65f3790075ad1f1192e.jpg","https://media.birdweather.com/species/547/Clay-coloredThrush-png200-1247890112c02c6395175d20c306cf45.png","m/gFDwZ7toiKZoh0hQl26Wx8OeevSGcA",17321120962,"https://media.birdweather.com/soundscapes/19267/19267-20260924-170500.flac",0,3,"live"
11348712675,19267,"2026-09-24T11:04:51.500-06:00",0.961540043354034,0.783955931663513,9.53107681442843,"almost_certain","BirdNET",NA,10.2198,-83.7874,FALSE,547,"Clay-colored Thrush","Turdus grayi","#6a35aa","avian","https://media.birdweather.com/species/547/Clay-coloredThrush-standard-6bfc97468790235aef16f793d0f164d2.jpg","https://media.birdweather.com/species/547/Clay-coloredThrush-thumbnail-a430288208e6c65f3790075ad1f1192e.jpg","https://media.birdweather.com/species/547/Clay-coloredThrush-png200-1247890112c02c6395175d20c306cf45.png","m/gFDwZ7toiKZoh0hQl26Wx8OeevSGcA",17321114023,"https://media.birdweather.com/soundscapes/19267/19267-20260924-170447.flac",4.5,7.5,"live"
11348712671,19267,"2026-09-24T11:04:48.500-06:00",0.836208403110504,0.783955931663513,9.24331157692266,"almost_certain","BirdNET",NA,10.2198,-83.7874,FALSE,547,"Clay-colored Thrush","Turdus grayi","#6a35aa","avian","https://media.birdweather.com/species/547/Clay-coloredThrush-standard-6bfc97468790235aef16f793d0f164d2.jpg","https://media.birdweather.com/species/547/Clay-coloredThrush-thumbnail-a430288208e6c65f3790075ad1f1192e.jpg","https://media.birdweather.com/species/547/Clay-coloredThrush-png200-1247890112c02c6395175d20c306cf45.png","m/gFDwZ7toiKZoh0hQl26Wx8OeevSGcA",17321114023,"https://media.birdweather.com/soundscapes/19267/19267-20260924-170447.flac",1.5,4.5,"live"
11348712666,19267,"2026-09-24T11:04:47.000-06:00",0.787209331989288,0.783955931663513,9.11202581029603,"almost_certain","BirdNET",NA,10.2198,-83.7874,FALSE,547,"Clay-colored Thrush","Turdus grayi","#6a35aa","avian","https://media.birdweather.com/species/547/Clay-coloredThrush-standard-6bfc97468790235aef16f793d0f164d2.jpg","https://media.birdweather.com/species/547/Clay-coloredThrush-thumbnail-a430288208e6c65f3790075ad1f1192e.jpg","https://media.birdweather.com/species/547/Clay-coloredThrush-png200-1247890112c02c6395175d20c306cf45.png","m/gFDwZ7toiKZoh0hQl26Wx8OeevSGcA",17321114023,"https://media.birdweather.com/soundscapes/19267/19267-20260924-170447.flac",0,3,"live"
11348708760,19267,"2026-09-24T11:04:41.000-06:00",0.717003583908081,0.783955931663513,8.89885510593792,"almost_certain","BirdNET",NA,10.2198,-83.7874,FALSE,547,"Clay-colored Thrush","Turdus grayi","#6a35aa","avian","https://media.birdweather.com/species/547/Clay-coloredThrush-standard-6bfc97468790235aef16f793d0f164d2.jpg","https://media.birdweather.com/species/547/Clay-coloredThrush-thumbnail-a430288208e6c65f3790075ad1f1192e.jpg","https://media.birdweather.com/species/547/Clay-coloredThrush-png200-1247890112c02c6395175d20c306cf45.png","m/gFDwZ7toiKZoh0hQl26Wx8OeevSGcA",17321107281,"https://media.birdweather.com/soundscapes/19267/19267-20260924-170435.flac",6,9,"live"
11348708757,19267,"2026-09-24T11:04:39.500-06:00",0.740731358528137,0.783955931663513,8.97467187758291,"almost_certain","BirdNET",NA,10.2198,-83.7874,FALSE,547,"Clay-colored Thrush","Turdus grayi","#6a35aa","avian","https://media.birdweather.com/species/547/Clay-coloredThrush-standard-6bfc97468790235aef16f793d0f164d2.jpg","https://media.birdweather.com/species/547/Clay-coloredThrush-thumbnail-a430288208e6c65f3790075ad1f1192e.jpg","https://media.birdweather.com/species/547/Clay-coloredThrush-png200-1247890112c02c6395175d20c306cf45.png","m/gFDwZ7toiKZoh0hQl26Wx8OeevSGcA",17321107281,"https://media.birdweather.com/soundscapes/19267/19267-20260924-170435.flac",4.5,7.5,"live"
11348704293,19267,"2026-09-24T11:04:26.000-06:00",0.976145625114441,0.783955931663513,9.5609948178696,"almost_certain","BirdNET",NA,10.2198,-83.7874,FALSE,547,"Clay-colored Thrush","Turdus grayi","#6a35aa","avian","https://media.birdweather.com/species/547/Clay-coloredThrush-standard-6bfc97468790235aef16f793d0f164d2.jpg","https://media.birdweather.com/species/547/Clay-coloredThrush-thumbnail-a430288208e6c65f3790075ad1f1192e.jpg","https://media.birdweather.com/species/547/Clay-coloredThrush-png200-1247890112c02c6395175d20c306cf45.png","m/gFDwZ7toiKZoh0hQl26Wx8OeevSGcA",17321099842,"https://media.birdweather.com/soundscapes/19267/19267-20260924-170420.flac",6,9,"live"
11348704288,19267,"2026-09-24T11:04:24.500-06:00",0.893229424953461,0.783955931663513,9.38176146918813,"almost_certain","BirdNET",NA,10.2198,-83.7874,FALSE,547,"Clay-colored Thrush","Turdus grayi","#6a35aa","avian","https://media.birdweather.com/species/547/Clay-coloredThrush-standard-6bfc97468790235aef16f793d0f164d2.jpg","https://media.birdweather.com/species/547/Clay-coloredThrush-thumbnail-a430288208e6c65f3790075ad1f1192e.jpg","https://media.birdweather.com/species/547/Clay-coloredThrush-png200-1247890112c02c6395175d20c306cf45.png","m/gFDwZ7toiKZoh0hQl26Wx8OeevSGcA",17321099842,"https://media.birdweather.com/soundscapes/19267/19267-20260924-170420.flac",4.5,7.5,"live"
11348704285,19267,"2026-09-24T11:04:23.000-06:00",0.931632816791534,0.783955931663513,9.46769749538495,"almost_certain","BirdNET",NA,10.2198,-83.7874,FALSE,547,"Clay-colored Thrush","Turdus grayi","#6a35aa","avian","https://media.birdweather.com/species/547/Clay-coloredThrush-standard-6bfc97468790235aef16f793d0f164d2.jpg","https://media.birdweather.com/species/547/Clay-coloredThrush-thumbnail-a430288208e6c65f3790075ad1f1192e.jpg","https://media.birdweather.com/species/547/Clay-coloredThrush-png200-1247890112c02c6395175d20c306cf45.png","m/gFDwZ7toiKZoh0hQl26Wx8OeevSGcA",17321099842,"https://media.birdweather.com/soundscapes/19267/19267-20260924-170420.flac",3,6,"live"
11348704281,19267,"2026-09-24T11:04:21.500-06:00",0.727501094341278,0.783955931663513,8.93291608973753,"almost_certain","BirdNET",NA,10.2198,-83.7874,FALSE,547,"Clay-colored Thrush","Turdus grayi","#6a35aa","avian","https://media.birdweather.com/species/547/Clay-coloredThrush-standard-6bfc97468790235aef16f793d0f164d2.jpg","https://media.birdweather.com/species/547/Clay-coloredThrush-thumbnail-a430288208e6c65f3790075ad1f1192e.jpg","https://media.birdweather.com/species/547/Clay-coloredThrush-png200-1247890112c02c6395175d20c306cf45.png","m/gFDwZ7toiKZoh0hQl26Wx8OeevSGcA",17321099842,"https://media.birdweather.com/soundscapes/19267/19267-20260924-170420.flac",1.5,4.5,"live"
11348700253,19267,"2026-09-24T11:04:14.000-06:00",0.811763226985931,0.783955931663513,9.17938624462898,"almost_certain","BirdNET",NA,10.2198,-83.7874,FALSE,547,"Clay-colored Thrush","Turdus grayi","#6a35aa","avian","https://media.birdweather.com/species/547/Clay-coloredThrush-standard-6bfc97468790235aef16f793d0f164d2.jpg","https://media.birdweather.com/species/547/Clay-coloredThrush-thumbnail-a430288208e6c65f3790075ad1f1192e.jpg","https://media.birdweather.com/species/547/Clay-coloredThrush-png200-1247890112c02c6395175d20c306cf45.png","m/gFDwZ7toiKZoh0hQl26Wx8OeevSGcA",17321093006,"https://media.birdweather.com/soundscapes/19267/19267-20260924-170408.flac",6,9,"live"
11348700250,19267,"2026-09-24T11:04:12.500-06:00",0.833479940891266,0.783955931663513,9.23632262286339,"almost_certain","BirdNET",NA,10.2198,-83.7874,FALSE,547,"Clay-colored Thrush","Turdus grayi","#6a35aa","avian","https://media.birdweather.com/species/547/Clay-coloredThrush-standard-6bfc97468790235aef16f793d0f164d2.jpg","https://media.birdweather.com/species/547/Clay-coloredThrush-thumbnail-a430288208e6c65f3790075ad1f1192e.jpg","https://media.birdweather.com/species/547/Clay-coloredThrush-png200-1247890112c02c6395175d20c306cf45.png","m/gFDwZ7toiKZoh0hQl26Wx8OeevSGcA",17321093006,"https://media.birdweather.com/soundscapes/19267/19267-20260924-170408.flac",4.5,7.5,"live"
11348696241,19267,"2026-09-24T11:03:59.500-06:00",0.788608193397522,0.783955931663513,9.11595367875953,"almost_certain","BirdNET",NA,10.2198,-83.7874,FALSE,547,"Clay-colored Thrush","Turdus grayi","#6a35aa","avian","https://media.birdweather.com/species/547/Clay-coloredThrush-standard-6bfc97468790235aef16f793d0f164d2.jpg","https://media.birdweather.com/species/547/Clay-coloredThrush-thumbnail-a430288208e6c65f3790075ad1f1192e.jpg","https://media.birdweather.com/species/547/Clay-coloredThrush-png200-1247890112c02c6395175d20c306cf45.png","m/gFDwZ7toiKZoh0hQl26Wx8OeevSGcA",17321086252,"https://media.birdweather.com/soundscapes/19267/19267-20260924-170355.flac",4.5,7.5,"live"
11348691616,19267,"2026-09-24T11:03:47.000-06:00",0.760911643505096,0.783955931663513,9.03600792352309,"almost_certain","BirdNET",NA,10.2198,-83.7874,FALSE,547,"Clay-colored Thrush","Turdus grayi","#6a35aa","avian","https://media.birdweather.com/species/547/Clay-coloredThrush-standard-6bfc97468790235aef16f793d0f164d2.jpg","https://media.birdweather.com/species/547/Clay-coloredThrush-thumbnail-a430288208e6c65f3790075ad1f1192e.jpg","https://media.birdweather.com/species/547/Clay-coloredThrush-png200-1247890112c02c6395175d20c306cf45.png","m/gFDwZ7toiKZoh0hQl26Wx8OeevSGcA",17321078564,"https://media.birdweather.com/soundscapes/19267/19267-20260924-170341.flac",6,9,"live"
11348691612,19267,"2026-09-24T11:03:45.500-06:00",0.724317789077759,0.783955931663513,8.92267647519476,"almost_certain","BirdNET",NA,10.2198,-83.7874,FALSE,547,"Clay-colored Thrush","Turdus grayi","#6a35aa","avian","https://media.birdweather.com/species/547/Clay-coloredThrush-standard-6bfc97468790235aef16f793d0f164d2.jpg","https://media.birdweather.com/species/547/Clay-coloredThrush-thumbnail-a430288208e6c65f3790075ad1f1192e.jpg","https://media.birdweather.com/species/547/Clay-coloredThrush-png200-1247890112c02c6395175d20c306cf45.png","m/gFDwZ7toiKZoh0hQl26Wx8OeevSGcA",17321078564,"https://media.birdweather.com/soundscapes/19267/19267-20260924-170341.flac",4.5,7.5,"live"
11348687833,19267,"2026-09-24T11:03:34.000-06:00",0.955247581005096,0.783955931663513,9.51798322381672,"almost_certain","BirdNET",NA,10.2198,-83.7874,FALSE,547,"Clay-colored Thrush","Turdus grayi","#6a35aa","avian","https://media.birdweather.com/species/547/Clay-coloredThrush-standard-6bfc97468790235aef16f793d0f164d2.jpg","https://media.birdweather.com/species/547/Clay-coloredThrush-thumbnail-a430288208e6c65f3790075ad1f1192e.jpg","https://media.birdweather.com/species/547/Clay-coloredThrush-png200-1247890112c02c6395175d20c306cf45.png","m/gFDwZ7toiKZoh0hQl26Wx8OeevSGcA",17321072069,"https://media.birdweather.com/soundscapes/19267/19267-20260924-170328.flac",6,9,"live"
11348687830,19267,"2026-09-24T11:03:29.500-06:00",0.786979019641876,0.783955931663513,9.11137803428577,"almost_certain","BirdNET",NA,10.2198,-83.7874,FALSE,547,"Clay-colored Thrush","Turdus grayi","#6a35aa","avian","https://media.birdweather.com/species/547/Clay-coloredThrush-standard-6bfc97468790235aef16f793d0f164d2.jpg","https://media.birdweather.com/species/547/Clay-coloredThrush-thumbnail-a430288208e6c65f3790075ad1f1192e.jpg","https://media.birdweather.com/species/547/Clay-coloredThrush-png200-1247890112c02c6395175d20c306cf45.png","m/gFDwZ7toiKZoh0hQl26Wx8OeevSGcA",17321072069,"https://media.birdweather.com/soundscapes/19267/19267-20260924-170328.flac",1.5,4.5,"live"
11348517699,19267,"2026-09-24T10:54:22.500-06:00",0.701088130474091,0.0729585140943527,5.75114181576043,"almost_certain","BirdNET",NA,10.2198,-83.7874,FALSE,2404,"Stripe-headed Sparrow","Peucaea ruficauda","#a70240","avian","https://media.birdweather.com/species/2404/Stripe-headedSparrow-standard-0172ab84e0b6f7b2b75439fc4d4a7881.jpg","https://media.birdweather.com/species/2404/Stripe-headedSparrow-thumbnail-5e3186d415a9d4485f612f43c2b9d6f9.jpg","https://media.birdweather.com/species/2404/Stripe-headedSparrow-png200-71ee9a96867650a2ae288331bbd84258.png","VggGFwJ2+rS3u4mJWLpVeKeJN/XkH2IB",17320793352,"https://media.birdweather.com/soundscapes/19267/19267-20260924-165418.flac",4.5,7.5,"live"
11348378164,19267,"2026-09-24T10:46:48.500-06:00",0.746591627597809,0.793467998504639,9.00908417530439,"almost_certain","BirdNET",NA,10.2198,-83.7874,FALSE,451,"Blue-gray Tanager","Thraupis episcopus","#844800","avian","https://media.birdweather.com/species/451/Blue-grayTanager-standard-04bc83ed9930251b50b0a08bf40fec04.jpg","https://media.birdweather.com/species/451/Blue-grayTanager-thumbnail-dc3af9565dbd849047cf157316f7ef59.jpg","https://media.birdweather.com/species/451/Blue-grayTanager-png200-be5418cb49793536e5c09e1af73aefe1.png","GvkFHwZvZYaoamVVjYZ1i1Z2Zoz1l3EP",17320564530,"https://media.birdweather.com/soundscapes/19267/19267-20260924-164644.flac",4.5,7.5,"live"
11347598074,19267,"2026-09-24T10:05:10.000-06:00",0.896999955177307,0.537801504135132,8.88201406121127,"almost_certain","BirdNET",NA,10.2198,-83.7874,FALSE,802,"Rufous-tailed Hummingbird","Amazilia tzacatl","#d9c845","avian","https://media.birdweather.com/species/802/Rufous-tailedHummingbird-standard-4d0209b50ad0c35c6d8337f5c0c16b55.jpg","https://media.birdweather.com/species/802/Rufous-tailedHummingbird-thumbnail-fbf17400c31564f70aa45927c5d75f5e.jpg","https://media.birdweather.com/species/802/Rufous-tailedHummingbird-png200-8ea431c9893cfe027e92471791a8c256.png","mPkJFwIHqJeJl4lriIaGhYh3+H+oVGAH",17319305764,"https://media.birdweather.com/soundscapes/19267/19267-20260924-160510.flac",0,3,"live"
11347560161,19267,"2026-09-24T10:03:15.000-06:00",0.816515207290649,0.368236780166626,8.17618333758856,"almost_certain","BirdNET",NA,10.2198,-83.7874,FALSE,321,"Palm Tanager","Thraupis palmarum","#008efd","avian","https://media.birdweather.com/species/321/PalmTanager-standard-cbade2e4973d8cb57c4014568207591d.jpg","https://media.birdweather.com/species/321/PalmTanager-thumbnail-66ffacacc3b9c5f5dad0cf97c949e40f.jpg","https://media.birdweather.com/species/321/PalmTanager-png200-100c123f8e9a99aad801e3e79a865873.png","lvkJHwR/d2lneYlEp0hrx2iL+XtlNZgA",17319243052,"https://media.birdweather.com/soundscapes/19267/19267-20260924-160309.flac",6,9,"live"
11347560147,19267,"2026-09-24T10:03:12.000-06:00",0.783334255218506,0.368236780166626,8.08522043810344,"almost_certain","BirdNET",NA,10.2198,-83.7874,FALSE,321,"Palm Tanager","Thraupis palmarum","#008efd","avian","https://media.birdweather.com/species/321/PalmTanager-standard-cbade2e4973d8cb57c4014568207591d.jpg","https://media.birdweather.com/species/321/PalmTanager-thumbnail-66ffacacc3b9c5f5dad0cf97c949e40f.jpg","https://media.birdweather.com/species/321/PalmTanager-png200-100c123f8e9a99aad801e3e79a865873.png","lvkJHwR/d2lneYlEp0hrx2iL+XtlNZgA",17319243052,"https://media.birdweather.com/soundscapes/19267/19267-20260924-160309.flac",3,6,"live"
11347560144,19267,"2026-09-24T10:03:10.500-06:00",0.93172013759613,0.368236780166626,8.4520215278604,"almost_certain","BirdNET",NA,10.2198,-83.7874,FALSE,321,"Palm Tanager","Thraupis palmarum","#008efd","avian","https://media.birdweather.com/species/321/PalmTanager-standard-cbade2e4973d8cb57c4014568207591d.jpg","https://media.birdweather.com/species/321/PalmTanager-thumbnail-66ffacacc3b9c5f5dad0cf97c949e40f.jpg","https://media.birdweather.com/species/321/PalmTanager-png200-100c123f8e9a99aad801e3e79a865873.png","lvkJHwR/d2lneYlEp0hrx2iL+XtlNZgA",17319243052,"https://media.birdweather.com/soundscapes/19267/19267-20260924-160309.flac",1.5,4.5,"live"
11347555671,19267,"2026-09-24T10:02:56.500-06:00",0.780028522014618,0.368236780166626,8.0758182225061,"almost_certain","BirdNET",NA,10.2198,-83.7874,FALSE,321,"Palm Tanager","Thraupis palmarum","#008efd","avian","https://media.birdweather.com/species/321/PalmTanager-standard-cbade2e4973d8cb57c4014568207591d.jpg","https://media.birdweather.com/species/321/PalmTanager-thumbnail-66ffacacc3b9c5f5dad0cf97c949e40f.jpg","https://media.birdweather.com/species/321/PalmTanager-png200-100c123f8e9a99aad801e3e79a865873.png","lvkJHwR/d2lneYlEp0hrx2iL+XtlNZgA",17319236243,"https://media.birdweather.com/soundscapes/19267/19267-20260924-160255.flac",1.5,4.5,"live"
11347555666,19267,"2026-09-24T10:02:55.000-06:00",0.748912394046783,0.368236780166626,7.98400388065191,"almost_certain","BirdNET",NA,10.2198,-83.7874,FALSE,321,"Palm Tanager","Thraupis palmarum","#008efd","avian","https://media.birdweather.com/species/321/PalmTanager-standard-cbade2e4973d8cb57c4014568207591d.jpg","https://media.birdweather.com/species/321/PalmTanager-thumbnail-66ffacacc3b9c5f5dad0cf97c949e40f.jpg","https://media.birdweather.com/species/321/PalmTanager-png200-100c123f8e9a99aad801e3e79a865873.png","lvkJHwR/d2lneYlEp0hrx2iL+XtlNZgA",17319236243,"https://media.birdweather.com/soundscapes/19267/19267-20260924-160255.flac",0,3,"live"
11347537960,19267,"2026-09-24T10:02:02.000-06:00",0.964875996112823,0.368236780166626,8.52210261121768,"almost_certain","BirdNET",NA,10.2198,-83.7874,FALSE,321,"Palm Tanager","Thraupis palmarum","#008efd","avian","https://media.birdweather.com/species/321/PalmTanager-standard-cbade2e4973d8cb57c4014568207591d.jpg","https://media.birdweather.com/species/321/PalmTanager-thumbnail-66ffacacc3b9c5f5dad0cf97c949e40f.jpg","https://media.birdweather.com/species/321/PalmTanager-png200-100c123f8e9a99aad801e3e79a865873.png","lvkJHwR/d2lneYlEp0hrx2iL+XtlNZgA",17319208314,"https://media.birdweather.com/soundscapes/19267/19267-20260924-160202.flac",0,3,"live"
11347529466,19267,"2026-09-24T10:01:34.500-06:00",0.950171411037445,0.368236780166626,8.49146322725123,"almost_certain","BirdNET",NA,10.2198,-83.7874,FALSE,321,"Palm Tanager","Thraupis palmarum","#008efd","avian","https://media.birdweather.com/species/321/PalmTanager-standard-cbade2e4973d8cb57c4014568207591d.jpg","https://media.birdweather.com/species/321/PalmTanager-thumbnail-66ffacacc3b9c5f5dad0cf97c949e40f.jpg","https://media.birdweather.com/species/321/PalmTanager-png200-100c123f8e9a99aad801e3e79a865873.png","lvkJHwR/d2lneYlEp0hrx2iL+XtlNZgA",17319194591,"https://media.birdweather.com/soundscapes/19267/19267-20260924-160133.flac",1.5,4.5,"live"
11347524734,19267,"2026-09-24T10:01:19.000-06:00",0.941746532917023,0.368236780166626,8.47359483754875,"almost_certain","BirdNET",NA,10.2198,-83.7874,FALSE,321,"Palm Tanager","Thraupis palmarum","#008efd","avian","https://media.birdweather.com/species/321/PalmTanager-standard-cbade2e4973d8cb57c4014568207591d.jpg","https://media.birdweather.com/species/321/PalmTanager-thumbnail-66ffacacc3b9c5f5dad0cf97c949e40f.jpg","https://media.birdweather.com/species/321/PalmTanager-png200-100c123f8e9a99aad801e3e79a865873.png","lvkJHwR/d2lneYlEp0hrx2iL+XtlNZgA",17319187169,"https://media.birdweather.com/soundscapes/19267/19267-20260924-160119.flac",0,3,"live"
11347246931,19267,"2026-09-24T09:47:01.000-06:00",0.799120903015137,0.756527006626129,9.09695096026979,"almost_certain","BirdNET",NA,10.2198,-83.7874,FALSE,229,"Great Kiskadee","Pitangus sulphuratus","#7d4410","avian","https://media.birdweather.com/species/229/GreatKiskadee-standard-cd28a1b8e8b8e5aed433e809c229004e.jpg","https://media.birdweather.com/species/229/GreatKiskadee-thumbnail-b2749ed2442fb322cf3c4cb72f9c97f6.jpg","https://media.birdweather.com/species/229/GreatKiskadee-png200-003973af4f863deb00a4ce9b6f10e59c.png","0PgFDwIrhYqfZJh1mVe3SZZ3uKEJBncG",17318755440,"https://media.birdweather.com/soundscapes/19267/19267-20260924-154701.flac",0,3,"live"
11347063454,19267,"2026-09-24T09:37:29.000-06:00",0.971682488918304,0.368232995271683,8.53604261350177,"almost_certain","BirdNET",NA,10.2198,-83.7874,FALSE,321,"Palm Tanager","Thraupis palmarum","#008efd","avian","https://media.birdweather.com/species/321/PalmTanager-standard-cbade2e4973d8cb57c4014568207591d.jpg","https://media.birdweather.com/species/321/PalmTanager-thumbnail-66ffacacc3b9c5f5dad0cf97c949e40f.jpg","https://media.birdweather.com/species/321/PalmTanager-png200-100c123f8e9a99aad801e3e79a865873.png","lvkJHwR/d2lneYlEp0hrx2iL+XtlNZgA",17318465257,"https://media.birdweather.com/soundscapes/19267/19267-20260924-153723.flac",6,9,"live"
11347063451,19267,"2026-09-24T09:37:29.000-06:00",0.772762715816498,0.793464541435242,9.08709842770866,"almost_certain","BirdNET",NA,10.2198,-83.7874,FALSE,451,"Blue-gray Tanager","Thraupis episcopus","#844800","avian","https://media.birdweather.com/species/451/Blue-grayTanager-standard-04bc83ed9930251b50b0a08bf40fec04.jpg","https://media.birdweather.com/species/451/Blue-grayTanager-thumbnail-dc3af9565dbd849047cf157316f7ef59.jpg","https://media.birdweather.com/species/451/Blue-grayTanager-png200-be5418cb49793536e5c09e1af73aefe1.png","GvkFHwZvZYaoamVVjYZ1i1Z2Zoz1l3EP",17318465257,"https://media.birdweather.com/soundscapes/19267/19267-20260924-153723.flac",6,9,"live"
11347063449,19267,"2026-09-24T09:37:27.500-06:00",0.924774169921875,0.368232995271683,8.43686079792735,"almost_certain","BirdNET",NA,10.2198,-83.7874,FALSE,321,"Palm Tanager","Thraupis palmarum","#008efd","avian","https://media.birdweather.com/species/321/PalmTanager-standard-cbade2e4973d8cb57c4014568207591d.jpg","https://media.birdweather.com/species/321/PalmTanager-thumbnail-66ffacacc3b9c5f5dad0cf97c949e40f.jpg","https://media.birdweather.com/species/321/PalmTanager-png200-100c123f8e9a99aad801e3e79a865873.png","lvkJHwR/d2lneYlEp0hrx2iL+XtlNZgA",17318465257,"https://media.birdweather.com/soundscapes/19267/19267-20260924-153723.flac",4.5,7.5,"live"
11347063445,19267,"2026-09-24T09:37:26.000-06:00",0.782550513744354,0.368232995271683,8.08298342835994,"almost_certain","BirdNET",NA,10.2198,-83.7874,FALSE,321,"Palm Tanager","Thraupis palmarum","#008efd","avian","https://media.birdweather.com/species/321/PalmTanager-standard-cbade2e4973d8cb57c4014568207591d.jpg","https://media.birdweather.com/species/321/PalmTanager-thumbnail-66ffacacc3b9c5f5dad0cf97c949e40f.jpg","https://media.birdweather.com/species/321/PalmTanager-png200-100c123f8e9a99aad801e3e79a865873.png","lvkJHwR/d2lneYlEp0hrx2iL+XtlNZgA",17318465257,"https://media.birdweather.com/soundscapes/19267/19267-20260924-153723.flac",3,6,"live"
11347063438,19267,"2026-09-24T09:37:23.000-06:00",0.969740331172943,0.368232995271683,8.53207554520611,"almost_certain","BirdNET",NA,10.2198,-83.7874,FALSE,321,"Palm Tanager","Thraupis palmarum","#008efd","avian","https://media.birdweather.com/species/321/PalmTanager-standard-cbade2e4973d8cb57c4014568207591d.jpg","https://media.birdweather.com/species/321/PalmTanager-thumbnail-66ffacacc3b9c5f5dad0cf97c949e40f.jpg","https://media.birdweather.com/species/321/PalmTanager-png200-100c123f8e9a99aad801e3e79a865873.png","lvkJHwR/d2lneYlEp0hrx2iL+XtlNZgA",17318465257,"https://media.birdweather.com/soundscapes/19267/19267-20260924-153723.flac",0,3,"live"
11347063437,19267,"2026-09-24T09:37:23.000-06:00",0.704358696937561,0.793464541435242,8.87297940565137,"almost_certain","BirdNET",NA,10.2198,-83.7874,FALSE,451,"Blue-gray Tanager","Thraupis episcopus","#844800","avian","https://media.birdweather.com/species/451/Blue-grayTanager-standard-04bc83ed9930251b50b0a08bf40fec04.jpg","https://media.birdweather.com/species/451/Blue-grayTanager-thumbnail-dc3af9565dbd849047cf157316f7ef59.jpg","https://media.birdweather.com/species/451/Blue-grayTanager-png200-be5418cb49793536e5c09e1af73aefe1.png","GvkFHwZvZYaoamVVjYZ1i1Z2Zoz1l3EP",17318465257,"https://media.birdweather.com/soundscapes/19267/19267-20260924-153723.flac",0,3,"live"
11347059312,19267,"2026-09-24T09:37:16.000-06:00",0.795421183109283,0.368229478597641,8.11903274672299,"almost_certain","BirdNET",NA,10.2198,-83.7874,FALSE,321,"Palm Tanager","Thraupis palmarum","#008efd","avian","https://media.birdweather.com/species/321/PalmTanager-standard-cbade2e4973d8cb57c4014568207591d.jpg","https://media.birdweather.com/species/321/PalmTanager-thumbnail-66ffacacc3b9c5f5dad0cf97c949e40f.jpg","https://media.birdweather.com/species/321/PalmTanager-png200-100c123f8e9a99aad801e3e79a865873.png","lvkJHwR/d2lneYlEp0hrx2iL+XtlNZgA",17318458646,"https://media.birdweather.com/soundscapes/19267/19267-20260924-153710.flac",6,9,"live"
11347059309,19267,"2026-09-24T09:37:14.500-06:00",0.723238885402679,0.368229478597641,7.90329677089458,"almost_certain","BirdNET",NA,10.2198,-83.7874,FALSE,321,"Palm Tanager","Thraupis palmarum","#008efd","avian","https://media.birdweather.com/species/321/PalmTanager-standard-cbade2e4973d8cb57c4014568207591d.jpg","https://media.birdweather.com/species/321/PalmTanager-thumbnail-66ffacacc3b9c5f5dad0cf97c949e40f.jpg","https://media.birdweather.com/species/321/PalmTanager-png200-100c123f8e9a99aad801e3e79a865873.png","lvkJHwR/d2lneYlEp0hrx2iL+XtlNZgA",17318458646,"https://media.birdweather.com/soundscapes/19267/19267-20260924-153710.flac",4.5,7.5,"live"
11347059305,19267,"2026-09-24T09:37:13.000-06:00",0.974299311637878,0.368229478597641,8.54135691894146,"almost_certain","BirdNET",NA,10.2198,-83.7874,FALSE,321,"Palm Tanager","Thraupis palmarum","#008efd","avian","https://media.birdweather.com/species/321/PalmTanager-standard-cbade2e4973d8cb57c4014568207591d.jpg","https://media.birdweather.com/species/321/PalmTanager-thumbnail-66ffacacc3b9c5f5dad0cf97c949e40f.jpg","https://media.birdweather.com/species/321/PalmTanager-png200-100c123f8e9a99aad801e3e79a865873.png","lvkJHwR/d2lneYlEp0hrx2iL+XtlNZgA",17318458646,"https://media.birdweather.com/soundscapes/19267/19267-20260924-153710.flac",3,6,"live"
11347059298,19267,"2026-09-24T09:37:11.500-06:00",0.980601906776428,0.368229478597641,8.55410267118135,"almost_certain","BirdNET",NA,10.2198,-83.7874,FALSE,321,"Palm Tanager","Thraupis palmarum","#008efd","avian","https://media.birdweather.com/species/321/PalmTanager-standard-cbade2e4973d8cb57c4014568207591d.jpg","https://media.birdweather.com/species/321/PalmTanager-thumbnail-66ffacacc3b9c5f5dad0cf97c949e40f.jpg","https://media.birdweather.com/species/321/PalmTanager-png200-100c123f8e9a99aad801e3e79a865873.png","lvkJHwR/d2lneYlEp0hrx2iL+XtlNZgA",17318458646,"https://media.birdweather.com/soundscapes/19267/19267-20260924-153710.flac",1.5,4.5,"live"
11347059277,19267,"2026-09-24T09:37:10.000-06:00",0.724939227104187,0.368229478597641,7.9087896531496,"almost_certain","BirdNET",NA,10.2198,-83.7874,FALSE,321,"Palm Tanager","Thraupis palmarum","#008efd","avian","https://media.birdweather.com/species/321/PalmTanager-standard-cbade2e4973d8cb57c4014568207591d.jpg","https://media.birdweather.com/species/321/PalmTanager-thumbnail-66ffacacc3b9c5f5dad0cf97c949e40f.jpg","https://media.birdweather.com/species/321/PalmTanager-png200-100c123f8e9a99aad801e3e79a865873.png","lvkJHwR/d2lneYlEp0hrx2iL+XtlNZgA",17318458646,"https://media.birdweather.com/soundscapes/19267/19267-20260924-153710.flac",0,3,"live"
11347054661,19267,"2026-09-24T09:37:02.000-06:00",0.736567139625549,0.368229478597641,7.94577419147475,"almost_certain","BirdNET",NA,10.2198,-83.7874,FALSE,321,"Palm Tanager","Thraupis palmarum","#008efd","avian","https://media.birdweather.com/species/321/PalmTanager-standard-cbade2e4973d8cb57c4014568207591d.jpg","https://media.birdweather.com/species/321/PalmTanager-thumbnail-66ffacacc3b9c5f5dad0cf97c949e40f.jpg","https://media.birdweather.com/species/321/PalmTanager-png200-100c123f8e9a99aad801e3e79a865873.png","lvkJHwR/d2lneYlEp0hrx2iL+XtlNZgA",17318451382,"https://media.birdweather.com/soundscapes/19267/19267-20260924-153656.flac",6,9,"live"
11347054650,19267,"2026-09-24T09:37:00.500-06:00",0.714984953403473,0.368229478597641,7.87631530886676,"almost_certain","BirdNET",NA,10.2198,-83.7874,FALSE,321,"Palm Tanager","Thraupis palmarum","#008efd","avian","https://media.birdweather.com/species/321/PalmTanager-standard-cbade2e4973d8cb57c4014568207591d.jpg","https://media.birdweather.com/species/321/PalmTanager-thumbnail-66ffacacc3b9c5f5dad0cf97c949e40f.jpg","https://media.birdweather.com/species/321/PalmTanager-png200-100c123f8e9a99aad801e3e79a865873.png","lvkJHwR/d2lneYlEp0hrx2iL+XtlNZgA",17318451382,"https://media.birdweather.com/soundscapes/19267/19267-20260924-153656.flac",4.5,7.5,"live"
11346821656,19267,"2026-09-24T09:24:45.000-06:00",0.769424378871918,0.793467998504639,9.07739597300914,"almost_certain","BirdNET",NA,10.2198,-83.7874,FALSE,451,"Blue-gray Tanager","Thraupis episcopus","#844800","avian","https://media.birdweather.com/species/451/Blue-grayTanager-standard-04bc83ed9930251b50b0a08bf40fec04.jpg","https://media.birdweather.com/species/451/Blue-grayTanager-thumbnail-dc3af9565dbd849047cf157316f7ef59.jpg","https://media.birdweather.com/species/451/Blue-grayTanager-png200-be5418cb49793536e5c09e1af73aefe1.png","GvkFHwZvZYaoamVVjYZ1i1Z2Zoz1l3EP",17318082783,"https://media.birdweather.com/soundscapes/19267/19267-20260924-152442.flac",3,6,"live"
11346717403,19267,"2026-09-24T09:19:25.500-06:00",0.910602509975433,0.783957183361053,9.42130864912129,"almost_certain","BirdNET",NA,10.2198,-83.7874,FALSE,547,"Clay-colored Thrush","Turdus grayi","#6a35aa","avian","https://media.birdweather.com/species/547/Clay-coloredThrush-standard-6bfc97468790235aef16f793d0f164d2.jpg","https://media.birdweather.com/species/547/Clay-coloredThrush-thumbnail-a430288208e6c65f3790075ad1f1192e.jpg","https://media.birdweather.com/species/547/Clay-coloredThrush-png200-1247890112c02c6395175d20c306cf45.png","m/gFDwZ7toiKZoh0hQl26Wx8OeevSGcA",17317921341,"https://media.birdweather.com/soundscapes/19267/19267-20260924-151921.flac",4.5,7.5,"live"
11346717402,19267,"2026-09-24T09:19:24.000-06:00",0.709214210510254,0.783957183361053,8.87302447009496,"almost_certain","BirdNET",NA,10.2198,-83.7874,FALSE,547,"Clay-colored Thrush","Turdus grayi","#6a35aa","avian","https://media.birdweather.com/species/547/Clay-coloredThrush-standard-6bfc97468790235aef16f793d0f164d2.jpg","https://media.birdweather.com/species/547/Clay-coloredThrush-thumbnail-a430288208e6c65f3790075ad1f1192e.jpg","https://media.birdweather.com/species/547/Clay-coloredThrush-png200-1247890112c02c6395175d20c306cf45.png","m/gFDwZ7toiKZoh0hQl26Wx8OeevSGcA",17317921341,"https://media.birdweather.com/soundscapes/19267/19267-20260924-151921.flac",3,6,"live"
11346713309,19267,"2026-09-24T09:19:12.500-06:00",0.830843269824982,0.783957183361053,9.22953690716014,"almost_certain","BirdNET",NA,10.2198,-83.7874,FALSE,547,"Clay-colored Thrush","Turdus grayi","#6a35aa","avian","https://media.birdweather.com/species/547/Clay-coloredThrush-standard-6bfc97468790235aef16f793d0f164d2.jpg","https://media.birdweather.com/species/547/Clay-coloredThrush-thumbnail-a430288208e6c65f3790075ad1f1192e.jpg","https://media.birdweather.com/species/547/Clay-coloredThrush-png200-1247890112c02c6395175d20c306cf45.png","m/gFDwZ7toiKZoh0hQl26Wx8OeevSGcA",17317914830,"https://media.birdweather.com/soundscapes/19267/19267-20260924-151908.flac",4.5,7.5,"live"
11346713308,19267,"2026-09-24T09:19:11.000-06:00",0.709714472293854,0.783957183361053,8.87469826353552,"almost_certain","BirdNET",NA,10.2198,-83.7874,FALSE,547,"Clay-colored Thrush","Turdus grayi","#6a35aa","avian","https://media.birdweather.com/species/547/Clay-coloredThrush-standard-6bfc97468790235aef16f793d0f164d2.jpg","https://media.birdweather.com/species/547/Clay-coloredThrush-thumbnail-a430288208e6c65f3790075ad1f1192e.jpg","https://media.birdweather.com/species/547/Clay-coloredThrush-png200-1247890112c02c6395175d20c306cf45.png","m/gFDwZ7toiKZoh0hQl26Wx8OeevSGcA",17317914830,"https://media.birdweather.com/soundscapes/19267/19267-20260924-151908.flac",3,6,"live"
11346704490,19267,"2026-09-24T09:18:47.000-06:00",0.905692994594574,0.783957183361053,9.41024871742575,"almost_certain","BirdNET",NA,10.2198,-83.7874,FALSE,547,"Clay-colored Thrush","Turdus grayi","#6a35aa","avian","https://media.birdweather.com/species/547/Clay-coloredThrush-standard-6bfc97468790235aef16f793d0f164d2.jpg","https://media.birdweather.com/species/547/Clay-coloredThrush-thumbnail-a430288208e6c65f3790075ad1f1192e.jpg","https://media.birdweather.com/species/547/Clay-coloredThrush-png200-1247890112c02c6395175d20c306cf45.png","m/gFDwZ7toiKZoh0hQl26Wx8OeevSGcA",17317901134,"https://media.birdweather.com/soundscapes/19267/19267-20260924-151841.flac",6,9,"live"
11346704487,19267,"2026-09-24T09:18:45.500-06:00",0.915992617607117,0.783957183361053,9.43334928881117,"almost_certain","BirdNET",NA,10.2198,-83.7874,FALSE,547,"Clay-colored Thrush","Turdus grayi","#6a35aa","avian","https://media.birdweather.com/species/547/Clay-coloredThrush-standard-6bfc97468790235aef16f793d0f164d2.jpg","https://media.birdweather.com/species/547/Clay-coloredThrush-thumbnail-a430288208e6c65f3790075ad1f1192e.jpg","https://media.birdweather.com/species/547/Clay-coloredThrush-png200-1247890112c02c6395175d20c306cf45.png","m/gFDwZ7toiKZoh0hQl26Wx8OeevSGcA",17317901134,"https://media.birdweather.com/soundscapes/19267/19267-20260924-151841.flac",4.5,7.5,"live"
11346704485,19267,"2026-09-24T09:18:44.000-06:00",0.807991802692413,0.783957183361053,9.16925484359412,"almost_certain","BirdNET",NA,10.2198,-83.7874,FALSE,547,"Clay-colored Thrush","Turdus grayi","#6a35aa","avian","https://media.birdweather.com/species/547/Clay-coloredThrush-standard-6bfc97468790235aef16f793d0f164d2.jpg","https://media.birdweather.com/species/547/Clay-coloredThrush-thumbnail-a430288208e6c65f3790075ad1f1192e.jpg","https://media.birdweather.com/species/547/Clay-coloredThrush-png200-1247890112c02c6395175d20c306cf45.png","m/gFDwZ7toiKZoh0hQl26Wx8OeevSGcA",17317901134,"https://media.birdweather.com/soundscapes/19267/19267-20260924-151841.flac",3,6,"live"
11346704482,19267,"2026-09-24T09:18:42.500-06:00",0.757801830768585,0.783957183361053,9.02673524450046,"almost_certain","BirdNET",NA,10.2198,-83.7874,FALSE,547,"Clay-colored Thrush","Turdus grayi","#6a35aa","avian","https://media.birdweather.com/species/547/Clay-coloredThrush-standard-6bfc97468790235aef16f793d0f164d2.jpg","https://media.birdweather.com/species/547/Clay-coloredThrush-thumbnail-a430288208e6c65f3790075ad1f1192e.jpg","https://media.birdweather.com/species/547/Clay-coloredThrush-png200-1247890112c02c6395175d20c306cf45.png","m/gFDwZ7toiKZoh0hQl26Wx8OeevSGcA",17317901134,"https://media.birdweather.com/soundscapes/19267/19267-20260924-151841.flac",1.5,4.5,"live"
11346700395,19267,"2026-09-24T09:18:34.000-06:00",0.733907103538513,0.783957183361053,8.95329510324074,"almost_certain","BirdNET",NA,10.2198,-83.7874,FALSE,547,"Clay-colored Thrush","Turdus grayi","#6a35aa","avian","https://media.birdweather.com/species/547/Clay-coloredThrush-standard-6bfc97468790235aef16f793d0f164d2.jpg","https://media.birdweather.com/species/547/Clay-coloredThrush-thumbnail-a430288208e6c65f3790075ad1f1192e.jpg","https://media.birdweather.com/species/547/Clay-coloredThrush-png200-1247890112c02c6395175d20c306cf45.png","m/gFDwZ7toiKZoh0hQl26Wx8OeevSGcA",17317894604,"https://media.birdweather.com/soundscapes/19267/19267-20260924-151828.flac",6,9,"live"
11346700390,19267,"2026-09-24T09:18:32.500-06:00",0.969502985477448,0.783957183361053,9.5474711729104,"almost_certain","BirdNET",NA,10.2198,-83.7874,FALSE,547,"Clay-colored Thrush","Turdus grayi","#6a35aa","avian","https://media.birdweather.com/species/547/Clay-coloredThrush-standard-6bfc97468790235aef16f793d0f164d2.jpg","https://media.birdweather.com/species/547/Clay-coloredThrush-thumbnail-a430288208e6c65f3790075ad1f1192e.jpg","https://media.birdweather.com/species/547/Clay-coloredThrush-png200-1247890112c02c6395175d20c306cf45.png","m/gFDwZ7toiKZoh0hQl26Wx8OeevSGcA",17317894604,"https://media.birdweather.com/soundscapes/19267/19267-20260924-151828.flac",4.5,7.5,"live"
11346700387,19267,"2026-09-24T09:18:28.000-06:00",0.88059002161026,0.783957183361053,9.35225883269131,"almost_certain","BirdNET",NA,10.2198,-83.7874,FALSE,547,"Clay-colored Thrush","Turdus grayi","#6a35aa","avian","https://media.birdweather.com/species/547/Clay-coloredThrush-standard-6bfc97468790235aef16f793d0f164d2.jpg","https://media.birdweather.com/species/547/Clay-coloredThrush-thumbnail-a430288208e6c65f3790075ad1f1192e.jpg","https://media.birdweather.com/species/547/Clay-coloredThrush-png200-1247890112c02c6395175d20c306cf45.png","m/gFDwZ7toiKZoh0hQl26Wx8OeevSGcA",17317894604,"https://media.birdweather.com/soundscapes/19267/19267-20260924-151828.flac",0,3,"live"
11346695596,19267,"2026-09-24T09:18:19.000-06:00",0.702665984630585,0.783956944942474,8.85092408865975,"almost_certain","BirdNET",NA,10.2198,-83.7874,FALSE,547,"Clay-colored Thrush","Turdus grayi","#6a35aa","avian","https://media.birdweather.com/species/547/Clay-coloredThrush-standard-6bfc97468790235aef16f793d0f164d2.jpg","https://media.birdweather.com/species/547/Clay-coloredThrush-thumbnail-a430288208e6c65f3790075ad1f1192e.jpg","https://media.birdweather.com/species/547/Clay-coloredThrush-png200-1247890112c02c6395175d20c306cf45.png","m/gFDwZ7toiKZoh0hQl26Wx8OeevSGcA",17317887354,"https://media.birdweather.com/soundscapes/19267/19267-20260924-151813.flac",6,9,"live"
11346695593,19267,"2026-09-24T09:18:17.500-06:00",0.723766088485718,0.783956944942474,8.92089578221834,"almost_certain","BirdNET",NA,10.2198,-83.7874,FALSE,547,"Clay-colored Thrush","Turdus grayi","#6a35aa","avian","https://media.birdweather.com/species/547/Clay-coloredThrush-standard-6bfc97468790235aef16f793d0f164d2.jpg","https://media.birdweather.com/species/547/Clay-coloredThrush-thumbnail-a430288208e6c65f3790075ad1f1192e.jpg","https://media.birdweather.com/species/547/Clay-coloredThrush-png200-1247890112c02c6395175d20c306cf45.png","m/gFDwZ7toiKZoh0hQl26Wx8OeevSGcA",17317887354,"https://media.birdweather.com/soundscapes/19267/19267-20260924-151813.flac",4.5,7.5,"live"
11346695590,19267,"2026-09-24T09:18:16.000-06:00",0.767343699932098,0.783956944942474,9.05499595285277,"almost_certain","BirdNET",NA,10.2198,-83.7874,FALSE,547,"Clay-colored Thrush","Turdus grayi","#6a35aa","avian","https://media.birdweather.com/species/547/Clay-coloredThrush-standard-6bfc97468790235aef16f793d0f164d2.jpg","https://media.birdweather.com/species/547/Clay-coloredThrush-thumbnail-a430288208e6c65f3790075ad1f1192e.jpg","https://media.birdweather.com/species/547/Clay-coloredThrush-png200-1247890112c02c6395175d20c306cf45.png","m/gFDwZ7toiKZoh0hQl26Wx8OeevSGcA",17317887354,"https://media.birdweather.com/soundscapes/19267/19267-20260924-151813.flac",3,6,"live"
11346691506,19267,"2026-09-24T09:18:07.000-06:00",0.738259792327881,0.783956944942474,8.96696921486707,"almost_certain","BirdNET",NA,10.2198,-83.7874,FALSE,547,"Clay-colored Thrush","Turdus grayi","#6a35aa","avian","https://media.birdweather.com/species/547/Clay-coloredThrush-standard-6bfc97468790235aef16f793d0f164d2.jpg","https://media.birdweather.com/species/547/Clay-coloredThrush-thumbnail-a430288208e6c65f3790075ad1f1192e.jpg","https://media.birdweather.com/species/547/Clay-coloredThrush-png200-1247890112c02c6395175d20c306cf45.png","m/gFDwZ7toiKZoh0hQl26Wx8OeevSGcA",17317880869,"https://media.birdweather.com/soundscapes/19267/19267-20260924-151801.flac",6,9,"live"
11346691504,19267,"2026-09-24T09:18:04.000-06:00",0.850536048412323,0.783956944942474,9.27943959487036,"almost_certain","BirdNET",NA,10.2198,-83.7874,FALSE,547,"Clay-colored Thrush","Turdus grayi","#6a35aa","avian","https://media.birdweather.com/species/547/Clay-coloredThrush-standard-6bfc97468790235aef16f793d0f164d2.jpg","https://media.birdweather.com/species/547/Clay-coloredThrush-thumbnail-a430288208e6c65f3790075ad1f1192e.jpg","https://media.birdweather.com/species/547/Clay-coloredThrush-png200-1247890112c02c6395175d20c306cf45.png","m/gFDwZ7toiKZoh0hQl26Wx8OeevSGcA",17317880869,"https://media.birdweather.com/soundscapes/19267/19267-20260924-151801.flac",3,6,"live"
11346691501,19267,"2026-09-24T09:18:01.000-06:00",0.911573767662048,0.783956944942474,9.4234857031745,"almost_certain","BirdNET",NA,10.2198,-83.7874,FALSE,547,"Clay-colored Thrush","Turdus grayi","#6a35aa","avian","https://media.birdweather.com/species/547/Clay-coloredThrush-standard-6bfc97468790235aef16f793d0f164d2.jpg","https://media.birdweather.com/species/547/Clay-coloredThrush-thumbnail-a430288208e6c65f3790075ad1f1192e.jpg","https://media.birdweather.com/species/547/Clay-coloredThrush-png200-1247890112c02c6395175d20c306cf45.png","m/gFDwZ7toiKZoh0hQl26Wx8OeevSGcA",17317880869,"https://media.birdweather.com/soundscapes/19267/19267-20260924-151801.flac",0,3,"live"
11346682928,19267,"2026-09-24T09:17:38.500-06:00",0.754676938056946,0.783956944942474,9.01735133860758,"almost_certain","BirdNET",NA,10.2198,-83.7874,FALSE,547,"Clay-colored Thrush","Turdus grayi","#6a35aa","avian","https://media.birdweather.com/species/547/Clay-coloredThrush-standard-6bfc97468790235aef16f793d0f164d2.jpg","https://media.birdweather.com/species/547/Clay-coloredThrush-thumbnail-a430288208e6c65f3790075ad1f1192e.jpg","https://media.birdweather.com/species/547/Clay-coloredThrush-png200-1247890112c02c6395175d20c306cf45.png","m/gFDwZ7toiKZoh0hQl26Wx8OeevSGcA",17317867628,"https://media.birdweather.com/soundscapes/19267/19267-20260924-151734.flac",4.5,7.5,"live"
11346649732,19267,"2026-09-24T09:15:55.000-06:00",0.831670522689819,0.78395676612854,9.23166949910188,"almost_certain","BirdNET",NA,10.2198,-83.7874,FALSE,547,"Clay-colored Thrush","Turdus grayi","#6a35aa","avian","https://media.birdweather.com/species/547/Clay-coloredThrush-standard-6bfc97468790235aef16f793d0f164d2.jpg","https://media.birdweather.com/species/547/Clay-coloredThrush-thumbnail-a430288208e6c65f3790075ad1f1192e.jpg","https://media.birdweather.com/species/547/Clay-coloredThrush-png200-1247890112c02c6395175d20c306cf45.png","m/gFDwZ7toiKZoh0hQl26Wx8OeevSGcA",17317814888,"https://media.birdweather.com/soundscapes/19267/19267-20260924-151549.flac",6,9,"live"
11346649730,19267,"2026-09-24T09:15:53.500-06:00",0.909084379673004,0.78395676612854,9.41789748079237,"almost_certain","BirdNET",NA,10.2198,-83.7874,FALSE,547,"Clay-colored Thrush","Turdus grayi","#6a35aa","avian","https://media.birdweather.com/species/547/Clay-coloredThrush-standard-6bfc97468790235aef16f793d0f164d2.jpg","https://media.birdweather.com/species/547/Clay-coloredThrush-thumbnail-a430288208e6c65f3790075ad1f1192e.jpg","https://media.birdweather.com/species/547/Clay-coloredThrush-png200-1247890112c02c6395175d20c306cf45.png","m/gFDwZ7toiKZoh0hQl26Wx8OeevSGcA",17317814888,"https://media.birdweather.com/soundscapes/19267/19267-20260924-151549.flac",4.5,7.5,"live"
11346649728,19267,"2026-09-24T09:15:50.500-06:00",0.773678064346313,0.78395676612854,9.07343987301755,"almost_certain","BirdNET",NA,10.2198,-83.7874,FALSE,547,"Clay-colored Thrush","Turdus grayi","#6a35aa","avian","https://media.birdweather.com/species/547/Clay-coloredThrush-standard-6bfc97468790235aef16f793d0f164d2.jpg","https://media.birdweather.com/species/547/Clay-coloredThrush-thumbnail-a430288208e6c65f3790075ad1f1192e.jpg","https://media.birdweather.com/species/547/Clay-coloredThrush-png200-1247890112c02c6395175d20c306cf45.png","m/gFDwZ7toiKZoh0hQl26Wx8OeevSGcA",17317814888,"https://media.birdweather.com/soundscapes/19267/19267-20260924-151549.flac",1.5,4.5,"live"
11346649726,19267,"2026-09-24T09:15:49.000-06:00",0.946964263916016,0.78395676612854,9.50055539901445,"almost_certain","BirdNET",NA,10.2198,-83.7874,FALSE,547,"Clay-colored Thrush","Turdus grayi","#6a35aa","avian","https://media.birdweather.com/species/547/Clay-coloredThrush-standard-6bfc97468790235aef16f793d0f164d2.jpg","https://media.birdweather.com/species/547/Clay-coloredThrush-thumbnail-a430288208e6c65f3790075ad1f1192e.jpg","https://media.birdweather.com/species/547/Clay-coloredThrush-png200-1247890112c02c6395175d20c306cf45.png","m/gFDwZ7toiKZoh0hQl26Wx8OeevSGcA",17317814888,"https://media.birdweather.com/soundscapes/19267/19267-20260924-151549.flac",0,3,"live"
11346644928,19267,"2026-09-24T09:15:40.000-06:00",0.969456255435944,0.783957958221436,9.54737688321267,"almost_certain","BirdNET",NA,10.2198,-83.7874,FALSE,547,"Clay-colored Thrush","Turdus grayi","#6a35aa","avian","https://media.birdweather.com/species/547/Clay-coloredThrush-standard-6bfc97468790235aef16f793d0f164d2.jpg","https://media.birdweather.com/species/547/Clay-coloredThrush-thumbnail-a430288208e6c65f3790075ad1f1192e.jpg","https://media.birdweather.com/species/547/Clay-coloredThrush-png200-1247890112c02c6395175d20c306cf45.png","m/gFDwZ7toiKZoh0hQl26Wx8OeevSGcA",17317807441,"https://media.birdweather.com/soundscapes/19267/19267-20260924-151534.flac",6,9,"live"
11346644922,19267,"2026-09-24T09:15:38.500-06:00",0.781050860881805,0.783957958221436,9.09460172057007,"almost_certain","BirdNET",NA,10.2198,-83.7874,FALSE,547,"Clay-colored Thrush","Turdus grayi","#6a35aa","avian","https://media.birdweather.com/species/547/Clay-coloredThrush-standard-6bfc97468790235aef16f793d0f164d2.jpg","https://media.birdweather.com/species/547/Clay-coloredThrush-thumbnail-a430288208e6c65f3790075ad1f1192e.jpg","https://media.birdweather.com/species/547/Clay-coloredThrush-png200-1247890112c02c6395175d20c306cf45.png","m/gFDwZ7toiKZoh0hQl26Wx8OeevSGcA",17317807441,"https://media.birdweather.com/soundscapes/19267/19267-20260924-151534.flac",4.5,7.5,"live"
11346636686,19267,"2026-09-24T09:15:15.000-06:00",0.703003704547882,0.783957958221436,8.85207438798271,"almost_certain","BirdNET",NA,10.2198,-83.7874,FALSE,547,"Clay-colored Thrush","Turdus grayi","#6a35aa","avian","https://media.birdweather.com/species/547/Clay-coloredThrush-standard-6bfc97468790235aef16f793d0f164d2.jpg","https://media.birdweather.com/species/547/Clay-coloredThrush-thumbnail-a430288208e6c65f3790075ad1f1192e.jpg","https://media.birdweather.com/species/547/Clay-coloredThrush-png200-1247890112c02c6395175d20c306cf45.png","m/gFDwZ7toiKZoh0hQl26Wx8OeevSGcA",17317794458,"https://media.birdweather.com/soundscapes/19267/19267-20260924-151509.flac",6,9,"live"
11346636684,19267,"2026-09-24T09:15:13.500-06:00",0.970899343490601,0.783957958221436,9.55032689349406,"almost_certain","BirdNET",NA,10.2198,-83.7874,FALSE,547,"Clay-colored Thrush","Turdus grayi","#6a35aa","avian","https://media.birdweather.com/species/547/Clay-coloredThrush-standard-6bfc97468790235aef16f793d0f164d2.jpg","https://media.birdweather.com/species/547/Clay-coloredThrush-thumbnail-a430288208e6c65f3790075ad1f1192e.jpg","https://media.birdweather.com/species/547/Clay-coloredThrush-png200-1247890112c02c6395175d20c306cf45.png","m/gFDwZ7toiKZoh0hQl26Wx8OeevSGcA",17317794458,"https://media.birdweather.com/soundscapes/19267/19267-20260924-151509.flac",4.5,7.5,"live"
11346636681,19267,"2026-09-24T09:15:10.500-06:00",0.842967212200165,0.783957958221436,9.26047574607796,"almost_certain","BirdNET",NA,10.2198,-83.7874,FALSE,547,"Clay-colored Thrush","Turdus grayi","#6a35aa","avian","https://media.birdweather.com/species/547/Clay-coloredThrush-standard-6bfc97468790235aef16f793d0f164d2.jpg","https://media.birdweather.com/species/547/Clay-coloredThrush-thumbnail-a430288208e6c65f3790075ad1f1192e.jpg","https://media.birdweather.com/species/547/Clay-coloredThrush-png200-1247890112c02c6395175d20c306cf45.png","m/gFDwZ7toiKZoh0hQl26Wx8OeevSGcA",17317794458,"https://media.birdweather.com/soundscapes/19267/19267-20260924-151509.flac",1.5,4.5,"live"
11346628221,19267,"2026-09-24T09:14:43.000-06:00",0.836387574672699,0.756524562835693,9.19559841538681,"almost_certain","BirdNET",NA,10.2198,-83.7874,FALSE,229,"Great Kiskadee","Pitangus sulphuratus","#7d4410","avian","https://media.birdweather.com/species/229/GreatKiskadee-standard-cd28a1b8e8b8e5aed433e809c229004e.jpg","https://media.birdweather.com/species/229/GreatKiskadee-thumbnail-b2749ed2442fb322cf3c4cb72f9c97f6.jpg","https://media.birdweather.com/species/229/GreatKiskadee-png200-003973af4f863deb00a4ce9b6f10e59c.png","0PgFDwIrhYqfZJh1mVe3SZZ3uKEJBncG",17317781132,"https://media.birdweather.com/soundscapes/19267/19267-20260924-151443.flac",0,3,"live"
11346623932,19267,"2026-09-24T09:14:34.500-06:00",0.982550442218781,0.756524562835693,9.5257402557159,"almost_certain","BirdNET",NA,10.2198,-83.7874,FALSE,229,"Great Kiskadee","Pitangus sulphuratus","#7d4410","avian","https://media.birdweather.com/species/229/GreatKiskadee-standard-cd28a1b8e8b8e5aed433e809c229004e.jpg","https://media.birdweather.com/species/229/GreatKiskadee-thumbnail-b2749ed2442fb322cf3c4cb72f9c97f6.jpg","https://media.birdweather.com/species/229/GreatKiskadee-png200-003973af4f863deb00a4ce9b6f10e59c.png","0PgFDwIrhYqfZJh1mVe3SZZ3uKEJBncG",17317774786,"https://media.birdweather.com/soundscapes/19267/19267-20260924-151430.flac",4.5,7.5,"live"
11346623929,19267,"2026-09-24T09:14:33.000-06:00",0.99361389875412,0.756524562835693,9.54776852886745,"almost_certain","BirdNET",NA,10.2198,-83.7874,FALSE,229,"Great Kiskadee","Pitangus sulphuratus","#7d4410","avian","https://media.birdweather.com/species/229/GreatKiskadee-standard-cd28a1b8e8b8e5aed433e809c229004e.jpg","https://media.birdweather.com/species/229/GreatKiskadee-thumbnail-b2749ed2442fb322cf3c4cb72f9c97f6.jpg","https://media.birdweather.com/species/229/GreatKiskadee-png200-003973af4f863deb00a4ce9b6f10e59c.png","0PgFDwIrhYqfZJh1mVe3SZZ3uKEJBncG",17317774786,"https://media.birdweather.com/soundscapes/19267/19267-20260924-151430.flac",3,6,"live"
11346623924,19267,"2026-09-24T09:14:31.500-06:00",0.898209571838379,0.756524562835693,9.34504371498379,"almost_certain","BirdNET",NA,10.2198,-83.7874,FALSE,229,"Great Kiskadee","Pitangus sulphuratus","#7d4410","avian","https://media.birdweather.com/species/229/GreatKiskadee-standard-cd28a1b8e8b8e5aed433e809c229004e.jpg","https://media.birdweather.com/species/229/GreatKiskadee-thumbnail-b2749ed2442fb322cf3c4cb72f9c97f6.jpg","https://media.birdweather.com/species/229/GreatKiskadee-png200-003973af4f863deb00a4ce9b6f10e59c.png","0PgFDwIrhYqfZJh1mVe3SZZ3uKEJBncG",17317774786,"https://media.birdweather.com/soundscapes/19267/19267-20260924-151430.flac",1.5,4.5,"live"
11346619404,19267,"2026-09-24T09:14:22.000-06:00",0.860168814659119,0.756524562835693,9.25503066788634,"almost_certain","BirdNET",NA,10.2198,-83.7874,FALSE,229,"Great Kiskadee","Pitangus sulphuratus","#7d4410","avian","https://media.birdweather.com/species/229/GreatKiskadee-standard-cd28a1b8e8b8e5aed433e809c229004e.jpg","https://media.birdweather.com/species/229/GreatKiskadee-thumbnail-b2749ed2442fb322cf3c4cb72f9c97f6.jpg","https://media.birdweather.com/species/229/GreatKiskadee-png200-003973af4f863deb00a4ce9b6f10e59c.png","0PgFDwIrhYqfZJh1mVe3SZZ3uKEJBncG",17317767499,"https://media.birdweather.com/soundscapes/19267/19267-20260924-151416.flac",6,9,"live"
11346619401,19267,"2026-09-24T09:14:20.500-06:00",0.900239408016205,0.756524562835693,9.34968451032765,"almost_certain","BirdNET",NA,10.2198,-83.7874,FALSE,229,"Great Kiskadee","Pitangus sulphuratus","#7d4410","avian","https://media.birdweather.com/species/229/GreatKiskadee-standard-cd28a1b8e8b8e5aed433e809c229004e.jpg","https://media.birdweather.com/species/229/GreatKiskadee-thumbnail-b2749ed2442fb322cf3c4cb72f9c97f6.jpg","https://media.birdweather.com/species/229/GreatKiskadee-png200-003973af4f863deb00a4ce9b6f10e59c.png","0PgFDwIrhYqfZJh1mVe3SZZ3uKEJBncG",17317767499,"https://media.birdweather.com/soundscapes/19267/19267-20260924-151416.flac",4.5,7.5,"live"
11346619398,19267,"2026-09-24T09:14:19.000-06:00",0.963196873664856,0.756524562835693,9.48633283242714,"almost_certain","BirdNET",NA,10.2198,-83.7874,FALSE,229,"Great Kiskadee","Pitangus sulphuratus","#7d4410","avian","https://media.birdweather.com/species/229/GreatKiskadee-standard-cd28a1b8e8b8e5aed433e809c229004e.jpg","https://media.birdweather.com/species/229/GreatKiskadee-thumbnail-b2749ed2442fb322cf3c4cb72f9c97f6.jpg","https://media.birdweather.com/species/229/GreatKiskadee-png200-003973af4f863deb00a4ce9b6f10e59c.png","0PgFDwIrhYqfZJh1mVe3SZZ3uKEJBncG",17317767499,"https://media.birdweather.com/soundscapes/19267/19267-20260924-151416.flac",3,6,"live"
11346610902,19267,"2026-09-24T09:13:56.000-06:00",0.92473179101944,0.783959984779358,9.45265392130607,"almost_certain","BirdNET",NA,10.2198,-83.7874,FALSE,547,"Clay-colored Thrush","Turdus grayi","#6a35aa","avian","https://media.birdweather.com/species/547/Clay-coloredThrush-standard-6bfc97468790235aef16f793d0f164d2.jpg","https://media.birdweather.com/species/547/Clay-coloredThrush-thumbnail-a430288208e6c65f3790075ad1f1192e.jpg","https://media.birdweather.com/species/547/Clay-coloredThrush-png200-1247890112c02c6395175d20c306cf45.png","m/gFDwZ7toiKZoh0hQl26Wx8OeevSGcA",17317754547,"https://media.birdweather.com/soundscapes/19267/19267-20260924-151350.flac",6,9,"live"
11346610896,19267,"2026-09-24T09:13:53.000-06:00",0.924134254455566,0.783959984779358,9.4513429317761,"almost_certain","BirdNET",NA,10.2198,-83.7874,FALSE,547,"Clay-colored Thrush","Turdus grayi","#6a35aa","avian","https://media.birdweather.com/species/547/Clay-coloredThrush-standard-6bfc97468790235aef16f793d0f164d2.jpg","https://media.birdweather.com/species/547/Clay-coloredThrush-thumbnail-a430288208e6c65f3790075ad1f1192e.jpg","https://media.birdweather.com/species/547/Clay-coloredThrush-png200-1247890112c02c6395175d20c306cf45.png","m/gFDwZ7toiKZoh0hQl26Wx8OeevSGcA",17317754547,"https://media.birdweather.com/soundscapes/19267/19267-20260924-151350.flac",3,6,"live"
11346606042,19267,"2026-09-24T09:13:36.500-06:00",0.712648570537567,0.783959984779358,8.88447914877834,"almost_certain","BirdNET",NA,10.2198,-83.7874,FALSE,547,"Clay-colored Thrush","Turdus grayi","#6a35aa","avian","https://media.birdweather.com/species/547/Clay-coloredThrush-standard-6bfc97468790235aef16f793d0f164d2.jpg","https://media.birdweather.com/species/547/Clay-coloredThrush-thumbnail-a430288208e6c65f3790075ad1f1192e.jpg","https://media.birdweather.com/species/547/Clay-coloredThrush-png200-1247890112c02c6395175d20c306cf45.png","m/gFDwZ7toiKZoh0hQl26Wx8OeevSGcA",17317747100,"https://media.birdweather.com/soundscapes/19267/19267-20260924-151335.flac",1.5,4.5,"live"
11346597799,19267,"2026-09-24T09:13:08.000-06:00",0.837686598300934,0.783961832523346,9.24709331712374,"almost_certain","BirdNET",NA,10.2198,-83.7874,FALSE,547,"Clay-colored Thrush","Turdus grayi","#6a35aa","avian","https://media.birdweather.com/species/547/Clay-coloredThrush-standard-6bfc97468790235aef16f793d0f164d2.jpg","https://media.birdweather.com/species/547/Clay-coloredThrush-thumbnail-a430288208e6c65f3790075ad1f1192e.jpg","https://media.birdweather.com/species/547/Clay-coloredThrush-png200-1247890112c02c6395175d20c306cf45.png","m/gFDwZ7toiKZoh0hQl26Wx8OeevSGcA",17317734161,"https://media.birdweather.com/soundscapes/19267/19267-20260924-151308.flac",0,3,"live"
11346592491,19267,"2026-09-24T09:13:00.000-06:00",0.945803165435791,0.783961832523346,9.49810321080816,"almost_certain","BirdNET",NA,10.2198,-83.7874,FALSE,547,"Clay-colored Thrush","Turdus grayi","#6a35aa","avian","https://media.birdweather.com/species/547/Clay-coloredThrush-standard-6bfc97468790235aef16f793d0f164d2.jpg","https://media.birdweather.com/species/547/Clay-coloredThrush-thumbnail-a430288208e6c65f3790075ad1f1192e.jpg","https://media.birdweather.com/species/547/Clay-coloredThrush-png200-1247890112c02c6395175d20c306cf45.png","m/gFDwZ7toiKZoh0hQl26Wx8OeevSGcA",17317725896,"https://media.birdweather.com/soundscapes/19267/19267-20260924-151254.flac",6,9,"live"
11346592484,19267,"2026-09-24T09:12:57.000-06:00",0.760034561157227,0.783961832523346,9.03340860863308,"almost_certain","BirdNET",NA,10.2198,-83.7874,FALSE,547,"Clay-colored Thrush","Turdus grayi","#6a35aa","avian","https://media.birdweather.com/species/547/Clay-coloredThrush-standard-6bfc97468790235aef16f793d0f164d2.jpg","https://media.birdweather.com/species/547/Clay-coloredThrush-thumbnail-a430288208e6c65f3790075ad1f1192e.jpg","https://media.birdweather.com/species/547/Clay-coloredThrush-png200-1247890112c02c6395175d20c306cf45.png","m/gFDwZ7toiKZoh0hQl26Wx8OeevSGcA",17317725896,"https://media.birdweather.com/soundscapes/19267/19267-20260924-151254.flac",3,6,"live"
11346588199,19267,"2026-09-24T09:12:46.000-06:00",0.822696805000305,0.783961832523346,9.2083575450605,"almost_certain","BirdNET",NA,10.2198,-83.7874,FALSE,547,"Clay-colored Thrush","Turdus grayi","#6a35aa","avian","https://media.birdweather.com/species/547/Clay-coloredThrush-standard-6bfc97468790235aef16f793d0f164d2.jpg","https://media.birdweather.com/species/547/Clay-coloredThrush-thumbnail-a430288208e6c65f3790075ad1f1192e.jpg","https://media.birdweather.com/species/547/Clay-coloredThrush-png200-1247890112c02c6395175d20c306cf45.png","m/gFDwZ7toiKZoh0hQl26Wx8OeevSGcA",17317719631,"https://media.birdweather.com/soundscapes/19267/19267-20260924-151240.flac",6,9,"live"
11346579084,19267,"2026-09-24T09:12:13.000-06:00",0.944225490093231,0.756519675254822,9.44656247032826,"almost_certain","BirdNET",NA,10.2198,-83.7874,FALSE,229,"Great Kiskadee","Pitangus sulphuratus","#7d4410","avian","https://media.birdweather.com/species/229/GreatKiskadee-standard-cd28a1b8e8b8e5aed433e809c229004e.jpg","https://media.birdweather.com/species/229/GreatKiskadee-thumbnail-b2749ed2442fb322cf3c4cb72f9c97f6.jpg","https://media.birdweather.com/species/229/GreatKiskadee-png200-003973af4f863deb00a4ce9b6f10e59c.png","0PgFDwIrhYqfZJh1mVe3SZZ3uKEJBncG",17317705643,"https://media.birdweather.com/soundscapes/19267/19267-20260924-151213.flac",0,3,"live"
11346565096,19267,"2026-09-24T09:11:37.000-06:00",0.813672423362732,0.756523847579956,9.13631554754758,"almost_certain","BirdNET",NA,10.2198,-83.7874,FALSE,229,"Great Kiskadee","Pitangus sulphuratus","#7d4410","avian","https://media.birdweather.com/species/229/GreatKiskadee-standard-cd28a1b8e8b8e5aed433e809c229004e.jpg","https://media.birdweather.com/species/229/GreatKiskadee-thumbnail-b2749ed2442fb322cf3c4cb72f9c97f6.jpg","https://media.birdweather.com/species/229/GreatKiskadee-png200-003973af4f863deb00a4ce9b6f10e59c.png","0PgFDwIrhYqfZJh1mVe3SZZ3uKEJBncG",17317684529,"https://media.birdweather.com/soundscapes/19267/19267-20260924-151131.flac",6,9,"live"
11346565092,19267,"2026-09-24T09:11:34.000-06:00",0.721921622753143,0.756523847579956,8.86674587417761,"almost_certain","BirdNET",NA,10.2198,-83.7874,FALSE,229,"Great Kiskadee","Pitangus sulphuratus","#7d4410","avian","https://media.birdweather.com/species/229/GreatKiskadee-standard-cd28a1b8e8b8e5aed433e809c229004e.jpg","https://media.birdweather.com/species/229/GreatKiskadee-thumbnail-b2749ed2442fb322cf3c4cb72f9c97f6.jpg","https://media.birdweather.com/species/229/GreatKiskadee-png200-003973af4f863deb00a4ce9b6f10e59c.png","0PgFDwIrhYqfZJh1mVe3SZZ3uKEJBncG",17317684529,"https://media.birdweather.com/soundscapes/19267/19267-20260924-151131.flac",3,6,"live"
11346560603,19267,"2026-09-24T09:11:25.000-06:00",0.823649227619171,0.537795603275299,8.70239916584474,"almost_certain","BirdNET",NA,10.2198,-83.7874,FALSE,802,"Rufous-tailed Hummingbird","Amazilia tzacatl","#d9c845","avian","https://media.birdweather.com/species/802/Rufous-tailedHummingbird-standard-4d0209b50ad0c35c6d8337f5c0c16b55.jpg","https://media.birdweather.com/species/802/Rufous-tailedHummingbird-thumbnail-fbf17400c31564f70aa45927c5d75f5e.jpg","https://media.birdweather.com/species/802/Rufous-tailedHummingbird-png200-8ea431c9893cfe027e92471791a8c256.png","mPkJFwIHqJeJl4lriIaGhYh3+H+oVGAH",17317677829,"https://media.birdweather.com/soundscapes/19267/19267-20260924-151119.flac",6,9,"live"
11346326461,19267,"2026-09-24T08:59:59.000-06:00",0.849345624446869,0.756522238254547,9.22829726943373,"almost_certain","BirdNET",NA,10.2198,-83.7874,FALSE,229,"Great Kiskadee","Pitangus sulphuratus","#7d4410","avian","https://media.birdweather.com/species/229/GreatKiskadee-standard-cd28a1b8e8b8e5aed433e809c229004e.jpg","https://media.birdweather.com/species/229/GreatKiskadee-thumbnail-b2749ed2442fb322cf3c4cb72f9c97f6.jpg","https://media.birdweather.com/species/229/GreatKiskadee-png200-003973af4f863deb00a4ce9b6f10e59c.png","0PgFDwIrhYqfZJh1mVe3SZZ3uKEJBncG",17317315048,"https://media.birdweather.com/soundscapes/19267/19267-20260924-145956.flac",3,6,"live"
11346202659,19267,"2026-09-24T08:53:58.000-06:00",0.89873605966568,0.756525933742523,9.34625138011194,"almost_certain","BirdNET",NA,10.2198,-83.7874,FALSE,229,"Great Kiskadee","Pitangus sulphuratus","#7d4410","avian","https://media.birdweather.com/species/229/GreatKiskadee-standard-cd28a1b8e8b8e5aed433e809c229004e.jpg","https://media.birdweather.com/species/229/GreatKiskadee-thumbnail-b2749ed2442fb322cf3c4cb72f9c97f6.jpg","https://media.birdweather.com/species/229/GreatKiskadee-png200-003973af4f863deb00a4ce9b6f10e59c.png","0PgFDwIrhYqfZJh1mVe3SZZ3uKEJBncG",17317120928,"https://media.birdweather.com/soundscapes/19267/19267-20260924-145355.flac",3,6,"live"
11346127510,19267,"2026-09-24T08:50:19.500-06:00",0.981074273586273,0.756524264812469,9.52277358172895,"almost_certain","BirdNET",NA,10.2198,-83.7874,FALSE,229,"Great Kiskadee","Pitangus sulphuratus","#7d4410","avian","https://media.birdweather.com/species/229/GreatKiskadee-standard-cd28a1b8e8b8e5aed433e809c229004e.jpg","https://media.birdweather.com/species/229/GreatKiskadee-thumbnail-b2749ed2442fb322cf3c4cb72f9c97f6.jpg","https://media.birdweather.com/species/229/GreatKiskadee-png200-003973af4f863deb00a4ce9b6f10e59c.png","0PgFDwIrhYqfZJh1mVe3SZZ3uKEJBncG",17317004563,"https://media.birdweather.com/soundscapes/19267/19267-20260924-145018.flac",1.5,4.5,"live"
11346127503,19267,"2026-09-24T08:50:18.000-06:00",0.871646404266357,0.756524264812469,9.28281706819974,"almost_certain","BirdNET",NA,10.2198,-83.7874,FALSE,229,"Great Kiskadee","Pitangus sulphuratus","#7d4410","avian","https://media.birdweather.com/species/229/GreatKiskadee-standard-cd28a1b8e8b8e5aed433e809c229004e.jpg","https://media.birdweather.com/species/229/GreatKiskadee-thumbnail-b2749ed2442fb322cf3c4cb72f9c97f6.jpg","https://media.birdweather.com/species/229/GreatKiskadee-png200-003973af4f863deb00a4ce9b6f10e59c.png","0PgFDwIrhYqfZJh1mVe3SZZ3uKEJBncG",17317004563,"https://media.birdweather.com/soundscapes/19267/19267-20260924-145018.flac",0,3,"live"
11346103847,19267,"2026-09-24T08:49:15.500-06:00",0.73013710975647,0.756524264812469,8.89316631508853,"almost_certain","BirdNET",NA,10.2198,-83.7874,FALSE,229,"Great Kiskadee","Pitangus sulphuratus","#7d4410","avian","https://media.birdweather.com/species/229/GreatKiskadee-standard-cd28a1b8e8b8e5aed433e809c229004e.jpg","https://media.birdweather.com/species/229/GreatKiskadee-thumbnail-b2749ed2442fb322cf3c4cb72f9c97f6.jpg","https://media.birdweather.com/species/229/GreatKiskadee-png200-003973af4f863deb00a4ce9b6f10e59c.png","0PgFDwIrhYqfZJh1mVe3SZZ3uKEJBncG",17316968615,"https://media.birdweather.com/soundscapes/19267/19267-20260924-144911.flac",4.5,7.5,"live"
11346099498,19267,"2026-09-24T08:49:02.500-06:00",0.738339900970459,0.756524264812469,8.91904646623215,"almost_certain","BirdNET",NA,10.2198,-83.7874,FALSE,229,"Great Kiskadee","Pitangus sulphuratus","#7d4410","avian","https://media.birdweather.com/species/229/GreatKiskadee-standard-cd28a1b8e8b8e5aed433e809c229004e.jpg","https://media.birdweather.com/species/229/GreatKiskadee-thumbnail-b2749ed2442fb322cf3c4cb72f9c97f6.jpg","https://media.birdweather.com/species/229/GreatKiskadee-png200-003973af4f863deb00a4ce9b6f10e59c.png","0PgFDwIrhYqfZJh1mVe3SZZ3uKEJBncG",17316961800,"https://media.birdweather.com/soundscapes/19267/19267-20260924-144858.flac",4.5,7.5,"live"
11345937646,19267,"2026-09-24T08:41:02.000-06:00",0.904814541339874,0.75652289390564,9.36008431942914,"almost_certain","BirdNET",NA,10.2198,-83.7874,FALSE,229,"Great Kiskadee","Pitangus sulphuratus","#7d4410","avian","https://media.birdweather.com/species/229/GreatKiskadee-standard-cd28a1b8e8b8e5aed433e809c229004e.jpg","https://media.birdweather.com/species/229/GreatKiskadee-thumbnail-b2749ed2442fb322cf3c4cb72f9c97f6.jpg","https://media.birdweather.com/species/229/GreatKiskadee-png200-003973af4f863deb00a4ce9b6f10e59c.png","0PgFDwIrhYqfZJh1mVe3SZZ3uKEJBncG",17316714347,"https://media.birdweather.com/soundscapes/19267/19267-20260924-144056.flac",6,9,"live"
11345937644,19267,"2026-09-24T08:41:00.500-06:00",0.925302386283875,0.75652289390564,9.40572379112736,"almost_certain","BirdNET",NA,10.2198,-83.7874,FALSE,229,"Great Kiskadee","Pitangus sulphuratus","#7d4410","avian","https://media.birdweather.com/species/229/GreatKiskadee-standard-cd28a1b8e8b8e5aed433e809c229004e.jpg","https://media.birdweather.com/species/229/GreatKiskadee-thumbnail-b2749ed2442fb322cf3c4cb72f9c97f6.jpg","https://media.birdweather.com/species/229/GreatKiskadee-png200-003973af4f863deb00a4ce9b6f10e59c.png","0PgFDwIrhYqfZJh1mVe3SZZ3uKEJBncG",17316714347,"https://media.birdweather.com/soundscapes/19267/19267-20260924-144056.flac",4.5,7.5,"live"
11345937627,19267,"2026-09-24T08:40:56.000-06:00",0.737555980682373,0.75652289390564,8.91659173578397,"almost_certain","BirdNET",NA,10.2198,-83.7874,FALSE,229,"Great Kiskadee","Pitangus sulphuratus","#7d4410","avian","https://media.birdweather.com/species/229/GreatKiskadee-standard-cd28a1b8e8b8e5aed433e809c229004e.jpg","https://media.birdweather.com/species/229/GreatKiskadee-thumbnail-b2749ed2442fb322cf3c4cb72f9c97f6.jpg","https://media.birdweather.com/species/229/GreatKiskadee-png200-003973af4f863deb00a4ce9b6f10e59c.png","0PgFDwIrhYqfZJh1mVe3SZZ3uKEJBncG",17316714347,"https://media.birdweather.com/soundscapes/19267/19267-20260924-144056.flac",0,3,"live"
11345535976,19267,"2026-09-24T08:21:02.000-06:00",0.726513624191284,0.231055855751038,7.296708893018,"almost_certain","BirdNET",NA,10.2198,-83.7874,FALSE,501,"White-winged Dove","Zenaida asiatica","#d16ff8","avian","https://media.birdweather.com/species/501/White-wingedDove-standard-6528ef689b07d5a91f1c2275cdef19c9.jpg","https://media.birdweather.com/species/501/White-wingedDove-thumbnail-4a940adfd5a6c78c73c48c5095e7b896.jpg","https://media.birdweather.com/species/501/White-wingedDove-png200-d65decd3d571b5a9dbeca249ef97689f.png","IscJLwb6hoVelZWZdoh3eIeIdxBoB4IG",17316112344,"https://media.birdweather.com/soundscapes/19267/19267-20260924-142102.flac",0,3,"live"
11345517946,19267,"2026-09-24T08:20:09.500-06:00",0.962751984596252,0.756518840789795,9.48540326675059,"almost_certain","BirdNET",NA,10.2198,-83.7874,FALSE,229,"Great Kiskadee","Pitangus sulphuratus","#7d4410","avian","https://media.birdweather.com/species/229/GreatKiskadee-standard-cd28a1b8e8b8e5aed433e809c229004e.jpg","https://media.birdweather.com/species/229/GreatKiskadee-thumbnail-b2749ed2442fb322cf3c4cb72f9c97f6.jpg","https://media.birdweather.com/species/229/GreatKiskadee-png200-003973af4f863deb00a4ce9b6f10e59c.png","0PgFDwIrhYqfZJh1mVe3SZZ3uKEJBncG",17316085558,"https://media.birdweather.com/soundscapes/19267/19267-20260924-142008.flac",1.5,4.5,"live"
11345517939,19267,"2026-09-24T08:20:08.000-06:00",0.972856044769287,0.756518840789795,9.50613214261512,"almost_certain","BirdNET",NA,10.2198,-83.7874,FALSE,229,"Great Kiskadee","Pitangus sulphuratus","#7d4410","avian","https://media.birdweather.com/species/229/GreatKiskadee-standard-cd28a1b8e8b8e5aed433e809c229004e.jpg","https://media.birdweather.com/species/229/GreatKiskadee-thumbnail-b2749ed2442fb322cf3c4cb72f9c97f6.jpg","https://media.birdweather.com/species/229/GreatKiskadee-png200-003973af4f863deb00a4ce9b6f10e59c.png","0PgFDwIrhYqfZJh1mVe3SZZ3uKEJBncG",17316085558,"https://media.birdweather.com/soundscapes/19267/19267-20260924-142008.flac",0,3,"live"
11345288844,19267,"2026-09-24T08:09:31.000-06:00",0.775719404220581,0.783961892127991,9.07934011768809,"almost_certain","BirdNET",NA,10.2198,-83.7874,FALSE,547,"Clay-colored Thrush","Turdus grayi","#6a35aa","avian","https://media.birdweather.com/species/547/Clay-coloredThrush-standard-6bfc97468790235aef16f793d0f164d2.jpg","https://media.birdweather.com/species/547/Clay-coloredThrush-thumbnail-a430288208e6c65f3790075ad1f1192e.jpg","https://media.birdweather.com/species/547/Clay-coloredThrush-png200-1247890112c02c6395175d20c306cf45.png","m/gFDwZ7toiKZoh0hQl26Wx8OeevSGcA",17315741901,"https://media.birdweather.com/soundscapes/19267/19267-20260924-140925.flac",6,9,"live"
11345288842,19267,"2026-09-24T08:09:29.500-06:00",0.959503054618835,0.783961892127991,9.52686213991108,"almost_certain","BirdNET",NA,10.2198,-83.7874,FALSE,547,"Clay-colored Thrush","Turdus grayi","#6a35aa","avian","https://media.birdweather.com/species/547/Clay-coloredThrush-standard-6bfc97468790235aef16f793d0f164d2.jpg","https://media.birdweather.com/species/547/Clay-coloredThrush-thumbnail-a430288208e6c65f3790075ad1f1192e.jpg","https://media.birdweather.com/species/547/Clay-coloredThrush-png200-1247890112c02c6395175d20c306cf45.png","m/gFDwZ7toiKZoh0hQl26Wx8OeevSGcA",17315741901,"https://media.birdweather.com/soundscapes/19267/19267-20260924-140925.flac",4.5,7.5,"live"
11345288840,19267,"2026-09-24T08:09:28.000-06:00",0.907399773597717,0.783961892127991,9.41411192903888,"almost_certain","BirdNET",NA,10.2198,-83.7874,FALSE,547,"Clay-colored Thrush","Turdus grayi","#6a35aa","avian","https://media.birdweather.com/species/547/Clay-coloredThrush-standard-6bfc97468790235aef16f793d0f164d2.jpg","https://media.birdweather.com/species/547/Clay-coloredThrush-thumbnail-a430288208e6c65f3790075ad1f1192e.jpg","https://media.birdweather.com/species/547/Clay-coloredThrush-png200-1247890112c02c6395175d20c306cf45.png","m/gFDwZ7toiKZoh0hQl26Wx8OeevSGcA",17315741901,"https://media.birdweather.com/soundscapes/19267/19267-20260924-140925.flac",3,6,"live"
11345288839,19267,"2026-09-24T08:09:26.500-06:00",0.896777451038361,0.783961892127991,9.38994113575125,"almost_certain","BirdNET",NA,10.2198,-83.7874,FALSE,547,"Clay-colored Thrush","Turdus grayi","#6a35aa","avian","https://media.birdweather.com/species/547/Clay-coloredThrush-standard-6bfc97468790235aef16f793d0f164d2.jpg","https://media.birdweather.com/species/547/Clay-coloredThrush-thumbnail-a430288208e6c65f3790075ad1f1192e.jpg","https://media.birdweather.com/species/547/Clay-coloredThrush-png200-1247890112c02c6395175d20c306cf45.png","m/gFDwZ7toiKZoh0hQl26Wx8OeevSGcA",17315741901,"https://media.birdweather.com/soundscapes/19267/19267-20260924-140925.flac",1.5,4.5,"live"
11345288833,19267,"2026-09-24T08:09:25.000-06:00",0.88448828458786,0.783961892127991,9.36143482262614,"almost_certain","BirdNET",NA,10.2198,-83.7874,FALSE,547,"Clay-colored Thrush","Turdus grayi","#6a35aa","avian","https://media.birdweather.com/species/547/Clay-coloredThrush-standard-6bfc97468790235aef16f793d0f164d2.jpg","https://media.birdweather.com/species/547/Clay-coloredThrush-thumbnail-a430288208e6c65f3790075ad1f1192e.jpg","https://media.birdweather.com/species/547/Clay-coloredThrush-png200-1247890112c02c6395175d20c306cf45.png","m/gFDwZ7toiKZoh0hQl26Wx8OeevSGcA",17315741901,"https://media.birdweather.com/soundscapes/19267/19267-20260924-140925.flac",0,3,"live"
11345186529,19267,"2026-09-24T08:04:47.000-06:00",0.714547634124756,0.231055721640587,7.25772283111556,"almost_certain","BirdNET",NA,10.2198,-83.7874,FALSE,501,"White-winged Dove","Zenaida asiatica","#d16ff8","avian","https://media.birdweather.com/species/501/White-wingedDove-standard-6528ef689b07d5a91f1c2275cdef19c9.jpg","https://media.birdweather.com/species/501/White-wingedDove-thumbnail-4a940adfd5a6c78c73c48c5095e7b896.jpg","https://media.birdweather.com/species/501/White-wingedDove-png200-d65decd3d571b5a9dbeca249ef97689f.png","IscJLwb6hoVelZWZdoh3eIeIdxBoB4IG",17315593347,"https://media.birdweather.com/soundscapes/19267/19267-20260924-140444.flac",3,6,"live"
11345176941,19267,"2026-09-24T08:04:23.000-06:00",0.837507307529449,0.783958673477173,9.2466309655244,"almost_certain","BirdNET",NA,10.2198,-83.7874,FALSE,547,"Clay-colored Thrush","Turdus grayi","#6a35aa","avian","https://media.birdweather.com/species/547/Clay-coloredThrush-standard-6bfc97468790235aef16f793d0f164d2.jpg","https://media.birdweather.com/species/547/Clay-coloredThrush-thumbnail-a430288208e6c65f3790075ad1f1192e.jpg","https://media.birdweather.com/species/547/Clay-coloredThrush-png200-1247890112c02c6395175d20c306cf45.png","m/gFDwZ7toiKZoh0hQl26Wx8OeevSGcA",17315579138,"https://media.birdweather.com/soundscapes/19267/19267-20260924-140417.flac",6,9,"live"
11345176929,19267,"2026-09-24T08:04:17.000-06:00",0.702799320220947,0.783958673477173,8.8513806470416,"almost_certain","BirdNET",NA,10.2198,-83.7874,FALSE,547,"Clay-colored Thrush","Turdus grayi","#6a35aa","avian","https://media.birdweather.com/species/547/Clay-coloredThrush-standard-6bfc97468790235aef16f793d0f164d2.jpg","https://media.birdweather.com/species/547/Clay-coloredThrush-thumbnail-a430288208e6c65f3790075ad1f1192e.jpg","https://media.birdweather.com/species/547/Clay-coloredThrush-png200-1247890112c02c6395175d20c306cf45.png","m/gFDwZ7toiKZoh0hQl26Wx8OeevSGcA",17315579138,"https://media.birdweather.com/soundscapes/19267/19267-20260924-140417.flac",0,3,"live"
11345172022,19267,"2026-09-24T08:04:11.000-06:00",0.948346316814423,0.783958673477173,9.50348217931826,"almost_certain","BirdNET",NA,10.2198,-83.7874,FALSE,547,"Clay-colored Thrush","Turdus grayi","#6a35aa","avian","https://media.birdweather.com/species/547/Clay-coloredThrush-standard-6bfc97468790235aef16f793d0f164d2.jpg","https://media.birdweather.com/species/547/Clay-coloredThrush-thumbnail-a430288208e6c65f3790075ad1f1192e.jpg","https://media.birdweather.com/species/547/Clay-coloredThrush-png200-1247890112c02c6395175d20c306cf45.png","m/gFDwZ7toiKZoh0hQl26Wx8OeevSGcA",17315572306,"https://media.birdweather.com/soundscapes/19267/19267-20260924-140405.flac",6,9,"live"
11345172018,19267,"2026-09-24T08:04:09.500-06:00",0.940906643867493,0.783958673477173,9.4876707514881,"almost_certain","BirdNET",NA,10.2198,-83.7874,FALSE,547,"Clay-colored Thrush","Turdus grayi","#6a35aa","avian","https://media.birdweather.com/species/547/Clay-coloredThrush-standard-6bfc97468790235aef16f793d0f164d2.jpg","https://media.birdweather.com/species/547/Clay-coloredThrush-thumbnail-a430288208e6c65f3790075ad1f1192e.jpg","https://media.birdweather.com/species/547/Clay-coloredThrush-png200-1247890112c02c6395175d20c306cf45.png","m/gFDwZ7toiKZoh0hQl26Wx8OeevSGcA",17315572306,"https://media.birdweather.com/soundscapes/19267/19267-20260924-140405.flac",4.5,7.5,"live"
11345172016,19267,"2026-09-24T08:04:08.000-06:00",0.983396232128143,0.783958673477173,9.5756124507013,"almost_certain","BirdNET",NA,10.2198,-83.7874,FALSE,547,"Clay-colored Thrush","Turdus grayi","#6a35aa","avian","https://media.birdweather.com/species/547/Clay-coloredThrush-standard-6bfc97468790235aef16f793d0f164d2.jpg","https://media.birdweather.com/species/547/Clay-coloredThrush-thumbnail-a430288208e6c65f3790075ad1f1192e.jpg","https://media.birdweather.com/species/547/Clay-coloredThrush-png200-1247890112c02c6395175d20c306cf45.png","m/gFDwZ7toiKZoh0hQl26Wx8OeevSGcA",17315572306,"https://media.birdweather.com/soundscapes/19267/19267-20260924-140405.flac",3,6,"live"
11345172010,19267,"2026-09-24T08:04:06.500-06:00",0.908693134784698,0.783958673477173,9.41702047076547,"almost_certain","BirdNET",NA,10.2198,-83.7874,FALSE,547,"Clay-colored Thrush","Turdus grayi","#6a35aa","avian","https://media.birdweather.com/species/547/Clay-coloredThrush-standard-6bfc97468790235aef16f793d0f164d2.jpg","https://media.birdweather.com/species/547/Clay-coloredThrush-thumbnail-a430288208e6c65f3790075ad1f1192e.jpg","https://media.birdweather.com/species/547/Clay-coloredThrush-png200-1247890112c02c6395175d20c306cf45.png","m/gFDwZ7toiKZoh0hQl26Wx8OeevSGcA",17315572306,"https://media.birdweather.com/soundscapes/19267/19267-20260924-140405.flac",1.5,4.5,"live"
11345172003,19267,"2026-09-24T08:04:05.000-06:00",0.924902737140656,0.783958673477173,9.45302648210585,"almost_certain","BirdNET",NA,10.2198,-83.7874,FALSE,547,"Clay-colored Thrush","Turdus grayi","#6a35aa","avian","https://media.birdweather.com/species/547/Clay-coloredThrush-standard-6bfc97468790235aef16f793d0f164d2.jpg","https://media.birdweather.com/species/547/Clay-coloredThrush-thumbnail-a430288208e6c65f3790075ad1f1192e.jpg","https://media.birdweather.com/species/547/Clay-coloredThrush-png200-1247890112c02c6395175d20c306cf45.png","m/gFDwZ7toiKZoh0hQl26Wx8OeevSGcA",17315572306,"https://media.birdweather.com/soundscapes/19267/19267-20260924-140405.flac",0,3,"live"
11345167411,19267,"2026-09-24T08:03:58.000-06:00",0.970250129699707,0.783958673477173,9.54900176850249,"almost_certain","BirdNET",NA,10.2198,-83.7874,FALSE,547,"Clay-colored Thrush","Turdus grayi","#6a35aa","avian","https://media.birdweather.com/species/547/Clay-coloredThrush-standard-6bfc97468790235aef16f793d0f164d2.jpg","https://media.birdweather.com/species/547/Clay-coloredThrush-thumbnail-a430288208e6c65f3790075ad1f1192e.jpg","https://media.birdweather.com/species/547/Clay-coloredThrush-png200-1247890112c02c6395175d20c306cf45.png","m/gFDwZ7toiKZoh0hQl26Wx8OeevSGcA",17315565843,"https://media.birdweather.com/soundscapes/19267/19267-20260924-140352.flac",6,9,"live"
11345167406,19267,"2026-09-24T08:03:56.500-06:00",0.784409761428833,0.783958673477173,9.10413563214198,"almost_certain","BirdNET",NA,10.2198,-83.7874,FALSE,547,"Clay-colored Thrush","Turdus grayi","#6a35aa","avian","https://media.birdweather.com/species/547/Clay-coloredThrush-standard-6bfc97468790235aef16f793d0f164d2.jpg","https://media.birdweather.com/species/547/Clay-coloredThrush-thumbnail-a430288208e6c65f3790075ad1f1192e.jpg","https://media.birdweather.com/species/547/Clay-coloredThrush-png200-1247890112c02c6395175d20c306cf45.png","m/gFDwZ7toiKZoh0hQl26Wx8OeevSGcA",17315565843,"https://media.birdweather.com/soundscapes/19267/19267-20260924-140352.flac",4.5,7.5,"live"
11345167401,19267,"2026-09-24T08:03:55.000-06:00",0.814091742038727,0.783958673477173,9.18561031704503,"almost_certain","BirdNET",NA,10.2198,-83.7874,FALSE,547,"Clay-colored Thrush","Turdus grayi","#6a35aa","avian","https://media.birdweather.com/species/547/Clay-coloredThrush-standard-6bfc97468790235aef16f793d0f164d2.jpg","https://media.birdweather.com/species/547/Clay-coloredThrush-thumbnail-a430288208e6c65f3790075ad1f1192e.jpg","https://media.birdweather.com/species/547/Clay-coloredThrush-png200-1247890112c02c6395175d20c306cf45.png","m/gFDwZ7toiKZoh0hQl26Wx8OeevSGcA",17315565843,"https://media.birdweather.com/soundscapes/19267/19267-20260924-140352.flac",3,6,"live"
11345167397,19267,"2026-09-24T08:03:52.000-06:00",0.900564610958099,0.783958673477173,9.3986021552149,"almost_certain","BirdNET",NA,10.2198,-83.7874,FALSE,547,"Clay-colored Thrush","Turdus grayi","#6a35aa","avian","https://media.birdweather.com/species/547/Clay-coloredThrush-standard-6bfc97468790235aef16f793d0f164d2.jpg","https://media.birdweather.com/species/547/Clay-coloredThrush-thumbnail-a430288208e6c65f3790075ad1f1192e.jpg","https://media.birdweather.com/species/547/Clay-coloredThrush-png200-1247890112c02c6395175d20c306cf45.png","m/gFDwZ7toiKZoh0hQl26Wx8OeevSGcA",17315565843,"https://media.birdweather.com/soundscapes/19267/19267-20260924-140352.flac",0,3,"live"
11345162234,19267,"2026-09-24T08:03:44.000-06:00",0.780662834644318,0.783958673477173,9.09349743661329,"almost_certain","BirdNET",NA,10.2198,-83.7874,FALSE,547,"Clay-colored Thrush","Turdus grayi","#6a35aa","avian","https://media.birdweather.com/species/547/Clay-coloredThrush-standard-6bfc97468790235aef16f793d0f164d2.jpg","https://media.birdweather.com/species/547/Clay-coloredThrush-thumbnail-a430288208e6c65f3790075ad1f1192e.jpg","https://media.birdweather.com/species/547/Clay-coloredThrush-png200-1247890112c02c6395175d20c306cf45.png","m/gFDwZ7toiKZoh0hQl26Wx8OeevSGcA",17315558691,"https://media.birdweather.com/soundscapes/19267/19267-20260924-140338.flac",6,9,"live"
11345162230,19267,"2026-09-24T08:03:42.500-06:00",0.906481981277466,0.783958673477173,9.41203471421368,"almost_certain","BirdNET",NA,10.2198,-83.7874,FALSE,547,"Clay-colored Thrush","Turdus grayi","#6a35aa","avian","https://media.birdweather.com/species/547/Clay-coloredThrush-standard-6bfc97468790235aef16f793d0f164d2.jpg","https://media.birdweather.com/species/547/Clay-coloredThrush-thumbnail-a430288208e6c65f3790075ad1f1192e.jpg","https://media.birdweather.com/species/547/Clay-coloredThrush-png200-1247890112c02c6395175d20c306cf45.png","m/gFDwZ7toiKZoh0hQl26Wx8OeevSGcA",17315558691,"https://media.birdweather.com/soundscapes/19267/19267-20260924-140338.flac",4.5,7.5,"live"
11345162225,19267,"2026-09-24T08:03:39.500-06:00",0.775649964809418,0.783958673477173,9.07913457421108,"almost_certain","BirdNET",NA,10.2198,-83.7874,FALSE,547,"Clay-colored Thrush","Turdus grayi","#6a35aa","avian","https://media.birdweather.com/species/547/Clay-coloredThrush-standard-6bfc97468790235aef16f793d0f164d2.jpg","https://media.birdweather.com/species/547/Clay-coloredThrush-thumbnail-a430288208e6c65f3790075ad1f1192e.jpg","https://media.birdweather.com/species/547/Clay-coloredThrush-png200-1247890112c02c6395175d20c306cf45.png","m/gFDwZ7toiKZoh0hQl26Wx8OeevSGcA",17315558691,"https://media.birdweather.com/soundscapes/19267/19267-20260924-140338.flac",1.5,4.5,"live"
11345162220,19267,"2026-09-24T08:03:38.000-06:00",0.973542869091034,0.783958673477173,9.55571569244542,"almost_certain","BirdNET",NA,10.2198,-83.7874,FALSE,547,"Clay-colored Thrush","Turdus grayi","#6a35aa","avian","https://media.birdweather.com/species/547/Clay-coloredThrush-standard-6bfc97468790235aef16f793d0f164d2.jpg","https://media.birdweather.com/species/547/Clay-coloredThrush-thumbnail-a430288208e6c65f3790075ad1f1192e.jpg","https://media.birdweather.com/species/547/Clay-coloredThrush-png200-1247890112c02c6395175d20c306cf45.png","m/gFDwZ7toiKZoh0hQl26Wx8OeevSGcA",17315558691,"https://media.birdweather.com/soundscapes/19267/19267-20260924-140338.flac",0,3,"live"
11345139257,19267,"2026-09-24T08:02:39.000-06:00",0.735682487487793,0.231055721640587,7.32584724683961,"almost_certain","BirdNET",NA,10.2198,-83.7874,FALSE,501,"White-winged Dove","Zenaida asiatica","#d16ff8","avian","https://media.birdweather.com/species/501/White-wingedDove-standard-6528ef689b07d5a91f1c2275cdef19c9.jpg","https://media.birdweather.com/species/501/White-wingedDove-thumbnail-4a940adfd5a6c78c73c48c5095e7b896.jpg","https://media.birdweather.com/species/501/White-wingedDove-png200-d65decd3d571b5a9dbeca249ef97689f.png","IscJLwb6hoVelZWZdoh3eIeIdxBoB4IG",17315524867,"https://media.birdweather.com/soundscapes/19267/19267-20260924-140233.flac",6,9,"live"
11344745827,19267,"2026-09-24T07:43:55.500-06:00",0.826898336410522,0.783963084220886,9.21932798885371,"almost_certain","BirdNET",NA,10.2198,-83.7874,FALSE,547,"Clay-colored Thrush","Turdus grayi","#6a35aa","avian","https://media.birdweather.com/species/547/Clay-coloredThrush-standard-6bfc97468790235aef16f793d0f164d2.jpg","https://media.birdweather.com/species/547/Clay-coloredThrush-thumbnail-a430288208e6c65f3790075ad1f1192e.jpg","https://media.birdweather.com/species/547/Clay-coloredThrush-png200-1247890112c02c6395175d20c306cf45.png","m/gFDwZ7toiKZoh0hQl26Wx8OeevSGcA",17314944399,"https://media.birdweather.com/soundscapes/19267/19267-20260924-134354.flac",1.5,4.5,"live"
11344737203,19267,"2026-09-24T07:43:34.000-06:00",0.828984141349792,0.783959329128265,9.22473415051496,"almost_certain","BirdNET",NA,10.2198,-83.7874,FALSE,547,"Clay-colored Thrush","Turdus grayi","#6a35aa","avian","https://media.birdweather.com/species/547/Clay-coloredThrush-standard-6bfc97468790235aef16f793d0f164d2.jpg","https://media.birdweather.com/species/547/Clay-coloredThrush-thumbnail-a430288208e6c65f3790075ad1f1192e.jpg","https://media.birdweather.com/species/547/Clay-coloredThrush-png200-1247890112c02c6395175d20c306cf45.png","m/gFDwZ7toiKZoh0hQl26Wx8OeevSGcA",17314931471,"https://media.birdweather.com/soundscapes/19267/19267-20260924-134328.flac",6,9,"live"
11344737201,19267,"2026-09-24T07:43:32.500-06:00",0.869706511497498,0.783959329128265,9.3263373005707,"almost_certain","BirdNET",NA,10.2198,-83.7874,FALSE,547,"Clay-colored Thrush","Turdus grayi","#6a35aa","avian","https://media.birdweather.com/species/547/Clay-coloredThrush-standard-6bfc97468790235aef16f793d0f164d2.jpg","https://media.birdweather.com/species/547/Clay-coloredThrush-thumbnail-a430288208e6c65f3790075ad1f1192e.jpg","https://media.birdweather.com/species/547/Clay-coloredThrush-png200-1247890112c02c6395175d20c306cf45.png","m/gFDwZ7toiKZoh0hQl26Wx8OeevSGcA",17314931471,"https://media.birdweather.com/soundscapes/19267/19267-20260924-134328.flac",4.5,7.5,"live"
11344737200,19267,"2026-09-24T07:43:31.000-06:00",0.780418455600739,0.783959329128265,9.09280185416301,"almost_certain","BirdNET",NA,10.2198,-83.7874,FALSE,547,"Clay-colored Thrush","Turdus grayi","#6a35aa","avian","https://media.birdweather.com/species/547/Clay-coloredThrush-standard-6bfc97468790235aef16f793d0f164d2.jpg","https://media.birdweather.com/species/547/Clay-coloredThrush-thumbnail-a430288208e6c65f3790075ad1f1192e.jpg","https://media.birdweather.com/species/547/Clay-coloredThrush-png200-1247890112c02c6395175d20c306cf45.png","m/gFDwZ7toiKZoh0hQl26Wx8OeevSGcA",17314931471,"https://media.birdweather.com/soundscapes/19267/19267-20260924-134328.flac",3,6,"live"
11344737199,19267,"2026-09-24T07:43:29.500-06:00",0.790258526802063,0.783959329128265,9.12057908512397,"almost_certain","BirdNET",NA,10.2198,-83.7874,FALSE,547,"Clay-colored Thrush","Turdus grayi","#6a35aa","avian","https://media.birdweather.com/species/547/Clay-coloredThrush-standard-6bfc97468790235aef16f793d0f164d2.jpg","https://media.birdweather.com/species/547/Clay-coloredThrush-thumbnail-a430288208e6c65f3790075ad1f1192e.jpg","https://media.birdweather.com/species/547/Clay-coloredThrush-png200-1247890112c02c6395175d20c306cf45.png","m/gFDwZ7toiKZoh0hQl26Wx8OeevSGcA",17314931471,"https://media.birdweather.com/soundscapes/19267/19267-20260924-134328.flac",1.5,4.5,"live"
11344737197,19267,"2026-09-24T07:43:28.000-06:00",0.732304215431213,0.783959329128265,8.94822854372304,"almost_certain","BirdNET",NA,10.2198,-83.7874,FALSE,547,"Clay-colored Thrush","Turdus grayi","#6a35aa","avian","https://media.birdweather.com/species/547/Clay-coloredThrush-standard-6bfc97468790235aef16f793d0f164d2.jpg","https://media.birdweather.com/species/547/Clay-coloredThrush-thumbnail-a430288208e6c65f3790075ad1f1192e.jpg","https://media.birdweather.com/species/547/Clay-coloredThrush-png200-1247890112c02c6395175d20c306cf45.png","m/gFDwZ7toiKZoh0hQl26Wx8OeevSGcA",17314931471,"https://media.birdweather.com/soundscapes/19267/19267-20260924-134328.flac",0,3,"live"
11344732647,19267,"2026-09-24T07:43:20.000-06:00",0.900784134864807,0.783959329128265,9.39910397007403,"almost_certain","BirdNET",NA,10.2198,-83.7874,FALSE,547,"Clay-colored Thrush","Turdus grayi","#6a35aa","avian","https://media.birdweather.com/species/547/Clay-coloredThrush-standard-6bfc97468790235aef16f793d0f164d2.jpg","https://media.birdweather.com/species/547/Clay-coloredThrush-thumbnail-a430288208e6c65f3790075ad1f1192e.jpg","https://media.birdweather.com/species/547/Clay-coloredThrush-png200-1247890112c02c6395175d20c306cf45.png","m/gFDwZ7toiKZoh0hQl26Wx8OeevSGcA",17314924226,"https://media.birdweather.com/soundscapes/19267/19267-20260924-134314.flac",6,9,"live"
11344732645,19267,"2026-09-24T07:43:18.500-06:00",0.894883096218109,0.783959329128265,9.38558099582822,"almost_certain","BirdNET",NA,10.2198,-83.7874,FALSE,547,"Clay-colored Thrush","Turdus grayi","#6a35aa","avian","https://media.birdweather.com/species/547/Clay-coloredThrush-standard-6bfc97468790235aef16f793d0f164d2.jpg","https://media.birdweather.com/species/547/Clay-coloredThrush-thumbnail-a430288208e6c65f3790075ad1f1192e.jpg","https://media.birdweather.com/species/547/Clay-coloredThrush-png200-1247890112c02c6395175d20c306cf45.png","m/gFDwZ7toiKZoh0hQl26Wx8OeevSGcA",17314924226,"https://media.birdweather.com/soundscapes/19267/19267-20260924-134314.flac",4.5,7.5,"live"
11344732643,19267,"2026-09-24T07:43:17.000-06:00",0.841307044029236,0.783959329128265,9.25628280372884,"almost_certain","BirdNET",NA,10.2198,-83.7874,FALSE,547,"Clay-colored Thrush","Turdus grayi","#6a35aa","avian","https://media.birdweather.com/species/547/Clay-coloredThrush-standard-6bfc97468790235aef16f793d0f164d2.jpg","https://media.birdweather.com/species/547/Clay-coloredThrush-thumbnail-a430288208e6c65f3790075ad1f1192e.jpg","https://media.birdweather.com/species/547/Clay-coloredThrush-png200-1247890112c02c6395175d20c306cf45.png","m/gFDwZ7toiKZoh0hQl26Wx8OeevSGcA",17314924226,"https://media.birdweather.com/soundscapes/19267/19267-20260924-134314.flac",3,6,"live"
11344732634,19267,"2026-09-24T07:43:14.000-06:00",0.749742448329926,0.783959329128265,9.00240593225629,"almost_certain","BirdNET",NA,10.2198,-83.7874,FALSE,547,"Clay-colored Thrush","Turdus grayi","#6a35aa","avian","https://media.birdweather.com/species/547/Clay-coloredThrush-standard-6bfc97468790235aef16f793d0f164d2.jpg","https://media.birdweather.com/species/547/Clay-coloredThrush-thumbnail-a430288208e6c65f3790075ad1f1192e.jpg","https://media.birdweather.com/species/547/Clay-coloredThrush-png200-1247890112c02c6395175d20c306cf45.png","m/gFDwZ7toiKZoh0hQl26Wx8OeevSGcA",17314924226,"https://media.birdweather.com/soundscapes/19267/19267-20260924-134314.flac",0,3,"live"
11344723976,19267,"2026-09-24T07:42:55.000-06:00",0.784999966621399,0.783959329128265,9.10580495638952,"almost_certain","BirdNET",NA,10.2198,-83.7874,FALSE,547,"Clay-colored Thrush","Turdus grayi","#6a35aa","avian","https://media.birdweather.com/species/547/Clay-coloredThrush-standard-6bfc97468790235aef16f793d0f164d2.jpg","https://media.birdweather.com/species/547/Clay-coloredThrush-thumbnail-a430288208e6c65f3790075ad1f1192e.jpg","https://media.birdweather.com/species/547/Clay-coloredThrush-png200-1247890112c02c6395175d20c306cf45.png","m/gFDwZ7toiKZoh0hQl26Wx8OeevSGcA",17314911190,"https://media.birdweather.com/soundscapes/19267/19267-20260924-134249.flac",6,9,"live"
11344723970,19267,"2026-09-24T07:42:52.000-06:00",0.764615535736084,0.783959329128265,9.04697912454719,"almost_certain","BirdNET",NA,10.2198,-83.7874,FALSE,547,"Clay-colored Thrush","Turdus grayi","#6a35aa","avian","https://media.birdweather.com/species/547/Clay-coloredThrush-standard-6bfc97468790235aef16f793d0f164d2.jpg","https://media.birdweather.com/species/547/Clay-coloredThrush-thumbnail-a430288208e6c65f3790075ad1f1192e.jpg","https://media.birdweather.com/species/547/Clay-coloredThrush-png200-1247890112c02c6395175d20c306cf45.png","m/gFDwZ7toiKZoh0hQl26Wx8OeevSGcA",17314911190,"https://media.birdweather.com/soundscapes/19267/19267-20260924-134249.flac",3,6,"live"
11344710383,19267,"2026-09-24T07:42:09.000-06:00",0.924196779727936,0.0310441125184298,5.39301181680279,"almost_certain","BirdNET",NA,10.2198,-83.7874,FALSE,242,"Barn Owl","Tyto alba","#c57e94","avian","https://media.birdweather.com/species/242/BarnOwl-standard-8bec9306e3928726cbb18b498dd33c03.jpg","https://media.birdweather.com/species/242/BarnOwl-thumbnail-f2dc3ee81bc91e5f2214d7a2b7be6eef.jpg","https://media.birdweather.com/species/242/BarnOwl-png200-fe95e07244e391ae77d98d1c722d7699.png","4PgFFwKCFGWPgIlpq2aJdXiHiQRFCWME",17314890141,"https://media.birdweather.com/soundscapes/19267/19267-20260924-134206.flac",3,6,"live"
11344679882,19267,"2026-09-24T07:40:35.000-06:00",0.816186189651489,0.231064483523369,7.55818574138475,"almost_certain","BirdNET",NA,10.2198,-83.7874,FALSE,501,"White-winged Dove","Zenaida asiatica","#d16ff8","avian","https://media.birdweather.com/species/501/White-wingedDove-standard-6528ef689b07d5a91f1c2275cdef19c9.jpg","https://media.birdweather.com/species/501/White-wingedDove-thumbnail-4a940adfd5a6c78c73c48c5095e7b896.jpg","https://media.birdweather.com/species/501/White-wingedDove-png200-d65decd3d571b5a9dbeca249ef97689f.png","IscJLwb6hoVelZWZdoh3eIeIdxBoB4IG",17314842588,"https://media.birdweather.com/soundscapes/19267/19267-20260924-134032.flac",3,6,"live"
11344679878,19267,"2026-09-24T07:40:33.500-06:00",0.857889473438263,0.231064483523369,7.6646256081853,"almost_certain","BirdNET",NA,10.2198,-83.7874,FALSE,501,"White-winged Dove","Zenaida asiatica","#d16ff8","avian","https://media.birdweather.com/species/501/White-wingedDove-standard-6528ef689b07d5a91f1c2275cdef19c9.jpg","https://media.birdweather.com/species/501/White-wingedDove-thumbnail-4a940adfd5a6c78c73c48c5095e7b896.jpg","https://media.birdweather.com/species/501/White-wingedDove-png200-d65decd3d571b5a9dbeca249ef97689f.png","IscJLwb6hoVelZWZdoh3eIeIdxBoB4IG",17314842588,"https://media.birdweather.com/soundscapes/19267/19267-20260924-134032.flac",1.5,4.5,"live"
11344675738,19267,"2026-09-24T07:40:22.000-06:00",0.746027171611786,0.231064483523369,7.35804564719253,"almost_certain","BirdNET",NA,10.2198,-83.7874,FALSE,501,"White-winged Dove","Zenaida asiatica","#d16ff8","avian","https://media.birdweather.com/species/501/White-wingedDove-standard-6528ef689b07d5a91f1c2275cdef19c9.jpg","https://media.birdweather.com/species/501/White-wingedDove-thumbnail-4a940adfd5a6c78c73c48c5095e7b896.jpg","https://media.birdweather.com/species/501/White-wingedDove-png200-d65decd3d571b5a9dbeca249ef97689f.png","IscJLwb6hoVelZWZdoh3eIeIdxBoB4IG",17314836084,"https://media.birdweather.com/soundscapes/19267/19267-20260924-134019.flac",3,6,"live"
11344675733,19267,"2026-09-24T07:40:20.500-06:00",0.712995529174805,0.231064483523369,7.25263359279332,"almost_certain","BirdNET",NA,10.2198,-83.7874,FALSE,501,"White-winged Dove","Zenaida asiatica","#d16ff8","avian","https://media.birdweather.com/species/501/White-wingedDove-standard-6528ef689b07d5a91f1c2275cdef19c9.jpg","https://media.birdweather.com/species/501/White-wingedDove-thumbnail-4a940adfd5a6c78c73c48c5095e7b896.jpg","https://media.birdweather.com/species/501/White-wingedDove-png200-d65decd3d571b5a9dbeca249ef97689f.png","IscJLwb6hoVelZWZdoh3eIeIdxBoB4IG",17314836084,"https://media.birdweather.com/soundscapes/19267/19267-20260924-134019.flac",1.5,4.5,"live"
11344663196,19267,"2026-09-24T07:39:45.000-06:00",0.885147631168365,0.231064483523369,7.72997914272042,"almost_certain","BirdNET",NA,10.2198,-83.7874,FALSE,501,"White-winged Dove","Zenaida asiatica","#d16ff8","avian","https://media.birdweather.com/species/501/White-wingedDove-standard-6528ef689b07d5a91f1c2275cdef19c9.jpg","https://media.birdweather.com/species/501/White-wingedDove-thumbnail-4a940adfd5a6c78c73c48c5095e7b896.jpg","https://media.birdweather.com/species/501/White-wingedDove-png200-d65decd3d571b5a9dbeca249ef97689f.png","IscJLwb6hoVelZWZdoh3eIeIdxBoB4IG",17314816129,"https://media.birdweather.com/soundscapes/19267/19267-20260924-133939.flac",6,9,"live"
11344663193,19267,"2026-09-24T07:39:42.000-06:00",0.88377058506012,0.231064483523369,7.72675127953062,"almost_certain","BirdNET",NA,10.2198,-83.7874,FALSE,501,"White-winged Dove","Zenaida asiatica","#d16ff8","avian","https://media.birdweather.com/species/501/White-wingedDove-standard-6528ef689b07d5a91f1c2275cdef19c9.jpg","https://media.birdweather.com/species/501/White-wingedDove-thumbnail-4a940adfd5a6c78c73c48c5095e7b896.jpg","https://media.birdweather.com/species/501/White-wingedDove-png200-d65decd3d571b5a9dbeca249ef97689f.png","IscJLwb6hoVelZWZdoh3eIeIdxBoB4IG",17314816129,"https://media.birdweather.com/soundscapes/19267/19267-20260924-133939.flac",3,6,"live"
11344663190,19267,"2026-09-24T07:39:40.500-06:00",0.950082063674927,0.231064483523369,7.87415031231694,"almost_certain","BirdNET",NA,10.2198,-83.7874,FALSE,501,"White-winged Dove","Zenaida asiatica","#d16ff8","avian","https://media.birdweather.com/species/501/White-wingedDove-standard-6528ef689b07d5a91f1c2275cdef19c9.jpg","https://media.birdweather.com/species/501/White-wingedDove-thumbnail-4a940adfd5a6c78c73c48c5095e7b896.jpg","https://media.birdweather.com/species/501/White-wingedDove-png200-d65decd3d571b5a9dbeca249ef97689f.png","IscJLwb6hoVelZWZdoh3eIeIdxBoB4IG",17314816129,"https://media.birdweather.com/soundscapes/19267/19267-20260924-133939.flac",1.5,4.5,"live"
11344663189,19267,"2026-09-24T07:39:39.000-06:00",0.786443829536438,0.231064483523369,7.47688158932214,"almost_certain","BirdNET",NA,10.2198,-83.7874,FALSE,501,"White-winged Dove","Zenaida asiatica","#d16ff8","avian","https://media.birdweather.com/species/501/White-wingedDove-standard-6528ef689b07d5a91f1c2275cdef19c9.jpg","https://media.birdweather.com/species/501/White-wingedDove-thumbnail-4a940adfd5a6c78c73c48c5095e7b896.jpg","https://media.birdweather.com/species/501/White-wingedDove-png200-d65decd3d571b5a9dbeca249ef97689f.png","IscJLwb6hoVelZWZdoh3eIeIdxBoB4IG",17314816129,"https://media.birdweather.com/soundscapes/19267/19267-20260924-133939.flac",0,3,"live"
11344653566,19267,"2026-09-24T07:39:15.000-06:00",0.920601785182953,0.231064483523369,7.81057001221796,"almost_certain","BirdNET",NA,10.2198,-83.7874,FALSE,501,"White-winged Dove","Zenaida asiatica","#d16ff8","avian","https://media.birdweather.com/species/501/White-wingedDove-standard-6528ef689b07d5a91f1c2275cdef19c9.jpg","https://media.birdweather.com/species/501/White-wingedDove-thumbnail-4a940adfd5a6c78c73c48c5095e7b896.jpg","https://media.birdweather.com/species/501/White-wingedDove-png200-d65decd3d571b5a9dbeca249ef97689f.png","IscJLwb6hoVelZWZdoh3eIeIdxBoB4IG",17314800663,"https://media.birdweather.com/soundscapes/19267/19267-20260924-133909.flac",6,9,"live"
11344653563,19267,"2026-09-24T07:39:13.500-06:00",0.991299211978912,0.231064483523369,7.95836987906234,"almost_certain","BirdNET",NA,10.2198,-83.7874,FALSE,501,"White-winged Dove","Zenaida asiatica","#d16ff8","avian","https://media.birdweather.com/species/501/White-wingedDove-standard-6528ef689b07d5a91f1c2275cdef19c9.jpg","https://media.birdweather.com/species/501/White-wingedDove-thumbnail-4a940adfd5a6c78c73c48c5095e7b896.jpg","https://media.birdweather.com/species/501/White-wingedDove-png200-d65decd3d571b5a9dbeca249ef97689f.png","IscJLwb6hoVelZWZdoh3eIeIdxBoB4IG",17314800663,"https://media.birdweather.com/soundscapes/19267/19267-20260924-133909.flac",4.5,7.5,"live"
11344649699,19267,"2026-09-24T07:39:02.000-06:00",0.969269156455994,0.231064483523369,7.91400045998739,"almost_certain","BirdNET",NA,10.2198,-83.7874,FALSE,501,"White-winged Dove","Zenaida asiatica","#d16ff8","avian","https://media.birdweather.com/species/501/White-wingedDove-standard-6528ef689b07d5a91f1c2275cdef19c9.jpg","https://media.birdweather.com/species/501/White-wingedDove-thumbnail-4a940adfd5a6c78c73c48c5095e7b896.jpg","https://media.birdweather.com/species/501/White-wingedDove-png200-d65decd3d571b5a9dbeca249ef97689f.png","IscJLwb6hoVelZWZdoh3eIeIdxBoB4IG",17314794238,"https://media.birdweather.com/soundscapes/19267/19267-20260924-133856.flac",6,9,"live"
11344649689,19267,"2026-09-24T07:39:00.500-06:00",0.94379061460495,0.231064483523369,7.86082697177105,"almost_certain","BirdNET",NA,10.2198,-83.7874,FALSE,501,"White-winged Dove","Zenaida asiatica","#d16ff8","avian","https://media.birdweather.com/species/501/White-wingedDove-standard-6528ef689b07d5a91f1c2275cdef19c9.jpg","https://media.birdweather.com/species/501/White-wingedDove-thumbnail-4a940adfd5a6c78c73c48c5095e7b896.jpg","https://media.birdweather.com/species/501/White-wingedDove-png200-d65decd3d571b5a9dbeca249ef97689f.png","IscJLwb6hoVelZWZdoh3eIeIdxBoB4IG",17314794238,"https://media.birdweather.com/soundscapes/19267/19267-20260924-133856.flac",4.5,7.5,"live"
11344649686,19267,"2026-09-24T07:38:59.000-06:00",0.963760733604431,0.231064483523369,7.90267800980511,"almost_certain","BirdNET",NA,10.2198,-83.7874,FALSE,501,"White-winged Dove","Zenaida asiatica","#d16ff8","avian","https://media.birdweather.com/species/501/White-wingedDove-standard-6528ef689b07d5a91f1c2275cdef19c9.jpg","https://media.birdweather.com/species/501/White-wingedDove-thumbnail-4a940adfd5a6c78c73c48c5095e7b896.jpg","https://media.birdweather.com/species/501/White-wingedDove-png200-d65decd3d571b5a9dbeca249ef97689f.png","IscJLwb6hoVelZWZdoh3eIeIdxBoB4IG",17314794238,"https://media.birdweather.com/soundscapes/19267/19267-20260924-133856.flac",3,6,"live"
11344649682,19267,"2026-09-24T07:38:56.000-06:00",0.921314060688019,0.231064483523369,7.81214148350915,"almost_certain","BirdNET",NA,10.2198,-83.7874,FALSE,501,"White-winged Dove","Zenaida asiatica","#d16ff8","avian","https://media.birdweather.com/species/501/White-wingedDove-standard-6528ef689b07d5a91f1c2275cdef19c9.jpg","https://media.birdweather.com/species/501/White-wingedDove-thumbnail-4a940adfd5a6c78c73c48c5095e7b896.jpg","https://media.birdweather.com/species/501/White-wingedDove-png200-d65decd3d571b5a9dbeca249ef97689f.png","IscJLwb6hoVelZWZdoh3eIeIdxBoB4IG",17314794238,"https://media.birdweather.com/soundscapes/19267/19267-20260924-133856.flac",0,3,"live"
11344645981,19267,"2026-09-24T07:38:49.000-06:00",0.891400456428528,0.231060102581978,7.74451625292452,"almost_certain","BirdNET",NA,10.2198,-83.7874,FALSE,501,"White-winged Dove","Zenaida asiatica","#d16ff8","avian","https://media.birdweather.com/species/501/White-wingedDove-standard-6528ef689b07d5a91f1c2275cdef19c9.jpg","https://media.birdweather.com/species/501/White-wingedDove-thumbnail-4a940adfd5a6c78c73c48c5095e7b896.jpg","https://media.birdweather.com/species/501/White-wingedDove-png200-d65decd3d571b5a9dbeca249ef97689f.png","IscJLwb6hoVelZWZdoh3eIeIdxBoB4IG",17314787921,"https://media.birdweather.com/soundscapes/19267/19267-20260924-133843.flac",6,9,"live"
11344645976,19267,"2026-09-24T07:38:47.500-06:00",0.736940562725067,0.231060102581978,7.32982245149899,"almost_certain","BirdNET",NA,10.2198,-83.7874,FALSE,501,"White-winged Dove","Zenaida asiatica","#d16ff8","avian","https://media.birdweather.com/species/501/White-wingedDove-standard-6528ef689b07d5a91f1c2275cdef19c9.jpg","https://media.birdweather.com/species/501/White-wingedDove-thumbnail-4a940adfd5a6c78c73c48c5095e7b896.jpg","https://media.birdweather.com/species/501/White-wingedDove-png200-d65decd3d571b5a9dbeca249ef97689f.png","IscJLwb6hoVelZWZdoh3eIeIdxBoB4IG",17314787921,"https://media.birdweather.com/soundscapes/19267/19267-20260924-133843.flac",4.5,7.5,"live"
11344645966,19267,"2026-09-24T07:38:46.000-06:00",0.804215133190155,0.231060102581978,7.52601447256074,"almost_certain","BirdNET",NA,10.2198,-83.7874,FALSE,501,"White-winged Dove","Zenaida asiatica","#d16ff8","avian","https://media.birdweather.com/species/501/White-wingedDove-standard-6528ef689b07d5a91f1c2275cdef19c9.jpg","https://media.birdweather.com/species/501/White-wingedDove-thumbnail-4a940adfd5a6c78c73c48c5095e7b896.jpg","https://media.birdweather.com/species/501/White-wingedDove-png200-d65decd3d571b5a9dbeca249ef97689f.png","IscJLwb6hoVelZWZdoh3eIeIdxBoB4IG",17314787921,"https://media.birdweather.com/soundscapes/19267/19267-20260924-133843.flac",3,6,"live"
11344548279,19267,"2026-09-24T07:33:40.000-06:00",0.816536128520966,0.0194194260984659,4.67744351157839,"almost_certain","BirdNET",NA,10.2198,-83.7874,FALSE,809,"Common Nighthawk","Chordeiles minor","#df0087","avian","https://media.birdweather.com/species/809/CommonNighthawk-standard-2a166e6df983fe3e15df637a6c13d559.jpg","https://media.birdweather.com/species/809/CommonNighthawk-thumbnail-ea6e8a16a308ac19bee0dcd990d42e75.jpg","https://media.birdweather.com/species/809/CommonNighthawk-png200-9ea2ceaa17734721a00511a0ed1d2b2b.png","3BgGFwJfiXdad3eqiHeGmGiFl/imek8I",17314632696,"https://media.birdweather.com/soundscapes/19267/19267-20260924-133334.flac",6,9,"live"
11344548274,19267,"2026-09-24T07:33:38.500-06:00",0.844317436218262,0.231057077646255,7.63084279272709,"almost_certain","BirdNET",NA,10.2198,-83.7874,FALSE,501,"White-winged Dove","Zenaida asiatica","#d16ff8","avian","https://media.birdweather.com/species/501/White-wingedDove-standard-6528ef689b07d5a91f1c2275cdef19c9.jpg","https://media.birdweather.com/species/501/White-wingedDove-thumbnail-4a940adfd5a6c78c73c48c5095e7b896.jpg","https://media.birdweather.com/species/501/White-wingedDove-png200-d65decd3d571b5a9dbeca249ef97689f.png","IscJLwb6hoVelZWZdoh3eIeIdxBoB4IG",17314632696,"https://media.birdweather.com/soundscapes/19267/19267-20260924-133334.flac",4.5,7.5,"live"
11344314874,19267,"2026-09-24T07:20:47.000-06:00",0.739618480205536,0.107770793139935,6.35685406895471,"almost_certain","BirdNET",NA,10.2198,-83.7874,FALSE,603,"Tropical Mockingbird","Mimus gilvus","#006e2a","avian","https://media.birdweather.com/species/603/TropicalMockingbird-standard-33be42788a38707b12f757d28526a492.jpg","https://media.birdweather.com/species/603/TropicalMockingbird-thumbnail-4f6417f6928c80a2cb70eb341f54fd79.jpg","https://media.birdweather.com/species/603/TropicalMockingbird-png200-9e94d27578943cfad1e7923fe23d2300.png","q+cJFwL4VohclXidhXh5aJh4qDAaGKYA",17314245822,"https://media.birdweather.com/soundscapes/19267/19267-20260924-132041.flac",6,9,"live"
11344314870,19267,"2026-09-24T07:20:42.500-06:00",0.797378659248352,0.0113140689209104,4.18413192589119,"almost_certain","BirdNET",NA,10.2198,-83.7874,FALSE,2860,"Yellow-winged Tanager","Thraupis abbas","#e2342d","avian","https://media.birdweather.com/species/2860/Yellow-wingedTanager-standard-1bd3d22e0c9088ccd768c6c132a90176.jpg","https://media.birdweather.com/species/2860/Yellow-wingedTanager-thumbnail-0d8577d292149f3795fd1c4d9db44c89.jpg","https://media.birdweather.com/species/2860/Yellow-wingedTanager-png200-da953d3548d6d3a93da4486dd559af6d.png","YQgKDwC6eIhqqId/dHiZZad3dhMHNYEA",17314245822,"https://media.birdweather.com/soundscapes/19267/19267-20260924-132041.flac",1.5,4.5,"live"
11344314866,19267,"2026-09-24T07:20:41.000-06:00",0.811258852481842,0.0113140689209104,4.22184034941593,"almost_certain","BirdNET",NA,10.2198,-83.7874,FALSE,2860,"Yellow-winged Tanager","Thraupis abbas","#e2342d","avian","https://media.birdweather.com/species/2860/Yellow-wingedTanager-standard-1bd3d22e0c9088ccd768c6c132a90176.jpg","https://media.birdweather.com/species/2860/Yellow-wingedTanager-thumbnail-0d8577d292149f3795fd1c4d9db44c89.jpg","https://media.birdweather.com/species/2860/Yellow-wingedTanager-png200-da953d3548d6d3a93da4486dd559af6d.png","YQgKDwC6eIhqqId/dHiZZad3dhMHNYEA",17314245822,"https://media.birdweather.com/soundscapes/19267/19267-20260924-132041.flac",0,3,"live"
11344279291,19267,"2026-09-24T07:18:46.000-06:00",0.801983535289764,0.107769556343555,6.53858396453407,"almost_certain","BirdNET",NA,10.2198,-83.7874,FALSE,603,"Tropical Mockingbird","Mimus gilvus","#006e2a","avian","https://media.birdweather.com/species/603/TropicalMockingbird-standard-33be42788a38707b12f757d28526a492.jpg","https://media.birdweather.com/species/603/TropicalMockingbird-thumbnail-4f6417f6928c80a2cb70eb341f54fd79.jpg","https://media.birdweather.com/species/603/TropicalMockingbird-png200-9e94d27578943cfad1e7923fe23d2300.png","q+cJFwL4VohclXidhXh5aJh4qDAaGKYA",17314185540,"https://media.birdweather.com/soundscapes/19267/19267-20260924-131840.flac",6,9,"live"
11343841874,19267,"2026-09-24T06:54:04.500-06:00",0.913215219974518,0.537796199321747,8.91871532696757,"almost_certain","BirdNET",NA,10.2198,-83.7874,FALSE,802,"Rufous-tailed Hummingbird","Amazilia tzacatl","#d9c845","avian","https://media.birdweather.com/species/802/Rufous-tailedHummingbird-standard-4d0209b50ad0c35c6d8337f5c0c16b55.jpg","https://media.birdweather.com/species/802/Rufous-tailedHummingbird-thumbnail-fbf17400c31564f70aa45927c5d75f5e.jpg","https://media.birdweather.com/species/802/Rufous-tailedHummingbird-png200-8ea431c9893cfe027e92471791a8c256.png","mPkJFwIHqJeJl4lriIaGhYh3+H+oVGAH",17313445418,"https://media.birdweather.com/soundscapes/19267/19267-20260924-125400.flac",4.5,7.5,"live"
11343841856,19267,"2026-09-24T06:54:00.000-06:00",0.817611813545227,0.231056660413742,7.56191978692774,"almost_certain","BirdNET",NA,10.2198,-83.7874,FALSE,501,"White-winged Dove","Zenaida asiatica","#d16ff8","avian","https://media.birdweather.com/species/501/White-wingedDove-standard-6528ef689b07d5a91f1c2275cdef19c9.jpg","https://media.birdweather.com/species/501/White-wingedDove-thumbnail-4a940adfd5a6c78c73c48c5095e7b896.jpg","https://media.birdweather.com/species/501/White-wingedDove-png200-d65decd3d571b5a9dbeca249ef97689f.png","IscJLwb6hoVelZWZdoh3eIeIdxBoB4IG",17313445418,"https://media.birdweather.com/soundscapes/19267/19267-20260924-125400.flac",0,3,"live"
11343779431,19267,"2026-09-24T06:50:33.500-06:00",0.868081212043762,0.231044560670853,7.68931420313328,"almost_certain","BirdNET",NA,10.2198,-83.7874,FALSE,501,"White-winged Dove","Zenaida asiatica","#d16ff8","avian","https://media.birdweather.com/species/501/White-wingedDove-standard-6528ef689b07d5a91f1c2275cdef19c9.jpg","https://media.birdweather.com/species/501/White-wingedDove-thumbnail-4a940adfd5a6c78c73c48c5095e7b896.jpg","https://media.birdweather.com/species/501/White-wingedDove-png200-d65decd3d571b5a9dbeca249ef97689f.png","IscJLwb6hoVelZWZdoh3eIeIdxBoB4IG",17313339768,"https://media.birdweather.com/soundscapes/19267/19267-20260924-125029.flac",4.5,7.5,"live"
11343775666,19267,"2026-09-24T06:50:20.500-06:00",0.936912834644318,0.783956527709961,9.47910318436848,"almost_certain","BirdNET",NA,10.2198,-83.7874,FALSE,547,"Clay-colored Thrush","Turdus grayi","#6a35aa","avian","https://media.birdweather.com/species/547/Clay-coloredThrush-standard-6bfc97468790235aef16f793d0f164d2.jpg","https://media.birdweather.com/species/547/Clay-coloredThrush-thumbnail-a430288208e6c65f3790075ad1f1192e.jpg","https://media.birdweather.com/species/547/Clay-coloredThrush-png200-1247890112c02c6395175d20c306cf45.png","m/gFDwZ7toiKZoh0hQl26Wx8OeevSGcA",17313333337,"https://media.birdweather.com/soundscapes/19267/19267-20260924-125016.flac",4.5,7.5,"live"
11343775664,19267,"2026-09-24T06:50:17.500-06:00",0.990587830543518,0.783956527709961,9.58995036977902,"almost_certain","BirdNET",NA,10.2198,-83.7874,FALSE,547,"Clay-colored Thrush","Turdus grayi","#6a35aa","avian","https://media.birdweather.com/species/547/Clay-coloredThrush-standard-6bfc97468790235aef16f793d0f164d2.jpg","https://media.birdweather.com/species/547/Clay-coloredThrush-thumbnail-a430288208e6c65f3790075ad1f1192e.jpg","https://media.birdweather.com/species/547/Clay-coloredThrush-png200-1247890112c02c6395175d20c306cf45.png","m/gFDwZ7toiKZoh0hQl26Wx8OeevSGcA",17313333337,"https://media.birdweather.com/soundscapes/19267/19267-20260924-125016.flac",1.5,4.5,"live"
11343775660,19267,"2026-09-24T06:50:16.000-06:00",0.942543804645538,0.783956527709961,9.49116217640182,"almost_certain","BirdNET",NA,10.2198,-83.7874,FALSE,547,"Clay-colored Thrush","Turdus grayi","#6a35aa","avian","https://media.birdweather.com/species/547/Clay-coloredThrush-standard-6bfc97468790235aef16f793d0f164d2.jpg","https://media.birdweather.com/species/547/Clay-coloredThrush-thumbnail-a430288208e6c65f3790075ad1f1192e.jpg","https://media.birdweather.com/species/547/Clay-coloredThrush-png200-1247890112c02c6395175d20c306cf45.png","m/gFDwZ7toiKZoh0hQl26Wx8OeevSGcA",17313333337,"https://media.birdweather.com/soundscapes/19267/19267-20260924-125016.flac",0,3,"live"
11343771986,19267,"2026-09-24T06:50:09.000-06:00",0.772266983985901,0.783956527709961,9.06935215965238,"almost_certain","BirdNET",NA,10.2198,-83.7874,FALSE,547,"Clay-colored Thrush","Turdus grayi","#6a35aa","avian","https://media.birdweather.com/species/547/Clay-coloredThrush-standard-6bfc97468790235aef16f793d0f164d2.jpg","https://media.birdweather.com/species/547/Clay-coloredThrush-thumbnail-a430288208e6c65f3790075ad1f1192e.jpg","https://media.birdweather.com/species/547/Clay-coloredThrush-png200-1247890112c02c6395175d20c306cf45.png","m/gFDwZ7toiKZoh0hQl26Wx8OeevSGcA",17313326915,"https://media.birdweather.com/soundscapes/19267/19267-20260924-125003.flac",6,9,"live"
11343771984,19267,"2026-09-24T06:50:06.000-06:00",0.763948202133179,0.783956527709961,9.04500512649927,"almost_certain","BirdNET",NA,10.2198,-83.7874,FALSE,547,"Clay-colored Thrush","Turdus grayi","#6a35aa","avian","https://media.birdweather.com/species/547/Clay-coloredThrush-standard-6bfc97468790235aef16f793d0f164d2.jpg","https://media.birdweather.com/species/547/Clay-coloredThrush-thumbnail-a430288208e6c65f3790075ad1f1192e.jpg","https://media.birdweather.com/species/547/Clay-coloredThrush-png200-1247890112c02c6395175d20c306cf45.png","m/gFDwZ7toiKZoh0hQl26Wx8OeevSGcA",17313326915,"https://media.birdweather.com/soundscapes/19267/19267-20260924-125003.flac",3,6,"live"
11343771976,19267,"2026-09-24T06:50:03.000-06:00",0.813998520374298,0.783956527709961,9.18535816607199,"almost_certain","BirdNET",NA,10.2198,-83.7874,FALSE,547,"Clay-colored Thrush","Turdus grayi","#6a35aa","avian","https://media.birdweather.com/species/547/Clay-coloredThrush-standard-6bfc97468790235aef16f793d0f164d2.jpg","https://media.birdweather.com/species/547/Clay-coloredThrush-thumbnail-a430288208e6c65f3790075ad1f1192e.jpg","https://media.birdweather.com/species/547/Clay-coloredThrush-png200-1247890112c02c6395175d20c306cf45.png","m/gFDwZ7toiKZoh0hQl26Wx8OeevSGcA",17313326915,"https://media.birdweather.com/soundscapes/19267/19267-20260924-125003.flac",0,3,"live"
11343755861,19267,"2026-09-24T06:49:15.000-06:00",0.947936236858368,0.783956527709961,9.50261167564657,"almost_certain","BirdNET",NA,10.2198,-83.7874,FALSE,547,"Clay-colored Thrush","Turdus grayi","#6a35aa","avian","https://media.birdweather.com/species/547/Clay-coloredThrush-standard-6bfc97468790235aef16f793d0f164d2.jpg","https://media.birdweather.com/species/547/Clay-coloredThrush-thumbnail-a430288208e6c65f3790075ad1f1192e.jpg","https://media.birdweather.com/species/547/Clay-coloredThrush-png200-1247890112c02c6395175d20c306cf45.png","m/gFDwZ7toiKZoh0hQl26Wx8OeevSGcA",17313299543,"https://media.birdweather.com/soundscapes/19267/19267-20260924-124909.flac",6,9,"live"
11343755858,19267,"2026-09-24T06:49:13.500-06:00",0.813458502292633,0.783956527709961,9.18391805748607,"almost_certain","BirdNET",NA,10.2198,-83.7874,FALSE,547,"Clay-colored Thrush","Turdus grayi","#6a35aa","avian","https://media.birdweather.com/species/547/Clay-coloredThrush-standard-6bfc97468790235aef16f793d0f164d2.jpg","https://media.birdweather.com/species/547/Clay-coloredThrush-thumbnail-a430288208e6c65f3790075ad1f1192e.jpg","https://media.birdweather.com/species/547/Clay-coloredThrush-png200-1247890112c02c6395175d20c306cf45.png","m/gFDwZ7toiKZoh0hQl26Wx8OeevSGcA",17313299543,"https://media.birdweather.com/soundscapes/19267/19267-20260924-124909.flac",4.5,7.5,"live"
11343755849,19267,"2026-09-24T06:49:10.500-06:00",0.876304805278778,0.783956527709961,9.34210851044477,"almost_certain","BirdNET",NA,10.2198,-83.7874,FALSE,547,"Clay-colored Thrush","Turdus grayi","#6a35aa","avian","https://media.birdweather.com/species/547/Clay-coloredThrush-standard-6bfc97468790235aef16f793d0f164d2.jpg","https://media.birdweather.com/species/547/Clay-coloredThrush-thumbnail-a430288208e6c65f3790075ad1f1192e.jpg","https://media.birdweather.com/species/547/Clay-coloredThrush-png200-1247890112c02c6395175d20c306cf45.png","m/gFDwZ7toiKZoh0hQl26Wx8OeevSGcA",17313299543,"https://media.birdweather.com/soundscapes/19267/19267-20260924-124909.flac",1.5,4.5,"live"
11343576587,19267,"2026-09-24T06:39:03.500-06:00",0.807341754436493,0.756523489952087,9.1193256681276,"almost_certain","BirdNET",NA,10.2198,-83.7874,FALSE,229,"Great Kiskadee","Pitangus sulphuratus","#7d4410","avian","https://media.birdweather.com/species/229/GreatKiskadee-standard-cd28a1b8e8b8e5aed433e809c229004e.jpg","https://media.birdweather.com/species/229/GreatKiskadee-thumbnail-b2749ed2442fb322cf3c4cb72f9c97f6.jpg","https://media.birdweather.com/species/229/GreatKiskadee-png200-003973af4f863deb00a4ce9b6f10e59c.png","0PgFDwIrhYqfZJh1mVe3SZZ3uKEJBncG",17312994564,"https://media.birdweather.com/soundscapes/19267/19267-20260924-123859.flac",4.5,7.5,"live"
11343576582,19267,"2026-09-24T06:39:00.500-06:00",0.927839517593384,0.756523489952087,9.41127231220688,"almost_certain","BirdNET",NA,10.2198,-83.7874,FALSE,229,"Great Kiskadee","Pitangus sulphuratus","#7d4410","avian","https://media.birdweather.com/species/229/GreatKiskadee-standard-cd28a1b8e8b8e5aed433e809c229004e.jpg","https://media.birdweather.com/species/229/GreatKiskadee-thumbnail-b2749ed2442fb322cf3c4cb72f9c97f6.jpg","https://media.birdweather.com/species/229/GreatKiskadee-png200-003973af4f863deb00a4ce9b6f10e59c.png","0PgFDwIrhYqfZJh1mVe3SZZ3uKEJBncG",17312994564,"https://media.birdweather.com/soundscapes/19267/19267-20260924-123859.flac",1.5,4.5,"live"
11343576580,19267,"2026-09-24T06:38:59.000-06:00",0.803569793701172,0.756523489952087,9.10910200375556,"almost_certain","BirdNET",NA,10.2198,-83.7874,FALSE,229,"Great Kiskadee","Pitangus sulphuratus","#7d4410","avian","https://media.birdweather.com/species/229/GreatKiskadee-standard-cd28a1b8e8b8e5aed433e809c229004e.jpg","https://media.birdweather.com/species/229/GreatKiskadee-thumbnail-b2749ed2442fb322cf3c4cb72f9c97f6.jpg","https://media.birdweather.com/species/229/GreatKiskadee-png200-003973af4f863deb00a4ce9b6f10e59c.png","0PgFDwIrhYqfZJh1mVe3SZZ3uKEJBncG",17312994564,"https://media.birdweather.com/soundscapes/19267/19267-20260924-123859.flac",0,3,"live"
11343540649,19267,"2026-09-24T06:37:02.500-06:00",0.85404896736145,0.756523489952087,9.23997913392075,"almost_certain","BirdNET",NA,10.2198,-83.7874,FALSE,229,"Great Kiskadee","Pitangus sulphuratus","#7d4410","avian","https://media.birdweather.com/species/229/GreatKiskadee-standard-cd28a1b8e8b8e5aed433e809c229004e.jpg","https://media.birdweather.com/species/229/GreatKiskadee-thumbnail-b2749ed2442fb322cf3c4cb72f9c97f6.jpg","https://media.birdweather.com/species/229/GreatKiskadee-png200-003973af4f863deb00a4ce9b6f10e59c.png","0PgFDwIrhYqfZJh1mVe3SZZ3uKEJBncG",17312933754,"https://media.birdweather.com/soundscapes/19267/19267-20260924-123658.flac",4.5,7.5,"live"
11343540640,19267,"2026-09-24T06:36:58.000-06:00",0.90587329864502,0.756523489952087,9.36248153976601,"almost_certain","BirdNET",NA,10.2198,-83.7874,FALSE,229,"Great Kiskadee","Pitangus sulphuratus","#7d4410","avian","https://media.birdweather.com/species/229/GreatKiskadee-standard-cd28a1b8e8b8e5aed433e809c229004e.jpg","https://media.birdweather.com/species/229/GreatKiskadee-thumbnail-b2749ed2442fb322cf3c4cb72f9c97f6.jpg","https://media.birdweather.com/species/229/GreatKiskadee-png200-003973af4f863deb00a4ce9b6f10e59c.png","0PgFDwIrhYqfZJh1mVe3SZZ3uKEJBncG",17312933754,"https://media.birdweather.com/soundscapes/19267/19267-20260924-123658.flac",0,3,"live"
11343193454,19267,"2026-09-24T06:17:25.500-06:00",0.719129383563995,0.902358055114746,9.09625759298913,"almost_certain","BirdNET",NA,10.2198,-83.7874,FALSE,254,"Great-tailed Grackle","Quiscalus mexicanus","#4cdf64","avian","https://media.birdweather.com/species/254/Great-tailedGrackle-standard-84167b7e46a2aae7f30286e714478461.jpg","https://media.birdweather.com/species/254/Great-tailedGrackle-thumbnail-388529862f53a8a975b80daf9e76e3ac.jpg","https://media.birdweather.com/species/254/Great-tailedGrackle-png200-ca2dc12559d8d2db107eefc8eff73513.png","GAgKDwKYmnVgeIeVhniHRXiahgv2mWAN",17312344636,"https://media.birdweather.com/soundscapes/19267/19267-20260924-121721.flac",4.5,7.5,"live"
11342817426,19267,"2026-09-24T05:56:00.000-06:00",0.719500064849854,0.783959686756134,8.90703892946741,"almost_certain","BirdNET",NA,10.2198,-83.7874,FALSE,547,"Clay-colored Thrush","Turdus grayi","#6a35aa","avian","https://media.birdweather.com/species/547/Clay-coloredThrush-standard-6bfc97468790235aef16f793d0f164d2.jpg","https://media.birdweather.com/species/547/Clay-coloredThrush-thumbnail-a430288208e6c65f3790075ad1f1192e.jpg","https://media.birdweather.com/species/547/Clay-coloredThrush-png200-1247890112c02c6395175d20c306cf45.png","m/gFDwZ7toiKZoh0hQl26Wx8OeevSGcA",17311699091,"https://media.birdweather.com/soundscapes/19267/19267-20260924-115554.flac",6,9,"live"
11342817425,19267,"2026-09-24T05:55:58.500-06:00",0.939357161521912,0.783959686756134,9.48435632112304,"almost_certain","BirdNET",NA,10.2198,-83.7874,FALSE,547,"Clay-colored Thrush","Turdus grayi","#6a35aa","avian","https://media.birdweather.com/species/547/Clay-coloredThrush-standard-6bfc97468790235aef16f793d0f164d2.jpg","https://media.birdweather.com/species/547/Clay-coloredThrush-thumbnail-a430288208e6c65f3790075ad1f1192e.jpg","https://media.birdweather.com/species/547/Clay-coloredThrush-png200-1247890112c02c6395175d20c306cf45.png","m/gFDwZ7toiKZoh0hQl26Wx8OeevSGcA",17311699091,"https://media.birdweather.com/soundscapes/19267/19267-20260924-115554.flac",4.5,7.5,"live"
11342817424,19267,"2026-09-24T05:55:55.500-06:00",0.940180778503418,0.783959686756134,9.48612001313279,"almost_certain","BirdNET",NA,10.2198,-83.7874,FALSE,547,"Clay-colored Thrush","Turdus grayi","#6a35aa","avian","https://media.birdweather.com/species/547/Clay-coloredThrush-standard-6bfc97468790235aef16f793d0f164d2.jpg","https://media.birdweather.com/species/547/Clay-coloredThrush-thumbnail-a430288208e6c65f3790075ad1f1192e.jpg","https://media.birdweather.com/species/547/Clay-coloredThrush-png200-1247890112c02c6395175d20c306cf45.png","m/gFDwZ7toiKZoh0hQl26Wx8OeevSGcA",17311699091,"https://media.birdweather.com/soundscapes/19267/19267-20260924-115554.flac",1.5,4.5,"live"
11342817421,19267,"2026-09-24T05:55:54.000-06:00",0.840531527996063,0.783959686756134,9.25431925135581,"almost_certain","BirdNET",NA,10.2198,-83.7874,FALSE,547,"Clay-colored Thrush","Turdus grayi","#6a35aa","avian","https://media.birdweather.com/species/547/Clay-coloredThrush-standard-6bfc97468790235aef16f793d0f164d2.jpg","https://media.birdweather.com/species/547/Clay-coloredThrush-thumbnail-a430288208e6c65f3790075ad1f1192e.jpg","https://media.birdweather.com/species/547/Clay-coloredThrush-png200-1247890112c02c6395175d20c306cf45.png","m/gFDwZ7toiKZoh0hQl26Wx8OeevSGcA",17311699091,"https://media.birdweather.com/soundscapes/19267/19267-20260924-115554.flac",0,3,"live"
11342809800,19267,"2026-09-24T05:55:34.000-06:00",0.912097871303558,0.7839595079422,9.42466367915493,"almost_certain","BirdNET",NA,10.2198,-83.7874,FALSE,547,"Clay-colored Thrush","Turdus grayi","#6a35aa","avian","https://media.birdweather.com/species/547/Clay-coloredThrush-standard-6bfc97468790235aef16f793d0f164d2.jpg","https://media.birdweather.com/species/547/Clay-coloredThrush-thumbnail-a430288208e6c65f3790075ad1f1192e.jpg","https://media.birdweather.com/species/547/Clay-coloredThrush-png200-1247890112c02c6395175d20c306cf45.png","m/gFDwZ7toiKZoh0hQl26Wx8OeevSGcA",17311685835,"https://media.birdweather.com/soundscapes/19267/19267-20260924-115528.flac",6,9,"live"
11342809797,19267,"2026-09-24T05:55:32.500-06:00",0.859617710113525,0.7839595079422,9.30185920807517,"almost_certain","BirdNET",NA,10.2198,-83.7874,FALSE,547,"Clay-colored Thrush","Turdus grayi","#6a35aa","avian","https://media.birdweather.com/species/547/Clay-coloredThrush-standard-6bfc97468790235aef16f793d0f164d2.jpg","https://media.birdweather.com/species/547/Clay-coloredThrush-thumbnail-a430288208e6c65f3790075ad1f1192e.jpg","https://media.birdweather.com/species/547/Clay-coloredThrush-png200-1247890112c02c6395175d20c306cf45.png","m/gFDwZ7toiKZoh0hQl26Wx8OeevSGcA",17311685835,"https://media.birdweather.com/soundscapes/19267/19267-20260924-115528.flac",4.5,7.5,"live"
11342809790,19267,"2026-09-24T05:55:28.000-06:00",0.816450357437134,0.7839595079422,9.19188284230208,"almost_certain","BirdNET",NA,10.2198,-83.7874,FALSE,547,"Clay-colored Thrush","Turdus grayi","#6a35aa","avian","https://media.birdweather.com/species/547/Clay-coloredThrush-standard-6bfc97468790235aef16f793d0f164d2.jpg","https://media.birdweather.com/species/547/Clay-coloredThrush-thumbnail-a430288208e6c65f3790075ad1f1192e.jpg","https://media.birdweather.com/species/547/Clay-coloredThrush-png200-1247890112c02c6395175d20c306cf45.png","m/gFDwZ7toiKZoh0hQl26Wx8OeevSGcA",17311685835,"https://media.birdweather.com/soundscapes/19267/19267-20260924-115528.flac",0,3,"live"
11342806264,19267,"2026-09-24T05:55:21.000-06:00",0.782982766628265,0.7839595079422,9.10009531186534,"almost_certain","BirdNET",NA,10.2198,-83.7874,FALSE,547,"Clay-colored Thrush","Turdus grayi","#6a35aa","avian","https://media.birdweather.com/species/547/Clay-coloredThrush-standard-6bfc97468790235aef16f793d0f164d2.jpg","https://media.birdweather.com/species/547/Clay-coloredThrush-thumbnail-a430288208e6c65f3790075ad1f1192e.jpg","https://media.birdweather.com/species/547/Clay-coloredThrush-png200-1247890112c02c6395175d20c306cf45.png","m/gFDwZ7toiKZoh0hQl26Wx8OeevSGcA",17311679625,"https://media.birdweather.com/soundscapes/19267/19267-20260924-115515.flac",6,9,"live"
11342806259,19267,"2026-09-24T05:55:19.500-06:00",0.925987839698792,0.7839595079422,9.45540477398863,"almost_certain","BirdNET",NA,10.2198,-83.7874,FALSE,547,"Clay-colored Thrush","Turdus grayi","#6a35aa","avian","https://media.birdweather.com/species/547/Clay-coloredThrush-standard-6bfc97468790235aef16f793d0f164d2.jpg","https://media.birdweather.com/species/547/Clay-coloredThrush-thumbnail-a430288208e6c65f3790075ad1f1192e.jpg","https://media.birdweather.com/species/547/Clay-coloredThrush-png200-1247890112c02c6395175d20c306cf45.png","m/gFDwZ7toiKZoh0hQl26Wx8OeevSGcA",17311679625,"https://media.birdweather.com/soundscapes/19267/19267-20260924-115515.flac",4.5,7.5,"live"
11342806254,19267,"2026-09-24T05:55:18.000-06:00",0.848251461982727,0.7839595079422,9.27374703252331,"almost_certain","BirdNET",NA,10.2198,-83.7874,FALSE,547,"Clay-colored Thrush","Turdus grayi","#6a35aa","avian","https://media.birdweather.com/species/547/Clay-coloredThrush-standard-6bfc97468790235aef16f793d0f164d2.jpg","https://media.birdweather.com/species/547/Clay-coloredThrush-thumbnail-a430288208e6c65f3790075ad1f1192e.jpg","https://media.birdweather.com/species/547/Clay-coloredThrush-png200-1247890112c02c6395175d20c306cf45.png","m/gFDwZ7toiKZoh0hQl26Wx8OeevSGcA",17311679625,"https://media.birdweather.com/soundscapes/19267/19267-20260924-115515.flac",3,6,"live"
11342806252,19267,"2026-09-24T05:55:16.500-06:00",0.980896830558777,0.7839595079422,9.57059417148307,"almost_certain","BirdNET",NA,10.2198,-83.7874,FALSE,547,"Clay-colored Thrush","Turdus grayi","#6a35aa","avian","https://media.birdweather.com/species/547/Clay-coloredThrush-standard-6bfc97468790235aef16f793d0f164d2.jpg","https://media.birdweather.com/species/547/Clay-coloredThrush-thumbnail-a430288208e6c65f3790075ad1f1192e.jpg","https://media.birdweather.com/species/547/Clay-coloredThrush-png200-1247890112c02c6395175d20c306cf45.png","m/gFDwZ7toiKZoh0hQl26Wx8OeevSGcA",17311679625,"https://media.birdweather.com/soundscapes/19267/19267-20260924-115515.flac",1.5,4.5,"live"
11342802502,19267,"2026-09-24T05:55:08.000-06:00",0.885044991970062,0.783960461616516,9.36273661669754,"almost_certain","BirdNET",NA,10.2198,-83.7874,FALSE,547,"Clay-colored Thrush","Turdus grayi","#6a35aa","avian","https://media.birdweather.com/species/547/Clay-coloredThrush-standard-6bfc97468790235aef16f793d0f164d2.jpg","https://media.birdweather.com/species/547/Clay-coloredThrush-thumbnail-a430288208e6c65f3790075ad1f1192e.jpg","https://media.birdweather.com/species/547/Clay-coloredThrush-png200-1247890112c02c6395175d20c306cf45.png","m/gFDwZ7toiKZoh0hQl26Wx8OeevSGcA",17311673203,"https://media.birdweather.com/soundscapes/19267/19267-20260924-115502.flac",6,9,"live"
11342802498,19267,"2026-09-24T05:55:06.500-06:00",0.890825808048248,0.783960461616516,9.37620711334031,"almost_certain","BirdNET",NA,10.2198,-83.7874,FALSE,547,"Clay-colored Thrush","Turdus grayi","#6a35aa","avian","https://media.birdweather.com/species/547/Clay-coloredThrush-standard-6bfc97468790235aef16f793d0f164d2.jpg","https://media.birdweather.com/species/547/Clay-coloredThrush-thumbnail-a430288208e6c65f3790075ad1f1192e.jpg","https://media.birdweather.com/species/547/Clay-coloredThrush-png200-1247890112c02c6395175d20c306cf45.png","m/gFDwZ7toiKZoh0hQl26Wx8OeevSGcA",17311673203,"https://media.birdweather.com/soundscapes/19267/19267-20260924-115502.flac",4.5,7.5,"live"
11342802495,19267,"2026-09-24T05:55:05.000-06:00",0.988601744174957,0.783960461616516,9.58601144907876,"almost_certain","BirdNET",NA,10.2198,-83.7874,FALSE,547,"Clay-colored Thrush","Turdus grayi","#6a35aa","avian","https://media.birdweather.com/species/547/Clay-coloredThrush-standard-6bfc97468790235aef16f793d0f164d2.jpg","https://media.birdweather.com/species/547/Clay-coloredThrush-thumbnail-a430288208e6c65f3790075ad1f1192e.jpg","https://media.birdweather.com/species/547/Clay-coloredThrush-png200-1247890112c02c6395175d20c306cf45.png","m/gFDwZ7toiKZoh0hQl26Wx8OeevSGcA",17311673203,"https://media.birdweather.com/soundscapes/19267/19267-20260924-115502.flac",3,6,"live"
11342802492,19267,"2026-09-24T05:55:03.500-06:00",0.907455563545227,0.783960461616516,9.41423529000438,"almost_certain","BirdNET",NA,10.2198,-83.7874,FALSE,547,"Clay-colored Thrush","Turdus grayi","#6a35aa","avian","https://media.birdweather.com/species/547/Clay-coloredThrush-standard-6bfc97468790235aef16f793d0f164d2.jpg","https://media.birdweather.com/species/547/Clay-coloredThrush-thumbnail-a430288208e6c65f3790075ad1f1192e.jpg","https://media.birdweather.com/species/547/Clay-coloredThrush-png200-1247890112c02c6395175d20c306cf45.png","m/gFDwZ7toiKZoh0hQl26Wx8OeevSGcA",17311673203,"https://media.birdweather.com/soundscapes/19267/19267-20260924-115502.flac",1.5,4.5,"live"
11342802490,19267,"2026-09-24T05:55:02.000-06:00",0.798349559307098,0.783960461616516,9.14300643147069,"almost_certain","BirdNET",NA,10.2198,-83.7874,FALSE,547,"Clay-colored Thrush","Turdus grayi","#6a35aa","avian","https://media.birdweather.com/species/547/Clay-coloredThrush-standard-6bfc97468790235aef16f793d0f164d2.jpg","https://media.birdweather.com/species/547/Clay-coloredThrush-thumbnail-a430288208e6c65f3790075ad1f1192e.jpg","https://media.birdweather.com/species/547/Clay-coloredThrush-png200-1247890112c02c6395175d20c306cf45.png","m/gFDwZ7toiKZoh0hQl26Wx8OeevSGcA",17311673203,"https://media.birdweather.com/soundscapes/19267/19267-20260924-115502.flac",0,3,"live"
11342798320,19267,"2026-09-24T05:54:53.000-06:00",0.950146436691284,0.783962070941925,9.50728654704761,"almost_certain","BirdNET",NA,10.2198,-83.7874,FALSE,547,"Clay-colored Thrush","Turdus grayi","#6a35aa","avian","https://media.birdweather.com/species/547/Clay-coloredThrush-standard-6bfc97468790235aef16f793d0f164d2.jpg","https://media.birdweather.com/species/547/Clay-coloredThrush-thumbnail-a430288208e6c65f3790075ad1f1192e.jpg","https://media.birdweather.com/species/547/Clay-coloredThrush-png200-1247890112c02c6395175d20c306cf45.png","m/gFDwZ7toiKZoh0hQl26Wx8OeevSGcA",17311665986,"https://media.birdweather.com/soundscapes/19267/19267-20260924-115447.flac",6,9,"live"
11342798318,19267,"2026-09-24T05:54:51.500-06:00",0.941547572612762,0.783962070941925,9.48904597655802,"almost_certain","BirdNET",NA,10.2198,-83.7874,FALSE,547,"Clay-colored Thrush","Turdus grayi","#6a35aa","avian","https://media.birdweather.com/species/547/Clay-coloredThrush-standard-6bfc97468790235aef16f793d0f164d2.jpg","https://media.birdweather.com/species/547/Clay-coloredThrush-thumbnail-a430288208e6c65f3790075ad1f1192e.jpg","https://media.birdweather.com/species/547/Clay-coloredThrush-png200-1247890112c02c6395175d20c306cf45.png","m/gFDwZ7toiKZoh0hQl26Wx8OeevSGcA",17311665986,"https://media.birdweather.com/soundscapes/19267/19267-20260924-115447.flac",4.5,7.5,"live"
11342798316,19267,"2026-09-24T05:54:50.000-06:00",0.827939033508301,0.783962070941925,9.22202951113525,"almost_certain","BirdNET",NA,10.2198,-83.7874,FALSE,547,"Clay-colored Thrush","Turdus grayi","#6a35aa","avian","https://media.birdweather.com/species/547/Clay-coloredThrush-standard-6bfc97468790235aef16f793d0f164d2.jpg","https://media.birdweather.com/species/547/Clay-coloredThrush-thumbnail-a430288208e6c65f3790075ad1f1192e.jpg","https://media.birdweather.com/species/547/Clay-coloredThrush-png200-1247890112c02c6395175d20c306cf45.png","m/gFDwZ7toiKZoh0hQl26Wx8OeevSGcA",17311665986,"https://media.birdweather.com/soundscapes/19267/19267-20260924-115447.flac",3,6,"live"
11342798313,19267,"2026-09-24T05:54:48.500-06:00",0.821298003196716,0.783962070941925,9.20468675119345,"almost_certain","BirdNET",NA,10.2198,-83.7874,FALSE,547,"Clay-colored Thrush","Turdus grayi","#6a35aa","avian","https://media.birdweather.com/species/547/Clay-coloredThrush-standard-6bfc97468790235aef16f793d0f164d2.jpg","https://media.birdweather.com/species/547/Clay-coloredThrush-thumbnail-a430288208e6c65f3790075ad1f1192e.jpg","https://media.birdweather.com/species/547/Clay-coloredThrush-png200-1247890112c02c6395175d20c306cf45.png","m/gFDwZ7toiKZoh0hQl26Wx8OeevSGcA",17311665986,"https://media.birdweather.com/soundscapes/19267/19267-20260924-115447.flac",1.5,4.5,"live"
11342798309,19267,"2026-09-24T05:54:47.000-06:00",0.93241423368454,0.783962070941925,9.4694019202732,"almost_certain","BirdNET",NA,10.2198,-83.7874,FALSE,547,"Clay-colored Thrush","Turdus grayi","#6a35aa","avian","https://media.birdweather.com/species/547/Clay-coloredThrush-standard-6bfc97468790235aef16f793d0f164d2.jpg","https://media.birdweather.com/species/547/Clay-coloredThrush-thumbnail-a430288208e6c65f3790075ad1f1192e.jpg","https://media.birdweather.com/species/547/Clay-coloredThrush-png200-1247890112c02c6395175d20c306cf45.png","m/gFDwZ7toiKZoh0hQl26Wx8OeevSGcA",17311665986,"https://media.birdweather.com/soundscapes/19267/19267-20260924-115447.flac",0,3,"live"
11342794575,19267,"2026-09-24T05:54:41.000-06:00",0.86861515045166,0.783963561058044,9.32371763873304,"almost_certain","BirdNET",NA,10.2198,-83.7874,FALSE,547,"Clay-colored Thrush","Turdus grayi","#6a35aa","avian","https://media.birdweather.com/species/547/Clay-coloredThrush-standard-6bfc97468790235aef16f793d0f164d2.jpg","https://media.birdweather.com/species/547/Clay-coloredThrush-thumbnail-a430288208e6c65f3790075ad1f1192e.jpg","https://media.birdweather.com/species/547/Clay-coloredThrush-png200-1247890112c02c6395175d20c306cf45.png","m/gFDwZ7toiKZoh0hQl26Wx8OeevSGcA",17311659549,"https://media.birdweather.com/soundscapes/19267/19267-20260924-115435.flac",6,9,"live"
11342794571,19267,"2026-09-24T05:54:39.500-06:00",0.872564673423767,0.783963561058044,9.33320057553631,"almost_certain","BirdNET",NA,10.2198,-83.7874,FALSE,547,"Clay-colored Thrush","Turdus grayi","#6a35aa","avian","https://media.birdweather.com/species/547/Clay-coloredThrush-standard-6bfc97468790235aef16f793d0f164d2.jpg","https://media.birdweather.com/species/547/Clay-coloredThrush-thumbnail-a430288208e6c65f3790075ad1f1192e.jpg","https://media.birdweather.com/species/547/Clay-coloredThrush-png200-1247890112c02c6395175d20c306cf45.png","m/gFDwZ7toiKZoh0hQl26Wx8OeevSGcA",17311659549,"https://media.birdweather.com/soundscapes/19267/19267-20260924-115435.flac",4.5,7.5,"live"
11342794569,19267,"2026-09-24T05:54:36.500-06:00",0.912750780582428,0.783963561058044,9.42613123833164,"almost_certain","BirdNET",NA,10.2198,-83.7874,FALSE,547,"Clay-colored Thrush","Turdus grayi","#6a35aa","avian","https://media.birdweather.com/species/547/Clay-coloredThrush-standard-6bfc97468790235aef16f793d0f164d2.jpg","https://media.birdweather.com/species/547/Clay-coloredThrush-thumbnail-a430288208e6c65f3790075ad1f1192e.jpg","https://media.birdweather.com/species/547/Clay-coloredThrush-png200-1247890112c02c6395175d20c306cf45.png","m/gFDwZ7toiKZoh0hQl26Wx8OeevSGcA",17311659549,"https://media.birdweather.com/soundscapes/19267/19267-20260924-115435.flac",1.5,4.5,"live"
11342679666,19267,"2026-09-24T05:47:49.000-06:00",0.806381464004517,0.218187972903252,7.45670710316129,"almost_certain","BirdNET",NA,10.2198,-83.7874,FALSE,3766,"Crimson-fronted Parakeet","Psittacara finschi","#65ad00","avian","https://media.birdweather.com/species/3766/Crimson-frontedParakeet-standard-ddc77fa728634b78b78a31cc430f7895.jpg","https://media.birdweather.com/species/3766/Crimson-frontedParakeet-thumbnail-df6cfd5712c254c532e4f60547260885.jpg","https://media.birdweather.com/species/3766/Crimson-frontedParakeet-png200-7ac02114402521892623f1f6b95ca6c2.png","1PgJHwR1hXZghIXBaJmliYSndzA49JgL",17311457020,"https://media.birdweather.com/soundscapes/19267/19267-20260924-114746.flac",3,6,"live"
11342674836,19267,"2026-09-24T05:47:32.000-06:00",0.757782876491547,0.218185469508171,7.3184655617599,"almost_certain","BirdNET",NA,10.2198,-83.7874,FALSE,3766,"Crimson-fronted Parakeet","Psittacara finschi","#65ad00","avian","https://media.birdweather.com/species/3766/Crimson-frontedParakeet-standard-ddc77fa728634b78b78a31cc430f7895.jpg","https://media.birdweather.com/species/3766/Crimson-frontedParakeet-thumbnail-df6cfd5712c254c532e4f60547260885.jpg","https://media.birdweather.com/species/3766/Crimson-frontedParakeet-png200-7ac02114402521892623f1f6b95ca6c2.png","1PgJHwR1hXZghIXBaJmliYSndzA49JgL",17311448490,"https://media.birdweather.com/soundscapes/19267/19267-20260924-114732.flac",0,3,"live"
11342670329,19267,"2026-09-24T05:47:21.500-06:00",0.859931349754333,0.218185469508171,7.59440984326143,"almost_certain","BirdNET",NA,10.2198,-83.7874,FALSE,3766,"Crimson-fronted Parakeet","Psittacara finschi","#65ad00","avian","https://media.birdweather.com/species/3766/Crimson-frontedParakeet-standard-ddc77fa728634b78b78a31cc430f7895.jpg","https://media.birdweather.com/species/3766/Crimson-frontedParakeet-thumbnail-df6cfd5712c254c532e4f60547260885.jpg","https://media.birdweather.com/species/3766/Crimson-frontedParakeet-png200-7ac02114402521892623f1f6b95ca6c2.png","1PgJHwR1hXZghIXBaJmliYSndzA49JgL",17311440503,"https://media.birdweather.com/soundscapes/19267/19267-20260924-114717.flac",4.5,7.5,"live"
11342666473,19267,"2026-09-24T05:47:07.000-06:00",0.864797651767731,0.218183264136314,7.60625168099389,"almost_certain","BirdNET",NA,10.2198,-83.7874,FALSE,3766,"Crimson-fronted Parakeet","Psittacara finschi","#65ad00","avian","https://media.birdweather.com/species/3766/Crimson-frontedParakeet-standard-ddc77fa728634b78b78a31cc430f7895.jpg","https://media.birdweather.com/species/3766/Crimson-frontedParakeet-thumbnail-df6cfd5712c254c532e4f60547260885.jpg","https://media.birdweather.com/species/3766/Crimson-frontedParakeet-png200-7ac02114402521892623f1f6b95ca6c2.png","1PgJHwR1hXZghIXBaJmliYSndzA49JgL",17311434033,"https://media.birdweather.com/soundscapes/19267/19267-20260924-114704.flac",3,6,"live"
11342666470,19267,"2026-09-24T05:47:05.500-06:00",0.800823271274567,0.218183264136314,7.44155816996208,"almost_certain","BirdNET",NA,10.2198,-83.7874,FALSE,3766,"Crimson-fronted Parakeet","Psittacara finschi","#65ad00","avian","https://media.birdweather.com/species/3766/Crimson-frontedParakeet-standard-ddc77fa728634b78b78a31cc430f7895.jpg","https://media.birdweather.com/species/3766/Crimson-frontedParakeet-thumbnail-df6cfd5712c254c532e4f60547260885.jpg","https://media.birdweather.com/species/3766/Crimson-frontedParakeet-png200-7ac02114402521892623f1f6b95ca6c2.png","1PgJHwR1hXZghIXBaJmliYSndzA49JgL",17311434033,"https://media.birdweather.com/soundscapes/19267/19267-20260924-114704.flac",1.5,4.5,"live"
11342655013,19267,"2026-09-24T05:46:24.500-06:00",0.762791752815247,0.218181297183037,7.33334908707575,"almost_certain","BirdNET",NA,10.2198,-83.7874,FALSE,3766,"Crimson-fronted Parakeet","Psittacara finschi","#65ad00","avian","https://media.birdweather.com/species/3766/Crimson-frontedParakeet-standard-ddc77fa728634b78b78a31cc430f7895.jpg","https://media.birdweather.com/species/3766/Crimson-frontedParakeet-thumbnail-df6cfd5712c254c532e4f60547260885.jpg","https://media.birdweather.com/species/3766/Crimson-frontedParakeet-png200-7ac02114402521892623f1f6b95ca6c2.png","1PgJHwR1hXZghIXBaJmliYSndzA49JgL",17311413335,"https://media.birdweather.com/soundscapes/19267/19267-20260924-114623.flac",1.5,4.5,"live"
11342425543,19267,"2026-09-24T05:32:11.500-06:00",0.700937390327454,0.793467283248901,8.86134309967463,"almost_certain","BirdNET",NA,10.2198,-83.7874,FALSE,451,"Blue-gray Tanager","Thraupis episcopus","#844800","avian","https://media.birdweather.com/species/451/Blue-grayTanager-standard-04bc83ed9930251b50b0a08bf40fec04.jpg","https://media.birdweather.com/species/451/Blue-grayTanager-thumbnail-dc3af9565dbd849047cf157316f7ef59.jpg","https://media.birdweather.com/species/451/Blue-grayTanager-png200-be5418cb49793536e5c09e1af73aefe1.png","GvkFHwZvZYaoamVVjYZ1i1Z2Zoz1l3EP",17310988306,"https://media.birdweather.com/soundscapes/19267/19267-20260924-113210.flac",1.5,4.5,"live"
11342418492,19267,"2026-09-24T05:31:45.500-06:00",0.82939600944519,0.756523489952087,9.17762177593467,"almost_certain","BirdNET",NA,10.2198,-83.7874,FALSE,229,"Great Kiskadee","Pitangus sulphuratus","#7d4410","avian","https://media.birdweather.com/species/229/GreatKiskadee-standard-cd28a1b8e8b8e5aed433e809c229004e.jpg","https://media.birdweather.com/species/229/GreatKiskadee-thumbnail-b2749ed2442fb322cf3c4cb72f9c97f6.jpg","https://media.birdweather.com/species/229/GreatKiskadee-png200-003973af4f863deb00a4ce9b6f10e59c.png","0PgFDwIrhYqfZJh1mVe3SZZ3uKEJBncG",17310974963,"https://media.birdweather.com/soundscapes/19267/19267-20260924-113144.flac",1.5,4.5,"live"
11342418490,19267,"2026-09-24T05:31:44.000-06:00",0.803224563598633,0.756523489952087,9.10816245685488,"almost_certain","BirdNET",NA,10.2198,-83.7874,FALSE,229,"Great Kiskadee","Pitangus sulphuratus","#7d4410","avian","https://media.birdweather.com/species/229/GreatKiskadee-standard-cd28a1b8e8b8e5aed433e809c229004e.jpg","https://media.birdweather.com/species/229/GreatKiskadee-thumbnail-b2749ed2442fb322cf3c4cb72f9c97f6.jpg","https://media.birdweather.com/species/229/GreatKiskadee-png200-003973af4f863deb00a4ce9b6f10e59c.png","0PgFDwIrhYqfZJh1mVe3SZZ3uKEJBncG",17310974963,"https://media.birdweather.com/soundscapes/19267/19267-20260924-113144.flac",0,3,"live"
11342415051,19267,"2026-09-24T05:31:34.000-06:00",0.90892481803894,0.756523489952087,9.36936431362833,"almost_certain","BirdNET",NA,10.2198,-83.7874,FALSE,229,"Great Kiskadee","Pitangus sulphuratus","#7d4410","avian","https://media.birdweather.com/species/229/GreatKiskadee-standard-cd28a1b8e8b8e5aed433e809c229004e.jpg","https://media.birdweather.com/species/229/GreatKiskadee-thumbnail-b2749ed2442fb322cf3c4cb72f9c97f6.jpg","https://media.birdweather.com/species/229/GreatKiskadee-png200-003973af4f863deb00a4ce9b6f10e59c.png","0PgFDwIrhYqfZJh1mVe3SZZ3uKEJBncG",17310968439,"https://media.birdweather.com/soundscapes/19267/19267-20260924-113131.flac",3,6,"live"
11342394235,19267,"2026-09-24T05:30:13.000-06:00",0.73327112197876,0.75652664899826,8.90311631331737,"almost_certain","BirdNET",NA,10.2198,-83.7874,FALSE,229,"Great Kiskadee","Pitangus sulphuratus","#7d4410","avian","https://media.birdweather.com/species/229/GreatKiskadee-standard-cd28a1b8e8b8e5aed433e809c229004e.jpg","https://media.birdweather.com/species/229/GreatKiskadee-thumbnail-b2749ed2442fb322cf3c4cb72f9c97f6.jpg","https://media.birdweather.com/species/229/GreatKiskadee-png200-003973af4f863deb00a4ce9b6f10e59c.png","0PgFDwIrhYqfZJh1mVe3SZZ3uKEJBncG",17310928115,"https://media.birdweather.com/soundscapes/19267/19267-20260924-113010.flac",3,6,"live"
11342394234,19267,"2026-09-24T05:30:11.500-06:00",0.73687469959259,0.75652664899826,8.91446367471988,"almost_certain","BirdNET",NA,10.2198,-83.7874,FALSE,229,"Great Kiskadee","Pitangus sulphuratus","#7d4410","avian","https://media.birdweather.com/species/229/GreatKiskadee-standard-cd28a1b8e8b8e5aed433e809c229004e.jpg","https://media.birdweather.com/species/229/GreatKiskadee-thumbnail-b2749ed2442fb322cf3c4cb72f9c97f6.jpg","https://media.birdweather.com/species/229/GreatKiskadee-png200-003973af4f863deb00a4ce9b6f10e59c.png","0PgFDwIrhYqfZJh1mVe3SZZ3uKEJBncG",17310928115,"https://media.birdweather.com/soundscapes/19267/19267-20260924-113010.flac",1.5,4.5,"live"
11342391185,19267,"2026-09-24T05:30:03.000-06:00",0.77683299779892,0.75652664899826,9.03436593058149,"almost_certain","BirdNET",NA,10.2198,-83.7874,FALSE,229,"Great Kiskadee","Pitangus sulphuratus","#7d4410","avian","https://media.birdweather.com/species/229/GreatKiskadee-standard-cd28a1b8e8b8e5aed433e809c229004e.jpg","https://media.birdweather.com/species/229/GreatKiskadee-thumbnail-b2749ed2442fb322cf3c4cb72f9c97f6.jpg","https://media.birdweather.com/species/229/GreatKiskadee-png200-003973af4f863deb00a4ce9b6f10e59c.png","0PgFDwIrhYqfZJh1mVe3SZZ3uKEJBncG",17310921980,"https://media.birdweather.com/soundscapes/19267/19267-20260924-112957.flac",6,9,"live"
11342391176,19267,"2026-09-24T05:30:01.500-06:00",0.946851074695587,0.75652664899826,9.45214711499158,"almost_certain","BirdNET",NA,10.2198,-83.7874,FALSE,229,"Great Kiskadee","Pitangus sulphuratus","#7d4410","avian","https://media.birdweather.com/species/229/GreatKiskadee-standard-cd28a1b8e8b8e5aed433e809c229004e.jpg","https://media.birdweather.com/species/229/GreatKiskadee-thumbnail-b2749ed2442fb322cf3c4cb72f9c97f6.jpg","https://media.birdweather.com/species/229/GreatKiskadee-png200-003973af4f863deb00a4ce9b6f10e59c.png","0PgFDwIrhYqfZJh1mVe3SZZ3uKEJBncG",17310921980,"https://media.birdweather.com/soundscapes/19267/19267-20260924-112957.flac",4.5,7.5,"live"
11342235934,19267,"2026-09-24T05:20:08.000-06:00",0.875061690807343,0.756522178649902,9.2909740152381,"almost_certain","BirdNET",NA,10.2198,-83.7874,FALSE,229,"Great Kiskadee","Pitangus sulphuratus","#7d4410","avian","https://media.birdweather.com/species/229/GreatKiskadee-standard-cd28a1b8e8b8e5aed433e809c229004e.jpg","https://media.birdweather.com/species/229/GreatKiskadee-thumbnail-b2749ed2442fb322cf3c4cb72f9c97f6.jpg","https://media.birdweather.com/species/229/GreatKiskadee-png200-003973af4f863deb00a4ce9b6f10e59c.png","0PgFDwIrhYqfZJh1mVe3SZZ3uKEJBncG",17310624640,"https://media.birdweather.com/soundscapes/19267/19267-20260924-112002.flac",6,9,"live"
