"id","stationId","timestamp","confidence","probability","score","certainty","algorithm","metadata","lat","lon","favorite","species.id","species.commonName","species.scientificName","species.color","species.classification","species.imageUrl","species.thumbnailUrl","species.pngUrl","species.thumbhash","soundscape.id","soundscape.url","soundscape.startTime","soundscape.endTime","soundscape.mode"
10671078414,19267,"2026-08-23T23:36:23.000-06:00",0.852187395095825,0.0881680622696877,6.4197656179927,"almost_certain","BirdNET",NA,10.2198,-83.7874,FALSE,2172,"Collared Forest-Falcon","Micrastur semitorquatus","#405b01","avian","https://media.birdweather.com/species/2172/CollaredForest-Falcon-standard-9ff7e203dceb7c77b0fe7e39e41c9729.jpg","https://media.birdweather.com/species/2172/CollaredForest-Falcon-thumbnail-36959aec42592171df13c6a8fc40cc40.jpg","https://media.birdweather.com/species/2172/CollaredForest-Falcon-png200-9822559c81f142ffd0e1c8cd82d141bf.png","+vcFBwDTfXWIeHa/RGhmaYaZR2AXAnYB",15990210088,"https://media.birdweather.com/soundscapes/19267/19267-20260824-053617.flac",6,9,"live"
10670453147,19267,"2026-08-23T22:54:50.500-06:00",0.885806143283844,0.0417108945548534,5.6225475528222,"almost_certain","BirdNET",NA,10.2198,-83.7874,FALSE,787,"Summer Tanager","Piranga rubra","#d47cff","avian","https://media.birdweather.com/species/787/SummerTanager-standard-36a792694b84d855f2100df31228f337.jpg","https://media.birdweather.com/species/787/SummerTanager-thumbnail-295dfc06fec97f10af4b57d73f0c8145.jpg","https://media.birdweather.com/species/787/SummerTanager-png200-927270a88581d9d7b4298b7e68afb368.png","WBkGDwhxl5dPcmZ9qEl2l4l4l+EKCJgC",15988989640,"https://media.birdweather.com/soundscapes/19267/19267-20260824-045446.flac",4.5,7.5,"live"
10669492026,19267,"2026-08-23T21:47:14.000-06:00",0.98940509557724,0.0365730151534081,5.70227187756439,"almost_certain","BirdNET",NA,10.2198,-83.7874,FALSE,242,"Barn Owl","Tyto alba","#c57e94","avian","https://media.birdweather.com/species/242/BarnOwl-standard-8bec9306e3928726cbb18b498dd33c03.jpg","https://media.birdweather.com/species/242/BarnOwl-thumbnail-f2dc3ee81bc91e5f2214d7a2b7be6eef.jpg","https://media.birdweather.com/species/242/BarnOwl-png200-fe95e07244e391ae77d98d1c722d7699.png","4PgFFwKCFGWPgIlpq2aJdXiHiQRFCWME",15987028848,"https://media.birdweather.com/soundscapes/19267/19267-20260824-034714.flac",0,3,"live"
10665875263,19267,"2026-08-23T17:33:40.000-06:00",0.820487558841705,0.78253448009491,9.20008964277661,"almost_certain","BirdNET",NA,10.2198,-83.7874,FALSE,229,"Great Kiskadee","Pitangus sulphuratus","#7d4410","avian","https://media.birdweather.com/species/229/GreatKiskadee-standard-cd28a1b8e8b8e5aed433e809c229004e.jpg","https://media.birdweather.com/species/229/GreatKiskadee-thumbnail-b2749ed2442fb322cf3c4cb72f9c97f6.jpg","https://media.birdweather.com/species/229/GreatKiskadee-png200-003973af4f863deb00a4ce9b6f10e59c.png","0PgFDwIrhYqfZJh1mVe3SZZ3uKEJBncG",15979692484,"https://media.birdweather.com/soundscapes/19267/19267-20260823-233334.flac",6,9,"live"
10665875262,19267,"2026-08-23T17:33:38.500-06:00",0.942512273788452,0.78253448009491,9.48863895278357,"almost_certain","BirdNET",NA,10.2198,-83.7874,FALSE,229,"Great Kiskadee","Pitangus sulphuratus","#7d4410","avian","https://media.birdweather.com/species/229/GreatKiskadee-standard-cd28a1b8e8b8e5aed433e809c229004e.jpg","https://media.birdweather.com/species/229/GreatKiskadee-thumbnail-b2749ed2442fb322cf3c4cb72f9c97f6.jpg","https://media.birdweather.com/species/229/GreatKiskadee-png200-003973af4f863deb00a4ce9b6f10e59c.png","0PgFDwIrhYqfZJh1mVe3SZZ3uKEJBncG",15979692484,"https://media.birdweather.com/soundscapes/19267/19267-20260823-233334.flac",4.5,7.5,"live"
10664269380,19267,"2026-08-23T15:48:26.500-06:00",0.792615294456482,0.20699268579483,7.35002819257258,"almost_certain","BirdNET",NA,10.2198,-83.7874,FALSE,501,"White-winged Dove","Zenaida asiatica","#d16ff8","avian","https://media.birdweather.com/species/501/White-wingedDove-standard-6528ef689b07d5a91f1c2275cdef19c9.jpg","https://media.birdweather.com/species/501/White-wingedDove-thumbnail-4a940adfd5a6c78c73c48c5095e7b896.jpg","https://media.birdweather.com/species/501/White-wingedDove-png200-d65decd3d571b5a9dbeca249ef97689f.png","IscJLwb6hoVelZWZdoh3eIeIdxBoB4IG",15976619936,"https://media.birdweather.com/soundscapes/19267/19267-20260823-214825.flac",1.5,4.5,"live"
10664269374,19267,"2026-08-23T15:48:25.000-06:00",0.901720464229584,0.20699268579483,7.62411650099088,"almost_certain","BirdNET",NA,10.2198,-83.7874,FALSE,501,"White-winged Dove","Zenaida asiatica","#d16ff8","avian","https://media.birdweather.com/species/501/White-wingedDove-standard-6528ef689b07d5a91f1c2275cdef19c9.jpg","https://media.birdweather.com/species/501/White-wingedDove-thumbnail-4a940adfd5a6c78c73c48c5095e7b896.jpg","https://media.birdweather.com/species/501/White-wingedDove-png200-d65decd3d571b5a9dbeca249ef97689f.png","IscJLwb6hoVelZWZdoh3eIeIdxBoB4IG",15976619936,"https://media.birdweather.com/soundscapes/19267/19267-20260823-214825.flac",0,3,"live"
10664234704,19267,"2026-08-23T15:46:15.500-06:00",0.838490962982178,0.206981092691422,7.47194278462012,"almost_certain","BirdNET",NA,10.2198,-83.7874,FALSE,501,"White-winged Dove","Zenaida asiatica","#d16ff8","avian","https://media.birdweather.com/species/501/White-wingedDove-standard-6528ef689b07d5a91f1c2275cdef19c9.jpg","https://media.birdweather.com/species/501/White-wingedDove-thumbnail-4a940adfd5a6c78c73c48c5095e7b896.jpg","https://media.birdweather.com/species/501/White-wingedDove-png200-d65decd3d571b5a9dbeca249ef97689f.png","IscJLwb6hoVelZWZdoh3eIeIdxBoB4IG",15976554545,"https://media.birdweather.com/soundscapes/19267/19267-20260823-214611.flac",4.5,7.5,"live"
10664214377,19267,"2026-08-23T15:44:58.000-06:00",0.869849920272827,0.206991627812386,7.54955447072198,"almost_certain","BirdNET",NA,10.2198,-83.7874,FALSE,501,"White-winged Dove","Zenaida asiatica","#d16ff8","avian","https://media.birdweather.com/species/501/White-wingedDove-standard-6528ef689b07d5a91f1c2275cdef19c9.jpg","https://media.birdweather.com/species/501/White-wingedDove-thumbnail-4a940adfd5a6c78c73c48c5095e7b896.jpg","https://media.birdweather.com/species/501/White-wingedDove-png200-d65decd3d571b5a9dbeca249ef97689f.png","IscJLwb6hoVelZWZdoh3eIeIdxBoB4IG",15976516289,"https://media.birdweather.com/soundscapes/19267/19267-20260823-214452.flac",6,9,"live"
10664214368,19267,"2026-08-23T15:44:53.500-06:00",0.828811287879944,0.206991627812386,7.44715876112654,"almost_certain","BirdNET",NA,10.2198,-83.7874,FALSE,501,"White-winged Dove","Zenaida asiatica","#d16ff8","avian","https://media.birdweather.com/species/501/White-wingedDove-standard-6528ef689b07d5a91f1c2275cdef19c9.jpg","https://media.birdweather.com/species/501/White-wingedDove-thumbnail-4a940adfd5a6c78c73c48c5095e7b896.jpg","https://media.birdweather.com/species/501/White-wingedDove-png200-d65decd3d571b5a9dbeca249ef97689f.png","IscJLwb6hoVelZWZdoh3eIeIdxBoB4IG",15976516289,"https://media.birdweather.com/soundscapes/19267/19267-20260823-214452.flac",1.5,4.5,"live"
10664214361,19267,"2026-08-23T15:44:52.000-06:00",0.714626312255859,0.206991627812386,7.11390081901662,"almost_certain","BirdNET",NA,10.2198,-83.7874,FALSE,501,"White-winged Dove","Zenaida asiatica","#d16ff8","avian","https://media.birdweather.com/species/501/White-wingedDove-standard-6528ef689b07d5a91f1c2275cdef19c9.jpg","https://media.birdweather.com/species/501/White-wingedDove-thumbnail-4a940adfd5a6c78c73c48c5095e7b896.jpg","https://media.birdweather.com/species/501/White-wingedDove-png200-d65decd3d571b5a9dbeca249ef97689f.png","IscJLwb6hoVelZWZdoh3eIeIdxBoB4IG",15976516289,"https://media.birdweather.com/soundscapes/19267/19267-20260823-214452.flac",0,3,"live"
10664211214,19267,"2026-08-23T15:44:45.000-06:00",0.796983897686005,0.206991627812386,7.36211737019702,"almost_certain","BirdNET",NA,10.2198,-83.7874,FALSE,501,"White-winged Dove","Zenaida asiatica","#d16ff8","avian","https://media.birdweather.com/species/501/White-wingedDove-standard-6528ef689b07d5a91f1c2275cdef19c9.jpg","https://media.birdweather.com/species/501/White-wingedDove-thumbnail-4a940adfd5a6c78c73c48c5095e7b896.jpg","https://media.birdweather.com/species/501/White-wingedDove-png200-d65decd3d571b5a9dbeca249ef97689f.png","IscJLwb6hoVelZWZdoh3eIeIdxBoB4IG",15976510291,"https://media.birdweather.com/soundscapes/19267/19267-20260823-214439.flac",6,9,"live"
10664211198,19267,"2026-08-23T15:44:40.500-06:00",0.963327765464783,0.206991627812386,7.75765227410762,"almost_certain","BirdNET",NA,10.2198,-83.7874,FALSE,501,"White-winged Dove","Zenaida asiatica","#d16ff8","avian","https://media.birdweather.com/species/501/White-wingedDove-standard-6528ef689b07d5a91f1c2275cdef19c9.jpg","https://media.birdweather.com/species/501/White-wingedDove-thumbnail-4a940adfd5a6c78c73c48c5095e7b896.jpg","https://media.birdweather.com/species/501/White-wingedDove-png200-d65decd3d571b5a9dbeca249ef97689f.png","IscJLwb6hoVelZWZdoh3eIeIdxBoB4IG",15976510291,"https://media.birdweather.com/soundscapes/19267/19267-20260823-214439.flac",1.5,4.5,"live"
10664204163,19267,"2026-08-23T15:44:18.000-06:00",0.829562306404114,0.206991627812386,7.44910305670678,"almost_certain","BirdNET",NA,10.2198,-83.7874,FALSE,501,"White-winged Dove","Zenaida asiatica","#d16ff8","avian","https://media.birdweather.com/species/501/White-wingedDove-standard-6528ef689b07d5a91f1c2275cdef19c9.jpg","https://media.birdweather.com/species/501/White-wingedDove-thumbnail-4a940adfd5a6c78c73c48c5095e7b896.jpg","https://media.birdweather.com/species/501/White-wingedDove-png200-d65decd3d571b5a9dbeca249ef97689f.png","IscJLwb6hoVelZWZdoh3eIeIdxBoB4IG",15976497063,"https://media.birdweather.com/soundscapes/19267/19267-20260823-214412.flac",6,9,"live"
10664204161,19267,"2026-08-23T15:44:13.500-06:00",0.813667118549347,0.206991627812386,7.4073517559527,"almost_certain","BirdNET",NA,10.2198,-83.7874,FALSE,501,"White-winged Dove","Zenaida asiatica","#d16ff8","avian","https://media.birdweather.com/species/501/White-wingedDove-standard-6528ef689b07d5a91f1c2275cdef19c9.jpg","https://media.birdweather.com/species/501/White-wingedDove-thumbnail-4a940adfd5a6c78c73c48c5095e7b896.jpg","https://media.birdweather.com/species/501/White-wingedDove-png200-d65decd3d571b5a9dbeca249ef97689f.png","IscJLwb6hoVelZWZdoh3eIeIdxBoB4IG",15976497063,"https://media.birdweather.com/soundscapes/19267/19267-20260823-214412.flac",1.5,4.5,"live"
10664134117,19267,"2026-08-23T15:39:38.000-06:00",0.883119285106659,0.670708060264587,9.14737655604836,"almost_certain","BirdNET",NA,10.2198,-83.7874,FALSE,205,"Ruddy Ground Dove","Columbina talpacoti","#53906e","avian","https://media.birdweather.com/species/205/RuddyGroundDove-standard-53ff31bb086a0bdfee231e383a62179c.jpg","https://media.birdweather.com/species/205/RuddyGroundDove-thumbnail-d67b5868d1bb1d2bfe15c5ab85a0860b.jpg","https://media.birdweather.com/species/205/RuddyGroundDove-png200-f0c3dd93639067047ad97e6d51181cc0.png","WugJDwIImHiTind4dmiIdoaZmf2mFpAJ",15976364376,"https://media.birdweather.com/soundscapes/19267/19267-20260823-213938.flac",0,3,"live"
10663210189,19267,"2026-08-23T14:40:00.000-06:00",0.737807214260101,0.782532274723053,8.96309319927803,"almost_certain","BirdNET",NA,10.2198,-83.7874,FALSE,229,"Great Kiskadee","Pitangus sulphuratus","#7d4410","avian","https://media.birdweather.com/species/229/GreatKiskadee-standard-cd28a1b8e8b8e5aed433e809c229004e.jpg","https://media.birdweather.com/species/229/GreatKiskadee-thumbnail-b2749ed2442fb322cf3c4cb72f9c97f6.jpg","https://media.birdweather.com/species/229/GreatKiskadee-png200-003973af4f863deb00a4ce9b6f10e59c.png","0PgFDwIrhYqfZJh1mVe3SZZ3uKEJBncG",15974626572,"https://media.birdweather.com/soundscapes/19267/19267-20260823-203954.flac",6,9,"live"
10663199378,19267,"2026-08-23T14:39:13.000-06:00",0.839983940124512,0.100666873157024,6.55333450944069,"almost_certain","BirdNET",NA,10.2198,-83.7874,FALSE,603,"Tropical Mockingbird","Mimus gilvus","#006e2a","avian","https://media.birdweather.com/species/603/TropicalMockingbird-standard-33be42788a38707b12f757d28526a492.jpg","https://media.birdweather.com/species/603/TropicalMockingbird-thumbnail-4f6417f6928c80a2cb70eb341f54fd79.jpg","https://media.birdweather.com/species/603/TropicalMockingbird-png200-9e94d27578943cfad1e7923fe23d2300.png","q+cJFwL4VohclXidhXh5aJh4qDAaGKYA",15974606826,"https://media.birdweather.com/soundscapes/19267/19267-20260823-203913.flac",0,3,"live"
10663157039,19267,"2026-08-23T14:36:37.000-06:00",0.746175646781921,0.78253436088562,8.98903643750158,"almost_certain","BirdNET",NA,10.2198,-83.7874,FALSE,229,"Great Kiskadee","Pitangus sulphuratus","#7d4410","avian","https://media.birdweather.com/species/229/GreatKiskadee-standard-cd28a1b8e8b8e5aed433e809c229004e.jpg","https://media.birdweather.com/species/229/GreatKiskadee-thumbnail-b2749ed2442fb322cf3c4cb72f9c97f6.jpg","https://media.birdweather.com/species/229/GreatKiskadee-png200-003973af4f863deb00a4ce9b6f10e59c.png","0PgFDwIrhYqfZJh1mVe3SZZ3uKEJBncG",15974528057,"https://media.birdweather.com/soundscapes/19267/19267-20260823-203631.flac",6,9,"live"
10663157035,19267,"2026-08-23T14:36:35.500-06:00",0.723666608333588,0.78253436088562,8.91811721406803,"almost_certain","BirdNET",NA,10.2198,-83.7874,FALSE,229,"Great Kiskadee","Pitangus sulphuratus","#7d4410","avian","https://media.birdweather.com/species/229/GreatKiskadee-standard-cd28a1b8e8b8e5aed433e809c229004e.jpg","https://media.birdweather.com/species/229/GreatKiskadee-thumbnail-b2749ed2442fb322cf3c4cb72f9c97f6.jpg","https://media.birdweather.com/species/229/GreatKiskadee-png200-003973af4f863deb00a4ce9b6f10e59c.png","0PgFDwIrhYqfZJh1mVe3SZZ3uKEJBncG",15974528057,"https://media.birdweather.com/soundscapes/19267/19267-20260823-203631.flac",4.5,7.5,"live"
10663153803,19267,"2026-08-23T14:36:23.500-06:00",0.885077118873596,0.782533407211304,9.36034721006991,"almost_certain","BirdNET",NA,10.2198,-83.7874,FALSE,229,"Great Kiskadee","Pitangus sulphuratus","#7d4410","avian","https://media.birdweather.com/species/229/GreatKiskadee-standard-cd28a1b8e8b8e5aed433e809c229004e.jpg","https://media.birdweather.com/species/229/GreatKiskadee-thumbnail-b2749ed2442fb322cf3c4cb72f9c97f6.jpg","https://media.birdweather.com/species/229/GreatKiskadee-png200-003973af4f863deb00a4ce9b6f10e59c.png","0PgFDwIrhYqfZJh1mVe3SZZ3uKEJBncG",15974521693,"https://media.birdweather.com/soundscapes/19267/19267-20260823-203619.flac",4.5,7.5,"live"
10663153799,19267,"2026-08-23T14:36:22.000-06:00",0.785772442817688,0.782533407211304,9.10552258483533,"almost_certain","BirdNET",NA,10.2198,-83.7874,FALSE,229,"Great Kiskadee","Pitangus sulphuratus","#7d4410","avian","https://media.birdweather.com/species/229/GreatKiskadee-standard-cd28a1b8e8b8e5aed433e809c229004e.jpg","https://media.birdweather.com/species/229/GreatKiskadee-thumbnail-b2749ed2442fb322cf3c4cb72f9c97f6.jpg","https://media.birdweather.com/species/229/GreatKiskadee-png200-003973af4f863deb00a4ce9b6f10e59c.png","0PgFDwIrhYqfZJh1mVe3SZZ3uKEJBncG",15974521693,"https://media.birdweather.com/soundscapes/19267/19267-20260823-203619.flac",3,6,"live"
10663153794,19267,"2026-08-23T14:36:20.500-06:00",0.778713524341583,0.782533407211304,9.08546860516298,"almost_certain","BirdNET",NA,10.2198,-83.7874,FALSE,229,"Great Kiskadee","Pitangus sulphuratus","#7d4410","avian","https://media.birdweather.com/species/229/GreatKiskadee-standard-cd28a1b8e8b8e5aed433e809c229004e.jpg","https://media.birdweather.com/species/229/GreatKiskadee-thumbnail-b2749ed2442fb322cf3c4cb72f9c97f6.jpg","https://media.birdweather.com/species/229/GreatKiskadee-png200-003973af4f863deb00a4ce9b6f10e59c.png","0PgFDwIrhYqfZJh1mVe3SZZ3uKEJBncG",15974521693,"https://media.birdweather.com/soundscapes/19267/19267-20260823-203619.flac",1.5,4.5,"live"
10663108383,19267,"2026-08-23T14:33:31.500-06:00",0.930975496768951,0.207006320357323,7.68924201193715,"almost_certain","BirdNET",NA,10.2198,-83.7874,FALSE,501,"White-winged Dove","Zenaida asiatica","#d16ff8","avian","https://media.birdweather.com/species/501/White-wingedDove-standard-6528ef689b07d5a91f1c2275cdef19c9.jpg","https://media.birdweather.com/species/501/White-wingedDove-thumbnail-4a940adfd5a6c78c73c48c5095e7b896.jpg","https://media.birdweather.com/species/501/White-wingedDove-png200-d65decd3d571b5a9dbeca249ef97689f.png","IscJLwb6hoVelZWZdoh3eIeIdxBoB4IG",15974437906,"https://media.birdweather.com/soundscapes/19267/19267-20260823-203327.flac",4.5,7.5,"live"
10663108374,19267,"2026-08-23T14:33:28.500-06:00",0.713314831256866,0.207006320357323,7.10965334164964,"almost_certain","BirdNET",NA,10.2198,-83.7874,FALSE,501,"White-winged Dove","Zenaida asiatica","#d16ff8","avian","https://media.birdweather.com/species/501/White-wingedDove-standard-6528ef689b07d5a91f1c2275cdef19c9.jpg","https://media.birdweather.com/species/501/White-wingedDove-thumbnail-4a940adfd5a6c78c73c48c5095e7b896.jpg","https://media.birdweather.com/species/501/White-wingedDove-png200-d65decd3d571b5a9dbeca249ef97689f.png","IscJLwb6hoVelZWZdoh3eIeIdxBoB4IG",15974437906,"https://media.birdweather.com/soundscapes/19267/19267-20260823-203327.flac",1.5,4.5,"live"
10663108368,19267,"2026-08-23T14:33:27.000-06:00",0.944192469120026,0.207006320357323,7.71764282041608,"almost_certain","BirdNET",NA,10.2198,-83.7874,FALSE,501,"White-winged Dove","Zenaida asiatica","#d16ff8","avian","https://media.birdweather.com/species/501/White-wingedDove-standard-6528ef689b07d5a91f1c2275cdef19c9.jpg","https://media.birdweather.com/species/501/White-wingedDove-thumbnail-4a940adfd5a6c78c73c48c5095e7b896.jpg","https://media.birdweather.com/species/501/White-wingedDove-png200-d65decd3d571b5a9dbeca249ef97689f.png","IscJLwb6hoVelZWZdoh3eIeIdxBoB4IG",15974437906,"https://media.birdweather.com/soundscapes/19267/19267-20260823-203327.flac",0,3,"live"
10662391965,19267,"2026-08-23T13:48:55.000-06:00",0.959202349185944,0.207005903124809,7.74919539050632,"almost_certain","BirdNET",NA,10.2198,-83.7874,FALSE,501,"White-winged Dove","Zenaida asiatica","#d16ff8","avian","https://media.birdweather.com/species/501/White-wingedDove-standard-6528ef689b07d5a91f1c2275cdef19c9.jpg","https://media.birdweather.com/species/501/White-wingedDove-thumbnail-4a940adfd5a6c78c73c48c5095e7b896.jpg","https://media.birdweather.com/species/501/White-wingedDove-png200-d65decd3d571b5a9dbeca249ef97689f.png","IscJLwb6hoVelZWZdoh3eIeIdxBoB4IG",15973137854,"https://media.birdweather.com/soundscapes/19267/19267-20260823-194852.flac",3,6,"live"
10662374407,19267,"2026-08-23T13:47:52.000-06:00",0.879967033863068,0.206995233893394,7.5736868203639,"almost_certain","BirdNET",NA,10.2198,-83.7874,FALSE,501,"White-winged Dove","Zenaida asiatica","#d16ff8","avian","https://media.birdweather.com/species/501/White-wingedDove-standard-6528ef689b07d5a91f1c2275cdef19c9.jpg","https://media.birdweather.com/species/501/White-wingedDove-thumbnail-4a940adfd5a6c78c73c48c5095e7b896.jpg","https://media.birdweather.com/species/501/White-wingedDove-png200-d65decd3d571b5a9dbeca249ef97689f.png","IscJLwb6hoVelZWZdoh3eIeIdxBoB4IG",15973105925,"https://media.birdweather.com/soundscapes/19267/19267-20260823-194746.flac",6,9,"live"
10662374401,19267,"2026-08-23T13:47:47.500-06:00",0.868192434310913,0.206995233893394,7.54558660019373,"almost_certain","BirdNET",NA,10.2198,-83.7874,FALSE,501,"White-winged Dove","Zenaida asiatica","#d16ff8","avian","https://media.birdweather.com/species/501/White-wingedDove-standard-6528ef689b07d5a91f1c2275cdef19c9.jpg","https://media.birdweather.com/species/501/White-wingedDove-thumbnail-4a940adfd5a6c78c73c48c5095e7b896.jpg","https://media.birdweather.com/species/501/White-wingedDove-png200-d65decd3d571b5a9dbeca249ef97689f.png","IscJLwb6hoVelZWZdoh3eIeIdxBoB4IG",15973105925,"https://media.birdweather.com/soundscapes/19267/19267-20260823-194746.flac",1.5,4.5,"live"
10662133212,19267,"2026-08-23T13:32:41.000-06:00",0.741049826145172,0.100664041936398,6.27603674314418,"almost_certain","BirdNET",NA,10.2198,-83.7874,FALSE,603,"Tropical Mockingbird","Mimus gilvus","#006e2a","avian","https://media.birdweather.com/species/603/TropicalMockingbird-standard-33be42788a38707b12f757d28526a492.jpg","https://media.birdweather.com/species/603/TropicalMockingbird-thumbnail-4f6417f6928c80a2cb70eb341f54fd79.jpg","https://media.birdweather.com/species/603/TropicalMockingbird-png200-9e94d27578943cfad1e7923fe23d2300.png","q+cJFwL4VohclXidhXh5aJh4qDAaGKYA",15972663203,"https://media.birdweather.com/soundscapes/19267/19267-20260823-193238.flac",3,6,"live"
10662130229,19267,"2026-08-23T13:32:29.500-06:00",0.778384864330292,0.100664041936398,6.38735980654232,"almost_certain","BirdNET",NA,10.2198,-83.7874,FALSE,603,"Tropical Mockingbird","Mimus gilvus","#006e2a","avian","https://media.birdweather.com/species/603/TropicalMockingbird-standard-33be42788a38707b12f757d28526a492.jpg","https://media.birdweather.com/species/603/TropicalMockingbird-thumbnail-4f6417f6928c80a2cb70eb341f54fd79.jpg","https://media.birdweather.com/species/603/TropicalMockingbird-png200-9e94d27578943cfad1e7923fe23d2300.png","q+cJFwL4VohclXidhXh5aJh4qDAaGKYA",15972657294,"https://media.birdweather.com/soundscapes/19267/19267-20260823-193225.flac",4.5,7.5,"live"
10662123266,19267,"2026-08-23T13:32:05.000-06:00",0.776384234428406,0.100664041936398,6.38161838281878,"almost_certain","BirdNET",NA,10.2198,-83.7874,FALSE,603,"Tropical Mockingbird","Mimus gilvus","#006e2a","avian","https://media.birdweather.com/species/603/TropicalMockingbird-standard-33be42788a38707b12f757d28526a492.jpg","https://media.birdweather.com/species/603/TropicalMockingbird-thumbnail-4f6417f6928c80a2cb70eb341f54fd79.jpg","https://media.birdweather.com/species/603/TropicalMockingbird-png200-9e94d27578943cfad1e7923fe23d2300.png","q+cJFwL4VohclXidhXh5aJh4qDAaGKYA",15972644335,"https://media.birdweather.com/soundscapes/19267/19267-20260823-193159.flac",6,9,"live"
10662123263,19267,"2026-08-23T13:32:03.500-06:00",0.777263760566711,0.100664041936398,6.38414541828143,"almost_certain","BirdNET",NA,10.2198,-83.7874,FALSE,603,"Tropical Mockingbird","Mimus gilvus","#006e2a","avian","https://media.birdweather.com/species/603/TropicalMockingbird-standard-33be42788a38707b12f757d28526a492.jpg","https://media.birdweather.com/species/603/TropicalMockingbird-thumbnail-4f6417f6928c80a2cb70eb341f54fd79.jpg","https://media.birdweather.com/species/603/TropicalMockingbird-png200-9e94d27578943cfad1e7923fe23d2300.png","q+cJFwL4VohclXidhXh5aJh4qDAaGKYA",15972644335,"https://media.birdweather.com/soundscapes/19267/19267-20260823-193159.flac",4.5,7.5,"live"
10662113285,19267,"2026-08-23T13:31:22.500-06:00",0.713354587554932,0.782534897327423,8.8843598964085,"almost_certain","BirdNET",NA,10.2198,-83.7874,FALSE,229,"Great Kiskadee","Pitangus sulphuratus","#7d4410","avian","https://media.birdweather.com/species/229/GreatKiskadee-standard-cd28a1b8e8b8e5aed433e809c229004e.jpg","https://media.birdweather.com/species/229/GreatKiskadee-thumbnail-b2749ed2442fb322cf3c4cb72f9c97f6.jpg","https://media.birdweather.com/species/229/GreatKiskadee-png200-003973af4f863deb00a4ce9b6f10e59c.png","0PgFDwIrhYqfZJh1mVe3SZZ3uKEJBncG",15972625789,"https://media.birdweather.com/soundscapes/19267/19267-20260823-193121.flac",1.5,4.5,"live"
10662113283,19267,"2026-08-23T13:31:21.000-06:00",0.850847005844116,0.782534897327423,9.27775719677901,"almost_certain","BirdNET",NA,10.2198,-83.7874,FALSE,229,"Great Kiskadee","Pitangus sulphuratus","#7d4410","avian","https://media.birdweather.com/species/229/GreatKiskadee-standard-cd28a1b8e8b8e5aed433e809c229004e.jpg","https://media.birdweather.com/species/229/GreatKiskadee-thumbnail-b2749ed2442fb322cf3c4cb72f9c97f6.jpg","https://media.birdweather.com/species/229/GreatKiskadee-png200-003973af4f863deb00a4ce9b6f10e59c.png","0PgFDwIrhYqfZJh1mVe3SZZ3uKEJBncG",15972625789,"https://media.birdweather.com/soundscapes/19267/19267-20260823-193121.flac",0,3,"live"
10662100467,19267,"2026-08-23T13:30:35.000-06:00",0.896190643310547,0.100663177669048,6.688947651836,"almost_certain","BirdNET",NA,10.2198,-83.7874,FALSE,603,"Tropical Mockingbird","Mimus gilvus","#006e2a","avian","https://media.birdweather.com/species/603/TropicalMockingbird-standard-33be42788a38707b12f757d28526a492.jpg","https://media.birdweather.com/species/603/TropicalMockingbird-thumbnail-4f6417f6928c80a2cb70eb341f54fd79.jpg","https://media.birdweather.com/species/603/TropicalMockingbird-png200-9e94d27578943cfad1e7923fe23d2300.png","q+cJFwL4VohclXidhXh5aJh4qDAaGKYA",15972600835,"https://media.birdweather.com/soundscapes/19267/19267-20260823-193029.flac",6,9,"live"
10662100463,19267,"2026-08-23T13:30:33.500-06:00",0.742566168308258,0.100663177669048,6.28072806536356,"almost_certain","BirdNET",NA,10.2198,-83.7874,FALSE,603,"Tropical Mockingbird","Mimus gilvus","#006e2a","avian","https://media.birdweather.com/species/603/TropicalMockingbird-standard-33be42788a38707b12f757d28526a492.jpg","https://media.birdweather.com/species/603/TropicalMockingbird-thumbnail-4f6417f6928c80a2cb70eb341f54fd79.jpg","https://media.birdweather.com/species/603/TropicalMockingbird-png200-9e94d27578943cfad1e7923fe23d2300.png","q+cJFwL4VohclXidhXh5aJh4qDAaGKYA",15972600835,"https://media.birdweather.com/soundscapes/19267/19267-20260823-193029.flac",4.5,7.5,"live"
10662097050,19267,"2026-08-23T13:30:22.000-06:00",0.785542190074921,0.782538056373596,9.10488109713857,"almost_certain","BirdNET",NA,10.2198,-83.7874,FALSE,229,"Great Kiskadee","Pitangus sulphuratus","#7d4410","avian","https://media.birdweather.com/species/229/GreatKiskadee-standard-cd28a1b8e8b8e5aed433e809c229004e.jpg","https://media.birdweather.com/species/229/GreatKiskadee-thumbnail-b2749ed2442fb322cf3c4cb72f9c97f6.jpg","https://media.birdweather.com/species/229/GreatKiskadee-png200-003973af4f863deb00a4ce9b6f10e59c.png","0PgFDwIrhYqfZJh1mVe3SZZ3uKEJBncG",15972594516,"https://media.birdweather.com/soundscapes/19267/19267-20260823-193016.flac",6,9,"live"
10662097048,19267,"2026-08-23T13:30:20.500-06:00",0.889630019664764,0.782538056373596,9.3709749239599,"almost_certain","BirdNET",NA,10.2198,-83.7874,FALSE,229,"Great Kiskadee","Pitangus sulphuratus","#7d4410","avian","https://media.birdweather.com/species/229/GreatKiskadee-standard-cd28a1b8e8b8e5aed433e809c229004e.jpg","https://media.birdweather.com/species/229/GreatKiskadee-thumbnail-b2749ed2442fb322cf3c4cb72f9c97f6.jpg","https://media.birdweather.com/species/229/GreatKiskadee-png200-003973af4f863deb00a4ce9b6f10e59c.png","0PgFDwIrhYqfZJh1mVe3SZZ3uKEJBncG",15972594516,"https://media.birdweather.com/soundscapes/19267/19267-20260823-193016.flac",4.5,7.5,"live"
10662097043,19267,"2026-08-23T13:30:17.500-06:00",0.789873898029327,0.100663334131241,6.4198644909206,"almost_certain","BirdNET",NA,10.2198,-83.7874,FALSE,603,"Tropical Mockingbird","Mimus gilvus","#006e2a","avian","https://media.birdweather.com/species/603/TropicalMockingbird-standard-33be42788a38707b12f757d28526a492.jpg","https://media.birdweather.com/species/603/TropicalMockingbird-thumbnail-4f6417f6928c80a2cb70eb341f54fd79.jpg","https://media.birdweather.com/species/603/TropicalMockingbird-png200-9e94d27578943cfad1e7923fe23d2300.png","q+cJFwL4VohclXidhXh5aJh4qDAaGKYA",15972594516,"https://media.birdweather.com/soundscapes/19267/19267-20260823-193016.flac",1.5,4.5,"live"
10662090034,19267,"2026-08-23T13:29:53.500-06:00",0.88486784696579,0.100663334131241,6.66268043045069,"almost_certain","BirdNET",NA,10.2198,-83.7874,FALSE,603,"Tropical Mockingbird","Mimus gilvus","#006e2a","avian","https://media.birdweather.com/species/603/TropicalMockingbird-standard-33be42788a38707b12f757d28526a492.jpg","https://media.birdweather.com/species/603/TropicalMockingbird-thumbnail-4f6417f6928c80a2cb70eb341f54fd79.jpg","https://media.birdweather.com/species/603/TropicalMockingbird-png200-9e94d27578943cfad1e7923fe23d2300.png","q+cJFwL4VohclXidhXh5aJh4qDAaGKYA",15972581235,"https://media.birdweather.com/soundscapes/19267/19267-20260823-192949.flac",4.5,7.5,"live"
10662090032,19267,"2026-08-23T13:29:52.000-06:00",0.749906003475189,0.100663334131241,6.30326471259596,"almost_certain","BirdNET",NA,10.2198,-83.7874,FALSE,603,"Tropical Mockingbird","Mimus gilvus","#006e2a","avian","https://media.birdweather.com/species/603/TropicalMockingbird-standard-33be42788a38707b12f757d28526a492.jpg","https://media.birdweather.com/species/603/TropicalMockingbird-thumbnail-4f6417f6928c80a2cb70eb341f54fd79.jpg","https://media.birdweather.com/species/603/TropicalMockingbird-png200-9e94d27578943cfad1e7923fe23d2300.png","q+cJFwL4VohclXidhXh5aJh4qDAaGKYA",15972581235,"https://media.birdweather.com/soundscapes/19267/19267-20260823-192949.flac",3,6,"live"
10662086739,19267,"2026-08-23T13:29:40.500-06:00",0.744189083576202,0.100663334131241,6.28574468119113,"almost_certain","BirdNET",NA,10.2198,-83.7874,FALSE,603,"Tropical Mockingbird","Mimus gilvus","#006e2a","avian","https://media.birdweather.com/species/603/TropicalMockingbird-standard-33be42788a38707b12f757d28526a492.jpg","https://media.birdweather.com/species/603/TropicalMockingbird-thumbnail-4f6417f6928c80a2cb70eb341f54fd79.jpg","https://media.birdweather.com/species/603/TropicalMockingbird-png200-9e94d27578943cfad1e7923fe23d2300.png","q+cJFwL4VohclXidhXh5aJh4qDAaGKYA",15972574925,"https://media.birdweather.com/soundscapes/19267/19267-20260823-192936.flac",4.5,7.5,"live"
10662086730,19267,"2026-08-23T13:29:37.500-06:00",0.806230545043945,0.100663334131241,6.46486101904927,"almost_certain","BirdNET",NA,10.2198,-83.7874,FALSE,603,"Tropical Mockingbird","Mimus gilvus","#006e2a","avian","https://media.birdweather.com/species/603/TropicalMockingbird-standard-33be42788a38707b12f757d28526a492.jpg","https://media.birdweather.com/species/603/TropicalMockingbird-thumbnail-4f6417f6928c80a2cb70eb341f54fd79.jpg","https://media.birdweather.com/species/603/TropicalMockingbird-png200-9e94d27578943cfad1e7923fe23d2300.png","q+cJFwL4VohclXidhXh5aJh4qDAaGKYA",15972574925,"https://media.birdweather.com/soundscapes/19267/19267-20260823-192936.flac",1.5,4.5,"live"
10662086725,19267,"2026-08-23T13:29:36.000-06:00",0.819901406764984,0.100663334131241,6.50136741327456,"almost_certain","BirdNET",NA,10.2198,-83.7874,FALSE,603,"Tropical Mockingbird","Mimus gilvus","#006e2a","avian","https://media.birdweather.com/species/603/TropicalMockingbird-standard-33be42788a38707b12f757d28526a492.jpg","https://media.birdweather.com/species/603/TropicalMockingbird-thumbnail-4f6417f6928c80a2cb70eb341f54fd79.jpg","https://media.birdweather.com/species/603/TropicalMockingbird-png200-9e94d27578943cfad1e7923fe23d2300.png","q+cJFwL4VohclXidhXh5aJh4qDAaGKYA",15972574925,"https://media.birdweather.com/soundscapes/19267/19267-20260823-192936.flac",0,3,"live"
10662025732,19267,"2026-08-23T13:25:47.000-06:00",0.845088601112366,0.100664503872395,6.56619544513829,"almost_certain","BirdNET",NA,10.2198,-83.7874,FALSE,603,"Tropical Mockingbird","Mimus gilvus","#006e2a","avian","https://media.birdweather.com/species/603/TropicalMockingbird-standard-33be42788a38707b12f757d28526a492.jpg","https://media.birdweather.com/species/603/TropicalMockingbird-thumbnail-4f6417f6928c80a2cb70eb341f54fd79.jpg","https://media.birdweather.com/species/603/TropicalMockingbird-png200-9e94d27578943cfad1e7923fe23d2300.png","q+cJFwL4VohclXidhXh5aJh4qDAaGKYA",15972461638,"https://media.birdweather.com/soundscapes/19267/19267-20260823-192544.flac",3,6,"live"
10662022320,19267,"2026-08-23T13:25:36.000-06:00",0.872775614261627,0.782536327838898,9.3312402741434,"almost_certain","BirdNET",NA,10.2198,-83.7874,FALSE,229,"Great Kiskadee","Pitangus sulphuratus","#7d4410","avian","https://media.birdweather.com/species/229/GreatKiskadee-standard-cd28a1b8e8b8e5aed433e809c229004e.jpg","https://media.birdweather.com/species/229/GreatKiskadee-thumbnail-b2749ed2442fb322cf3c4cb72f9c97f6.jpg","https://media.birdweather.com/species/229/GreatKiskadee-png200-003973af4f863deb00a4ce9b6f10e59c.png","0PgFDwIrhYqfZJh1mVe3SZZ3uKEJBncG",15972454960,"https://media.birdweather.com/soundscapes/19267/19267-20260823-192530.flac",6,9,"live"
10662022313,19267,"2026-08-23T13:25:30.000-06:00",0.787674844264984,0.782536327838898,9.11088240380112,"almost_certain","BirdNET",NA,10.2198,-83.7874,FALSE,229,"Great Kiskadee","Pitangus sulphuratus","#7d4410","avian","https://media.birdweather.com/species/229/GreatKiskadee-standard-cd28a1b8e8b8e5aed433e809c229004e.jpg","https://media.birdweather.com/species/229/GreatKiskadee-thumbnail-b2749ed2442fb322cf3c4cb72f9c97f6.jpg","https://media.birdweather.com/species/229/GreatKiskadee-png200-003973af4f863deb00a4ce9b6f10e59c.png","0PgFDwIrhYqfZJh1mVe3SZZ3uKEJBncG",15972454960,"https://media.birdweather.com/soundscapes/19267/19267-20260823-192530.flac",0,3,"live"
10661439818,19267,"2026-08-23T12:48:04.500-06:00",0.94989150762558,0.0365726165473461,5.62139780941146,"almost_certain","BirdNET",NA,10.2198,-83.7874,FALSE,242,"Barn Owl","Tyto alba","#c57e94","avian","https://media.birdweather.com/species/242/BarnOwl-standard-8bec9306e3928726cbb18b498dd33c03.jpg","https://media.birdweather.com/species/242/BarnOwl-thumbnail-f2dc3ee81bc91e5f2214d7a2b7be6eef.jpg","https://media.birdweather.com/species/242/BarnOwl-png200-fe95e07244e391ae77d98d1c722d7699.png","4PgFFwKCFGWPgIlpq2aJdXiHiQRFCWME",15971361688,"https://media.birdweather.com/soundscapes/19267/19267-20260823-184800.flac",4.5,7.5,"live"
10661002106,19267,"2026-08-23T12:20:38.500-06:00",0.748799800872803,0.782540321350098,8.99708070746579,"almost_certain","BirdNET",NA,10.2198,-83.7874,FALSE,229,"Great Kiskadee","Pitangus sulphuratus","#7d4410","avian","https://media.birdweather.com/species/229/GreatKiskadee-standard-cd28a1b8e8b8e5aed433e809c229004e.jpg","https://media.birdweather.com/species/229/GreatKiskadee-thumbnail-b2749ed2442fb322cf3c4cb72f9c97f6.jpg","https://media.birdweather.com/species/229/GreatKiskadee-png200-003973af4f863deb00a4ce9b6f10e59c.png","0PgFDwIrhYqfZJh1mVe3SZZ3uKEJBncG",15970559635,"https://media.birdweather.com/soundscapes/19267/19267-20260823-182034.flac",4.5,7.5,"live"
10661002101,19267,"2026-08-23T12:20:37.000-06:00",0.77648913860321,0.782540321350098,9.07909989239575,"almost_certain","BirdNET",NA,10.2198,-83.7874,FALSE,229,"Great Kiskadee","Pitangus sulphuratus","#7d4410","avian","https://media.birdweather.com/species/229/GreatKiskadee-standard-cd28a1b8e8b8e5aed433e809c229004e.jpg","https://media.birdweather.com/species/229/GreatKiskadee-thumbnail-b2749ed2442fb322cf3c4cb72f9c97f6.jpg","https://media.birdweather.com/species/229/GreatKiskadee-png200-003973af4f863deb00a4ce9b6f10e59c.png","0PgFDwIrhYqfZJh1mVe3SZZ3uKEJBncG",15970559635,"https://media.birdweather.com/soundscapes/19267/19267-20260823-182034.flac",3,6,"live"
10660935246,19267,"2026-08-23T12:16:24.500-06:00",0.835091888904572,0.782537460327148,9.2380061217665,"almost_certain","BirdNET",NA,10.2198,-83.7874,FALSE,229,"Great Kiskadee","Pitangus sulphuratus","#7d4410","avian","https://media.birdweather.com/species/229/GreatKiskadee-standard-cd28a1b8e8b8e5aed433e809c229004e.jpg","https://media.birdweather.com/species/229/GreatKiskadee-thumbnail-b2749ed2442fb322cf3c4cb72f9c97f6.jpg","https://media.birdweather.com/species/229/GreatKiskadee-png200-003973af4f863deb00a4ce9b6f10e59c.png","0PgFDwIrhYqfZJh1mVe3SZZ3uKEJBncG",15970437044,"https://media.birdweather.com/soundscapes/19267/19267-20260823-181623.flac",1.5,4.5,"live"
10660932051,19267,"2026-08-23T12:16:10.000-06:00",0.91434520483017,0.206979155540466,7.65247775495259,"almost_certain","BirdNET",NA,10.2198,-83.7874,FALSE,501,"White-winged Dove","Zenaida asiatica","#d16ff8","avian","https://media.birdweather.com/species/501/White-wingedDove-standard-6528ef689b07d5a91f1c2275cdef19c9.jpg","https://media.birdweather.com/species/501/White-wingedDove-thumbnail-4a940adfd5a6c78c73c48c5095e7b896.jpg","https://media.birdweather.com/species/501/White-wingedDove-png200-d65decd3d571b5a9dbeca249ef97689f.png","IscJLwb6hoVelZWZdoh3eIeIdxBoB4IG",15970431057,"https://media.birdweather.com/soundscapes/19267/19267-20260823-181610.flac",0,3,"live"
10660897019,19267,"2026-08-23T12:14:04.000-06:00",0.983989655971527,0.206985324621201,7.79963525405354,"almost_certain","BirdNET",NA,10.2198,-83.7874,FALSE,501,"White-winged Dove","Zenaida asiatica","#d16ff8","avian","https://media.birdweather.com/species/501/White-wingedDove-standard-6528ef689b07d5a91f1c2275cdef19c9.jpg","https://media.birdweather.com/species/501/White-wingedDove-thumbnail-4a940adfd5a6c78c73c48c5095e7b896.jpg","https://media.birdweather.com/species/501/White-wingedDove-png200-d65decd3d571b5a9dbeca249ef97689f.png","IscJLwb6hoVelZWZdoh3eIeIdxBoB4IG",15970366744,"https://media.birdweather.com/soundscapes/19267/19267-20260823-181358.flac",6,9,"live"
10660816539,19267,"2026-08-23T12:08:57.000-06:00",0.786030292510986,0.78253710269928,9.10625598077348,"almost_certain","BirdNET",NA,10.2198,-83.7874,FALSE,229,"Great Kiskadee","Pitangus sulphuratus","#7d4410","avian","https://media.birdweather.com/species/229/GreatKiskadee-standard-cd28a1b8e8b8e5aed433e809c229004e.jpg","https://media.birdweather.com/species/229/GreatKiskadee-thumbnail-b2749ed2442fb322cf3c4cb72f9c97f6.jpg","https://media.birdweather.com/species/229/GreatKiskadee-png200-003973af4f863deb00a4ce9b6f10e59c.png","0PgFDwIrhYqfZJh1mVe3SZZ3uKEJBncG",15970220171,"https://media.birdweather.com/soundscapes/19267/19267-20260823-180857.flac",0,3,"live"
10660766742,19267,"2026-08-23T12:05:58.000-06:00",0.719518780708313,0.167311131954193,6.85329648419181,"almost_certain","BirdNET",NA,10.2198,-83.7874,FALSE,2254,"Gray-capped Flycatcher","Myiozetetes granadensis","#4cdf64","avian","https://media.birdweather.com/species/2254/Gray-cappedFlycatcher-standard-2b1d2e6068e69e7cc4d888a3eda49237.jpg","https://media.birdweather.com/species/2254/Gray-cappedFlycatcher-thumbnail-301755d86be051f565dc1667dbf85fc6.jpg","https://media.birdweather.com/species/2254/Gray-cappedFlycatcher-png200-19a3941ee81d65d9e3993f47b8a497eb.png","oPkFFwL/hmqplmp0mbfZqHmHmZBzB6UA",15970129613,"https://media.birdweather.com/soundscapes/19267/19267-20260823-180552.flac",6,9,"live"
10660597357,19267,"2026-08-23T11:55:27.000-06:00",0.933083355426788,0.601990103721619,9.11421285095109,"almost_certain","BirdNET",NA,10.2198,-83.7874,FALSE,121,"Social Flycatcher","Myiozetetes similis","#69b9ff","avian","https://media.birdweather.com/species/121/SocialFlycatcher-standard-6e107581e61c9f556b3a0af5200f486a.jpg","https://media.birdweather.com/species/121/SocialFlycatcher-thumbnail-87f640fcaf1441ecbbd56b57372185a8.jpg","https://media.birdweather.com/species/121/SocialFlycatcher-png200-2f6dd485cf927db0dd7fd9abc239fb19.png","2xkKJwIJh3ekeXh0e5Z4eYaIdyApd5AC",15969826893,"https://media.birdweather.com/soundscapes/19267/19267-20260823-175527.flac",0,3,"live"
10660574614,19267,"2026-08-23T11:54:14.000-06:00",0.71896231174469,0.206984132528305,7.12810602457311,"almost_certain","BirdNET",NA,10.2198,-83.7874,FALSE,501,"White-winged Dove","Zenaida asiatica","#d16ff8","avian","https://media.birdweather.com/species/501/White-wingedDove-standard-6528ef689b07d5a91f1c2275cdef19c9.jpg","https://media.birdweather.com/species/501/White-wingedDove-thumbnail-4a940adfd5a6c78c73c48c5095e7b896.jpg","https://media.birdweather.com/species/501/White-wingedDove-png200-d65decd3d571b5a9dbeca249ef97689f.png","IscJLwb6hoVelZWZdoh3eIeIdxBoB4IG",15969786906,"https://media.birdweather.com/soundscapes/19267/19267-20260823-175411.flac",3,6,"live"
10660571175,19267,"2026-08-23T11:54:03.500-06:00",0.998016595840454,0.100665405392647,6.90500010694333,"almost_certain","BirdNET",NA,10.2198,-83.7874,FALSE,603,"Tropical Mockingbird","Mimus gilvus","#006e2a","avian","https://media.birdweather.com/species/603/TropicalMockingbird-standard-33be42788a38707b12f757d28526a492.jpg","https://media.birdweather.com/species/603/TropicalMockingbird-thumbnail-4f6417f6928c80a2cb70eb341f54fd79.jpg","https://media.birdweather.com/species/603/TropicalMockingbird-png200-9e94d27578943cfad1e7923fe23d2300.png","q+cJFwL4VohclXidhXh5aJh4qDAaGKYA",15969781006,"https://media.birdweather.com/soundscapes/19267/19267-20260823-175359.flac",4.5,7.5,"live"
10660571174,19267,"2026-08-23T11:54:02.000-06:00",0.990895807743073,0.100665405392647,6.89095233093738,"almost_certain","BirdNET",NA,10.2198,-83.7874,FALSE,603,"Tropical Mockingbird","Mimus gilvus","#006e2a","avian","https://media.birdweather.com/species/603/TropicalMockingbird-standard-33be42788a38707b12f757d28526a492.jpg","https://media.birdweather.com/species/603/TropicalMockingbird-thumbnail-4f6417f6928c80a2cb70eb341f54fd79.jpg","https://media.birdweather.com/species/603/TropicalMockingbird-png200-9e94d27578943cfad1e7923fe23d2300.png","q+cJFwL4VohclXidhXh5aJh4qDAaGKYA",15969781006,"https://media.birdweather.com/soundscapes/19267/19267-20260823-175359.flac",3,6,"live"
10660567861,19267,"2026-08-23T11:53:52.000-06:00",0.941664278507233,0.100665405392647,6.78967673669709,"almost_certain","BirdNET",NA,10.2198,-83.7874,FALSE,603,"Tropical Mockingbird","Mimus gilvus","#006e2a","avian","https://media.birdweather.com/species/603/TropicalMockingbird-standard-33be42788a38707b12f757d28526a492.jpg","https://media.birdweather.com/species/603/TropicalMockingbird-thumbnail-4f6417f6928c80a2cb70eb341f54fd79.jpg","https://media.birdweather.com/species/603/TropicalMockingbird-png200-9e94d27578943cfad1e7923fe23d2300.png","q+cJFwL4VohclXidhXh5aJh4qDAaGKYA",15969775063,"https://media.birdweather.com/soundscapes/19267/19267-20260823-175346.flac",6,9,"live"
10660564140,19267,"2026-08-23T11:53:37.500-06:00",0.929036021232605,0.100665405392647,6.76244563890234,"almost_certain","BirdNET",NA,10.2198,-83.7874,FALSE,603,"Tropical Mockingbird","Mimus gilvus","#006e2a","avian","https://media.birdweather.com/species/603/TropicalMockingbird-standard-33be42788a38707b12f757d28526a492.jpg","https://media.birdweather.com/species/603/TropicalMockingbird-thumbnail-4f6417f6928c80a2cb70eb341f54fd79.jpg","https://media.birdweather.com/species/603/TropicalMockingbird-png200-9e94d27578943cfad1e7923fe23d2300.png","q+cJFwL4VohclXidhXh5aJh4qDAaGKYA",15969768552,"https://media.birdweather.com/soundscapes/19267/19267-20260823-175333.flac",4.5,7.5,"live"
10660564137,19267,"2026-08-23T11:53:36.000-06:00",0.938405632972717,0.100665405392647,6.7827015645038,"almost_certain","BirdNET",NA,10.2198,-83.7874,FALSE,603,"Tropical Mockingbird","Mimus gilvus","#006e2a","avian","https://media.birdweather.com/species/603/TropicalMockingbird-standard-33be42788a38707b12f757d28526a492.jpg","https://media.birdweather.com/species/603/TropicalMockingbird-thumbnail-4f6417f6928c80a2cb70eb341f54fd79.jpg","https://media.birdweather.com/species/603/TropicalMockingbird-png200-9e94d27578943cfad1e7923fe23d2300.png","q+cJFwL4VohclXidhXh5aJh4qDAaGKYA",15969768552,"https://media.birdweather.com/soundscapes/19267/19267-20260823-175333.flac",3,6,"live"
10660550336,19267,"2026-08-23T11:52:48.000-06:00",0.743404626846313,0.100665405392647,6.28334870596242,"almost_certain","BirdNET",NA,10.2198,-83.7874,FALSE,603,"Tropical Mockingbird","Mimus gilvus","#006e2a","avian","https://media.birdweather.com/species/603/TropicalMockingbird-standard-33be42788a38707b12f757d28526a492.jpg","https://media.birdweather.com/species/603/TropicalMockingbird-thumbnail-4f6417f6928c80a2cb70eb341f54fd79.jpg","https://media.birdweather.com/species/603/TropicalMockingbird-png200-9e94d27578943cfad1e7923fe23d2300.png","q+cJFwL4VohclXidhXh5aJh4qDAaGKYA",15969744293,"https://media.birdweather.com/soundscapes/19267/19267-20260823-175242.flac",6,9,"live"
10660550331,19267,"2026-08-23T11:52:46.500-06:00",0.819462239742279,0.100665405392647,6.50023531036257,"almost_certain","BirdNET",NA,10.2198,-83.7874,FALSE,603,"Tropical Mockingbird","Mimus gilvus","#006e2a","avian","https://media.birdweather.com/species/603/TropicalMockingbird-standard-33be42788a38707b12f757d28526a492.jpg","https://media.birdweather.com/species/603/TropicalMockingbird-thumbnail-4f6417f6928c80a2cb70eb341f54fd79.jpg","https://media.birdweather.com/species/603/TropicalMockingbird-png200-9e94d27578943cfad1e7923fe23d2300.png","q+cJFwL4VohclXidhXh5aJh4qDAaGKYA",15969744293,"https://media.birdweather.com/soundscapes/19267/19267-20260823-175242.flac",4.5,7.5,"live"
10660521174,19267,"2026-08-23T11:50:57.500-06:00",0.784338593482971,0.100666455924511,6.40433477076753,"almost_certain","BirdNET",NA,10.2198,-83.7874,FALSE,603,"Tropical Mockingbird","Mimus gilvus","#006e2a","avian","https://media.birdweather.com/species/603/TropicalMockingbird-standard-33be42788a38707b12f757d28526a492.jpg","https://media.birdweather.com/species/603/TropicalMockingbird-thumbnail-4f6417f6928c80a2cb70eb341f54fd79.jpg","https://media.birdweather.com/species/603/TropicalMockingbird-png200-9e94d27578943cfad1e7923fe23d2300.png","q+cJFwL4VohclXidhXh5aJh4qDAaGKYA",15969691766,"https://media.birdweather.com/soundscapes/19267/19267-20260823-175056.flac",1.5,4.5,"live"
10660485806,19267,"2026-08-23T11:48:47.500-06:00",0.827058374881744,0.206998437643051,7.4426529113848,"almost_certain","BirdNET",NA,10.2198,-83.7874,FALSE,501,"White-winged Dove","Zenaida asiatica","#d16ff8","avian","https://media.birdweather.com/species/501/White-wingedDove-standard-6528ef689b07d5a91f1c2275cdef19c9.jpg","https://media.birdweather.com/species/501/White-wingedDove-thumbnail-4a940adfd5a6c78c73c48c5095e7b896.jpg","https://media.birdweather.com/species/501/White-wingedDove-png200-d65decd3d571b5a9dbeca249ef97689f.png","IscJLwb6hoVelZWZdoh3eIeIdxBoB4IG",15969628761,"https://media.birdweather.com/soundscapes/19267/19267-20260823-174846.flac",1.5,4.5,"live"
10660474668,19267,"2026-08-23T11:48:12.000-06:00",0.76636677980423,0.140947341918945,6.77779463528649,"almost_certain","BirdNET",NA,10.2198,-83.7874,FALSE,597,"Common Pauraque","Nyctidromus albicollis","#076101","avian","https://media.birdweather.com/species/597/CommonPauraque-standard-1f631aa6b634a4efa22904c59e55a5ff.jpg","https://media.birdweather.com/species/597/CommonPauraque-thumbnail-9699b58845a36e47070f5544282c6c24.jpg","https://media.birdweather.com/species/597/CommonPauraque-png200-82e98e61a2cf8d726c173c71516bac0a.png","kigGBwKMdndgmIh1lpiHiIaHaCv5h3AK",15969609248,"https://media.birdweather.com/soundscapes/19267/19267-20260823-174806.flac",6,9,"live"
10660452002,19267,"2026-08-23T11:46:49.500-06:00",0.888139605522156,0.206998437643051,7.59287756713152,"almost_certain","BirdNET",NA,10.2198,-83.7874,FALSE,501,"White-winged Dove","Zenaida asiatica","#d16ff8","avian","https://media.birdweather.com/species/501/White-wingedDove-standard-6528ef689b07d5a91f1c2275cdef19c9.jpg","https://media.birdweather.com/species/501/White-wingedDove-thumbnail-4a940adfd5a6c78c73c48c5095e7b896.jpg","https://media.birdweather.com/species/501/White-wingedDove-png200-d65decd3d571b5a9dbeca249ef97689f.png","IscJLwb6hoVelZWZdoh3eIeIdxBoB4IG",15969569885,"https://media.birdweather.com/soundscapes/19267/19267-20260823-174645.flac",4.5,7.5,"live"
10660421457,19267,"2026-08-23T11:44:59.000-06:00",0.946588456630707,0.100668661296368,6.8001903868608,"almost_certain","BirdNET",NA,10.2198,-83.7874,FALSE,603,"Tropical Mockingbird","Mimus gilvus","#006e2a","avian","https://media.birdweather.com/species/603/TropicalMockingbird-standard-33be42788a38707b12f757d28526a492.jpg","https://media.birdweather.com/species/603/TropicalMockingbird-thumbnail-4f6417f6928c80a2cb70eb341f54fd79.jpg","https://media.birdweather.com/species/603/TropicalMockingbird-png200-9e94d27578943cfad1e7923fe23d2300.png","q+cJFwL4VohclXidhXh5aJh4qDAaGKYA",15969516123,"https://media.birdweather.com/soundscapes/19267/19267-20260823-174456.flac",3,6,"live"
10660421456,19267,"2026-08-23T11:44:57.500-06:00",0.814847111701965,0.100668661296368,6.48804955040085,"almost_certain","BirdNET",NA,10.2198,-83.7874,FALSE,603,"Tropical Mockingbird","Mimus gilvus","#006e2a","avian","https://media.birdweather.com/species/603/TropicalMockingbird-standard-33be42788a38707b12f757d28526a492.jpg","https://media.birdweather.com/species/603/TropicalMockingbird-thumbnail-4f6417f6928c80a2cb70eb341f54fd79.jpg","https://media.birdweather.com/species/603/TropicalMockingbird-png200-9e94d27578943cfad1e7923fe23d2300.png","q+cJFwL4VohclXidhXh5aJh4qDAaGKYA",15969516123,"https://media.birdweather.com/soundscapes/19267/19267-20260823-174456.flac",1.5,4.5,"live"
10660421450,19267,"2026-08-23T11:44:56.000-06:00",0.732054531574249,0.100668661296368,6.2478636501937,"almost_certain","BirdNET",NA,10.2198,-83.7874,FALSE,603,"Tropical Mockingbird","Mimus gilvus","#006e2a","avian","https://media.birdweather.com/species/603/TropicalMockingbird-standard-33be42788a38707b12f757d28526a492.jpg","https://media.birdweather.com/species/603/TropicalMockingbird-thumbnail-4f6417f6928c80a2cb70eb341f54fd79.jpg","https://media.birdweather.com/species/603/TropicalMockingbird-png200-9e94d27578943cfad1e7923fe23d2300.png","q+cJFwL4VohclXidhXh5aJh4qDAaGKYA",15969516123,"https://media.birdweather.com/soundscapes/19267/19267-20260823-174456.flac",0,3,"live"
10660367391,19267,"2026-08-23T11:41:48.000-06:00",0.71755975484848,0.782534956932068,8.89822696041436,"almost_certain","BirdNET",NA,10.2198,-83.7874,FALSE,229,"Great Kiskadee","Pitangus sulphuratus","#7d4410","avian","https://media.birdweather.com/species/229/GreatKiskadee-standard-cd28a1b8e8b8e5aed433e809c229004e.jpg","https://media.birdweather.com/species/229/GreatKiskadee-thumbnail-b2749ed2442fb322cf3c4cb72f9c97f6.jpg","https://media.birdweather.com/species/229/GreatKiskadee-png200-003973af4f863deb00a4ce9b6f10e59c.png","0PgFDwIrhYqfZJh1mVe3SZZ3uKEJBncG",15969422352,"https://media.birdweather.com/soundscapes/19267/19267-20260823-174142.flac",6,9,"live"
10660367387,19267,"2026-08-23T11:41:46.500-06:00",0.720130741596222,0.782534956932068,8.90663642171019,"almost_certain","BirdNET",NA,10.2198,-83.7874,FALSE,229,"Great Kiskadee","Pitangus sulphuratus","#7d4410","avian","https://media.birdweather.com/species/229/GreatKiskadee-standard-cd28a1b8e8b8e5aed433e809c229004e.jpg","https://media.birdweather.com/species/229/GreatKiskadee-thumbnail-b2749ed2442fb322cf3c4cb72f9c97f6.jpg","https://media.birdweather.com/species/229/GreatKiskadee-png200-003973af4f863deb00a4ce9b6f10e59c.png","0PgFDwIrhYqfZJh1mVe3SZZ3uKEJBncG",15969422352,"https://media.birdweather.com/soundscapes/19267/19267-20260823-174142.flac",4.5,7.5,"live"
10660359049,19267,"2026-08-23T11:41:21.000-06:00",0.729768574237823,0.782534956932068,8.93770927116071,"almost_certain","BirdNET",NA,10.2198,-83.7874,FALSE,229,"Great Kiskadee","Pitangus sulphuratus","#7d4410","avian","https://media.birdweather.com/species/229/GreatKiskadee-standard-cd28a1b8e8b8e5aed433e809c229004e.jpg","https://media.birdweather.com/species/229/GreatKiskadee-thumbnail-b2749ed2442fb322cf3c4cb72f9c97f6.jpg","https://media.birdweather.com/species/229/GreatKiskadee-png200-003973af4f863deb00a4ce9b6f10e59c.png","0PgFDwIrhYqfZJh1mVe3SZZ3uKEJBncG",15969408231,"https://media.birdweather.com/soundscapes/19267/19267-20260823-174115.flac",6,9,"live"
10660333603,19267,"2026-08-23T11:39:47.500-06:00",0.718854367733002,0.206982836127281,7.12774481864267,"almost_certain","BirdNET",NA,10.2198,-83.7874,FALSE,501,"White-winged Dove","Zenaida asiatica","#d16ff8","avian","https://media.birdweather.com/species/501/White-wingedDove-standard-6528ef689b07d5a91f1c2275cdef19c9.jpg","https://media.birdweather.com/species/501/White-wingedDove-thumbnail-4a940adfd5a6c78c73c48c5095e7b896.jpg","https://media.birdweather.com/species/501/White-wingedDove-png200-d65decd3d571b5a9dbeca249ef97689f.png","IscJLwb6hoVelZWZdoh3eIeIdxBoB4IG",15969364630,"https://media.birdweather.com/soundscapes/19267/19267-20260823-173946.flac",1.5,4.5,"live"
10660278117,19267,"2026-08-23T11:36:32.500-06:00",0.78424084186554,0.782534956932068,9.10119894144105,"almost_certain","BirdNET",NA,10.2198,-83.7874,FALSE,229,"Great Kiskadee","Pitangus sulphuratus","#7d4410","avian","https://media.birdweather.com/species/229/GreatKiskadee-standard-cd28a1b8e8b8e5aed433e809c229004e.jpg","https://media.birdweather.com/species/229/GreatKiskadee-thumbnail-b2749ed2442fb322cf3c4cb72f9c97f6.jpg","https://media.birdweather.com/species/229/GreatKiskadee-png200-003973af4f863deb00a4ce9b6f10e59c.png","0PgFDwIrhYqfZJh1mVe3SZZ3uKEJBncG",15969269828,"https://media.birdweather.com/soundscapes/19267/19267-20260823-173631.flac",1.5,4.5,"live"
10660278112,19267,"2026-08-23T11:36:31.000-06:00",0.972294867038727,0.782534956932068,9.55071600427949,"almost_certain","BirdNET",NA,10.2198,-83.7874,FALSE,229,"Great Kiskadee","Pitangus sulphuratus","#7d4410","avian","https://media.birdweather.com/species/229/GreatKiskadee-standard-cd28a1b8e8b8e5aed433e809c229004e.jpg","https://media.birdweather.com/species/229/GreatKiskadee-thumbnail-b2749ed2442fb322cf3c4cb72f9c97f6.jpg","https://media.birdweather.com/species/229/GreatKiskadee-png200-003973af4f863deb00a4ce9b6f10e59c.png","0PgFDwIrhYqfZJh1mVe3SZZ3uKEJBncG",15969269828,"https://media.birdweather.com/soundscapes/19267/19267-20260823-173631.flac",0,3,"live"
10660274530,19267,"2026-08-23T11:36:22.000-06:00",0.99326491355896,0.782534956932068,9.59279577659196,"almost_certain","BirdNET",NA,10.2198,-83.7874,FALSE,229,"Great Kiskadee","Pitangus sulphuratus","#7d4410","avian","https://media.birdweather.com/species/229/GreatKiskadee-standard-cd28a1b8e8b8e5aed433e809c229004e.jpg","https://media.birdweather.com/species/229/GreatKiskadee-thumbnail-b2749ed2442fb322cf3c4cb72f9c97f6.jpg","https://media.birdweather.com/species/229/GreatKiskadee-png200-003973af4f863deb00a4ce9b6f10e59c.png","0PgFDwIrhYqfZJh1mVe3SZZ3uKEJBncG",15969263529,"https://media.birdweather.com/soundscapes/19267/19267-20260823-173619.flac",3,6,"live"
10660274525,19267,"2026-08-23T11:36:20.500-06:00",0.920410931110382,0.782534956932068,9.44068447631443,"almost_certain","BirdNET",NA,10.2198,-83.7874,FALSE,229,"Great Kiskadee","Pitangus sulphuratus","#7d4410","avian","https://media.birdweather.com/species/229/GreatKiskadee-standard-cd28a1b8e8b8e5aed433e809c229004e.jpg","https://media.birdweather.com/species/229/GreatKiskadee-thumbnail-b2749ed2442fb322cf3c4cb72f9c97f6.jpg","https://media.birdweather.com/species/229/GreatKiskadee-png200-003973af4f863deb00a4ce9b6f10e59c.png","0PgFDwIrhYqfZJh1mVe3SZZ3uKEJBncG",15969263529,"https://media.birdweather.com/soundscapes/19267/19267-20260823-173619.flac",1.5,4.5,"live"
10660270484,19267,"2026-08-23T11:36:08.500-06:00",0.957707524299622,0.782535433769226,9.52066355783548,"almost_certain","BirdNET",NA,10.2198,-83.7874,FALSE,229,"Great Kiskadee","Pitangus sulphuratus","#7d4410","avian","https://media.birdweather.com/species/229/GreatKiskadee-standard-cd28a1b8e8b8e5aed433e809c229004e.jpg","https://media.birdweather.com/species/229/GreatKiskadee-thumbnail-b2749ed2442fb322cf3c4cb72f9c97f6.jpg","https://media.birdweather.com/species/229/GreatKiskadee-png200-003973af4f863deb00a4ce9b6f10e59c.png","0PgFDwIrhYqfZJh1mVe3SZZ3uKEJBncG",15969256611,"https://media.birdweather.com/soundscapes/19267/19267-20260823-173604.flac",4.5,7.5,"live"
10660270481,19267,"2026-08-23T11:36:07.000-06:00",0.962292194366455,0.782535433769226,9.53018026175531,"almost_certain","BirdNET",NA,10.2198,-83.7874,FALSE,229,"Great Kiskadee","Pitangus sulphuratus","#7d4410","avian","https://media.birdweather.com/species/229/GreatKiskadee-standard-cd28a1b8e8b8e5aed433e809c229004e.jpg","https://media.birdweather.com/species/229/GreatKiskadee-thumbnail-b2749ed2442fb322cf3c4cb72f9c97f6.jpg","https://media.birdweather.com/species/229/GreatKiskadee-png200-003973af4f863deb00a4ce9b6f10e59c.png","0PgFDwIrhYqfZJh1mVe3SZZ3uKEJBncG",15969256611,"https://media.birdweather.com/soundscapes/19267/19267-20260823-173604.flac",3,6,"live"
10660270473,19267,"2026-08-23T11:36:04.000-06:00",0.960466504096985,0.782535433769226,9.52639847258948,"almost_certain","BirdNET",NA,10.2198,-83.7874,FALSE,229,"Great Kiskadee","Pitangus sulphuratus","#7d4410","avian","https://media.birdweather.com/species/229/GreatKiskadee-standard-cd28a1b8e8b8e5aed433e809c229004e.jpg","https://media.birdweather.com/species/229/GreatKiskadee-thumbnail-b2749ed2442fb322cf3c4cb72f9c97f6.jpg","https://media.birdweather.com/species/229/GreatKiskadee-png200-003973af4f863deb00a4ce9b6f10e59c.png","0PgFDwIrhYqfZJh1mVe3SZZ3uKEJBncG",15969256611,"https://media.birdweather.com/soundscapes/19267/19267-20260823-173604.flac",0,3,"live"
10660266789,19267,"2026-08-23T11:35:56.000-06:00",0.917934834957123,0.782535433769226,9.43520661064065,"almost_certain","BirdNET",NA,10.2198,-83.7874,FALSE,229,"Great Kiskadee","Pitangus sulphuratus","#7d4410","avian","https://media.birdweather.com/species/229/GreatKiskadee-standard-cd28a1b8e8b8e5aed433e809c229004e.jpg","https://media.birdweather.com/species/229/GreatKiskadee-thumbnail-b2749ed2442fb322cf3c4cb72f9c97f6.jpg","https://media.birdweather.com/species/229/GreatKiskadee-png200-003973af4f863deb00a4ce9b6f10e59c.png","0PgFDwIrhYqfZJh1mVe3SZZ3uKEJBncG",15969250243,"https://media.birdweather.com/soundscapes/19267/19267-20260823-173550.flac",6,9,"live"
10660266784,19267,"2026-08-23T11:35:54.500-06:00",0.835731625556946,0.782535433769226,9.23963956307883,"almost_certain","BirdNET",NA,10.2198,-83.7874,FALSE,229,"Great Kiskadee","Pitangus sulphuratus","#7d4410","avian","https://media.birdweather.com/species/229/GreatKiskadee-standard-cd28a1b8e8b8e5aed433e809c229004e.jpg","https://media.birdweather.com/species/229/GreatKiskadee-thumbnail-b2749ed2442fb322cf3c4cb72f9c97f6.jpg","https://media.birdweather.com/species/229/GreatKiskadee-png200-003973af4f863deb00a4ce9b6f10e59c.png","0PgFDwIrhYqfZJh1mVe3SZZ3uKEJBncG",15969250243,"https://media.birdweather.com/soundscapes/19267/19267-20260823-173550.flac",4.5,7.5,"live"
10660251502,19267,"2026-08-23T11:35:00.500-06:00",0.725032448768616,0.78253310918808,8.92252462991183,"almost_certain","BirdNET",NA,10.2198,-83.7874,FALSE,229,"Great Kiskadee","Pitangus sulphuratus","#7d4410","avian","https://media.birdweather.com/species/229/GreatKiskadee-standard-cd28a1b8e8b8e5aed433e809c229004e.jpg","https://media.birdweather.com/species/229/GreatKiskadee-thumbnail-b2749ed2442fb322cf3c4cb72f9c97f6.jpg","https://media.birdweather.com/species/229/GreatKiskadee-png200-003973af4f863deb00a4ce9b6f10e59c.png","0PgFDwIrhYqfZJh1mVe3SZZ3uKEJBncG",15969223489,"https://media.birdweather.com/soundscapes/19267/19267-20260823-173456.flac",4.5,7.5,"live"
10659385332,19267,"2026-08-23T10:43:46.500-06:00",0.868301153182983,0.206995978951454,7.54585341708243,"almost_certain","BirdNET",NA,10.2198,-83.7874,FALSE,501,"White-winged Dove","Zenaida asiatica","#d16ff8","avian","https://media.birdweather.com/species/501/White-wingedDove-standard-6528ef689b07d5a91f1c2275cdef19c9.jpg","https://media.birdweather.com/species/501/White-wingedDove-thumbnail-4a940adfd5a6c78c73c48c5095e7b896.jpg","https://media.birdweather.com/species/501/White-wingedDove-png200-d65decd3d571b5a9dbeca249ef97689f.png","IscJLwb6hoVelZWZdoh3eIeIdxBoB4IG",15967725812,"https://media.birdweather.com/soundscapes/19267/19267-20260823-164345.flac",1.5,4.5,"live"
10659359750,19267,"2026-08-23T10:42:16.000-06:00",0.744097530841827,0.140944942831993,6.71074122245291,"almost_certain","BirdNET",NA,10.2198,-83.7874,FALSE,597,"Common Pauraque","Nyctidromus albicollis","#076101","avian","https://media.birdweather.com/species/597/CommonPauraque-standard-1f631aa6b634a4efa22904c59e55a5ff.jpg","https://media.birdweather.com/species/597/CommonPauraque-thumbnail-9699b58845a36e47070f5544282c6c24.jpg","https://media.birdweather.com/species/597/CommonPauraque-png200-82e98e61a2cf8d726c173c71516bac0a.png","kigGBwKMdndgmIh1lpiHiIaHaCv5h3AK",15967682372,"https://media.birdweather.com/soundscapes/19267/19267-20260823-164216.flac",0,3,"live"
10659341099,19267,"2026-08-23T10:41:13.000-06:00",0.856084108352661,0.100664518773556,6.59355617981305,"almost_certain","BirdNET",NA,10.2198,-83.7874,FALSE,603,"Tropical Mockingbird","Mimus gilvus","#006e2a","avian","https://media.birdweather.com/species/603/TropicalMockingbird-standard-33be42788a38707b12f757d28526a492.jpg","https://media.birdweather.com/species/603/TropicalMockingbird-thumbnail-4f6417f6928c80a2cb70eb341f54fd79.jpg","https://media.birdweather.com/species/603/TropicalMockingbird-png200-9e94d27578943cfad1e7923fe23d2300.png","q+cJFwL4VohclXidhXh5aJh4qDAaGKYA",15967650565,"https://media.birdweather.com/soundscapes/19267/19267-20260823-164110.flac",3,6,"live"
10659341096,19267,"2026-08-23T10:41:10.000-06:00",0.941124439239502,0.100664518773556,6.78851267931205,"almost_certain","BirdNET",NA,10.2198,-83.7874,FALSE,603,"Tropical Mockingbird","Mimus gilvus","#006e2a","avian","https://media.birdweather.com/species/603/TropicalMockingbird-standard-33be42788a38707b12f757d28526a492.jpg","https://media.birdweather.com/species/603/TropicalMockingbird-thumbnail-4f6417f6928c80a2cb70eb341f54fd79.jpg","https://media.birdweather.com/species/603/TropicalMockingbird-png200-9e94d27578943cfad1e7923fe23d2300.png","q+cJFwL4VohclXidhXh5aJh4qDAaGKYA",15967650565,"https://media.birdweather.com/soundscapes/19267/19267-20260823-164110.flac",0,3,"live"
10659337304,19267,"2026-08-23T10:40:58.500-06:00",0.948754370212555,0.100664518773556,6.80472060098,"almost_certain","BirdNET",NA,10.2198,-83.7874,FALSE,603,"Tropical Mockingbird","Mimus gilvus","#006e2a","avian","https://media.birdweather.com/species/603/TropicalMockingbird-standard-33be42788a38707b12f757d28526a492.jpg","https://media.birdweather.com/species/603/TropicalMockingbird-thumbnail-4f6417f6928c80a2cb70eb341f54fd79.jpg","https://media.birdweather.com/species/603/TropicalMockingbird-png200-9e94d27578943cfad1e7923fe23d2300.png","q+cJFwL4VohclXidhXh5aJh4qDAaGKYA",15967644173,"https://media.birdweather.com/soundscapes/19267/19267-20260823-164057.flac",1.5,4.5,"live"
10659337298,19267,"2026-08-23T10:40:57.000-06:00",0.890114307403564,0.100664518773556,6.67492966247219,"almost_certain","BirdNET",NA,10.2198,-83.7874,FALSE,603,"Tropical Mockingbird","Mimus gilvus","#006e2a","avian","https://media.birdweather.com/species/603/TropicalMockingbird-standard-33be42788a38707b12f757d28526a492.jpg","https://media.birdweather.com/species/603/TropicalMockingbird-thumbnail-4f6417f6928c80a2cb70eb341f54fd79.jpg","https://media.birdweather.com/species/603/TropicalMockingbird-png200-9e94d27578943cfad1e7923fe23d2300.png","q+cJFwL4VohclXidhXh5aJh4qDAaGKYA",15967644173,"https://media.birdweather.com/soundscapes/19267/19267-20260823-164057.flac",0,3,"live"
10659333595,19267,"2026-08-23T10:40:48.000-06:00",0.931377828121185,0.100664518773556,6.7675254972762,"almost_certain","BirdNET",NA,10.2198,-83.7874,FALSE,603,"Tropical Mockingbird","Mimus gilvus","#006e2a","avian","https://media.birdweather.com/species/603/TropicalMockingbird-standard-33be42788a38707b12f757d28526a492.jpg","https://media.birdweather.com/species/603/TropicalMockingbird-thumbnail-4f6417f6928c80a2cb70eb341f54fd79.jpg","https://media.birdweather.com/species/603/TropicalMockingbird-png200-9e94d27578943cfad1e7923fe23d2300.png","q+cJFwL4VohclXidhXh5aJh4qDAaGKYA",15967637875,"https://media.birdweather.com/soundscapes/19267/19267-20260823-164042.flac",6,9,"live"
10659333590,19267,"2026-08-23T10:40:42.000-06:00",0.801742374897003,0.601670503616333,8.79495123850569,"almost_certain","BirdNET",NA,10.2198,-83.7874,FALSE,897,"Orange-chinned Parakeet","Brotogeris jugularis","#c85500","avian","https://media.birdweather.com/species/897/Orange-chinnedParakeet-standard-0bf0068f65faf91a77e897bad45dfb9c.jpg","https://media.birdweather.com/species/897/Orange-chinnedParakeet-thumbnail-542c4a6c0820592c04275ed546d0c49a.jpg","https://media.birdweather.com/species/897/Orange-chinnedParakeet-png200-7d59a0f58540798895be6be2a6dcfe26.png","U+kFHwJATKdHaLhzaSaJJpuXZ4BFePYK",15967637875,"https://media.birdweather.com/soundscapes/19267/19267-20260823-164042.flac",0,3,"live"
10659310038,19267,"2026-08-23T10:39:26.500-06:00",0.70649641752243,0.140944331884384,6.58953302901494,"almost_certain","BirdNET",NA,10.2198,-83.7874,FALSE,597,"Common Pauraque","Nyctidromus albicollis","#076101","avian","https://media.birdweather.com/species/597/CommonPauraque-standard-1f631aa6b634a4efa22904c59e55a5ff.jpg","https://media.birdweather.com/species/597/CommonPauraque-thumbnail-9699b58845a36e47070f5544282c6c24.jpg","https://media.birdweather.com/species/597/CommonPauraque-png200-82e98e61a2cf8d726c173c71516bac0a.png","kigGBwKMdndgmIh1lpiHiIaHaCv5h3AK",15967598133,"https://media.birdweather.com/soundscapes/19267/19267-20260823-163922.flac",4.5,7.5,"live"
10659305896,19267,"2026-08-23T10:39:12.500-06:00",0.90420001745224,0.140948206186295,7.13254054164219,"almost_certain","BirdNET",NA,10.2198,-83.7874,FALSE,597,"Common Pauraque","Nyctidromus albicollis","#076101","avian","https://media.birdweather.com/species/597/CommonPauraque-standard-1f631aa6b634a4efa22904c59e55a5ff.jpg","https://media.birdweather.com/species/597/CommonPauraque-thumbnail-9699b58845a36e47070f5544282c6c24.jpg","https://media.birdweather.com/species/597/CommonPauraque-png200-82e98e61a2cf8d726c173c71516bac0a.png","kigGBwKMdndgmIh1lpiHiIaHaCv5h3AK",15967591046,"https://media.birdweather.com/soundscapes/19267/19267-20260823-163908.flac",4.5,7.5,"live"
10659136966,19267,"2026-08-23T10:29:36.000-06:00",0.948624730110168,0.100667975842953,6.80448960455922,"almost_certain","BirdNET",NA,10.2198,-83.7874,FALSE,603,"Tropical Mockingbird","Mimus gilvus","#006e2a","avian","https://media.birdweather.com/species/603/TropicalMockingbird-standard-33be42788a38707b12f757d28526a492.jpg","https://media.birdweather.com/species/603/TropicalMockingbird-thumbnail-4f6417f6928c80a2cb70eb341f54fd79.jpg","https://media.birdweather.com/species/603/TropicalMockingbird-png200-9e94d27578943cfad1e7923fe23d2300.png","q+cJFwL4VohclXidhXh5aJh4qDAaGKYA",15967310425,"https://media.birdweather.com/soundscapes/19267/19267-20260823-162933.flac",3,6,"live"
10659133213,19267,"2026-08-23T10:29:20.000-06:00",0.974172234535217,0.100668042898178,6.85741531227423,"almost_certain","BirdNET",NA,10.2198,-83.7874,FALSE,603,"Tropical Mockingbird","Mimus gilvus","#006e2a","avian","https://media.birdweather.com/species/603/TropicalMockingbird-standard-33be42788a38707b12f757d28526a492.jpg","https://media.birdweather.com/species/603/TropicalMockingbird-thumbnail-4f6417f6928c80a2cb70eb341f54fd79.jpg","https://media.birdweather.com/species/603/TropicalMockingbird-png200-9e94d27578943cfad1e7923fe23d2300.png","q+cJFwL4VohclXidhXh5aJh4qDAaGKYA",15967303887,"https://media.birdweather.com/soundscapes/19267/19267-20260823-162920.flac",0,3,"live"
10659129813,19267,"2026-08-23T10:29:11.000-06:00",0.755668878555298,0.100668042898178,6.32075998512761,"almost_certain","BirdNET",NA,10.2198,-83.7874,FALSE,603,"Tropical Mockingbird","Mimus gilvus","#006e2a","avian","https://media.birdweather.com/species/603/TropicalMockingbird-standard-33be42788a38707b12f757d28526a492.jpg","https://media.birdweather.com/species/603/TropicalMockingbird-thumbnail-4f6417f6928c80a2cb70eb341f54fd79.jpg","https://media.birdweather.com/species/603/TropicalMockingbird-png200-9e94d27578943cfad1e7923fe23d2300.png","q+cJFwL4VohclXidhXh5aJh4qDAaGKYA",15967298002,"https://media.birdweather.com/soundscapes/19267/19267-20260823-162908.flac",3,6,"live"
10659129812,19267,"2026-08-23T10:29:09.500-06:00",0.864308536052704,0.100668042898178,6.61371359185265,"almost_certain","BirdNET",NA,10.2198,-83.7874,FALSE,603,"Tropical Mockingbird","Mimus gilvus","#006e2a","avian","https://media.birdweather.com/species/603/TropicalMockingbird-standard-33be42788a38707b12f757d28526a492.jpg","https://media.birdweather.com/species/603/TropicalMockingbird-thumbnail-4f6417f6928c80a2cb70eb341f54fd79.jpg","https://media.birdweather.com/species/603/TropicalMockingbird-png200-9e94d27578943cfad1e7923fe23d2300.png","q+cJFwL4VohclXidhXh5aJh4qDAaGKYA",15967298002,"https://media.birdweather.com/soundscapes/19267/19267-20260823-162908.flac",1.5,4.5,"live"
10659122208,19267,"2026-08-23T10:28:47.000-06:00",0.831628561019897,0.10066682100296,6.53196960883903,"almost_certain","BirdNET",NA,10.2198,-83.7874,FALSE,603,"Tropical Mockingbird","Mimus gilvus","#006e2a","avian","https://media.birdweather.com/species/603/TropicalMockingbird-standard-33be42788a38707b12f757d28526a492.jpg","https://media.birdweather.com/species/603/TropicalMockingbird-thumbnail-4f6417f6928c80a2cb70eb341f54fd79.jpg","https://media.birdweather.com/species/603/TropicalMockingbird-png200-9e94d27578943cfad1e7923fe23d2300.png","q+cJFwL4VohclXidhXh5aJh4qDAaGKYA",15967285016,"https://media.birdweather.com/soundscapes/19267/19267-20260823-162841.flac",6,9,"live"
10659115077,19267,"2026-08-23T10:28:17.500-06:00",0.920524060726166,0.10066682100296,6.74379808864441,"almost_certain","BirdNET",NA,10.2198,-83.7874,FALSE,603,"Tropical Mockingbird","Mimus gilvus","#006e2a","avian","https://media.birdweather.com/species/603/TropicalMockingbird-standard-33be42788a38707b12f757d28526a492.jpg","https://media.birdweather.com/species/603/TropicalMockingbird-thumbnail-4f6417f6928c80a2cb70eb341f54fd79.jpg","https://media.birdweather.com/species/603/TropicalMockingbird-png200-9e94d27578943cfad1e7923fe23d2300.png","q+cJFwL4VohclXidhXh5aJh4qDAaGKYA",15967272774,"https://media.birdweather.com/soundscapes/19267/19267-20260823-162813.flac",4.5,7.5,"live"
10659106584,19267,"2026-08-23T10:27:53.000-06:00",0.875512003898621,0.10066682100296,6.64063120573808,"almost_certain","BirdNET",NA,10.2198,-83.7874,FALSE,603,"Tropical Mockingbird","Mimus gilvus","#006e2a","avian","https://media.birdweather.com/species/603/TropicalMockingbird-standard-33be42788a38707b12f757d28526a492.jpg","https://media.birdweather.com/species/603/TropicalMockingbird-thumbnail-4f6417f6928c80a2cb70eb341f54fd79.jpg","https://media.birdweather.com/species/603/TropicalMockingbird-png200-9e94d27578943cfad1e7923fe23d2300.png","q+cJFwL4VohclXidhXh5aJh4qDAaGKYA",15967258596,"https://media.birdweather.com/soundscapes/19267/19267-20260823-162747.flac",6,9,"live"
10659103156,19267,"2026-08-23T10:27:39.500-06:00",0.976186156272888,0.10066682100296,6.86148661932144,"almost_certain","BirdNET",NA,10.2198,-83.7874,FALSE,603,"Tropical Mockingbird","Mimus gilvus","#006e2a","avian","https://media.birdweather.com/species/603/TropicalMockingbird-standard-33be42788a38707b12f757d28526a492.jpg","https://media.birdweather.com/species/603/TropicalMockingbird-thumbnail-4f6417f6928c80a2cb70eb341f54fd79.jpg","https://media.birdweather.com/species/603/TropicalMockingbird-png200-9e94d27578943cfad1e7923fe23d2300.png","q+cJFwL4VohclXidhXh5aJh4qDAaGKYA",15967252750,"https://media.birdweather.com/soundscapes/19267/19267-20260823-162735.flac",4.5,7.5,"live"
10659103154,19267,"2026-08-23T10:27:38.000-06:00",0.990839540958405,0.10066682100296,6.89085827779872,"almost_certain","BirdNET",NA,10.2198,-83.7874,FALSE,603,"Tropical Mockingbird","Mimus gilvus","#006e2a","avian","https://media.birdweather.com/species/603/TropicalMockingbird-standard-33be42788a38707b12f757d28526a492.jpg","https://media.birdweather.com/species/603/TropicalMockingbird-thumbnail-4f6417f6928c80a2cb70eb341f54fd79.jpg","https://media.birdweather.com/species/603/TropicalMockingbird-png200-9e94d27578943cfad1e7923fe23d2300.png","q+cJFwL4VohclXidhXh5aJh4qDAaGKYA",15967252750,"https://media.birdweather.com/soundscapes/19267/19267-20260823-162735.flac",3,6,"live"
10659103152,19267,"2026-08-23T10:27:36.500-06:00",0.957412838935852,0.10066682100296,6.82291258925395,"almost_certain","BirdNET",NA,10.2198,-83.7874,FALSE,603,"Tropical Mockingbird","Mimus gilvus","#006e2a","avian","https://media.birdweather.com/species/603/TropicalMockingbird-standard-33be42788a38707b12f757d28526a492.jpg","https://media.birdweather.com/species/603/TropicalMockingbird-thumbnail-4f6417f6928c80a2cb70eb341f54fd79.jpg","https://media.birdweather.com/species/603/TropicalMockingbird-png200-9e94d27578943cfad1e7923fe23d2300.png","q+cJFwL4VohclXidhXh5aJh4qDAaGKYA",15967252750,"https://media.birdweather.com/soundscapes/19267/19267-20260823-162735.flac",1.5,4.5,"live"
10659103149,19267,"2026-08-23T10:27:35.000-06:00",0.945124685764313,0.10066682100296,6.79706263255468,"almost_certain","BirdNET",NA,10.2198,-83.7874,FALSE,603,"Tropical Mockingbird","Mimus gilvus","#006e2a","avian","https://media.birdweather.com/species/603/TropicalMockingbird-standard-33be42788a38707b12f757d28526a492.jpg","https://media.birdweather.com/species/603/TropicalMockingbird-thumbnail-4f6417f6928c80a2cb70eb341f54fd79.jpg","https://media.birdweather.com/species/603/TropicalMockingbird-png200-9e94d27578943cfad1e7923fe23d2300.png","q+cJFwL4VohclXidhXh5aJh4qDAaGKYA",15967252750,"https://media.birdweather.com/soundscapes/19267/19267-20260823-162735.flac",0,3,"live"
10659095539,19267,"2026-08-23T10:27:12.500-06:00",0.723780632019043,0.10066682100296,6.22135073103408,"almost_certain","BirdNET",NA,10.2198,-83.7874,FALSE,603,"Tropical Mockingbird","Mimus gilvus","#006e2a","avian","https://media.birdweather.com/species/603/TropicalMockingbird-standard-33be42788a38707b12f757d28526a492.jpg","https://media.birdweather.com/species/603/TropicalMockingbird-thumbnail-4f6417f6928c80a2cb70eb341f54fd79.jpg","https://media.birdweather.com/species/603/TropicalMockingbird-png200-9e94d27578943cfad1e7923fe23d2300.png","q+cJFwL4VohclXidhXh5aJh4qDAaGKYA",15967240472,"https://media.birdweather.com/soundscapes/19267/19267-20260823-162708.flac",4.5,7.5,"live"
10659095523,19267,"2026-08-23T10:27:08.000-06:00",0.869128346443176,0.10066682100296,6.62535007156461,"almost_certain","BirdNET",NA,10.2198,-83.7874,FALSE,603,"Tropical Mockingbird","Mimus gilvus","#006e2a","avian","https://media.birdweather.com/species/603/TropicalMockingbird-standard-33be42788a38707b12f757d28526a492.jpg","https://media.birdweather.com/species/603/TropicalMockingbird-thumbnail-4f6417f6928c80a2cb70eb341f54fd79.jpg","https://media.birdweather.com/species/603/TropicalMockingbird-png200-9e94d27578943cfad1e7923fe23d2300.png","q+cJFwL4VohclXidhXh5aJh4qDAaGKYA",15967240472,"https://media.birdweather.com/soundscapes/19267/19267-20260823-162708.flac",0,3,"live"
10659087383,19267,"2026-08-23T10:26:46.500-06:00",0.813449382781982,0.10066682100296,6.48430237632479,"almost_certain","BirdNET",NA,10.2198,-83.7874,FALSE,603,"Tropical Mockingbird","Mimus gilvus","#006e2a","avian","https://media.birdweather.com/species/603/TropicalMockingbird-standard-33be42788a38707b12f757d28526a492.jpg","https://media.birdweather.com/species/603/TropicalMockingbird-thumbnail-4f6417f6928c80a2cb70eb341f54fd79.jpg","https://media.birdweather.com/species/603/TropicalMockingbird-png200-9e94d27578943cfad1e7923fe23d2300.png","q+cJFwL4VohclXidhXh5aJh4qDAaGKYA",15967227261,"https://media.birdweather.com/soundscapes/19267/19267-20260823-162642.flac",4.5,7.5,"live"
10659087377,19267,"2026-08-23T10:26:45.000-06:00",0.978903770446777,0.10066682100296,6.86698165892918,"almost_certain","BirdNET",NA,10.2198,-83.7874,FALSE,603,"Tropical Mockingbird","Mimus gilvus","#006e2a","avian","https://media.birdweather.com/species/603/TropicalMockingbird-standard-33be42788a38707b12f757d28526a492.jpg","https://media.birdweather.com/species/603/TropicalMockingbird-thumbnail-4f6417f6928c80a2cb70eb341f54fd79.jpg","https://media.birdweather.com/species/603/TropicalMockingbird-png200-9e94d27578943cfad1e7923fe23d2300.png","q+cJFwL4VohclXidhXh5aJh4qDAaGKYA",15967227261,"https://media.birdweather.com/soundscapes/19267/19267-20260823-162642.flac",3,6,"live"
10659087374,19267,"2026-08-23T10:26:43.500-06:00",0.712094843387604,0.10066682100296,6.18304221730762,"almost_certain","BirdNET",NA,10.2198,-83.7874,FALSE,603,"Tropical Mockingbird","Mimus gilvus","#006e2a","avian","https://media.birdweather.com/species/603/TropicalMockingbird-standard-33be42788a38707b12f757d28526a492.jpg","https://media.birdweather.com/species/603/TropicalMockingbird-thumbnail-4f6417f6928c80a2cb70eb341f54fd79.jpg","https://media.birdweather.com/species/603/TropicalMockingbird-png200-9e94d27578943cfad1e7923fe23d2300.png","q+cJFwL4VohclXidhXh5aJh4qDAaGKYA",15967227261,"https://media.birdweather.com/soundscapes/19267/19267-20260823-162642.flac",1.5,4.5,"live"
10659087368,19267,"2026-08-23T10:26:42.000-06:00",0.835981249809265,0.10066682100296,6.5431407626104,"almost_certain","BirdNET",NA,10.2198,-83.7874,FALSE,603,"Tropical Mockingbird","Mimus gilvus","#006e2a","avian","https://media.birdweather.com/species/603/TropicalMockingbird-standard-33be42788a38707b12f757d28526a492.jpg","https://media.birdweather.com/species/603/TropicalMockingbird-thumbnail-4f6417f6928c80a2cb70eb341f54fd79.jpg","https://media.birdweather.com/species/603/TropicalMockingbird-png200-9e94d27578943cfad1e7923fe23d2300.png","q+cJFwL4VohclXidhXh5aJh4qDAaGKYA",15967227261,"https://media.birdweather.com/soundscapes/19267/19267-20260823-162642.flac",0,3,"live"
10659083628,19267,"2026-08-23T10:26:35.000-06:00",0.831415116786957,0.10066682100296,6.53141945533328,"almost_certain","BirdNET",NA,10.2198,-83.7874,FALSE,603,"Tropical Mockingbird","Mimus gilvus","#006e2a","avian","https://media.birdweather.com/species/603/TropicalMockingbird-standard-33be42788a38707b12f757d28526a492.jpg","https://media.birdweather.com/species/603/TropicalMockingbird-thumbnail-4f6417f6928c80a2cb70eb341f54fd79.jpg","https://media.birdweather.com/species/603/TropicalMockingbird-png200-9e94d27578943cfad1e7923fe23d2300.png","q+cJFwL4VohclXidhXh5aJh4qDAaGKYA",15967220949,"https://media.birdweather.com/soundscapes/19267/19267-20260823-162629.flac",6,9,"live"
10659083618,19267,"2026-08-23T10:26:30.500-06:00",0.795938491821289,0.10066682100296,6.43676400524576,"almost_certain","BirdNET",NA,10.2198,-83.7874,FALSE,603,"Tropical Mockingbird","Mimus gilvus","#006e2a","avian","https://media.birdweather.com/species/603/TropicalMockingbird-standard-33be42788a38707b12f757d28526a492.jpg","https://media.birdweather.com/species/603/TropicalMockingbird-thumbnail-4f6417f6928c80a2cb70eb341f54fd79.jpg","https://media.birdweather.com/species/603/TropicalMockingbird-png200-9e94d27578943cfad1e7923fe23d2300.png","q+cJFwL4VohclXidhXh5aJh4qDAaGKYA",15967220949,"https://media.birdweather.com/soundscapes/19267/19267-20260823-162629.flac",1.5,4.5,"live"
10659083611,19267,"2026-08-23T10:26:29.000-06:00",0.797610938549042,0.10066682100296,6.44137626531272,"almost_certain","BirdNET",NA,10.2198,-83.7874,FALSE,603,"Tropical Mockingbird","Mimus gilvus","#006e2a","avian","https://media.birdweather.com/species/603/TropicalMockingbird-standard-33be42788a38707b12f757d28526a492.jpg","https://media.birdweather.com/species/603/TropicalMockingbird-thumbnail-4f6417f6928c80a2cb70eb341f54fd79.jpg","https://media.birdweather.com/species/603/TropicalMockingbird-png200-9e94d27578943cfad1e7923fe23d2300.png","q+cJFwL4VohclXidhXh5aJh4qDAaGKYA",15967220949,"https://media.birdweather.com/soundscapes/19267/19267-20260823-162629.flac",0,3,"live"
10659079940,19267,"2026-08-23T10:26:16.000-06:00",0.779374957084656,0.10066682100296,6.39022671086872,"almost_certain","BirdNET",NA,10.2198,-83.7874,FALSE,603,"Tropical Mockingbird","Mimus gilvus","#006e2a","avian","https://media.birdweather.com/species/603/TropicalMockingbird-standard-33be42788a38707b12f757d28526a492.jpg","https://media.birdweather.com/species/603/TropicalMockingbird-thumbnail-4f6417f6928c80a2cb70eb341f54fd79.jpg","https://media.birdweather.com/species/603/TropicalMockingbird-png200-9e94d27578943cfad1e7923fe23d2300.png","q+cJFwL4VohclXidhXh5aJh4qDAaGKYA",15967214910,"https://media.birdweather.com/soundscapes/19267/19267-20260823-162616.flac",0,3,"live"
10659075627,19267,"2026-08-23T10:26:05.000-06:00",0.991555392742157,0.10066682100296,6.89227714444455,"almost_certain","BirdNET",NA,10.2198,-83.7874,FALSE,603,"Tropical Mockingbird","Mimus gilvus","#006e2a","avian","https://media.birdweather.com/species/603/TropicalMockingbird-standard-33be42788a38707b12f757d28526a492.jpg","https://media.birdweather.com/species/603/TropicalMockingbird-thumbnail-4f6417f6928c80a2cb70eb341f54fd79.jpg","https://media.birdweather.com/species/603/TropicalMockingbird-png200-9e94d27578943cfad1e7923fe23d2300.png","q+cJFwL4VohclXidhXh5aJh4qDAaGKYA",15967207777,"https://media.birdweather.com/soundscapes/19267/19267-20260823-162602.flac",3,6,"live"
10659075622,19267,"2026-08-23T10:26:03.500-06:00",0.700993001461029,0.10066682100296,6.1456281326904,"almost_certain","BirdNET",NA,10.2198,-83.7874,FALSE,603,"Tropical Mockingbird","Mimus gilvus","#006e2a","avian","https://media.birdweather.com/species/603/TropicalMockingbird-standard-33be42788a38707b12f757d28526a492.jpg","https://media.birdweather.com/species/603/TropicalMockingbird-thumbnail-4f6417f6928c80a2cb70eb341f54fd79.jpg","https://media.birdweather.com/species/603/TropicalMockingbird-png200-9e94d27578943cfad1e7923fe23d2300.png","q+cJFwL4VohclXidhXh5aJh4qDAaGKYA",15967207777,"https://media.birdweather.com/soundscapes/19267/19267-20260823-162602.flac",1.5,4.5,"live"
10659071927,19267,"2026-08-23T10:25:55.000-06:00",0.779211401939392,0.10066682100296,6.38975920880367,"almost_certain","BirdNET",NA,10.2198,-83.7874,FALSE,603,"Tropical Mockingbird","Mimus gilvus","#006e2a","avian","https://media.birdweather.com/species/603/TropicalMockingbird-standard-33be42788a38707b12f757d28526a492.jpg","https://media.birdweather.com/species/603/TropicalMockingbird-thumbnail-4f6417f6928c80a2cb70eb341f54fd79.jpg","https://media.birdweather.com/species/603/TropicalMockingbird-png200-9e94d27578943cfad1e7923fe23d2300.png","q+cJFwL4VohclXidhXh5aJh4qDAaGKYA",15967201482,"https://media.birdweather.com/soundscapes/19267/19267-20260823-162549.flac",6,9,"live"
10659071925,19267,"2026-08-23T10:25:52.000-06:00",0.915362417697906,0.10066682100296,6.73235449380274,"almost_certain","BirdNET",NA,10.2198,-83.7874,FALSE,603,"Tropical Mockingbird","Mimus gilvus","#006e2a","avian","https://media.birdweather.com/species/603/TropicalMockingbird-standard-33be42788a38707b12f757d28526a492.jpg","https://media.birdweather.com/species/603/TropicalMockingbird-thumbnail-4f6417f6928c80a2cb70eb341f54fd79.jpg","https://media.birdweather.com/species/603/TropicalMockingbird-png200-9e94d27578943cfad1e7923fe23d2300.png","q+cJFwL4VohclXidhXh5aJh4qDAaGKYA",15967201482,"https://media.birdweather.com/soundscapes/19267/19267-20260823-162549.flac",3,6,"live"
10659068133,19267,"2026-08-23T10:25:40.000-06:00",0.878438472747803,0.10066682100296,6.64757998040348,"almost_certain","BirdNET",NA,10.2198,-83.7874,FALSE,603,"Tropical Mockingbird","Mimus gilvus","#006e2a","avian","https://media.birdweather.com/species/603/TropicalMockingbird-standard-33be42788a38707b12f757d28526a492.jpg","https://media.birdweather.com/species/603/TropicalMockingbird-thumbnail-4f6417f6928c80a2cb70eb341f54fd79.jpg","https://media.birdweather.com/species/603/TropicalMockingbird-png200-9e94d27578943cfad1e7923fe23d2300.png","q+cJFwL4VohclXidhXh5aJh4qDAaGKYA",15967195384,"https://media.birdweather.com/soundscapes/19267/19267-20260823-162537.flac",3,6,"live"
10659068130,19267,"2026-08-23T10:25:38.500-06:00",0.974687397480011,0.10066682100296,6.85844665990698,"almost_certain","BirdNET",NA,10.2198,-83.7874,FALSE,603,"Tropical Mockingbird","Mimus gilvus","#006e2a","avian","https://media.birdweather.com/species/603/TropicalMockingbird-standard-33be42788a38707b12f757d28526a492.jpg","https://media.birdweather.com/species/603/TropicalMockingbird-thumbnail-4f6417f6928c80a2cb70eb341f54fd79.jpg","https://media.birdweather.com/species/603/TropicalMockingbird-png200-9e94d27578943cfad1e7923fe23d2300.png","q+cJFwL4VohclXidhXh5aJh4qDAaGKYA",15967195384,"https://media.birdweather.com/soundscapes/19267/19267-20260823-162537.flac",1.5,4.5,"live"
10658976892,19267,"2026-08-23T10:20:30.500-06:00",0.90474945306778,0.100666873157024,6.70852104913187,"almost_certain","BirdNET",NA,10.2198,-83.7874,FALSE,603,"Tropical Mockingbird","Mimus gilvus","#006e2a","avian","https://media.birdweather.com/species/603/TropicalMockingbird-standard-33be42788a38707b12f757d28526a492.jpg","https://media.birdweather.com/species/603/TropicalMockingbird-thumbnail-4f6417f6928c80a2cb70eb341f54fd79.jpg","https://media.birdweather.com/species/603/TropicalMockingbird-png200-9e94d27578943cfad1e7923fe23d2300.png","q+cJFwL4VohclXidhXh5aJh4qDAaGKYA",15967043542,"https://media.birdweather.com/soundscapes/19267/19267-20260823-162026.flac",4.5,7.5,"live"
10658942032,19267,"2026-08-23T10:18:29.000-06:00",0.757510244846344,0.100665986537933,6.32625956768317,"almost_certain","BirdNET",NA,10.2198,-83.7874,FALSE,603,"Tropical Mockingbird","Mimus gilvus","#006e2a","avian","https://media.birdweather.com/species/603/TropicalMockingbird-standard-33be42788a38707b12f757d28526a492.jpg","https://media.birdweather.com/species/603/TropicalMockingbird-thumbnail-4f6417f6928c80a2cb70eb341f54fd79.jpg","https://media.birdweather.com/species/603/TropicalMockingbird-png200-9e94d27578943cfad1e7923fe23d2300.png","q+cJFwL4VohclXidhXh5aJh4qDAaGKYA",15966985475,"https://media.birdweather.com/soundscapes/19267/19267-20260823-161826.flac",3,6,"live"
10658926249,19267,"2026-08-23T10:17:38.000-06:00",0.840390384197235,0.100666873157024,6.55436531588132,"almost_certain","BirdNET",NA,10.2198,-83.7874,FALSE,603,"Tropical Mockingbird","Mimus gilvus","#006e2a","avian","https://media.birdweather.com/species/603/TropicalMockingbird-standard-33be42788a38707b12f757d28526a492.jpg","https://media.birdweather.com/species/603/TropicalMockingbird-thumbnail-4f6417f6928c80a2cb70eb341f54fd79.jpg","https://media.birdweather.com/species/603/TropicalMockingbird-png200-9e94d27578943cfad1e7923fe23d2300.png","q+cJFwL4VohclXidhXh5aJh4qDAaGKYA",15966959121,"https://media.birdweather.com/soundscapes/19267/19267-20260823-161732.flac",6,9,"live"
10658732097,19267,"2026-08-23T10:06:14.000-06:00",0.950788795948029,0.207006171345711,7.73159890926401,"almost_certain","BirdNET",NA,10.2198,-83.7874,FALSE,501,"White-winged Dove","Zenaida asiatica","#d16ff8","avian","https://media.birdweather.com/species/501/White-wingedDove-standard-6528ef689b07d5a91f1c2275cdef19c9.jpg","https://media.birdweather.com/species/501/White-wingedDove-thumbnail-4a940adfd5a6c78c73c48c5095e7b896.jpg","https://media.birdweather.com/species/501/White-wingedDove-png200-d65decd3d571b5a9dbeca249ef97689f.png","IscJLwb6hoVelZWZdoh3eIeIdxBoB4IG",15966628168,"https://media.birdweather.com/soundscapes/19267/19267-20260823-160614.flac",0,3,"live"
10658728690,19267,"2026-08-23T10:06:02.000-06:00",0.733665466308594,0.408678382635117,8.07583266068023,"almost_certain","BirdNET",NA,10.2198,-83.7874,FALSE,321,"Palm Tanager","Thraupis palmarum","#008efd","avian","https://media.birdweather.com/species/321/PalmTanager-standard-cbade2e4973d8cb57c4014568207591d.jpg","https://media.birdweather.com/species/321/PalmTanager-thumbnail-66ffacacc3b9c5f5dad0cf97c949e40f.jpg","https://media.birdweather.com/species/321/PalmTanager-png200-100c123f8e9a99aad801e3e79a865873.png","lvkJHwR/d2lneYlEp0hrx2iL+XtlNZgA",15966622180,"https://media.birdweather.com/soundscapes/19267/19267-20260823-160602.flac",0,3,"live"
10658642318,19267,"2026-08-23T10:01:03.000-06:00",0.793698012828827,0.782525599002838,9.12768079816428,"almost_certain","BirdNET",NA,10.2198,-83.7874,FALSE,229,"Great Kiskadee","Pitangus sulphuratus","#7d4410","avian","https://media.birdweather.com/species/229/GreatKiskadee-standard-cd28a1b8e8b8e5aed433e809c229004e.jpg","https://media.birdweather.com/species/229/GreatKiskadee-thumbnail-b2749ed2442fb322cf3c4cb72f9c97f6.jpg","https://media.birdweather.com/species/229/GreatKiskadee-png200-003973af4f863deb00a4ce9b6f10e59c.png","0PgFDwIrhYqfZJh1mVe3SZZ3uKEJBncG",15966476891,"https://media.birdweather.com/soundscapes/19267/19267-20260823-160103.flac",0,3,"live"
10658638598,19267,"2026-08-23T10:00:57.000-06:00",0.913296103477478,0.782525599002838,9.42486645765178,"almost_certain","BirdNET",NA,10.2198,-83.7874,FALSE,229,"Great Kiskadee","Pitangus sulphuratus","#7d4410","avian","https://media.birdweather.com/species/229/GreatKiskadee-standard-cd28a1b8e8b8e5aed433e809c229004e.jpg","https://media.birdweather.com/species/229/GreatKiskadee-thumbnail-b2749ed2442fb322cf3c4cb72f9c97f6.jpg","https://media.birdweather.com/species/229/GreatKiskadee-png200-003973af4f863deb00a4ce9b6f10e59c.png","0PgFDwIrhYqfZJh1mVe3SZZ3uKEJBncG",15966470508,"https://media.birdweather.com/soundscapes/19267/19267-20260823-160051.flac",6,9,"live"
10658638594,19267,"2026-08-23T10:00:55.500-06:00",0.731312930583954,0.782525599002838,8.94260731114907,"almost_certain","BirdNET",NA,10.2198,-83.7874,FALSE,229,"Great Kiskadee","Pitangus sulphuratus","#7d4410","avian","https://media.birdweather.com/species/229/GreatKiskadee-standard-cd28a1b8e8b8e5aed433e809c229004e.jpg","https://media.birdweather.com/species/229/GreatKiskadee-thumbnail-b2749ed2442fb322cf3c4cb72f9c97f6.jpg","https://media.birdweather.com/species/229/GreatKiskadee-png200-003973af4f863deb00a4ce9b6f10e59c.png","0PgFDwIrhYqfZJh1mVe3SZZ3uKEJBncG",15966470508,"https://media.birdweather.com/soundscapes/19267/19267-20260823-160051.flac",4.5,7.5,"live"
10658638591,19267,"2026-08-23T10:00:54.000-06:00",0.782376527786255,0.782525599002838,9.0958981227776,"almost_certain","BirdNET",NA,10.2198,-83.7874,FALSE,229,"Great Kiskadee","Pitangus sulphuratus","#7d4410","avian","https://media.birdweather.com/species/229/GreatKiskadee-standard-cd28a1b8e8b8e5aed433e809c229004e.jpg","https://media.birdweather.com/species/229/GreatKiskadee-thumbnail-b2749ed2442fb322cf3c4cb72f9c97f6.jpg","https://media.birdweather.com/species/229/GreatKiskadee-png200-003973af4f863deb00a4ce9b6f10e59c.png","0PgFDwIrhYqfZJh1mVe3SZZ3uKEJBncG",15966470508,"https://media.birdweather.com/soundscapes/19267/19267-20260823-160051.flac",3,6,"live"
10658638586,19267,"2026-08-23T10:00:52.500-06:00",0.822512447834015,0.782525599002838,9.20539375630266,"almost_certain","BirdNET",NA,10.2198,-83.7874,FALSE,229,"Great Kiskadee","Pitangus sulphuratus","#7d4410","avian","https://media.birdweather.com/species/229/GreatKiskadee-standard-cd28a1b8e8b8e5aed433e809c229004e.jpg","https://media.birdweather.com/species/229/GreatKiskadee-thumbnail-b2749ed2442fb322cf3c4cb72f9c97f6.jpg","https://media.birdweather.com/species/229/GreatKiskadee-png200-003973af4f863deb00a4ce9b6f10e59c.png","0PgFDwIrhYqfZJh1mVe3SZZ3uKEJBncG",15966470508,"https://media.birdweather.com/soundscapes/19267/19267-20260823-160051.flac",1.5,4.5,"live"
10658638583,19267,"2026-08-23T10:00:51.000-06:00",0.701552093029022,0.782525599002838,8.84465695175597,"almost_certain","BirdNET",NA,10.2198,-83.7874,FALSE,229,"Great Kiskadee","Pitangus sulphuratus","#7d4410","avian","https://media.birdweather.com/species/229/GreatKiskadee-standard-cd28a1b8e8b8e5aed433e809c229004e.jpg","https://media.birdweather.com/species/229/GreatKiskadee-thumbnail-b2749ed2442fb322cf3c4cb72f9c97f6.jpg","https://media.birdweather.com/species/229/GreatKiskadee-png200-003973af4f863deb00a4ce9b6f10e59c.png","0PgFDwIrhYqfZJh1mVe3SZZ3uKEJBncG",15966470508,"https://media.birdweather.com/soundscapes/19267/19267-20260823-160051.flac",0,3,"live"
10658620156,19267,"2026-08-23T09:59:53.000-06:00",0.938515484333038,0.782525599002838,9.48007480950595,"almost_certain","BirdNET",NA,10.2198,-83.7874,FALSE,229,"Great Kiskadee","Pitangus sulphuratus","#7d4410","avian","https://media.birdweather.com/species/229/GreatKiskadee-standard-cd28a1b8e8b8e5aed433e809c229004e.jpg","https://media.birdweather.com/species/229/GreatKiskadee-thumbnail-b2749ed2442fb322cf3c4cb72f9c97f6.jpg","https://media.birdweather.com/species/229/GreatKiskadee-png200-003973af4f863deb00a4ce9b6f10e59c.png","0PgFDwIrhYqfZJh1mVe3SZZ3uKEJBncG",15966439742,"https://media.birdweather.com/soundscapes/19267/19267-20260823-155947.flac",6,9,"live"
10658620149,19267,"2026-08-23T09:59:51.500-06:00",0.870104312896729,0.782525599002838,9.3248173988512,"almost_certain","BirdNET",NA,10.2198,-83.7874,FALSE,229,"Great Kiskadee","Pitangus sulphuratus","#7d4410","avian","https://media.birdweather.com/species/229/GreatKiskadee-standard-cd28a1b8e8b8e5aed433e809c229004e.jpg","https://media.birdweather.com/species/229/GreatKiskadee-thumbnail-b2749ed2442fb322cf3c4cb72f9c97f6.jpg","https://media.birdweather.com/species/229/GreatKiskadee-png200-003973af4f863deb00a4ce9b6f10e59c.png","0PgFDwIrhYqfZJh1mVe3SZZ3uKEJBncG",15966439742,"https://media.birdweather.com/soundscapes/19267/19267-20260823-155947.flac",4.5,7.5,"live"
10658396610,19267,"2026-08-23T09:47:04.000-06:00",0.703875243663788,0.20699580013752,7.07793502161391,"almost_certain","BirdNET",NA,10.2198,-83.7874,FALSE,501,"White-winged Dove","Zenaida asiatica","#d16ff8","avian","https://media.birdweather.com/species/501/White-wingedDove-standard-6528ef689b07d5a91f1c2275cdef19c9.jpg","https://media.birdweather.com/species/501/White-wingedDove-thumbnail-4a940adfd5a6c78c73c48c5095e7b896.jpg","https://media.birdweather.com/species/501/White-wingedDove-png200-d65decd3d571b5a9dbeca249ef97689f.png","IscJLwb6hoVelZWZdoh3eIeIdxBoB4IG",15966064611,"https://media.birdweather.com/soundscapes/19267/19267-20260823-154658.flac",6,9,"live"
10658396605,19267,"2026-08-23T09:46:59.500-06:00",0.942685842514038,0.20699580013752,7.71436851686642,"almost_certain","BirdNET",NA,10.2198,-83.7874,FALSE,501,"White-winged Dove","Zenaida asiatica","#d16ff8","avian","https://media.birdweather.com/species/501/White-wingedDove-standard-6528ef689b07d5a91f1c2275cdef19c9.jpg","https://media.birdweather.com/species/501/White-wingedDove-thumbnail-4a940adfd5a6c78c73c48c5095e7b896.jpg","https://media.birdweather.com/species/501/White-wingedDove-png200-d65decd3d571b5a9dbeca249ef97689f.png","IscJLwb6hoVelZWZdoh3eIeIdxBoB4IG",15966064611,"https://media.birdweather.com/soundscapes/19267/19267-20260823-154658.flac",1.5,4.5,"live"
10658396600,19267,"2026-08-23T09:46:58.000-06:00",0.917583107948303,0.20699580013752,7.65978446068128,"almost_certain","BirdNET",NA,10.2198,-83.7874,FALSE,501,"White-winged Dove","Zenaida asiatica","#d16ff8","avian","https://media.birdweather.com/species/501/White-wingedDove-standard-6528ef689b07d5a91f1c2275cdef19c9.jpg","https://media.birdweather.com/species/501/White-wingedDove-thumbnail-4a940adfd5a6c78c73c48c5095e7b896.jpg","https://media.birdweather.com/species/501/White-wingedDove-png200-d65decd3d571b5a9dbeca249ef97689f.png","IscJLwb6hoVelZWZdoh3eIeIdxBoB4IG",15966064611,"https://media.birdweather.com/soundscapes/19267/19267-20260823-154658.flac",0,3,"live"
10658389346,19267,"2026-08-23T09:46:38.500-06:00",0.871907651424408,0.20699580013752,7.5545189798026,"almost_certain","BirdNET",NA,10.2198,-83.7874,FALSE,501,"White-winged Dove","Zenaida asiatica","#d16ff8","avian","https://media.birdweather.com/species/501/White-wingedDove-standard-6528ef689b07d5a91f1c2275cdef19c9.jpg","https://media.birdweather.com/species/501/White-wingedDove-thumbnail-4a940adfd5a6c78c73c48c5095e7b896.jpg","https://media.birdweather.com/species/501/White-wingedDove-png200-d65decd3d571b5a9dbeca249ef97689f.png","IscJLwb6hoVelZWZdoh3eIeIdxBoB4IG",15966052447,"https://media.birdweather.com/soundscapes/19267/19267-20260823-154634.flac",4.5,7.5,"live"
10658377932,19267,"2026-08-23T09:45:54.000-06:00",0.708778381347656,0.100668855011463,6.17199728886622,"almost_certain","BirdNET",NA,10.2198,-83.7874,FALSE,603,"Tropical Mockingbird","Mimus gilvus","#006e2a","avian","https://media.birdweather.com/species/603/TropicalMockingbird-standard-33be42788a38707b12f757d28526a492.jpg","https://media.birdweather.com/species/603/TropicalMockingbird-thumbnail-4f6417f6928c80a2cb70eb341f54fd79.jpg","https://media.birdweather.com/species/603/TropicalMockingbird-png200-9e94d27578943cfad1e7923fe23d2300.png","q+cJFwL4VohclXidhXh5aJh4qDAaGKYA",15966033230,"https://media.birdweather.com/soundscapes/19267/19267-20260823-154554.flac",0,3,"live"
10658343519,19267,"2026-08-23T09:44:02.000-06:00",0.793232381343842,0.206988126039505,7.35171449471781,"almost_certain","BirdNET",NA,10.2198,-83.7874,FALSE,501,"White-winged Dove","Zenaida asiatica","#d16ff8","avian","https://media.birdweather.com/species/501/White-wingedDove-standard-6528ef689b07d5a91f1c2275cdef19c9.jpg","https://media.birdweather.com/species/501/White-wingedDove-thumbnail-4a940adfd5a6c78c73c48c5095e7b896.jpg","https://media.birdweather.com/species/501/White-wingedDove-png200-d65decd3d571b5a9dbeca249ef97689f.png","IscJLwb6hoVelZWZdoh3eIeIdxBoB4IG",15965975719,"https://media.birdweather.com/soundscapes/19267/19267-20260823-154356.flac",6,9,"live"
10658339400,19267,"2026-08-23T09:43:48.000-06:00",0.78525173664093,0.207003027200699,7.32946027843302,"almost_certain","BirdNET",NA,10.2198,-83.7874,FALSE,501,"White-winged Dove","Zenaida asiatica","#d16ff8","avian","https://media.birdweather.com/species/501/White-wingedDove-standard-6528ef689b07d5a91f1c2275cdef19c9.jpg","https://media.birdweather.com/species/501/White-wingedDove-thumbnail-4a940adfd5a6c78c73c48c5095e7b896.jpg","https://media.birdweather.com/species/501/White-wingedDove-png200-d65decd3d571b5a9dbeca249ef97689f.png","IscJLwb6hoVelZWZdoh3eIeIdxBoB4IG",15965968700,"https://media.birdweather.com/soundscapes/19267/19267-20260823-154342.flac",6,9,"live"
10658339393,19267,"2026-08-23T09:43:46.500-06:00",0.892833650112152,0.207003027200699,7.60379734798119,"almost_certain","BirdNET",NA,10.2198,-83.7874,FALSE,501,"White-winged Dove","Zenaida asiatica","#d16ff8","avian","https://media.birdweather.com/species/501/White-wingedDove-standard-6528ef689b07d5a91f1c2275cdef19c9.jpg","https://media.birdweather.com/species/501/White-wingedDove-thumbnail-4a940adfd5a6c78c73c48c5095e7b896.jpg","https://media.birdweather.com/species/501/White-wingedDove-png200-d65decd3d571b5a9dbeca249ef97689f.png","IscJLwb6hoVelZWZdoh3eIeIdxBoB4IG",15965968700,"https://media.birdweather.com/soundscapes/19267/19267-20260823-154342.flac",4.5,7.5,"live"
10658339388,19267,"2026-08-23T09:43:43.500-06:00",0.757091164588928,0.207003027200699,7.24755490375036,"almost_certain","BirdNET",NA,10.2198,-83.7874,FALSE,501,"White-winged Dove","Zenaida asiatica","#d16ff8","avian","https://media.birdweather.com/species/501/White-wingedDove-standard-6528ef689b07d5a91f1c2275cdef19c9.jpg","https://media.birdweather.com/species/501/White-wingedDove-thumbnail-4a940adfd5a6c78c73c48c5095e7b896.jpg","https://media.birdweather.com/species/501/White-wingedDove-png200-d65decd3d571b5a9dbeca249ef97689f.png","IscJLwb6hoVelZWZdoh3eIeIdxBoB4IG",15965968700,"https://media.birdweather.com/soundscapes/19267/19267-20260823-154342.flac",1.5,4.5,"live"
10658286597,19267,"2026-08-23T09:40:47.000-06:00",0.713640570640564,0.100664563477039,6.18814339190824,"almost_certain","BirdNET",NA,10.2198,-83.7874,FALSE,603,"Tropical Mockingbird","Mimus gilvus","#006e2a","avian","https://media.birdweather.com/species/603/TropicalMockingbird-standard-33be42788a38707b12f757d28526a492.jpg","https://media.birdweather.com/species/603/TropicalMockingbird-thumbnail-4f6417f6928c80a2cb70eb341f54fd79.jpg","https://media.birdweather.com/species/603/TropicalMockingbird-png200-9e94d27578943cfad1e7923fe23d2300.png","q+cJFwL4VohclXidhXh5aJh4qDAaGKYA",15965880597,"https://media.birdweather.com/soundscapes/19267/19267-20260823-154041.flac",6,9,"live"
10658145796,19267,"2026-08-23T09:32:45.000-06:00",0.728622436523438,0.167316257953644,6.88274743598817,"almost_certain","BirdNET",NA,10.2198,-83.7874,FALSE,2254,"Gray-capped Flycatcher","Myiozetetes granadensis","#4cdf64","avian","https://media.birdweather.com/species/2254/Gray-cappedFlycatcher-standard-2b1d2e6068e69e7cc4d888a3eda49237.jpg","https://media.birdweather.com/species/2254/Gray-cappedFlycatcher-thumbnail-301755d86be051f565dc1667dbf85fc6.jpg","https://media.birdweather.com/species/2254/Gray-cappedFlycatcher-png200-19a3941ee81d65d9e3993f47b8a497eb.png","oPkFFwL/hmqplmp0mbfZqHmHmZBzB6UA",15965646236,"https://media.birdweather.com/soundscapes/19267/19267-20260823-153239.flac",6,9,"live"
10658133444,19267,"2026-08-23T09:31:58.000-06:00",0.70924586057663,0.167316257953644,6.81937078590979,"almost_certain","BirdNET",NA,10.2198,-83.7874,FALSE,2254,"Gray-capped Flycatcher","Myiozetetes granadensis","#4cdf64","avian","https://media.birdweather.com/species/2254/Gray-cappedFlycatcher-standard-2b1d2e6068e69e7cc4d888a3eda49237.jpg","https://media.birdweather.com/species/2254/Gray-cappedFlycatcher-thumbnail-301755d86be051f565dc1667dbf85fc6.jpg","https://media.birdweather.com/species/2254/Gray-cappedFlycatcher-png200-19a3941ee81d65d9e3993f47b8a497eb.png","oPkFFwL/hmqplmp0mbfZqHmHmZBzB6UA",15965625876,"https://media.birdweather.com/soundscapes/19267/19267-20260823-153155.flac",3,6,"live"
10658117503,19267,"2026-08-23T09:31:08.500-06:00",0.934825003147125,0.167316257953644,7.42084637097992,"almost_certain","BirdNET",NA,10.2198,-83.7874,FALSE,2254,"Gray-capped Flycatcher","Myiozetetes granadensis","#4cdf64","avian","https://media.birdweather.com/species/2254/Gray-cappedFlycatcher-standard-2b1d2e6068e69e7cc4d888a3eda49237.jpg","https://media.birdweather.com/species/2254/Gray-cappedFlycatcher-thumbnail-301755d86be051f565dc1667dbf85fc6.jpg","https://media.birdweather.com/species/2254/Gray-cappedFlycatcher-png200-19a3941ee81d65d9e3993f47b8a497eb.png","oPkFFwL/hmqplmp0mbfZqHmHmZBzB6UA",15965599442,"https://media.birdweather.com/soundscapes/19267/19267-20260823-153104.flac",4.5,7.5,"live"
10658105890,19267,"2026-08-23T09:30:29.000-06:00",0.965983867645264,0.782533526420593,9.5377922572248,"almost_certain","BirdNET",NA,10.2198,-83.7874,FALSE,229,"Great Kiskadee","Pitangus sulphuratus","#7d4410","avian","https://media.birdweather.com/species/229/GreatKiskadee-standard-cd28a1b8e8b8e5aed433e809c229004e.jpg","https://media.birdweather.com/species/229/GreatKiskadee-thumbnail-b2749ed2442fb322cf3c4cb72f9c97f6.jpg","https://media.birdweather.com/species/229/GreatKiskadee-png200-003973af4f863deb00a4ce9b6f10e59c.png","0PgFDwIrhYqfZJh1mVe3SZZ3uKEJBncG",15965580006,"https://media.birdweather.com/soundscapes/19267/19267-20260823-153023.flac",6,9,"live"
10658105883,19267,"2026-08-23T09:30:26.000-06:00",0.773404598236084,0.782533526420593,9.07019065620021,"almost_certain","BirdNET",NA,10.2198,-83.7874,FALSE,229,"Great Kiskadee","Pitangus sulphuratus","#7d4410","avian","https://media.birdweather.com/species/229/GreatKiskadee-standard-cd28a1b8e8b8e5aed433e809c229004e.jpg","https://media.birdweather.com/species/229/GreatKiskadee-thumbnail-b2749ed2442fb322cf3c4cb72f9c97f6.jpg","https://media.birdweather.com/species/229/GreatKiskadee-png200-003973af4f863deb00a4ce9b6f10e59c.png","0PgFDwIrhYqfZJh1mVe3SZZ3uKEJBncG",15965580006,"https://media.birdweather.com/soundscapes/19267/19267-20260823-153023.flac",3,6,"live"
10658105881,19267,"2026-08-23T09:30:24.500-06:00",0.889681100845337,0.782533526420593,9.37108577487253,"almost_certain","BirdNET",NA,10.2198,-83.7874,FALSE,229,"Great Kiskadee","Pitangus sulphuratus","#7d4410","avian","https://media.birdweather.com/species/229/GreatKiskadee-standard-cd28a1b8e8b8e5aed433e809c229004e.jpg","https://media.birdweather.com/species/229/GreatKiskadee-thumbnail-b2749ed2442fb322cf3c4cb72f9c97f6.jpg","https://media.birdweather.com/species/229/GreatKiskadee-png200-003973af4f863deb00a4ce9b6f10e59c.png","0PgFDwIrhYqfZJh1mVe3SZZ3uKEJBncG",15965580006,"https://media.birdweather.com/soundscapes/19267/19267-20260823-153023.flac",1.5,4.5,"live"
10658093619,19267,"2026-08-23T09:29:48.000-06:00",0.942091166973114,0.782533526420593,9.48773910274836,"almost_certain","BirdNET",NA,10.2198,-83.7874,FALSE,229,"Great Kiskadee","Pitangus sulphuratus","#7d4410","avian","https://media.birdweather.com/species/229/GreatKiskadee-standard-cd28a1b8e8b8e5aed433e809c229004e.jpg","https://media.birdweather.com/species/229/GreatKiskadee-thumbnail-b2749ed2442fb322cf3c4cb72f9c97f6.jpg","https://media.birdweather.com/species/229/GreatKiskadee-png200-003973af4f863deb00a4ce9b6f10e59c.png","0PgFDwIrhYqfZJh1mVe3SZZ3uKEJBncG",15965559767,"https://media.birdweather.com/soundscapes/19267/19267-20260823-152942.flac",6,9,"live"
10658093616,19267,"2026-08-23T09:29:43.500-06:00",0.805450558662415,0.782533526420593,9.15992540498171,"almost_certain","BirdNET",NA,10.2198,-83.7874,FALSE,229,"Great Kiskadee","Pitangus sulphuratus","#7d4410","avian","https://media.birdweather.com/species/229/GreatKiskadee-standard-cd28a1b8e8b8e5aed433e809c229004e.jpg","https://media.birdweather.com/species/229/GreatKiskadee-thumbnail-b2749ed2442fb322cf3c4cb72f9c97f6.jpg","https://media.birdweather.com/species/229/GreatKiskadee-png200-003973af4f863deb00a4ce9b6f10e59c.png","0PgFDwIrhYqfZJh1mVe3SZZ3uKEJBncG",15965559767,"https://media.birdweather.com/soundscapes/19267/19267-20260823-152942.flac",1.5,4.5,"live"
10658093610,19267,"2026-08-23T09:29:42.000-06:00",0.907269477844238,0.782533526420593,9.41135111488246,"almost_certain","BirdNET",NA,10.2198,-83.7874,FALSE,229,"Great Kiskadee","Pitangus sulphuratus","#7d4410","avian","https://media.birdweather.com/species/229/GreatKiskadee-standard-cd28a1b8e8b8e5aed433e809c229004e.jpg","https://media.birdweather.com/species/229/GreatKiskadee-thumbnail-b2749ed2442fb322cf3c4cb72f9c97f6.jpg","https://media.birdweather.com/species/229/GreatKiskadee-png200-003973af4f863deb00a4ce9b6f10e59c.png","0PgFDwIrhYqfZJh1mVe3SZZ3uKEJBncG",15965559767,"https://media.birdweather.com/soundscapes/19267/19267-20260823-152942.flac",0,3,"live"
10658089534,19267,"2026-08-23T09:29:33.500-06:00",0.884285867214203,0.782533168792725,9.35849277150559,"almost_certain","BirdNET",NA,10.2198,-83.7874,FALSE,229,"Great Kiskadee","Pitangus sulphuratus","#7d4410","avian","https://media.birdweather.com/species/229/GreatKiskadee-standard-cd28a1b8e8b8e5aed433e809c229004e.jpg","https://media.birdweather.com/species/229/GreatKiskadee-thumbnail-b2749ed2442fb322cf3c4cb72f9c97f6.jpg","https://media.birdweather.com/species/229/GreatKiskadee-png200-003973af4f863deb00a4ce9b6f10e59c.png","0PgFDwIrhYqfZJh1mVe3SZZ3uKEJBncG",15965553025,"https://media.birdweather.com/soundscapes/19267/19267-20260823-152929.flac",4.5,7.5,"live"
10658089529,19267,"2026-08-23T09:29:32.000-06:00",0.950202584266663,0.782533168792725,9.50493703188724,"almost_certain","BirdNET",NA,10.2198,-83.7874,FALSE,229,"Great Kiskadee","Pitangus sulphuratus","#7d4410","avian","https://media.birdweather.com/species/229/GreatKiskadee-standard-cd28a1b8e8b8e5aed433e809c229004e.jpg","https://media.birdweather.com/species/229/GreatKiskadee-thumbnail-b2749ed2442fb322cf3c4cb72f9c97f6.jpg","https://media.birdweather.com/species/229/GreatKiskadee-png200-003973af4f863deb00a4ce9b6f10e59c.png","0PgFDwIrhYqfZJh1mVe3SZZ3uKEJBncG",15965553025,"https://media.birdweather.com/soundscapes/19267/19267-20260823-152929.flac",3,6,"live"
10658089523,19267,"2026-08-23T09:29:29.000-06:00",0.765378296375275,0.782533168792725,9.04676331909825,"almost_certain","BirdNET",NA,10.2198,-83.7874,FALSE,229,"Great Kiskadee","Pitangus sulphuratus","#7d4410","avian","https://media.birdweather.com/species/229/GreatKiskadee-standard-cd28a1b8e8b8e5aed433e809c229004e.jpg","https://media.birdweather.com/species/229/GreatKiskadee-thumbnail-b2749ed2442fb322cf3c4cb72f9c97f6.jpg","https://media.birdweather.com/species/229/GreatKiskadee-png200-003973af4f863deb00a4ce9b6f10e59c.png","0PgFDwIrhYqfZJh1mVe3SZZ3uKEJBncG",15965553025,"https://media.birdweather.com/soundscapes/19267/19267-20260823-152929.flac",0,3,"live"
10658078522,19267,"2026-08-23T09:28:52.500-06:00",0.971912145614624,0.100666873157024,6.85280034025965,"almost_certain","BirdNET",NA,10.2198,-83.7874,FALSE,603,"Tropical Mockingbird","Mimus gilvus","#006e2a","avian","https://media.birdweather.com/species/603/TropicalMockingbird-standard-33be42788a38707b12f757d28526a492.jpg","https://media.birdweather.com/species/603/TropicalMockingbird-thumbnail-4f6417f6928c80a2cb70eb341f54fd79.jpg","https://media.birdweather.com/species/603/TropicalMockingbird-png200-9e94d27578943cfad1e7923fe23d2300.png","q+cJFwL4VohclXidhXh5aJh4qDAaGKYA",15965534789,"https://media.birdweather.com/soundscapes/19267/19267-20260823-152851.flac",1.5,4.5,"live"
10658078509,19267,"2026-08-23T09:28:51.000-06:00",0.920037746429443,0.100666873157024,6.74272462315815,"almost_certain","BirdNET",NA,10.2198,-83.7874,FALSE,603,"Tropical Mockingbird","Mimus gilvus","#006e2a","avian","https://media.birdweather.com/species/603/TropicalMockingbird-standard-33be42788a38707b12f757d28526a492.jpg","https://media.birdweather.com/species/603/TropicalMockingbird-thumbnail-4f6417f6928c80a2cb70eb341f54fd79.jpg","https://media.birdweather.com/species/603/TropicalMockingbird-png200-9e94d27578943cfad1e7923fe23d2300.png","q+cJFwL4VohclXidhXh5aJh4qDAaGKYA",15965534789,"https://media.birdweather.com/soundscapes/19267/19267-20260823-152851.flac",0,3,"live"
10658071328,19267,"2026-08-23T09:28:33.000-06:00",0.837219953536987,0.100666873157024,6.54630395569424,"almost_certain","BirdNET",NA,10.2198,-83.7874,FALSE,603,"Tropical Mockingbird","Mimus gilvus","#006e2a","avian","https://media.birdweather.com/species/603/TropicalMockingbird-standard-33be42788a38707b12f757d28526a492.jpg","https://media.birdweather.com/species/603/TropicalMockingbird-thumbnail-4f6417f6928c80a2cb70eb341f54fd79.jpg","https://media.birdweather.com/species/603/TropicalMockingbird-png200-9e94d27578943cfad1e7923fe23d2300.png","q+cJFwL4VohclXidhXh5aJh4qDAaGKYA",15965522992,"https://media.birdweather.com/soundscapes/19267/19267-20260823-152827.flac",6,9,"live"
10658055501,19267,"2026-08-23T09:27:34.500-06:00",0.927100241184235,0.100665733218193,6.75822719235833,"almost_certain","BirdNET",NA,10.2198,-83.7874,FALSE,603,"Tropical Mockingbird","Mimus gilvus","#006e2a","avian","https://media.birdweather.com/species/603/TropicalMockingbird-standard-33be42788a38707b12f757d28526a492.jpg","https://media.birdweather.com/species/603/TropicalMockingbird-thumbnail-4f6417f6928c80a2cb70eb341f54fd79.jpg","https://media.birdweather.com/species/603/TropicalMockingbird-png200-9e94d27578943cfad1e7923fe23d2300.png","q+cJFwL4VohclXidhXh5aJh4qDAaGKYA",15965496824,"https://media.birdweather.com/soundscapes/19267/19267-20260823-152733.flac",1.5,4.5,"live"
10658055498,19267,"2026-08-23T09:27:33.000-06:00",0.780048251152039,0.100665733218193,6.39213609366492,"almost_certain","BirdNET",NA,10.2198,-83.7874,FALSE,603,"Tropical Mockingbird","Mimus gilvus","#006e2a","avian","https://media.birdweather.com/species/603/TropicalMockingbird-standard-33be42788a38707b12f757d28526a492.jpg","https://media.birdweather.com/species/603/TropicalMockingbird-thumbnail-4f6417f6928c80a2cb70eb341f54fd79.jpg","https://media.birdweather.com/species/603/TropicalMockingbird-png200-9e94d27578943cfad1e7923fe23d2300.png","q+cJFwL4VohclXidhXh5aJh4qDAaGKYA",15965496824,"https://media.birdweather.com/soundscapes/19267/19267-20260823-152733.flac",0,3,"live"
10658052005,19267,"2026-08-23T09:27:27.000-06:00",0.936187922954559,0.100665733218193,6.77793819598464,"almost_certain","BirdNET",NA,10.2198,-83.7874,FALSE,603,"Tropical Mockingbird","Mimus gilvus","#006e2a","avian","https://media.birdweather.com/species/603/TropicalMockingbird-standard-33be42788a38707b12f757d28526a492.jpg","https://media.birdweather.com/species/603/TropicalMockingbird-thumbnail-4f6417f6928c80a2cb70eb341f54fd79.jpg","https://media.birdweather.com/species/603/TropicalMockingbird-png200-9e94d27578943cfad1e7923fe23d2300.png","q+cJFwL4VohclXidhXh5aJh4qDAaGKYA",15965490820,"https://media.birdweather.com/soundscapes/19267/19267-20260823-152721.flac",6,9,"live"
10658036714,19267,"2026-08-23T09:26:35.000-06:00",0.843405306339264,0.782530426979065,9.25911521931216,"almost_certain","BirdNET",NA,10.2198,-83.7874,FALSE,229,"Great Kiskadee","Pitangus sulphuratus","#7d4410","avian","https://media.birdweather.com/species/229/GreatKiskadee-standard-cd28a1b8e8b8e5aed433e809c229004e.jpg","https://media.birdweather.com/species/229/GreatKiskadee-thumbnail-b2749ed2442fb322cf3c4cb72f9c97f6.jpg","https://media.birdweather.com/species/229/GreatKiskadee-png200-003973af4f863deb00a4ce9b6f10e59c.png","0PgFDwIrhYqfZJh1mVe3SZZ3uKEJBncG",15965465814,"https://media.birdweather.com/soundscapes/19267/19267-20260823-152629.flac",6,9,"live"
10658036705,19267,"2026-08-23T09:26:32.000-06:00",0.964583098888397,0.100664801895618,6.83774898932088,"almost_certain","BirdNET",NA,10.2198,-83.7874,FALSE,603,"Tropical Mockingbird","Mimus gilvus","#006e2a","avian","https://media.birdweather.com/species/603/TropicalMockingbird-standard-33be42788a38707b12f757d28526a492.jpg","https://media.birdweather.com/species/603/TropicalMockingbird-thumbnail-4f6417f6928c80a2cb70eb341f54fd79.jpg","https://media.birdweather.com/species/603/TropicalMockingbird-png200-9e94d27578943cfad1e7923fe23d2300.png","q+cJFwL4VohclXidhXh5aJh4qDAaGKYA",15965465814,"https://media.birdweather.com/soundscapes/19267/19267-20260823-152629.flac",3,6,"live"
10658036703,19267,"2026-08-23T09:26:30.500-06:00",0.967972457408905,0.100664801895618,6.84471820147054,"almost_certain","BirdNET",NA,10.2198,-83.7874,FALSE,603,"Tropical Mockingbird","Mimus gilvus","#006e2a","avian","https://media.birdweather.com/species/603/TropicalMockingbird-standard-33be42788a38707b12f757d28526a492.jpg","https://media.birdweather.com/species/603/TropicalMockingbird-thumbnail-4f6417f6928c80a2cb70eb341f54fd79.jpg","https://media.birdweather.com/species/603/TropicalMockingbird-png200-9e94d27578943cfad1e7923fe23d2300.png","q+cJFwL4VohclXidhXh5aJh4qDAaGKYA",15965465814,"https://media.birdweather.com/soundscapes/19267/19267-20260823-152629.flac",1.5,4.5,"live"
10658032428,19267,"2026-08-23T09:26:21.000-06:00",0.766895771026611,0.100665673613548,6.35407596432667,"almost_certain","BirdNET",NA,10.2198,-83.7874,FALSE,603,"Tropical Mockingbird","Mimus gilvus","#006e2a","avian","https://media.birdweather.com/species/603/TropicalMockingbird-standard-33be42788a38707b12f757d28526a492.jpg","https://media.birdweather.com/species/603/TropicalMockingbird-thumbnail-4f6417f6928c80a2cb70eb341f54fd79.jpg","https://media.birdweather.com/species/603/TropicalMockingbird-png200-9e94d27578943cfad1e7923fe23d2300.png","q+cJFwL4VohclXidhXh5aJh4qDAaGKYA",15965458764,"https://media.birdweather.com/soundscapes/19267/19267-20260823-152615.flac",6,9,"live"
10658028917,19267,"2026-08-23T09:26:09.000-06:00",0.710388898849487,0.100665673613548,6.17734486767575,"almost_certain","BirdNET",NA,10.2198,-83.7874,FALSE,603,"Tropical Mockingbird","Mimus gilvus","#006e2a","avian","https://media.birdweather.com/species/603/TropicalMockingbird-standard-33be42788a38707b12f757d28526a492.jpg","https://media.birdweather.com/species/603/TropicalMockingbird-thumbnail-4f6417f6928c80a2cb70eb341f54fd79.jpg","https://media.birdweather.com/species/603/TropicalMockingbird-png200-9e94d27578943cfad1e7923fe23d2300.png","q+cJFwL4VohclXidhXh5aJh4qDAaGKYA",15965452909,"https://media.birdweather.com/soundscapes/19267/19267-20260823-152603.flac",6,9,"live"
10658025302,19267,"2026-08-23T09:25:57.000-06:00",0.734176576137543,0.10066682100296,6.25455318078757,"almost_certain","BirdNET",NA,10.2198,-83.7874,FALSE,603,"Tropical Mockingbird","Mimus gilvus","#006e2a","avian","https://media.birdweather.com/species/603/TropicalMockingbird-standard-33be42788a38707b12f757d28526a492.jpg","https://media.birdweather.com/species/603/TropicalMockingbird-thumbnail-4f6417f6928c80a2cb70eb341f54fd79.jpg","https://media.birdweather.com/species/603/TropicalMockingbird-png200-9e94d27578943cfad1e7923fe23d2300.png","q+cJFwL4VohclXidhXh5aJh4qDAaGKYA",15965446987,"https://media.birdweather.com/soundscapes/19267/19267-20260823-152551.flac",6,9,"live"
10658025300,19267,"2026-08-23T09:25:55.500-06:00",0.873888075351715,0.10066682100296,6.63675999739252,"almost_certain","BirdNET",NA,10.2198,-83.7874,FALSE,603,"Tropical Mockingbird","Mimus gilvus","#006e2a","avian","https://media.birdweather.com/species/603/TropicalMockingbird-standard-33be42788a38707b12f757d28526a492.jpg","https://media.birdweather.com/species/603/TropicalMockingbird-thumbnail-4f6417f6928c80a2cb70eb341f54fd79.jpg","https://media.birdweather.com/species/603/TropicalMockingbird-png200-9e94d27578943cfad1e7923fe23d2300.png","q+cJFwL4VohclXidhXh5aJh4qDAaGKYA",15965446987,"https://media.birdweather.com/soundscapes/19267/19267-20260823-152551.flac",4.5,7.5,"live"
10658025296,19267,"2026-08-23T09:25:52.500-06:00",0.815481901168823,0.10066682100296,6.48971489289467,"almost_certain","BirdNET",NA,10.2198,-83.7874,FALSE,603,"Tropical Mockingbird","Mimus gilvus","#006e2a","avian","https://media.birdweather.com/species/603/TropicalMockingbird-standard-33be42788a38707b12f757d28526a492.jpg","https://media.birdweather.com/species/603/TropicalMockingbird-thumbnail-4f6417f6928c80a2cb70eb341f54fd79.jpg","https://media.birdweather.com/species/603/TropicalMockingbird-png200-9e94d27578943cfad1e7923fe23d2300.png","q+cJFwL4VohclXidhXh5aJh4qDAaGKYA",15965446987,"https://media.birdweather.com/soundscapes/19267/19267-20260823-152551.flac",1.5,4.5,"live"
10658017941,19267,"2026-08-23T09:25:27.500-06:00",0.725448071956635,0.10066682100296,6.22673066140958,"almost_certain","BirdNET",NA,10.2198,-83.7874,FALSE,603,"Tropical Mockingbird","Mimus gilvus","#006e2a","avian","https://media.birdweather.com/species/603/TropicalMockingbird-standard-33be42788a38707b12f757d28526a492.jpg","https://media.birdweather.com/species/603/TropicalMockingbird-thumbnail-4f6417f6928c80a2cb70eb341f54fd79.jpg","https://media.birdweather.com/species/603/TropicalMockingbird-png200-9e94d27578943cfad1e7923fe23d2300.png","q+cJFwL4VohclXidhXh5aJh4qDAaGKYA",15965434652,"https://media.birdweather.com/soundscapes/19267/19267-20260823-152526.flac",1.5,4.5,"live"
10658014290,19267,"2026-08-23T09:25:18.500-06:00",0.819988608360291,0.10066682100296,6.5016403466499,"almost_certain","BirdNET",NA,10.2198,-83.7874,FALSE,603,"Tropical Mockingbird","Mimus gilvus","#006e2a","avian","https://media.birdweather.com/species/603/TropicalMockingbird-standard-33be42788a38707b12f757d28526a492.jpg","https://media.birdweather.com/species/603/TropicalMockingbird-thumbnail-4f6417f6928c80a2cb70eb341f54fd79.jpg","https://media.birdweather.com/species/603/TropicalMockingbird-png200-9e94d27578943cfad1e7923fe23d2300.png","q+cJFwL4VohclXidhXh5aJh4qDAaGKYA",15965428729,"https://media.birdweather.com/soundscapes/19267/19267-20260823-152514.flac",4.5,7.5,"live"
10658014285,19267,"2026-08-23T09:25:17.000-06:00",0.945871710777283,0.10066682100296,6.79864811239759,"almost_certain","BirdNET",NA,10.2198,-83.7874,FALSE,603,"Tropical Mockingbird","Mimus gilvus","#006e2a","avian","https://media.birdweather.com/species/603/TropicalMockingbird-standard-33be42788a38707b12f757d28526a492.jpg","https://media.birdweather.com/species/603/TropicalMockingbird-thumbnail-4f6417f6928c80a2cb70eb341f54fd79.jpg","https://media.birdweather.com/species/603/TropicalMockingbird-png200-9e94d27578943cfad1e7923fe23d2300.png","q+cJFwL4VohclXidhXh5aJh4qDAaGKYA",15965428729,"https://media.birdweather.com/soundscapes/19267/19267-20260823-152514.flac",3,6,"live"
10658001585,19267,"2026-08-23T09:24:31.000-06:00",0.714327394962311,0.10066682100296,6.19044425214141,"almost_certain","BirdNET",NA,10.2198,-83.7874,FALSE,603,"Tropical Mockingbird","Mimus gilvus","#006e2a","avian","https://media.birdweather.com/species/603/TropicalMockingbird-standard-33be42788a38707b12f757d28526a492.jpg","https://media.birdweather.com/species/603/TropicalMockingbird-thumbnail-4f6417f6928c80a2cb70eb341f54fd79.jpg","https://media.birdweather.com/species/603/TropicalMockingbird-png200-9e94d27578943cfad1e7923fe23d2300.png","q+cJFwL4VohclXidhXh5aJh4qDAaGKYA",15965408059,"https://media.birdweather.com/soundscapes/19267/19267-20260823-152428.flac",3,6,"live"
10657996829,19267,"2026-08-23T09:24:18.500-06:00",0.914165735244751,0.10066682100296,6.72968768950944,"almost_certain","BirdNET",NA,10.2198,-83.7874,FALSE,603,"Tropical Mockingbird","Mimus gilvus","#006e2a","avian","https://media.birdweather.com/species/603/TropicalMockingbird-standard-33be42788a38707b12f757d28526a492.jpg","https://media.birdweather.com/species/603/TropicalMockingbird-thumbnail-4f6417f6928c80a2cb70eb341f54fd79.jpg","https://media.birdweather.com/species/603/TropicalMockingbird-png200-9e94d27578943cfad1e7923fe23d2300.png","q+cJFwL4VohclXidhXh5aJh4qDAaGKYA",15965399943,"https://media.birdweather.com/soundscapes/19267/19267-20260823-152414.flac",4.5,7.5,"live"
10657996828,19267,"2026-08-23T09:24:17.000-06:00",0.89123672246933,0.10066682100296,6.6775614692037,"almost_certain","BirdNET",NA,10.2198,-83.7874,FALSE,603,"Tropical Mockingbird","Mimus gilvus","#006e2a","avian","https://media.birdweather.com/species/603/TropicalMockingbird-standard-33be42788a38707b12f757d28526a492.jpg","https://media.birdweather.com/species/603/TropicalMockingbird-thumbnail-4f6417f6928c80a2cb70eb341f54fd79.jpg","https://media.birdweather.com/species/603/TropicalMockingbird-png200-9e94d27578943cfad1e7923fe23d2300.png","q+cJFwL4VohclXidhXh5aJh4qDAaGKYA",15965399943,"https://media.birdweather.com/soundscapes/19267/19267-20260823-152414.flac",3,6,"live"
10657996822,19267,"2026-08-23T09:24:15.500-06:00",0.724132478237152,0.10066682100296,6.22248770919999,"almost_certain","BirdNET",NA,10.2198,-83.7874,FALSE,603,"Tropical Mockingbird","Mimus gilvus","#006e2a","avian","https://media.birdweather.com/species/603/TropicalMockingbird-standard-33be42788a38707b12f757d28526a492.jpg","https://media.birdweather.com/species/603/TropicalMockingbird-thumbnail-4f6417f6928c80a2cb70eb341f54fd79.jpg","https://media.birdweather.com/species/603/TropicalMockingbird-png200-9e94d27578943cfad1e7923fe23d2300.png","q+cJFwL4VohclXidhXh5aJh4qDAaGKYA",15965399943,"https://media.birdweather.com/soundscapes/19267/19267-20260823-152414.flac",1.5,4.5,"live"
10657976750,19267,"2026-08-23T09:23:06.500-06:00",0.714174926280975,0.601669609546661,8.53218545716293,"almost_certain","BirdNET",NA,10.2198,-83.7874,FALSE,897,"Orange-chinned Parakeet","Brotogeris jugularis","#c85500","avian","https://media.birdweather.com/species/897/Orange-chinnedParakeet-standard-0bf0068f65faf91a77e897bad45dfb9c.jpg","https://media.birdweather.com/species/897/Orange-chinnedParakeet-thumbnail-542c4a6c0820592c04275ed546d0c49a.jpg","https://media.birdweather.com/species/897/Orange-chinnedParakeet-png200-7d59a0f58540798895be6be2a6dcfe26.png","U+kFHwJATKdHaLhzaSaJJpuXZ4BFePYK",15965367228,"https://media.birdweather.com/soundscapes/19267/19267-20260823-152305.flac",1.5,4.5,"live"
10657972031,19267,"2026-08-23T09:22:52.500-06:00",0.777260005474091,0.100664600729942,6.38414155687395,"almost_certain","BirdNET",NA,10.2198,-83.7874,FALSE,603,"Tropical Mockingbird","Mimus gilvus","#006e2a","avian","https://media.birdweather.com/species/603/TropicalMockingbird-standard-33be42788a38707b12f757d28526a492.jpg","https://media.birdweather.com/species/603/TropicalMockingbird-thumbnail-4f6417f6928c80a2cb70eb341f54fd79.jpg","https://media.birdweather.com/species/603/TropicalMockingbird-png200-9e94d27578943cfad1e7923fe23d2300.png","q+cJFwL4VohclXidhXh5aJh4qDAaGKYA",15965359410,"https://media.birdweather.com/soundscapes/19267/19267-20260823-152251.flac",1.5,4.5,"live"
10657972024,19267,"2026-08-23T09:22:51.000-06:00",0.769100964069366,0.0194450430572033,4.54666763602051,"almost_certain","BirdNET",NA,10.2198,-83.7874,FALSE,1476,"Ruddy-capped Nightingale-Thrush","Catharus frantzii","#c298c8","avian","https://media.birdweather.com/species/1476/Ruddy-cappedNightingale-Thrush-standard-82957d6b16cf209ed9fb5d8297c9abbb.jpg","https://media.birdweather.com/species/1476/Ruddy-cappedNightingale-Thrush-thumbnail-5a7c764d01cb5bab83837ef822bbac59.jpg","https://media.birdweather.com/species/1476/Ruddy-cappedNightingale-Thrush-png200-3474f20439d01daaa669df95423bf656.png","4PgJHwJtaIgHd3iCiJhoWIl5Svd4a3MA",15965359410,"https://media.birdweather.com/soundscapes/19267/19267-20260823-152251.flac",0,3,"live"
10657956378,19267,"2026-08-23T09:22:02.500-06:00",0.781209230422974,0.100664600729942,6.39543136899471,"almost_certain","BirdNET",NA,10.2198,-83.7874,FALSE,603,"Tropical Mockingbird","Mimus gilvus","#006e2a","avian","https://media.birdweather.com/species/603/TropicalMockingbird-standard-33be42788a38707b12f757d28526a492.jpg","https://media.birdweather.com/species/603/TropicalMockingbird-thumbnail-4f6417f6928c80a2cb70eb341f54fd79.jpg","https://media.birdweather.com/species/603/TropicalMockingbird-png200-9e94d27578943cfad1e7923fe23d2300.png","q+cJFwL4VohclXidhXh5aJh4qDAaGKYA",15965333646,"https://media.birdweather.com/soundscapes/19267/19267-20260823-152158.flac",4.5,7.5,"live"
10657956374,19267,"2026-08-23T09:21:59.500-06:00",0.753623127937317,0.100664600729942,6.31455283348504,"almost_certain","BirdNET",NA,10.2198,-83.7874,FALSE,603,"Tropical Mockingbird","Mimus gilvus","#006e2a","avian","https://media.birdweather.com/species/603/TropicalMockingbird-standard-33be42788a38707b12f757d28526a492.jpg","https://media.birdweather.com/species/603/TropicalMockingbird-thumbnail-4f6417f6928c80a2cb70eb341f54fd79.jpg","https://media.birdweather.com/species/603/TropicalMockingbird-png200-9e94d27578943cfad1e7923fe23d2300.png","q+cJFwL4VohclXidhXh5aJh4qDAaGKYA",15965333646,"https://media.birdweather.com/soundscapes/19267/19267-20260823-152158.flac",1.5,4.5,"live"
10657956370,19267,"2026-08-23T09:21:58.000-06:00",0.913349568843842,0.100664600729942,6.72783839612223,"almost_certain","BirdNET",NA,10.2198,-83.7874,FALSE,603,"Tropical Mockingbird","Mimus gilvus","#006e2a","avian","https://media.birdweather.com/species/603/TropicalMockingbird-standard-33be42788a38707b12f757d28526a492.jpg","https://media.birdweather.com/species/603/TropicalMockingbird-thumbnail-4f6417f6928c80a2cb70eb341f54fd79.jpg","https://media.birdweather.com/species/603/TropicalMockingbird-png200-9e94d27578943cfad1e7923fe23d2300.png","q+cJFwL4VohclXidhXh5aJh4qDAaGKYA",15965333646,"https://media.birdweather.com/soundscapes/19267/19267-20260823-152158.flac",0,3,"live"
10657945153,19267,"2026-08-23T09:21:26.000-06:00",0.92083066701889,0.10066681355238,6.74447475804815,"almost_certain","BirdNET",NA,10.2198,-83.7874,FALSE,603,"Tropical Mockingbird","Mimus gilvus","#006e2a","avian","https://media.birdweather.com/species/603/TropicalMockingbird-standard-33be42788a38707b12f757d28526a492.jpg","https://media.birdweather.com/species/603/TropicalMockingbird-thumbnail-4f6417f6928c80a2cb70eb341f54fd79.jpg","https://media.birdweather.com/species/603/TropicalMockingbird-png200-9e94d27578943cfad1e7923fe23d2300.png","q+cJFwL4VohclXidhXh5aJh4qDAaGKYA",15965314924,"https://media.birdweather.com/soundscapes/19267/19267-20260823-152120.flac",6,9,"live"
10657945152,19267,"2026-08-23T09:21:24.500-06:00",0.973260700702667,0.10066681355238,6.85554649263628,"almost_certain","BirdNET",NA,10.2198,-83.7874,FALSE,603,"Tropical Mockingbird","Mimus gilvus","#006e2a","avian","https://media.birdweather.com/species/603/TropicalMockingbird-standard-33be42788a38707b12f757d28526a492.jpg","https://media.birdweather.com/species/603/TropicalMockingbird-thumbnail-4f6417f6928c80a2cb70eb341f54fd79.jpg","https://media.birdweather.com/species/603/TropicalMockingbird-png200-9e94d27578943cfad1e7923fe23d2300.png","q+cJFwL4VohclXidhXh5aJh4qDAaGKYA",15965314924,"https://media.birdweather.com/soundscapes/19267/19267-20260823-152120.flac",4.5,7.5,"live"
10657937391,19267,"2026-08-23T09:21:00.000-06:00",0.744529187679291,0.100665532052517,6.28682046316343,"almost_certain","BirdNET",NA,10.2198,-83.7874,FALSE,603,"Tropical Mockingbird","Mimus gilvus","#006e2a","avian","https://media.birdweather.com/species/603/TropicalMockingbird-standard-33be42788a38707b12f757d28526a492.jpg","https://media.birdweather.com/species/603/TropicalMockingbird-thumbnail-4f6417f6928c80a2cb70eb341f54fd79.jpg","https://media.birdweather.com/species/603/TropicalMockingbird-png200-9e94d27578943cfad1e7923fe23d2300.png","q+cJFwL4VohclXidhXh5aJh4qDAaGKYA",15965302214,"https://media.birdweather.com/soundscapes/19267/19267-20260823-152054.flac",6,9,"live"
10657937389,19267,"2026-08-23T09:20:58.500-06:00",0.850646615028381,0.100665532052517,6.58010668542097,"almost_certain","BirdNET",NA,10.2198,-83.7874,FALSE,603,"Tropical Mockingbird","Mimus gilvus","#006e2a","avian","https://media.birdweather.com/species/603/TropicalMockingbird-standard-33be42788a38707b12f757d28526a492.jpg","https://media.birdweather.com/species/603/TropicalMockingbird-thumbnail-4f6417f6928c80a2cb70eb341f54fd79.jpg","https://media.birdweather.com/species/603/TropicalMockingbird-png200-9e94d27578943cfad1e7923fe23d2300.png","q+cJFwL4VohclXidhXh5aJh4qDAaGKYA",15965302214,"https://media.birdweather.com/soundscapes/19267/19267-20260823-152054.flac",4.5,7.5,"live"
10657937388,19267,"2026-08-23T09:20:57.000-06:00",0.811391294002533,0.100665532052517,6.47878393429314,"almost_certain","BirdNET",NA,10.2198,-83.7874,FALSE,603,"Tropical Mockingbird","Mimus gilvus","#006e2a","avian","https://media.birdweather.com/species/603/TropicalMockingbird-standard-33be42788a38707b12f757d28526a492.jpg","https://media.birdweather.com/species/603/TropicalMockingbird-thumbnail-4f6417f6928c80a2cb70eb341f54fd79.jpg","https://media.birdweather.com/species/603/TropicalMockingbird-png200-9e94d27578943cfad1e7923fe23d2300.png","q+cJFwL4VohclXidhXh5aJh4qDAaGKYA",15965302214,"https://media.birdweather.com/soundscapes/19267/19267-20260823-152054.flac",3,6,"live"
10657933694,19267,"2026-08-23T09:20:46.500-06:00",0.846363246440887,0.100665792822838,6.56941129554823,"almost_certain","BirdNET",NA,10.2198,-83.7874,FALSE,603,"Tropical Mockingbird","Mimus gilvus","#006e2a","avian","https://media.birdweather.com/species/603/TropicalMockingbird-standard-33be42788a38707b12f757d28526a492.jpg","https://media.birdweather.com/species/603/TropicalMockingbird-thumbnail-4f6417f6928c80a2cb70eb341f54fd79.jpg","https://media.birdweather.com/species/603/TropicalMockingbird-png200-9e94d27578943cfad1e7923fe23d2300.png","q+cJFwL4VohclXidhXh5aJh4qDAaGKYA",15965296104,"https://media.birdweather.com/soundscapes/19267/19267-20260823-152042.flac",4.5,7.5,"live"
10657933687,19267,"2026-08-23T09:20:43.500-06:00",0.889110684394836,0.100665792822838,6.67261345598109,"almost_certain","BirdNET",NA,10.2198,-83.7874,FALSE,603,"Tropical Mockingbird","Mimus gilvus","#006e2a","avian","https://media.birdweather.com/species/603/TropicalMockingbird-standard-33be42788a38707b12f757d28526a492.jpg","https://media.birdweather.com/species/603/TropicalMockingbird-thumbnail-4f6417f6928c80a2cb70eb341f54fd79.jpg","https://media.birdweather.com/species/603/TropicalMockingbird-png200-9e94d27578943cfad1e7923fe23d2300.png","q+cJFwL4VohclXidhXh5aJh4qDAaGKYA",15965296104,"https://media.birdweather.com/soundscapes/19267/19267-20260823-152042.flac",1.5,4.5,"live"
10657933682,19267,"2026-08-23T09:20:42.000-06:00",0.897931694984436,0.100665792822838,6.69297499853369,"almost_certain","BirdNET",NA,10.2198,-83.7874,FALSE,603,"Tropical Mockingbird","Mimus gilvus","#006e2a","avian","https://media.birdweather.com/species/603/TropicalMockingbird-standard-33be42788a38707b12f757d28526a492.jpg","https://media.birdweather.com/species/603/TropicalMockingbird-thumbnail-4f6417f6928c80a2cb70eb341f54fd79.jpg","https://media.birdweather.com/species/603/TropicalMockingbird-png200-9e94d27578943cfad1e7923fe23d2300.png","q+cJFwL4VohclXidhXh5aJh4qDAaGKYA",15965296104,"https://media.birdweather.com/soundscapes/19267/19267-20260823-152042.flac",0,3,"live"
10657930074,19267,"2026-08-23T09:20:35.000-06:00",0.962444245815277,0.10066682100296,6.83335775168031,"almost_certain","BirdNET",NA,10.2198,-83.7874,FALSE,603,"Tropical Mockingbird","Mimus gilvus","#006e2a","avian","https://media.birdweather.com/species/603/TropicalMockingbird-standard-33be42788a38707b12f757d28526a492.jpg","https://media.birdweather.com/species/603/TropicalMockingbird-thumbnail-4f6417f6928c80a2cb70eb341f54fd79.jpg","https://media.birdweather.com/species/603/TropicalMockingbird-png200-9e94d27578943cfad1e7923fe23d2300.png","q+cJFwL4VohclXidhXh5aJh4qDAaGKYA",15965290015,"https://media.birdweather.com/soundscapes/19267/19267-20260823-152029.flac",6,9,"live"
10657910444,19267,"2026-08-23T09:19:23.000-06:00",0.821819305419922,0.10066682100296,6.50645516427613,"almost_certain","BirdNET",NA,10.2198,-83.7874,FALSE,603,"Tropical Mockingbird","Mimus gilvus","#006e2a","avian","https://media.birdweather.com/species/603/TropicalMockingbird-standard-33be42788a38707b12f757d28526a492.jpg","https://media.birdweather.com/species/603/TropicalMockingbird-thumbnail-4f6417f6928c80a2cb70eb341f54fd79.jpg","https://media.birdweather.com/species/603/TropicalMockingbird-png200-9e94d27578943cfad1e7923fe23d2300.png","q+cJFwL4VohclXidhXh5aJh4qDAaGKYA",15965257576,"https://media.birdweather.com/soundscapes/19267/19267-20260823-151923.flac",0,3,"live"
10657902275,19267,"2026-08-23T09:18:56.500-06:00",0.815375328063965,0.10066682100296,6.48943162349512,"almost_certain","BirdNET",NA,10.2198,-83.7874,FALSE,603,"Tropical Mockingbird","Mimus gilvus","#006e2a","avian","https://media.birdweather.com/species/603/TropicalMockingbird-standard-33be42788a38707b12f757d28526a492.jpg","https://media.birdweather.com/species/603/TropicalMockingbird-thumbnail-4f6417f6928c80a2cb70eb341f54fd79.jpg","https://media.birdweather.com/species/603/TropicalMockingbird-png200-9e94d27578943cfad1e7923fe23d2300.png","q+cJFwL4VohclXidhXh5aJh4qDAaGKYA",15965244400,"https://media.birdweather.com/soundscapes/19267/19267-20260823-151855.flac",1.5,4.5,"live"
10657859572,19267,"2026-08-23T09:16:38.000-06:00",0.740187048912048,0.10066682100296,6.27338854211589,"almost_certain","BirdNET",NA,10.2198,-83.7874,FALSE,603,"Tropical Mockingbird","Mimus gilvus","#006e2a","avian","https://media.birdweather.com/species/603/TropicalMockingbird-standard-33be42788a38707b12f757d28526a492.jpg","https://media.birdweather.com/species/603/TropicalMockingbird-thumbnail-4f6417f6928c80a2cb70eb341f54fd79.jpg","https://media.birdweather.com/species/603/TropicalMockingbird-png200-9e94d27578943cfad1e7923fe23d2300.png","q+cJFwL4VohclXidhXh5aJh4qDAaGKYA",15965175270,"https://media.birdweather.com/soundscapes/19267/19267-20260823-151632.flac",6,9,"live"
10657859561,19267,"2026-08-23T09:16:33.500-06:00",0.812884449958801,0.10066682100296,6.48279417690423,"almost_certain","BirdNET",NA,10.2198,-83.7874,FALSE,603,"Tropical Mockingbird","Mimus gilvus","#006e2a","avian","https://media.birdweather.com/species/603/TropicalMockingbird-standard-33be42788a38707b12f757d28526a492.jpg","https://media.birdweather.com/species/603/TropicalMockingbird-thumbnail-4f6417f6928c80a2cb70eb341f54fd79.jpg","https://media.birdweather.com/species/603/TropicalMockingbird-png200-9e94d27578943cfad1e7923fe23d2300.png","q+cJFwL4VohclXidhXh5aJh4qDAaGKYA",15965175270,"https://media.birdweather.com/soundscapes/19267/19267-20260823-151632.flac",1.5,4.5,"live"
10657846633,19267,"2026-08-23T09:15:54.500-06:00",0.791752099990845,0.10066682100296,6.42515026466405,"almost_certain","BirdNET",NA,10.2198,-83.7874,FALSE,603,"Tropical Mockingbird","Mimus gilvus","#006e2a","avian","https://media.birdweather.com/species/603/TropicalMockingbird-standard-33be42788a38707b12f757d28526a492.jpg","https://media.birdweather.com/species/603/TropicalMockingbird-thumbnail-4f6417f6928c80a2cb70eb341f54fd79.jpg","https://media.birdweather.com/species/603/TropicalMockingbird-png200-9e94d27578943cfad1e7923fe23d2300.png","q+cJFwL4VohclXidhXh5aJh4qDAaGKYA",15965153975,"https://media.birdweather.com/soundscapes/19267/19267-20260823-151550.flac",4.5,7.5,"live"
10657830244,19267,"2026-08-23T09:14:59.000-06:00",0.744457423686981,0.10066682100296,6.28661523162958,"almost_certain","BirdNET",NA,10.2198,-83.7874,FALSE,603,"Tropical Mockingbird","Mimus gilvus","#006e2a","avian","https://media.birdweather.com/species/603/TropicalMockingbird-standard-33be42788a38707b12f757d28526a492.jpg","https://media.birdweather.com/species/603/TropicalMockingbird-thumbnail-4f6417f6928c80a2cb70eb341f54fd79.jpg","https://media.birdweather.com/species/603/TropicalMockingbird-png200-9e94d27578943cfad1e7923fe23d2300.png","q+cJFwL4VohclXidhXh5aJh4qDAaGKYA",15965127401,"https://media.birdweather.com/soundscapes/19267/19267-20260823-151456.flac",3,6,"live"
10657826407,19267,"2026-08-23T09:14:44.000-06:00",0.847731351852417,0.10066682100296,6.57285024577996,"almost_certain","BirdNET",NA,10.2198,-83.7874,FALSE,603,"Tropical Mockingbird","Mimus gilvus","#006e2a","avian","https://media.birdweather.com/species/603/TropicalMockingbird-standard-33be42788a38707b12f757d28526a492.jpg","https://media.birdweather.com/species/603/TropicalMockingbird-thumbnail-4f6417f6928c80a2cb70eb341f54fd79.jpg","https://media.birdweather.com/species/603/TropicalMockingbird-png200-9e94d27578943cfad1e7923fe23d2300.png","q+cJFwL4VohclXidhXh5aJh4qDAaGKYA",15965121460,"https://media.birdweather.com/soundscapes/19267/19267-20260823-151444.flac",0,3,"live"
10657759127,19267,"2026-08-23T09:11:04.500-06:00",0.872796177864075,0.0597685538232327,6.00211417118461,"almost_certain","BirdNET",NA,10.2198,-83.7874,FALSE,489,"Turquoise-browed Motmot","Eumomota superciliosa","#903338","avian","https://media.birdweather.com/species/489/Turquoise-browedMotmot-standard-d21180eefd772e32428e357f0f29eee5.jpg","https://media.birdweather.com/species/489/Turquoise-browedMotmot-thumbnail-8e9347acbe609fa806f2008b13b9b5a1.jpg","https://media.birdweather.com/species/489/Turquoise-browedMotmot-png200-38c6a91b7ded72c80f26f8a04930d2ea.png","3fgFDwS/l4hAd4iLhmh4l4iG+V6Zv5II",15965012997,"https://media.birdweather.com/soundscapes/19267/19267-20260823-151100.flac",4.5,7.5,"live"
10657717040,19267,"2026-08-23T09:08:43.500-06:00",0.858681917190552,0.0315952561795712,5.25937289603377,"almost_certain","BirdNET",NA,10.2198,-83.7874,FALSE,610,"Yellow-billed Cuckoo","Coccyzus americanus","#e2342d","avian","https://media.birdweather.com/species/610/Yellow-billedCuckoo-standard-882f68a7a9fd2d56463209cebd11666a.jpg","https://media.birdweather.com/species/610/Yellow-billedCuckoo-thumbnail-6d2045e19aef63a798a493d7cfb637a8.jpg","https://media.birdweather.com/species/610/Yellow-billedCuckoo-png200-347ece3a30ca733e8fe66061ab0863f5.png","H+gJJwJ/dXZoyJmZpJhZd5h4CXhqqOwA",15964944397,"https://media.birdweather.com/soundscapes/19267/19267-20260823-150842.flac",1.5,4.5,"live"
10657693653,19267,"2026-08-23T09:07:28.000-06:00",0.749605417251587,0.207002073526382,7.22492674652542,"almost_certain","BirdNET",NA,10.2198,-83.7874,FALSE,501,"White-winged Dove","Zenaida asiatica","#d16ff8","avian","https://media.birdweather.com/species/501/White-wingedDove-standard-6528ef689b07d5a91f1c2275cdef19c9.jpg","https://media.birdweather.com/species/501/White-wingedDove-thumbnail-4a940adfd5a6c78c73c48c5095e7b896.jpg","https://media.birdweather.com/species/501/White-wingedDove-png200-d65decd3d571b5a9dbeca249ef97689f.png","IscJLwb6hoVelZWZdoh3eIeIdxBoB4IG",15964906336,"https://media.birdweather.com/soundscapes/19267/19267-20260823-150722.flac",6,9,"live"
10657689635,19267,"2026-08-23T09:07:07.000-06:00",0.754764378070831,0.206996336579323,7.24052097597247,"almost_certain","BirdNET",NA,10.2198,-83.7874,FALSE,501,"White-winged Dove","Zenaida asiatica","#d16ff8","avian","https://media.birdweather.com/species/501/White-wingedDove-standard-6528ef689b07d5a91f1c2275cdef19c9.jpg","https://media.birdweather.com/species/501/White-wingedDove-thumbnail-4a940adfd5a6c78c73c48c5095e7b896.jpg","https://media.birdweather.com/species/501/White-wingedDove-png200-d65decd3d571b5a9dbeca249ef97689f.png","IscJLwb6hoVelZWZdoh3eIeIdxBoB4IG",15964899590,"https://media.birdweather.com/soundscapes/19267/19267-20260823-150707.flac",0,3,"live"
10657501930,19267,"2026-08-23T08:56:50.000-06:00",0.908779561519623,0.782530128955841,9.41474776207938,"almost_certain","BirdNET",NA,10.2198,-83.7874,FALSE,229,"Great Kiskadee","Pitangus sulphuratus","#7d4410","avian","https://media.birdweather.com/species/229/GreatKiskadee-standard-cd28a1b8e8b8e5aed433e809c229004e.jpg","https://media.birdweather.com/species/229/GreatKiskadee-thumbnail-b2749ed2442fb322cf3c4cb72f9c97f6.jpg","https://media.birdweather.com/species/229/GreatKiskadee-png200-003973af4f863deb00a4ce9b6f10e59c.png","0PgFDwIrhYqfZJh1mVe3SZZ3uKEJBncG",15964596748,"https://media.birdweather.com/soundscapes/19267/19267-20260823-145650.flac",0,3,"live"
10657276957,19267,"2026-08-23T08:44:52.000-06:00",0.842695713043213,0.20699867606163,7.48270975194604,"almost_certain","BirdNET",NA,10.2198,-83.7874,FALSE,501,"White-winged Dove","Zenaida asiatica","#d16ff8","avian","https://media.birdweather.com/species/501/White-wingedDove-standard-6528ef689b07d5a91f1c2275cdef19c9.jpg","https://media.birdweather.com/species/501/White-wingedDove-thumbnail-4a940adfd5a6c78c73c48c5095e7b896.jpg","https://media.birdweather.com/species/501/White-wingedDove-png200-d65decd3d571b5a9dbeca249ef97689f.png","IscJLwb6hoVelZWZdoh3eIeIdxBoB4IG",15964242938,"https://media.birdweather.com/soundscapes/19267/19267-20260823-144446.flac",6,9,"live"
10657276953,19267,"2026-08-23T08:44:46.000-06:00",0.758692979812622,0.20699867606163,7.25232002381294,"almost_certain","BirdNET",NA,10.2198,-83.7874,FALSE,501,"White-winged Dove","Zenaida asiatica","#d16ff8","avian","https://media.birdweather.com/species/501/White-wingedDove-standard-6528ef689b07d5a91f1c2275cdef19c9.jpg","https://media.birdweather.com/species/501/White-wingedDove-thumbnail-4a940adfd5a6c78c73c48c5095e7b896.jpg","https://media.birdweather.com/species/501/White-wingedDove-png200-d65decd3d571b5a9dbeca249ef97689f.png","IscJLwb6hoVelZWZdoh3eIeIdxBoB4IG",15964242938,"https://media.birdweather.com/soundscapes/19267/19267-20260823-144446.flac",0,3,"live"
10657264288,19267,"2026-08-23T08:44:10.000-06:00",0.767395496368408,0.207012921571732,7.27815868325794,"almost_certain","BirdNET",NA,10.2198,-83.7874,FALSE,501,"White-winged Dove","Zenaida asiatica","#d16ff8","avian","https://media.birdweather.com/species/501/White-wingedDove-standard-6528ef689b07d5a91f1c2275cdef19c9.jpg","https://media.birdweather.com/species/501/White-wingedDove-thumbnail-4a940adfd5a6c78c73c48c5095e7b896.jpg","https://media.birdweather.com/species/501/White-wingedDove-png200-d65decd3d571b5a9dbeca249ef97689f.png","IscJLwb6hoVelZWZdoh3eIeIdxBoB4IG",15964222828,"https://media.birdweather.com/soundscapes/19267/19267-20260823-144404.flac",6,9,"live"
10657256569,19267,"2026-08-23T08:43:41.500-06:00",0.753881275653839,0.207021772861481,7.23801858198402,"almost_certain","BirdNET",NA,10.2198,-83.7874,FALSE,501,"White-winged Dove","Zenaida asiatica","#d16ff8","avian","https://media.birdweather.com/species/501/White-wingedDove-standard-6528ef689b07d5a91f1c2275cdef19c9.jpg","https://media.birdweather.com/species/501/White-wingedDove-thumbnail-4a940adfd5a6c78c73c48c5095e7b896.jpg","https://media.birdweather.com/species/501/White-wingedDove-png200-d65decd3d571b5a9dbeca249ef97689f.png","IscJLwb6hoVelZWZdoh3eIeIdxBoB4IG",15964210026,"https://media.birdweather.com/soundscapes/19267/19267-20260823-144337.flac",4.5,7.5,"live"
10657240266,19267,"2026-08-23T08:42:48.000-06:00",0.819999754428864,0.207019492983818,7.42431416516099,"almost_certain","BirdNET",NA,10.2198,-83.7874,FALSE,501,"White-winged Dove","Zenaida asiatica","#d16ff8","avian","https://media.birdweather.com/species/501/White-wingedDove-standard-6528ef689b07d5a91f1c2275cdef19c9.jpg","https://media.birdweather.com/species/501/White-wingedDove-thumbnail-4a940adfd5a6c78c73c48c5095e7b896.jpg","https://media.birdweather.com/species/501/White-wingedDove-png200-d65decd3d571b5a9dbeca249ef97689f.png","IscJLwb6hoVelZWZdoh3eIeIdxBoB4IG",15964183903,"https://media.birdweather.com/soundscapes/19267/19267-20260823-144245.flac",3,6,"live"
10657236608,19267,"2026-08-23T08:42:33.000-06:00",0.794588387012482,0.207005992531776,7.35558856112707,"almost_certain","BirdNET",NA,10.2198,-83.7874,FALSE,501,"White-winged Dove","Zenaida asiatica","#d16ff8","avian","https://media.birdweather.com/species/501/White-wingedDove-standard-6528ef689b07d5a91f1c2275cdef19c9.jpg","https://media.birdweather.com/species/501/White-wingedDove-thumbnail-4a940adfd5a6c78c73c48c5095e7b896.jpg","https://media.birdweather.com/species/501/White-wingedDove-png200-d65decd3d571b5a9dbeca249ef97689f.png","IscJLwb6hoVelZWZdoh3eIeIdxBoB4IG",15964177910,"https://media.birdweather.com/soundscapes/19267/19267-20260823-144233.flac",0,3,"live"
10657233095,19267,"2026-08-23T08:42:25.500-06:00",0.743910729885101,0.207005992531776,7.20748828428217,"almost_certain","BirdNET",NA,10.2198,-83.7874,FALSE,501,"White-winged Dove","Zenaida asiatica","#d16ff8","avian","https://media.birdweather.com/species/501/White-wingedDove-standard-6528ef689b07d5a91f1c2275cdef19c9.jpg","https://media.birdweather.com/species/501/White-wingedDove-thumbnail-4a940adfd5a6c78c73c48c5095e7b896.jpg","https://media.birdweather.com/species/501/White-wingedDove-png200-d65decd3d571b5a9dbeca249ef97689f.png","IscJLwb6hoVelZWZdoh3eIeIdxBoB4IG",15964172012,"https://media.birdweather.com/soundscapes/19267/19267-20260823-144221.flac",4.5,7.5,"live"
10657233088,19267,"2026-08-23T08:42:21.000-06:00",0.859744846820831,0.207005992531776,7.52513314945702,"almost_certain","BirdNET",NA,10.2198,-83.7874,FALSE,501,"White-winged Dove","Zenaida asiatica","#d16ff8","avian","https://media.birdweather.com/species/501/White-wingedDove-standard-6528ef689b07d5a91f1c2275cdef19c9.jpg","https://media.birdweather.com/species/501/White-wingedDove-thumbnail-4a940adfd5a6c78c73c48c5095e7b896.jpg","https://media.birdweather.com/species/501/White-wingedDove-png200-d65decd3d571b5a9dbeca249ef97689f.png","IscJLwb6hoVelZWZdoh3eIeIdxBoB4IG",15964172012,"https://media.birdweather.com/soundscapes/19267/19267-20260823-144221.flac",0,3,"live"
10657229008,19267,"2026-08-23T08:42:08.500-06:00",0.730576276779175,0.207005992531776,7.16570466333272,"almost_certain","BirdNET",NA,10.2198,-83.7874,FALSE,501,"White-winged Dove","Zenaida asiatica","#d16ff8","avian","https://media.birdweather.com/species/501/White-wingedDove-standard-6528ef689b07d5a91f1c2275cdef19c9.jpg","https://media.birdweather.com/species/501/White-wingedDove-thumbnail-4a940adfd5a6c78c73c48c5095e7b896.jpg","https://media.birdweather.com/species/501/White-wingedDove-png200-d65decd3d571b5a9dbeca249ef97689f.png","IscJLwb6hoVelZWZdoh3eIeIdxBoB4IG",15964165523,"https://media.birdweather.com/soundscapes/19267/19267-20260823-144207.flac",1.5,4.5,"live"
10657217575,19267,"2026-08-23T08:41:36.000-06:00",0.813229620456696,0.206999272108078,7.406232671168,"almost_certain","BirdNET",NA,10.2198,-83.7874,FALSE,501,"White-winged Dove","Zenaida asiatica","#d16ff8","avian","https://media.birdweather.com/species/501/White-wingedDove-standard-6528ef689b07d5a91f1c2275cdef19c9.jpg","https://media.birdweather.com/species/501/White-wingedDove-thumbnail-4a940adfd5a6c78c73c48c5095e7b896.jpg","https://media.birdweather.com/species/501/White-wingedDove-png200-d65decd3d571b5a9dbeca249ef97689f.png","IscJLwb6hoVelZWZdoh3eIeIdxBoB4IG",15964147168,"https://media.birdweather.com/soundscapes/19267/19267-20260823-144130.flac",6,9,"live"
10657210076,19267,"2026-08-23T08:41:11.000-06:00",0.832153379917145,0.206987455487251,7.45576358473507,"almost_certain","BirdNET",NA,10.2198,-83.7874,FALSE,501,"White-winged Dove","Zenaida asiatica","#d16ff8","avian","https://media.birdweather.com/species/501/White-wingedDove-standard-6528ef689b07d5a91f1c2275cdef19c9.jpg","https://media.birdweather.com/species/501/White-wingedDove-thumbnail-4a940adfd5a6c78c73c48c5095e7b896.jpg","https://media.birdweather.com/species/501/White-wingedDove-png200-d65decd3d571b5a9dbeca249ef97689f.png","IscJLwb6hoVelZWZdoh3eIeIdxBoB4IG",15964135293,"https://media.birdweather.com/soundscapes/19267/19267-20260823-144105.flac",6,9,"live"
10657210071,19267,"2026-08-23T08:41:09.500-06:00",0.776792466640472,0.206987455487251,7.30526848178617,"almost_certain","BirdNET",NA,10.2198,-83.7874,FALSE,501,"White-winged Dove","Zenaida asiatica","#d16ff8","avian","https://media.birdweather.com/species/501/White-wingedDove-standard-6528ef689b07d5a91f1c2275cdef19c9.jpg","https://media.birdweather.com/species/501/White-wingedDove-thumbnail-4a940adfd5a6c78c73c48c5095e7b896.jpg","https://media.birdweather.com/species/501/White-wingedDove-png200-d65decd3d571b5a9dbeca249ef97689f.png","IscJLwb6hoVelZWZdoh3eIeIdxBoB4IG",15964135293,"https://media.birdweather.com/soundscapes/19267/19267-20260823-144105.flac",4.5,7.5,"live"
10657205953,19267,"2026-08-23T08:40:56.500-06:00",0.783275961875916,0.207003146409988,7.32387148478344,"almost_certain","BirdNET",NA,10.2198,-83.7874,FALSE,501,"White-winged Dove","Zenaida asiatica","#d16ff8","avian","https://media.birdweather.com/species/501/White-wingedDove-standard-6528ef689b07d5a91f1c2275cdef19c9.jpg","https://media.birdweather.com/species/501/White-wingedDove-thumbnail-4a940adfd5a6c78c73c48c5095e7b896.jpg","https://media.birdweather.com/species/501/White-wingedDove-png200-d65decd3d571b5a9dbeca249ef97689f.png","IscJLwb6hoVelZWZdoh3eIeIdxBoB4IG",15964128645,"https://media.birdweather.com/soundscapes/19267/19267-20260823-144052.flac",4.5,7.5,"live"
10657198376,19267,"2026-08-23T08:40:30.000-06:00",0.809155344963074,0.207003146409988,7.39533798173854,"almost_certain","BirdNET",NA,10.2198,-83.7874,FALSE,501,"White-winged Dove","Zenaida asiatica","#d16ff8","avian","https://media.birdweather.com/species/501/White-wingedDove-standard-6528ef689b07d5a91f1c2275cdef19c9.jpg","https://media.birdweather.com/species/501/White-wingedDove-thumbnail-4a940adfd5a6c78c73c48c5095e7b896.jpg","https://media.birdweather.com/species/501/White-wingedDove-png200-d65decd3d571b5a9dbeca249ef97689f.png","IscJLwb6hoVelZWZdoh3eIeIdxBoB4IG",15964116829,"https://media.birdweather.com/soundscapes/19267/19267-20260823-144027.flac",3,6,"live"
10657186228,19267,"2026-08-23T08:39:52.500-06:00",0.780862927436829,0.20699867606163,7.31698561080989,"almost_certain","BirdNET",NA,10.2198,-83.7874,FALSE,501,"White-winged Dove","Zenaida asiatica","#d16ff8","avian","https://media.birdweather.com/species/501/White-wingedDove-standard-6528ef689b07d5a91f1c2275cdef19c9.jpg","https://media.birdweather.com/species/501/White-wingedDove-thumbnail-4a940adfd5a6c78c73c48c5095e7b896.jpg","https://media.birdweather.com/species/501/White-wingedDove-png200-d65decd3d571b5a9dbeca249ef97689f.png","IscJLwb6hoVelZWZdoh3eIeIdxBoB4IG",15964097936,"https://media.birdweather.com/soundscapes/19267/19267-20260823-143948.flac",4.5,7.5,"live"
10657186221,19267,"2026-08-23T08:39:51.000-06:00",0.717630326747894,0.20699867606163,7.12383533895407,"almost_certain","BirdNET",NA,10.2198,-83.7874,FALSE,501,"White-winged Dove","Zenaida asiatica","#d16ff8","avian","https://media.birdweather.com/species/501/White-wingedDove-standard-6528ef689b07d5a91f1c2275cdef19c9.jpg","https://media.birdweather.com/species/501/White-wingedDove-thumbnail-4a940adfd5a6c78c73c48c5095e7b896.jpg","https://media.birdweather.com/species/501/White-wingedDove-png200-d65decd3d571b5a9dbeca249ef97689f.png","IscJLwb6hoVelZWZdoh3eIeIdxBoB4IG",15964097936,"https://media.birdweather.com/soundscapes/19267/19267-20260823-143948.flac",3,6,"live"
10656997517,19267,"2026-08-23T08:29:28.500-06:00",0.811489164829254,0.031593881547451,5.13841979317491,"almost_certain","BirdNET",NA,10.2198,-83.7874,FALSE,610,"Yellow-billed Cuckoo","Coccyzus americanus","#e2342d","avian","https://media.birdweather.com/species/610/Yellow-billedCuckoo-standard-882f68a7a9fd2d56463209cebd11666a.jpg","https://media.birdweather.com/species/610/Yellow-billedCuckoo-thumbnail-6d2045e19aef63a798a493d7cfb637a8.jpg","https://media.birdweather.com/species/610/Yellow-billedCuckoo-png200-347ece3a30ca733e8fe66061ab0863f5.png","H+gJJwJ/dXZoyJmZpJhZd5h4CXhqqOwA",15963794741,"https://media.birdweather.com/soundscapes/19267/19267-20260823-142927.flac",1.5,4.5,"live"
10656296760,19267,"2026-08-23T07:52:17.500-06:00",0.8481485247612,0.0458774492144585,5.63768572340478,"almost_certain","BirdNET",NA,10.2198,-83.7874,FALSE,975,"Eastern Kingbird","Tyrannus tyrannus","#6c4d04","avian","https://media.birdweather.com/species/975/EasternKingbird-standard-34678c5d143fe1d9c0e9b1e5d9b899a4.jpg","https://media.birdweather.com/species/975/EasternKingbird-thumbnail-60f4f4ce9a78c11e9cc2b3e0bb29855e.jpg","https://media.birdweather.com/species/975/EasternKingbird-png200-3c6899f34dcf03ea173ed72829ab0048.png","LQgGDwDyloi2WXeYZFpnuYZpqAPXOnQA",15962703157,"https://media.birdweather.com/soundscapes/19267/19267-20260823-135213.flac",4.5,7.5,"live"
10656288619,19267,"2026-08-23T07:51:49.500-06:00",0.721161603927612,0.0458774492144585,5.27665008444576,"almost_certain","BirdNET",NA,10.2198,-83.7874,FALSE,975,"Eastern Kingbird","Tyrannus tyrannus","#6c4d04","avian","https://media.birdweather.com/species/975/EasternKingbird-standard-34678c5d143fe1d9c0e9b1e5d9b899a4.jpg","https://media.birdweather.com/species/975/EasternKingbird-thumbnail-60f4f4ce9a78c11e9cc2b3e0bb29855e.jpg","https://media.birdweather.com/species/975/EasternKingbird-png200-3c6899f34dcf03ea173ed72829ab0048.png","LQgGDwDyloi2WXeYZFpnuYZpqAPXOnQA",15962690907,"https://media.birdweather.com/soundscapes/19267/19267-20260823-135148.flac",1.5,4.5,"live"
10655475744,19267,"2026-08-23T07:10:20.000-06:00",0.951050221920013,0.045880414545536,5.87345391607958,"almost_certain","BirdNET",NA,10.2198,-83.7874,FALSE,975,"Eastern Kingbird","Tyrannus tyrannus","#6c4d04","avian","https://media.birdweather.com/species/975/EasternKingbird-standard-34678c5d143fe1d9c0e9b1e5d9b899a4.jpg","https://media.birdweather.com/species/975/EasternKingbird-thumbnail-60f4f4ce9a78c11e9cc2b3e0bb29855e.jpg","https://media.birdweather.com/species/975/EasternKingbird-png200-3c6899f34dcf03ea173ed72829ab0048.png","LQgGDwDyloi2WXeYZFpnuYZpqAPXOnQA",15961471208,"https://media.birdweather.com/soundscapes/19267/19267-20260823-131014.flac",6,9,"live"
10655278156,19267,"2026-08-23T06:59:40.000-06:00",0.709001660346985,0.0458781868219376,5.23653072851042,"almost_certain","BirdNET",NA,10.2198,-83.7874,FALSE,975,"Eastern Kingbird","Tyrannus tyrannus","#6c4d04","avian","https://media.birdweather.com/species/975/EasternKingbird-standard-34678c5d143fe1d9c0e9b1e5d9b899a4.jpg","https://media.birdweather.com/species/975/EasternKingbird-thumbnail-60f4f4ce9a78c11e9cc2b3e0bb29855e.jpg","https://media.birdweather.com/species/975/EasternKingbird-png200-3c6899f34dcf03ea173ed72829ab0048.png","LQgGDwDyloi2WXeYZFpnuYZpqAPXOnQA",15961160651,"https://media.birdweather.com/soundscapes/19267/19267-20260823-125937.flac",3,6,"live"
10655197455,19267,"2026-08-23T06:55:13.500-06:00",0.956109464168549,0.0458797141909599,5.88404171848068,"almost_certain","BirdNET",NA,10.2198,-83.7874,FALSE,975,"Eastern Kingbird","Tyrannus tyrannus","#6c4d04","avian","https://media.birdweather.com/species/975/EasternKingbird-standard-34678c5d143fe1d9c0e9b1e5d9b899a4.jpg","https://media.birdweather.com/species/975/EasternKingbird-thumbnail-60f4f4ce9a78c11e9cc2b3e0bb29855e.jpg","https://media.birdweather.com/species/975/EasternKingbird-png200-3c6899f34dcf03ea173ed72829ab0048.png","LQgGDwDyloi2WXeYZFpnuYZpqAPXOnQA",15961030230,"https://media.birdweather.com/soundscapes/19267/19267-20260823-125509.flac",4.5,7.5,"live"
10655134419,19267,"2026-08-23T06:51:42.500-06:00",0.936462998390198,0.0458794087171555,5.84238436904912,"almost_certain","BirdNET",NA,10.2198,-83.7874,FALSE,975,"Eastern Kingbird","Tyrannus tyrannus","#6c4d04","avian","https://media.birdweather.com/species/975/EasternKingbird-standard-34678c5d143fe1d9c0e9b1e5d9b899a4.jpg","https://media.birdweather.com/species/975/EasternKingbird-thumbnail-60f4f4ce9a78c11e9cc2b3e0bb29855e.jpg","https://media.birdweather.com/species/975/EasternKingbird-png200-3c6899f34dcf03ea173ed72829ab0048.png","LQgGDwDyloi2WXeYZFpnuYZpqAPXOnQA",15960928889,"https://media.birdweather.com/soundscapes/19267/19267-20260823-125141.flac",1.5,4.5,"live"
10654421080,19267,"2026-08-23T06:12:31.000-06:00",0.99265444278717,0.782535791397095,9.59159030179061,"almost_certain","BirdNET",NA,10.2198,-83.7874,FALSE,229,"Great Kiskadee","Pitangus sulphuratus","#7d4410","avian","https://media.birdweather.com/species/229/GreatKiskadee-standard-cd28a1b8e8b8e5aed433e809c229004e.jpg","https://media.birdweather.com/species/229/GreatKiskadee-thumbnail-b2749ed2442fb322cf3c4cb72f9c97f6.jpg","https://media.birdweather.com/species/229/GreatKiskadee-png200-003973af4f863deb00a4ce9b6f10e59c.png","0PgFDwIrhYqfZJh1mVe3SZZ3uKEJBncG",15959780659,"https://media.birdweather.com/soundscapes/19267/19267-20260823-121225.flac",6,9,"live"
10650941182,19267,"2026-08-23T01:46:22.500-06:00",0.801611542701721,0.0697259604930878,6.00308403303359,"almost_certain","BirdNET",NA,10.2198,-83.7874,FALSE,2106,"Scale-crested Pygmy-Tyrant","Lophotriccus pileatus","#ff3f73","avian","https://media.birdweather.com/species/2106/Scale-crestedPygmy-Tyrant-standard-30688703276d7a86ba8040e08ec546e4.jpg","https://media.birdweather.com/species/2106/Scale-crestedPygmy-Tyrant-thumbnail-a2fa4da6488b42e46af0521226507326.jpg","https://media.birdweather.com/species/2106/Scale-crestedPygmy-Tyrant-png200-7dba50c93511c6b01ee479c707de9a8b.png","IroFJwJKZ2tcVqZvUmlauFW0Vp9LCUoK",15952078106,"https://media.birdweather.com/soundscapes/19267/19267-20260823-074621.flac",1.5,4.5,"live"
10650850600,19267,"2026-08-23T01:39:35.000-06:00",0.947412073612213,0.0697271600365639,6.35266972181072,"almost_certain","BirdNET",NA,10.2198,-83.7874,FALSE,2106,"Scale-crested Pygmy-Tyrant","Lophotriccus pileatus","#ff3f73","avian","https://media.birdweather.com/species/2106/Scale-crestedPygmy-Tyrant-standard-30688703276d7a86ba8040e08ec546e4.jpg","https://media.birdweather.com/species/2106/Scale-crestedPygmy-Tyrant-thumbnail-a2fa4da6488b42e46af0521226507326.jpg","https://media.birdweather.com/species/2106/Scale-crestedPygmy-Tyrant-png200-7dba50c93511c6b01ee479c707de9a8b.png","IroFJwJKZ2tcVqZvUmlauFW0Vp9LCUoK",15951880199,"https://media.birdweather.com/soundscapes/19267/19267-20260823-073932.flac",3,6,"live"
10650850597,19267,"2026-08-23T01:39:33.500-06:00",0.93022620677948,0.0697271600365639,6.31581099879445,"almost_certain","BirdNET",NA,10.2198,-83.7874,FALSE,2106,"Scale-crested Pygmy-Tyrant","Lophotriccus pileatus","#ff3f73","avian","https://media.birdweather.com/species/2106/Scale-crestedPygmy-Tyrant-standard-30688703276d7a86ba8040e08ec546e4.jpg","https://media.birdweather.com/species/2106/Scale-crestedPygmy-Tyrant-thumbnail-a2fa4da6488b42e46af0521226507326.jpg","https://media.birdweather.com/species/2106/Scale-crestedPygmy-Tyrant-png200-7dba50c93511c6b01ee479c707de9a8b.png","IroFJwJKZ2tcVqZvUmlauFW0Vp9LCUoK",15951880199,"https://media.birdweather.com/soundscapes/19267/19267-20260823-073932.flac",1.5,4.5,"live"
