"id","stationId","timestamp","confidence","probability","score","certainty","algorithm","metadata","lat","lon","favorite","species.id","species.commonName","species.scientificName","species.color","species.classification","species.imageUrl","species.thumbnailUrl","species.pngUrl","species.thumbhash","soundscape.id","soundscape.url","soundscape.startTime","soundscape.endTime","soundscape.mode"
11005004495,19267,"2026-09-07T22:59:54.000-06:00",0.998000085353851,0.0340034030377865,5.64149299606709,"almost_certain","BirdNET",NA,10.2198,-83.7874,FALSE,242,"Barn Owl","Tyto alba","#c57e94","avian","https://media.birdweather.com/species/242/BarnOwl-standard-8bec9306e3928726cbb18b498dd33c03.jpg","https://media.birdweather.com/species/242/BarnOwl-thumbnail-f2dc3ee81bc91e5f2214d7a2b7be6eef.jpg","https://media.birdweather.com/species/242/BarnOwl-png200-fe95e07244e391ae77d98d1c722d7699.png","4PgFFwKCFGWPgIlpq2aJdXiHiQRFCWME",16621544600,"https://media.birdweather.com/soundscapes/19267/19267-20260908-045951.flac",3,6,"live"
11005004489,19267,"2026-09-07T22:59:52.500-06:00",0.994251728057861,0.0340034030377865,5.63411608069351,"almost_certain","BirdNET",NA,10.2198,-83.7874,FALSE,242,"Barn Owl","Tyto alba","#c57e94","avian","https://media.birdweather.com/species/242/BarnOwl-standard-8bec9306e3928726cbb18b498dd33c03.jpg","https://media.birdweather.com/species/242/BarnOwl-thumbnail-f2dc3ee81bc91e5f2214d7a2b7be6eef.jpg","https://media.birdweather.com/species/242/BarnOwl-png200-fe95e07244e391ae77d98d1c722d7699.png","4PgFFwKCFGWPgIlpq2aJdXiHiQRFCWME",16621544600,"https://media.birdweather.com/soundscapes/19267/19267-20260908-045951.flac",1.5,4.5,"live"
11000643017,19267,"2026-09-07T17:25:14.500-06:00",0.897449612617493,0.912464201450348,9.59700127625763,"almost_certain","BirdNET",NA,10.2198,-83.7874,FALSE,254,"Great-tailed Grackle","Quiscalus mexicanus","#4cdf64","avian","https://media.birdweather.com/species/254/Great-tailedGrackle-standard-84167b7e46a2aae7f30286e714478461.jpg","https://media.birdweather.com/species/254/Great-tailedGrackle-thumbnail-388529862f53a8a975b80daf9e76e3ac.jpg","https://media.birdweather.com/species/254/Great-tailedGrackle-png200-ca2dc12559d8d2db107eefc8eff73513.png","GAgKDwKYmnVgeIeVhniHRXiahgv2mWAN",16611825880,"https://media.birdweather.com/soundscapes/19267/19267-20260907-232513.flac",1.5,4.5,"live"
11000165341,19267,"2026-09-07T16:51:28.000-06:00",0.911954998970032,0.0193964559584856,4.90860693728456,"almost_certain","BirdNET",NA,10.2198,-83.7874,FALSE,1815,"Olive-throated Parakeet","Eupsittula nana","#ff6ad7","avian","https://media.birdweather.com/species/1815/Olive-throatedParakeet-standard-7a8764835cbbed5b353abb070de0fd48.jpg","https://media.birdweather.com/species/1815/Olive-throatedParakeet-thumbnail-9c4e0d5be805be9ed4a949c4ae3919f0.jpg","https://media.birdweather.com/species/1815/Olive-throatedParakeet-png200-1d99f36ba2877b9162d4f49d75819266.png","4+gFDwL5ind7t5d5pnpVpad5ZsIIvVIP",16610821018,"https://media.birdweather.com/soundscapes/19267/19267-20260907-225122.flac",6,9,"live"
10999733524,19267,"2026-09-07T16:22:15.000-06:00",0.730434417724609,0.0984749123454094,6.21528694282429,"almost_certain","BirdNET",NA,10.2198,-83.7874,FALSE,453,"Black-crowned Night-Heron","Nycticorax nycticorax","#5c5311","avian","https://media.birdweather.com/species/453/Black-crownedNight-Heron-standard-1d4c591a46a643873973da30c1bbf6f5.png","https://media.birdweather.com/species/453/Black-crownedNight-Heron-thumbnail-ecf0a2306cd49ef3263e82c8baf0a3e0.png","https://media.birdweather.com/species/453/Black-crownedNight-Heron-png200-1073c6e75c6db12e703ee325fba05196.png","jfgFDwAIh4qZVYeQbFaWfHSGhwyoBZwD",16609954074,"https://media.birdweather.com/soundscapes/19267/19267-20260907-222209.flac",6,9,"live"
10999595375,19267,"2026-09-07T16:12:59.500-06:00",0.990501999855042,0.106046952307224,6.95522372837094,"almost_certain","BirdNET",NA,10.2198,-83.7874,FALSE,603,"Tropical Mockingbird","Mimus gilvus","#006e2a","avian","https://media.birdweather.com/species/603/TropicalMockingbird-standard-33be42788a38707b12f757d28526a492.jpg","https://media.birdweather.com/species/603/TropicalMockingbird-thumbnail-4f6417f6928c80a2cb70eb341f54fd79.jpg","https://media.birdweather.com/species/603/TropicalMockingbird-png200-9e94d27578943cfad1e7923fe23d2300.png","q+cJFwL4VohclXidhXh5aJh4qDAaGKYA",16609679420,"https://media.birdweather.com/soundscapes/19267/19267-20260907-221255.flac",4.5,7.5,"live"
10999595374,19267,"2026-09-07T16:12:58.000-06:00",0.953778982162476,0.106046952307224,6.88035388253103,"almost_certain","BirdNET",NA,10.2198,-83.7874,FALSE,603,"Tropical Mockingbird","Mimus gilvus","#006e2a","avian","https://media.birdweather.com/species/603/TropicalMockingbird-standard-33be42788a38707b12f757d28526a492.jpg","https://media.birdweather.com/species/603/TropicalMockingbird-thumbnail-4f6417f6928c80a2cb70eb341f54fd79.jpg","https://media.birdweather.com/species/603/TropicalMockingbird-png200-9e94d27578943cfad1e7923fe23d2300.png","q+cJFwL4VohclXidhXh5aJh4qDAaGKYA",16609679420,"https://media.birdweather.com/soundscapes/19267/19267-20260907-221255.flac",3,6,"live"
10999576276,19267,"2026-09-07T16:11:37.500-06:00",0.890034794807434,0.106045708060265,6.73979385649553,"almost_certain","BirdNET",NA,10.2198,-83.7874,FALSE,603,"Tropical Mockingbird","Mimus gilvus","#006e2a","avian","https://media.birdweather.com/species/603/TropicalMockingbird-standard-33be42788a38707b12f757d28526a492.jpg","https://media.birdweather.com/species/603/TropicalMockingbird-thumbnail-4f6417f6928c80a2cb70eb341f54fd79.jpg","https://media.birdweather.com/species/603/TropicalMockingbird-png200-9e94d27578943cfad1e7923fe23d2300.png","q+cJFwL4VohclXidhXh5aJh4qDAaGKYA",16609640586,"https://media.birdweather.com/soundscapes/19267/19267-20260907-221136.flac",1.5,4.5,"live"
10999576270,19267,"2026-09-07T16:11:36.000-06:00",0.813267290592194,0.106045708060265,6.54883672757088,"almost_certain","BirdNET",NA,10.2198,-83.7874,FALSE,603,"Tropical Mockingbird","Mimus gilvus","#006e2a","avian","https://media.birdweather.com/species/603/TropicalMockingbird-standard-33be42788a38707b12f757d28526a492.jpg","https://media.birdweather.com/species/603/TropicalMockingbird-thumbnail-4f6417f6928c80a2cb70eb341f54fd79.jpg","https://media.birdweather.com/species/603/TropicalMockingbird-png200-9e94d27578943cfad1e7923fe23d2300.png","q+cJFwL4VohclXidhXh5aJh4qDAaGKYA",16609640586,"https://media.birdweather.com/soundscapes/19267/19267-20260907-221136.flac",0,3,"live"
10999559677,19267,"2026-09-07T16:10:29.000-06:00",0.747213184833527,0.106047265231609,6.36012207611293,"almost_certain","BirdNET",NA,10.2198,-83.7874,FALSE,603,"Tropical Mockingbird","Mimus gilvus","#006e2a","avian","https://media.birdweather.com/species/603/TropicalMockingbird-standard-33be42788a38707b12f757d28526a492.jpg","https://media.birdweather.com/species/603/TropicalMockingbird-thumbnail-4f6417f6928c80a2cb70eb341f54fd79.jpg","https://media.birdweather.com/species/603/TropicalMockingbird-png200-9e94d27578943cfad1e7923fe23d2300.png","q+cJFwL4VohclXidhXh5aJh4qDAaGKYA",16609607729,"https://media.birdweather.com/soundscapes/19267/19267-20260907-221029.flac",0,3,"live"
10999536263,19267,"2026-09-07T16:09:00.500-06:00",0.75503796339035,0.230702325701714,7.38338725127608,"almost_certain","BirdNET",NA,10.2198,-83.7874,FALSE,3766,"Crimson-fronted Parakeet","Psittacara finschi","#65ad00","avian","https://media.birdweather.com/species/3766/Crimson-frontedParakeet-standard-ddc77fa728634b78b78a31cc430f7895.jpg","https://media.birdweather.com/species/3766/Crimson-frontedParakeet-thumbnail-df6cfd5712c254c532e4f60547260885.jpg","https://media.birdweather.com/species/3766/Crimson-frontedParakeet-png200-7ac02114402521892623f1f6b95ca6c2.png","1PgJHwR1hXZghIXBaJmliYSndzA49JgL",16609561875,"https://media.birdweather.com/soundscapes/19267/19267-20260907-220856.flac",4.5,7.5,"live"
10999532985,19267,"2026-09-07T16:08:44.000-06:00",0.856445610523224,0.230702325701714,7.65901560524214,"almost_certain","BirdNET",NA,10.2198,-83.7874,FALSE,3766,"Crimson-fronted Parakeet","Psittacara finschi","#65ad00","avian","https://media.birdweather.com/species/3766/Crimson-frontedParakeet-standard-ddc77fa728634b78b78a31cc430f7895.jpg","https://media.birdweather.com/species/3766/Crimson-frontedParakeet-thumbnail-df6cfd5712c254c532e4f60547260885.jpg","https://media.birdweather.com/species/3766/Crimson-frontedParakeet-png200-7ac02114402521892623f1f6b95ca6c2.png","1PgJHwR1hXZghIXBaJmliYSndzA49JgL",16609555432,"https://media.birdweather.com/soundscapes/19267/19267-20260907-220844.flac",0,3,"live"
10999274515,19267,"2026-09-07T15:51:19.500-06:00",0.922803938388824,0.199900776147842,7.62577426791887,"almost_certain","BirdNET",NA,10.2198,-83.7874,FALSE,501,"White-winged Dove","Zenaida asiatica","#d16ff8","avian","https://media.birdweather.com/species/501/White-wingedDove-standard-6528ef689b07d5a91f1c2275cdef19c9.jpg","https://media.birdweather.com/species/501/White-wingedDove-thumbnail-4a940adfd5a6c78c73c48c5095e7b896.jpg","https://media.birdweather.com/species/501/White-wingedDove-png200-d65decd3d571b5a9dbeca249ef97689f.png","IscJLwb6hoVelZWZdoh3eIeIdxBoB4IG",16609037172,"https://media.birdweather.com/soundscapes/19267/19267-20260907-215115.flac",4.5,7.5,"live"
10998094287,19267,"2026-09-07T14:32:43.000-06:00",0.808249235153198,0.772590219974518,9.15019309505223,"almost_certain","BirdNET",NA,10.2198,-83.7874,FALSE,229,"Great Kiskadee","Pitangus sulphuratus","#7d4410","avian","https://media.birdweather.com/species/229/GreatKiskadee-standard-cd28a1b8e8b8e5aed433e809c229004e.jpg","https://media.birdweather.com/species/229/GreatKiskadee-thumbnail-b2749ed2442fb322cf3c4cb72f9c97f6.jpg","https://media.birdweather.com/species/229/GreatKiskadee-png200-003973af4f863deb00a4ce9b6f10e59c.png","0PgFDwIrhYqfZJh1mVe3SZZ3uKEJBncG",16606706363,"https://media.birdweather.com/soundscapes/19267/19267-20260907-203237.flac",6,9,"live"
10997821099,19267,"2026-09-07T14:14:55.000-06:00",0.87835156917572,0.106046788394451,6.71240719349356,"almost_certain","BirdNET",NA,10.2198,-83.7874,FALSE,603,"Tropical Mockingbird","Mimus gilvus","#006e2a","avian","https://media.birdweather.com/species/603/TropicalMockingbird-standard-33be42788a38707b12f757d28526a492.jpg","https://media.birdweather.com/species/603/TropicalMockingbird-thumbnail-4f6417f6928c80a2cb70eb341f54fd79.jpg","https://media.birdweather.com/species/603/TropicalMockingbird-png200-9e94d27578943cfad1e7923fe23d2300.png","q+cJFwL4VohclXidhXh5aJh4qDAaGKYA",16606180652,"https://media.birdweather.com/soundscapes/19267/19267-20260907-201452.flac",3,6,"live"
10997488092,19267,"2026-09-07T13:53:35.500-06:00",0.713704347610474,0.0310945380479097,4.83119362247889,"almost_certain","BirdNET",NA,10.2198,-83.7874,FALSE,556,"Barred Forest-Falcon","Micrastur ruficollis","#009135","avian","https://media.birdweather.com/species/556/BarredForest-Falcon-standard-ed652e6f19b09465e5ca6739e02ed091.jpg","https://media.birdweather.com/species/556/BarredForest-Falcon-thumbnail-fe797db2b4fd01b407cc2fa030dad78d.jpg","https://media.birdweather.com/species/556/BarredForest-Falcon-png200-97f7a9f4187d84cbef01a7814a809a04.png","k+gFFwSPlJaKdpVArEeXmoiZp/G7IVAA",16605547131,"https://media.birdweather.com/soundscapes/19267/19267-20260907-195331.flac",4.5,7.5,"live"
10997193050,19267,"2026-09-07T13:34:53.500-06:00",0.900629937648773,0.199900150299072,7.57610389764587,"almost_certain","BirdNET",NA,10.2198,-83.7874,FALSE,501,"White-winged Dove","Zenaida asiatica","#d16ff8","avian","https://media.birdweather.com/species/501/White-wingedDove-standard-6528ef689b07d5a91f1c2275cdef19c9.jpg","https://media.birdweather.com/species/501/White-wingedDove-thumbnail-4a940adfd5a6c78c73c48c5095e7b896.jpg","https://media.birdweather.com/species/501/White-wingedDove-png200-d65decd3d571b5a9dbeca249ef97689f.png","IscJLwb6hoVelZWZdoh3eIeIdxBoB4IG",16604993018,"https://media.birdweather.com/soundscapes/19267/19267-20260907-193449.flac",4.5,7.5,"live"
10997186472,19267,"2026-09-07T13:34:25.500-06:00",0.748109698295593,0.199896484613419,7.17475088973345,"almost_certain","BirdNET",NA,10.2198,-83.7874,FALSE,501,"White-winged Dove","Zenaida asiatica","#d16ff8","avian","https://media.birdweather.com/species/501/White-wingedDove-standard-6528ef689b07d5a91f1c2275cdef19c9.jpg","https://media.birdweather.com/species/501/White-wingedDove-thumbnail-4a940adfd5a6c78c73c48c5095e7b896.jpg","https://media.birdweather.com/species/501/White-wingedDove-png200-d65decd3d571b5a9dbeca249ef97689f.png","IscJLwb6hoVelZWZdoh3eIeIdxBoB4IG",16604980423,"https://media.birdweather.com/soundscapes/19267/19267-20260907-193424.flac",1.5,4.5,"live"
10997165705,19267,"2026-09-07T13:33:08.000-06:00",0.797987997531891,0.199899062514305,7.31935465329639,"almost_certain","BirdNET",NA,10.2198,-83.7874,FALSE,501,"White-winged Dove","Zenaida asiatica","#d16ff8","avian","https://media.birdweather.com/species/501/White-wingedDove-standard-6528ef689b07d5a91f1c2275cdef19c9.jpg","https://media.birdweather.com/species/501/White-wingedDove-thumbnail-4a940adfd5a6c78c73c48c5095e7b896.jpg","https://media.birdweather.com/species/501/White-wingedDove-png200-d65decd3d571b5a9dbeca249ef97689f.png","IscJLwb6hoVelZWZdoh3eIeIdxBoB4IG",16604941039,"https://media.birdweather.com/soundscapes/19267/19267-20260907-193305.flac",3,6,"live"
10996820867,19267,"2026-09-07T13:10:27.500-06:00",0.947263777256012,0.558725714683533,9.04411538372658,"almost_certain","BirdNET",NA,10.2198,-83.7874,FALSE,802,"Rufous-tailed Hummingbird","Amazilia tzacatl","#d9c845","avian","https://media.birdweather.com/species/802/Rufous-tailedHummingbird-standard-4d0209b50ad0c35c6d8337f5c0c16b55.jpg","https://media.birdweather.com/species/802/Rufous-tailedHummingbird-thumbnail-fbf17400c31564f70aa45927c5d75f5e.jpg","https://media.birdweather.com/species/802/Rufous-tailedHummingbird-png200-8ea431c9893cfe027e92471791a8c256.png","mPkJFwIHqJeJl4lriIaGhYh3+H+oVGAH",16604270463,"https://media.birdweather.com/soundscapes/19267/19267-20260907-191026.flac",1.5,4.5,"live"
10996820861,19267,"2026-09-07T13:10:26.000-06:00",0.93106085062027,0.558725714683533,9.00938367647434,"almost_certain","BirdNET",NA,10.2198,-83.7874,FALSE,802,"Rufous-tailed Hummingbird","Amazilia tzacatl","#d9c845","avian","https://media.birdweather.com/species/802/Rufous-tailedHummingbird-standard-4d0209b50ad0c35c6d8337f5c0c16b55.jpg","https://media.birdweather.com/species/802/Rufous-tailedHummingbird-thumbnail-fbf17400c31564f70aa45927c5d75f5e.jpg","https://media.birdweather.com/species/802/Rufous-tailedHummingbird-png200-8ea431c9893cfe027e92471791a8c256.png","mPkJFwIHqJeJl4lriIaGhYh3+H+oVGAH",16604270463,"https://media.birdweather.com/soundscapes/19267/19267-20260907-191026.flac",0,3,"live"
10996492477,19267,"2026-09-07T12:48:44.000-06:00",0.930320918560028,0.772590160369873,9.44509526782858,"almost_certain","BirdNET",NA,10.2198,-83.7874,FALSE,229,"Great Kiskadee","Pitangus sulphuratus","#7d4410","avian","https://media.birdweather.com/species/229/GreatKiskadee-standard-cd28a1b8e8b8e5aed433e809c229004e.jpg","https://media.birdweather.com/species/229/GreatKiskadee-thumbnail-b2749ed2442fb322cf3c4cb72f9c97f6.jpg","https://media.birdweather.com/species/229/GreatKiskadee-png200-003973af4f863deb00a4ce9b6f10e59c.png","0PgFDwIrhYqfZJh1mVe3SZZ3uKEJBncG",16603627212,"https://media.birdweather.com/soundscapes/19267/19267-20260907-184841.flac",3,6,"live"
10996492469,19267,"2026-09-07T12:48:42.500-06:00",0.892372250556946,0.772590160369873,9.36002669971225,"almost_certain","BirdNET",NA,10.2198,-83.7874,FALSE,229,"Great Kiskadee","Pitangus sulphuratus","#7d4410","avian","https://media.birdweather.com/species/229/GreatKiskadee-standard-cd28a1b8e8b8e5aed433e809c229004e.jpg","https://media.birdweather.com/species/229/GreatKiskadee-thumbnail-b2749ed2442fb322cf3c4cb72f9c97f6.jpg","https://media.birdweather.com/species/229/GreatKiskadee-png200-003973af4f863deb00a4ce9b6f10e59c.png","0PgFDwIrhYqfZJh1mVe3SZZ3uKEJBncG",16603627212,"https://media.birdweather.com/soundscapes/19267/19267-20260907-184841.flac",1.5,4.5,"live"
10996489257,19267,"2026-09-07T12:48:35.000-06:00",0.857103407382965,0.772590160369873,9.27593011884924,"almost_certain","BirdNET",NA,10.2198,-83.7874,FALSE,229,"Great Kiskadee","Pitangus sulphuratus","#7d4410","avian","https://media.birdweather.com/species/229/GreatKiskadee-standard-cd28a1b8e8b8e5aed433e809c229004e.jpg","https://media.birdweather.com/species/229/GreatKiskadee-thumbnail-b2749ed2442fb322cf3c4cb72f9c97f6.jpg","https://media.birdweather.com/species/229/GreatKiskadee-png200-003973af4f863deb00a4ce9b6f10e59c.png","0PgFDwIrhYqfZJh1mVe3SZZ3uKEJBncG",16603620873,"https://media.birdweather.com/soundscapes/19267/19267-20260907-184829.flac",6,9,"live"
10996489248,19267,"2026-09-07T12:48:30.500-06:00",0.752303063869476,0.772590160369873,8.99042427953518,"almost_certain","BirdNET",NA,10.2198,-83.7874,FALSE,229,"Great Kiskadee","Pitangus sulphuratus","#7d4410","avian","https://media.birdweather.com/species/229/GreatKiskadee-standard-cd28a1b8e8b8e5aed433e809c229004e.jpg","https://media.birdweather.com/species/229/GreatKiskadee-thumbnail-b2749ed2442fb322cf3c4cb72f9c97f6.jpg","https://media.birdweather.com/species/229/GreatKiskadee-png200-003973af4f863deb00a4ce9b6f10e59c.png","0PgFDwIrhYqfZJh1mVe3SZZ3uKEJBncG",16603620873,"https://media.birdweather.com/soundscapes/19267/19267-20260907-184829.flac",1.5,4.5,"live"
10996489246,19267,"2026-09-07T12:48:29.000-06:00",0.778857171535492,0.772590160369873,9.06858267267335,"almost_certain","BirdNET",NA,10.2198,-83.7874,FALSE,229,"Great Kiskadee","Pitangus sulphuratus","#7d4410","avian","https://media.birdweather.com/species/229/GreatKiskadee-standard-cd28a1b8e8b8e5aed433e809c229004e.jpg","https://media.birdweather.com/species/229/GreatKiskadee-thumbnail-b2749ed2442fb322cf3c4cb72f9c97f6.jpg","https://media.birdweather.com/species/229/GreatKiskadee-png200-003973af4f863deb00a4ce9b6f10e59c.png","0PgFDwIrhYqfZJh1mVe3SZZ3uKEJBncG",16603620873,"https://media.birdweather.com/soundscapes/19267/19267-20260907-184829.flac",0,3,"live"
10996485890,19267,"2026-09-07T12:48:17.000-06:00",0.927582204341888,0.77259361743927,9.43913576590298,"almost_certain","BirdNET",NA,10.2198,-83.7874,FALSE,229,"Great Kiskadee","Pitangus sulphuratus","#7d4410","avian","https://media.birdweather.com/species/229/GreatKiskadee-standard-cd28a1b8e8b8e5aed433e809c229004e.jpg","https://media.birdweather.com/species/229/GreatKiskadee-thumbnail-b2749ed2442fb322cf3c4cb72f9c97f6.jpg","https://media.birdweather.com/species/229/GreatKiskadee-png200-003973af4f863deb00a4ce9b6f10e59c.png","0PgFDwIrhYqfZJh1mVe3SZZ3uKEJBncG",16603614132,"https://media.birdweather.com/soundscapes/19267/19267-20260907-184814.flac",3,6,"live"
10996485889,19267,"2026-09-07T12:48:15.500-06:00",0.937214970588684,0.77259361743927,9.46000416312492,"almost_certain","BirdNET",NA,10.2198,-83.7874,FALSE,229,"Great Kiskadee","Pitangus sulphuratus","#7d4410","avian","https://media.birdweather.com/species/229/GreatKiskadee-standard-cd28a1b8e8b8e5aed433e809c229004e.jpg","https://media.birdweather.com/species/229/GreatKiskadee-thumbnail-b2749ed2442fb322cf3c4cb72f9c97f6.jpg","https://media.birdweather.com/species/229/GreatKiskadee-png200-003973af4f863deb00a4ce9b6f10e59c.png","0PgFDwIrhYqfZJh1mVe3SZZ3uKEJBncG",16603614132,"https://media.birdweather.com/soundscapes/19267/19267-20260907-184814.flac",1.5,4.5,"live"
10996485888,19267,"2026-09-07T12:48:14.000-06:00",0.826542317867279,0.77259361743927,9.19864190905799,"almost_certain","BirdNET",NA,10.2198,-83.7874,FALSE,229,"Great Kiskadee","Pitangus sulphuratus","#7d4410","avian","https://media.birdweather.com/species/229/GreatKiskadee-standard-cd28a1b8e8b8e5aed433e809c229004e.jpg","https://media.birdweather.com/species/229/GreatKiskadee-thumbnail-b2749ed2442fb322cf3c4cb72f9c97f6.jpg","https://media.birdweather.com/species/229/GreatKiskadee-png200-003973af4f863deb00a4ce9b6f10e59c.png","0PgFDwIrhYqfZJh1mVe3SZZ3uKEJBncG",16603614132,"https://media.birdweather.com/soundscapes/19267/19267-20260907-184814.flac",0,3,"live"
10996482643,19267,"2026-09-07T12:48:08.000-06:00",0.771174371242523,0.77259361743927,9.04643016378308,"almost_certain","BirdNET",NA,10.2198,-83.7874,FALSE,229,"Great Kiskadee","Pitangus sulphuratus","#7d4410","avian","https://media.birdweather.com/species/229/GreatKiskadee-standard-cd28a1b8e8b8e5aed433e809c229004e.jpg","https://media.birdweather.com/species/229/GreatKiskadee-thumbnail-b2749ed2442fb322cf3c4cb72f9c97f6.jpg","https://media.birdweather.com/species/229/GreatKiskadee-png200-003973af4f863deb00a4ce9b6f10e59c.png","0PgFDwIrhYqfZJh1mVe3SZZ3uKEJBncG",16603607739,"https://media.birdweather.com/soundscapes/19267/19267-20260907-184802.flac",6,9,"live"
10996472869,19267,"2026-09-07T12:47:29.000-06:00",0.935673236846924,0.772592663764954,9.45668377915758,"almost_certain","BirdNET",NA,10.2198,-83.7874,FALSE,229,"Great Kiskadee","Pitangus sulphuratus","#7d4410","avian","https://media.birdweather.com/species/229/GreatKiskadee-standard-cd28a1b8e8b8e5aed433e809c229004e.jpg","https://media.birdweather.com/species/229/GreatKiskadee-thumbnail-b2749ed2442fb322cf3c4cb72f9c97f6.jpg","https://media.birdweather.com/species/229/GreatKiskadee-png200-003973af4f863deb00a4ce9b6f10e59c.png","0PgFDwIrhYqfZJh1mVe3SZZ3uKEJBncG",16603588799,"https://media.birdweather.com/soundscapes/19267/19267-20260907-184723.flac",6,9,"live"
10996465846,19267,"2026-09-07T12:47:02.000-06:00",0.723807811737061,0.772592663764954,8.90127951209117,"almost_certain","BirdNET",NA,10.2198,-83.7874,FALSE,229,"Great Kiskadee","Pitangus sulphuratus","#7d4410","avian","https://media.birdweather.com/species/229/GreatKiskadee-standard-cd28a1b8e8b8e5aed433e809c229004e.jpg","https://media.birdweather.com/species/229/GreatKiskadee-thumbnail-b2749ed2442fb322cf3c4cb72f9c97f6.jpg","https://media.birdweather.com/species/229/GreatKiskadee-png200-003973af4f863deb00a4ce9b6f10e59c.png","0PgFDwIrhYqfZJh1mVe3SZZ3uKEJBncG",16603575401,"https://media.birdweather.com/soundscapes/19267/19267-20260907-184656.flac",6,9,"live"
10996271533,19267,"2026-09-07T12:34:15.000-06:00",0.736481070518494,0.106045186519623,6.32681969216678,"almost_certain","BirdNET",NA,10.2198,-83.7874,FALSE,603,"Tropical Mockingbird","Mimus gilvus","#006e2a","avian","https://media.birdweather.com/species/603/TropicalMockingbird-standard-33be42788a38707b12f757d28526a492.jpg","https://media.birdweather.com/species/603/TropicalMockingbird-thumbnail-4f6417f6928c80a2cb70eb341f54fd79.jpg","https://media.birdweather.com/species/603/TropicalMockingbird-png200-9e94d27578943cfad1e7923fe23d2300.png","q+cJFwL4VohclXidhXh5aJh4qDAaGKYA",16603199870,"https://media.birdweather.com/soundscapes/19267/19267-20260907-183415.flac",0,3,"live"
10995892417,19267,"2026-09-07T12:09:32.000-06:00",0.806670427322388,0.10604577511549,6.53111520429933,"almost_certain","BirdNET",NA,10.2198,-83.7874,FALSE,603,"Tropical Mockingbird","Mimus gilvus","#006e2a","avian","https://media.birdweather.com/species/603/TropicalMockingbird-standard-33be42788a38707b12f757d28526a492.jpg","https://media.birdweather.com/species/603/TropicalMockingbird-thumbnail-4f6417f6928c80a2cb70eb341f54fd79.jpg","https://media.birdweather.com/species/603/TropicalMockingbird-png200-9e94d27578943cfad1e7923fe23d2300.png","q+cJFwL4VohclXidhXh5aJh4qDAaGKYA",16602463010,"https://media.birdweather.com/soundscapes/19267/19267-20260907-180926.flac",6,9,"live"
10995892411,19267,"2026-09-07T12:09:30.500-06:00",0.799874901771545,0.10604577511549,6.51261626304146,"almost_certain","BirdNET",NA,10.2198,-83.7874,FALSE,603,"Tropical Mockingbird","Mimus gilvus","#006e2a","avian","https://media.birdweather.com/species/603/TropicalMockingbird-standard-33be42788a38707b12f757d28526a492.jpg","https://media.birdweather.com/species/603/TropicalMockingbird-thumbnail-4f6417f6928c80a2cb70eb341f54fd79.jpg","https://media.birdweather.com/species/603/TropicalMockingbird-png200-9e94d27578943cfad1e7923fe23d2300.png","q+cJFwL4VohclXidhXh5aJh4qDAaGKYA",16602463010,"https://media.birdweather.com/soundscapes/19267/19267-20260907-180926.flac",4.5,7.5,"live"
10995341373,19267,"2026-09-07T11:35:05.500-06:00",0.881884872913361,0.106046363711357,6.72074641195779,"almost_certain","BirdNET",NA,10.2198,-83.7874,FALSE,603,"Tropical Mockingbird","Mimus gilvus","#006e2a","avian","https://media.birdweather.com/species/603/TropicalMockingbird-standard-33be42788a38707b12f757d28526a492.jpg","https://media.birdweather.com/species/603/TropicalMockingbird-thumbnail-4f6417f6928c80a2cb70eb341f54fd79.jpg","https://media.birdweather.com/species/603/TropicalMockingbird-png200-9e94d27578943cfad1e7923fe23d2300.png","q+cJFwL4VohclXidhXh5aJh4qDAaGKYA",16601438696,"https://media.birdweather.com/soundscapes/19267/19267-20260907-173504.flac",1.5,4.5,"live"
10995262625,19267,"2026-09-07T11:30:21.000-06:00",0.746491312980652,0.106045931577682,6.35789315109241,"almost_certain","BirdNET",NA,10.2198,-83.7874,FALSE,603,"Tropical Mockingbird","Mimus gilvus","#006e2a","avian","https://media.birdweather.com/species/603/TropicalMockingbird-standard-33be42788a38707b12f757d28526a492.jpg","https://media.birdweather.com/species/603/TropicalMockingbird-thumbnail-4f6417f6928c80a2cb70eb341f54fd79.jpg","https://media.birdweather.com/species/603/TropicalMockingbird-png200-9e94d27578943cfad1e7923fe23d2300.png","q+cJFwL4VohclXidhXh5aJh4qDAaGKYA",16601295128,"https://media.birdweather.com/soundscapes/19267/19267-20260907-173015.flac",6,9,"live"
10995262621,19267,"2026-09-07T11:30:19.500-06:00",0.735588669776917,0.106045931577682,6.3240246081254,"almost_certain","BirdNET",NA,10.2198,-83.7874,FALSE,603,"Tropical Mockingbird","Mimus gilvus","#006e2a","avian","https://media.birdweather.com/species/603/TropicalMockingbird-standard-33be42788a38707b12f757d28526a492.jpg","https://media.birdweather.com/species/603/TropicalMockingbird-thumbnail-4f6417f6928c80a2cb70eb341f54fd79.jpg","https://media.birdweather.com/species/603/TropicalMockingbird-png200-9e94d27578943cfad1e7923fe23d2300.png","q+cJFwL4VohclXidhXh5aJh4qDAaGKYA",16601295128,"https://media.birdweather.com/soundscapes/19267/19267-20260907-173015.flac",4.5,7.5,"live"
10995247488,19267,"2026-09-07T11:29:24.000-06:00",0.761500358581543,0.106045931577682,6.40318930575791,"almost_certain","BirdNET",NA,10.2198,-83.7874,FALSE,603,"Tropical Mockingbird","Mimus gilvus","#006e2a","avian","https://media.birdweather.com/species/603/TropicalMockingbird-standard-33be42788a38707b12f757d28526a492.jpg","https://media.birdweather.com/species/603/TropicalMockingbird-thumbnail-4f6417f6928c80a2cb70eb341f54fd79.jpg","https://media.birdweather.com/species/603/TropicalMockingbird-png200-9e94d27578943cfad1e7923fe23d2300.png","q+cJFwL4VohclXidhXh5aJh4qDAaGKYA",16601268183,"https://media.birdweather.com/soundscapes/19267/19267-20260907-172921.flac",3,6,"live"
10995240585,19267,"2026-09-07T11:29:02.000-06:00",0.785875380039215,0.106045931577682,6.47370230212361,"almost_certain","BirdNET",NA,10.2198,-83.7874,FALSE,603,"Tropical Mockingbird","Mimus gilvus","#006e2a","avian","https://media.birdweather.com/species/603/TropicalMockingbird-standard-33be42788a38707b12f757d28526a492.jpg","https://media.birdweather.com/species/603/TropicalMockingbird-thumbnail-4f6417f6928c80a2cb70eb341f54fd79.jpg","https://media.birdweather.com/species/603/TropicalMockingbird-png200-9e94d27578943cfad1e7923fe23d2300.png","q+cJFwL4VohclXidhXh5aJh4qDAaGKYA",16601255882,"https://media.birdweather.com/soundscapes/19267/19267-20260907-172856.flac",6,9,"live"
10995240582,19267,"2026-09-07T11:29:00.500-06:00",0.979074120521545,0.106045931577682,6.93234831495038,"almost_certain","BirdNET",NA,10.2198,-83.7874,FALSE,603,"Tropical Mockingbird","Mimus gilvus","#006e2a","avian","https://media.birdweather.com/species/603/TropicalMockingbird-standard-33be42788a38707b12f757d28526a492.jpg","https://media.birdweather.com/species/603/TropicalMockingbird-thumbnail-4f6417f6928c80a2cb70eb341f54fd79.jpg","https://media.birdweather.com/species/603/TropicalMockingbird-png200-9e94d27578943cfad1e7923fe23d2300.png","q+cJFwL4VohclXidhXh5aJh4qDAaGKYA",16601255882,"https://media.birdweather.com/soundscapes/19267/19267-20260907-172856.flac",4.5,7.5,"live"
10994531237,19267,"2026-09-07T10:45:59.500-06:00",0.876315772533417,0.199876353144646,7.51933568170086,"almost_certain","BirdNET",NA,10.2198,-83.7874,FALSE,501,"White-winged Dove","Zenaida asiatica","#d16ff8","avian","https://media.birdweather.com/species/501/White-wingedDove-standard-6528ef689b07d5a91f1c2275cdef19c9.jpg","https://media.birdweather.com/species/501/White-wingedDove-thumbnail-4a940adfd5a6c78c73c48c5095e7b896.jpg","https://media.birdweather.com/species/501/White-wingedDove-png200-d65decd3d571b5a9dbeca249ef97689f.png","IscJLwb6hoVelZWZdoh3eIeIdxBoB4IG",16599973281,"https://media.birdweather.com/soundscapes/19267/19267-20260907-164558.flac",1.5,4.5,"live"
10994531232,19267,"2026-09-07T10:45:58.000-06:00",0.783849775791168,0.199876353144646,7.27974837092392,"almost_certain","BirdNET",NA,10.2198,-83.7874,FALSE,501,"White-winged Dove","Zenaida asiatica","#d16ff8","avian","https://media.birdweather.com/species/501/White-wingedDove-standard-6528ef689b07d5a91f1c2275cdef19c9.jpg","https://media.birdweather.com/species/501/White-wingedDove-thumbnail-4a940adfd5a6c78c73c48c5095e7b896.jpg","https://media.birdweather.com/species/501/White-wingedDove-png200-d65decd3d571b5a9dbeca249ef97689f.png","IscJLwb6hoVelZWZdoh3eIeIdxBoB4IG",16599973281,"https://media.birdweather.com/soundscapes/19267/19267-20260907-164558.flac",0,3,"live"
10994275439,19267,"2026-09-07T10:30:36.000-06:00",0.728659987449646,0.106049686670303,6.30210188549052,"almost_certain","BirdNET",NA,10.2198,-83.7874,FALSE,603,"Tropical Mockingbird","Mimus gilvus","#006e2a","avian","https://media.birdweather.com/species/603/TropicalMockingbird-standard-33be42788a38707b12f757d28526a492.jpg","https://media.birdweather.com/species/603/TropicalMockingbird-thumbnail-4f6417f6928c80a2cb70eb341f54fd79.jpg","https://media.birdweather.com/species/603/TropicalMockingbird-png200-9e94d27578943cfad1e7923fe23d2300.png","q+cJFwL4VohclXidhXh5aJh4qDAaGKYA",16599515150,"https://media.birdweather.com/soundscapes/19267/19267-20260907-163036.flac",0,3,"live"
10994155153,19267,"2026-09-07T10:23:40.000-06:00",0.841139674186707,0.106048882007599,6.62132072868463,"almost_certain","BirdNET",NA,10.2198,-83.7874,FALSE,603,"Tropical Mockingbird","Mimus gilvus","#006e2a","avian","https://media.birdweather.com/species/603/TropicalMockingbird-standard-33be42788a38707b12f757d28526a492.jpg","https://media.birdweather.com/species/603/TropicalMockingbird-thumbnail-4f6417f6928c80a2cb70eb341f54fd79.jpg","https://media.birdweather.com/species/603/TropicalMockingbird-png200-9e94d27578943cfad1e7923fe23d2300.png","q+cJFwL4VohclXidhXh5aJh4qDAaGKYA",16599305905,"https://media.birdweather.com/soundscapes/19267/19267-20260907-162334.flac",6,9,"live"
10994155142,19267,"2026-09-07T10:23:35.500-06:00",0.845615923404694,0.106048882007599,6.63260660772225,"almost_certain","BirdNET",NA,10.2198,-83.7874,FALSE,603,"Tropical Mockingbird","Mimus gilvus","#006e2a","avian","https://media.birdweather.com/species/603/TropicalMockingbird-standard-33be42788a38707b12f757d28526a492.jpg","https://media.birdweather.com/species/603/TropicalMockingbird-thumbnail-4f6417f6928c80a2cb70eb341f54fd79.jpg","https://media.birdweather.com/species/603/TropicalMockingbird-png200-9e94d27578943cfad1e7923fe23d2300.png","q+cJFwL4VohclXidhXh5aJh4qDAaGKYA",16599305905,"https://media.birdweather.com/soundscapes/19267/19267-20260907-162334.flac",1.5,4.5,"live"
10994155138,19267,"2026-09-07T10:23:34.000-06:00",0.979099452495575,0.106048882007599,6.93243425141949,"almost_certain","BirdNET",NA,10.2198,-83.7874,FALSE,603,"Tropical Mockingbird","Mimus gilvus","#006e2a","avian","https://media.birdweather.com/species/603/TropicalMockingbird-standard-33be42788a38707b12f757d28526a492.jpg","https://media.birdweather.com/species/603/TropicalMockingbird-thumbnail-4f6417f6928c80a2cb70eb341f54fd79.jpg","https://media.birdweather.com/species/603/TropicalMockingbird-png200-9e94d27578943cfad1e7923fe23d2300.png","q+cJFwL4VohclXidhXh5aJh4qDAaGKYA",16599305905,"https://media.birdweather.com/soundscapes/19267/19267-20260907-162334.flac",0,3,"live"
10994124729,19267,"2026-09-07T10:21:52.500-06:00",0.866718530654907,0.106045752763748,6.6845577001246,"almost_certain","BirdNET",NA,10.2198,-83.7874,FALSE,603,"Tropical Mockingbird","Mimus gilvus","#006e2a","avian","https://media.birdweather.com/species/603/TropicalMockingbird-standard-33be42788a38707b12f757d28526a492.jpg","https://media.birdweather.com/species/603/TropicalMockingbird-thumbnail-4f6417f6928c80a2cb70eb341f54fd79.jpg","https://media.birdweather.com/species/603/TropicalMockingbird-png200-9e94d27578943cfad1e7923fe23d2300.png","q+cJFwL4VohclXidhXh5aJh4qDAaGKYA",16599252990,"https://media.birdweather.com/soundscapes/19267/19267-20260907-162148.flac",4.5,7.5,"live"
10994121143,19267,"2026-09-07T10:21:41.000-06:00",0.827234029769897,0.106045752763748,6.58561872139947,"almost_certain","BirdNET",NA,10.2198,-83.7874,FALSE,603,"Tropical Mockingbird","Mimus gilvus","#006e2a","avian","https://media.birdweather.com/species/603/TropicalMockingbird-standard-33be42788a38707b12f757d28526a492.jpg","https://media.birdweather.com/species/603/TropicalMockingbird-thumbnail-4f6417f6928c80a2cb70eb341f54fd79.jpg","https://media.birdweather.com/species/603/TropicalMockingbird-png200-9e94d27578943cfad1e7923fe23d2300.png","q+cJFwL4VohclXidhXh5aJh4qDAaGKYA",16599246777,"https://media.birdweather.com/soundscapes/19267/19267-20260907-162135.flac",6,9,"live"
10994121141,19267,"2026-09-07T10:21:39.500-06:00",0.948755204677582,0.106045752763748,6.8697716925474,"almost_certain","BirdNET",NA,10.2198,-83.7874,FALSE,603,"Tropical Mockingbird","Mimus gilvus","#006e2a","avian","https://media.birdweather.com/species/603/TropicalMockingbird-standard-33be42788a38707b12f757d28526a492.jpg","https://media.birdweather.com/species/603/TropicalMockingbird-thumbnail-4f6417f6928c80a2cb70eb341f54fd79.jpg","https://media.birdweather.com/species/603/TropicalMockingbird-png200-9e94d27578943cfad1e7923fe23d2300.png","q+cJFwL4VohclXidhXh5aJh4qDAaGKYA",16599246777,"https://media.birdweather.com/soundscapes/19267/19267-20260907-162135.flac",4.5,7.5,"live"
10994121134,19267,"2026-09-07T10:21:38.000-06:00",0.827775776386261,0.106045752763748,6.58702570913612,"almost_certain","BirdNET",NA,10.2198,-83.7874,FALSE,603,"Tropical Mockingbird","Mimus gilvus","#006e2a","avian","https://media.birdweather.com/species/603/TropicalMockingbird-standard-33be42788a38707b12f757d28526a492.jpg","https://media.birdweather.com/species/603/TropicalMockingbird-thumbnail-4f6417f6928c80a2cb70eb341f54fd79.jpg","https://media.birdweather.com/species/603/TropicalMockingbird-png200-9e94d27578943cfad1e7923fe23d2300.png","q+cJFwL4VohclXidhXh5aJh4qDAaGKYA",16599246777,"https://media.birdweather.com/soundscapes/19267/19267-20260907-162135.flac",3,6,"live"
10994121128,19267,"2026-09-07T10:21:36.500-06:00",0.934045016765594,0.106045752763748,6.8383500564601,"almost_certain","BirdNET",NA,10.2198,-83.7874,FALSE,603,"Tropical Mockingbird","Mimus gilvus","#006e2a","avian","https://media.birdweather.com/species/603/TropicalMockingbird-standard-33be42788a38707b12f757d28526a492.jpg","https://media.birdweather.com/species/603/TropicalMockingbird-thumbnail-4f6417f6928c80a2cb70eb341f54fd79.jpg","https://media.birdweather.com/species/603/TropicalMockingbird-png200-9e94d27578943cfad1e7923fe23d2300.png","q+cJFwL4VohclXidhXh5aJh4qDAaGKYA",16599246777,"https://media.birdweather.com/soundscapes/19267/19267-20260907-162135.flac",1.5,4.5,"live"
10994121125,19267,"2026-09-07T10:21:35.000-06:00",0.725002110004425,0.106045752763748,6.29031467942921,"almost_certain","BirdNET",NA,10.2198,-83.7874,FALSE,603,"Tropical Mockingbird","Mimus gilvus","#006e2a","avian","https://media.birdweather.com/species/603/TropicalMockingbird-standard-33be42788a38707b12f757d28526a492.jpg","https://media.birdweather.com/species/603/TropicalMockingbird-thumbnail-4f6417f6928c80a2cb70eb341f54fd79.jpg","https://media.birdweather.com/species/603/TropicalMockingbird-png200-9e94d27578943cfad1e7923fe23d2300.png","q+cJFwL4VohclXidhXh5aJh4qDAaGKYA",16599246777,"https://media.birdweather.com/soundscapes/19267/19267-20260907-162135.flac",0,3,"live"
10994117547,19267,"2026-09-07T10:21:23.500-06:00",0.779140889644623,0.106045752763748,6.45457843759229,"almost_certain","BirdNET",NA,10.2198,-83.7874,FALSE,603,"Tropical Mockingbird","Mimus gilvus","#006e2a","avian","https://media.birdweather.com/species/603/TropicalMockingbird-standard-33be42788a38707b12f757d28526a492.jpg","https://media.birdweather.com/species/603/TropicalMockingbird-thumbnail-4f6417f6928c80a2cb70eb341f54fd79.jpg","https://media.birdweather.com/species/603/TropicalMockingbird-png200-9e94d27578943cfad1e7923fe23d2300.png","q+cJFwL4VohclXidhXh5aJh4qDAaGKYA",16599240734,"https://media.birdweather.com/soundscapes/19267/19267-20260907-162122.flac",1.5,4.5,"live"
10994070742,19267,"2026-09-07T10:18:38.000-06:00",0.704638838768005,0.106045827269554,6.22304962693452,"almost_certain","BirdNET",NA,10.2198,-83.7874,FALSE,603,"Tropical Mockingbird","Mimus gilvus","#006e2a","avian","https://media.birdweather.com/species/603/TropicalMockingbird-standard-33be42788a38707b12f757d28526a492.jpg","https://media.birdweather.com/species/603/TropicalMockingbird-thumbnail-4f6417f6928c80a2cb70eb341f54fd79.jpg","https://media.birdweather.com/species/603/TropicalMockingbird-png200-9e94d27578943cfad1e7923fe23d2300.png","q+cJFwL4VohclXidhXh5aJh4qDAaGKYA",16599159408,"https://media.birdweather.com/soundscapes/19267/19267-20260907-161838.flac",0,3,"live"
10994051791,19267,"2026-09-07T10:17:31.000-06:00",0.791270554065704,0.199888005852699,7.30067655249072,"almost_certain","BirdNET",NA,10.2198,-83.7874,FALSE,501,"White-winged Dove","Zenaida asiatica","#d16ff8","avian","https://media.birdweather.com/species/501/White-wingedDove-standard-6528ef689b07d5a91f1c2275cdef19c9.jpg","https://media.birdweather.com/species/501/White-wingedDove-thumbnail-4a940adfd5a6c78c73c48c5095e7b896.jpg","https://media.birdweather.com/species/501/White-wingedDove-png200-d65decd3d571b5a9dbeca249ef97689f.png","IscJLwb6hoVelZWZdoh3eIeIdxBoB4IG",16599126329,"https://media.birdweather.com/soundscapes/19267/19267-20260907-161731.flac",0,3,"live"
10993323041,19267,"2026-09-07T09:34:31.000-06:00",0.942187607288361,0.106048300862312,6.85586206142837,"almost_certain","BirdNET",NA,10.2198,-83.7874,FALSE,603,"Tropical Mockingbird","Mimus gilvus","#006e2a","avian","https://media.birdweather.com/species/603/TropicalMockingbird-standard-33be42788a38707b12f757d28526a492.jpg","https://media.birdweather.com/species/603/TropicalMockingbird-thumbnail-4f6417f6928c80a2cb70eb341f54fd79.jpg","https://media.birdweather.com/species/603/TropicalMockingbird-png200-9e94d27578943cfad1e7923fe23d2300.png","q+cJFwL4VohclXidhXh5aJh4qDAaGKYA",16597845038,"https://media.birdweather.com/soundscapes/19267/19267-20260907-153425.flac",6,9,"live"
10993323038,19267,"2026-09-07T09:34:29.500-06:00",0.990971565246582,0.106048300862312,6.95617097978248,"almost_certain","BirdNET",NA,10.2198,-83.7874,FALSE,603,"Tropical Mockingbird","Mimus gilvus","#006e2a","avian","https://media.birdweather.com/species/603/TropicalMockingbird-standard-33be42788a38707b12f757d28526a492.jpg","https://media.birdweather.com/species/603/TropicalMockingbird-thumbnail-4f6417f6928c80a2cb70eb341f54fd79.jpg","https://media.birdweather.com/species/603/TropicalMockingbird-png200-9e94d27578943cfad1e7923fe23d2300.png","q+cJFwL4VohclXidhXh5aJh4qDAaGKYA",16597845038,"https://media.birdweather.com/soundscapes/19267/19267-20260907-153425.flac",4.5,7.5,"live"
10993323035,19267,"2026-09-07T09:34:28.000-06:00",0.995505213737488,0.106048300862312,6.96513055366611,"almost_certain","BirdNET",NA,10.2198,-83.7874,FALSE,603,"Tropical Mockingbird","Mimus gilvus","#006e2a","avian","https://media.birdweather.com/species/603/TropicalMockingbird-standard-33be42788a38707b12f757d28526a492.jpg","https://media.birdweather.com/species/603/TropicalMockingbird-thumbnail-4f6417f6928c80a2cb70eb341f54fd79.jpg","https://media.birdweather.com/species/603/TropicalMockingbird-png200-9e94d27578943cfad1e7923fe23d2300.png","q+cJFwL4VohclXidhXh5aJh4qDAaGKYA",16597845038,"https://media.birdweather.com/soundscapes/19267/19267-20260907-153425.flac",3,6,"live"
10993315998,19267,"2026-09-07T09:34:02.000-06:00",0.86936742067337,0.106048300862312,6.69097635816916,"almost_certain","BirdNET",NA,10.2198,-83.7874,FALSE,603,"Tropical Mockingbird","Mimus gilvus","#006e2a","avian","https://media.birdweather.com/species/603/TropicalMockingbird-standard-33be42788a38707b12f757d28526a492.jpg","https://media.birdweather.com/species/603/TropicalMockingbird-thumbnail-4f6417f6928c80a2cb70eb341f54fd79.jpg","https://media.birdweather.com/species/603/TropicalMockingbird-png200-9e94d27578943cfad1e7923fe23d2300.png","q+cJFwL4VohclXidhXh5aJh4qDAaGKYA",16597832629,"https://media.birdweather.com/soundscapes/19267/19267-20260907-153359.flac",3,6,"live"
10993315996,19267,"2026-09-07T09:34:00.500-06:00",0.941118061542511,0.106048300862312,6.85357846205424,"almost_certain","BirdNET",NA,10.2198,-83.7874,FALSE,603,"Tropical Mockingbird","Mimus gilvus","#006e2a","avian","https://media.birdweather.com/species/603/TropicalMockingbird-standard-33be42788a38707b12f757d28526a492.jpg","https://media.birdweather.com/species/603/TropicalMockingbird-thumbnail-4f6417f6928c80a2cb70eb341f54fd79.jpg","https://media.birdweather.com/species/603/TropicalMockingbird-png200-9e94d27578943cfad1e7923fe23d2300.png","q+cJFwL4VohclXidhXh5aJh4qDAaGKYA",16597832629,"https://media.birdweather.com/soundscapes/19267/19267-20260907-153359.flac",1.5,4.5,"live"
10993315993,19267,"2026-09-07T09:33:59.000-06:00",0.947320342063904,0.106048300862312,6.86676836686465,"almost_certain","BirdNET",NA,10.2198,-83.7874,FALSE,603,"Tropical Mockingbird","Mimus gilvus","#006e2a","avian","https://media.birdweather.com/species/603/TropicalMockingbird-standard-33be42788a38707b12f757d28526a492.jpg","https://media.birdweather.com/species/603/TropicalMockingbird-thumbnail-4f6417f6928c80a2cb70eb341f54fd79.jpg","https://media.birdweather.com/species/603/TropicalMockingbird-png200-9e94d27578943cfad1e7923fe23d2300.png","q+cJFwL4VohclXidhXh5aJh4qDAaGKYA",16597832629,"https://media.birdweather.com/soundscapes/19267/19267-20260907-153359.flac",0,3,"live"
10993304729,19267,"2026-09-07T09:33:23.500-06:00",0.713424324989319,0.106049388647079,6.25251868671678,"almost_certain","BirdNET",NA,10.2198,-83.7874,FALSE,603,"Tropical Mockingbird","Mimus gilvus","#006e2a","avian","https://media.birdweather.com/species/603/TropicalMockingbird-standard-33be42788a38707b12f757d28526a492.jpg","https://media.birdweather.com/species/603/TropicalMockingbird-thumbnail-4f6417f6928c80a2cb70eb341f54fd79.jpg","https://media.birdweather.com/species/603/TropicalMockingbird-png200-9e94d27578943cfad1e7923fe23d2300.png","q+cJFwL4VohclXidhXh5aJh4qDAaGKYA",16597812725,"https://media.birdweather.com/soundscapes/19267/19267-20260907-153319.flac",4.5,7.5,"live"
10993304727,19267,"2026-09-07T09:33:22.000-06:00",0.970792710781097,0.106049388647079,6.9155790636958,"almost_certain","BirdNET",NA,10.2198,-83.7874,FALSE,603,"Tropical Mockingbird","Mimus gilvus","#006e2a","avian","https://media.birdweather.com/species/603/TropicalMockingbird-standard-33be42788a38707b12f757d28526a492.jpg","https://media.birdweather.com/species/603/TropicalMockingbird-thumbnail-4f6417f6928c80a2cb70eb341f54fd79.jpg","https://media.birdweather.com/species/603/TropicalMockingbird-png200-9e94d27578943cfad1e7923fe23d2300.png","q+cJFwL4VohclXidhXh5aJh4qDAaGKYA",16597812725,"https://media.birdweather.com/soundscapes/19267/19267-20260907-153319.flac",3,6,"live"
10993282874,19267,"2026-09-07T09:32:04.500-06:00",0.85025030374527,0.106047742068768,6.64418058448716,"almost_certain","BirdNET",NA,10.2198,-83.7874,FALSE,603,"Tropical Mockingbird","Mimus gilvus","#006e2a","avian","https://media.birdweather.com/species/603/TropicalMockingbird-standard-33be42788a38707b12f757d28526a492.jpg","https://media.birdweather.com/species/603/TropicalMockingbird-thumbnail-4f6417f6928c80a2cb70eb341f54fd79.jpg","https://media.birdweather.com/species/603/TropicalMockingbird-png200-9e94d27578943cfad1e7923fe23d2300.png","q+cJFwL4VohclXidhXh5aJh4qDAaGKYA",16597773525,"https://media.birdweather.com/soundscapes/19267/19267-20260907-153200.flac",4.5,7.5,"live"
10993282870,19267,"2026-09-07T09:32:03.000-06:00",0.92010897397995,0.106047742068768,6.80792566236934,"almost_certain","BirdNET",NA,10.2198,-83.7874,FALSE,603,"Tropical Mockingbird","Mimus gilvus","#006e2a","avian","https://media.birdweather.com/species/603/TropicalMockingbird-standard-33be42788a38707b12f757d28526a492.jpg","https://media.birdweather.com/species/603/TropicalMockingbird-thumbnail-4f6417f6928c80a2cb70eb341f54fd79.jpg","https://media.birdweather.com/species/603/TropicalMockingbird-png200-9e94d27578943cfad1e7923fe23d2300.png","q+cJFwL4VohclXidhXh5aJh4qDAaGKYA",16597773525,"https://media.birdweather.com/soundscapes/19267/19267-20260907-153200.flac",3,6,"live"
10993282862,19267,"2026-09-07T09:32:00.000-06:00",0.715812981128693,0.106047742068768,6.26039196585003,"almost_certain","BirdNET",NA,10.2198,-83.7874,FALSE,603,"Tropical Mockingbird","Mimus gilvus","#006e2a","avian","https://media.birdweather.com/species/603/TropicalMockingbird-standard-33be42788a38707b12f757d28526a492.jpg","https://media.birdweather.com/species/603/TropicalMockingbird-thumbnail-4f6417f6928c80a2cb70eb341f54fd79.jpg","https://media.birdweather.com/species/603/TropicalMockingbird-png200-9e94d27578943cfad1e7923fe23d2300.png","q+cJFwL4VohclXidhXh5aJh4qDAaGKYA",16597773525,"https://media.birdweather.com/soundscapes/19267/19267-20260907-153200.flac",0,3,"live"
10993271339,19267,"2026-09-07T09:31:21.500-06:00",0.877211451530457,0.10604652017355,6.70970064923336,"almost_certain","BirdNET",NA,10.2198,-83.7874,FALSE,603,"Tropical Mockingbird","Mimus gilvus","#006e2a","avian","https://media.birdweather.com/species/603/TropicalMockingbird-standard-33be42788a38707b12f757d28526a492.jpg","https://media.birdweather.com/species/603/TropicalMockingbird-thumbnail-4f6417f6928c80a2cb70eb341f54fd79.jpg","https://media.birdweather.com/species/603/TropicalMockingbird-png200-9e94d27578943cfad1e7923fe23d2300.png","q+cJFwL4VohclXidhXh5aJh4qDAaGKYA",16597753315,"https://media.birdweather.com/soundscapes/19267/19267-20260907-153120.flac",1.5,4.5,"live"
10993271323,19267,"2026-09-07T09:31:20.000-06:00",0.874581158161163,0.10604652017355,6.70344343217919,"almost_certain","BirdNET",NA,10.2198,-83.7874,FALSE,603,"Tropical Mockingbird","Mimus gilvus","#006e2a","avian","https://media.birdweather.com/species/603/TropicalMockingbird-standard-33be42788a38707b12f757d28526a492.jpg","https://media.birdweather.com/species/603/TropicalMockingbird-thumbnail-4f6417f6928c80a2cb70eb341f54fd79.jpg","https://media.birdweather.com/species/603/TropicalMockingbird-png200-9e94d27578943cfad1e7923fe23d2300.png","q+cJFwL4VohclXidhXh5aJh4qDAaGKYA",16597753315,"https://media.birdweather.com/soundscapes/19267/19267-20260907-153120.flac",0,3,"live"
10993267006,19267,"2026-09-07T09:31:07.500-06:00",0.863790035247803,0.106047108769417,6.67747593367593,"almost_certain","BirdNET",NA,10.2198,-83.7874,FALSE,603,"Tropical Mockingbird","Mimus gilvus","#006e2a","avian","https://media.birdweather.com/species/603/TropicalMockingbird-standard-33be42788a38707b12f757d28526a492.jpg","https://media.birdweather.com/species/603/TropicalMockingbird-thumbnail-4f6417f6928c80a2cb70eb341f54fd79.jpg","https://media.birdweather.com/species/603/TropicalMockingbird-png200-9e94d27578943cfad1e7923fe23d2300.png","q+cJFwL4VohclXidhXh5aJh4qDAaGKYA",16597746280,"https://media.birdweather.com/soundscapes/19267/19267-20260907-153106.flac",1.5,4.5,"live"
10993263465,19267,"2026-09-07T09:30:56.000-06:00",0.960785210132599,0.106047250330448,6.8949609071182,"almost_certain","BirdNET",NA,10.2198,-83.7874,FALSE,603,"Tropical Mockingbird","Mimus gilvus","#006e2a","avian","https://media.birdweather.com/species/603/TropicalMockingbird-standard-33be42788a38707b12f757d28526a492.jpg","https://media.birdweather.com/species/603/TropicalMockingbird-thumbnail-4f6417f6928c80a2cb70eb341f54fd79.jpg","https://media.birdweather.com/species/603/TropicalMockingbird-png200-9e94d27578943cfad1e7923fe23d2300.png","q+cJFwL4VohclXidhXh5aJh4qDAaGKYA",16597740115,"https://media.birdweather.com/soundscapes/19267/19267-20260907-153053.flac",3,6,"live"
10993263457,19267,"2026-09-07T09:30:54.500-06:00",0.937936961650848,0.106047250330448,6.84675147306444,"almost_certain","BirdNET",NA,10.2198,-83.7874,FALSE,603,"Tropical Mockingbird","Mimus gilvus","#006e2a","avian","https://media.birdweather.com/species/603/TropicalMockingbird-standard-33be42788a38707b12f757d28526a492.jpg","https://media.birdweather.com/species/603/TropicalMockingbird-thumbnail-4f6417f6928c80a2cb70eb341f54fd79.jpg","https://media.birdweather.com/species/603/TropicalMockingbird-png200-9e94d27578943cfad1e7923fe23d2300.png","q+cJFwL4VohclXidhXh5aJh4qDAaGKYA",16597740115,"https://media.birdweather.com/soundscapes/19267/19267-20260907-153053.flac",1.5,4.5,"live"
10993259663,19267,"2026-09-07T09:30:41.000-06:00",0.888232290744781,0.106050565838814,6.73565957022167,"almost_certain","BirdNET",NA,10.2198,-83.7874,FALSE,603,"Tropical Mockingbird","Mimus gilvus","#006e2a","avian","https://media.birdweather.com/species/603/TropicalMockingbird-standard-33be42788a38707b12f757d28526a492.jpg","https://media.birdweather.com/species/603/TropicalMockingbird-thumbnail-4f6417f6928c80a2cb70eb341f54fd79.jpg","https://media.birdweather.com/species/603/TropicalMockingbird-png200-9e94d27578943cfad1e7923fe23d2300.png","q+cJFwL4VohclXidhXh5aJh4qDAaGKYA",16597733640,"https://media.birdweather.com/soundscapes/19267/19267-20260907-153041.flac",0,3,"live"
10993255900,19267,"2026-09-07T09:30:30.000-06:00",0.929879665374756,0.106050565838814,6.82937698435016,"almost_certain","BirdNET",NA,10.2198,-83.7874,FALSE,603,"Tropical Mockingbird","Mimus gilvus","#006e2a","avian","https://media.birdweather.com/species/603/TropicalMockingbird-standard-33be42788a38707b12f757d28526a492.jpg","https://media.birdweather.com/species/603/TropicalMockingbird-thumbnail-4f6417f6928c80a2cb70eb341f54fd79.jpg","https://media.birdweather.com/species/603/TropicalMockingbird-png200-9e94d27578943cfad1e7923fe23d2300.png","q+cJFwL4VohclXidhXh5aJh4qDAaGKYA",16597726898,"https://media.birdweather.com/soundscapes/19267/19267-20260907-153027.flac",3,6,"live"
10993252315,19267,"2026-09-07T09:30:21.000-06:00",0.864184439182281,0.106050565838814,6.67847480532027,"almost_certain","BirdNET",NA,10.2198,-83.7874,FALSE,603,"Tropical Mockingbird","Mimus gilvus","#006e2a","avian","https://media.birdweather.com/species/603/TropicalMockingbird-standard-33be42788a38707b12f757d28526a492.jpg","https://media.birdweather.com/species/603/TropicalMockingbird-thumbnail-4f6417f6928c80a2cb70eb341f54fd79.jpg","https://media.birdweather.com/species/603/TropicalMockingbird-png200-9e94d27578943cfad1e7923fe23d2300.png","q+cJFwL4VohclXidhXh5aJh4qDAaGKYA",16597720760,"https://media.birdweather.com/soundscapes/19267/19267-20260907-153015.flac",6,9,"live"
10993252305,19267,"2026-09-07T09:30:19.500-06:00",0.978806793689728,0.106050565838814,6.93186359896265,"almost_certain","BirdNET",NA,10.2198,-83.7874,FALSE,603,"Tropical Mockingbird","Mimus gilvus","#006e2a","avian","https://media.birdweather.com/species/603/TropicalMockingbird-standard-33be42788a38707b12f757d28526a492.jpg","https://media.birdweather.com/species/603/TropicalMockingbird-thumbnail-4f6417f6928c80a2cb70eb341f54fd79.jpg","https://media.birdweather.com/species/603/TropicalMockingbird-png200-9e94d27578943cfad1e7923fe23d2300.png","q+cJFwL4VohclXidhXh5aJh4qDAaGKYA",16597720760,"https://media.birdweather.com/soundscapes/19267/19267-20260907-153015.flac",4.5,7.5,"live"
10993252301,19267,"2026-09-07T09:30:16.500-06:00",0.904637932777405,0.106050565838814,6.77334539115436,"almost_certain","BirdNET",NA,10.2198,-83.7874,FALSE,603,"Tropical Mockingbird","Mimus gilvus","#006e2a","avian","https://media.birdweather.com/species/603/TropicalMockingbird-standard-33be42788a38707b12f757d28526a492.jpg","https://media.birdweather.com/species/603/TropicalMockingbird-thumbnail-4f6417f6928c80a2cb70eb341f54fd79.jpg","https://media.birdweather.com/species/603/TropicalMockingbird-png200-9e94d27578943cfad1e7923fe23d2300.png","q+cJFwL4VohclXidhXh5aJh4qDAaGKYA",16597720760,"https://media.birdweather.com/soundscapes/19267/19267-20260907-153015.flac",1.5,4.5,"live"
10993252297,19267,"2026-09-07T09:30:15.000-06:00",0.927421569824219,0.106050565838814,6.82402012141142,"almost_certain","BirdNET",NA,10.2198,-83.7874,FALSE,603,"Tropical Mockingbird","Mimus gilvus","#006e2a","avian","https://media.birdweather.com/species/603/TropicalMockingbird-standard-33be42788a38707b12f757d28526a492.jpg","https://media.birdweather.com/species/603/TropicalMockingbird-thumbnail-4f6417f6928c80a2cb70eb341f54fd79.jpg","https://media.birdweather.com/species/603/TropicalMockingbird-png200-9e94d27578943cfad1e7923fe23d2300.png","q+cJFwL4VohclXidhXh5aJh4qDAaGKYA",16597720760,"https://media.birdweather.com/soundscapes/19267/19267-20260907-153015.flac",0,3,"live"
10993248939,19267,"2026-09-07T09:30:06.500-06:00",0.847893178462982,0.106050565838814,6.63833260008905,"almost_certain","BirdNET",NA,10.2198,-83.7874,FALSE,603,"Tropical Mockingbird","Mimus gilvus","#006e2a","avian","https://media.birdweather.com/species/603/TropicalMockingbird-standard-33be42788a38707b12f757d28526a492.jpg","https://media.birdweather.com/species/603/TropicalMockingbird-thumbnail-4f6417f6928c80a2cb70eb341f54fd79.jpg","https://media.birdweather.com/species/603/TropicalMockingbird-png200-9e94d27578943cfad1e7923fe23d2300.png","q+cJFwL4VohclXidhXh5aJh4qDAaGKYA",16597714713,"https://media.birdweather.com/soundscapes/19267/19267-20260907-153002.flac",4.5,7.5,"live"
10993248936,19267,"2026-09-07T09:30:05.000-06:00",0.793735861778259,0.106050565838814,6.49574347040671,"almost_certain","BirdNET",NA,10.2198,-83.7874,FALSE,603,"Tropical Mockingbird","Mimus gilvus","#006e2a","avian","https://media.birdweather.com/species/603/TropicalMockingbird-standard-33be42788a38707b12f757d28526a492.jpg","https://media.birdweather.com/species/603/TropicalMockingbird-thumbnail-4f6417f6928c80a2cb70eb341f54fd79.jpg","https://media.birdweather.com/species/603/TropicalMockingbird-png200-9e94d27578943cfad1e7923fe23d2300.png","q+cJFwL4VohclXidhXh5aJh4qDAaGKYA",16597714713,"https://media.birdweather.com/soundscapes/19267/19267-20260907-153002.flac",3,6,"live"
10993244805,19267,"2026-09-07T09:29:48.000-06:00",0.92498791217804,0.106051668524742,6.81870881758623,"almost_certain","BirdNET",NA,10.2198,-83.7874,FALSE,603,"Tropical Mockingbird","Mimus gilvus","#006e2a","avian","https://media.birdweather.com/species/603/TropicalMockingbird-standard-33be42788a38707b12f757d28526a492.jpg","https://media.birdweather.com/species/603/TropicalMockingbird-thumbnail-4f6417f6928c80a2cb70eb341f54fd79.jpg","https://media.birdweather.com/species/603/TropicalMockingbird-png200-9e94d27578943cfad1e7923fe23d2300.png","q+cJFwL4VohclXidhXh5aJh4qDAaGKYA",16597707550,"https://media.birdweather.com/soundscapes/19267/19267-20260907-152948.flac",0,3,"live"
10993241164,19267,"2026-09-07T09:29:41.000-06:00",0.806303679943085,0.106051668524742,6.53019276094863,"almost_certain","BirdNET",NA,10.2198,-83.7874,FALSE,603,"Tropical Mockingbird","Mimus gilvus","#006e2a","avian","https://media.birdweather.com/species/603/TropicalMockingbird-standard-33be42788a38707b12f757d28526a492.jpg","https://media.birdweather.com/species/603/TropicalMockingbird-thumbnail-4f6417f6928c80a2cb70eb341f54fd79.jpg","https://media.birdweather.com/species/603/TropicalMockingbird-png200-9e94d27578943cfad1e7923fe23d2300.png","q+cJFwL4VohclXidhXh5aJh4qDAaGKYA",16597701218,"https://media.birdweather.com/soundscapes/19267/19267-20260907-152935.flac",6,9,"live"
10993229810,19267,"2026-09-07T09:29:01.000-06:00",0.955651998519897,0.106048054993153,6.88428621212069,"almost_certain","BirdNET",NA,10.2198,-83.7874,FALSE,603,"Tropical Mockingbird","Mimus gilvus","#006e2a","avian","https://media.birdweather.com/species/603/TropicalMockingbird-standard-33be42788a38707b12f757d28526a492.jpg","https://media.birdweather.com/species/603/TropicalMockingbird-thumbnail-4f6417f6928c80a2cb70eb341f54fd79.jpg","https://media.birdweather.com/species/603/TropicalMockingbird-png200-9e94d27578943cfad1e7923fe23d2300.png","q+cJFwL4VohclXidhXh5aJh4qDAaGKYA",16597681515,"https://media.birdweather.com/soundscapes/19267/19267-20260907-152855.flac",6,9,"live"
10993229807,19267,"2026-09-07T09:28:59.500-06:00",0.874040842056274,0.106048054993153,6.70217264515085,"almost_certain","BirdNET",NA,10.2198,-83.7874,FALSE,603,"Tropical Mockingbird","Mimus gilvus","#006e2a","avian","https://media.birdweather.com/species/603/TropicalMockingbird-standard-33be42788a38707b12f757d28526a492.jpg","https://media.birdweather.com/species/603/TropicalMockingbird-thumbnail-4f6417f6928c80a2cb70eb341f54fd79.jpg","https://media.birdweather.com/species/603/TropicalMockingbird-png200-9e94d27578943cfad1e7923fe23d2300.png","q+cJFwL4VohclXidhXh5aJh4qDAaGKYA",16597681515,"https://media.birdweather.com/soundscapes/19267/19267-20260907-152855.flac",4.5,7.5,"live"
10993218390,19267,"2026-09-07T09:28:22.000-06:00",0.868928849697113,0.106048054993153,6.68991776861059,"almost_certain","BirdNET",NA,10.2198,-83.7874,FALSE,603,"Tropical Mockingbird","Mimus gilvus","#006e2a","avian","https://media.birdweather.com/species/603/TropicalMockingbird-standard-33be42788a38707b12f757d28526a492.jpg","https://media.birdweather.com/species/603/TropicalMockingbird-thumbnail-4f6417f6928c80a2cb70eb341f54fd79.jpg","https://media.birdweather.com/species/603/TropicalMockingbird-png200-9e94d27578943cfad1e7923fe23d2300.png","q+cJFwL4VohclXidhXh5aJh4qDAaGKYA",16597661803,"https://media.birdweather.com/soundscapes/19267/19267-20260907-152816.flac",6,9,"live"
10993218384,19267,"2026-09-07T09:28:19.000-06:00",0.758841991424561,0.106048054993153,6.39529998607079,"almost_certain","BirdNET",NA,10.2198,-83.7874,FALSE,603,"Tropical Mockingbird","Mimus gilvus","#006e2a","avian","https://media.birdweather.com/species/603/TropicalMockingbird-standard-33be42788a38707b12f757d28526a492.jpg","https://media.birdweather.com/species/603/TropicalMockingbird-thumbnail-4f6417f6928c80a2cb70eb341f54fd79.jpg","https://media.birdweather.com/species/603/TropicalMockingbird-png200-9e94d27578943cfad1e7923fe23d2300.png","q+cJFwL4VohclXidhXh5aJh4qDAaGKYA",16597661803,"https://media.birdweather.com/soundscapes/19267/19267-20260907-152816.flac",3,6,"live"
10993210681,19267,"2026-09-07T09:27:55.000-06:00",0.968181729316711,0.106048054993153,6.9102203508777,"almost_certain","BirdNET",NA,10.2198,-83.7874,FALSE,603,"Tropical Mockingbird","Mimus gilvus","#006e2a","avian","https://media.birdweather.com/species/603/TropicalMockingbird-standard-33be42788a38707b12f757d28526a492.jpg","https://media.birdweather.com/species/603/TropicalMockingbird-thumbnail-4f6417f6928c80a2cb70eb341f54fd79.jpg","https://media.birdweather.com/species/603/TropicalMockingbird-png200-9e94d27578943cfad1e7923fe23d2300.png","q+cJFwL4VohclXidhXh5aJh4qDAaGKYA",16597648567,"https://media.birdweather.com/soundscapes/19267/19267-20260907-152749.flac",6,9,"live"
10993210675,19267,"2026-09-07T09:27:53.500-06:00",0.923321008682251,0.106048054993153,6.81500735437177,"almost_certain","BirdNET",NA,10.2198,-83.7874,FALSE,603,"Tropical Mockingbird","Mimus gilvus","#006e2a","avian","https://media.birdweather.com/species/603/TropicalMockingbird-standard-33be42788a38707b12f757d28526a492.jpg","https://media.birdweather.com/species/603/TropicalMockingbird-thumbnail-4f6417f6928c80a2cb70eb341f54fd79.jpg","https://media.birdweather.com/species/603/TropicalMockingbird-png200-9e94d27578943cfad1e7923fe23d2300.png","q+cJFwL4VohclXidhXh5aJh4qDAaGKYA",16597648567,"https://media.birdweather.com/soundscapes/19267/19267-20260907-152749.flac",4.5,7.5,"live"
10993206952,19267,"2026-09-07T09:27:36.000-06:00",0.811954081058502,0.106048054993153,6.54535475724308,"almost_certain","BirdNET",NA,10.2198,-83.7874,FALSE,603,"Tropical Mockingbird","Mimus gilvus","#006e2a","avian","https://media.birdweather.com/species/603/TropicalMockingbird-standard-33be42788a38707b12f757d28526a492.jpg","https://media.birdweather.com/species/603/TropicalMockingbird-thumbnail-4f6417f6928c80a2cb70eb341f54fd79.jpg","https://media.birdweather.com/species/603/TropicalMockingbird-png200-9e94d27578943cfad1e7923fe23d2300.png","q+cJFwL4VohclXidhXh5aJh4qDAaGKYA",16597642124,"https://media.birdweather.com/soundscapes/19267/19267-20260907-152736.flac",0,3,"live"
10993198975,19267,"2026-09-07T09:27:15.000-06:00",0.944079577922821,0.106047786772251,6.8598862617613,"almost_certain","BirdNET",NA,10.2198,-83.7874,FALSE,603,"Tropical Mockingbird","Mimus gilvus","#006e2a","avian","https://media.birdweather.com/species/603/TropicalMockingbird-standard-33be42788a38707b12f757d28526a492.jpg","https://media.birdweather.com/species/603/TropicalMockingbird-thumbnail-4f6417f6928c80a2cb70eb341f54fd79.jpg","https://media.birdweather.com/species/603/TropicalMockingbird-png200-9e94d27578943cfad1e7923fe23d2300.png","q+cJFwL4VohclXidhXh5aJh4qDAaGKYA",16597628827,"https://media.birdweather.com/soundscapes/19267/19267-20260907-152709.flac",6,9,"live"
10993198969,19267,"2026-09-07T09:27:10.500-06:00",0.822618186473846,0.106047786772251,6.57359580790136,"almost_certain","BirdNET",NA,10.2198,-83.7874,FALSE,603,"Tropical Mockingbird","Mimus gilvus","#006e2a","avian","https://media.birdweather.com/species/603/TropicalMockingbird-standard-33be42788a38707b12f757d28526a492.jpg","https://media.birdweather.com/species/603/TropicalMockingbird-thumbnail-4f6417f6928c80a2cb70eb341f54fd79.jpg","https://media.birdweather.com/species/603/TropicalMockingbird-png200-9e94d27578943cfad1e7923fe23d2300.png","q+cJFwL4VohclXidhXh5aJh4qDAaGKYA",16597628827,"https://media.birdweather.com/soundscapes/19267/19267-20260907-152709.flac",1.5,4.5,"live"
10993198967,19267,"2026-09-07T09:27:09.000-06:00",0.961403846740723,0.106047786772251,6.89624925374506,"almost_certain","BirdNET",NA,10.2198,-83.7874,FALSE,603,"Tropical Mockingbird","Mimus gilvus","#006e2a","avian","https://media.birdweather.com/species/603/TropicalMockingbird-standard-33be42788a38707b12f757d28526a492.jpg","https://media.birdweather.com/species/603/TropicalMockingbird-thumbnail-4f6417f6928c80a2cb70eb341f54fd79.jpg","https://media.birdweather.com/species/603/TropicalMockingbird-png200-9e94d27578943cfad1e7923fe23d2300.png","q+cJFwL4VohclXidhXh5aJh4qDAaGKYA",16597628827,"https://media.birdweather.com/soundscapes/19267/19267-20260907-152709.flac",0,3,"live"
10993191731,19267,"2026-09-07T09:26:50.000-06:00",0.915704011917114,0.106048174202442,6.79816419946367,"almost_certain","BirdNET",NA,10.2198,-83.7874,FALSE,603,"Tropical Mockingbird","Mimus gilvus","#006e2a","avian","https://media.birdweather.com/species/603/TropicalMockingbird-standard-33be42788a38707b12f757d28526a492.jpg","https://media.birdweather.com/species/603/TropicalMockingbird-thumbnail-4f6417f6928c80a2cb70eb341f54fd79.jpg","https://media.birdweather.com/species/603/TropicalMockingbird-png200-9e94d27578943cfad1e7923fe23d2300.png","q+cJFwL4VohclXidhXh5aJh4qDAaGKYA",16597616318,"https://media.birdweather.com/soundscapes/19267/19267-20260907-152644.flac",6,9,"live"
10993191725,19267,"2026-09-07T09:26:47.000-06:00",0.917092025279999,0.106048174202442,6.80124918522498,"almost_certain","BirdNET",NA,10.2198,-83.7874,FALSE,603,"Tropical Mockingbird","Mimus gilvus","#006e2a","avian","https://media.birdweather.com/species/603/TropicalMockingbird-standard-33be42788a38707b12f757d28526a492.jpg","https://media.birdweather.com/species/603/TropicalMockingbird-thumbnail-4f6417f6928c80a2cb70eb341f54fd79.jpg","https://media.birdweather.com/species/603/TropicalMockingbird-png200-9e94d27578943cfad1e7923fe23d2300.png","q+cJFwL4VohclXidhXh5aJh4qDAaGKYA",16597616318,"https://media.birdweather.com/soundscapes/19267/19267-20260907-152644.flac",3,6,"live"
10993191724,19267,"2026-09-07T09:26:45.500-06:00",0.934198439121246,0.106048174202442,6.83871010707636,"almost_certain","BirdNET",NA,10.2198,-83.7874,FALSE,603,"Tropical Mockingbird","Mimus gilvus","#006e2a","avian","https://media.birdweather.com/species/603/TropicalMockingbird-standard-33be42788a38707b12f757d28526a492.jpg","https://media.birdweather.com/species/603/TropicalMockingbird-thumbnail-4f6417f6928c80a2cb70eb341f54fd79.jpg","https://media.birdweather.com/species/603/TropicalMockingbird-png200-9e94d27578943cfad1e7923fe23d2300.png","q+cJFwL4VohclXidhXh5aJh4qDAaGKYA",16597616318,"https://media.birdweather.com/soundscapes/19267/19267-20260907-152644.flac",1.5,4.5,"live"
10993180511,19267,"2026-09-07T09:26:10.000-06:00",0.745761573314667,0.106047376990318,6.35566927286827,"almost_certain","BirdNET",NA,10.2198,-83.7874,FALSE,603,"Tropical Mockingbird","Mimus gilvus","#006e2a","avian","https://media.birdweather.com/species/603/TropicalMockingbird-standard-33be42788a38707b12f757d28526a492.jpg","https://media.birdweather.com/species/603/TropicalMockingbird-thumbnail-4f6417f6928c80a2cb70eb341f54fd79.jpg","https://media.birdweather.com/species/603/TropicalMockingbird-png200-9e94d27578943cfad1e7923fe23d2300.png","q+cJFwL4VohclXidhXh5aJh4qDAaGKYA",16597596561,"https://media.birdweather.com/soundscapes/19267/19267-20260907-152604.flac",6,9,"live"
10992992833,19267,"2026-09-07T09:15:13.000-06:00",0.779604494571686,0.579574525356293,8.68272411638031,"almost_certain","BirdNET",NA,10.2198,-83.7874,FALSE,121,"Social Flycatcher","Myiozetetes similis","#69b9ff","avian","https://media.birdweather.com/species/121/SocialFlycatcher-standard-6e107581e61c9f556b3a0af5200f486a.jpg","https://media.birdweather.com/species/121/SocialFlycatcher-thumbnail-87f640fcaf1441ecbbd56b57372185a8.jpg","https://media.birdweather.com/species/121/SocialFlycatcher-png200-2f6dd485cf927db0dd7fd9abc239fb19.png","2xkKJwIJh3ekeXh0e5Z4eYaIdyApd5AC",16597273648,"https://media.birdweather.com/soundscapes/19267/19267-20260907-151513.flac",0,3,"live"
10992916414,19267,"2026-09-07T09:10:49.500-06:00",0.778794407844543,0.19990186393261,7.26552552450185,"almost_certain","BirdNET",NA,10.2198,-83.7874,FALSE,501,"White-winged Dove","Zenaida asiatica","#d16ff8","avian","https://media.birdweather.com/species/501/White-wingedDove-standard-6528ef689b07d5a91f1c2275cdef19c9.jpg","https://media.birdweather.com/species/501/White-wingedDove-thumbnail-4a940adfd5a6c78c73c48c5095e7b896.jpg","https://media.birdweather.com/species/501/White-wingedDove-png200-d65decd3d571b5a9dbeca249ef97689f.png","IscJLwb6hoVelZWZdoh3eIeIdxBoB4IG",16597141578,"https://media.birdweather.com/soundscapes/19267/19267-20260907-151045.flac",4.5,7.5,"live"
10992842104,19267,"2026-09-07T09:06:30.500-06:00",0.747633457183838,0.19989401102066,7.17327796437032,"almost_certain","BirdNET",NA,10.2198,-83.7874,FALSE,501,"White-winged Dove","Zenaida asiatica","#d16ff8","avian","https://media.birdweather.com/species/501/White-wingedDove-standard-6528ef689b07d5a91f1c2275cdef19c9.jpg","https://media.birdweather.com/species/501/White-wingedDove-thumbnail-4a940adfd5a6c78c73c48c5095e7b896.jpg","https://media.birdweather.com/species/501/White-wingedDove-png200-d65decd3d571b5a9dbeca249ef97689f.png","IscJLwb6hoVelZWZdoh3eIeIdxBoB4IG",16597014419,"https://media.birdweather.com/soundscapes/19267/19267-20260907-150629.flac",1.5,4.5,"live"
10992826108,19267,"2026-09-07T09:05:37.000-06:00",0.710648000240326,0.106047578155994,6.24326613479285,"almost_certain","BirdNET",NA,10.2198,-83.7874,FALSE,603,"Tropical Mockingbird","Mimus gilvus","#006e2a","avian","https://media.birdweather.com/species/603/TropicalMockingbird-standard-33be42788a38707b12f757d28526a492.jpg","https://media.birdweather.com/species/603/TropicalMockingbird-thumbnail-4f6417f6928c80a2cb70eb341f54fd79.jpg","https://media.birdweather.com/species/603/TropicalMockingbird-png200-9e94d27578943cfad1e7923fe23d2300.png","q+cJFwL4VohclXidhXh5aJh4qDAaGKYA",16596987877,"https://media.birdweather.com/soundscapes/19267/19267-20260907-150534.flac",3,6,"live"
10992817271,19267,"2026-09-07T09:05:13.000-06:00",0.902845561504364,0.199908852577209,7.58120509914861,"almost_certain","BirdNET",NA,10.2198,-83.7874,FALSE,501,"White-winged Dove","Zenaida asiatica","#d16ff8","avian","https://media.birdweather.com/species/501/White-wingedDove-standard-6528ef689b07d5a91f1c2275cdef19c9.jpg","https://media.birdweather.com/species/501/White-wingedDove-thumbnail-4a940adfd5a6c78c73c48c5095e7b896.jpg","https://media.birdweather.com/species/501/White-wingedDove-png200-d65decd3d571b5a9dbeca249ef97689f.png","IscJLwb6hoVelZWZdoh3eIeIdxBoB4IG",16596973331,"https://media.birdweather.com/soundscapes/19267/19267-20260907-150507.flac",6,9,"live"
10992804459,19267,"2026-09-07T09:04:26.000-06:00",0.717789828777313,0.199906900525093,7.078837274962,"almost_certain","BirdNET",NA,10.2198,-83.7874,FALSE,501,"White-winged Dove","Zenaida asiatica","#d16ff8","avian","https://media.birdweather.com/species/501/White-wingedDove-standard-6528ef689b07d5a91f1c2275cdef19c9.jpg","https://media.birdweather.com/species/501/White-wingedDove-thumbnail-4a940adfd5a6c78c73c48c5095e7b896.jpg","https://media.birdweather.com/species/501/White-wingedDove-png200-d65decd3d571b5a9dbeca249ef97689f.png","IscJLwb6hoVelZWZdoh3eIeIdxBoB4IG",16596951787,"https://media.birdweather.com/soundscapes/19267/19267-20260907-150423.flac",3,6,"live"
10992804455,19267,"2026-09-07T09:04:24.500-06:00",0.9534792304039,0.199906900525093,7.69168245247447,"almost_certain","BirdNET",NA,10.2198,-83.7874,FALSE,501,"White-winged Dove","Zenaida asiatica","#d16ff8","avian","https://media.birdweather.com/species/501/White-wingedDove-standard-6528ef689b07d5a91f1c2275cdef19c9.jpg","https://media.birdweather.com/species/501/White-wingedDove-thumbnail-4a940adfd5a6c78c73c48c5095e7b896.jpg","https://media.birdweather.com/species/501/White-wingedDove-png200-d65decd3d571b5a9dbeca249ef97689f.png","IscJLwb6hoVelZWZdoh3eIeIdxBoB4IG",16596951787,"https://media.birdweather.com/soundscapes/19267/19267-20260907-150423.flac",1.5,4.5,"live"
10992796641,19267,"2026-09-07T09:04:03.000-06:00",0.844476163387299,0.199890375137329,7.44156796894545,"almost_certain","BirdNET",NA,10.2198,-83.7874,FALSE,501,"White-winged Dove","Zenaida asiatica","#d16ff8","avian","https://media.birdweather.com/species/501/White-wingedDove-standard-6528ef689b07d5a91f1c2275cdef19c9.jpg","https://media.birdweather.com/species/501/White-wingedDove-thumbnail-4a940adfd5a6c78c73c48c5095e7b896.jpg","https://media.birdweather.com/species/501/White-wingedDove-png200-d65decd3d571b5a9dbeca249ef97689f.png","IscJLwb6hoVelZWZdoh3eIeIdxBoB4IG",16596938975,"https://media.birdweather.com/soundscapes/19267/19267-20260907-150357.flac",6,9,"live"
10992796633,19267,"2026-09-07T09:04:01.500-06:00",0.843945741653442,0.199890375137329,7.44023268190365,"almost_certain","BirdNET",NA,10.2198,-83.7874,FALSE,501,"White-winged Dove","Zenaida asiatica","#d16ff8","avian","https://media.birdweather.com/species/501/White-wingedDove-standard-6528ef689b07d5a91f1c2275cdef19c9.jpg","https://media.birdweather.com/species/501/White-wingedDove-thumbnail-4a940adfd5a6c78c73c48c5095e7b896.jpg","https://media.birdweather.com/species/501/White-wingedDove-png200-d65decd3d571b5a9dbeca249ef97689f.png","IscJLwb6hoVelZWZdoh3eIeIdxBoB4IG",16596938975,"https://media.birdweather.com/soundscapes/19267/19267-20260907-150357.flac",4.5,7.5,"live"
10992788637,19267,"2026-09-07T09:03:36.000-06:00",0.764845669269562,0.199890732765198,7.22494767344348,"almost_certain","BirdNET",NA,10.2198,-83.7874,FALSE,501,"White-winged Dove","Zenaida asiatica","#d16ff8","avian","https://media.birdweather.com/species/501/White-wingedDove-standard-6528ef689b07d5a91f1c2275cdef19c9.jpg","https://media.birdweather.com/species/501/White-wingedDove-thumbnail-4a940adfd5a6c78c73c48c5095e7b896.jpg","https://media.birdweather.com/species/501/White-wingedDove-png200-d65decd3d571b5a9dbeca249ef97689f.png","IscJLwb6hoVelZWZdoh3eIeIdxBoB4IG",16596925545,"https://media.birdweather.com/soundscapes/19267/19267-20260907-150330.flac",6,9,"live"
10992788619,19267,"2026-09-07T09:03:30.000-06:00",0.725419104099274,0.106045998632908,6.29166110913837,"almost_certain","BirdNET",NA,10.2198,-83.7874,FALSE,603,"Tropical Mockingbird","Mimus gilvus","#006e2a","avian","https://media.birdweather.com/species/603/TropicalMockingbird-standard-33be42788a38707b12f757d28526a492.jpg","https://media.birdweather.com/species/603/TropicalMockingbird-thumbnail-4f6417f6928c80a2cb70eb341f54fd79.jpg","https://media.birdweather.com/species/603/TropicalMockingbird-png200-9e94d27578943cfad1e7923fe23d2300.png","q+cJFwL4VohclXidhXh5aJh4qDAaGKYA",16596925545,"https://media.birdweather.com/soundscapes/19267/19267-20260907-150330.flac",0,3,"live"
10992784499,19267,"2026-09-07T09:03:18.500-06:00",0.943512678146362,0.106045998632908,6.85865878733065,"almost_certain","BirdNET",NA,10.2198,-83.7874,FALSE,603,"Tropical Mockingbird","Mimus gilvus","#006e2a","avian","https://media.birdweather.com/species/603/TropicalMockingbird-standard-33be42788a38707b12f757d28526a492.jpg","https://media.birdweather.com/species/603/TropicalMockingbird-thumbnail-4f6417f6928c80a2cb70eb341f54fd79.jpg","https://media.birdweather.com/species/603/TropicalMockingbird-png200-9e94d27578943cfad1e7923fe23d2300.png","q+cJFwL4VohclXidhXh5aJh4qDAaGKYA",16596919049,"https://media.birdweather.com/soundscapes/19267/19267-20260907-150317.flac",1.5,4.5,"live"
10992784494,19267,"2026-09-07T09:03:17.000-06:00",0.975374758243561,0.106045998632908,6.92486541487126,"almost_certain","BirdNET",NA,10.2198,-83.7874,FALSE,603,"Tropical Mockingbird","Mimus gilvus","#006e2a","avian","https://media.birdweather.com/species/603/TropicalMockingbird-standard-33be42788a38707b12f757d28526a492.jpg","https://media.birdweather.com/species/603/TropicalMockingbird-thumbnail-4f6417f6928c80a2cb70eb341f54fd79.jpg","https://media.birdweather.com/species/603/TropicalMockingbird-png200-9e94d27578943cfad1e7923fe23d2300.png","q+cJFwL4VohclXidhXh5aJh4qDAaGKYA",16596919049,"https://media.birdweather.com/soundscapes/19267/19267-20260907-150317.flac",0,3,"live"
10992776344,19267,"2026-09-07T09:02:54.500-06:00",0.987967729568481,0.199890732765198,7.76203764512772,"almost_certain","BirdNET",NA,10.2198,-83.7874,FALSE,501,"White-winged Dove","Zenaida asiatica","#d16ff8","avian","https://media.birdweather.com/species/501/White-wingedDove-standard-6528ef689b07d5a91f1c2275cdef19c9.jpg","https://media.birdweather.com/species/501/White-wingedDove-thumbnail-4a940adfd5a6c78c73c48c5095e7b896.jpg","https://media.birdweather.com/species/501/White-wingedDove-png200-d65decd3d571b5a9dbeca249ef97689f.png","IscJLwb6hoVelZWZdoh3eIeIdxBoB4IG",16596905608,"https://media.birdweather.com/soundscapes/19267/19267-20260907-150250.flac",4.5,7.5,"live"
10992776334,19267,"2026-09-07T09:02:53.000-06:00",0.861609697341919,0.199890732765198,7.48401695237664,"almost_certain","BirdNET",NA,10.2198,-83.7874,FALSE,501,"White-winged Dove","Zenaida asiatica","#d16ff8","avian","https://media.birdweather.com/species/501/White-wingedDove-standard-6528ef689b07d5a91f1c2275cdef19c9.jpg","https://media.birdweather.com/species/501/White-wingedDove-thumbnail-4a940adfd5a6c78c73c48c5095e7b896.jpg","https://media.birdweather.com/species/501/White-wingedDove-png200-d65decd3d571b5a9dbeca249ef97689f.png","IscJLwb6hoVelZWZdoh3eIeIdxBoB4IG",16596905608,"https://media.birdweather.com/soundscapes/19267/19267-20260907-150250.flac",3,6,"live"
10992772396,19267,"2026-09-07T09:02:40.000-06:00",0.719656467437744,0.10604789853096,6.27299897380584,"almost_certain","BirdNET",NA,10.2198,-83.7874,FALSE,603,"Tropical Mockingbird","Mimus gilvus","#006e2a","avian","https://media.birdweather.com/species/603/TropicalMockingbird-standard-33be42788a38707b12f757d28526a492.jpg","https://media.birdweather.com/species/603/TropicalMockingbird-thumbnail-4f6417f6928c80a2cb70eb341f54fd79.jpg","https://media.birdweather.com/species/603/TropicalMockingbird-png200-9e94d27578943cfad1e7923fe23d2300.png","q+cJFwL4VohclXidhXh5aJh4qDAaGKYA",16596899258,"https://media.birdweather.com/soundscapes/19267/19267-20260907-150237.flac",3,6,"live"
10992768205,19267,"2026-09-07T09:02:23.500-06:00",0.862038254737854,0.106047786772251,6.67322051463128,"almost_certain","BirdNET",NA,10.2198,-83.7874,FALSE,603,"Tropical Mockingbird","Mimus gilvus","#006e2a","avian","https://media.birdweather.com/species/603/TropicalMockingbird-standard-33be42788a38707b12f757d28526a492.jpg","https://media.birdweather.com/species/603/TropicalMockingbird-thumbnail-4f6417f6928c80a2cb70eb341f54fd79.jpg","https://media.birdweather.com/species/603/TropicalMockingbird-png200-9e94d27578943cfad1e7923fe23d2300.png","q+cJFwL4VohclXidhXh5aJh4qDAaGKYA",16596892250,"https://media.birdweather.com/soundscapes/19267/19267-20260907-150222.flac",1.5,4.5,"live"
10992764113,19267,"2026-09-07T09:02:10.000-06:00",0.952700614929199,0.199878096580505,7.68986112708848,"almost_certain","BirdNET",NA,10.2198,-83.7874,FALSE,501,"White-winged Dove","Zenaida asiatica","#d16ff8","avian","https://media.birdweather.com/species/501/White-wingedDove-standard-6528ef689b07d5a91f1c2275cdef19c9.jpg","https://media.birdweather.com/species/501/White-wingedDove-thumbnail-4a940adfd5a6c78c73c48c5095e7b896.jpg","https://media.birdweather.com/species/501/White-wingedDove-png200-d65decd3d571b5a9dbeca249ef97689f.png","IscJLwb6hoVelZWZdoh3eIeIdxBoB4IG",16596885592,"https://media.birdweather.com/soundscapes/19267/19267-20260907-150210.flac",0,3,"live"
10992760487,19267,"2026-09-07T09:02:00.000-06:00",0.839188694953918,0.19990399479866,7.42828762186128,"almost_certain","BirdNET",NA,10.2198,-83.7874,FALSE,501,"White-winged Dove","Zenaida asiatica","#d16ff8","avian","https://media.birdweather.com/species/501/White-wingedDove-standard-6528ef689b07d5a91f1c2275cdef19c9.jpg","https://media.birdweather.com/species/501/White-wingedDove-thumbnail-4a940adfd5a6c78c73c48c5095e7b896.jpg","https://media.birdweather.com/species/501/White-wingedDove-png200-d65decd3d571b5a9dbeca249ef97689f.png","IscJLwb6hoVelZWZdoh3eIeIdxBoB4IG",16596879467,"https://media.birdweather.com/soundscapes/19267/19267-20260907-150157.flac",3,6,"live"
10992760483,19267,"2026-09-07T09:01:58.500-06:00",0.838595628738403,0.19990399479866,7.42677989758027,"almost_certain","BirdNET",NA,10.2198,-83.7874,FALSE,501,"White-winged Dove","Zenaida asiatica","#d16ff8","avian","https://media.birdweather.com/species/501/White-wingedDove-standard-6528ef689b07d5a91f1c2275cdef19c9.jpg","https://media.birdweather.com/species/501/White-wingedDove-thumbnail-4a940adfd5a6c78c73c48c5095e7b896.jpg","https://media.birdweather.com/species/501/White-wingedDove-png200-d65decd3d571b5a9dbeca249ef97689f.png","IscJLwb6hoVelZWZdoh3eIeIdxBoB4IG",16596879467,"https://media.birdweather.com/soundscapes/19267/19267-20260907-150157.flac",1.5,4.5,"live"
10992756174,19267,"2026-09-07T09:01:46.500-06:00",0.82921177148819,0.199919313192368,7.40280022174608,"almost_certain","BirdNET",NA,10.2198,-83.7874,FALSE,501,"White-winged Dove","Zenaida asiatica","#d16ff8","avian","https://media.birdweather.com/species/501/White-wingedDove-standard-6528ef689b07d5a91f1c2275cdef19c9.jpg","https://media.birdweather.com/species/501/White-wingedDove-thumbnail-4a940adfd5a6c78c73c48c5095e7b896.jpg","https://media.birdweather.com/species/501/White-wingedDove-png200-d65decd3d571b5a9dbeca249ef97689f.png","IscJLwb6hoVelZWZdoh3eIeIdxBoB4IG",16596872347,"https://media.birdweather.com/soundscapes/19267/19267-20260907-150142.flac",4.5,7.5,"live"
10992756173,19267,"2026-09-07T09:01:45.000-06:00",0.905193269252777,0.199919313192368,7.5865983043777,"almost_certain","BirdNET",NA,10.2198,-83.7874,FALSE,501,"White-winged Dove","Zenaida asiatica","#d16ff8","avian","https://media.birdweather.com/species/501/White-wingedDove-standard-6528ef689b07d5a91f1c2275cdef19c9.jpg","https://media.birdweather.com/species/501/White-wingedDove-thumbnail-4a940adfd5a6c78c73c48c5095e7b896.jpg","https://media.birdweather.com/species/501/White-wingedDove-png200-d65decd3d571b5a9dbeca249ef97689f.png","IscJLwb6hoVelZWZdoh3eIeIdxBoB4IG",16596872347,"https://media.birdweather.com/soundscapes/19267/19267-20260907-150142.flac",3,6,"live"
10992717633,19267,"2026-09-07T08:59:35.000-06:00",0.716893434524536,0.106045417487621,6.26391973011086,"almost_certain","BirdNET",NA,10.2198,-83.7874,FALSE,603,"Tropical Mockingbird","Mimus gilvus","#006e2a","avian","https://media.birdweather.com/species/603/TropicalMockingbird-standard-33be42788a38707b12f757d28526a492.jpg","https://media.birdweather.com/species/603/TropicalMockingbird-thumbnail-4f6417f6928c80a2cb70eb341f54fd79.jpg","https://media.birdweather.com/species/603/TropicalMockingbird-png200-9e94d27578943cfad1e7923fe23d2300.png","q+cJFwL4VohclXidhXh5aJh4qDAaGKYA",16596807360,"https://media.birdweather.com/soundscapes/19267/19267-20260907-145932.flac",3,6,"live"
10992584351,19267,"2026-09-07T08:52:11.000-06:00",0.791170597076416,0.0866268053650856,6.23766426326703,"almost_certain","BirdNET",NA,10.2198,-83.7874,FALSE,17047,"Cinnamon-bellied Saltator","Saltator grandis","#6a35aa","avian","https://media.birdweather.com/species/17047/Cinnamon-belliedSaltator-standard-0876af3c691c96f8b8ee4f8dfdd870b4.jpeg","https://media.birdweather.com/species/17047/Cinnamon-belliedSaltator-thumbnail-3679ab493b8742672fc60e91862977e4.jpeg","https://media.birdweather.com/species/17047/Cinnamon-belliedSaltator-png200-58b4d4fbf255464431cd041a234f1383.png","FAgGBwCAaXmLZojmR6mHmXWEdlUJSJUA",16596586537,"https://media.birdweather.com/soundscapes/19267/19267-20260907-145205.flac",6,9,"live"
10992584330,19267,"2026-09-07T08:52:09.500-06:00",0.75699108839035,0.0866268053650856,6.13884941673614,"almost_certain","BirdNET",NA,10.2198,-83.7874,FALSE,17047,"Cinnamon-bellied Saltator","Saltator grandis","#6a35aa","avian","https://media.birdweather.com/species/17047/Cinnamon-belliedSaltator-standard-0876af3c691c96f8b8ee4f8dfdd870b4.jpeg","https://media.birdweather.com/species/17047/Cinnamon-belliedSaltator-thumbnail-3679ab493b8742672fc60e91862977e4.jpeg","https://media.birdweather.com/species/17047/Cinnamon-belliedSaltator-png200-58b4d4fbf255464431cd041a234f1383.png","FAgGBwCAaXmLZojmR6mHmXWEdlUJSJUA",16596586537,"https://media.birdweather.com/soundscapes/19267/19267-20260907-145205.flac",4.5,7.5,"live"
10992584321,19267,"2026-09-07T08:52:08.000-06:00",0.92024302482605,0.0866268053650856,6.55731247296515,"almost_certain","BirdNET",NA,10.2198,-83.7874,FALSE,17047,"Cinnamon-bellied Saltator","Saltator grandis","#6a35aa","avian","https://media.birdweather.com/species/17047/Cinnamon-belliedSaltator-standard-0876af3c691c96f8b8ee4f8dfdd870b4.jpeg","https://media.birdweather.com/species/17047/Cinnamon-belliedSaltator-thumbnail-3679ab493b8742672fc60e91862977e4.jpeg","https://media.birdweather.com/species/17047/Cinnamon-belliedSaltator-png200-58b4d4fbf255464431cd041a234f1383.png","FAgGBwCAaXmLZojmR6mHmXWEdlUJSJUA",16596586537,"https://media.birdweather.com/soundscapes/19267/19267-20260907-145205.flac",3,6,"live"
10992584303,19267,"2026-09-07T08:52:06.500-06:00",0.71688312292099,0.0866268053650856,6.01300397219475,"almost_certain","BirdNET",NA,10.2198,-83.7874,FALSE,17047,"Cinnamon-bellied Saltator","Saltator grandis","#6a35aa","avian","https://media.birdweather.com/species/17047/Cinnamon-belliedSaltator-standard-0876af3c691c96f8b8ee4f8dfdd870b4.jpeg","https://media.birdweather.com/species/17047/Cinnamon-belliedSaltator-thumbnail-3679ab493b8742672fc60e91862977e4.jpeg","https://media.birdweather.com/species/17047/Cinnamon-belliedSaltator-png200-58b4d4fbf255464431cd041a234f1383.png","FAgGBwCAaXmLZojmR6mHmXWEdlUJSJUA",16596586537,"https://media.birdweather.com/soundscapes/19267/19267-20260907-145205.flac",1.5,4.5,"live"
10992580347,19267,"2026-09-07T08:51:53.000-06:00",0.869694232940674,0.0866255089640617,6.440828209305,"almost_certain","BirdNET",NA,10.2198,-83.7874,FALSE,17047,"Cinnamon-bellied Saltator","Saltator grandis","#6a35aa","avian","https://media.birdweather.com/species/17047/Cinnamon-belliedSaltator-standard-0876af3c691c96f8b8ee4f8dfdd870b4.jpeg","https://media.birdweather.com/species/17047/Cinnamon-belliedSaltator-thumbnail-3679ab493b8742672fc60e91862977e4.jpeg","https://media.birdweather.com/species/17047/Cinnamon-belliedSaltator-png200-58b4d4fbf255464431cd041a234f1383.png","FAgGBwCAaXmLZojmR6mHmXWEdlUJSJUA",16596580047,"https://media.birdweather.com/soundscapes/19267/19267-20260907-145150.flac",3,6,"live"
10992580345,19267,"2026-09-07T08:51:51.500-06:00",0.965562403202057,0.0866255089640617,6.65390789716855,"almost_certain","BirdNET",NA,10.2198,-83.7874,FALSE,17047,"Cinnamon-bellied Saltator","Saltator grandis","#6a35aa","avian","https://media.birdweather.com/species/17047/Cinnamon-belliedSaltator-standard-0876af3c691c96f8b8ee4f8dfdd870b4.jpeg","https://media.birdweather.com/species/17047/Cinnamon-belliedSaltator-thumbnail-3679ab493b8742672fc60e91862977e4.jpeg","https://media.birdweather.com/species/17047/Cinnamon-belliedSaltator-png200-58b4d4fbf255464431cd041a234f1383.png","FAgGBwCAaXmLZojmR6mHmXWEdlUJSJUA",16596580047,"https://media.birdweather.com/soundscapes/19267/19267-20260907-145150.flac",1.5,4.5,"live"
10992382855,19267,"2026-09-07T08:40:54.000-06:00",0.751730680465698,0.199902772903442,7.18581782702975,"almost_certain","BirdNET",NA,10.2198,-83.7874,FALSE,501,"White-winged Dove","Zenaida asiatica","#d16ff8","avian","https://media.birdweather.com/species/501/White-wingedDove-standard-6528ef689b07d5a91f1c2275cdef19c9.jpg","https://media.birdweather.com/species/501/White-wingedDove-thumbnail-4a940adfd5a6c78c73c48c5095e7b896.jpg","https://media.birdweather.com/species/501/White-wingedDove-png200-d65decd3d571b5a9dbeca249ef97689f.png","IscJLwb6hoVelZWZdoh3eIeIdxBoB4IG",16596253443,"https://media.birdweather.com/soundscapes/19267/19267-20260907-144054.flac",0,3,"live"
10992354816,19267,"2026-09-07T08:39:26.000-06:00",0.836455345153809,0.199883326888084,7.42119001277294,"almost_certain","BirdNET",NA,10.2198,-83.7874,FALSE,501,"White-winged Dove","Zenaida asiatica","#d16ff8","avian","https://media.birdweather.com/species/501/White-wingedDove-standard-6528ef689b07d5a91f1c2275cdef19c9.jpg","https://media.birdweather.com/species/501/White-wingedDove-thumbnail-4a940adfd5a6c78c73c48c5095e7b896.jpg","https://media.birdweather.com/species/501/White-wingedDove-png200-d65decd3d571b5a9dbeca249ef97689f.png","IscJLwb6hoVelZWZdoh3eIeIdxBoB4IG",16596207441,"https://media.birdweather.com/soundscapes/19267/19267-20260907-143920.flac",6,9,"live"
10992314157,19267,"2026-09-07T08:37:10.000-06:00",0.724530577659607,0.106045566499233,6.28879164578511,"almost_certain","BirdNET",NA,10.2198,-83.7874,FALSE,603,"Tropical Mockingbird","Mimus gilvus","#006e2a","avian","https://media.birdweather.com/species/603/TropicalMockingbird-standard-33be42788a38707b12f757d28526a492.jpg","https://media.birdweather.com/species/603/TropicalMockingbird-thumbnail-4f6417f6928c80a2cb70eb341f54fd79.jpg","https://media.birdweather.com/species/603/TropicalMockingbird-png200-9e94d27578943cfad1e7923fe23d2300.png","q+cJFwL4VohclXidhXh5aJh4qDAaGKYA",16596141687,"https://media.birdweather.com/soundscapes/19267/19267-20260907-143707.flac",3,6,"live"
10992314153,19267,"2026-09-07T08:37:07.000-06:00",0.808279931545258,0.199898019433022,7.34737306761087,"almost_certain","BirdNET",NA,10.2198,-83.7874,FALSE,501,"White-winged Dove","Zenaida asiatica","#d16ff8","avian","https://media.birdweather.com/species/501/White-wingedDove-standard-6528ef689b07d5a91f1c2275cdef19c9.jpg","https://media.birdweather.com/species/501/White-wingedDove-thumbnail-4a940adfd5a6c78c73c48c5095e7b896.jpg","https://media.birdweather.com/species/501/White-wingedDove-png200-d65decd3d571b5a9dbeca249ef97689f.png","IscJLwb6hoVelZWZdoh3eIeIdxBoB4IG",16596141687,"https://media.birdweather.com/soundscapes/19267/19267-20260907-143707.flac",0,3,"live"
10991814042,19267,"2026-09-07T08:10:01.000-06:00",0.904163241386414,0.19988551735878,7.58404402285013,"almost_certain","BirdNET",NA,10.2198,-83.7874,FALSE,501,"White-winged Dove","Zenaida asiatica","#d16ff8","avian","https://media.birdweather.com/species/501/White-wingedDove-standard-6528ef689b07d5a91f1c2275cdef19c9.jpg","https://media.birdweather.com/species/501/White-wingedDove-thumbnail-4a940adfd5a6c78c73c48c5095e7b896.jpg","https://media.birdweather.com/species/501/White-wingedDove-png200-d65decd3d571b5a9dbeca249ef97689f.png","IscJLwb6hoVelZWZdoh3eIeIdxBoB4IG",16595333844,"https://media.birdweather.com/soundscapes/19267/19267-20260907-140955.flac",6,9,"live"
10991743079,19267,"2026-09-07T08:06:10.500-06:00",0.817643463611603,0.199904814362526,7.37242590269464,"almost_certain","BirdNET",NA,10.2198,-83.7874,FALSE,501,"White-winged Dove","Zenaida asiatica","#d16ff8","avian","https://media.birdweather.com/species/501/White-wingedDove-standard-6528ef689b07d5a91f1c2275cdef19c9.jpg","https://media.birdweather.com/species/501/White-wingedDove-thumbnail-4a940adfd5a6c78c73c48c5095e7b896.jpg","https://media.birdweather.com/species/501/White-wingedDove-png200-d65decd3d571b5a9dbeca249ef97689f.png","IscJLwb6hoVelZWZdoh3eIeIdxBoB4IG",16595222524,"https://media.birdweather.com/soundscapes/19267/19267-20260907-140609.flac",1.5,4.5,"live"
10991730945,19267,"2026-09-07T08:05:31.000-06:00",0.740476489067078,0.15927866101265,6.85656943904859,"almost_certain","BirdNET",NA,10.2198,-83.7874,FALSE,2254,"Gray-capped Flycatcher","Myiozetetes granadensis","#4cdf64","avian","https://media.birdweather.com/species/2254/Gray-cappedFlycatcher-standard-2b1d2e6068e69e7cc4d888a3eda49237.jpg","https://media.birdweather.com/species/2254/Gray-cappedFlycatcher-thumbnail-301755d86be051f565dc1667dbf85fc6.jpg","https://media.birdweather.com/species/2254/Gray-cappedFlycatcher-png200-19a3941ee81d65d9e3993f47b8a497eb.png","oPkFFwL/hmqplmp0mbfZqHmHmZBzB6UA",16595203048,"https://media.birdweather.com/soundscapes/19267/19267-20260907-140531.flac",0,3,"live"
10991714700,19267,"2026-09-07T08:04:42.000-06:00",0.944710433483124,0.558727622032166,9.03870487716044,"almost_certain","BirdNET",NA,10.2198,-83.7874,FALSE,802,"Rufous-tailed Hummingbird","Amazilia tzacatl","#d9c845","avian","https://media.birdweather.com/species/802/Rufous-tailedHummingbird-standard-4d0209b50ad0c35c6d8337f5c0c16b55.jpg","https://media.birdweather.com/species/802/Rufous-tailedHummingbird-thumbnail-fbf17400c31564f70aa45927c5d75f5e.jpg","https://media.birdweather.com/species/802/Rufous-tailedHummingbird-png200-8ea431c9893cfe027e92471791a8c256.png","mPkJFwIHqJeJl4lriIaGhYh3+H+oVGAH",16595176669,"https://media.birdweather.com/soundscapes/19267/19267-20260907-140436.flac",6,9,"live"
10991709975,19267,"2026-09-07T08:04:28.000-06:00",0.804238677024841,0.19989863038063,7.33644086494723,"almost_certain","BirdNET",NA,10.2198,-83.7874,FALSE,501,"White-winged Dove","Zenaida asiatica","#d16ff8","avian","https://media.birdweather.com/species/501/White-wingedDove-standard-6528ef689b07d5a91f1c2275cdef19c9.jpg","https://media.birdweather.com/species/501/White-wingedDove-thumbnail-4a940adfd5a6c78c73c48c5095e7b896.jpg","https://media.birdweather.com/species/501/White-wingedDove-png200-d65decd3d571b5a9dbeca249ef97689f.png","IscJLwb6hoVelZWZdoh3eIeIdxBoB4IG",16595169219,"https://media.birdweather.com/soundscapes/19267/19267-20260907-140422.flac",6,9,"live"
10991709972,19267,"2026-09-07T08:04:26.500-06:00",0.955051064491272,0.19989863038063,7.69491982179512,"almost_certain","BirdNET",NA,10.2198,-83.7874,FALSE,501,"White-winged Dove","Zenaida asiatica","#d16ff8","avian","https://media.birdweather.com/species/501/White-wingedDove-standard-6528ef689b07d5a91f1c2275cdef19c9.jpg","https://media.birdweather.com/species/501/White-wingedDove-thumbnail-4a940adfd5a6c78c73c48c5095e7b896.jpg","https://media.birdweather.com/species/501/White-wingedDove-png200-d65decd3d571b5a9dbeca249ef97689f.png","IscJLwb6hoVelZWZdoh3eIeIdxBoB4IG",16595169219,"https://media.birdweather.com/soundscapes/19267/19267-20260907-140422.flac",4.5,7.5,"live"
10991709967,19267,"2026-09-07T08:04:25.000-06:00",0.978574633598328,0.19989863038063,7.74325517198098,"almost_certain","BirdNET",NA,10.2198,-83.7874,FALSE,501,"White-winged Dove","Zenaida asiatica","#d16ff8","avian","https://media.birdweather.com/species/501/White-wingedDove-standard-6528ef689b07d5a91f1c2275cdef19c9.jpg","https://media.birdweather.com/species/501/White-wingedDove-thumbnail-4a940adfd5a6c78c73c48c5095e7b896.jpg","https://media.birdweather.com/species/501/White-wingedDove-png200-d65decd3d571b5a9dbeca249ef97689f.png","IscJLwb6hoVelZWZdoh3eIeIdxBoB4IG",16595169219,"https://media.birdweather.com/soundscapes/19267/19267-20260907-140422.flac",3,6,"live"
10991657375,19267,"2026-09-07T08:01:36.000-06:00",0.775527477264404,0.772588312625885,9.0590199806918,"almost_certain","BirdNET",NA,10.2198,-83.7874,FALSE,229,"Great Kiskadee","Pitangus sulphuratus","#7d4410","avian","https://media.birdweather.com/species/229/GreatKiskadee-standard-cd28a1b8e8b8e5aed433e809c229004e.jpg","https://media.birdweather.com/species/229/GreatKiskadee-thumbnail-b2749ed2442fb322cf3c4cb72f9c97f6.jpg","https://media.birdweather.com/species/229/GreatKiskadee-png200-003973af4f863deb00a4ce9b6f10e59c.png","0PgFDwIrhYqfZJh1mVe3SZZ3uKEJBncG",16595084221,"https://media.birdweather.com/soundscapes/19267/19267-20260907-140130.flac",6,9,"live"
10991657363,19267,"2026-09-07T08:01:30.000-06:00",0.99193000793457,0.199899926781654,7.76996539210544,"almost_certain","BirdNET",NA,10.2198,-83.7874,FALSE,501,"White-winged Dove","Zenaida asiatica","#d16ff8","avian","https://media.birdweather.com/species/501/White-wingedDove-standard-6528ef689b07d5a91f1c2275cdef19c9.jpg","https://media.birdweather.com/species/501/White-wingedDove-thumbnail-4a940adfd5a6c78c73c48c5095e7b896.jpg","https://media.birdweather.com/species/501/White-wingedDove-png200-d65decd3d571b5a9dbeca249ef97689f.png","IscJLwb6hoVelZWZdoh3eIeIdxBoB4IG",16595084221,"https://media.birdweather.com/soundscapes/19267/19267-20260907-140130.flac",0,3,"live"
10991648990,19267,"2026-09-07T08:01:06.000-06:00",0.904958307743073,0.199899926781654,7.58593978170761,"almost_certain","BirdNET",NA,10.2198,-83.7874,FALSE,501,"White-winged Dove","Zenaida asiatica","#d16ff8","avian","https://media.birdweather.com/species/501/White-wingedDove-standard-6528ef689b07d5a91f1c2275cdef19c9.jpg","https://media.birdweather.com/species/501/White-wingedDove-thumbnail-4a940adfd5a6c78c73c48c5095e7b896.jpg","https://media.birdweather.com/species/501/White-wingedDove-png200-d65decd3d571b5a9dbeca249ef97689f.png","IscJLwb6hoVelZWZdoh3eIeIdxBoB4IG",16595070780,"https://media.birdweather.com/soundscapes/19267/19267-20260907-140103.flac",3,6,"live"
10991641174,19267,"2026-09-07T08:00:41.500-06:00",0.770053565502167,0.199889317154884,7.24020187867824,"almost_certain","BirdNET",NA,10.2198,-83.7874,FALSE,501,"White-winged Dove","Zenaida asiatica","#d16ff8","avian","https://media.birdweather.com/species/501/White-wingedDove-standard-6528ef689b07d5a91f1c2275cdef19c9.jpg","https://media.birdweather.com/species/501/White-wingedDove-thumbnail-4a940adfd5a6c78c73c48c5095e7b896.jpg","https://media.birdweather.com/species/501/White-wingedDove-png200-d65decd3d571b5a9dbeca249ef97689f.png","IscJLwb6hoVelZWZdoh3eIeIdxBoB4IG",16595058135,"https://media.birdweather.com/soundscapes/19267/19267-20260907-140037.flac",4.5,7.5,"live"
10991641165,19267,"2026-09-07T08:00:40.000-06:00",0.985040724277496,0.199889317154884,7.75618721264324,"almost_certain","BirdNET",NA,10.2198,-83.7874,FALSE,501,"White-winged Dove","Zenaida asiatica","#d16ff8","avian","https://media.birdweather.com/species/501/White-wingedDove-standard-6528ef689b07d5a91f1c2275cdef19c9.jpg","https://media.birdweather.com/species/501/White-wingedDove-thumbnail-4a940adfd5a6c78c73c48c5095e7b896.jpg","https://media.birdweather.com/species/501/White-wingedDove-png200-d65decd3d571b5a9dbeca249ef97689f.png","IscJLwb6hoVelZWZdoh3eIeIdxBoB4IG",16595058135,"https://media.birdweather.com/soundscapes/19267/19267-20260907-140037.flac",3,6,"live"
10991528911,19267,"2026-09-07T07:54:39.500-06:00",0.911427676677704,0.912467002868652,9.62868905173278,"almost_certain","BirdNET",NA,10.2198,-83.7874,FALSE,254,"Great-tailed Grackle","Quiscalus mexicanus","#4cdf64","avian","https://media.birdweather.com/species/254/Great-tailedGrackle-standard-84167b7e46a2aae7f30286e714478461.jpg","https://media.birdweather.com/species/254/Great-tailedGrackle-thumbnail-388529862f53a8a975b80daf9e76e3ac.jpg","https://media.birdweather.com/species/254/Great-tailedGrackle-png200-ca2dc12559d8d2db107eefc8eff73513.png","GAgKDwKYmnVgeIeVhniHRXiahgv2mWAN",16594879540,"https://media.birdweather.com/soundscapes/19267/19267-20260907-135435.flac",4.5,7.5,"live"
10991429180,19267,"2026-09-07T07:49:25.000-06:00",0.903812646865845,0.199887350201607,7.58326074787126,"almost_certain","BirdNET",NA,10.2198,-83.7874,FALSE,501,"White-winged Dove","Zenaida asiatica","#d16ff8","avian","https://media.birdweather.com/species/501/White-wingedDove-standard-6528ef689b07d5a91f1c2275cdef19c9.jpg","https://media.birdweather.com/species/501/White-wingedDove-thumbnail-4a940adfd5a6c78c73c48c5095e7b896.jpg","https://media.birdweather.com/species/501/White-wingedDove-png200-d65decd3d571b5a9dbeca249ef97689f.png","IscJLwb6hoVelZWZdoh3eIeIdxBoB4IG",16594724390,"https://media.birdweather.com/soundscapes/19267/19267-20260907-134925.flac",0,3,"live"
10991399285,19267,"2026-09-07T07:47:50.000-06:00",0.792408525943756,0.830114424228668,9.20398703639225,"almost_certain","BirdNET",NA,10.2198,-83.7874,FALSE,451,"Blue-gray Tanager","Thraupis episcopus","#844800","avian","https://media.birdweather.com/species/451/Blue-grayTanager-standard-04bc83ed9930251b50b0a08bf40fec04.jpg","https://media.birdweather.com/species/451/Blue-grayTanager-thumbnail-dc3af9565dbd849047cf157316f7ef59.jpg","https://media.birdweather.com/species/451/Blue-grayTanager-png200-be5418cb49793536e5c09e1af73aefe1.png","GvkFHwZvZYaoamVVjYZ1i1Z2Zoz1l3EP",16594678040,"https://media.birdweather.com/soundscapes/19267/19267-20260907-134750.flac",0,3,"live"
10991381532,19267,"2026-09-07T07:46:56.500-06:00",0.902648031711578,0.199899420142174,7.58069456465811,"almost_certain","BirdNET",NA,10.2198,-83.7874,FALSE,501,"White-winged Dove","Zenaida asiatica","#d16ff8","avian","https://media.birdweather.com/species/501/White-wingedDove-standard-6528ef689b07d5a91f1c2275cdef19c9.jpg","https://media.birdweather.com/species/501/White-wingedDove-thumbnail-4a940adfd5a6c78c73c48c5095e7b896.jpg","https://media.birdweather.com/species/501/White-wingedDove-png200-d65decd3d571b5a9dbeca249ef97689f.png","IscJLwb6hoVelZWZdoh3eIeIdxBoB4IG",16594650866,"https://media.birdweather.com/soundscapes/19267/19267-20260907-134655.flac",1.5,4.5,"live"
10991373289,19267,"2026-09-07T07:46:34.000-06:00",0.954563200473785,0.19988477230072,7.69380864920277,"almost_certain","BirdNET",NA,10.2198,-83.7874,FALSE,501,"White-winged Dove","Zenaida asiatica","#d16ff8","avian","https://media.birdweather.com/species/501/White-wingedDove-standard-6528ef689b07d5a91f1c2275cdef19c9.jpg","https://media.birdweather.com/species/501/White-wingedDove-thumbnail-4a940adfd5a6c78c73c48c5095e7b896.jpg","https://media.birdweather.com/species/501/White-wingedDove-png200-d65decd3d571b5a9dbeca249ef97689f.png","IscJLwb6hoVelZWZdoh3eIeIdxBoB4IG",16594637873,"https://media.birdweather.com/soundscapes/19267/19267-20260907-134628.flac",6,9,"live"
10991346946,19267,"2026-09-07T07:45:10.500-06:00",0.754655361175537,0.106046453118324,6.38272335154901,"almost_certain","BirdNET",NA,10.2198,-83.7874,FALSE,603,"Tropical Mockingbird","Mimus gilvus","#006e2a","avian","https://media.birdweather.com/species/603/TropicalMockingbird-standard-33be42788a38707b12f757d28526a492.jpg","https://media.birdweather.com/species/603/TropicalMockingbird-thumbnail-4f6417f6928c80a2cb70eb341f54fd79.jpg","https://media.birdweather.com/species/603/TropicalMockingbird-png200-9e94d27578943cfad1e7923fe23d2300.png","q+cJFwL4VohclXidhXh5aJh4qDAaGKYA",16594597373,"https://media.birdweather.com/soundscapes/19267/19267-20260907-134509.flac",1.5,4.5,"live"
10991342352,19267,"2026-09-07T07:44:54.000-06:00",0.88704913854599,0.19990710914135,7.54481676878356,"almost_certain","BirdNET",NA,10.2198,-83.7874,FALSE,501,"White-winged Dove","Zenaida asiatica","#d16ff8","avian","https://media.birdweather.com/species/501/White-wingedDove-standard-6528ef689b07d5a91f1c2275cdef19c9.jpg","https://media.birdweather.com/species/501/White-wingedDove-thumbnail-4a940adfd5a6c78c73c48c5095e7b896.jpg","https://media.birdweather.com/species/501/White-wingedDove-png200-d65decd3d571b5a9dbeca249ef97689f.png","IscJLwb6hoVelZWZdoh3eIeIdxBoB4IG",16594590293,"https://media.birdweather.com/soundscapes/19267/19267-20260907-134454.flac",0,3,"live"
10991195537,19267,"2026-09-07T07:37:23.000-06:00",0.831024587154388,0.199882507324219,7.40724491132044,"almost_certain","BirdNET",NA,10.2198,-83.7874,FALSE,501,"White-winged Dove","Zenaida asiatica","#d16ff8","avian","https://media.birdweather.com/species/501/White-wingedDove-standard-6528ef689b07d5a91f1c2275cdef19c9.jpg","https://media.birdweather.com/species/501/White-wingedDove-thumbnail-4a940adfd5a6c78c73c48c5095e7b896.jpg","https://media.birdweather.com/species/501/White-wingedDove-png200-d65decd3d571b5a9dbeca249ef97689f.png","IscJLwb6hoVelZWZdoh3eIeIdxBoB4IG",16594363272,"https://media.birdweather.com/soundscapes/19267/19267-20260907-133717.flac",6,9,"live"
10991195529,19267,"2026-09-07T07:37:20.000-06:00",0.70019656419754,0.199882507324219,7.01973700445514,"almost_certain","BirdNET",NA,10.2198,-83.7874,FALSE,501,"White-winged Dove","Zenaida asiatica","#d16ff8","avian","https://media.birdweather.com/species/501/White-wingedDove-standard-6528ef689b07d5a91f1c2275cdef19c9.jpg","https://media.birdweather.com/species/501/White-wingedDove-thumbnail-4a940adfd5a6c78c73c48c5095e7b896.jpg","https://media.birdweather.com/species/501/White-wingedDove-png200-d65decd3d571b5a9dbeca249ef97689f.png","IscJLwb6hoVelZWZdoh3eIeIdxBoB4IG",16594363272,"https://media.birdweather.com/soundscapes/19267/19267-20260907-133717.flac",3,6,"live"
10991195527,19267,"2026-09-07T07:37:18.500-06:00",0.750471174716949,0.199882507324219,7.1818604110816,"almost_certain","BirdNET",NA,10.2198,-83.7874,FALSE,501,"White-winged Dove","Zenaida asiatica","#d16ff8","avian","https://media.birdweather.com/species/501/White-wingedDove-standard-6528ef689b07d5a91f1c2275cdef19c9.jpg","https://media.birdweather.com/species/501/White-wingedDove-thumbnail-4a940adfd5a6c78c73c48c5095e7b896.jpg","https://media.birdweather.com/species/501/White-wingedDove-png200-d65decd3d571b5a9dbeca249ef97689f.png","IscJLwb6hoVelZWZdoh3eIeIdxBoB4IG",16594363272,"https://media.birdweather.com/soundscapes/19267/19267-20260907-133717.flac",1.5,4.5,"live"
10991186535,19267,"2026-09-07T07:36:53.500-06:00",0.873319268226624,0.19988951086998,7.51227978820183,"almost_certain","BirdNET",NA,10.2198,-83.7874,FALSE,501,"White-winged Dove","Zenaida asiatica","#d16ff8","avian","https://media.birdweather.com/species/501/White-wingedDove-standard-6528ef689b07d5a91f1c2275cdef19c9.jpg","https://media.birdweather.com/species/501/White-wingedDove-thumbnail-4a940adfd5a6c78c73c48c5095e7b896.jpg","https://media.birdweather.com/species/501/White-wingedDove-png200-d65decd3d571b5a9dbeca249ef97689f.png","IscJLwb6hoVelZWZdoh3eIeIdxBoB4IG",16594349648,"https://media.birdweather.com/soundscapes/19267/19267-20260907-133649.flac",4.5,7.5,"live"
10991186532,19267,"2026-09-07T07:36:52.000-06:00",0.929735898971558,0.19988951086998,7.64086493972728,"almost_certain","BirdNET",NA,10.2198,-83.7874,FALSE,501,"White-winged Dove","Zenaida asiatica","#d16ff8","avian","https://media.birdweather.com/species/501/White-wingedDove-standard-6528ef689b07d5a91f1c2275cdef19c9.jpg","https://media.birdweather.com/species/501/White-wingedDove-thumbnail-4a940adfd5a6c78c73c48c5095e7b896.jpg","https://media.birdweather.com/species/501/White-wingedDove-png200-d65decd3d571b5a9dbeca249ef97689f.png","IscJLwb6hoVelZWZdoh3eIeIdxBoB4IG",16594349648,"https://media.birdweather.com/soundscapes/19267/19267-20260907-133649.flac",3,6,"live"
10991186522,19267,"2026-09-07T07:36:49.000-06:00",0.879997491836548,0.19988951086998,7.52814579989883,"almost_certain","BirdNET",NA,10.2198,-83.7874,FALSE,501,"White-winged Dove","Zenaida asiatica","#d16ff8","avian","https://media.birdweather.com/species/501/White-wingedDove-standard-6528ef689b07d5a91f1c2275cdef19c9.jpg","https://media.birdweather.com/species/501/White-wingedDove-thumbnail-4a940adfd5a6c78c73c48c5095e7b896.jpg","https://media.birdweather.com/species/501/White-wingedDove-png200-d65decd3d571b5a9dbeca249ef97689f.png","IscJLwb6hoVelZWZdoh3eIeIdxBoB4IG",16594349648,"https://media.birdweather.com/soundscapes/19267/19267-20260907-133649.flac",0,3,"live"
10991160626,19267,"2026-09-07T07:35:35.000-06:00",0.953206181526184,0.199895903468132,7.69103811749569,"almost_certain","BirdNET",NA,10.2198,-83.7874,FALSE,501,"White-winged Dove","Zenaida asiatica","#d16ff8","avian","https://media.birdweather.com/species/501/White-wingedDove-standard-6528ef689b07d5a91f1c2275cdef19c9.jpg","https://media.birdweather.com/species/501/White-wingedDove-thumbnail-4a940adfd5a6c78c73c48c5095e7b896.jpg","https://media.birdweather.com/species/501/White-wingedDove-png200-d65decd3d571b5a9dbeca249ef97689f.png","IscJLwb6hoVelZWZdoh3eIeIdxBoB4IG",16594309938,"https://media.birdweather.com/soundscapes/19267/19267-20260907-133529.flac",6,9,"live"
10991160622,19267,"2026-09-07T07:35:33.500-06:00",0.928612887859344,0.199895903468132,7.63846135641576,"almost_certain","BirdNET",NA,10.2198,-83.7874,FALSE,501,"White-winged Dove","Zenaida asiatica","#d16ff8","avian","https://media.birdweather.com/species/501/White-wingedDove-standard-6528ef689b07d5a91f1c2275cdef19c9.jpg","https://media.birdweather.com/species/501/White-wingedDove-thumbnail-4a940adfd5a6c78c73c48c5095e7b896.jpg","https://media.birdweather.com/species/501/White-wingedDove-png200-d65decd3d571b5a9dbeca249ef97689f.png","IscJLwb6hoVelZWZdoh3eIeIdxBoB4IG",16594309938,"https://media.birdweather.com/soundscapes/19267/19267-20260907-133529.flac",4.5,7.5,"live"
10991160618,19267,"2026-09-07T07:35:32.000-06:00",0.85704892873764,0.199895903468132,7.47287966671122,"almost_certain","BirdNET",NA,10.2198,-83.7874,FALSE,501,"White-winged Dove","Zenaida asiatica","#d16ff8","avian","https://media.birdweather.com/species/501/White-wingedDove-standard-6528ef689b07d5a91f1c2275cdef19c9.jpg","https://media.birdweather.com/species/501/White-wingedDove-thumbnail-4a940adfd5a6c78c73c48c5095e7b896.jpg","https://media.birdweather.com/species/501/White-wingedDove-png200-d65decd3d571b5a9dbeca249ef97689f.png","IscJLwb6hoVelZWZdoh3eIeIdxBoB4IG",16594309938,"https://media.birdweather.com/soundscapes/19267/19267-20260907-133529.flac",3,6,"live"
10991156551,19267,"2026-09-07T07:35:22.000-06:00",0.977327823638916,0.199904203414917,7.740771999262,"almost_certain","BirdNET",NA,10.2198,-83.7874,FALSE,501,"White-winged Dove","Zenaida asiatica","#d16ff8","avian","https://media.birdweather.com/species/501/White-wingedDove-standard-6528ef689b07d5a91f1c2275cdef19c9.jpg","https://media.birdweather.com/species/501/White-wingedDove-thumbnail-4a940adfd5a6c78c73c48c5095e7b896.jpg","https://media.birdweather.com/species/501/White-wingedDove-png200-d65decd3d571b5a9dbeca249ef97689f.png","IscJLwb6hoVelZWZdoh3eIeIdxBoB4IG",16594303705,"https://media.birdweather.com/soundscapes/19267/19267-20260907-133516.flac",6,9,"live"
10991156536,19267,"2026-09-07T07:35:19.000-06:00",0.718543291091919,0.199904203414917,7.08128817040912,"almost_certain","BirdNET",NA,10.2198,-83.7874,FALSE,501,"White-winged Dove","Zenaida asiatica","#d16ff8","avian","https://media.birdweather.com/species/501/White-wingedDove-standard-6528ef689b07d5a91f1c2275cdef19c9.jpg","https://media.birdweather.com/species/501/White-wingedDove-thumbnail-4a940adfd5a6c78c73c48c5095e7b896.jpg","https://media.birdweather.com/species/501/White-wingedDove-png200-d65decd3d571b5a9dbeca249ef97689f.png","IscJLwb6hoVelZWZdoh3eIeIdxBoB4IG",16594303705,"https://media.birdweather.com/soundscapes/19267/19267-20260907-133516.flac",3,6,"live"
10991156532,19267,"2026-09-07T07:35:17.500-06:00",0.899131655693054,0.199904203414917,7.57270859300553,"almost_certain","BirdNET",NA,10.2198,-83.7874,FALSE,501,"White-winged Dove","Zenaida asiatica","#d16ff8","avian","https://media.birdweather.com/species/501/White-wingedDove-standard-6528ef689b07d5a91f1c2275cdef19c9.jpg","https://media.birdweather.com/species/501/White-wingedDove-thumbnail-4a940adfd5a6c78c73c48c5095e7b896.jpg","https://media.birdweather.com/species/501/White-wingedDove-png200-d65decd3d571b5a9dbeca249ef97689f.png","IscJLwb6hoVelZWZdoh3eIeIdxBoB4IG",16594303705,"https://media.birdweather.com/soundscapes/19267/19267-20260907-133516.flac",1.5,4.5,"live"
10991135136,19267,"2026-09-07T07:34:11.000-06:00",0.842187762260437,0.19989138841629,7.43580441947183,"almost_certain","BirdNET",NA,10.2198,-83.7874,FALSE,501,"White-winged Dove","Zenaida asiatica","#d16ff8","avian","https://media.birdweather.com/species/501/White-wingedDove-standard-6528ef689b07d5a91f1c2275cdef19c9.jpg","https://media.birdweather.com/species/501/White-wingedDove-thumbnail-4a940adfd5a6c78c73c48c5095e7b896.jpg","https://media.birdweather.com/species/501/White-wingedDove-png200-d65decd3d571b5a9dbeca249ef97689f.png","IscJLwb6hoVelZWZdoh3eIeIdxBoB4IG",16594269993,"https://media.birdweather.com/soundscapes/19267/19267-20260907-133408.flac",3,6,"live"
10991135134,19267,"2026-09-07T07:34:08.000-06:00",0.954144656658173,0.19989138841629,7.69297554259678,"almost_certain","BirdNET",NA,10.2198,-83.7874,FALSE,501,"White-winged Dove","Zenaida asiatica","#d16ff8","avian","https://media.birdweather.com/species/501/White-wingedDove-standard-6528ef689b07d5a91f1c2275cdef19c9.jpg","https://media.birdweather.com/species/501/White-wingedDove-thumbnail-4a940adfd5a6c78c73c48c5095e7b896.jpg","https://media.birdweather.com/species/501/White-wingedDove-png200-d65decd3d571b5a9dbeca249ef97689f.png","IscJLwb6hoVelZWZdoh3eIeIdxBoB4IG",16594269993,"https://media.birdweather.com/soundscapes/19267/19267-20260907-133408.flac",0,3,"live"
10990961968,19267,"2026-09-07T07:24:51.500-06:00",0.879932343959808,0.0353854447603226,5.42998788095996,"almost_certain","BirdNET",NA,10.2198,-83.7874,FALSE,610,"Yellow-billed Cuckoo","Coccyzus americanus","#e2342d","avian","https://media.birdweather.com/species/610/Yellow-billedCuckoo-standard-882f68a7a9fd2d56463209cebd11666a.jpg","https://media.birdweather.com/species/610/Yellow-billedCuckoo-thumbnail-6d2045e19aef63a798a493d7cfb637a8.jpg","https://media.birdweather.com/species/610/Yellow-billedCuckoo-png200-347ece3a30ca733e8fe66061ab0863f5.png","H+gJJwJ/dXZoyJmZpJhZd5h4CXhqqOwA",16593993198,"https://media.birdweather.com/soundscapes/19267/19267-20260907-132450.flac",1.5,4.5,"live"
10990961963,19267,"2026-09-07T07:24:50.000-06:00",0.71453994512558,0.0353854447603226,4.97002119157947,"almost_certain","BirdNET",NA,10.2198,-83.7874,FALSE,610,"Yellow-billed Cuckoo","Coccyzus americanus","#e2342d","avian","https://media.birdweather.com/species/610/Yellow-billedCuckoo-standard-882f68a7a9fd2d56463209cebd11666a.jpg","https://media.birdweather.com/species/610/Yellow-billedCuckoo-thumbnail-6d2045e19aef63a798a493d7cfb637a8.jpg","https://media.birdweather.com/species/610/Yellow-billedCuckoo-png200-347ece3a30ca733e8fe66061ab0863f5.png","H+gJJwJ/dXZoyJmZpJhZd5h4CXhqqOwA",16593993198,"https://media.birdweather.com/soundscapes/19267/19267-20260907-132450.flac",0,3,"live"
10990667586,19267,"2026-09-07T07:08:18.500-06:00",0.80149507522583,0.199886843562126,7.32888930079109,"almost_certain","BirdNET",NA,10.2198,-83.7874,FALSE,501,"White-winged Dove","Zenaida asiatica","#d16ff8","avian","https://media.birdweather.com/species/501/White-wingedDove-standard-6528ef689b07d5a91f1c2275cdef19c9.jpg","https://media.birdweather.com/species/501/White-wingedDove-thumbnail-4a940adfd5a6c78c73c48c5095e7b896.jpg","https://media.birdweather.com/species/501/White-wingedDove-png200-d65decd3d571b5a9dbeca249ef97689f.png","IscJLwb6hoVelZWZdoh3eIeIdxBoB4IG",16593503052,"https://media.birdweather.com/soundscapes/19267/19267-20260907-130817.flac",1.5,4.5,"live"
10990648723,19267,"2026-09-07T07:07:12.500-06:00",0.750853061676025,0.55872255563736,8.54869875381393,"almost_certain","BirdNET",NA,10.2198,-83.7874,FALSE,802,"Rufous-tailed Hummingbird","Amazilia tzacatl","#d9c845","avian","https://media.birdweather.com/species/802/Rufous-tailedHummingbird-standard-4d0209b50ad0c35c6d8337f5c0c16b55.jpg","https://media.birdweather.com/species/802/Rufous-tailedHummingbird-thumbnail-fbf17400c31564f70aa45927c5d75f5e.jpg","https://media.birdweather.com/species/802/Rufous-tailedHummingbird-png200-8ea431c9893cfe027e92471791a8c256.png","mPkJFwIHqJeJl4lriIaGhYh3+H+oVGAH",16593470593,"https://media.birdweather.com/soundscapes/19267/19267-20260907-130711.flac",1.5,4.5,"live"
10990644983,19267,"2026-09-07T07:07:03.500-06:00",0.968659996986389,0.199916020035744,7.7232039595111,"almost_certain","BirdNET",NA,10.2198,-83.7874,FALSE,501,"White-winged Dove","Zenaida asiatica","#d16ff8","avian","https://media.birdweather.com/species/501/White-wingedDove-standard-6528ef689b07d5a91f1c2275cdef19c9.jpg","https://media.birdweather.com/species/501/White-wingedDove-thumbnail-4a940adfd5a6c78c73c48c5095e7b896.jpg","https://media.birdweather.com/species/501/White-wingedDove-png200-d65decd3d571b5a9dbeca249ef97689f.png","IscJLwb6hoVelZWZdoh3eIeIdxBoB4IG",16593464240,"https://media.birdweather.com/soundscapes/19267/19267-20260907-130659.flac",4.5,7.5,"live"
10990469621,19267,"2026-09-07T06:56:52.000-06:00",0.762035548686981,0.106045454740524,6.40477150964866,"almost_certain","BirdNET",NA,10.2198,-83.7874,FALSE,603,"Tropical Mockingbird","Mimus gilvus","#006e2a","avian","https://media.birdweather.com/species/603/TropicalMockingbird-standard-33be42788a38707b12f757d28526a492.jpg","https://media.birdweather.com/species/603/TropicalMockingbird-thumbnail-4f6417f6928c80a2cb70eb341f54fd79.jpg","https://media.birdweather.com/species/603/TropicalMockingbird-png200-9e94d27578943cfad1e7923fe23d2300.png","q+cJFwL4VohclXidhXh5aJh4qDAaGKYA",16593164640,"https://media.birdweather.com/soundscapes/19267/19267-20260907-125649.flac",3,6,"live"
10990469605,19267,"2026-09-07T06:56:49.000-06:00",0.78600800037384,0.106045454740524,6.47407056503669,"almost_certain","BirdNET",NA,10.2198,-83.7874,FALSE,603,"Tropical Mockingbird","Mimus gilvus","#006e2a","avian","https://media.birdweather.com/species/603/TropicalMockingbird-standard-33be42788a38707b12f757d28526a492.jpg","https://media.birdweather.com/species/603/TropicalMockingbird-thumbnail-4f6417f6928c80a2cb70eb341f54fd79.jpg","https://media.birdweather.com/species/603/TropicalMockingbird-png200-9e94d27578943cfad1e7923fe23d2300.png","q+cJFwL4VohclXidhXh5aJh4qDAaGKYA",16593164640,"https://media.birdweather.com/soundscapes/19267/19267-20260907-125649.flac",0,3,"live"
10990396242,19267,"2026-09-07T06:52:37.500-06:00",0.946156144142151,0.0340038128197193,5.53577183759785,"almost_certain","BirdNET",NA,10.2198,-83.7874,FALSE,242,"Barn Owl","Tyto alba","#c57e94","avian","https://media.birdweather.com/species/242/BarnOwl-standard-8bec9306e3928726cbb18b498dd33c03.jpg","https://media.birdweather.com/species/242/BarnOwl-thumbnail-f2dc3ee81bc91e5f2214d7a2b7be6eef.jpg","https://media.birdweather.com/species/242/BarnOwl-png200-fe95e07244e391ae77d98d1c722d7699.png","4PgFFwKCFGWPgIlpq2aJdXiHiQRFCWME",16593038503,"https://media.birdweather.com/soundscapes/19267/19267-20260907-125233.flac",4.5,7.5,"live"
10990344483,19267,"2026-09-07T06:49:34.500-06:00",0.809585750102997,0.912466704845428,9.37907661592602,"almost_certain","BirdNET",NA,10.2198,-83.7874,FALSE,254,"Great-tailed Grackle","Quiscalus mexicanus","#4cdf64","avian","https://media.birdweather.com/species/254/Great-tailedGrackle-standard-84167b7e46a2aae7f30286e714478461.jpg","https://media.birdweather.com/species/254/Great-tailedGrackle-thumbnail-388529862f53a8a975b80daf9e76e3ac.jpg","https://media.birdweather.com/species/254/Great-tailedGrackle-png200-ca2dc12559d8d2db107eefc8eff73513.png","GAgKDwKYmnVgeIeVhniHRXiahgv2mWAN",16592950522,"https://media.birdweather.com/soundscapes/19267/19267-20260907-124933.flac",1.5,4.5,"live"
10990025609,19267,"2026-09-07T06:31:31.000-06:00",0.805225729942322,0.57956999540329,8.75401321899287,"almost_certain","BirdNET",NA,10.2198,-83.7874,FALSE,121,"Social Flycatcher","Myiozetetes similis","#69b9ff","avian","https://media.birdweather.com/species/121/SocialFlycatcher-standard-6e107581e61c9f556b3a0af5200f486a.jpg","https://media.birdweather.com/species/121/SocialFlycatcher-thumbnail-87f640fcaf1441ecbbd56b57372185a8.jpg","https://media.birdweather.com/species/121/SocialFlycatcher-png200-2f6dd485cf927db0dd7fd9abc239fb19.png","2xkKJwIJh3ekeXh0e5Z4eYaIdyApd5AC",16592412872,"https://media.birdweather.com/soundscapes/19267/19267-20260907-123125.flac",6,9,"live"
10990025608,19267,"2026-09-07T06:31:29.500-06:00",0.96884423494339,0.57956999540329,9.13836107590537,"almost_certain","BirdNET",NA,10.2198,-83.7874,FALSE,121,"Social Flycatcher","Myiozetetes similis","#69b9ff","avian","https://media.birdweather.com/species/121/SocialFlycatcher-standard-6e107581e61c9f556b3a0af5200f486a.jpg","https://media.birdweather.com/species/121/SocialFlycatcher-thumbnail-87f640fcaf1441ecbbd56b57372185a8.jpg","https://media.birdweather.com/species/121/SocialFlycatcher-png200-2f6dd485cf927db0dd7fd9abc239fb19.png","2xkKJwIJh3ekeXh0e5Z4eYaIdyApd5AC",16592412872,"https://media.birdweather.com/soundscapes/19267/19267-20260907-123125.flac",4.5,7.5,"live"
10990025605,19267,"2026-09-07T06:31:28.000-06:00",0.918081223964691,0.57956999540329,9.03022516591224,"almost_certain","BirdNET",NA,10.2198,-83.7874,FALSE,121,"Social Flycatcher","Myiozetetes similis","#69b9ff","avian","https://media.birdweather.com/species/121/SocialFlycatcher-standard-6e107581e61c9f556b3a0af5200f486a.jpg","https://media.birdweather.com/species/121/SocialFlycatcher-thumbnail-87f640fcaf1441ecbbd56b57372185a8.jpg","https://media.birdweather.com/species/121/SocialFlycatcher-png200-2f6dd485cf927db0dd7fd9abc239fb19.png","2xkKJwIJh3ekeXh0e5Z4eYaIdyApd5AC",16592412872,"https://media.birdweather.com/soundscapes/19267/19267-20260907-123125.flac",3,6,"live"
10990001773,19267,"2026-09-07T06:30:07.500-06:00",0.704458773136139,0.772594571113586,8.837262384578,"almost_certain","BirdNET",NA,10.2198,-83.7874,FALSE,229,"Great Kiskadee","Pitangus sulphuratus","#7d4410","avian","https://media.birdweather.com/species/229/GreatKiskadee-standard-cd28a1b8e8b8e5aed433e809c229004e.jpg","https://media.birdweather.com/species/229/GreatKiskadee-thumbnail-b2749ed2442fb322cf3c4cb72f9c97f6.jpg","https://media.birdweather.com/species/229/GreatKiskadee-png200-003973af4f863deb00a4ce9b6f10e59c.png","0PgFDwIrhYqfZJh1mVe3SZZ3uKEJBncG",16592373034,"https://media.birdweather.com/soundscapes/19267/19267-20260907-123003.flac",4.5,7.5,"live"
10990001763,19267,"2026-09-07T06:30:04.500-06:00",0.939009666442871,0.772594571113586,9.46385897080126,"almost_certain","BirdNET",NA,10.2198,-83.7874,FALSE,229,"Great Kiskadee","Pitangus sulphuratus","#7d4410","avian","https://media.birdweather.com/species/229/GreatKiskadee-standard-cd28a1b8e8b8e5aed433e809c229004e.jpg","https://media.birdweather.com/species/229/GreatKiskadee-thumbnail-b2749ed2442fb322cf3c4cb72f9c97f6.jpg","https://media.birdweather.com/species/229/GreatKiskadee-png200-003973af4f863deb00a4ce9b6f10e59c.png","0PgFDwIrhYqfZJh1mVe3SZZ3uKEJBncG",16592373034,"https://media.birdweather.com/soundscapes/19267/19267-20260907-123003.flac",1.5,4.5,"live"
10989986064,19267,"2026-09-07T06:29:11.000-06:00",0.700817048549652,0.159274682402611,6.72727501899454,"almost_certain","BirdNET",NA,10.2198,-83.7874,FALSE,2254,"Gray-capped Flycatcher","Myiozetetes granadensis","#4cdf64","avian","https://media.birdweather.com/species/2254/Gray-cappedFlycatcher-standard-2b1d2e6068e69e7cc4d888a3eda49237.jpg","https://media.birdweather.com/species/2254/Gray-cappedFlycatcher-thumbnail-301755d86be051f565dc1667dbf85fc6.jpg","https://media.birdweather.com/species/2254/Gray-cappedFlycatcher-png200-19a3941ee81d65d9e3993f47b8a497eb.png","oPkFFwL/hmqplmp0mbfZqHmHmZBzB6UA",16592346698,"https://media.birdweather.com/soundscapes/19267/19267-20260907-122911.flac",0,3,"live"
10989974467,19267,"2026-09-07T06:28:32.500-06:00",0.728676974773407,0.159273743629456,6.8193294724316,"almost_certain","BirdNET",NA,10.2198,-83.7874,FALSE,2254,"Gray-capped Flycatcher","Myiozetetes granadensis","#4cdf64","avian","https://media.birdweather.com/species/2254/Gray-cappedFlycatcher-standard-2b1d2e6068e69e7cc4d888a3eda49237.jpg","https://media.birdweather.com/species/2254/Gray-cappedFlycatcher-thumbnail-301755d86be051f565dc1667dbf85fc6.jpg","https://media.birdweather.com/species/2254/Gray-cappedFlycatcher-png200-19a3941ee81d65d9e3993f47b8a497eb.png","oPkFFwL/hmqplmp0mbfZqHmHmZBzB6UA",16592326943,"https://media.birdweather.com/soundscapes/19267/19267-20260907-122831.flac",1.5,4.5,"live"
10989938291,19267,"2026-09-07T06:26:28.000-06:00",0.870046734809875,0.199882850050926,7.50439388229278,"almost_certain","BirdNET",NA,10.2198,-83.7874,FALSE,501,"White-winged Dove","Zenaida asiatica","#d16ff8","avian","https://media.birdweather.com/species/501/White-wingedDove-standard-6528ef689b07d5a91f1c2275cdef19c9.jpg","https://media.birdweather.com/species/501/White-wingedDove-thumbnail-4a940adfd5a6c78c73c48c5095e7b896.jpg","https://media.birdweather.com/species/501/White-wingedDove-png200-d65decd3d571b5a9dbeca249ef97689f.png","IscJLwb6hoVelZWZdoh3eIeIdxBoB4IG",16592266351,"https://media.birdweather.com/soundscapes/19267/19267-20260907-122628.flac",0,3,"live"
10989930436,19267,"2026-09-07T06:26:02.500-06:00",0.901310741901398,0.199878588318825,7.57751515052487,"almost_certain","BirdNET",NA,10.2198,-83.7874,FALSE,501,"White-winged Dove","Zenaida asiatica","#d16ff8","avian","https://media.birdweather.com/species/501/White-wingedDove-standard-6528ef689b07d5a91f1c2275cdef19c9.jpg","https://media.birdweather.com/species/501/White-wingedDove-thumbnail-4a940adfd5a6c78c73c48c5095e7b896.jpg","https://media.birdweather.com/species/501/White-wingedDove-png200-d65decd3d571b5a9dbeca249ef97689f.png","IscJLwb6hoVelZWZdoh3eIeIdxBoB4IG",16592253039,"https://media.birdweather.com/soundscapes/19267/19267-20260907-122601.flac",1.5,4.5,"live"
10989906383,19267,"2026-09-07T06:24:44.000-06:00",0.80974268913269,0.199893429875374,7.35128011476462,"almost_certain","BirdNET",NA,10.2198,-83.7874,FALSE,501,"White-winged Dove","Zenaida asiatica","#d16ff8","avian","https://media.birdweather.com/species/501/White-wingedDove-standard-6528ef689b07d5a91f1c2275cdef19c9.jpg","https://media.birdweather.com/species/501/White-wingedDove-thumbnail-4a940adfd5a6c78c73c48c5095e7b896.jpg","https://media.birdweather.com/species/501/White-wingedDove-png200-d65decd3d571b5a9dbeca249ef97689f.png","IscJLwb6hoVelZWZdoh3eIeIdxBoB4IG",16592213439,"https://media.birdweather.com/soundscapes/19267/19267-20260907-122441.flac",3,6,"live"
10989906378,19267,"2026-09-07T06:24:42.500-06:00",0.822853684425354,0.199893429875374,7.38607208065968,"almost_certain","BirdNET",NA,10.2198,-83.7874,FALSE,501,"White-winged Dove","Zenaida asiatica","#d16ff8","avian","https://media.birdweather.com/species/501/White-wingedDove-standard-6528ef689b07d5a91f1c2275cdef19c9.jpg","https://media.birdweather.com/species/501/White-wingedDove-thumbnail-4a940adfd5a6c78c73c48c5095e7b896.jpg","https://media.birdweather.com/species/501/White-wingedDove-png200-d65decd3d571b5a9dbeca249ef97689f.png","IscJLwb6hoVelZWZdoh3eIeIdxBoB4IG",16592213439,"https://media.birdweather.com/soundscapes/19267/19267-20260907-122441.flac",1.5,4.5,"live"
10989855047,19267,"2026-09-07T06:21:52.000-06:00",0.767013132572174,0.199873760342598,7.23121001955296,"almost_certain","BirdNET",NA,10.2198,-83.7874,FALSE,501,"White-winged Dove","Zenaida asiatica","#d16ff8","avian","https://media.birdweather.com/species/501/White-wingedDove-standard-6528ef689b07d5a91f1c2275cdef19c9.jpg","https://media.birdweather.com/species/501/White-wingedDove-thumbnail-4a940adfd5a6c78c73c48c5095e7b896.jpg","https://media.birdweather.com/species/501/White-wingedDove-png200-d65decd3d571b5a9dbeca249ef97689f.png","IscJLwb6hoVelZWZdoh3eIeIdxBoB4IG",16592128748,"https://media.birdweather.com/soundscapes/19267/19267-20260907-122149.flac",3,6,"live"
10989835267,19267,"2026-09-07T06:20:47.500-06:00",0.809374630451202,0.772589266300201,9.15322160642509,"almost_certain","BirdNET",NA,10.2198,-83.7874,FALSE,229,"Great Kiskadee","Pitangus sulphuratus","#7d4410","avian","https://media.birdweather.com/species/229/GreatKiskadee-standard-cd28a1b8e8b8e5aed433e809c229004e.jpg","https://media.birdweather.com/species/229/GreatKiskadee-thumbnail-b2749ed2442fb322cf3c4cb72f9c97f6.jpg","https://media.birdweather.com/species/229/GreatKiskadee-png200-003973af4f863deb00a4ce9b6f10e59c.png","0PgFDwIrhYqfZJh1mVe3SZZ3uKEJBncG",16592096323,"https://media.birdweather.com/soundscapes/19267/19267-20260907-122043.flac",4.5,7.5,"live"
10989831303,19267,"2026-09-07T06:20:33.000-06:00",0.909044981002808,0.199879303574562,7.59502880720786,"almost_certain","BirdNET",NA,10.2198,-83.7874,FALSE,501,"White-winged Dove","Zenaida asiatica","#d16ff8","avian","https://media.birdweather.com/species/501/White-wingedDove-standard-6528ef689b07d5a91f1c2275cdef19c9.jpg","https://media.birdweather.com/species/501/White-wingedDove-thumbnail-4a940adfd5a6c78c73c48c5095e7b896.jpg","https://media.birdweather.com/species/501/White-wingedDove-png200-d65decd3d571b5a9dbeca249ef97689f.png","IscJLwb6hoVelZWZdoh3eIeIdxBoB4IG",16592090020,"https://media.birdweather.com/soundscapes/19267/19267-20260907-122030.flac",3,6,"live"
10989831301,19267,"2026-09-07T06:20:31.500-06:00",0.83086109161377,0.199879303574562,7.40680212873882,"almost_certain","BirdNET",NA,10.2198,-83.7874,FALSE,501,"White-winged Dove","Zenaida asiatica","#d16ff8","avian","https://media.birdweather.com/species/501/White-wingedDove-standard-6528ef689b07d5a91f1c2275cdef19c9.jpg","https://media.birdweather.com/species/501/White-wingedDove-thumbnail-4a940adfd5a6c78c73c48c5095e7b896.jpg","https://media.birdweather.com/species/501/White-wingedDove-png200-d65decd3d571b5a9dbeca249ef97689f.png","IscJLwb6hoVelZWZdoh3eIeIdxBoB4IG",16592090020,"https://media.birdweather.com/soundscapes/19267/19267-20260907-122030.flac",1.5,4.5,"live"
10989819275,19267,"2026-09-07T06:19:56.000-06:00",0.89868700504303,0.199875324964523,7.57150296192034,"almost_certain","BirdNET",NA,10.2198,-83.7874,FALSE,501,"White-winged Dove","Zenaida asiatica","#d16ff8","avian","https://media.birdweather.com/species/501/White-wingedDove-standard-6528ef689b07d5a91f1c2275cdef19c9.jpg","https://media.birdweather.com/species/501/White-wingedDove-thumbnail-4a940adfd5a6c78c73c48c5095e7b896.jpg","https://media.birdweather.com/species/501/White-wingedDove-png200-d65decd3d571b5a9dbeca249ef97689f.png","IscJLwb6hoVelZWZdoh3eIeIdxBoB4IG",16592070217,"https://media.birdweather.com/soundscapes/19267/19267-20260907-121950.flac",6,9,"live"
10989819268,19267,"2026-09-07T06:19:54.500-06:00",0.870963990688324,0.199875324964523,7.5065474419059,"almost_certain","BirdNET",NA,10.2198,-83.7874,FALSE,501,"White-winged Dove","Zenaida asiatica","#d16ff8","avian","https://media.birdweather.com/species/501/White-wingedDove-standard-6528ef689b07d5a91f1c2275cdef19c9.jpg","https://media.birdweather.com/species/501/White-wingedDove-thumbnail-4a940adfd5a6c78c73c48c5095e7b896.jpg","https://media.birdweather.com/species/501/White-wingedDove-png200-d65decd3d571b5a9dbeca249ef97689f.png","IscJLwb6hoVelZWZdoh3eIeIdxBoB4IG",16592070217,"https://media.birdweather.com/soundscapes/19267/19267-20260907-121950.flac",4.5,7.5,"live"
10989819261,19267,"2026-09-07T06:19:50.000-06:00",0.96935623884201,0.199875324964523,7.72436411024573,"almost_certain","BirdNET",NA,10.2198,-83.7874,FALSE,501,"White-winged Dove","Zenaida asiatica","#d16ff8","avian","https://media.birdweather.com/species/501/White-wingedDove-standard-6528ef689b07d5a91f1c2275cdef19c9.jpg","https://media.birdweather.com/species/501/White-wingedDove-thumbnail-4a940adfd5a6c78c73c48c5095e7b896.jpg","https://media.birdweather.com/species/501/White-wingedDove-png200-d65decd3d571b5a9dbeca249ef97689f.png","IscJLwb6hoVelZWZdoh3eIeIdxBoB4IG",16592070217,"https://media.birdweather.com/soundscapes/19267/19267-20260907-121950.flac",0,3,"live"
10989811498,19267,"2026-09-07T06:19:27.500-06:00",0.784347414970398,0.199874237179756,7.28114287857338,"almost_certain","BirdNET",NA,10.2198,-83.7874,FALSE,501,"White-winged Dove","Zenaida asiatica","#d16ff8","avian","https://media.birdweather.com/species/501/White-wingedDove-standard-6528ef689b07d5a91f1c2275cdef19c9.jpg","https://media.birdweather.com/species/501/White-wingedDove-thumbnail-4a940adfd5a6c78c73c48c5095e7b896.jpg","https://media.birdweather.com/species/501/White-wingedDove-png200-d65decd3d571b5a9dbeca249ef97689f.png","IscJLwb6hoVelZWZdoh3eIeIdxBoB4IG",16592057121,"https://media.birdweather.com/soundscapes/19267/19267-20260907-121923.flac",4.5,7.5,"live"
10989811489,19267,"2026-09-07T06:19:23.000-06:00",0.9584019780159,0.199874237179756,7.70175096926974,"almost_certain","BirdNET",NA,10.2198,-83.7874,FALSE,501,"White-winged Dove","Zenaida asiatica","#d16ff8","avian","https://media.birdweather.com/species/501/White-wingedDove-standard-6528ef689b07d5a91f1c2275cdef19c9.jpg","https://media.birdweather.com/species/501/White-wingedDove-thumbnail-4a940adfd5a6c78c73c48c5095e7b896.jpg","https://media.birdweather.com/species/501/White-wingedDove-png200-d65decd3d571b5a9dbeca249ef97689f.png","IscJLwb6hoVelZWZdoh3eIeIdxBoB4IG",16592057121,"https://media.birdweather.com/soundscapes/19267/19267-20260907-121923.flac",0,3,"live"
10989792187,19267,"2026-09-07T06:18:18.500-06:00",0.790519118309021,0.199881300330162,7.29853565921283,"almost_certain","BirdNET",NA,10.2198,-83.7874,FALSE,501,"White-winged Dove","Zenaida asiatica","#d16ff8","avian","https://media.birdweather.com/species/501/White-wingedDove-standard-6528ef689b07d5a91f1c2275cdef19c9.jpg","https://media.birdweather.com/species/501/White-wingedDove-thumbnail-4a940adfd5a6c78c73c48c5095e7b896.jpg","https://media.birdweather.com/species/501/White-wingedDove-png200-d65decd3d571b5a9dbeca249ef97689f.png","IscJLwb6hoVelZWZdoh3eIeIdxBoB4IG",16592024421,"https://media.birdweather.com/soundscapes/19267/19267-20260907-121817.flac",1.5,4.5,"live"
10989792181,19267,"2026-09-07T06:18:17.000-06:00",0.908471345901489,0.199881300330162,7.59375088485485,"almost_certain","BirdNET",NA,10.2198,-83.7874,FALSE,501,"White-winged Dove","Zenaida asiatica","#d16ff8","avian","https://media.birdweather.com/species/501/White-wingedDove-standard-6528ef689b07d5a91f1c2275cdef19c9.jpg","https://media.birdweather.com/species/501/White-wingedDove-thumbnail-4a940adfd5a6c78c73c48c5095e7b896.jpg","https://media.birdweather.com/species/501/White-wingedDove-png200-d65decd3d571b5a9dbeca249ef97689f.png","IscJLwb6hoVelZWZdoh3eIeIdxBoB4IG",16592024421,"https://media.birdweather.com/soundscapes/19267/19267-20260907-121817.flac",0,3,"live"
10989788516,19267,"2026-09-07T06:18:05.500-06:00",0.8022780418396,0.199881300330162,7.33099038263374,"almost_certain","BirdNET",NA,10.2198,-83.7874,FALSE,501,"White-winged Dove","Zenaida asiatica","#d16ff8","avian","https://media.birdweather.com/species/501/White-wingedDove-standard-6528ef689b07d5a91f1c2275cdef19c9.jpg","https://media.birdweather.com/species/501/White-wingedDove-thumbnail-4a940adfd5a6c78c73c48c5095e7b896.jpg","https://media.birdweather.com/species/501/White-wingedDove-png200-d65decd3d571b5a9dbeca249ef97689f.png","IscJLwb6hoVelZWZdoh3eIeIdxBoB4IG",16592018364,"https://media.birdweather.com/soundscapes/19267/19267-20260907-121804.flac",1.5,4.5,"live"
10989780761,19267,"2026-09-07T06:17:43.000-06:00",0.939408600330353,0.199881300330162,7.66169448068437,"almost_certain","BirdNET",NA,10.2198,-83.7874,FALSE,501,"White-winged Dove","Zenaida asiatica","#d16ff8","avian","https://media.birdweather.com/species/501/White-wingedDove-standard-6528ef689b07d5a91f1c2275cdef19c9.jpg","https://media.birdweather.com/species/501/White-wingedDove-thumbnail-4a940adfd5a6c78c73c48c5095e7b896.jpg","https://media.birdweather.com/species/501/White-wingedDove-png200-d65decd3d571b5a9dbeca249ef97689f.png","IscJLwb6hoVelZWZdoh3eIeIdxBoB4IG",16592004825,"https://media.birdweather.com/soundscapes/19267/19267-20260907-121737.flac",6,9,"live"
10989780756,19267,"2026-09-07T06:17:41.500-06:00",0.960228383541107,0.199881300330162,7.70559219011345,"almost_certain","BirdNET",NA,10.2198,-83.7874,FALSE,501,"White-winged Dove","Zenaida asiatica","#d16ff8","avian","https://media.birdweather.com/species/501/White-wingedDove-standard-6528ef689b07d5a91f1c2275cdef19c9.jpg","https://media.birdweather.com/species/501/White-wingedDove-thumbnail-4a940adfd5a6c78c73c48c5095e7b896.jpg","https://media.birdweather.com/species/501/White-wingedDove-png200-d65decd3d571b5a9dbeca249ef97689f.png","IscJLwb6hoVelZWZdoh3eIeIdxBoB4IG",16592004825,"https://media.birdweather.com/soundscapes/19267/19267-20260907-121737.flac",4.5,7.5,"live"
10989780749,19267,"2026-09-07T06:17:37.000-06:00",0.924364387989044,0.199881300330162,7.62907541894437,"almost_certain","BirdNET",NA,10.2198,-83.7874,FALSE,501,"White-winged Dove","Zenaida asiatica","#d16ff8","avian","https://media.birdweather.com/species/501/White-wingedDove-standard-6528ef689b07d5a91f1c2275cdef19c9.jpg","https://media.birdweather.com/species/501/White-wingedDove-thumbnail-4a940adfd5a6c78c73c48c5095e7b896.jpg","https://media.birdweather.com/species/501/White-wingedDove-png200-d65decd3d571b5a9dbeca249ef97689f.png","IscJLwb6hoVelZWZdoh3eIeIdxBoB4IG",16592004825,"https://media.birdweather.com/soundscapes/19267/19267-20260907-121737.flac",0,3,"live"
10989758218,19267,"2026-09-07T06:16:20.000-06:00",0.91736626625061,0.199879631400108,7.61362232216795,"almost_certain","BirdNET",NA,10.2198,-83.7874,FALSE,501,"White-winged Dove","Zenaida asiatica","#d16ff8","avian","https://media.birdweather.com/species/501/White-wingedDove-standard-6528ef689b07d5a91f1c2275cdef19c9.jpg","https://media.birdweather.com/species/501/White-wingedDove-thumbnail-4a940adfd5a6c78c73c48c5095e7b896.jpg","https://media.birdweather.com/species/501/White-wingedDove-png200-d65decd3d571b5a9dbeca249ef97689f.png","IscJLwb6hoVelZWZdoh3eIeIdxBoB4IG",16591966042,"https://media.birdweather.com/soundscapes/19267/19267-20260907-121617.flac",3,6,"live"
10989758212,19267,"2026-09-07T06:16:18.500-06:00",0.754916250705719,0.199879631400108,7.19529400783808,"almost_certain","BirdNET",NA,10.2198,-83.7874,FALSE,501,"White-winged Dove","Zenaida asiatica","#d16ff8","avian","https://media.birdweather.com/species/501/White-wingedDove-standard-6528ef689b07d5a91f1c2275cdef19c9.jpg","https://media.birdweather.com/species/501/White-wingedDove-thumbnail-4a940adfd5a6c78c73c48c5095e7b896.jpg","https://media.birdweather.com/species/501/White-wingedDove-png200-d65decd3d571b5a9dbeca249ef97689f.png","IscJLwb6hoVelZWZdoh3eIeIdxBoB4IG",16591966042,"https://media.birdweather.com/soundscapes/19267/19267-20260907-121617.flac",1.5,4.5,"live"
10989739085,19267,"2026-09-07T06:15:16.500-06:00",0.729957699775696,0.199881836771965,7.11800408968277,"almost_certain","BirdNET",NA,10.2198,-83.7874,FALSE,501,"White-winged Dove","Zenaida asiatica","#d16ff8","avian","https://media.birdweather.com/species/501/White-wingedDove-standard-6528ef689b07d5a91f1c2275cdef19c9.jpg","https://media.birdweather.com/species/501/White-wingedDove-thumbnail-4a940adfd5a6c78c73c48c5095e7b896.jpg","https://media.birdweather.com/species/501/White-wingedDove-png200-d65decd3d571b5a9dbeca249ef97689f.png","IscJLwb6hoVelZWZdoh3eIeIdxBoB4IG",16591933144,"https://media.birdweather.com/soundscapes/19267/19267-20260907-121512.flac",4.5,7.5,"live"
10989739083,19267,"2026-09-07T06:15:15.000-06:00",0.916660010814667,0.199881836771965,7.61206856631146,"almost_certain","BirdNET",NA,10.2198,-83.7874,FALSE,501,"White-winged Dove","Zenaida asiatica","#d16ff8","avian","https://media.birdweather.com/species/501/White-wingedDove-standard-6528ef689b07d5a91f1c2275cdef19c9.jpg","https://media.birdweather.com/species/501/White-wingedDove-thumbnail-4a940adfd5a6c78c73c48c5095e7b896.jpg","https://media.birdweather.com/species/501/White-wingedDove-png200-d65decd3d571b5a9dbeca249ef97689f.png","IscJLwb6hoVelZWZdoh3eIeIdxBoB4IG",16591933144,"https://media.birdweather.com/soundscapes/19267/19267-20260907-121512.flac",3,6,"live"
10989739081,19267,"2026-09-07T06:15:13.500-06:00",0.733663618564606,0.199881836771965,7.12976188166036,"almost_certain","BirdNET",NA,10.2198,-83.7874,FALSE,501,"White-winged Dove","Zenaida asiatica","#d16ff8","avian","https://media.birdweather.com/species/501/White-wingedDove-standard-6528ef689b07d5a91f1c2275cdef19c9.jpg","https://media.birdweather.com/species/501/White-wingedDove-thumbnail-4a940adfd5a6c78c73c48c5095e7b896.jpg","https://media.birdweather.com/species/501/White-wingedDove-png200-d65decd3d571b5a9dbeca249ef97689f.png","IscJLwb6hoVelZWZdoh3eIeIdxBoB4IG",16591933144,"https://media.birdweather.com/soundscapes/19267/19267-20260907-121512.flac",1.5,4.5,"live"
10989735103,19267,"2026-09-07T06:15:04.000-06:00",0.726524770259857,0.199874594807625,7.10697436550472,"almost_certain","BirdNET",NA,10.2198,-83.7874,FALSE,501,"White-winged Dove","Zenaida asiatica","#d16ff8","avian","https://media.birdweather.com/species/501/White-wingedDove-standard-6528ef689b07d5a91f1c2275cdef19c9.jpg","https://media.birdweather.com/species/501/White-wingedDove-thumbnail-4a940adfd5a6c78c73c48c5095e7b896.jpg","https://media.birdweather.com/species/501/White-wingedDove-png200-d65decd3d571b5a9dbeca249ef97689f.png","IscJLwb6hoVelZWZdoh3eIeIdxBoB4IG",16591926289,"https://media.birdweather.com/soundscapes/19267/19267-20260907-121458.flac",6,9,"live"
10989735100,19267,"2026-09-07T06:15:01.000-06:00",0.778453290462494,0.199874594807625,7.26437112595129,"almost_certain","BirdNET",NA,10.2198,-83.7874,FALSE,501,"White-winged Dove","Zenaida asiatica","#d16ff8","avian","https://media.birdweather.com/species/501/White-wingedDove-standard-6528ef689b07d5a91f1c2275cdef19c9.jpg","https://media.birdweather.com/species/501/White-wingedDove-thumbnail-4a940adfd5a6c78c73c48c5095e7b896.jpg","https://media.birdweather.com/species/501/White-wingedDove-png200-d65decd3d571b5a9dbeca249ef97689f.png","IscJLwb6hoVelZWZdoh3eIeIdxBoB4IG",16591926289,"https://media.birdweather.com/soundscapes/19267/19267-20260907-121458.flac",3,6,"live"
10989735098,19267,"2026-09-07T06:14:59.500-06:00",0.847517371177673,0.199874594807625,7.44909589771268,"almost_certain","BirdNET",NA,10.2198,-83.7874,FALSE,501,"White-winged Dove","Zenaida asiatica","#d16ff8","avian","https://media.birdweather.com/species/501/White-wingedDove-standard-6528ef689b07d5a91f1c2275cdef19c9.jpg","https://media.birdweather.com/species/501/White-wingedDove-thumbnail-4a940adfd5a6c78c73c48c5095e7b896.jpg","https://media.birdweather.com/species/501/White-wingedDove-png200-d65decd3d571b5a9dbeca249ef97689f.png","IscJLwb6hoVelZWZdoh3eIeIdxBoB4IG",16591926289,"https://media.birdweather.com/soundscapes/19267/19267-20260907-121458.flac",1.5,4.5,"live"
10989735092,19267,"2026-09-07T06:14:58.000-06:00",0.706057190895081,0.199874594807625,7.03960265739983,"almost_certain","BirdNET",NA,10.2198,-83.7874,FALSE,501,"White-winged Dove","Zenaida asiatica","#d16ff8","avian","https://media.birdweather.com/species/501/White-wingedDove-standard-6528ef689b07d5a91f1c2275cdef19c9.jpg","https://media.birdweather.com/species/501/White-wingedDove-thumbnail-4a940adfd5a6c78c73c48c5095e7b896.jpg","https://media.birdweather.com/species/501/White-wingedDove-png200-d65decd3d571b5a9dbeca249ef97689f.png","IscJLwb6hoVelZWZdoh3eIeIdxBoB4IG",16591926289,"https://media.birdweather.com/soundscapes/19267/19267-20260907-121458.flac",0,3,"live"
10989723733,19267,"2026-09-07T06:14:24.000-06:00",0.867540657520294,0.199878305196762,7.49832805269885,"almost_certain","BirdNET",NA,10.2198,-83.7874,FALSE,501,"White-winged Dove","Zenaida asiatica","#d16ff8","avian","https://media.birdweather.com/species/501/White-wingedDove-standard-6528ef689b07d5a91f1c2275cdef19c9.jpg","https://media.birdweather.com/species/501/White-wingedDove-thumbnail-4a940adfd5a6c78c73c48c5095e7b896.jpg","https://media.birdweather.com/species/501/White-wingedDove-png200-d65decd3d571b5a9dbeca249ef97689f.png","IscJLwb6hoVelZWZdoh3eIeIdxBoB4IG",16591906523,"https://media.birdweather.com/soundscapes/19267/19267-20260907-121418.flac",6,9,"live"
10989723720,19267,"2026-09-07T06:14:19.500-06:00",0.825476586818695,0.199878305196762,7.39282879865604,"almost_certain","BirdNET",NA,10.2198,-83.7874,FALSE,501,"White-winged Dove","Zenaida asiatica","#d16ff8","avian","https://media.birdweather.com/species/501/White-wingedDove-standard-6528ef689b07d5a91f1c2275cdef19c9.jpg","https://media.birdweather.com/species/501/White-wingedDove-thumbnail-4a940adfd5a6c78c73c48c5095e7b896.jpg","https://media.birdweather.com/species/501/White-wingedDove-png200-d65decd3d571b5a9dbeca249ef97689f.png","IscJLwb6hoVelZWZdoh3eIeIdxBoB4IG",16591906523,"https://media.birdweather.com/soundscapes/19267/19267-20260907-121418.flac",1.5,4.5,"live"
10989708782,19267,"2026-09-07T06:13:25.000-06:00",0.706721067428589,0.830120921134949,8.94207952849272,"almost_certain","BirdNET",NA,10.2198,-83.7874,FALSE,451,"Blue-gray Tanager","Thraupis episcopus","#844800","avian","https://media.birdweather.com/species/451/Blue-grayTanager-standard-04bc83ed9930251b50b0a08bf40fec04.jpg","https://media.birdweather.com/species/451/Blue-grayTanager-thumbnail-dc3af9565dbd849047cf157316f7ef59.jpg","https://media.birdweather.com/species/451/Blue-grayTanager-png200-be5418cb49793536e5c09e1af73aefe1.png","GvkFHwZvZYaoamVVjYZ1i1Z2Zoz1l3EP",16591881084,"https://media.birdweather.com/soundscapes/19267/19267-20260907-121325.flac",0,3,"live"
10989692589,19267,"2026-09-07T06:12:33.000-06:00",0.847989857196808,0.199874132871628,7.45027462877131,"almost_certain","BirdNET",NA,10.2198,-83.7874,FALSE,501,"White-winged Dove","Zenaida asiatica","#d16ff8","avian","https://media.birdweather.com/species/501/White-wingedDove-standard-6528ef689b07d5a91f1c2275cdef19c9.jpg","https://media.birdweather.com/species/501/White-wingedDove-thumbnail-4a940adfd5a6c78c73c48c5095e7b896.jpg","https://media.birdweather.com/species/501/White-wingedDove-png200-d65decd3d571b5a9dbeca249ef97689f.png","IscJLwb6hoVelZWZdoh3eIeIdxBoB4IG",16591854498,"https://media.birdweather.com/soundscapes/19267/19267-20260907-121233.flac",0,3,"live"
10989665007,19267,"2026-09-07T06:11:05.500-06:00",0.911716043949127,0.199883967638016,7.60105446629199,"almost_certain","BirdNET",NA,10.2198,-83.7874,FALSE,501,"White-winged Dove","Zenaida asiatica","#d16ff8","avian","https://media.birdweather.com/species/501/White-wingedDove-standard-6528ef689b07d5a91f1c2275cdef19c9.jpg","https://media.birdweather.com/species/501/White-wingedDove-thumbnail-4a940adfd5a6c78c73c48c5095e7b896.jpg","https://media.birdweather.com/species/501/White-wingedDove-png200-d65decd3d571b5a9dbeca249ef97689f.png","IscJLwb6hoVelZWZdoh3eIeIdxBoB4IG",16591808907,"https://media.birdweather.com/soundscapes/19267/19267-20260907-121101.flac",4.5,7.5,"live"
10989665005,19267,"2026-09-07T06:11:04.000-06:00",0.782325863838196,0.199883967638016,7.2754763738073,"almost_certain","BirdNET",NA,10.2198,-83.7874,FALSE,501,"White-winged Dove","Zenaida asiatica","#d16ff8","avian","https://media.birdweather.com/species/501/White-wingedDove-standard-6528ef689b07d5a91f1c2275cdef19c9.jpg","https://media.birdweather.com/species/501/White-wingedDove-thumbnail-4a940adfd5a6c78c73c48c5095e7b896.jpg","https://media.birdweather.com/species/501/White-wingedDove-png200-d65decd3d571b5a9dbeca249ef97689f.png","IscJLwb6hoVelZWZdoh3eIeIdxBoB4IG",16591808907,"https://media.birdweather.com/soundscapes/19267/19267-20260907-121101.flac",3,6,"live"
10989665002,19267,"2026-09-07T06:11:02.500-06:00",0.897847473621368,0.199883967638016,7.56963689501127,"almost_certain","BirdNET",NA,10.2198,-83.7874,FALSE,501,"White-winged Dove","Zenaida asiatica","#d16ff8","avian","https://media.birdweather.com/species/501/White-wingedDove-standard-6528ef689b07d5a91f1c2275cdef19c9.jpg","https://media.birdweather.com/species/501/White-wingedDove-thumbnail-4a940adfd5a6c78c73c48c5095e7b896.jpg","https://media.birdweather.com/species/501/White-wingedDove-png200-d65decd3d571b5a9dbeca249ef97689f.png","IscJLwb6hoVelZWZdoh3eIeIdxBoB4IG",16591808907,"https://media.birdweather.com/soundscapes/19267/19267-20260907-121101.flac",1.5,4.5,"live"
10989665000,19267,"2026-09-07T06:11:01.000-06:00",0.869202554225922,0.199883967638016,7.50237084444673,"almost_certain","BirdNET",NA,10.2198,-83.7874,FALSE,501,"White-winged Dove","Zenaida asiatica","#d16ff8","avian","https://media.birdweather.com/species/501/White-wingedDove-standard-6528ef689b07d5a91f1c2275cdef19c9.jpg","https://media.birdweather.com/species/501/White-wingedDove-thumbnail-4a940adfd5a6c78c73c48c5095e7b896.jpg","https://media.birdweather.com/species/501/White-wingedDove-png200-d65decd3d571b5a9dbeca249ef97689f.png","IscJLwb6hoVelZWZdoh3eIeIdxBoB4IG",16591808907,"https://media.birdweather.com/soundscapes/19267/19267-20260907-121101.flac",0,3,"live"
10989661566,19267,"2026-09-07T06:10:54.000-06:00",0.737969815731049,0.199857518076897,7.14313987382003,"almost_certain","BirdNET",NA,10.2198,-83.7874,FALSE,501,"White-winged Dove","Zenaida asiatica","#d16ff8","avian","https://media.birdweather.com/species/501/White-wingedDove-standard-6528ef689b07d5a91f1c2275cdef19c9.jpg","https://media.birdweather.com/species/501/White-wingedDove-thumbnail-4a940adfd5a6c78c73c48c5095e7b896.jpg","https://media.birdweather.com/species/501/White-wingedDove-png200-d65decd3d571b5a9dbeca249ef97689f.png","IscJLwb6hoVelZWZdoh3eIeIdxBoB4IG",16591802955,"https://media.birdweather.com/soundscapes/19267/19267-20260907-121048.flac",6,9,"live"
10989661561,19267,"2026-09-07T06:10:51.000-06:00",0.736902117729187,0.199857518076897,7.13979596271075,"almost_certain","BirdNET",NA,10.2198,-83.7874,FALSE,501,"White-winged Dove","Zenaida asiatica","#d16ff8","avian","https://media.birdweather.com/species/501/White-wingedDove-standard-6528ef689b07d5a91f1c2275cdef19c9.jpg","https://media.birdweather.com/species/501/White-wingedDove-thumbnail-4a940adfd5a6c78c73c48c5095e7b896.jpg","https://media.birdweather.com/species/501/White-wingedDove-png200-d65decd3d571b5a9dbeca249ef97689f.png","IscJLwb6hoVelZWZdoh3eIeIdxBoB4IG",16591802955,"https://media.birdweather.com/soundscapes/19267/19267-20260907-121048.flac",3,6,"live"
10989657996,19267,"2026-09-07T06:10:39.000-06:00",0.753413617610931,0.199864685535431,7.19066370963545,"almost_certain","BirdNET",NA,10.2198,-83.7874,FALSE,501,"White-winged Dove","Zenaida asiatica","#d16ff8","avian","https://media.birdweather.com/species/501/White-wingedDove-standard-6528ef689b07d5a91f1c2275cdef19c9.jpg","https://media.birdweather.com/species/501/White-wingedDove-thumbnail-4a940adfd5a6c78c73c48c5095e7b896.jpg","https://media.birdweather.com/species/501/White-wingedDove-png200-d65decd3d571b5a9dbeca249ef97689f.png","IscJLwb6hoVelZWZdoh3eIeIdxBoB4IG",16591796863,"https://media.birdweather.com/soundscapes/19267/19267-20260907-121036.flac",3,6,"live"
10989634931,19267,"2026-09-07T06:09:17.000-06:00",0.747213959693909,0.199873045086861,7.17185661998443,"almost_certain","BirdNET",NA,10.2198,-83.7874,FALSE,501,"White-winged Dove","Zenaida asiatica","#d16ff8","avian","https://media.birdweather.com/species/501/White-wingedDove-standard-6528ef689b07d5a91f1c2275cdef19c9.jpg","https://media.birdweather.com/species/501/White-wingedDove-thumbnail-4a940adfd5a6c78c73c48c5095e7b896.jpg","https://media.birdweather.com/species/501/White-wingedDove-png200-d65decd3d571b5a9dbeca249ef97689f.png","IscJLwb6hoVelZWZdoh3eIeIdxBoB4IG",16591757897,"https://media.birdweather.com/soundscapes/19267/19267-20260907-120917.flac",0,3,"live"
10989623563,19267,"2026-09-07T06:08:42.000-06:00",0.869917809963226,0.199856787919998,7.50391387081066,"almost_certain","BirdNET",NA,10.2198,-83.7874,FALSE,501,"White-winged Dove","Zenaida asiatica","#d16ff8","avian","https://media.birdweather.com/species/501/White-wingedDove-standard-6528ef689b07d5a91f1c2275cdef19c9.jpg","https://media.birdweather.com/species/501/White-wingedDove-thumbnail-4a940adfd5a6c78c73c48c5095e7b896.jpg","https://media.birdweather.com/species/501/White-wingedDove-png200-d65decd3d571b5a9dbeca249ef97689f.png","IscJLwb6hoVelZWZdoh3eIeIdxBoB4IG",16591738186,"https://media.birdweather.com/soundscapes/19267/19267-20260907-120836.flac",6,9,"live"
10989623558,19267,"2026-09-07T06:08:40.500-06:00",0.827612161636353,0.199856787919998,7.39824483106963,"almost_certain","BirdNET",NA,10.2198,-83.7874,FALSE,501,"White-winged Dove","Zenaida asiatica","#d16ff8","avian","https://media.birdweather.com/species/501/White-wingedDove-standard-6528ef689b07d5a91f1c2275cdef19c9.jpg","https://media.birdweather.com/species/501/White-wingedDove-thumbnail-4a940adfd5a6c78c73c48c5095e7b896.jpg","https://media.birdweather.com/species/501/White-wingedDove-png200-d65decd3d571b5a9dbeca249ef97689f.png","IscJLwb6hoVelZWZdoh3eIeIdxBoB4IG",16591738186,"https://media.birdweather.com/soundscapes/19267/19267-20260907-120836.flac",4.5,7.5,"live"
10989623557,19267,"2026-09-07T06:08:39.000-06:00",0.966112077236176,0.199856787919998,7.7175869937067,"almost_certain","BirdNET",NA,10.2198,-83.7874,FALSE,501,"White-winged Dove","Zenaida asiatica","#d16ff8","avian","https://media.birdweather.com/species/501/White-wingedDove-standard-6528ef689b07d5a91f1c2275cdef19c9.jpg","https://media.birdweather.com/species/501/White-wingedDove-thumbnail-4a940adfd5a6c78c73c48c5095e7b896.jpg","https://media.birdweather.com/species/501/White-wingedDove-png200-d65decd3d571b5a9dbeca249ef97689f.png","IscJLwb6hoVelZWZdoh3eIeIdxBoB4IG",16591738186,"https://media.birdweather.com/soundscapes/19267/19267-20260907-120836.flac",3,6,"live"
10989623554,19267,"2026-09-07T06:08:37.500-06:00",0.975779354572296,0.199856787919998,7.73732689034976,"almost_certain","BirdNET",NA,10.2198,-83.7874,FALSE,501,"White-winged Dove","Zenaida asiatica","#d16ff8","avian","https://media.birdweather.com/species/501/White-wingedDove-standard-6528ef689b07d5a91f1c2275cdef19c9.jpg","https://media.birdweather.com/species/501/White-wingedDove-thumbnail-4a940adfd5a6c78c73c48c5095e7b896.jpg","https://media.birdweather.com/species/501/White-wingedDove-png200-d65decd3d571b5a9dbeca249ef97689f.png","IscJLwb6hoVelZWZdoh3eIeIdxBoB4IG",16591738186,"https://media.birdweather.com/soundscapes/19267/19267-20260907-120836.flac",1.5,4.5,"live"
10989619438,19267,"2026-09-07T06:08:29.000-06:00",0.851886749267578,0.199863538146019,7.45991340110078,"almost_certain","BirdNET",NA,10.2198,-83.7874,FALSE,501,"White-winged Dove","Zenaida asiatica","#d16ff8","avian","https://media.birdweather.com/species/501/White-wingedDove-standard-6528ef689b07d5a91f1c2275cdef19c9.jpg","https://media.birdweather.com/species/501/White-wingedDove-thumbnail-4a940adfd5a6c78c73c48c5095e7b896.jpg","https://media.birdweather.com/species/501/White-wingedDove-png200-d65decd3d571b5a9dbeca249ef97689f.png","IscJLwb6hoVelZWZdoh3eIeIdxBoB4IG",16591731125,"https://media.birdweather.com/soundscapes/19267/19267-20260907-120823.flac",6,9,"live"
10989619432,19267,"2026-09-07T06:08:24.500-06:00",0.718069314956665,0.199863538146019,7.07947040605021,"almost_certain","BirdNET",NA,10.2198,-83.7874,FALSE,501,"White-winged Dove","Zenaida asiatica","#d16ff8","avian","https://media.birdweather.com/species/501/White-wingedDove-standard-6528ef689b07d5a91f1c2275cdef19c9.jpg","https://media.birdweather.com/species/501/White-wingedDove-thumbnail-4a940adfd5a6c78c73c48c5095e7b896.jpg","https://media.birdweather.com/species/501/White-wingedDove-png200-d65decd3d571b5a9dbeca249ef97689f.png","IscJLwb6hoVelZWZdoh3eIeIdxBoB4IG",16591731125,"https://media.birdweather.com/soundscapes/19267/19267-20260907-120823.flac",1.5,4.5,"live"
10989616006,19267,"2026-09-07T06:08:14.000-06:00",0.866734445095062,0.199866816401482,7.49630553738375,"almost_certain","BirdNET",NA,10.2198,-83.7874,FALSE,501,"White-winged Dove","Zenaida asiatica","#d16ff8","avian","https://media.birdweather.com/species/501/White-wingedDove-standard-6528ef689b07d5a91f1c2275cdef19c9.jpg","https://media.birdweather.com/species/501/White-wingedDove-thumbnail-4a940adfd5a6c78c73c48c5095e7b896.jpg","https://media.birdweather.com/species/501/White-wingedDove-png200-d65decd3d571b5a9dbeca249ef97689f.png","IscJLwb6hoVelZWZdoh3eIeIdxBoB4IG",16591724951,"https://media.birdweather.com/soundscapes/19267/19267-20260907-120808.flac",6,9,"live"
10989615995,19267,"2026-09-07T06:08:08.000-06:00",0.726461827754974,0.199866816401482,7.1067214027982,"almost_certain","BirdNET",NA,10.2198,-83.7874,FALSE,501,"White-winged Dove","Zenaida asiatica","#d16ff8","avian","https://media.birdweather.com/species/501/White-wingedDove-standard-6528ef689b07d5a91f1c2275cdef19c9.jpg","https://media.birdweather.com/species/501/White-wingedDove-thumbnail-4a940adfd5a6c78c73c48c5095e7b896.jpg","https://media.birdweather.com/species/501/White-wingedDove-png200-d65decd3d571b5a9dbeca249ef97689f.png","IscJLwb6hoVelZWZdoh3eIeIdxBoB4IG",16591724951,"https://media.birdweather.com/soundscapes/19267/19267-20260907-120808.flac",0,3,"live"
10989611633,19267,"2026-09-07T06:07:58.000-06:00",0.834484696388245,0.199873760342598,7.41608565595544,"almost_certain","BirdNET",NA,10.2198,-83.7874,FALSE,501,"White-winged Dove","Zenaida asiatica","#d16ff8","avian","https://media.birdweather.com/species/501/White-wingedDove-standard-6528ef689b07d5a91f1c2275cdef19c9.jpg","https://media.birdweather.com/species/501/White-wingedDove-thumbnail-4a940adfd5a6c78c73c48c5095e7b896.jpg","https://media.birdweather.com/species/501/White-wingedDove-png200-d65decd3d571b5a9dbeca249ef97689f.png","IscJLwb6hoVelZWZdoh3eIeIdxBoB4IG",16591717704,"https://media.birdweather.com/soundscapes/19267/19267-20260907-120755.flac",3,6,"live"
10989611629,19267,"2026-09-07T06:07:56.500-06:00",0.900687038898468,0.199873760342598,7.57606188012257,"almost_certain","BirdNET",NA,10.2198,-83.7874,FALSE,501,"White-winged Dove","Zenaida asiatica","#d16ff8","avian","https://media.birdweather.com/species/501/White-wingedDove-standard-6528ef689b07d5a91f1c2275cdef19c9.jpg","https://media.birdweather.com/species/501/White-wingedDove-thumbnail-4a940adfd5a6c78c73c48c5095e7b896.jpg","https://media.birdweather.com/species/501/White-wingedDove-png200-d65decd3d571b5a9dbeca249ef97689f.png","IscJLwb6hoVelZWZdoh3eIeIdxBoB4IG",16591717704,"https://media.birdweather.com/soundscapes/19267/19267-20260907-120755.flac",1.5,4.5,"live"
10989607537,19267,"2026-09-07T06:07:46.000-06:00",0.810961246490479,0.199883028864861,7.35448334803299,"almost_certain","BirdNET",NA,10.2198,-83.7874,FALSE,501,"White-winged Dove","Zenaida asiatica","#d16ff8","avian","https://media.birdweather.com/species/501/White-wingedDove-standard-6528ef689b07d5a91f1c2275cdef19c9.jpg","https://media.birdweather.com/species/501/White-wingedDove-thumbnail-4a940adfd5a6c78c73c48c5095e7b896.jpg","https://media.birdweather.com/species/501/White-wingedDove-png200-d65decd3d571b5a9dbeca249ef97689f.png","IscJLwb6hoVelZWZdoh3eIeIdxBoB4IG",16591710549,"https://media.birdweather.com/soundscapes/19267/19267-20260907-120740.flac",6,9,"live"
10989559153,19267,"2026-09-07T06:05:00.000-06:00",0.898685395717621,0.772585928440094,9.37454266871862,"almost_certain","BirdNET",NA,10.2198,-83.7874,FALSE,229,"Great Kiskadee","Pitangus sulphuratus","#7d4410","avian","https://media.birdweather.com/species/229/GreatKiskadee-standard-cd28a1b8e8b8e5aed433e809c229004e.jpg","https://media.birdweather.com/species/229/GreatKiskadee-thumbnail-b2749ed2442fb322cf3c4cb72f9c97f6.jpg","https://media.birdweather.com/species/229/GreatKiskadee-png200-003973af4f863deb00a4ce9b6f10e59c.png","0PgFDwIrhYqfZJh1mVe3SZZ3uKEJBncG",16591628454,"https://media.birdweather.com/soundscapes/19267/19267-20260907-120454.flac",6,9,"live"
10989559151,19267,"2026-09-07T06:04:58.500-06:00",0.742183685302734,0.772585928440094,8.95941777551202,"almost_certain","BirdNET",NA,10.2198,-83.7874,FALSE,229,"Great Kiskadee","Pitangus sulphuratus","#7d4410","avian","https://media.birdweather.com/species/229/GreatKiskadee-standard-cd28a1b8e8b8e5aed433e809c229004e.jpg","https://media.birdweather.com/species/229/GreatKiskadee-thumbnail-b2749ed2442fb322cf3c4cb72f9c97f6.jpg","https://media.birdweather.com/species/229/GreatKiskadee-png200-003973af4f863deb00a4ce9b6f10e59c.png","0PgFDwIrhYqfZJh1mVe3SZZ3uKEJBncG",16591628454,"https://media.birdweather.com/soundscapes/19267/19267-20260907-120454.flac",4.5,7.5,"live"
10989528473,19267,"2026-09-07T06:03:09.500-06:00",0.806984603404999,0.199876323342323,7.34373561168121,"almost_certain","BirdNET",NA,10.2198,-83.7874,FALSE,501,"White-winged Dove","Zenaida asiatica","#d16ff8","avian","https://media.birdweather.com/species/501/White-wingedDove-standard-6528ef689b07d5a91f1c2275cdef19c9.jpg","https://media.birdweather.com/species/501/White-wingedDove-thumbnail-4a940adfd5a6c78c73c48c5095e7b896.jpg","https://media.birdweather.com/species/501/White-wingedDove-png200-d65decd3d571b5a9dbeca249ef97689f.png","IscJLwb6hoVelZWZdoh3eIeIdxBoB4IG",16591575231,"https://media.birdweather.com/soundscapes/19267/19267-20260907-120305.flac",4.5,7.5,"live"
10989406326,19267,"2026-09-07T05:56:15.000-06:00",0.824550211429596,0.199883326888084,7.39044424025132,"almost_certain","BirdNET",NA,10.2198,-83.7874,FALSE,501,"White-winged Dove","Zenaida asiatica","#d16ff8","avian","https://media.birdweather.com/species/501/White-wingedDove-standard-6528ef689b07d5a91f1c2275cdef19c9.jpg","https://media.birdweather.com/species/501/White-wingedDove-thumbnail-4a940adfd5a6c78c73c48c5095e7b896.jpg","https://media.birdweather.com/species/501/White-wingedDove-png200-d65decd3d571b5a9dbeca249ef97689f.png","IscJLwb6hoVelZWZdoh3eIeIdxBoB4IG",16591369639,"https://media.birdweather.com/soundscapes/19267/19267-20260907-115609.flac",6,9,"live"
10989402454,19267,"2026-09-07T05:55:57.500-06:00",0.773154139518738,0.199886709451675,7.2491919969745,"almost_certain","BirdNET",NA,10.2198,-83.7874,FALSE,501,"White-winged Dove","Zenaida asiatica","#d16ff8","avian","https://media.birdweather.com/species/501/White-wingedDove-standard-6528ef689b07d5a91f1c2275cdef19c9.jpg","https://media.birdweather.com/species/501/White-wingedDove-thumbnail-4a940adfd5a6c78c73c48c5095e7b896.jpg","https://media.birdweather.com/species/501/White-wingedDove-png200-d65decd3d571b5a9dbeca249ef97689f.png","IscJLwb6hoVelZWZdoh3eIeIdxBoB4IG",16591363246,"https://media.birdweather.com/soundscapes/19267/19267-20260907-115556.flac",1.5,4.5,"live"
10989339504,19267,"2026-09-07T05:52:26.000-06:00",0.905831158161163,0.199886709451675,7.5878287594372,"almost_certain","BirdNET",NA,10.2198,-83.7874,FALSE,501,"White-winged Dove","Zenaida asiatica","#d16ff8","avian","https://media.birdweather.com/species/501/White-wingedDove-standard-6528ef689b07d5a91f1c2275cdef19c9.jpg","https://media.birdweather.com/species/501/White-wingedDove-thumbnail-4a940adfd5a6c78c73c48c5095e7b896.jpg","https://media.birdweather.com/species/501/White-wingedDove-png200-d65decd3d571b5a9dbeca249ef97689f.png","IscJLwb6hoVelZWZdoh3eIeIdxBoB4IG",16591259616,"https://media.birdweather.com/soundscapes/19267/19267-20260907-115226.flac",0,3,"live"
10989316851,19267,"2026-09-07T05:51:10.000-06:00",0.726237118244171,0.199873566627502,7.10604340221377,"almost_certain","BirdNET",NA,10.2198,-83.7874,FALSE,501,"White-winged Dove","Zenaida asiatica","#d16ff8","avian","https://media.birdweather.com/species/501/White-wingedDove-standard-6528ef689b07d5a91f1c2275cdef19c9.jpg","https://media.birdweather.com/species/501/White-wingedDove-thumbnail-4a940adfd5a6c78c73c48c5095e7b896.jpg","https://media.birdweather.com/species/501/White-wingedDove-png200-d65decd3d571b5a9dbeca249ef97689f.png","IscJLwb6hoVelZWZdoh3eIeIdxBoB4IG",16591220793,"https://media.birdweather.com/soundscapes/19267/19267-20260907-115107.flac",3,6,"live"
10989305216,19267,"2026-09-07T05:50:30.000-06:00",0.76677131652832,0.199887290596962,7.23058877872945,"almost_certain","BirdNET",NA,10.2198,-83.7874,FALSE,501,"White-winged Dove","Zenaida asiatica","#d16ff8","avian","https://media.birdweather.com/species/501/White-wingedDove-standard-6528ef689b07d5a91f1c2275cdef19c9.jpg","https://media.birdweather.com/species/501/White-wingedDove-thumbnail-4a940adfd5a6c78c73c48c5095e7b896.jpg","https://media.birdweather.com/species/501/White-wingedDove-png200-d65decd3d571b5a9dbeca249ef97689f.png","IscJLwb6hoVelZWZdoh3eIeIdxBoB4IG",16591201118,"https://media.birdweather.com/soundscapes/19267/19267-20260907-115027.flac",3,6,"live"
10989305207,19267,"2026-09-07T05:50:28.500-06:00",0.720142364501953,0.199887290596962,7.08640198538734,"almost_certain","BirdNET",NA,10.2198,-83.7874,FALSE,501,"White-winged Dove","Zenaida asiatica","#d16ff8","avian","https://media.birdweather.com/species/501/White-wingedDove-standard-6528ef689b07d5a91f1c2275cdef19c9.jpg","https://media.birdweather.com/species/501/White-wingedDove-thumbnail-4a940adfd5a6c78c73c48c5095e7b896.jpg","https://media.birdweather.com/species/501/White-wingedDove-png200-d65decd3d571b5a9dbeca249ef97689f.png","IscJLwb6hoVelZWZdoh3eIeIdxBoB4IG",16591201118,"https://media.birdweather.com/soundscapes/19267/19267-20260907-115027.flac",1.5,4.5,"live"
10989300898,19267,"2026-09-07T05:50:17.500-06:00",0.818727374076843,0.772586405277252,9.17814333123468,"almost_certain","BirdNET",NA,10.2198,-83.7874,FALSE,229,"Great Kiskadee","Pitangus sulphuratus","#7d4410","avian","https://media.birdweather.com/species/229/GreatKiskadee-standard-cd28a1b8e8b8e5aed433e809c229004e.jpg","https://media.birdweather.com/species/229/GreatKiskadee-thumbnail-b2749ed2442fb322cf3c4cb72f9c97f6.jpg","https://media.birdweather.com/species/229/GreatKiskadee-png200-003973af4f863deb00a4ce9b6f10e59c.png","0PgFDwIrhYqfZJh1mVe3SZZ3uKEJBncG",16591194064,"https://media.birdweather.com/soundscapes/19267/19267-20260907-115013.flac",4.5,7.5,"live"
10989300893,19267,"2026-09-07T05:50:13.000-06:00",0.842046618461609,0.199887290596962,7.43542098341419,"almost_certain","BirdNET",NA,10.2198,-83.7874,FALSE,501,"White-winged Dove","Zenaida asiatica","#d16ff8","avian","https://media.birdweather.com/species/501/White-wingedDove-standard-6528ef689b07d5a91f1c2275cdef19c9.jpg","https://media.birdweather.com/species/501/White-wingedDove-thumbnail-4a940adfd5a6c78c73c48c5095e7b896.jpg","https://media.birdweather.com/species/501/White-wingedDove-png200-d65decd3d571b5a9dbeca249ef97689f.png","IscJLwb6hoVelZWZdoh3eIeIdxBoB4IG",16591194064,"https://media.birdweather.com/soundscapes/19267/19267-20260907-115013.flac",0,3,"live"
10989297103,19267,"2026-09-07T05:50:07.000-06:00",0.894635200500488,0.199887290596962,7.56227763966433,"almost_certain","BirdNET",NA,10.2198,-83.7874,FALSE,501,"White-winged Dove","Zenaida asiatica","#d16ff8","avian","https://media.birdweather.com/species/501/White-wingedDove-standard-6528ef689b07d5a91f1c2275cdef19c9.jpg","https://media.birdweather.com/species/501/White-wingedDove-thumbnail-4a940adfd5a6c78c73c48c5095e7b896.jpg","https://media.birdweather.com/species/501/White-wingedDove-png200-d65decd3d571b5a9dbeca249ef97689f.png","IscJLwb6hoVelZWZdoh3eIeIdxBoB4IG",16591187719,"https://media.birdweather.com/soundscapes/19267/19267-20260907-115001.flac",6,9,"live"
10989277710,19267,"2026-09-07T05:49:00.000-06:00",0.783503472805023,0.199889048933983,7.27885034892542,"almost_certain","BirdNET",NA,10.2198,-83.7874,FALSE,501,"White-winged Dove","Zenaida asiatica","#d16ff8","avian","https://media.birdweather.com/species/501/White-wingedDove-standard-6528ef689b07d5a91f1c2275cdef19c9.jpg","https://media.birdweather.com/species/501/White-wingedDove-thumbnail-4a940adfd5a6c78c73c48c5095e7b896.jpg","https://media.birdweather.com/species/501/White-wingedDove-png200-d65decd3d571b5a9dbeca249ef97689f.png","IscJLwb6hoVelZWZdoh3eIeIdxBoB4IG",16591155057,"https://media.birdweather.com/soundscapes/19267/19267-20260907-114854.flac",6,9,"live"
10989277707,19267,"2026-09-07T05:48:58.500-06:00",0.801417469978333,0.199889048933983,7.32869167503986,"almost_certain","BirdNET",NA,10.2198,-83.7874,FALSE,501,"White-winged Dove","Zenaida asiatica","#d16ff8","avian","https://media.birdweather.com/species/501/White-wingedDove-standard-6528ef689b07d5a91f1c2275cdef19c9.jpg","https://media.birdweather.com/species/501/White-wingedDove-thumbnail-4a940adfd5a6c78c73c48c5095e7b896.jpg","https://media.birdweather.com/species/501/White-wingedDove-png200-d65decd3d571b5a9dbeca249ef97689f.png","IscJLwb6hoVelZWZdoh3eIeIdxBoB4IG",16591155057,"https://media.birdweather.com/soundscapes/19267/19267-20260907-114854.flac",4.5,7.5,"live"
10989270246,19267,"2026-09-07T05:48:33.500-06:00",0.86239492893219,0.199889048933983,7.48592013070506,"almost_certain","BirdNET",NA,10.2198,-83.7874,FALSE,501,"White-winged Dove","Zenaida asiatica","#d16ff8","avian","https://media.birdweather.com/species/501/White-wingedDove-standard-6528ef689b07d5a91f1c2275cdef19c9.jpg","https://media.birdweather.com/species/501/White-wingedDove-thumbnail-4a940adfd5a6c78c73c48c5095e7b896.jpg","https://media.birdweather.com/species/501/White-wingedDove-png200-d65decd3d571b5a9dbeca249ef97689f.png","IscJLwb6hoVelZWZdoh3eIeIdxBoB4IG",16591142607,"https://media.birdweather.com/soundscapes/19267/19267-20260907-114829.flac",4.5,7.5,"live"
10989270244,19267,"2026-09-07T05:48:32.000-06:00",0.777162551879883,0.199889048933983,7.2607645884123,"almost_certain","BirdNET",NA,10.2198,-83.7874,FALSE,501,"White-winged Dove","Zenaida asiatica","#d16ff8","avian","https://media.birdweather.com/species/501/White-wingedDove-standard-6528ef689b07d5a91f1c2275cdef19c9.jpg","https://media.birdweather.com/species/501/White-wingedDove-thumbnail-4a940adfd5a6c78c73c48c5095e7b896.jpg","https://media.birdweather.com/species/501/White-wingedDove-png200-d65decd3d571b5a9dbeca249ef97689f.png","IscJLwb6hoVelZWZdoh3eIeIdxBoB4IG",16591142607,"https://media.birdweather.com/soundscapes/19267/19267-20260907-114829.flac",3,6,"live"
10989262464,19267,"2026-09-07T05:48:02.000-06:00",0.75973117351532,0.199891641736031,7.20979655228065,"almost_certain","BirdNET",NA,10.2198,-83.7874,FALSE,501,"White-winged Dove","Zenaida asiatica","#d16ff8","avian","https://media.birdweather.com/species/501/White-wingedDove-standard-6528ef689b07d5a91f1c2275cdef19c9.jpg","https://media.birdweather.com/species/501/White-wingedDove-thumbnail-4a940adfd5a6c78c73c48c5095e7b896.jpg","https://media.birdweather.com/species/501/White-wingedDove-png200-d65decd3d571b5a9dbeca249ef97689f.png","IscJLwb6hoVelZWZdoh3eIeIdxBoB4IG",16591129610,"https://media.birdweather.com/soundscapes/19267/19267-20260907-114802.flac",0,3,"live"
10989242494,19267,"2026-09-07T05:46:58.000-06:00",0.740287482738495,0.199878811836243,7.15050958581962,"almost_certain","BirdNET",NA,10.2198,-83.7874,FALSE,501,"White-winged Dove","Zenaida asiatica","#d16ff8","avian","https://media.birdweather.com/species/501/White-wingedDove-standard-6528ef689b07d5a91f1c2275cdef19c9.jpg","https://media.birdweather.com/species/501/White-wingedDove-thumbnail-4a940adfd5a6c78c73c48c5095e7b896.jpg","https://media.birdweather.com/species/501/White-wingedDove-png200-d65decd3d571b5a9dbeca249ef97689f.png","IscJLwb6hoVelZWZdoh3eIeIdxBoB4IG",16591096626,"https://media.birdweather.com/soundscapes/19267/19267-20260907-114655.flac",3,6,"live"
10989242489,19267,"2026-09-07T05:46:55.000-06:00",0.840985476970673,0.199878811836243,7.43268101970405,"almost_certain","BirdNET",NA,10.2198,-83.7874,FALSE,501,"White-winged Dove","Zenaida asiatica","#d16ff8","avian","https://media.birdweather.com/species/501/White-wingedDove-standard-6528ef689b07d5a91f1c2275cdef19c9.jpg","https://media.birdweather.com/species/501/White-wingedDove-thumbnail-4a940adfd5a6c78c73c48c5095e7b896.jpg","https://media.birdweather.com/species/501/White-wingedDove-png200-d65decd3d571b5a9dbeca249ef97689f.png","IscJLwb6hoVelZWZdoh3eIeIdxBoB4IG",16591096626,"https://media.birdweather.com/soundscapes/19267/19267-20260907-114655.flac",0,3,"live"
10989238624,19267,"2026-09-07T05:46:43.000-06:00",0.874901831150055,0.199875175952911,7.51596268979098,"almost_certain","BirdNET",NA,10.2198,-83.7874,FALSE,501,"White-winged Dove","Zenaida asiatica","#d16ff8","avian","https://media.birdweather.com/species/501/White-wingedDove-standard-6528ef689b07d5a91f1c2275cdef19c9.jpg","https://media.birdweather.com/species/501/White-wingedDove-thumbnail-4a940adfd5a6c78c73c48c5095e7b896.jpg","https://media.birdweather.com/species/501/White-wingedDove-png200-d65decd3d571b5a9dbeca249ef97689f.png","IscJLwb6hoVelZWZdoh3eIeIdxBoB4IG",16591090261,"https://media.birdweather.com/soundscapes/19267/19267-20260907-114643.flac",0,3,"live"
10989235056,19267,"2026-09-07T05:46:35.500-06:00",0.898068845272064,0.199875175952911,7.57008669810305,"almost_certain","BirdNET",NA,10.2198,-83.7874,FALSE,501,"White-winged Dove","Zenaida asiatica","#d16ff8","avian","https://media.birdweather.com/species/501/White-wingedDove-standard-6528ef689b07d5a91f1c2275cdef19c9.jpg","https://media.birdweather.com/species/501/White-wingedDove-thumbnail-4a940adfd5a6c78c73c48c5095e7b896.jpg","https://media.birdweather.com/species/501/White-wingedDove-png200-d65decd3d571b5a9dbeca249ef97689f.png","IscJLwb6hoVelZWZdoh3eIeIdxBoB4IG",16591084212,"https://media.birdweather.com/soundscapes/19267/19267-20260907-114631.flac",4.5,7.5,"live"
10989235046,19267,"2026-09-07T05:46:34.000-06:00",0.869011342525482,0.199875175952911,7.50185315607517,"almost_certain","BirdNET",NA,10.2198,-83.7874,FALSE,501,"White-winged Dove","Zenaida asiatica","#d16ff8","avian","https://media.birdweather.com/species/501/White-wingedDove-standard-6528ef689b07d5a91f1c2275cdef19c9.jpg","https://media.birdweather.com/species/501/White-wingedDove-thumbnail-4a940adfd5a6c78c73c48c5095e7b896.jpg","https://media.birdweather.com/species/501/White-wingedDove-png200-d65decd3d571b5a9dbeca249ef97689f.png","IscJLwb6hoVelZWZdoh3eIeIdxBoB4IG",16591084212,"https://media.birdweather.com/soundscapes/19267/19267-20260907-114631.flac",3,6,"live"
10989227249,19267,"2026-09-07T05:46:08.500-06:00",0.824853479862213,0.19988027215004,7.39121613641047,"almost_certain","BirdNET",NA,10.2198,-83.7874,FALSE,501,"White-winged Dove","Zenaida asiatica","#d16ff8","avian","https://media.birdweather.com/species/501/White-wingedDove-standard-6528ef689b07d5a91f1c2275cdef19c9.jpg","https://media.birdweather.com/species/501/White-wingedDove-thumbnail-4a940adfd5a6c78c73c48c5095e7b896.jpg","https://media.birdweather.com/species/501/White-wingedDove-png200-d65decd3d571b5a9dbeca249ef97689f.png","IscJLwb6hoVelZWZdoh3eIeIdxBoB4IG",16591070991,"https://media.birdweather.com/soundscapes/19267/19267-20260907-114604.flac",4.5,7.5,"live"
10989158746,19267,"2026-09-07T05:42:12.000-06:00",0.945057690143585,0.199869334697723,7.67366698557608,"almost_certain","BirdNET",NA,10.2198,-83.7874,FALSE,501,"White-winged Dove","Zenaida asiatica","#d16ff8","avian","https://media.birdweather.com/species/501/White-wingedDove-standard-6528ef689b07d5a91f1c2275cdef19c9.jpg","https://media.birdweather.com/species/501/White-wingedDove-thumbnail-4a940adfd5a6c78c73c48c5095e7b896.jpg","https://media.birdweather.com/species/501/White-wingedDove-png200-d65decd3d571b5a9dbeca249ef97689f.png","IscJLwb6hoVelZWZdoh3eIeIdxBoB4IG",16590953512,"https://media.birdweather.com/soundscapes/19267/19267-20260907-114206.flac",6,9,"live"
10989158741,19267,"2026-09-07T05:42:10.500-06:00",0.787435114383698,0.199869334697723,7.28981686193639,"almost_certain","BirdNET",NA,10.2198,-83.7874,FALSE,501,"White-winged Dove","Zenaida asiatica","#d16ff8","avian","https://media.birdweather.com/species/501/White-wingedDove-standard-6528ef689b07d5a91f1c2275cdef19c9.jpg","https://media.birdweather.com/species/501/White-wingedDove-thumbnail-4a940adfd5a6c78c73c48c5095e7b896.jpg","https://media.birdweather.com/species/501/White-wingedDove-png200-d65decd3d571b5a9dbeca249ef97689f.png","IscJLwb6hoVelZWZdoh3eIeIdxBoB4IG",16590953512,"https://media.birdweather.com/soundscapes/19267/19267-20260907-114206.flac",4.5,7.5,"live"
10989158737,19267,"2026-09-07T05:42:06.000-06:00",0.72090607881546,0.199869334697723,7.08877283518088,"almost_certain","BirdNET",NA,10.2198,-83.7874,FALSE,501,"White-winged Dove","Zenaida asiatica","#d16ff8","avian","https://media.birdweather.com/species/501/White-wingedDove-standard-6528ef689b07d5a91f1c2275cdef19c9.jpg","https://media.birdweather.com/species/501/White-wingedDove-thumbnail-4a940adfd5a6c78c73c48c5095e7b896.jpg","https://media.birdweather.com/species/501/White-wingedDove-png200-d65decd3d571b5a9dbeca249ef97689f.png","IscJLwb6hoVelZWZdoh3eIeIdxBoB4IG",16590953512,"https://media.birdweather.com/soundscapes/19267/19267-20260907-114206.flac",0,3,"live"
10989155131,19267,"2026-09-07T05:41:54.500-06:00",0.83231383562088,0.199882507324219,7.4105670357293,"almost_certain","BirdNET",NA,10.2198,-83.7874,FALSE,501,"White-winged Dove","Zenaida asiatica","#d16ff8","avian","https://media.birdweather.com/species/501/White-wingedDove-standard-6528ef689b07d5a91f1c2275cdef19c9.jpg","https://media.birdweather.com/species/501/White-wingedDove-thumbnail-4a940adfd5a6c78c73c48c5095e7b896.jpg","https://media.birdweather.com/species/501/White-wingedDove-png200-d65decd3d571b5a9dbeca249ef97689f.png","IscJLwb6hoVelZWZdoh3eIeIdxBoB4IG",16590947392,"https://media.birdweather.com/soundscapes/19267/19267-20260907-114153.flac",1.5,4.5,"live"
10989147509,19267,"2026-09-07T05:41:28.000-06:00",0.954421818256378,0.199874445796013,7.69344529763407,"almost_certain","BirdNET",NA,10.2198,-83.7874,FALSE,501,"White-winged Dove","Zenaida asiatica","#d16ff8","avian","https://media.birdweather.com/species/501/White-wingedDove-standard-6528ef689b07d5a91f1c2275cdef19c9.jpg","https://media.birdweather.com/species/501/White-wingedDove-thumbnail-4a940adfd5a6c78c73c48c5095e7b896.jpg","https://media.birdweather.com/species/501/White-wingedDove-png200-d65decd3d571b5a9dbeca249ef97689f.png","IscJLwb6hoVelZWZdoh3eIeIdxBoB4IG",16590933690,"https://media.birdweather.com/soundscapes/19267/19267-20260907-114125.flac",3,6,"live"
10989147502,19267,"2026-09-07T05:41:26.500-06:00",0.97783750295639,0.199874445796013,7.74160828121775,"almost_certain","BirdNET",NA,10.2198,-83.7874,FALSE,501,"White-winged Dove","Zenaida asiatica","#d16ff8","avian","https://media.birdweather.com/species/501/White-wingedDove-standard-6528ef689b07d5a91f1c2275cdef19c9.jpg","https://media.birdweather.com/species/501/White-wingedDove-thumbnail-4a940adfd5a6c78c73c48c5095e7b896.jpg","https://media.birdweather.com/species/501/White-wingedDove-png200-d65decd3d571b5a9dbeca249ef97689f.png","IscJLwb6hoVelZWZdoh3eIeIdxBoB4IG",16590933690,"https://media.birdweather.com/soundscapes/19267/19267-20260907-114125.flac",1.5,4.5,"live"
10989136215,19267,"2026-09-07T05:40:49.500-06:00",0.966553628444672,0.199877113103867,7.71862751774006,"almost_certain","BirdNET",NA,10.2198,-83.7874,FALSE,501,"White-winged Dove","Zenaida asiatica","#d16ff8","avian","https://media.birdweather.com/species/501/White-wingedDove-standard-6528ef689b07d5a91f1c2275cdef19c9.jpg","https://media.birdweather.com/species/501/White-wingedDove-thumbnail-4a940adfd5a6c78c73c48c5095e7b896.jpg","https://media.birdweather.com/species/501/White-wingedDove-png200-d65decd3d571b5a9dbeca249ef97689f.png","IscJLwb6hoVelZWZdoh3eIeIdxBoB4IG",16590913982,"https://media.birdweather.com/soundscapes/19267/19267-20260907-114045.flac",4.5,7.5,"live"
10989136207,19267,"2026-09-07T05:40:45.000-06:00",0.880705654621124,0.199877113103867,7.52973659048205,"almost_certain","BirdNET",NA,10.2198,-83.7874,FALSE,501,"White-winged Dove","Zenaida asiatica","#d16ff8","avian","https://media.birdweather.com/species/501/White-wingedDove-standard-6528ef689b07d5a91f1c2275cdef19c9.jpg","https://media.birdweather.com/species/501/White-wingedDove-thumbnail-4a940adfd5a6c78c73c48c5095e7b896.jpg","https://media.birdweather.com/species/501/White-wingedDove-png200-d65decd3d571b5a9dbeca249ef97689f.png","IscJLwb6hoVelZWZdoh3eIeIdxBoB4IG",16590913982,"https://media.birdweather.com/soundscapes/19267/19267-20260907-114045.flac",0,3,"live"
10989132701,19267,"2026-09-07T05:40:39.000-06:00",0.95732182264328,0.199885442852974,7.69957468647497,"almost_certain","BirdNET",NA,10.2198,-83.7874,FALSE,501,"White-winged Dove","Zenaida asiatica","#d16ff8","avian","https://media.birdweather.com/species/501/White-wingedDove-standard-6528ef689b07d5a91f1c2275cdef19c9.jpg","https://media.birdweather.com/species/501/White-wingedDove-thumbnail-4a940adfd5a6c78c73c48c5095e7b896.jpg","https://media.birdweather.com/species/501/White-wingedDove-png200-d65decd3d571b5a9dbeca249ef97689f.png","IscJLwb6hoVelZWZdoh3eIeIdxBoB4IG",16590907613,"https://media.birdweather.com/soundscapes/19267/19267-20260907-114033.flac",6,9,"live"
10989132700,19267,"2026-09-07T05:40:37.500-06:00",0.912183105945587,0.199885442852974,7.6021097290843,"almost_certain","BirdNET",NA,10.2198,-83.7874,FALSE,501,"White-winged Dove","Zenaida asiatica","#d16ff8","avian","https://media.birdweather.com/species/501/White-wingedDove-standard-6528ef689b07d5a91f1c2275cdef19c9.jpg","https://media.birdweather.com/species/501/White-wingedDove-thumbnail-4a940adfd5a6c78c73c48c5095e7b896.jpg","https://media.birdweather.com/species/501/White-wingedDove-png200-d65decd3d571b5a9dbeca249ef97689f.png","IscJLwb6hoVelZWZdoh3eIeIdxBoB4IG",16590907613,"https://media.birdweather.com/soundscapes/19267/19267-20260907-114033.flac",4.5,7.5,"live"
10989132696,19267,"2026-09-07T05:40:36.000-06:00",0.766057312488556,0.199885442852974,7.22847947150876,"almost_certain","BirdNET",NA,10.2198,-83.7874,FALSE,501,"White-winged Dove","Zenaida asiatica","#d16ff8","avian","https://media.birdweather.com/species/501/White-wingedDove-standard-6528ef689b07d5a91f1c2275cdef19c9.jpg","https://media.birdweather.com/species/501/White-wingedDove-thumbnail-4a940adfd5a6c78c73c48c5095e7b896.jpg","https://media.birdweather.com/species/501/White-wingedDove-png200-d65decd3d571b5a9dbeca249ef97689f.png","IscJLwb6hoVelZWZdoh3eIeIdxBoB4IG",16590907613,"https://media.birdweather.com/soundscapes/19267/19267-20260907-114033.flac",3,6,"live"
10989128756,19267,"2026-09-07T05:40:25.000-06:00",0.804070770740509,0.199869558215141,7.33579482708275,"almost_certain","BirdNET",NA,10.2198,-83.7874,FALSE,501,"White-winged Dove","Zenaida asiatica","#d16ff8","avian","https://media.birdweather.com/species/501/White-wingedDove-standard-6528ef689b07d5a91f1c2275cdef19c9.jpg","https://media.birdweather.com/species/501/White-wingedDove-thumbnail-4a940adfd5a6c78c73c48c5095e7b896.jpg","https://media.birdweather.com/species/501/White-wingedDove-png200-d65decd3d571b5a9dbeca249ef97689f.png","IscJLwb6hoVelZWZdoh3eIeIdxBoB4IG",16590900577,"https://media.birdweather.com/soundscapes/19267/19267-20260907-114019.flac",6,9,"live"
10989041921,19267,"2026-09-07T05:35:01.500-06:00",0.730295062065125,0.199876427650452,7.1190433174667,"almost_certain","BirdNET",NA,10.2198,-83.7874,FALSE,501,"White-winged Dove","Zenaida asiatica","#d16ff8","avian","https://media.birdweather.com/species/501/White-wingedDove-standard-6528ef689b07d5a91f1c2275cdef19c9.jpg","https://media.birdweather.com/species/501/White-wingedDove-thumbnail-4a940adfd5a6c78c73c48c5095e7b896.jpg","https://media.birdweather.com/species/501/White-wingedDove-png200-d65decd3d571b5a9dbeca249ef97689f.png","IscJLwb6hoVelZWZdoh3eIeIdxBoB4IG",16590743669,"https://media.birdweather.com/soundscapes/19267/19267-20260907-113500.flac",1.5,4.5,"live"
10989041918,19267,"2026-09-07T05:35:00.000-06:00",0.923043251037598,0.199876427650452,7.62614166055747,"almost_certain","BirdNET",NA,10.2198,-83.7874,FALSE,501,"White-winged Dove","Zenaida asiatica","#d16ff8","avian","https://media.birdweather.com/species/501/White-wingedDove-standard-6528ef689b07d5a91f1c2275cdef19c9.jpg","https://media.birdweather.com/species/501/White-wingedDove-thumbnail-4a940adfd5a6c78c73c48c5095e7b896.jpg","https://media.birdweather.com/species/501/White-wingedDove-png200-d65decd3d571b5a9dbeca249ef97689f.png","IscJLwb6hoVelZWZdoh3eIeIdxBoB4IG",16590743669,"https://media.birdweather.com/soundscapes/19267/19267-20260907-113500.flac",0,3,"live"
10989038367,19267,"2026-09-07T05:34:53.000-06:00",0.772183299064636,0.199876427650452,7.24631096276616,"almost_certain","BirdNET",NA,10.2198,-83.7874,FALSE,501,"White-winged Dove","Zenaida asiatica","#d16ff8","avian","https://media.birdweather.com/species/501/White-wingedDove-standard-6528ef689b07d5a91f1c2275cdef19c9.jpg","https://media.birdweather.com/species/501/White-wingedDove-thumbnail-4a940adfd5a6c78c73c48c5095e7b896.jpg","https://media.birdweather.com/species/501/White-wingedDove-png200-d65decd3d571b5a9dbeca249ef97689f.png","IscJLwb6hoVelZWZdoh3eIeIdxBoB4IG",16590737328,"https://media.birdweather.com/soundscapes/19267/19267-20260907-113447.flac",6,9,"live"
10989038364,19267,"2026-09-07T05:34:48.500-06:00",0.733545541763306,0.199876427650452,7.129353502434,"almost_certain","BirdNET",NA,10.2198,-83.7874,FALSE,501,"White-winged Dove","Zenaida asiatica","#d16ff8","avian","https://media.birdweather.com/species/501/White-wingedDove-standard-6528ef689b07d5a91f1c2275cdef19c9.jpg","https://media.birdweather.com/species/501/White-wingedDove-thumbnail-4a940adfd5a6c78c73c48c5095e7b896.jpg","https://media.birdweather.com/species/501/White-wingedDove-png200-d65decd3d571b5a9dbeca249ef97689f.png","IscJLwb6hoVelZWZdoh3eIeIdxBoB4IG",16590737328,"https://media.birdweather.com/soundscapes/19267/19267-20260907-113447.flac",1.5,4.5,"live"
10989038361,19267,"2026-09-07T05:34:47.000-06:00",0.785795271396637,0.199876427650452,7.28524640003515,"almost_certain","BirdNET",NA,10.2198,-83.7874,FALSE,501,"White-winged Dove","Zenaida asiatica","#d16ff8","avian","https://media.birdweather.com/species/501/White-wingedDove-standard-6528ef689b07d5a91f1c2275cdef19c9.jpg","https://media.birdweather.com/species/501/White-wingedDove-thumbnail-4a940adfd5a6c78c73c48c5095e7b896.jpg","https://media.birdweather.com/species/501/White-wingedDove-png200-d65decd3d571b5a9dbeca249ef97689f.png","IscJLwb6hoVelZWZdoh3eIeIdxBoB4IG",16590737328,"https://media.birdweather.com/soundscapes/19267/19267-20260907-113447.flac",0,3,"live"
10989023316,19267,"2026-09-07T05:33:59.000-06:00",0.855195224285126,0.199876427650452,7.46818595857979,"almost_certain","BirdNET",NA,10.2198,-83.7874,FALSE,501,"White-winged Dove","Zenaida asiatica","#d16ff8","avian","https://media.birdweather.com/species/501/White-wingedDove-standard-6528ef689b07d5a91f1c2275cdef19c9.jpg","https://media.birdweather.com/species/501/White-wingedDove-thumbnail-4a940adfd5a6c78c73c48c5095e7b896.jpg","https://media.birdweather.com/species/501/White-wingedDove-png200-d65decd3d571b5a9dbeca249ef97689f.png","IscJLwb6hoVelZWZdoh3eIeIdxBoB4IG",16590710631,"https://media.birdweather.com/soundscapes/19267/19267-20260907-113353.flac",6,9,"live"
10989023314,19267,"2026-09-07T05:33:57.500-06:00",0.856621026992798,0.199876427650452,7.47169976003408,"almost_certain","BirdNET",NA,10.2198,-83.7874,FALSE,501,"White-winged Dove","Zenaida asiatica","#d16ff8","avian","https://media.birdweather.com/species/501/White-wingedDove-standard-6528ef689b07d5a91f1c2275cdef19c9.jpg","https://media.birdweather.com/species/501/White-wingedDove-thumbnail-4a940adfd5a6c78c73c48c5095e7b896.jpg","https://media.birdweather.com/species/501/White-wingedDove-png200-d65decd3d571b5a9dbeca249ef97689f.png","IscJLwb6hoVelZWZdoh3eIeIdxBoB4IG",16590710631,"https://media.birdweather.com/soundscapes/19267/19267-20260907-113353.flac",4.5,7.5,"live"
10989023308,19267,"2026-09-07T05:33:53.000-06:00",0.812800467014313,0.199876427650452,7.35936276085048,"almost_certain","BirdNET",NA,10.2198,-83.7874,FALSE,501,"White-winged Dove","Zenaida asiatica","#d16ff8","avian","https://media.birdweather.com/species/501/White-wingedDove-standard-6528ef689b07d5a91f1c2275cdef19c9.jpg","https://media.birdweather.com/species/501/White-wingedDove-thumbnail-4a940adfd5a6c78c73c48c5095e7b896.jpg","https://media.birdweather.com/species/501/White-wingedDove-png200-d65decd3d571b5a9dbeca249ef97689f.png","IscJLwb6hoVelZWZdoh3eIeIdxBoB4IG",16590710631,"https://media.birdweather.com/soundscapes/19267/19267-20260907-113353.flac",0,3,"live"
10989015439,19267,"2026-09-07T05:33:31.000-06:00",0.702034294605255,0.199886843562126,7.02604204330989,"almost_certain","BirdNET",NA,10.2198,-83.7874,FALSE,501,"White-winged Dove","Zenaida asiatica","#d16ff8","avian","https://media.birdweather.com/species/501/White-wingedDove-standard-6528ef689b07d5a91f1c2275cdef19c9.jpg","https://media.birdweather.com/species/501/White-wingedDove-thumbnail-4a940adfd5a6c78c73c48c5095e7b896.jpg","https://media.birdweather.com/species/501/White-wingedDove-png200-d65decd3d571b5a9dbeca249ef97689f.png","IscJLwb6hoVelZWZdoh3eIeIdxBoB4IG",16590697075,"https://media.birdweather.com/soundscapes/19267/19267-20260907-113325.flac",6,9,"live"
10989015428,19267,"2026-09-07T05:33:29.500-06:00",0.883955419063568,0.199886843562126,7.53744557272852,"almost_certain","BirdNET",NA,10.2198,-83.7874,FALSE,501,"White-winged Dove","Zenaida asiatica","#d16ff8","avian","https://media.birdweather.com/species/501/White-wingedDove-standard-6528ef689b07d5a91f1c2275cdef19c9.jpg","https://media.birdweather.com/species/501/White-wingedDove-thumbnail-4a940adfd5a6c78c73c48c5095e7b896.jpg","https://media.birdweather.com/species/501/White-wingedDove-png200-d65decd3d571b5a9dbeca249ef97689f.png","IscJLwb6hoVelZWZdoh3eIeIdxBoB4IG",16590697075,"https://media.birdweather.com/soundscapes/19267/19267-20260907-113325.flac",4.5,7.5,"live"
10989015418,19267,"2026-09-07T05:33:25.000-06:00",0.859239459037781,0.199886843562126,7.47819733220638,"almost_certain","BirdNET",NA,10.2198,-83.7874,FALSE,501,"White-winged Dove","Zenaida asiatica","#d16ff8","avian","https://media.birdweather.com/species/501/White-wingedDove-standard-6528ef689b07d5a91f1c2275cdef19c9.jpg","https://media.birdweather.com/species/501/White-wingedDove-thumbnail-4a940adfd5a6c78c73c48c5095e7b896.jpg","https://media.birdweather.com/species/501/White-wingedDove-png200-d65decd3d571b5a9dbeca249ef97689f.png","IscJLwb6hoVelZWZdoh3eIeIdxBoB4IG",16590697075,"https://media.birdweather.com/soundscapes/19267/19267-20260907-113325.flac",0,3,"live"
10989007969,19267,"2026-09-07T05:33:02.500-06:00",0.873638868331909,0.199886843562126,7.51302587946926,"almost_certain","BirdNET",NA,10.2198,-83.7874,FALSE,501,"White-winged Dove","Zenaida asiatica","#d16ff8","avian","https://media.birdweather.com/species/501/White-wingedDove-standard-6528ef689b07d5a91f1c2275cdef19c9.jpg","https://media.birdweather.com/species/501/White-wingedDove-thumbnail-4a940adfd5a6c78c73c48c5095e7b896.jpg","https://media.birdweather.com/species/501/White-wingedDove-png200-d65decd3d571b5a9dbeca249ef97689f.png","IscJLwb6hoVelZWZdoh3eIeIdxBoB4IG",16590683868,"https://media.birdweather.com/soundscapes/19267/19267-20260907-113258.flac",4.5,7.5,"live"
10989007961,19267,"2026-09-07T05:33:01.000-06:00",0.836288690567017,0.199886843562126,7.42078729873412,"almost_certain","BirdNET",NA,10.2198,-83.7874,FALSE,501,"White-winged Dove","Zenaida asiatica","#d16ff8","avian","https://media.birdweather.com/species/501/White-wingedDove-standard-6528ef689b07d5a91f1c2275cdef19c9.jpg","https://media.birdweather.com/species/501/White-wingedDove-thumbnail-4a940adfd5a6c78c73c48c5095e7b896.jpg","https://media.birdweather.com/species/501/White-wingedDove-png200-d65decd3d571b5a9dbeca249ef97689f.png","IscJLwb6hoVelZWZdoh3eIeIdxBoB4IG",16590683868,"https://media.birdweather.com/soundscapes/19267/19267-20260907-113258.flac",3,6,"live"
10989000766,19267,"2026-09-07T05:32:38.000-06:00",0.953550398349762,0.199886843562126,7.69170073376221,"almost_certain","BirdNET",NA,10.2198,-83.7874,FALSE,501,"White-winged Dove","Zenaida asiatica","#d16ff8","avian","https://media.birdweather.com/species/501/White-wingedDove-standard-6528ef689b07d5a91f1c2275cdef19c9.jpg","https://media.birdweather.com/species/501/White-wingedDove-thumbnail-4a940adfd5a6c78c73c48c5095e7b896.jpg","https://media.birdweather.com/species/501/White-wingedDove-png200-d65decd3d571b5a9dbeca249ef97689f.png","IscJLwb6hoVelZWZdoh3eIeIdxBoB4IG",16590671155,"https://media.birdweather.com/soundscapes/19267/19267-20260907-113232.flac",6,9,"live"
10989000764,19267,"2026-09-07T05:32:36.500-06:00",0.97244781255722,0.199886843562126,7.73075238589466,"almost_certain","BirdNET",NA,10.2198,-83.7874,FALSE,501,"White-winged Dove","Zenaida asiatica","#d16ff8","avian","https://media.birdweather.com/species/501/White-wingedDove-standard-6528ef689b07d5a91f1c2275cdef19c9.jpg","https://media.birdweather.com/species/501/White-wingedDove-thumbnail-4a940adfd5a6c78c73c48c5095e7b896.jpg","https://media.birdweather.com/species/501/White-wingedDove-png200-d65decd3d571b5a9dbeca249ef97689f.png","IscJLwb6hoVelZWZdoh3eIeIdxBoB4IG",16590671155,"https://media.birdweather.com/soundscapes/19267/19267-20260907-113232.flac",4.5,7.5,"live"
10989000759,19267,"2026-09-07T05:32:32.000-06:00",0.988980412483215,0.199886843562126,7.76402740536985,"almost_certain","BirdNET",NA,10.2198,-83.7874,FALSE,501,"White-winged Dove","Zenaida asiatica","#d16ff8","avian","https://media.birdweather.com/species/501/White-wingedDove-standard-6528ef689b07d5a91f1c2275cdef19c9.jpg","https://media.birdweather.com/species/501/White-wingedDove-thumbnail-4a940adfd5a6c78c73c48c5095e7b896.jpg","https://media.birdweather.com/species/501/White-wingedDove-png200-d65decd3d571b5a9dbeca249ef97689f.png","IscJLwb6hoVelZWZdoh3eIeIdxBoB4IG",16590671155,"https://media.birdweather.com/soundscapes/19267/19267-20260907-113232.flac",0,3,"live"
10988993515,19267,"2026-09-07T05:32:06.000-06:00",0.904261827468872,0.199868857860565,7.58415881133011,"almost_certain","BirdNET",NA,10.2198,-83.7874,FALSE,501,"White-winged Dove","Zenaida asiatica","#d16ff8","avian","https://media.birdweather.com/species/501/White-wingedDove-standard-6528ef689b07d5a91f1c2275cdef19c9.jpg","https://media.birdweather.com/species/501/White-wingedDove-thumbnail-4a940adfd5a6c78c73c48c5095e7b896.jpg","https://media.birdweather.com/species/501/White-wingedDove-png200-d65decd3d571b5a9dbeca249ef97689f.png","IscJLwb6hoVelZWZdoh3eIeIdxBoB4IG",16590658072,"https://media.birdweather.com/soundscapes/19267/19267-20260907-113206.flac",0,3,"live"
10988990058,19267,"2026-09-07T05:31:59.000-06:00",0.867958962917328,0.199868857860565,7.49927576844132,"almost_certain","BirdNET",NA,10.2198,-83.7874,FALSE,501,"White-winged Dove","Zenaida asiatica","#d16ff8","avian","https://media.birdweather.com/species/501/White-wingedDove-standard-6528ef689b07d5a91f1c2275cdef19c9.jpg","https://media.birdweather.com/species/501/White-wingedDove-thumbnail-4a940adfd5a6c78c73c48c5095e7b896.jpg","https://media.birdweather.com/species/501/White-wingedDove-png200-d65decd3d571b5a9dbeca249ef97689f.png","IscJLwb6hoVelZWZdoh3eIeIdxBoB4IG",16590651913,"https://media.birdweather.com/soundscapes/19267/19267-20260907-113153.flac",6,9,"live"
10988990052,19267,"2026-09-07T05:31:54.500-06:00",0.934041619300842,0.199868857860565,7.6500654077351,"almost_certain","BirdNET",NA,10.2198,-83.7874,FALSE,501,"White-winged Dove","Zenaida asiatica","#d16ff8","avian","https://media.birdweather.com/species/501/White-wingedDove-standard-6528ef689b07d5a91f1c2275cdef19c9.jpg","https://media.birdweather.com/species/501/White-wingedDove-thumbnail-4a940adfd5a6c78c73c48c5095e7b896.jpg","https://media.birdweather.com/species/501/White-wingedDove-png200-d65decd3d571b5a9dbeca249ef97689f.png","IscJLwb6hoVelZWZdoh3eIeIdxBoB4IG",16590651913,"https://media.birdweather.com/soundscapes/19267/19267-20260907-113153.flac",1.5,4.5,"live"
10988986028,19267,"2026-09-07T05:31:45.000-06:00",0.813550055027008,0.199871227145195,7.36132995377344,"almost_certain","BirdNET",NA,10.2198,-83.7874,FALSE,501,"White-winged Dove","Zenaida asiatica","#d16ff8","avian","https://media.birdweather.com/species/501/White-wingedDove-standard-6528ef689b07d5a91f1c2275cdef19c9.jpg","https://media.birdweather.com/species/501/White-wingedDove-thumbnail-4a940adfd5a6c78c73c48c5095e7b896.jpg","https://media.birdweather.com/species/501/White-wingedDove-png200-d65decd3d571b5a9dbeca249ef97689f.png","IscJLwb6hoVelZWZdoh3eIeIdxBoB4IG",16590644790,"https://media.birdweather.com/soundscapes/19267/19267-20260907-113139.flac",6,9,"live"
10988986023,19267,"2026-09-07T05:31:43.500-06:00",0.953780710697174,0.199871227145195,7.69208150195471,"almost_certain","BirdNET",NA,10.2198,-83.7874,FALSE,501,"White-winged Dove","Zenaida asiatica","#d16ff8","avian","https://media.birdweather.com/species/501/White-wingedDove-standard-6528ef689b07d5a91f1c2275cdef19c9.jpg","https://media.birdweather.com/species/501/White-wingedDove-thumbnail-4a940adfd5a6c78c73c48c5095e7b896.jpg","https://media.birdweather.com/species/501/White-wingedDove-png200-d65decd3d571b5a9dbeca249ef97689f.png","IscJLwb6hoVelZWZdoh3eIeIdxBoB4IG",16590644790,"https://media.birdweather.com/soundscapes/19267/19267-20260907-113139.flac",4.5,7.5,"live"
10988986020,19267,"2026-09-07T05:31:42.000-06:00",0.979362845420837,0.199871227145195,7.74466672762946,"almost_certain","BirdNET",NA,10.2198,-83.7874,FALSE,501,"White-winged Dove","Zenaida asiatica","#d16ff8","avian","https://media.birdweather.com/species/501/White-wingedDove-standard-6528ef689b07d5a91f1c2275cdef19c9.jpg","https://media.birdweather.com/species/501/White-wingedDove-thumbnail-4a940adfd5a6c78c73c48c5095e7b896.jpg","https://media.birdweather.com/species/501/White-wingedDove-png200-d65decd3d571b5a9dbeca249ef97689f.png","IscJLwb6hoVelZWZdoh3eIeIdxBoB4IG",16590644790,"https://media.birdweather.com/soundscapes/19267/19267-20260907-113139.flac",3,6,"live"
10988986017,19267,"2026-09-07T05:31:40.500-06:00",0.817523419857025,0.199871227145195,7.37188892342212,"almost_certain","BirdNET",NA,10.2198,-83.7874,FALSE,501,"White-winged Dove","Zenaida asiatica","#d16ff8","avian","https://media.birdweather.com/species/501/White-wingedDove-standard-6528ef689b07d5a91f1c2275cdef19c9.jpg","https://media.birdweather.com/species/501/White-wingedDove-thumbnail-4a940adfd5a6c78c73c48c5095e7b896.jpg","https://media.birdweather.com/species/501/White-wingedDove-png200-d65decd3d571b5a9dbeca249ef97689f.png","IscJLwb6hoVelZWZdoh3eIeIdxBoB4IG",16590644790,"https://media.birdweather.com/soundscapes/19267/19267-20260907-113139.flac",1.5,4.5,"live"
10988982683,19267,"2026-09-07T05:31:26.000-06:00",0.837039828300476,0.199881047010422,7.42266697181257,"almost_certain","BirdNET",NA,10.2198,-83.7874,FALSE,501,"White-winged Dove","Zenaida asiatica","#d16ff8","avian","https://media.birdweather.com/species/501/White-wingedDove-standard-6528ef689b07d5a91f1c2275cdef19c9.jpg","https://media.birdweather.com/species/501/White-wingedDove-thumbnail-4a940adfd5a6c78c73c48c5095e7b896.jpg","https://media.birdweather.com/species/501/White-wingedDove-png200-d65decd3d571b5a9dbeca249ef97689f.png","IscJLwb6hoVelZWZdoh3eIeIdxBoB4IG",16590638412,"https://media.birdweather.com/soundscapes/19267/19267-20260907-113126.flac",0,3,"live"
10988979098,19267,"2026-09-07T05:31:20.000-06:00",0.81285434961319,0.199890732765198,7.35960008188741,"almost_certain","BirdNET",NA,10.2198,-83.7874,FALSE,501,"White-winged Dove","Zenaida asiatica","#d16ff8","avian","https://media.birdweather.com/species/501/White-wingedDove-standard-6528ef689b07d5a91f1c2275cdef19c9.jpg","https://media.birdweather.com/species/501/White-wingedDove-thumbnail-4a940adfd5a6c78c73c48c5095e7b896.jpg","https://media.birdweather.com/species/501/White-wingedDove-png200-d65decd3d571b5a9dbeca249ef97689f.png","IscJLwb6hoVelZWZdoh3eIeIdxBoB4IG",16590632179,"https://media.birdweather.com/soundscapes/19267/19267-20260907-113114.flac",6,9,"live"
10988943033,19267,"2026-09-07T05:29:01.000-06:00",0.953654825687408,0.0193966347724199,4.99892659405374,"almost_certain","BirdNET",NA,10.2198,-83.7874,FALSE,1815,"Olive-throated Parakeet","Eupsittula nana","#ff6ad7","avian","https://media.birdweather.com/species/1815/Olive-throatedParakeet-standard-7a8764835cbbed5b353abb070de0fd48.jpg","https://media.birdweather.com/species/1815/Olive-throatedParakeet-thumbnail-9c4e0d5be805be9ed4a949c4ae3919f0.jpg","https://media.birdweather.com/species/1815/Olive-throatedParakeet-png200-1d99f36ba2877b9162d4f49d75819266.png","4+gFDwL5ind7t5d5pnpVpad5ZsIIvVIP",16590566964,"https://media.birdweather.com/soundscapes/19267/19267-20260907-112901.flac",0,3,"live"
10988932084,19267,"2026-09-07T05:28:28.000-06:00",0.833691239356995,0.199892520904541,7.41417280115485,"almost_certain","BirdNET",NA,10.2198,-83.7874,FALSE,501,"White-winged Dove","Zenaida asiatica","#d16ff8","avian","https://media.birdweather.com/species/501/White-wingedDove-standard-6528ef689b07d5a91f1c2275cdef19c9.jpg","https://media.birdweather.com/species/501/White-wingedDove-thumbnail-4a940adfd5a6c78c73c48c5095e7b896.jpg","https://media.birdweather.com/species/501/White-wingedDove-png200-d65decd3d571b5a9dbeca249ef97689f.png","IscJLwb6hoVelZWZdoh3eIeIdxBoB4IG",16590547440,"https://media.birdweather.com/soundscapes/19267/19267-20260907-112822.flac",6,9,"live"
10988914035,19267,"2026-09-07T05:27:17.000-06:00",0.720598876476288,0.199877113103867,7.08782333795842,"almost_certain","BirdNET",NA,10.2198,-83.7874,FALSE,501,"White-winged Dove","Zenaida asiatica","#d16ff8","avian","https://media.birdweather.com/species/501/White-wingedDove-standard-6528ef689b07d5a91f1c2275cdef19c9.jpg","https://media.birdweather.com/species/501/White-wingedDove-thumbnail-4a940adfd5a6c78c73c48c5095e7b896.jpg","https://media.birdweather.com/species/501/White-wingedDove-png200-d65decd3d571b5a9dbeca249ef97689f.png","IscJLwb6hoVelZWZdoh3eIeIdxBoB4IG",16590515510,"https://media.birdweather.com/soundscapes/19267/19267-20260907-112717.flac",0,3,"live"
10988899897,19267,"2026-09-07T05:26:27.000-06:00",0.809004306793213,0.19988214969635,7.34922054808237,"almost_certain","BirdNET",NA,10.2198,-83.7874,FALSE,501,"White-winged Dove","Zenaida asiatica","#d16ff8","avian","https://media.birdweather.com/species/501/White-wingedDove-standard-6528ef689b07d5a91f1c2275cdef19c9.jpg","https://media.birdweather.com/species/501/White-wingedDove-thumbnail-4a940adfd5a6c78c73c48c5095e7b896.jpg","https://media.birdweather.com/species/501/White-wingedDove-png200-d65decd3d571b5a9dbeca249ef97689f.png","IscJLwb6hoVelZWZdoh3eIeIdxBoB4IG",16590489626,"https://media.birdweather.com/soundscapes/19267/19267-20260907-112624.flac",3,6,"live"
10988899889,19267,"2026-09-07T05:26:24.000-06:00",0.786839962005615,0.19988214969635,7.28822673857902,"almost_certain","BirdNET",NA,10.2198,-83.7874,FALSE,501,"White-winged Dove","Zenaida asiatica","#d16ff8","avian","https://media.birdweather.com/species/501/White-wingedDove-standard-6528ef689b07d5a91f1c2275cdef19c9.jpg","https://media.birdweather.com/species/501/White-wingedDove-thumbnail-4a940adfd5a6c78c73c48c5095e7b896.jpg","https://media.birdweather.com/species/501/White-wingedDove-png200-d65decd3d571b5a9dbeca249ef97689f.png","IscJLwb6hoVelZWZdoh3eIeIdxBoB4IG",16590489626,"https://media.birdweather.com/soundscapes/19267/19267-20260907-112624.flac",0,3,"live"
10988896477,19267,"2026-09-07T05:26:13.500-06:00",0.798393070697784,0.19988214969635,7.32035819156573,"almost_certain","BirdNET",NA,10.2198,-83.7874,FALSE,501,"White-winged Dove","Zenaida asiatica","#d16ff8","avian","https://media.birdweather.com/species/501/White-wingedDove-standard-6528ef689b07d5a91f1c2275cdef19c9.jpg","https://media.birdweather.com/species/501/White-wingedDove-thumbnail-4a940adfd5a6c78c73c48c5095e7b896.jpg","https://media.birdweather.com/species/501/White-wingedDove-png200-d65decd3d571b5a9dbeca249ef97689f.png","IscJLwb6hoVelZWZdoh3eIeIdxBoB4IG",16590483243,"https://media.birdweather.com/soundscapes/19267/19267-20260907-112612.flac",1.5,4.5,"live"
10988797643,19267,"2026-09-07T05:20:06.000-06:00",0.716252386569977,0.772589147090912,8.87662938004015,"almost_certain","BirdNET",NA,10.2198,-83.7874,FALSE,229,"Great Kiskadee","Pitangus sulphuratus","#7d4410","avian","https://media.birdweather.com/species/229/GreatKiskadee-standard-cd28a1b8e8b8e5aed433e809c229004e.jpg","https://media.birdweather.com/species/229/GreatKiskadee-thumbnail-b2749ed2442fb322cf3c4cb72f9c97f6.jpg","https://media.birdweather.com/species/229/GreatKiskadee-png200-003973af4f863deb00a4ce9b6f10e59c.png","0PgFDwIrhYqfZJh1mVe3SZZ3uKEJBncG",16590301336,"https://media.birdweather.com/soundscapes/19267/19267-20260907-112003.flac",3,6,"live"
10988702764,19267,"2026-09-07T05:14:08.000-06:00",0.780936241149902,0.199889317154884,7.27155850604666,"almost_certain","BirdNET",NA,10.2198,-83.7874,FALSE,501,"White-winged Dove","Zenaida asiatica","#d16ff8","avian","https://media.birdweather.com/species/501/White-wingedDove-standard-6528ef689b07d5a91f1c2275cdef19c9.jpg","https://media.birdweather.com/species/501/White-wingedDove-thumbnail-4a940adfd5a6c78c73c48c5095e7b896.jpg","https://media.birdweather.com/species/501/White-wingedDove-png200-d65decd3d571b5a9dbeca249ef97689f.png","IscJLwb6hoVelZWZdoh3eIeIdxBoB4IG",16590125327,"https://media.birdweather.com/soundscapes/19267/19267-20260907-111405.flac",3,6,"live"
10988677444,19267,"2026-09-07T05:12:35.000-06:00",0.737936019897461,0.106045827269554,6.3313863681365,"almost_certain","BirdNET",NA,10.2198,-83.7874,FALSE,603,"Tropical Mockingbird","Mimus gilvus","#006e2a","avian","https://media.birdweather.com/species/603/TropicalMockingbird-standard-33be42788a38707b12f757d28526a492.jpg","https://media.birdweather.com/species/603/TropicalMockingbird-thumbnail-4f6417f6928c80a2cb70eb341f54fd79.jpg","https://media.birdweather.com/species/603/TropicalMockingbird-png200-9e94d27578943cfad1e7923fe23d2300.png","q+cJFwL4VohclXidhXh5aJh4qDAaGKYA",16590078242,"https://media.birdweather.com/soundscapes/19267/19267-20260907-111229.flac",6,9,"live"
10988596136,19267,"2026-09-07T05:07:11.000-06:00",0.720629453659058,0.772590219974518,8.89096216207546,"almost_certain","BirdNET",NA,10.2198,-83.7874,FALSE,229,"Great Kiskadee","Pitangus sulphuratus","#7d4410","avian","https://media.birdweather.com/species/229/GreatKiskadee-standard-cd28a1b8e8b8e5aed433e809c229004e.jpg","https://media.birdweather.com/species/229/GreatKiskadee-thumbnail-b2749ed2442fb322cf3c4cb72f9c97f6.jpg","https://media.birdweather.com/species/229/GreatKiskadee-png200-003973af4f863deb00a4ce9b6f10e59c.png","0PgFDwIrhYqfZJh1mVe3SZZ3uKEJBncG",16589921853,"https://media.birdweather.com/soundscapes/19267/19267-20260907-110711.flac",0,3,"live"
10988579631,19267,"2026-09-07T05:06:07.500-06:00",0.864777386188507,0.772589385509491,9.2946714220277,"almost_certain","BirdNET",NA,10.2198,-83.7874,FALSE,229,"Great Kiskadee","Pitangus sulphuratus","#7d4410","avian","https://media.birdweather.com/species/229/GreatKiskadee-standard-cd28a1b8e8b8e5aed433e809c229004e.jpg","https://media.birdweather.com/species/229/GreatKiskadee-thumbnail-b2749ed2442fb322cf3c4cb72f9c97f6.jpg","https://media.birdweather.com/species/229/GreatKiskadee-png200-003973af4f863deb00a4ce9b6f10e59c.png","0PgFDwIrhYqfZJh1mVe3SZZ3uKEJBncG",16589890095,"https://media.birdweather.com/soundscapes/19267/19267-20260907-110606.flac",1.5,4.5,"live"
10988579630,19267,"2026-09-07T05:06:06.000-06:00",0.929119944572449,0.772589385509491,9.44248110926649,"almost_certain","BirdNET",NA,10.2198,-83.7874,FALSE,229,"Great Kiskadee","Pitangus sulphuratus","#7d4410","avian","https://media.birdweather.com/species/229/GreatKiskadee-standard-cd28a1b8e8b8e5aed433e809c229004e.jpg","https://media.birdweather.com/species/229/GreatKiskadee-thumbnail-b2749ed2442fb322cf3c4cb72f9c97f6.jpg","https://media.birdweather.com/species/229/GreatKiskadee-png200-003973af4f863deb00a4ce9b6f10e59c.png","0PgFDwIrhYqfZJh1mVe3SZZ3uKEJBncG",16589890095,"https://media.birdweather.com/soundscapes/19267/19267-20260907-110606.flac",0,3,"live"
10988569461,19267,"2026-09-07T05:05:29.000-06:00",0.807307302951813,0.772588729858398,9.1476491262521,"almost_certain","BirdNET",NA,10.2198,-83.7874,FALSE,229,"Great Kiskadee","Pitangus sulphuratus","#7d4410","avian","https://media.birdweather.com/species/229/GreatKiskadee-standard-cd28a1b8e8b8e5aed433e809c229004e.jpg","https://media.birdweather.com/species/229/GreatKiskadee-thumbnail-b2749ed2442fb322cf3c4cb72f9c97f6.jpg","https://media.birdweather.com/species/229/GreatKiskadee-png200-003973af4f863deb00a4ce9b6f10e59c.png","0PgFDwIrhYqfZJh1mVe3SZZ3uKEJBncG",16589870402,"https://media.birdweather.com/soundscapes/19267/19267-20260907-110526.flac",3,6,"live"
10988552794,19267,"2026-09-07T05:04:25.500-06:00",0.71528297662735,0.772588968276978,8.87343475373736,"almost_certain","BirdNET",NA,10.2198,-83.7874,FALSE,229,"Great Kiskadee","Pitangus sulphuratus","#7d4410","avian","https://media.birdweather.com/species/229/GreatKiskadee-standard-cd28a1b8e8b8e5aed433e809c229004e.jpg","https://media.birdweather.com/species/229/GreatKiskadee-thumbnail-b2749ed2442fb322cf3c4cb72f9c97f6.jpg","https://media.birdweather.com/species/229/GreatKiskadee-png200-003973af4f863deb00a4ce9b6f10e59c.png","0PgFDwIrhYqfZJh1mVe3SZZ3uKEJBncG",16589838064,"https://media.birdweather.com/soundscapes/19267/19267-20260907-110421.flac",4.5,7.5,"live"
10988552790,19267,"2026-09-07T05:04:24.000-06:00",0.73152768611908,0.772588968276978,8.92600372478374,"almost_certain","BirdNET",NA,10.2198,-83.7874,FALSE,229,"Great Kiskadee","Pitangus sulphuratus","#7d4410","avian","https://media.birdweather.com/species/229/GreatKiskadee-standard-cd28a1b8e8b8e5aed433e809c229004e.jpg","https://media.birdweather.com/species/229/GreatKiskadee-thumbnail-b2749ed2442fb322cf3c4cb72f9c97f6.jpg","https://media.birdweather.com/species/229/GreatKiskadee-png200-003973af4f863deb00a4ce9b6f10e59c.png","0PgFDwIrhYqfZJh1mVe3SZZ3uKEJBncG",16589838064,"https://media.birdweather.com/soundscapes/19267/19267-20260907-110421.flac",3,6,"live"
10988549630,19267,"2026-09-07T05:04:11.000-06:00",0.833529055118561,0.772588729858398,9.21669245508904,"almost_certain","BirdNET",NA,10.2198,-83.7874,FALSE,229,"Great Kiskadee","Pitangus sulphuratus","#7d4410","avian","https://media.birdweather.com/species/229/GreatKiskadee-standard-cd28a1b8e8b8e5aed433e809c229004e.jpg","https://media.birdweather.com/species/229/GreatKiskadee-thumbnail-b2749ed2442fb322cf3c4cb72f9c97f6.jpg","https://media.birdweather.com/species/229/GreatKiskadee-png200-003973af4f863deb00a4ce9b6f10e59c.png","0PgFDwIrhYqfZJh1mVe3SZZ3uKEJBncG",16589832018,"https://media.birdweather.com/soundscapes/19267/19267-20260907-110408.flac",3,6,"live"
10988549621,19267,"2026-09-07T05:04:09.500-06:00",0.947708129882812,0.772588729858398,9.48237196209505,"almost_certain","BirdNET",NA,10.2198,-83.7874,FALSE,229,"Great Kiskadee","Pitangus sulphuratus","#7d4410","avian","https://media.birdweather.com/species/229/GreatKiskadee-standard-cd28a1b8e8b8e5aed433e809c229004e.jpg","https://media.birdweather.com/species/229/GreatKiskadee-thumbnail-b2749ed2442fb322cf3c4cb72f9c97f6.jpg","https://media.birdweather.com/species/229/GreatKiskadee-png200-003973af4f863deb00a4ce9b6f10e59c.png","0PgFDwIrhYqfZJh1mVe3SZZ3uKEJBncG",16589832018,"https://media.birdweather.com/soundscapes/19267/19267-20260907-110408.flac",1.5,4.5,"live"
10988501961,19267,"2026-09-07T05:01:06.500-06:00",0.718640625476837,0.199876353144646,7.08142494904352,"almost_certain","BirdNET",NA,10.2198,-83.7874,FALSE,501,"White-winged Dove","Zenaida asiatica","#d16ff8","avian","https://media.birdweather.com/species/501/White-wingedDove-standard-6528ef689b07d5a91f1c2275cdef19c9.jpg","https://media.birdweather.com/species/501/White-wingedDove-thumbnail-4a940adfd5a6c78c73c48c5095e7b896.jpg","https://media.birdweather.com/species/501/White-wingedDove-png200-d65decd3d571b5a9dbeca249ef97689f.png","IscJLwb6hoVelZWZdoh3eIeIdxBoB4IG",16589740672,"https://media.birdweather.com/soundscapes/19267/19267-20260907-110102.flac",4.5,7.5,"live"
10988501951,19267,"2026-09-07T05:01:05.000-06:00",0.855289876461029,0.199876353144646,7.46841901607896,"almost_certain","BirdNET",NA,10.2198,-83.7874,FALSE,501,"White-winged Dove","Zenaida asiatica","#d16ff8","avian","https://media.birdweather.com/species/501/White-wingedDove-standard-6528ef689b07d5a91f1c2275cdef19c9.jpg","https://media.birdweather.com/species/501/White-wingedDove-thumbnail-4a940adfd5a6c78c73c48c5095e7b896.jpg","https://media.birdweather.com/species/501/White-wingedDove-png200-d65decd3d571b5a9dbeca249ef97689f.png","IscJLwb6hoVelZWZdoh3eIeIdxBoB4IG",16589740672,"https://media.birdweather.com/soundscapes/19267/19267-20260907-110102.flac",3,6,"live"
10987983653,19267,"2026-09-07T04:24:31.500-06:00",0.790743827819824,0.095902107656002,6.36204615792232,"almost_certain","BirdNET",NA,10.2198,-83.7874,FALSE,582,"Least Sandpiper","Calidris minutilla","#c90021","avian","https://media.birdweather.com/species/582/LeastSandpiper-standard-056ee08383105f9b6c17c40655a8d6fd.jpg","https://media.birdweather.com/species/582/LeastSandpiper-thumbnail-3932423644730d2d55b05aa3865ecd00.jpg","https://media.birdweather.com/species/582/LeastSandpiper-png200-8b16775e1d0fba1c6c8389f8558744ce.png","5BgKFwJ2d2hAd3d0iZeHh3eEh/i5eZ8K",16588664650,"https://media.birdweather.com/soundscapes/19267/19267-20260907-102427.flac",4.5,7.5,"live"
10987729552,19267,"2026-09-07T04:02:30.500-06:00",0.979522943496704,0.0632087364792824,6.30213380038979,"almost_certain","BirdNET",NA,10.2198,-83.7874,FALSE,2106,"Scale-crested Pygmy-Tyrant","Lophotriccus pileatus","#ff3f73","avian","https://media.birdweather.com/species/2106/Scale-crestedPygmy-Tyrant-standard-30688703276d7a86ba8040e08ec546e4.jpg","https://media.birdweather.com/species/2106/Scale-crestedPygmy-Tyrant-thumbnail-a2fa4da6488b42e46af0521226507326.jpg","https://media.birdweather.com/species/2106/Scale-crestedPygmy-Tyrant-png200-7dba50c93511c6b01ee479c707de9a8b.png","IroFJwJKZ2tcVqZvUmlauFW0Vp9LCUoK",16588020870,"https://media.birdweather.com/soundscapes/19267/19267-20260907-100226.flac",4.5,7.5,"live"
10987729547,19267,"2026-09-07T04:02:29.000-06:00",0.940352499485016,0.0632087364792824,6.22079389582948,"almost_certain","BirdNET",NA,10.2198,-83.7874,FALSE,2106,"Scale-crested Pygmy-Tyrant","Lophotriccus pileatus","#ff3f73","avian","https://media.birdweather.com/species/2106/Scale-crestedPygmy-Tyrant-standard-30688703276d7a86ba8040e08ec546e4.jpg","https://media.birdweather.com/species/2106/Scale-crestedPygmy-Tyrant-thumbnail-a2fa4da6488b42e46af0521226507326.jpg","https://media.birdweather.com/species/2106/Scale-crestedPygmy-Tyrant-png200-7dba50c93511c6b01ee479c707de9a8b.png","IroFJwJKZ2tcVqZvUmlauFW0Vp9LCUoK",16588020870,"https://media.birdweather.com/soundscapes/19267/19267-20260907-100226.flac",3,6,"live"
10987355744,19267,"2026-09-07T03:25:08.000-06:00",0.75874924659729,0.0632071569561958,5.76384872102563,"almost_certain","BirdNET",NA,10.2198,-83.7874,FALSE,2106,"Scale-crested Pygmy-Tyrant","Lophotriccus pileatus","#ff3f73","avian","https://media.birdweather.com/species/2106/Scale-crestedPygmy-Tyrant-standard-30688703276d7a86ba8040e08ec546e4.jpg","https://media.birdweather.com/species/2106/Scale-crestedPygmy-Tyrant-thumbnail-a2fa4da6488b42e46af0521226507326.jpg","https://media.birdweather.com/species/2106/Scale-crestedPygmy-Tyrant-png200-7dba50c93511c6b01ee479c707de9a8b.png","IroFJwJKZ2tcVqZvUmlauFW0Vp9LCUoK",16586931278,"https://media.birdweather.com/soundscapes/19267/19267-20260907-092502.flac",6,9,"live"
10986440133,19267,"2026-09-07T02:02:06.000-06:00",0.875480473041534,0.0340021960437298,5.37702633585309,"almost_certain","BirdNET",NA,10.2198,-83.7874,FALSE,242,"Barn Owl","Tyto alba","#c57e94","avian","https://media.birdweather.com/species/242/BarnOwl-standard-8bec9306e3928726cbb18b498dd33c03.jpg","https://media.birdweather.com/species/242/BarnOwl-thumbnail-f2dc3ee81bc91e5f2214d7a2b7be6eef.jpg","https://media.birdweather.com/species/242/BarnOwl-png200-fe95e07244e391ae77d98d1c722d7699.png","4PgFFwKCFGWPgIlpq2aJdXiHiQRFCWME",16584507063,"https://media.birdweather.com/soundscapes/19267/19267-20260907-080203.flac",3,6,"live"
10986440130,19267,"2026-09-07T02:02:04.500-06:00",0.95678174495697,0.0340021960437298,5.55806699519681,"almost_certain","BirdNET",NA,10.2198,-83.7874,FALSE,242,"Barn Owl","Tyto alba","#c57e94","avian","https://media.birdweather.com/species/242/BarnOwl-standard-8bec9306e3928726cbb18b498dd33c03.jpg","https://media.birdweather.com/species/242/BarnOwl-thumbnail-f2dc3ee81bc91e5f2214d7a2b7be6eef.jpg","https://media.birdweather.com/species/242/BarnOwl-png200-fe95e07244e391ae77d98d1c722d7699.png","4PgFFwKCFGWPgIlpq2aJdXiHiQRFCWME",16584507063,"https://media.birdweather.com/soundscapes/19267/19267-20260907-080203.flac",1.5,4.5,"live"
10985356790,19267,"2026-09-07T00:39:36.000-06:00",0.826724946498871,0.0632093772292137,5.95318965355541,"almost_certain","BirdNET",NA,10.2198,-83.7874,FALSE,2106,"Scale-crested Pygmy-Tyrant","Lophotriccus pileatus","#ff3f73","avian","https://media.birdweather.com/species/2106/Scale-crestedPygmy-Tyrant-standard-30688703276d7a86ba8040e08ec546e4.jpg","https://media.birdweather.com/species/2106/Scale-crestedPygmy-Tyrant-thumbnail-a2fa4da6488b42e46af0521226507326.jpg","https://media.birdweather.com/species/2106/Scale-crestedPygmy-Tyrant-png200-7dba50c93511c6b01ee479c707de9a8b.png","IroFJwJKZ2tcVqZvUmlauFW0Vp9LCUoK",16582078464,"https://media.birdweather.com/soundscapes/19267/19267-20260907-063936.flac",0,3,"live"
