"id","stationId","timestamp","confidence","probability","score","certainty","algorithm","metadata","lat","lon","favorite","species.id","species.commonName","species.scientificName","species.color","species.classification","species.imageUrl","species.thumbnailUrl","species.pngUrl","species.thumbhash","soundscape.id","soundscape.url","soundscape.startTime","soundscape.endTime","soundscape.mode"
10732827943,19267,"2026-08-26T17:32:11.500-06:00",0.758291840553284,0.777646541595459,9.01726811221502,"almost_certain","BirdNET",NA,10.2198,-83.7874,FALSE,229,"Great Kiskadee","Pitangus sulphuratus","#7d4410","avian","https://media.birdweather.com/species/229/GreatKiskadee-standard-cd28a1b8e8b8e5aed433e809c229004e.jpg","https://media.birdweather.com/species/229/GreatKiskadee-thumbnail-b2749ed2442fb322cf3c4cb72f9c97f6.jpg","https://media.birdweather.com/species/229/GreatKiskadee-png200-003973af4f863deb00a4ce9b6f10e59c.png","0PgFDwIrhYqfZJh1mVe3SZZ3uKEJBncG",16106182456,"https://media.birdweather.com/soundscapes/19267/19267-20260826-233210.flac",1.5,4.5,"live"
10732578497,19267,"2026-08-26T17:15:00.000-06:00",0.727605998516083,0.777645468711853,8.92231979314849,"almost_certain","BirdNET",NA,10.2198,-83.7874,FALSE,229,"Great Kiskadee","Pitangus sulphuratus","#7d4410","avian","https://media.birdweather.com/species/229/GreatKiskadee-standard-cd28a1b8e8b8e5aed433e809c229004e.jpg","https://media.birdweather.com/species/229/GreatKiskadee-thumbnail-b2749ed2442fb322cf3c4cb72f9c97f6.jpg","https://media.birdweather.com/species/229/GreatKiskadee-png200-003973af4f863deb00a4ce9b6f10e59c.png","0PgFDwIrhYqfZJh1mVe3SZZ3uKEJBncG",16105679154,"https://media.birdweather.com/soundscapes/19267/19267-20260826-231457.flac",3,6,"live"
10732568598,19267,"2026-08-26T17:14:19.000-06:00",0.867949247360229,0.777645468711853,9.31116669326864,"almost_certain","BirdNET",NA,10.2198,-83.7874,FALSE,229,"Great Kiskadee","Pitangus sulphuratus","#7d4410","avian","https://media.birdweather.com/species/229/GreatKiskadee-standard-cd28a1b8e8b8e5aed433e809c229004e.jpg","https://media.birdweather.com/species/229/GreatKiskadee-thumbnail-b2749ed2442fb322cf3c4cb72f9c97f6.jpg","https://media.birdweather.com/species/229/GreatKiskadee-png200-003973af4f863deb00a4ce9b6f10e59c.png","0PgFDwIrhYqfZJh1mVe3SZZ3uKEJBncG",16105658915,"https://media.birdweather.com/soundscapes/19267/19267-20260826-231413.flac",6,9,"live"
10732019444,19267,"2026-08-26T16:38:13.000-06:00",0.937928676605225,0.777645289897919,9.47035274237428,"almost_certain","BirdNET",NA,10.2198,-83.7874,FALSE,229,"Great Kiskadee","Pitangus sulphuratus","#7d4410","avian","https://media.birdweather.com/species/229/GreatKiskadee-standard-cd28a1b8e8b8e5aed433e809c229004e.jpg","https://media.birdweather.com/species/229/GreatKiskadee-thumbnail-b2749ed2442fb322cf3c4cb72f9c97f6.jpg","https://media.birdweather.com/species/229/GreatKiskadee-png200-003973af4f863deb00a4ce9b6f10e59c.png","0PgFDwIrhYqfZJh1mVe3SZZ3uKEJBncG",16104599684,"https://media.birdweather.com/soundscapes/19267/19267-20260826-223813.flac",0,3,"live"
10732015735,19267,"2026-08-26T16:38:02.000-06:00",0.756367206573486,0.777645289897919,9.01150039335078,"almost_certain","BirdNET",NA,10.2198,-83.7874,FALSE,229,"Great Kiskadee","Pitangus sulphuratus","#7d4410","avian","https://media.birdweather.com/species/229/GreatKiskadee-standard-cd28a1b8e8b8e5aed433e809c229004e.jpg","https://media.birdweather.com/species/229/GreatKiskadee-thumbnail-b2749ed2442fb322cf3c4cb72f9c97f6.jpg","https://media.birdweather.com/species/229/GreatKiskadee-png200-003973af4f863deb00a4ce9b6f10e59c.png","0PgFDwIrhYqfZJh1mVe3SZZ3uKEJBncG",16104592577,"https://media.birdweather.com/soundscapes/19267/19267-20260826-223759.flac",3,6,"live"
10731809764,19267,"2026-08-26T16:25:01.000-06:00",0.836103975772858,0.01920803822577,4.71850465476803,"almost_certain","BirdNET",NA,10.2198,-83.7874,FALSE,1815,"Olive-throated Parakeet","Eupsittula nana","#ff6ad7","avian","https://media.birdweather.com/species/1815/Olive-throatedParakeet-standard-7a8764835cbbed5b353abb070de0fd48.jpg","https://media.birdweather.com/species/1815/Olive-throatedParakeet-thumbnail-9c4e0d5be805be9ed4a949c4ae3919f0.jpg","https://media.birdweather.com/species/1815/Olive-throatedParakeet-png200-1d99f36ba2877b9162d4f49d75819266.png","4+gFDwL5ind7t5d5pnpVpad5ZsIIvVIP",16104212784,"https://media.birdweather.com/soundscapes/19267/19267-20260826-222458.flac",3,6,"live"
10731516844,19267,"2026-08-26T16:06:41.000-06:00",0.905291080474854,0.202001556754112,7.6003421314802,"almost_certain","BirdNET",NA,10.2198,-83.7874,FALSE,501,"White-winged Dove","Zenaida asiatica","#d16ff8","avian","https://media.birdweather.com/species/501/White-wingedDove-standard-6528ef689b07d5a91f1c2275cdef19c9.jpg","https://media.birdweather.com/species/501/White-wingedDove-thumbnail-4a940adfd5a6c78c73c48c5095e7b896.jpg","https://media.birdweather.com/species/501/White-wingedDove-png200-d65decd3d571b5a9dbeca249ef97689f.png","IscJLwb6hoVelZWZdoh3eIeIdxBoB4IG",16103670671,"https://media.birdweather.com/soundscapes/19267/19267-20260826-220635.flac",6,9,"live"
10731516840,19267,"2026-08-26T16:06:39.500-06:00",0.969428241252899,0.202001556754112,7.73832100978684,"almost_certain","BirdNET",NA,10.2198,-83.7874,FALSE,501,"White-winged Dove","Zenaida asiatica","#d16ff8","avian","https://media.birdweather.com/species/501/White-wingedDove-standard-6528ef689b07d5a91f1c2275cdef19c9.jpg","https://media.birdweather.com/species/501/White-wingedDove-thumbnail-4a940adfd5a6c78c73c48c5095e7b896.jpg","https://media.birdweather.com/species/501/White-wingedDove-png200-d65decd3d571b5a9dbeca249ef97689f.png","IscJLwb6hoVelZWZdoh3eIeIdxBoB4IG",16103670671,"https://media.birdweather.com/soundscapes/19267/19267-20260826-220635.flac",4.5,7.5,"live"
10731509866,19267,"2026-08-26T16:06:16.000-06:00",0.748318076133728,0.201996520161629,7.18902668509151,"almost_certain","BirdNET",NA,10.2198,-83.7874,FALSE,501,"White-winged Dove","Zenaida asiatica","#d16ff8","avian","https://media.birdweather.com/species/501/White-wingedDove-standard-6528ef689b07d5a91f1c2275cdef19c9.jpg","https://media.birdweather.com/species/501/White-wingedDove-thumbnail-4a940adfd5a6c78c73c48c5095e7b896.jpg","https://media.birdweather.com/species/501/White-wingedDove-png200-d65decd3d571b5a9dbeca249ef97689f.png","IscJLwb6hoVelZWZdoh3eIeIdxBoB4IG",16103657724,"https://media.birdweather.com/soundscapes/19267/19267-20260826-220610.flac",6,9,"live"
10731509863,19267,"2026-08-26T16:06:14.500-06:00",0.975797116756439,0.201996520161629,7.75126089740516,"almost_certain","BirdNET",NA,10.2198,-83.7874,FALSE,501,"White-winged Dove","Zenaida asiatica","#d16ff8","avian","https://media.birdweather.com/species/501/White-wingedDove-standard-6528ef689b07d5a91f1c2275cdef19c9.jpg","https://media.birdweather.com/species/501/White-wingedDove-thumbnail-4a940adfd5a6c78c73c48c5095e7b896.jpg","https://media.birdweather.com/species/501/White-wingedDove-png200-d65decd3d571b5a9dbeca249ef97689f.png","IscJLwb6hoVelZWZdoh3eIeIdxBoB4IG",16103657724,"https://media.birdweather.com/soundscapes/19267/19267-20260826-220610.flac",4.5,7.5,"live"
10731300337,19267,"2026-08-26T15:52:57.000-06:00",0.848709762096405,0.777644217014313,9.26395099212992,"almost_certain","BirdNET",NA,10.2198,-83.7874,FALSE,229,"Great Kiskadee","Pitangus sulphuratus","#7d4410","avian","https://media.birdweather.com/species/229/GreatKiskadee-standard-cd28a1b8e8b8e5aed433e809c229004e.jpg","https://media.birdweather.com/species/229/GreatKiskadee-thumbnail-b2749ed2442fb322cf3c4cb72f9c97f6.jpg","https://media.birdweather.com/species/229/GreatKiskadee-png200-003973af4f863deb00a4ce9b6f10e59c.png","0PgFDwIrhYqfZJh1mVe3SZZ3uKEJBncG",16103266901,"https://media.birdweather.com/soundscapes/19267/19267-20260826-215251.flac",6,9,"live"
10730767168,19267,"2026-08-26T15:20:47.500-06:00",0.808102190494537,0.595483601093292,8.79827969985213,"almost_certain","BirdNET",NA,10.2198,-83.7874,FALSE,121,"Social Flycatcher","Myiozetetes similis","#69b9ff","avian","https://media.birdweather.com/species/121/SocialFlycatcher-standard-6e107581e61c9f556b3a0af5200f486a.jpg","https://media.birdweather.com/species/121/SocialFlycatcher-thumbnail-87f640fcaf1441ecbbd56b57372185a8.jpg","https://media.birdweather.com/species/121/SocialFlycatcher-png200-2f6dd485cf927db0dd7fd9abc239fb19.png","2xkKJwIJh3ekeXh0e5Z4eYaIdyApd5AC",16102313572,"https://media.birdweather.com/soundscapes/19267/19267-20260826-212046.flac",1.5,4.5,"live"
10730767164,19267,"2026-08-26T15:20:46.000-06:00",0.878362596035004,0.595483601093292,8.97571992295687,"almost_certain","BirdNET",NA,10.2198,-83.7874,FALSE,121,"Social Flycatcher","Myiozetetes similis","#69b9ff","avian","https://media.birdweather.com/species/121/SocialFlycatcher-standard-6e107581e61c9f556b3a0af5200f486a.jpg","https://media.birdweather.com/species/121/SocialFlycatcher-thumbnail-87f640fcaf1441ecbbd56b57372185a8.jpg","https://media.birdweather.com/species/121/SocialFlycatcher-png200-2f6dd485cf927db0dd7fd9abc239fb19.png","2xkKJwIJh3ekeXh0e5Z4eYaIdyApd5AC",16102313572,"https://media.birdweather.com/soundscapes/19267/19267-20260826-212046.flac",0,3,"live"
10729454167,19267,"2026-08-26T13:59:48.500-06:00",0.774276256561279,0.241464018821716,7.5000400471468,"almost_certain","BirdNET",NA,10.2198,-83.7874,FALSE,3766,"Crimson-fronted Parakeet","Psittacara finschi","#65ad00","avian","https://media.birdweather.com/species/3766/Crimson-frontedParakeet-standard-ddc77fa728634b78b78a31cc430f7895.jpg","https://media.birdweather.com/species/3766/Crimson-frontedParakeet-thumbnail-df6cfd5712c254c532e4f60547260885.jpg","https://media.birdweather.com/species/3766/Crimson-frontedParakeet-png200-7ac02114402521892623f1f6b95ca6c2.png","1PgJHwR1hXZghIXBaJmliYSndzA49JgL",16099951121,"https://media.birdweather.com/soundscapes/19267/19267-20260826-195947.flac",1.5,4.5,"live"
10729026579,19267,"2026-08-26T13:34:23.000-06:00",0.928013145923615,0.777647972106934,9.44889582929939,"almost_certain","BirdNET",NA,10.2198,-83.7874,FALSE,229,"Great Kiskadee","Pitangus sulphuratus","#7d4410","avian","https://media.birdweather.com/species/229/GreatKiskadee-standard-cd28a1b8e8b8e5aed433e809c229004e.jpg","https://media.birdweather.com/species/229/GreatKiskadee-thumbnail-b2749ed2442fb322cf3c4cb72f9c97f6.jpg","https://media.birdweather.com/species/229/GreatKiskadee-png200-003973af4f863deb00a4ce9b6f10e59c.png","0PgFDwIrhYqfZJh1mVe3SZZ3uKEJBncG",16099205400,"https://media.birdweather.com/soundscapes/19267/19267-20260826-193417.flac",6,9,"live"
10729026568,19267,"2026-08-26T13:34:18.500-06:00",0.889786183834076,0.777647972106934,9.36285842051085,"almost_certain","BirdNET",NA,10.2198,-83.7874,FALSE,229,"Great Kiskadee","Pitangus sulphuratus","#7d4410","avian","https://media.birdweather.com/species/229/GreatKiskadee-standard-cd28a1b8e8b8e5aed433e809c229004e.jpg","https://media.birdweather.com/species/229/GreatKiskadee-thumbnail-b2749ed2442fb322cf3c4cb72f9c97f6.jpg","https://media.birdweather.com/species/229/GreatKiskadee-png200-003973af4f863deb00a4ce9b6f10e59c.png","0PgFDwIrhYqfZJh1mVe3SZZ3uKEJBncG",16099205400,"https://media.birdweather.com/soundscapes/19267/19267-20260826-193417.flac",1.5,4.5,"live"
10728958613,19267,"2026-08-26T13:30:17.000-06:00",0.753404319286346,0.777648091316223,9.00258177299285,"almost_certain","BirdNET",NA,10.2198,-83.7874,FALSE,229,"Great Kiskadee","Pitangus sulphuratus","#7d4410","avian","https://media.birdweather.com/species/229/GreatKiskadee-standard-cd28a1b8e8b8e5aed433e809c229004e.jpg","https://media.birdweather.com/species/229/GreatKiskadee-thumbnail-b2749ed2442fb322cf3c4cb72f9c97f6.jpg","https://media.birdweather.com/species/229/GreatKiskadee-png200-003973af4f863deb00a4ce9b6f10e59c.png","0PgFDwIrhYqfZJh1mVe3SZZ3uKEJBncG",16099085015,"https://media.birdweather.com/soundscapes/19267/19267-20260826-193011.flac",6,9,"live"
10728958610,19267,"2026-08-26T13:30:15.500-06:00",0.851032972335815,0.777648091316223,9.26974599879574,"almost_certain","BirdNET",NA,10.2198,-83.7874,FALSE,229,"Great Kiskadee","Pitangus sulphuratus","#7d4410","avian","https://media.birdweather.com/species/229/GreatKiskadee-standard-cd28a1b8e8b8e5aed433e809c229004e.jpg","https://media.birdweather.com/species/229/GreatKiskadee-thumbnail-b2749ed2442fb322cf3c4cb72f9c97f6.jpg","https://media.birdweather.com/species/229/GreatKiskadee-png200-003973af4f863deb00a4ce9b6f10e59c.png","0PgFDwIrhYqfZJh1mVe3SZZ3uKEJBncG",16099085015,"https://media.birdweather.com/soundscapes/19267/19267-20260826-193011.flac",4.5,7.5,"live"
10728809453,19267,"2026-08-26T13:21:06.000-06:00",0.776103854179382,0.59548282623291,8.70916413439874,"almost_certain","BirdNET",NA,10.2198,-83.7874,FALSE,121,"Social Flycatcher","Myiozetetes similis","#69b9ff","avian","https://media.birdweather.com/species/121/SocialFlycatcher-standard-6e107581e61c9f556b3a0af5200f486a.jpg","https://media.birdweather.com/species/121/SocialFlycatcher-thumbnail-87f640fcaf1441ecbbd56b57372185a8.jpg","https://media.birdweather.com/species/121/SocialFlycatcher-png200-2f6dd485cf927db0dd7fd9abc239fb19.png","2xkKJwIJh3ekeXh0e5Z4eYaIdyApd5AC",16098814234,"https://media.birdweather.com/soundscapes/19267/19267-20260826-192100.flac",6,9,"live"
10728630205,19267,"2026-08-26T13:10:07.000-06:00",0.785197496414185,0.595481753349304,8.73508211459578,"almost_certain","BirdNET",NA,10.2198,-83.7874,FALSE,121,"Social Flycatcher","Myiozetetes similis","#69b9ff","avian","https://media.birdweather.com/species/121/SocialFlycatcher-standard-6e107581e61c9f556b3a0af5200f486a.jpg","https://media.birdweather.com/species/121/SocialFlycatcher-thumbnail-87f640fcaf1441ecbbd56b57372185a8.jpg","https://media.birdweather.com/species/121/SocialFlycatcher-png200-2f6dd485cf927db0dd7fd9abc239fb19.png","2xkKJwIJh3ekeXh0e5Z4eYaIdyApd5AC",16098481922,"https://media.birdweather.com/soundscapes/19267/19267-20260826-191001.flac",6,9,"live"
10728630202,19267,"2026-08-26T13:10:05.500-06:00",0.835570931434631,0.595481753349304,8.87040704613607,"almost_certain","BirdNET",NA,10.2198,-83.7874,FALSE,121,"Social Flycatcher","Myiozetetes similis","#69b9ff","avian","https://media.birdweather.com/species/121/SocialFlycatcher-standard-6e107581e61c9f556b3a0af5200f486a.jpg","https://media.birdweather.com/species/121/SocialFlycatcher-thumbnail-87f640fcaf1441ecbbd56b57372185a8.jpg","https://media.birdweather.com/species/121/SocialFlycatcher-png200-2f6dd485cf927db0dd7fd9abc239fb19.png","2xkKJwIJh3ekeXh0e5Z4eYaIdyApd5AC",16098481922,"https://media.birdweather.com/soundscapes/19267/19267-20260826-191001.flac",4.5,7.5,"live"
10728622276,19267,"2026-08-26T13:09:33.000-06:00",0.736985921859741,0.595479011535645,8.59169850872799,"almost_certain","BirdNET",NA,10.2198,-83.7874,FALSE,121,"Social Flycatcher","Myiozetetes similis","#69b9ff","avian","https://media.birdweather.com/species/121/SocialFlycatcher-standard-6e107581e61c9f556b3a0af5200f486a.jpg","https://media.birdweather.com/species/121/SocialFlycatcher-thumbnail-87f640fcaf1441ecbbd56b57372185a8.jpg","https://media.birdweather.com/species/121/SocialFlycatcher-png200-2f6dd485cf927db0dd7fd9abc239fb19.png","2xkKJwIJh3ekeXh0e5Z4eYaIdyApd5AC",16098467759,"https://media.birdweather.com/soundscapes/19267/19267-20260826-190930.flac",3,6,"live"
10728566919,19267,"2026-08-26T13:06:20.000-06:00",0.852650344371796,0.595482051372528,8.91341499807564,"almost_certain","BirdNET",NA,10.2198,-83.7874,FALSE,121,"Social Flycatcher","Myiozetetes similis","#69b9ff","avian","https://media.birdweather.com/species/121/SocialFlycatcher-standard-6e107581e61c9f556b3a0af5200f486a.jpg","https://media.birdweather.com/species/121/SocialFlycatcher-thumbnail-87f640fcaf1441ecbbd56b57372185a8.jpg","https://media.birdweather.com/species/121/SocialFlycatcher-png200-2f6dd485cf927db0dd7fd9abc239fb19.png","2xkKJwIJh3ekeXh0e5Z4eYaIdyApd5AC",16098367678,"https://media.birdweather.com/soundscapes/19267/19267-20260826-190614.flac",6,9,"live"
10728566914,19267,"2026-08-26T13:06:14.000-06:00",0.803283095359802,0.595482051372528,8.78522041651719,"almost_certain","BirdNET",NA,10.2198,-83.7874,FALSE,121,"Social Flycatcher","Myiozetetes similis","#69b9ff","avian","https://media.birdweather.com/species/121/SocialFlycatcher-standard-6e107581e61c9f556b3a0af5200f486a.jpg","https://media.birdweather.com/species/121/SocialFlycatcher-thumbnail-87f640fcaf1441ecbbd56b57372185a8.jpg","https://media.birdweather.com/species/121/SocialFlycatcher-png200-2f6dd485cf927db0dd7fd9abc239fb19.png","2xkKJwIJh3ekeXh0e5Z4eYaIdyApd5AC",16098367678,"https://media.birdweather.com/soundscapes/19267/19267-20260826-190614.flac",0,3,"live"
10727581625,19267,"2026-08-26T12:06:02.000-06:00",0.807148575782776,0.59547883272171,8.79569525576401,"almost_certain","BirdNET",NA,10.2198,-83.7874,FALSE,121,"Social Flycatcher","Myiozetetes similis","#69b9ff","avian","https://media.birdweather.com/species/121/SocialFlycatcher-standard-6e107581e61c9f556b3a0af5200f486a.jpg","https://media.birdweather.com/species/121/SocialFlycatcher-thumbnail-87f640fcaf1441ecbbd56b57372185a8.jpg","https://media.birdweather.com/species/121/SocialFlycatcher-png200-2f6dd485cf927db0dd7fd9abc239fb19.png","2xkKJwIJh3ekeXh0e5Z4eYaIdyApd5AC",16096576543,"https://media.birdweather.com/soundscapes/19267/19267-20260826-180556.flac",6,9,"live"
10727576742,19267,"2026-08-26T12:05:46.000-06:00",0.820008158683777,0.595487356185913,8.83002001504313,"almost_certain","BirdNET",NA,10.2198,-83.7874,FALSE,121,"Social Flycatcher","Myiozetetes similis","#69b9ff","avian","https://media.birdweather.com/species/121/SocialFlycatcher-standard-6e107581e61c9f556b3a0af5200f486a.jpg","https://media.birdweather.com/species/121/SocialFlycatcher-thumbnail-87f640fcaf1441ecbbd56b57372185a8.jpg","https://media.birdweather.com/species/121/SocialFlycatcher-png200-2f6dd485cf927db0dd7fd9abc239fb19.png","2xkKJwIJh3ekeXh0e5Z4eYaIdyApd5AC",16096568022,"https://media.birdweather.com/soundscapes/19267/19267-20260826-180540.flac",6,9,"live"
10727560974,19267,"2026-08-26T12:04:50.000-06:00",0.7728590965271,0.094093844294548,6.2875906054631,"almost_certain","BirdNET",NA,10.2198,-83.7874,FALSE,17047,"Cinnamon-bellied Saltator","Saltator grandis","#6a35aa","avian","https://media.birdweather.com/species/17047/Cinnamon-belliedSaltator-standard-0876af3c691c96f8b8ee4f8dfdd870b4.jpeg","https://media.birdweather.com/species/17047/Cinnamon-belliedSaltator-thumbnail-3679ab493b8742672fc60e91862977e4.jpeg","https://media.birdweather.com/species/17047/Cinnamon-belliedSaltator-png200-58b4d4fbf255464431cd041a234f1383.png","FAgGBwCAaXmLZojmR6mHmXWEdlUJSJUA",16096539666,"https://media.birdweather.com/soundscapes/19267/19267-20260826-180444.flac",6,9,"live"
10727552835,19267,"2026-08-26T12:04:20.500-06:00",0.7193204164505,0.094093844294548,6.12296851997607,"almost_certain","BirdNET",NA,10.2198,-83.7874,FALSE,17047,"Cinnamon-bellied Saltator","Saltator grandis","#6a35aa","avian","https://media.birdweather.com/species/17047/Cinnamon-belliedSaltator-standard-0876af3c691c96f8b8ee4f8dfdd870b4.jpeg","https://media.birdweather.com/species/17047/Cinnamon-belliedSaltator-thumbnail-3679ab493b8742672fc60e91862977e4.jpeg","https://media.birdweather.com/species/17047/Cinnamon-belliedSaltator-png200-58b4d4fbf255464431cd041a234f1383.png","FAgGBwCAaXmLZojmR6mHmXWEdlUJSJUA",16096525200,"https://media.birdweather.com/soundscapes/19267/19267-20260826-180416.flac",4.5,7.5,"live"
10727544935,19267,"2026-08-26T12:03:55.000-06:00",0.900740027427673,0.0940844863653183,6.61539724631512,"almost_certain","BirdNET",NA,10.2198,-83.7874,FALSE,17047,"Cinnamon-bellied Saltator","Saltator grandis","#6a35aa","avian","https://media.birdweather.com/species/17047/Cinnamon-belliedSaltator-standard-0876af3c691c96f8b8ee4f8dfdd870b4.jpeg","https://media.birdweather.com/species/17047/Cinnamon-belliedSaltator-thumbnail-3679ab493b8742672fc60e91862977e4.jpeg","https://media.birdweather.com/species/17047/Cinnamon-belliedSaltator-png200-58b4d4fbf255464431cd041a234f1383.png","FAgGBwCAaXmLZojmR6mHmXWEdlUJSJUA",16096511025,"https://media.birdweather.com/soundscapes/19267/19267-20260826-180349.flac",6,9,"live"
10727544932,19267,"2026-08-26T12:03:53.500-06:00",0.834845185279846,0.0940844863653183,6.4562238750019,"almost_certain","BirdNET",NA,10.2198,-83.7874,FALSE,17047,"Cinnamon-bellied Saltator","Saltator grandis","#6a35aa","avian","https://media.birdweather.com/species/17047/Cinnamon-belliedSaltator-standard-0876af3c691c96f8b8ee4f8dfdd870b4.jpeg","https://media.birdweather.com/species/17047/Cinnamon-belliedSaltator-thumbnail-3679ab493b8742672fc60e91862977e4.jpeg","https://media.birdweather.com/species/17047/Cinnamon-belliedSaltator-png200-58b4d4fbf255464431cd041a234f1383.png","FAgGBwCAaXmLZojmR6mHmXWEdlUJSJUA",16096511025,"https://media.birdweather.com/soundscapes/19267/19267-20260826-180349.flac",4.5,7.5,"live"
10726428611,19267,"2026-08-26T10:58:49.000-06:00",0.841152608394623,0.0351666547358036,5.32854967004629,"almost_certain","BirdNET",NA,10.2198,-83.7874,FALSE,242,"Barn Owl","Tyto alba","#c57e94","avian","https://media.birdweather.com/species/242/BarnOwl-standard-8bec9306e3928726cbb18b498dd33c03.jpg","https://media.birdweather.com/species/242/BarnOwl-thumbnail-f2dc3ee81bc91e5f2214d7a2b7be6eef.jpg","https://media.birdweather.com/species/242/BarnOwl-png200-fe95e07244e391ae77d98d1c722d7699.png","4PgFFwKCFGWPgIlpq2aJdXiHiQRFCWME",16094557148,"https://media.birdweather.com/soundscapes/19267/19267-20260826-165843.flac",6,9,"live"
10726405873,19267,"2026-08-26T10:57:27.500-06:00",0.878151774406433,0.0351667366921902,5.41915723590723,"almost_certain","BirdNET",NA,10.2198,-83.7874,FALSE,242,"Barn Owl","Tyto alba","#c57e94","avian","https://media.birdweather.com/species/242/BarnOwl-standard-8bec9306e3928726cbb18b498dd33c03.jpg","https://media.birdweather.com/species/242/BarnOwl-thumbnail-f2dc3ee81bc91e5f2214d7a2b7be6eef.jpg","https://media.birdweather.com/species/242/BarnOwl-png200-fe95e07244e391ae77d98d1c722d7699.png","4PgFFwKCFGWPgIlpq2aJdXiHiQRFCWME",16094517208,"https://media.birdweather.com/soundscapes/19267/19267-20260826-165723.flac",4.5,7.5,"live"
10726076742,19267,"2026-08-26T10:38:18.000-06:00",0.785060226917267,0.019144844263792,4.57846189904439,"almost_certain","BirdNET",NA,10.2198,-83.7874,FALSE,973,"Rose-breasted Grosbeak","Pheucticus ludovicianus","#615120","avian","https://media.birdweather.com/species/973/Rose-breastedGrosbeak-standard-94c5c7a47bc0d3ccf8aacc8541a2958a.jpg","https://media.birdweather.com/species/973/Rose-breastedGrosbeak-thumbnail-39b9a38037dd162c6215236a406c73ec.jpg","https://media.birdweather.com/species/973/Rose-breastedGrosbeak-png200-04cb157bd64b214588ee2884b6c5fe4c.png","G+kFDwIRsXiD0IxbamZZ6TaLZ6/HBmUC",16093952555,"https://media.birdweather.com/soundscapes/19267/19267-20260826-163818.flac",0,3,"live"
10725495365,19267,"2026-08-26T10:05:13.000-06:00",0.915448129177094,0.102256372570992,6.75208317588565,"almost_certain","BirdNET",NA,10.2198,-83.7874,FALSE,603,"Tropical Mockingbird","Mimus gilvus","#006e2a","avian","https://media.birdweather.com/species/603/TropicalMockingbird-standard-33be42788a38707b12f757d28526a492.jpg","https://media.birdweather.com/species/603/TropicalMockingbird-thumbnail-4f6417f6928c80a2cb70eb341f54fd79.jpg","https://media.birdweather.com/species/603/TropicalMockingbird-png200-9e94d27578943cfad1e7923fe23d2300.png","q+cJFwL4VohclXidhXh5aJh4qDAaGKYA",16092974086,"https://media.birdweather.com/soundscapes/19267/19267-20260826-160510.flac",3,6,"live"
10725495359,19267,"2026-08-26T10:05:11.500-06:00",0.70380038022995,0.102256372570992,6.17472404810239,"almost_certain","BirdNET",NA,10.2198,-83.7874,FALSE,603,"Tropical Mockingbird","Mimus gilvus","#006e2a","avian","https://media.birdweather.com/species/603/TropicalMockingbird-standard-33be42788a38707b12f757d28526a492.jpg","https://media.birdweather.com/species/603/TropicalMockingbird-thumbnail-4f6417f6928c80a2cb70eb341f54fd79.jpg","https://media.birdweather.com/species/603/TropicalMockingbird-png200-9e94d27578943cfad1e7923fe23d2300.png","q+cJFwL4VohclXidhXh5aJh4qDAaGKYA",16092974086,"https://media.birdweather.com/soundscapes/19267/19267-20260826-160510.flac",1.5,4.5,"live"
10725487607,19267,"2026-08-26T10:04:49.000-06:00",0.732514262199402,0.102256372570992,6.26883572477305,"almost_certain","BirdNET",NA,10.2198,-83.7874,FALSE,603,"Tropical Mockingbird","Mimus gilvus","#006e2a","avian","https://media.birdweather.com/species/603/TropicalMockingbird-standard-33be42788a38707b12f757d28526a492.jpg","https://media.birdweather.com/species/603/TropicalMockingbird-thumbnail-4f6417f6928c80a2cb70eb341f54fd79.jpg","https://media.birdweather.com/species/603/TropicalMockingbird-png200-9e94d27578943cfad1e7923fe23d2300.png","q+cJFwL4VohclXidhXh5aJh4qDAaGKYA",16092960732,"https://media.birdweather.com/soundscapes/19267/19267-20260826-160443.flac",6,9,"live"
10725487602,19267,"2026-08-26T10:04:44.500-06:00",0.782227516174316,0.102256372570992,6.41789271929417,"almost_certain","BirdNET",NA,10.2198,-83.7874,FALSE,603,"Tropical Mockingbird","Mimus gilvus","#006e2a","avian","https://media.birdweather.com/species/603/TropicalMockingbird-standard-33be42788a38707b12f757d28526a492.jpg","https://media.birdweather.com/species/603/TropicalMockingbird-thumbnail-4f6417f6928c80a2cb70eb341f54fd79.jpg","https://media.birdweather.com/species/603/TropicalMockingbird-png200-9e94d27578943cfad1e7923fe23d2300.png","q+cJFwL4VohclXidhXh5aJh4qDAaGKYA",16092960732,"https://media.birdweather.com/soundscapes/19267/19267-20260826-160443.flac",1.5,4.5,"live"
10725487598,19267,"2026-08-26T10:04:43.000-06:00",0.798712551593781,0.102256372570992,6.46394369779689,"almost_certain","BirdNET",NA,10.2198,-83.7874,FALSE,603,"Tropical Mockingbird","Mimus gilvus","#006e2a","avian","https://media.birdweather.com/species/603/TropicalMockingbird-standard-33be42788a38707b12f757d28526a492.jpg","https://media.birdweather.com/species/603/TropicalMockingbird-thumbnail-4f6417f6928c80a2cb70eb341f54fd79.jpg","https://media.birdweather.com/species/603/TropicalMockingbird-png200-9e94d27578943cfad1e7923fe23d2300.png","q+cJFwL4VohclXidhXh5aJh4qDAaGKYA",16092960732,"https://media.birdweather.com/soundscapes/19267/19267-20260826-160443.flac",0,3,"live"
10725366919,19267,"2026-08-26T09:57:55.500-06:00",0.926788747310638,0.5954909324646,9.08589623424546,"almost_certain","BirdNET",NA,10.2198,-83.7874,FALSE,121,"Social Flycatcher","Myiozetetes similis","#69b9ff","avian","https://media.birdweather.com/species/121/SocialFlycatcher-standard-6e107581e61c9f556b3a0af5200f486a.jpg","https://media.birdweather.com/species/121/SocialFlycatcher-thumbnail-87f640fcaf1441ecbbd56b57372185a8.jpg","https://media.birdweather.com/species/121/SocialFlycatcher-png200-2f6dd485cf927db0dd7fd9abc239fb19.png","2xkKJwIJh3ekeXh0e5Z4eYaIdyApd5AC",16092757450,"https://media.birdweather.com/soundscapes/19267/19267-20260826-155751.flac",4.5,7.5,"live"
10725362561,19267,"2026-08-26T09:57:42.000-06:00",0.860919713973999,0.102255411446095,6.62497259382092,"almost_certain","BirdNET",NA,10.2198,-83.7874,FALSE,603,"Tropical Mockingbird","Mimus gilvus","#006e2a","avian","https://media.birdweather.com/species/603/TropicalMockingbird-standard-33be42788a38707b12f757d28526a492.jpg","https://media.birdweather.com/species/603/TropicalMockingbird-thumbnail-4f6417f6928c80a2cb70eb341f54fd79.jpg","https://media.birdweather.com/species/603/TropicalMockingbird-png200-9e94d27578943cfad1e7923fe23d2300.png","q+cJFwL4VohclXidhXh5aJh4qDAaGKYA",16092750359,"https://media.birdweather.com/soundscapes/19267/19267-20260826-155736.flac",6,9,"live"
10725276297,19267,"2026-08-26T09:52:45.500-06:00",0.710113286972046,0.563712418079376,8.43091641798327,"almost_certain","BirdNET",NA,10.2198,-83.7874,FALSE,802,"Rufous-tailed Hummingbird","Amazilia tzacatl","#d9c845","avian","https://media.birdweather.com/species/802/Rufous-tailedHummingbird-standard-4d0209b50ad0c35c6d8337f5c0c16b55.jpg","https://media.birdweather.com/species/802/Rufous-tailedHummingbird-thumbnail-fbf17400c31564f70aa45927c5d75f5e.jpg","https://media.birdweather.com/species/802/Rufous-tailedHummingbird-png200-8ea431c9893cfe027e92471791a8c256.png","mPkJFwIHqJeJl4lriIaGhYh3+H+oVGAH",16092607076,"https://media.birdweather.com/soundscapes/19267/19267-20260826-155244.flac",1.5,4.5,"live"
10725249319,19267,"2026-08-26T09:51:12.000-06:00",0.859133005142212,0.595487356185913,8.92940375747729,"almost_certain","BirdNET",NA,10.2198,-83.7874,FALSE,121,"Social Flycatcher","Myiozetetes similis","#69b9ff","avian","https://media.birdweather.com/species/121/SocialFlycatcher-standard-6e107581e61c9f556b3a0af5200f486a.jpg","https://media.birdweather.com/species/121/SocialFlycatcher-thumbnail-87f640fcaf1441ecbbd56b57372185a8.jpg","https://media.birdweather.com/species/121/SocialFlycatcher-png200-2f6dd485cf927db0dd7fd9abc239fb19.png","2xkKJwIJh3ekeXh0e5Z4eYaIdyApd5AC",16092561321,"https://media.birdweather.com/soundscapes/19267/19267-20260826-155112.flac",0,3,"live"
10725182432,19267,"2026-08-26T09:47:33.000-06:00",0.718157470226288,0.595487356185913,8.53137862427779,"almost_certain","BirdNET",NA,10.2198,-83.7874,FALSE,121,"Social Flycatcher","Myiozetetes similis","#69b9ff","avian","https://media.birdweather.com/species/121/SocialFlycatcher-standard-6e107581e61c9f556b3a0af5200f486a.jpg","https://media.birdweather.com/species/121/SocialFlycatcher-thumbnail-87f640fcaf1441ecbbd56b57372185a8.jpg","https://media.birdweather.com/species/121/SocialFlycatcher-png200-2f6dd485cf927db0dd7fd9abc239fb19.png","2xkKJwIJh3ekeXh0e5Z4eYaIdyApd5AC",16092450384,"https://media.birdweather.com/soundscapes/19267/19267-20260826-154727.flac",6,9,"live"
10725156745,19267,"2026-08-26T09:46:04.500-06:00",0.767164051532745,0.0264468379318714,4.83326011260059,"almost_certain","BirdNET",NA,10.2198,-83.7874,FALSE,2125,"Orange-collared Manakin","Manacus aurantiacus","#60d8d9","avian","https://media.birdweather.com/species/2125/Orange-collaredManakin-standard-4ee1b97d973d30332e729d49303250f9.jpg","https://media.birdweather.com/species/2125/Orange-collaredManakin-thumbnail-de5120d09d0c54efe6e3aea49b88d1d5.jpg","https://media.birdweather.com/species/2125/Orange-collaredManakin-png200-c18cd3a9e49f696cb7680e43aad501b9.png","lekFJwSuVmh26XQ62AtGiVZ4xgiVCboC",16092407701,"https://media.birdweather.com/soundscapes/19267/19267-20260826-154600.flac",4.5,7.5,"live"
10725101045,19267,"2026-08-26T09:42:57.000-06:00",0.775704324245453,0.595489680767059,8.70802950437532,"almost_certain","BirdNET",NA,10.2198,-83.7874,FALSE,121,"Social Flycatcher","Myiozetetes similis","#69b9ff","avian","https://media.birdweather.com/species/121/SocialFlycatcher-standard-6e107581e61c9f556b3a0af5200f486a.jpg","https://media.birdweather.com/species/121/SocialFlycatcher-thumbnail-87f640fcaf1441ecbbd56b57372185a8.jpg","https://media.birdweather.com/species/121/SocialFlycatcher-png200-2f6dd485cf927db0dd7fd9abc239fb19.png","2xkKJwIJh3ekeXh0e5Z4eYaIdyApd5AC",16092314807,"https://media.birdweather.com/soundscapes/19267/19267-20260826-154251.flac",6,9,"live"
10725086527,19267,"2026-08-26T09:42:05.500-06:00",0.781966090202332,0.595483183860779,8.72593065809554,"almost_certain","BirdNET",NA,10.2198,-83.7874,FALSE,121,"Social Flycatcher","Myiozetetes similis","#69b9ff","avian","https://media.birdweather.com/species/121/SocialFlycatcher-standard-6e107581e61c9f556b3a0af5200f486a.jpg","https://media.birdweather.com/species/121/SocialFlycatcher-thumbnail-87f640fcaf1441ecbbd56b57372185a8.jpg","https://media.birdweather.com/species/121/SocialFlycatcher-png200-2f6dd485cf927db0dd7fd9abc239fb19.png","2xkKJwIJh3ekeXh0e5Z4eYaIdyApd5AC",16092290239,"https://media.birdweather.com/soundscapes/19267/19267-20260826-154201.flac",4.5,7.5,"live"
10725086523,19267,"2026-08-26T09:42:02.500-06:00",0.747893452644348,0.102255083620548,6.31668789434678,"almost_certain","BirdNET",NA,10.2198,-83.7874,FALSE,603,"Tropical Mockingbird","Mimus gilvus","#006e2a","avian","https://media.birdweather.com/species/603/TropicalMockingbird-standard-33be42788a38707b12f757d28526a492.jpg","https://media.birdweather.com/species/603/TropicalMockingbird-thumbnail-4f6417f6928c80a2cb70eb341f54fd79.jpg","https://media.birdweather.com/species/603/TropicalMockingbird-png200-9e94d27578943cfad1e7923fe23d2300.png","q+cJFwL4VohclXidhXh5aJh4qDAaGKYA",16092290239,"https://media.birdweather.com/soundscapes/19267/19267-20260826-154201.flac",1.5,4.5,"live"
10725058229,19267,"2026-08-26T09:40:32.000-06:00",0.789935350418091,0.595489799976349,8.74841319670138,"almost_certain","BirdNET",NA,10.2198,-83.7874,FALSE,121,"Social Flycatcher","Myiozetetes similis","#69b9ff","avian","https://media.birdweather.com/species/121/SocialFlycatcher-standard-6e107581e61c9f556b3a0af5200f486a.jpg","https://media.birdweather.com/species/121/SocialFlycatcher-thumbnail-87f640fcaf1441ecbbd56b57372185a8.jpg","https://media.birdweather.com/species/121/SocialFlycatcher-png200-2f6dd485cf927db0dd7fd9abc239fb19.png","2xkKJwIJh3ekeXh0e5Z4eYaIdyApd5AC",16092243602,"https://media.birdweather.com/soundscapes/19267/19267-20260826-154026.flac",6,9,"live"
10725058224,19267,"2026-08-26T09:40:30.500-06:00",0.704377055168152,0.595489799976349,8.48547499194397,"almost_certain","BirdNET",NA,10.2198,-83.7874,FALSE,121,"Social Flycatcher","Myiozetetes similis","#69b9ff","avian","https://media.birdweather.com/species/121/SocialFlycatcher-standard-6e107581e61c9f556b3a0af5200f486a.jpg","https://media.birdweather.com/species/121/SocialFlycatcher-thumbnail-87f640fcaf1441ecbbd56b57372185a8.jpg","https://media.birdweather.com/species/121/SocialFlycatcher-png200-2f6dd485cf927db0dd7fd9abc239fb19.png","2xkKJwIJh3ekeXh0e5Z4eYaIdyApd5AC",16092243602,"https://media.birdweather.com/soundscapes/19267/19267-20260826-154026.flac",4.5,7.5,"live"
10725039183,19267,"2026-08-26T09:39:29.000-06:00",0.930320620536804,0.595488429069519,9.09358867354677,"almost_certain","BirdNET",NA,10.2198,-83.7874,FALSE,121,"Social Flycatcher","Myiozetetes similis","#69b9ff","avian","https://media.birdweather.com/species/121/SocialFlycatcher-standard-6e107581e61c9f556b3a0af5200f486a.jpg","https://media.birdweather.com/species/121/SocialFlycatcher-thumbnail-87f640fcaf1441ecbbd56b57372185a8.jpg","https://media.birdweather.com/species/121/SocialFlycatcher-png200-2f6dd485cf927db0dd7fd9abc239fb19.png","2xkKJwIJh3ekeXh0e5Z4eYaIdyApd5AC",16092212291,"https://media.birdweather.com/soundscapes/19267/19267-20260826-153923.flac",6,9,"live"
10725039180,19267,"2026-08-26T09:39:26.000-06:00",0.812145113945007,0.595488429069519,8.80914845036848,"almost_certain","BirdNET",NA,10.2198,-83.7874,FALSE,121,"Social Flycatcher","Myiozetetes similis","#69b9ff","avian","https://media.birdweather.com/species/121/SocialFlycatcher-standard-6e107581e61c9f556b3a0af5200f486a.jpg","https://media.birdweather.com/species/121/SocialFlycatcher-thumbnail-87f640fcaf1441ecbbd56b57372185a8.jpg","https://media.birdweather.com/species/121/SocialFlycatcher-png200-2f6dd485cf927db0dd7fd9abc239fb19.png","2xkKJwIJh3ekeXh0e5Z4eYaIdyApd5AC",16092212291,"https://media.birdweather.com/soundscapes/19267/19267-20260826-153923.flac",3,6,"live"
10724988846,19267,"2026-08-26T09:36:37.000-06:00",0.907521605491638,0.595486879348755,9.04311317212153,"almost_certain","BirdNET",NA,10.2198,-83.7874,FALSE,121,"Social Flycatcher","Myiozetetes similis","#69b9ff","avian","https://media.birdweather.com/species/121/SocialFlycatcher-standard-6e107581e61c9f556b3a0af5200f486a.jpg","https://media.birdweather.com/species/121/SocialFlycatcher-thumbnail-87f640fcaf1441ecbbd56b57372185a8.jpg","https://media.birdweather.com/species/121/SocialFlycatcher-png200-2f6dd485cf927db0dd7fd9abc239fb19.png","2xkKJwIJh3ekeXh0e5Z4eYaIdyApd5AC",16092131044,"https://media.birdweather.com/soundscapes/19267/19267-20260826-153637.flac",0,3,"live"
10724914918,19267,"2026-08-26T09:32:32.500-06:00",0.840168356895447,0.563720524311066,8.80829875670455,"almost_certain","BirdNET",NA,10.2198,-83.7874,FALSE,802,"Rufous-tailed Hummingbird","Amazilia tzacatl","#d9c845","avian","https://media.birdweather.com/species/802/Rufous-tailedHummingbird-standard-4d0209b50ad0c35c6d8337f5c0c16b55.jpg","https://media.birdweather.com/species/802/Rufous-tailedHummingbird-thumbnail-fbf17400c31564f70aa45927c5d75f5e.jpg","https://media.birdweather.com/species/802/Rufous-tailedHummingbird-png200-8ea431c9893cfe027e92471791a8c256.png","mPkJFwIHqJeJl4lriIaGhYh3+H+oVGAH",16092009919,"https://media.birdweather.com/soundscapes/19267/19267-20260826-153231.flac",1.5,4.5,"live"
10724520341,19267,"2026-08-26T09:10:38.000-06:00",0.854569494724274,0.595486104488373,8.9181734309803,"almost_certain","BirdNET",NA,10.2198,-83.7874,FALSE,121,"Social Flycatcher","Myiozetetes similis","#69b9ff","avian","https://media.birdweather.com/species/121/SocialFlycatcher-standard-6e107581e61c9f556b3a0af5200f486a.jpg","https://media.birdweather.com/species/121/SocialFlycatcher-thumbnail-87f640fcaf1441ecbbd56b57372185a8.jpg","https://media.birdweather.com/species/121/SocialFlycatcher-png200-2f6dd485cf927db0dd7fd9abc239fb19.png","2xkKJwIJh3ekeXh0e5Z4eYaIdyApd5AC",16091361836,"https://media.birdweather.com/soundscapes/19267/19267-20260826-151032.flac",6,9,"live"
10724516222,19267,"2026-08-26T09:10:24.000-06:00",0.967801928520203,0.595487296581268,9.17272142656123,"almost_certain","BirdNET",NA,10.2198,-83.7874,FALSE,121,"Social Flycatcher","Myiozetetes similis","#69b9ff","avian","https://media.birdweather.com/species/121/SocialFlycatcher-standard-6e107581e61c9f556b3a0af5200f486a.jpg","https://media.birdweather.com/species/121/SocialFlycatcher-thumbnail-87f640fcaf1441ecbbd56b57372185a8.jpg","https://media.birdweather.com/species/121/SocialFlycatcher-png200-2f6dd485cf927db0dd7fd9abc239fb19.png","2xkKJwIJh3ekeXh0e5Z4eYaIdyApd5AC",16091354800,"https://media.birdweather.com/soundscapes/19267/19267-20260826-151018.flac",6,9,"live"
10724512416,19267,"2026-08-26T09:10:09.000-06:00",0.800548553466797,0.595487713813782,8.77776916498658,"almost_certain","BirdNET",NA,10.2198,-83.7874,FALSE,121,"Social Flycatcher","Myiozetetes similis","#69b9ff","avian","https://media.birdweather.com/species/121/SocialFlycatcher-standard-6e107581e61c9f556b3a0af5200f486a.jpg","https://media.birdweather.com/species/121/SocialFlycatcher-thumbnail-87f640fcaf1441ecbbd56b57372185a8.jpg","https://media.birdweather.com/species/121/SocialFlycatcher-png200-2f6dd485cf927db0dd7fd9abc239fb19.png","2xkKJwIJh3ekeXh0e5Z4eYaIdyApd5AC",16091348569,"https://media.birdweather.com/soundscapes/19267/19267-20260826-151006.flac",3,6,"live"
10724512410,19267,"2026-08-26T09:10:07.500-06:00",0.923397541046143,0.595487713813782,9.07845651691763,"almost_certain","BirdNET",NA,10.2198,-83.7874,FALSE,121,"Social Flycatcher","Myiozetetes similis","#69b9ff","avian","https://media.birdweather.com/species/121/SocialFlycatcher-standard-6e107581e61c9f556b3a0af5200f486a.jpg","https://media.birdweather.com/species/121/SocialFlycatcher-thumbnail-87f640fcaf1441ecbbd56b57372185a8.jpg","https://media.birdweather.com/species/121/SocialFlycatcher-png200-2f6dd485cf927db0dd7fd9abc239fb19.png","2xkKJwIJh3ekeXh0e5Z4eYaIdyApd5AC",16091348569,"https://media.birdweather.com/soundscapes/19267/19267-20260826-151006.flac",1.5,4.5,"live"
10724512398,19267,"2026-08-26T09:10:06.000-06:00",0.971311330795288,0.595487713813782,9.1799030808136,"almost_certain","BirdNET",NA,10.2198,-83.7874,FALSE,121,"Social Flycatcher","Myiozetetes similis","#69b9ff","avian","https://media.birdweather.com/species/121/SocialFlycatcher-standard-6e107581e61c9f556b3a0af5200f486a.jpg","https://media.birdweather.com/species/121/SocialFlycatcher-thumbnail-87f640fcaf1441ecbbd56b57372185a8.jpg","https://media.birdweather.com/species/121/SocialFlycatcher-png200-2f6dd485cf927db0dd7fd9abc239fb19.png","2xkKJwIJh3ekeXh0e5Z4eYaIdyApd5AC",16091348569,"https://media.birdweather.com/soundscapes/19267/19267-20260826-151006.flac",0,3,"live"
10724508766,19267,"2026-08-26T09:09:55.500-06:00",0.956006169319153,0.59548544883728,9.14830189759839,"almost_certain","BirdNET",NA,10.2198,-83.7874,FALSE,121,"Social Flycatcher","Myiozetetes similis","#69b9ff","avian","https://media.birdweather.com/species/121/SocialFlycatcher-standard-6e107581e61c9f556b3a0af5200f486a.jpg","https://media.birdweather.com/species/121/SocialFlycatcher-thumbnail-87f640fcaf1441ecbbd56b57372185a8.jpg","https://media.birdweather.com/species/121/SocialFlycatcher-png200-2f6dd485cf927db0dd7fd9abc239fb19.png","2xkKJwIJh3ekeXh0e5Z4eYaIdyApd5AC",16091342670,"https://media.birdweather.com/soundscapes/19267/19267-20260826-150954.flac",1.5,4.5,"live"
10724501245,19267,"2026-08-26T09:09:34.000-06:00",0.947646737098694,0.595485389232635,9.13073178063908,"almost_certain","BirdNET",NA,10.2198,-83.7874,FALSE,121,"Social Flycatcher","Myiozetetes similis","#69b9ff","avian","https://media.birdweather.com/species/121/SocialFlycatcher-standard-6e107581e61c9f556b3a0af5200f486a.jpg","https://media.birdweather.com/species/121/SocialFlycatcher-thumbnail-87f640fcaf1441ecbbd56b57372185a8.jpg","https://media.birdweather.com/species/121/SocialFlycatcher-png200-2f6dd485cf927db0dd7fd9abc239fb19.png","2xkKJwIJh3ekeXh0e5Z4eYaIdyApd5AC",16091330238,"https://media.birdweather.com/soundscapes/19267/19267-20260826-150928.flac",6,9,"live"
10724501236,19267,"2026-08-26T09:09:29.500-06:00",0.72762256860733,0.595485389232635,8.56203870958684,"almost_certain","BirdNET",NA,10.2198,-83.7874,FALSE,121,"Social Flycatcher","Myiozetetes similis","#69b9ff","avian","https://media.birdweather.com/species/121/SocialFlycatcher-standard-6e107581e61c9f556b3a0af5200f486a.jpg","https://media.birdweather.com/species/121/SocialFlycatcher-thumbnail-87f640fcaf1441ecbbd56b57372185a8.jpg","https://media.birdweather.com/species/121/SocialFlycatcher-png200-2f6dd485cf927db0dd7fd9abc239fb19.png","2xkKJwIJh3ekeXh0e5Z4eYaIdyApd5AC",16091330238,"https://media.birdweather.com/soundscapes/19267/19267-20260826-150928.flac",1.5,4.5,"live"
10724501226,19267,"2026-08-26T09:09:28.000-06:00",0.751191139221191,0.595485389232635,8.63553935242883,"almost_certain","BirdNET",NA,10.2198,-83.7874,FALSE,121,"Social Flycatcher","Myiozetetes similis","#69b9ff","avian","https://media.birdweather.com/species/121/SocialFlycatcher-standard-6e107581e61c9f556b3a0af5200f486a.jpg","https://media.birdweather.com/species/121/SocialFlycatcher-thumbnail-87f640fcaf1441ecbbd56b57372185a8.jpg","https://media.birdweather.com/species/121/SocialFlycatcher-png200-2f6dd485cf927db0dd7fd9abc239fb19.png","2xkKJwIJh3ekeXh0e5Z4eYaIdyApd5AC",16091330238,"https://media.birdweather.com/soundscapes/19267/19267-20260826-150928.flac",0,3,"live"
10724492973,19267,"2026-08-26T09:09:01.000-06:00",0.828469634056091,0.595485389232635,8.85212852297742,"almost_certain","BirdNET",NA,10.2198,-83.7874,FALSE,121,"Social Flycatcher","Myiozetetes similis","#69b9ff","avian","https://media.birdweather.com/species/121/SocialFlycatcher-standard-6e107581e61c9f556b3a0af5200f486a.jpg","https://media.birdweather.com/species/121/SocialFlycatcher-thumbnail-87f640fcaf1441ecbbd56b57372185a8.jpg","https://media.birdweather.com/species/121/SocialFlycatcher-png200-2f6dd485cf927db0dd7fd9abc239fb19.png","2xkKJwIJh3ekeXh0e5Z4eYaIdyApd5AC",16091316994,"https://media.birdweather.com/soundscapes/19267/19267-20260826-150901.flac",0,3,"live"
10724489025,19267,"2026-08-26T09:08:54.000-06:00",0.799282729625702,0.595484793186188,8.77429361219803,"almost_certain","BirdNET",NA,10.2198,-83.7874,FALSE,121,"Social Flycatcher","Myiozetetes similis","#69b9ff","avian","https://media.birdweather.com/species/121/SocialFlycatcher-standard-6e107581e61c9f556b3a0af5200f486a.jpg","https://media.birdweather.com/species/121/SocialFlycatcher-thumbnail-87f640fcaf1441ecbbd56b57372185a8.jpg","https://media.birdweather.com/species/121/SocialFlycatcher-png200-2f6dd485cf927db0dd7fd9abc239fb19.png","2xkKJwIJh3ekeXh0e5Z4eYaIdyApd5AC",16091310586,"https://media.birdweather.com/soundscapes/19267/19267-20260826-150848.flac",6,9,"live"
10724489019,19267,"2026-08-26T09:08:52.500-06:00",0.744370639324188,0.595484793186188,8.61467006201523,"almost_certain","BirdNET",NA,10.2198,-83.7874,FALSE,121,"Social Flycatcher","Myiozetetes similis","#69b9ff","avian","https://media.birdweather.com/species/121/SocialFlycatcher-standard-6e107581e61c9f556b3a0af5200f486a.jpg","https://media.birdweather.com/species/121/SocialFlycatcher-thumbnail-87f640fcaf1441ecbbd56b57372185a8.jpg","https://media.birdweather.com/species/121/SocialFlycatcher-png200-2f6dd485cf927db0dd7fd9abc239fb19.png","2xkKJwIJh3ekeXh0e5Z4eYaIdyApd5AC",16091310586,"https://media.birdweather.com/soundscapes/19267/19267-20260826-150848.flac",4.5,7.5,"live"
10724468878,19267,"2026-08-26T09:07:45.500-06:00",0.978225231170654,0.59548407793045,9.19393245286043,"almost_certain","BirdNET",NA,10.2198,-83.7874,FALSE,121,"Social Flycatcher","Myiozetetes similis","#69b9ff","avian","https://media.birdweather.com/species/121/SocialFlycatcher-standard-6e107581e61c9f556b3a0af5200f486a.jpg","https://media.birdweather.com/species/121/SocialFlycatcher-thumbnail-87f640fcaf1441ecbbd56b57372185a8.jpg","https://media.birdweather.com/species/121/SocialFlycatcher-png200-2f6dd485cf927db0dd7fd9abc239fb19.png","2xkKJwIJh3ekeXh0e5Z4eYaIdyApd5AC",16091277860,"https://media.birdweather.com/soundscapes/19267/19267-20260826-150741.flac",4.5,7.5,"live"
10724468875,19267,"2026-08-26T09:07:44.000-06:00",0.913309276103973,0.59548407793045,9.05609662309537,"almost_certain","BirdNET",NA,10.2198,-83.7874,FALSE,121,"Social Flycatcher","Myiozetetes similis","#69b9ff","avian","https://media.birdweather.com/species/121/SocialFlycatcher-standard-6e107581e61c9f556b3a0af5200f486a.jpg","https://media.birdweather.com/species/121/SocialFlycatcher-thumbnail-87f640fcaf1441ecbbd56b57372185a8.jpg","https://media.birdweather.com/species/121/SocialFlycatcher-png200-2f6dd485cf927db0dd7fd9abc239fb19.png","2xkKJwIJh3ekeXh0e5Z4eYaIdyApd5AC",16091277860,"https://media.birdweather.com/soundscapes/19267/19267-20260826-150741.flac",3,6,"live"
10724468871,19267,"2026-08-26T09:07:41.000-06:00",0.749065101146698,0.59548407793045,8.62906561087762,"almost_certain","BirdNET",NA,10.2198,-83.7874,FALSE,121,"Social Flycatcher","Myiozetetes similis","#69b9ff","avian","https://media.birdweather.com/species/121/SocialFlycatcher-standard-6e107581e61c9f556b3a0af5200f486a.jpg","https://media.birdweather.com/species/121/SocialFlycatcher-thumbnail-87f640fcaf1441ecbbd56b57372185a8.jpg","https://media.birdweather.com/species/121/SocialFlycatcher-png200-2f6dd485cf927db0dd7fd9abc239fb19.png","2xkKJwIJh3ekeXh0e5Z4eYaIdyApd5AC",16091277860,"https://media.birdweather.com/soundscapes/19267/19267-20260826-150741.flac",0,3,"live"
10724465076,19267,"2026-08-26T09:07:29.500-06:00",0.871658682823181,0.59548407793045,8.95974831457764,"almost_certain","BirdNET",NA,10.2198,-83.7874,FALSE,121,"Social Flycatcher","Myiozetetes similis","#69b9ff","avian","https://media.birdweather.com/species/121/SocialFlycatcher-standard-6e107581e61c9f556b3a0af5200f486a.jpg","https://media.birdweather.com/species/121/SocialFlycatcher-thumbnail-87f640fcaf1441ecbbd56b57372185a8.jpg","https://media.birdweather.com/species/121/SocialFlycatcher-png200-2f6dd485cf927db0dd7fd9abc239fb19.png","2xkKJwIJh3ekeXh0e5Z4eYaIdyApd5AC",16091271755,"https://media.birdweather.com/soundscapes/19267/19267-20260826-150728.flac",1.5,4.5,"live"
10724453186,19267,"2026-08-26T09:06:53.000-06:00",0.837254881858826,0.59548407793045,8.87471312329008,"almost_certain","BirdNET",NA,10.2198,-83.7874,FALSE,121,"Social Flycatcher","Myiozetetes similis","#69b9ff","avian","https://media.birdweather.com/species/121/SocialFlycatcher-standard-6e107581e61c9f556b3a0af5200f486a.jpg","https://media.birdweather.com/species/121/SocialFlycatcher-thumbnail-87f640fcaf1441ecbbd56b57372185a8.jpg","https://media.birdweather.com/species/121/SocialFlycatcher-png200-2f6dd485cf927db0dd7fd9abc239fb19.png","2xkKJwIJh3ekeXh0e5Z4eYaIdyApd5AC",16091252164,"https://media.birdweather.com/soundscapes/19267/19267-20260826-150647.flac",6,9,"live"
10724425800,19267,"2026-08-26T09:05:25.000-06:00",0.975702047348022,0.59548407793045,9.18882617293882,"almost_certain","BirdNET",NA,10.2198,-83.7874,FALSE,121,"Social Flycatcher","Myiozetetes similis","#69b9ff","avian","https://media.birdweather.com/species/121/SocialFlycatcher-standard-6e107581e61c9f556b3a0af5200f486a.jpg","https://media.birdweather.com/species/121/SocialFlycatcher-thumbnail-87f640fcaf1441ecbbd56b57372185a8.jpg","https://media.birdweather.com/species/121/SocialFlycatcher-png200-2f6dd485cf927db0dd7fd9abc239fb19.png","2xkKJwIJh3ekeXh0e5Z4eYaIdyApd5AC",16091208087,"https://media.birdweather.com/soundscapes/19267/19267-20260826-150519.flac",6,9,"live"
10724425795,19267,"2026-08-26T09:05:23.500-06:00",0.968177795410156,0.59548407793045,9.17348502034169,"almost_certain","BirdNET",NA,10.2198,-83.7874,FALSE,121,"Social Flycatcher","Myiozetetes similis","#69b9ff","avian","https://media.birdweather.com/species/121/SocialFlycatcher-standard-6e107581e61c9f556b3a0af5200f486a.jpg","https://media.birdweather.com/species/121/SocialFlycatcher-thumbnail-87f640fcaf1441ecbbd56b57372185a8.jpg","https://media.birdweather.com/species/121/SocialFlycatcher-png200-2f6dd485cf927db0dd7fd9abc239fb19.png","2xkKJwIJh3ekeXh0e5Z4eYaIdyApd5AC",16091208087,"https://media.birdweather.com/soundscapes/19267/19267-20260826-150519.flac",4.5,7.5,"live"
10724421663,19267,"2026-08-26T09:05:10.500-06:00",0.936450123786926,0.59548407793045,9.10683692591996,"almost_certain","BirdNET",NA,10.2198,-83.7874,FALSE,121,"Social Flycatcher","Myiozetetes similis","#69b9ff","avian","https://media.birdweather.com/species/121/SocialFlycatcher-standard-6e107581e61c9f556b3a0af5200f486a.jpg","https://media.birdweather.com/species/121/SocialFlycatcher-thumbnail-87f640fcaf1441ecbbd56b57372185a8.jpg","https://media.birdweather.com/species/121/SocialFlycatcher-png200-2f6dd485cf927db0dd7fd9abc239fb19.png","2xkKJwIJh3ekeXh0e5Z4eYaIdyApd5AC",16091201310,"https://media.birdweather.com/soundscapes/19267/19267-20260826-150506.flac",4.5,7.5,"live"
10724421659,19267,"2026-08-26T09:05:09.000-06:00",0.937638700008392,0.59548407793045,9.1093930269788,"almost_certain","BirdNET",NA,10.2198,-83.7874,FALSE,121,"Social Flycatcher","Myiozetetes similis","#69b9ff","avian","https://media.birdweather.com/species/121/SocialFlycatcher-standard-6e107581e61c9f556b3a0af5200f486a.jpg","https://media.birdweather.com/species/121/SocialFlycatcher-thumbnail-87f640fcaf1441ecbbd56b57372185a8.jpg","https://media.birdweather.com/species/121/SocialFlycatcher-png200-2f6dd485cf927db0dd7fd9abc239fb19.png","2xkKJwIJh3ekeXh0e5Z4eYaIdyApd5AC",16091201310,"https://media.birdweather.com/soundscapes/19267/19267-20260826-150506.flac",3,6,"live"
10724421655,19267,"2026-08-26T09:05:07.500-06:00",0.872008085250854,0.59548407793045,8.96058541390442,"almost_certain","BirdNET",NA,10.2198,-83.7874,FALSE,121,"Social Flycatcher","Myiozetetes similis","#69b9ff","avian","https://media.birdweather.com/species/121/SocialFlycatcher-standard-6e107581e61c9f556b3a0af5200f486a.jpg","https://media.birdweather.com/species/121/SocialFlycatcher-thumbnail-87f640fcaf1441ecbbd56b57372185a8.jpg","https://media.birdweather.com/species/121/SocialFlycatcher-png200-2f6dd485cf927db0dd7fd9abc239fb19.png","2xkKJwIJh3ekeXh0e5Z4eYaIdyApd5AC",16091201310,"https://media.birdweather.com/soundscapes/19267/19267-20260826-150506.flac",1.5,4.5,"live"
10724421650,19267,"2026-08-26T09:05:06.000-06:00",0.953389048576355,0.59548407793045,9.14282228237156,"almost_certain","BirdNET",NA,10.2198,-83.7874,FALSE,121,"Social Flycatcher","Myiozetetes similis","#69b9ff","avian","https://media.birdweather.com/species/121/SocialFlycatcher-standard-6e107581e61c9f556b3a0af5200f486a.jpg","https://media.birdweather.com/species/121/SocialFlycatcher-thumbnail-87f640fcaf1441ecbbd56b57372185a8.jpg","https://media.birdweather.com/species/121/SocialFlycatcher-png200-2f6dd485cf927db0dd7fd9abc239fb19.png","2xkKJwIJh3ekeXh0e5Z4eYaIdyApd5AC",16091201310,"https://media.birdweather.com/soundscapes/19267/19267-20260826-150506.flac",0,3,"live"
10724406290,19267,"2026-08-26T09:04:19.500-06:00",0.940117061138153,0.59548407793045,9.11470759351639,"almost_certain","BirdNET",NA,10.2198,-83.7874,FALSE,121,"Social Flycatcher","Myiozetetes similis","#69b9ff","avian","https://media.birdweather.com/species/121/SocialFlycatcher-standard-6e107581e61c9f556b3a0af5200f486a.jpg","https://media.birdweather.com/species/121/SocialFlycatcher-thumbnail-87f640fcaf1441ecbbd56b57372185a8.jpg","https://media.birdweather.com/species/121/SocialFlycatcher-png200-2f6dd485cf927db0dd7fd9abc239fb19.png","2xkKJwIJh3ekeXh0e5Z4eYaIdyApd5AC",16091176259,"https://media.birdweather.com/soundscapes/19267/19267-20260826-150415.flac",4.5,7.5,"live"
10724391522,19267,"2026-08-26T09:03:32.000-06:00",0.82722008228302,0.59548407793045,8.84888239331046,"almost_certain","BirdNET",NA,10.2198,-83.7874,FALSE,121,"Social Flycatcher","Myiozetetes similis","#69b9ff","avian","https://media.birdweather.com/species/121/SocialFlycatcher-standard-6e107581e61c9f556b3a0af5200f486a.jpg","https://media.birdweather.com/species/121/SocialFlycatcher-thumbnail-87f640fcaf1441ecbbd56b57372185a8.jpg","https://media.birdweather.com/species/121/SocialFlycatcher-png200-2f6dd485cf927db0dd7fd9abc239fb19.png","2xkKJwIJh3ekeXh0e5Z4eYaIdyApd5AC",16091151844,"https://media.birdweather.com/soundscapes/19267/19267-20260826-150326.flac",6,9,"live"
10724017387,19267,"2026-08-26T08:42:42.000-06:00",0.953228354454041,0.201982766389847,7.70463840189638,"almost_certain","BirdNET",NA,10.2198,-83.7874,FALSE,501,"White-winged Dove","Zenaida asiatica","#d16ff8","avian","https://media.birdweather.com/species/501/White-wingedDove-standard-6528ef689b07d5a91f1c2275cdef19c9.jpg","https://media.birdweather.com/species/501/White-wingedDove-thumbnail-4a940adfd5a6c78c73c48c5095e7b896.jpg","https://media.birdweather.com/species/501/White-wingedDove-png200-d65decd3d571b5a9dbeca249ef97689f.png","IscJLwb6hoVelZWZdoh3eIeIdxBoB4IG",16090539923,"https://media.birdweather.com/soundscapes/19267/19267-20260826-144242.flac",0,3,"live"
10724008900,19267,"2026-08-26T08:42:20.000-06:00",0.761339545249939,0.201982766389847,7.22816273699606,"almost_certain","BirdNET",NA,10.2198,-83.7874,FALSE,501,"White-winged Dove","Zenaida asiatica","#d16ff8","avian","https://media.birdweather.com/species/501/White-wingedDove-standard-6528ef689b07d5a91f1c2275cdef19c9.jpg","https://media.birdweather.com/species/501/White-wingedDove-thumbnail-4a940adfd5a6c78c73c48c5095e7b896.jpg","https://media.birdweather.com/species/501/White-wingedDove-png200-d65decd3d571b5a9dbeca249ef97689f.png","IscJLwb6hoVelZWZdoh3eIeIdxBoB4IG",16090526690,"https://media.birdweather.com/soundscapes/19267/19267-20260826-144214.flac",6,9,"live"
10724008896,19267,"2026-08-26T08:42:18.500-06:00",0.875187039375305,0.201982766389847,7.53033125386398,"almost_certain","BirdNET",NA,10.2198,-83.7874,FALSE,501,"White-winged Dove","Zenaida asiatica","#d16ff8","avian","https://media.birdweather.com/species/501/White-wingedDove-standard-6528ef689b07d5a91f1c2275cdef19c9.jpg","https://media.birdweather.com/species/501/White-wingedDove-thumbnail-4a940adfd5a6c78c73c48c5095e7b896.jpg","https://media.birdweather.com/species/501/White-wingedDove-png200-d65decd3d571b5a9dbeca249ef97689f.png","IscJLwb6hoVelZWZdoh3eIeIdxBoB4IG",16090526690,"https://media.birdweather.com/soundscapes/19267/19267-20260826-144214.flac",4.5,7.5,"live"
10723949481,19267,"2026-08-26T08:39:05.500-06:00",0.96368145942688,0.201985523104668,7.72640570203511,"almost_certain","BirdNET",NA,10.2198,-83.7874,FALSE,501,"White-winged Dove","Zenaida asiatica","#d16ff8","avian","https://media.birdweather.com/species/501/White-wingedDove-standard-6528ef689b07d5a91f1c2275cdef19c9.jpg","https://media.birdweather.com/species/501/White-wingedDove-thumbnail-4a940adfd5a6c78c73c48c5095e7b896.jpg","https://media.birdweather.com/species/501/White-wingedDove-png200-d65decd3d571b5a9dbeca249ef97689f.png","IscJLwb6hoVelZWZdoh3eIeIdxBoB4IG",16090431555,"https://media.birdweather.com/soundscapes/19267/19267-20260826-143901.flac",4.5,7.5,"live"
10723949469,19267,"2026-08-26T08:39:01.000-06:00",0.767346739768982,0.201985523104668,7.24590445263154,"almost_certain","BirdNET",NA,10.2198,-83.7874,FALSE,501,"White-winged Dove","Zenaida asiatica","#d16ff8","avian","https://media.birdweather.com/species/501/White-wingedDove-standard-6528ef689b07d5a91f1c2275cdef19c9.jpg","https://media.birdweather.com/species/501/White-wingedDove-thumbnail-4a940adfd5a6c78c73c48c5095e7b896.jpg","https://media.birdweather.com/species/501/White-wingedDove-png200-d65decd3d571b5a9dbeca249ef97689f.png","IscJLwb6hoVelZWZdoh3eIeIdxBoB4IG",16090431555,"https://media.birdweather.com/soundscapes/19267/19267-20260826-143901.flac",0,3,"live"
10723932958,19267,"2026-08-26T08:38:10.000-06:00",0.964868009090424,0.201985523104668,7.72885284233329,"almost_certain","BirdNET",NA,10.2198,-83.7874,FALSE,501,"White-winged Dove","Zenaida asiatica","#d16ff8","avian","https://media.birdweather.com/species/501/White-wingedDove-standard-6528ef689b07d5a91f1c2275cdef19c9.jpg","https://media.birdweather.com/species/501/White-wingedDove-thumbnail-4a940adfd5a6c78c73c48c5095e7b896.jpg","https://media.birdweather.com/species/501/White-wingedDove-png200-d65decd3d571b5a9dbeca249ef97689f.png","IscJLwb6hoVelZWZdoh3eIeIdxBoB4IG",16090405242,"https://media.birdweather.com/soundscapes/19267/19267-20260826-143807.flac",3,6,"live"
10723932955,19267,"2026-08-26T08:38:08.500-06:00",0.991555154323578,0.201985523104668,7.782768329164,"almost_certain","BirdNET",NA,10.2198,-83.7874,FALSE,501,"White-winged Dove","Zenaida asiatica","#d16ff8","avian","https://media.birdweather.com/species/501/White-wingedDove-standard-6528ef689b07d5a91f1c2275cdef19c9.jpg","https://media.birdweather.com/species/501/White-wingedDove-thumbnail-4a940adfd5a6c78c73c48c5095e7b896.jpg","https://media.birdweather.com/species/501/White-wingedDove-png200-d65decd3d571b5a9dbeca249ef97689f.png","IscJLwb6hoVelZWZdoh3eIeIdxBoB4IG",16090405242,"https://media.birdweather.com/soundscapes/19267/19267-20260826-143807.flac",1.5,4.5,"live"
10723932953,19267,"2026-08-26T08:38:07.000-06:00",0.769400835037231,0.201985523104668,7.25191272018111,"almost_certain","BirdNET",NA,10.2198,-83.7874,FALSE,501,"White-winged Dove","Zenaida asiatica","#d16ff8","avian","https://media.birdweather.com/species/501/White-wingedDove-standard-6528ef689b07d5a91f1c2275cdef19c9.jpg","https://media.birdweather.com/species/501/White-wingedDove-thumbnail-4a940adfd5a6c78c73c48c5095e7b896.jpg","https://media.birdweather.com/species/501/White-wingedDove-png200-d65decd3d571b5a9dbeca249ef97689f.png","IscJLwb6hoVelZWZdoh3eIeIdxBoB4IG",16090405242,"https://media.birdweather.com/soundscapes/19267/19267-20260826-143807.flac",0,3,"live"
10723921252,19267,"2026-08-26T08:37:29.000-06:00",0.951504588127136,0.201985523104668,7.70103622610151,"almost_certain","BirdNET",NA,10.2198,-83.7874,FALSE,501,"White-winged Dove","Zenaida asiatica","#d16ff8","avian","https://media.birdweather.com/species/501/White-wingedDove-standard-6528ef689b07d5a91f1c2275cdef19c9.jpg","https://media.birdweather.com/species/501/White-wingedDove-thumbnail-4a940adfd5a6c78c73c48c5095e7b896.jpg","https://media.birdweather.com/species/501/White-wingedDove-png200-d65decd3d571b5a9dbeca249ef97689f.png","IscJLwb6hoVelZWZdoh3eIeIdxBoB4IG",16090386067,"https://media.birdweather.com/soundscapes/19267/19267-20260826-143729.flac",0,3,"live"
10723914027,19267,"2026-08-26T08:37:11.000-06:00",0.70774257183075,0.201985523104668,7.05898789745535,"almost_certain","BirdNET",NA,10.2198,-83.7874,FALSE,501,"White-winged Dove","Zenaida asiatica","#d16ff8","avian","https://media.birdweather.com/species/501/White-wingedDove-standard-6528ef689b07d5a91f1c2275cdef19c9.jpg","https://media.birdweather.com/species/501/White-wingedDove-thumbnail-4a940adfd5a6c78c73c48c5095e7b896.jpg","https://media.birdweather.com/species/501/White-wingedDove-png200-d65decd3d571b5a9dbeca249ef97689f.png","IscJLwb6hoVelZWZdoh3eIeIdxBoB4IG",16090374112,"https://media.birdweather.com/soundscapes/19267/19267-20260826-143705.flac",6,9,"live"
10723909942,19267,"2026-08-26T08:36:52.500-06:00",0.965037107467651,0.20198680460453,7.72920951720641,"almost_certain","BirdNET",NA,10.2198,-83.7874,FALSE,501,"White-winged Dove","Zenaida asiatica","#d16ff8","avian","https://media.birdweather.com/species/501/White-wingedDove-standard-6528ef689b07d5a91f1c2275cdef19c9.jpg","https://media.birdweather.com/species/501/White-wingedDove-thumbnail-4a940adfd5a6c78c73c48c5095e7b896.jpg","https://media.birdweather.com/species/501/White-wingedDove-png200-d65decd3d571b5a9dbeca249ef97689f.png","IscJLwb6hoVelZWZdoh3eIeIdxBoB4IG",16090367369,"https://media.birdweather.com/soundscapes/19267/19267-20260826-143651.flac",1.5,4.5,"live"
10723909939,19267,"2026-08-26T08:36:51.000-06:00",0.984610617160797,0.20198680460453,7.7689496479926,"almost_certain","BirdNET",NA,10.2198,-83.7874,FALSE,501,"White-winged Dove","Zenaida asiatica","#d16ff8","avian","https://media.birdweather.com/species/501/White-wingedDove-standard-6528ef689b07d5a91f1c2275cdef19c9.jpg","https://media.birdweather.com/species/501/White-wingedDove-thumbnail-4a940adfd5a6c78c73c48c5095e7b896.jpg","https://media.birdweather.com/species/501/White-wingedDove-png200-d65decd3d571b5a9dbeca249ef97689f.png","IscJLwb6hoVelZWZdoh3eIeIdxBoB4IG",16090367369,"https://media.birdweather.com/soundscapes/19267/19267-20260826-143651.flac",0,3,"live"
10723890786,19267,"2026-08-26T08:35:52.500-06:00",0.712585151195526,0.201987460255623,7.0751754418338,"almost_certain","BirdNET",NA,10.2198,-83.7874,FALSE,501,"White-winged Dove","Zenaida asiatica","#d16ff8","avian","https://media.birdweather.com/species/501/White-wingedDove-standard-6528ef689b07d5a91f1c2275cdef19c9.jpg","https://media.birdweather.com/species/501/White-wingedDove-thumbnail-4a940adfd5a6c78c73c48c5095e7b896.jpg","https://media.birdweather.com/species/501/White-wingedDove-png200-d65decd3d571b5a9dbeca249ef97689f.png","IscJLwb6hoVelZWZdoh3eIeIdxBoB4IG",16090336823,"https://media.birdweather.com/soundscapes/19267/19267-20260826-143548.flac",4.5,7.5,"live"
10723890785,19267,"2026-08-26T08:35:51.000-06:00",0.959284782409668,0.201987460255623,7.717312214577,"almost_certain","BirdNET",NA,10.2198,-83.7874,FALSE,501,"White-winged Dove","Zenaida asiatica","#d16ff8","avian","https://media.birdweather.com/species/501/White-wingedDove-standard-6528ef689b07d5a91f1c2275cdef19c9.jpg","https://media.birdweather.com/species/501/White-wingedDove-thumbnail-4a940adfd5a6c78c73c48c5095e7b896.jpg","https://media.birdweather.com/species/501/White-wingedDove-png200-d65decd3d571b5a9dbeca249ef97689f.png","IscJLwb6hoVelZWZdoh3eIeIdxBoB4IG",16090336823,"https://media.birdweather.com/soundscapes/19267/19267-20260826-143548.flac",3,6,"live"
10723882415,19267,"2026-08-26T08:35:22.000-06:00",0.850605249404907,0.201998218894005,7.47059342492633,"almost_certain","BirdNET",NA,10.2198,-83.7874,FALSE,501,"White-winged Dove","Zenaida asiatica","#d16ff8","avian","https://media.birdweather.com/species/501/White-wingedDove-standard-6528ef689b07d5a91f1c2275cdef19c9.jpg","https://media.birdweather.com/species/501/White-wingedDove-thumbnail-4a940adfd5a6c78c73c48c5095e7b896.jpg","https://media.birdweather.com/species/501/White-wingedDove-png200-d65decd3d571b5a9dbeca249ef97689f.png","IscJLwb6hoVelZWZdoh3eIeIdxBoB4IG",16090323744,"https://media.birdweather.com/soundscapes/19267/19267-20260826-143522.flac",0,3,"live"
10723741183,19267,"2026-08-26T08:27:50.500-06:00",0.868764638900757,0.174906834959984,7.32773367771326,"almost_certain","BirdNET",NA,10.2198,-83.7874,FALSE,349,"Southern Lapwing","Vanellus chilensis","#008b44","avian","https://media.birdweather.com/species/349/SouthernLapwing-standard-02014dbe85174d8ed1a9e83d1367f600.jpg","https://media.birdweather.com/species/349/SouthernLapwing-thumbnail-33b4d17a45224d79dbf2a0a3aa5ea2c7.jpg","https://media.birdweather.com/species/349/SouthernLapwing-png200-1801892688cffe6fb6fd8c00fbf91764.png","XhkGDwDoWodoiXerVYpYCZVFGq/V3xQD",16090099879,"https://media.birdweather.com/soundscapes/19267/19267-20260826-142746.flac",4.5,7.5,"live"
10723628135,19267,"2026-08-26T08:21:45.000-06:00",0.724398195743561,0.201987117528915,7.11384770192664,"almost_certain","BirdNET",NA,10.2198,-83.7874,FALSE,501,"White-winged Dove","Zenaida asiatica","#d16ff8","avian","https://media.birdweather.com/species/501/White-wingedDove-standard-6528ef689b07d5a91f1c2275cdef19c9.jpg","https://media.birdweather.com/species/501/White-wingedDove-thumbnail-4a940adfd5a6c78c73c48c5095e7b896.jpg","https://media.birdweather.com/species/501/White-wingedDove-png200-d65decd3d571b5a9dbeca249ef97689f.png","IscJLwb6hoVelZWZdoh3eIeIdxBoB4IG",16089919299,"https://media.birdweather.com/soundscapes/19267/19267-20260826-142139.flac",6,9,"live"
10723628123,19267,"2026-08-26T08:21:43.500-06:00",0.88993376493454,0.201987117528915,7.56504091585345,"almost_certain","BirdNET",NA,10.2198,-83.7874,FALSE,501,"White-winged Dove","Zenaida asiatica","#d16ff8","avian","https://media.birdweather.com/species/501/White-wingedDove-standard-6528ef689b07d5a91f1c2275cdef19c9.jpg","https://media.birdweather.com/species/501/White-wingedDove-thumbnail-4a940adfd5a6c78c73c48c5095e7b896.jpg","https://media.birdweather.com/species/501/White-wingedDove-png200-d65decd3d571b5a9dbeca249ef97689f.png","IscJLwb6hoVelZWZdoh3eIeIdxBoB4IG",16089919299,"https://media.birdweather.com/soundscapes/19267/19267-20260826-142139.flac",4.5,7.5,"live"
10723305478,19267,"2026-08-26T08:04:34.000-06:00",0.704732716083527,0.202027499675751,7.04910863796668,"almost_certain","BirdNET",NA,10.2198,-83.7874,FALSE,501,"White-winged Dove","Zenaida asiatica","#d16ff8","avian","https://media.birdweather.com/species/501/White-wingedDove-standard-6528ef689b07d5a91f1c2275cdef19c9.jpg","https://media.birdweather.com/species/501/White-wingedDove-thumbnail-4a940adfd5a6c78c73c48c5095e7b896.jpg","https://media.birdweather.com/species/501/White-wingedDove-png200-d65decd3d571b5a9dbeca249ef97689f.png","IscJLwb6hoVelZWZdoh3eIeIdxBoB4IG",16089412809,"https://media.birdweather.com/soundscapes/19267/19267-20260826-140428.flac",6,9,"live"
10723305473,19267,"2026-08-26T08:04:32.500-06:00",0.821216940879822,0.202027499675751,7.39563569731711,"almost_certain","BirdNET",NA,10.2198,-83.7874,FALSE,501,"White-winged Dove","Zenaida asiatica","#d16ff8","avian","https://media.birdweather.com/species/501/White-wingedDove-standard-6528ef689b07d5a91f1c2275cdef19c9.jpg","https://media.birdweather.com/species/501/White-wingedDove-thumbnail-4a940adfd5a6c78c73c48c5095e7b896.jpg","https://media.birdweather.com/species/501/White-wingedDove-png200-d65decd3d571b5a9dbeca249ef97689f.png","IscJLwb6hoVelZWZdoh3eIeIdxBoB4IG",16089412809,"https://media.birdweather.com/soundscapes/19267/19267-20260826-140428.flac",4.5,7.5,"live"
10723238687,19267,"2026-08-26T08:01:03.000-06:00",0.764167070388794,0.202007785439491,7.2366954495935,"almost_certain","BirdNET",NA,10.2198,-83.7874,FALSE,501,"White-winged Dove","Zenaida asiatica","#d16ff8","avian","https://media.birdweather.com/species/501/White-wingedDove-standard-6528ef689b07d5a91f1c2275cdef19c9.jpg","https://media.birdweather.com/species/501/White-wingedDove-thumbnail-4a940adfd5a6c78c73c48c5095e7b896.jpg","https://media.birdweather.com/species/501/White-wingedDove-png200-d65decd3d571b5a9dbeca249ef97689f.png","IscJLwb6hoVelZWZdoh3eIeIdxBoB4IG",16089309610,"https://media.birdweather.com/soundscapes/19267/19267-20260826-140057.flac",6,9,"live"
10723238682,19267,"2026-08-26T08:01:01.500-06:00",0.789827942848206,0.202007785439491,7.31041465568908,"almost_certain","BirdNET",NA,10.2198,-83.7874,FALSE,501,"White-winged Dove","Zenaida asiatica","#d16ff8","avian","https://media.birdweather.com/species/501/White-wingedDove-standard-6528ef689b07d5a91f1c2275cdef19c9.jpg","https://media.birdweather.com/species/501/White-wingedDove-thumbnail-4a940adfd5a6c78c73c48c5095e7b896.jpg","https://media.birdweather.com/species/501/White-wingedDove-png200-d65decd3d571b5a9dbeca249ef97689f.png","IscJLwb6hoVelZWZdoh3eIeIdxBoB4IG",16089309610,"https://media.birdweather.com/soundscapes/19267/19267-20260826-140057.flac",4.5,7.5,"live"
10723225858,19267,"2026-08-26T08:00:22.000-06:00",0.830259084701538,0.201994433999062,7.41898517686476,"almost_certain","BirdNET",NA,10.2198,-83.7874,FALSE,501,"White-winged Dove","Zenaida asiatica","#d16ff8","avian","https://media.birdweather.com/species/501/White-wingedDove-standard-6528ef689b07d5a91f1c2275cdef19c9.jpg","https://media.birdweather.com/species/501/White-wingedDove-thumbnail-4a940adfd5a6c78c73c48c5095e7b896.jpg","https://media.birdweather.com/species/501/White-wingedDove-png200-d65decd3d571b5a9dbeca249ef97689f.png","IscJLwb6hoVelZWZdoh3eIeIdxBoB4IG",16089289661,"https://media.birdweather.com/soundscapes/19267/19267-20260826-140016.flac",6,9,"live"
10723225851,19267,"2026-08-26T08:00:19.000-06:00",0.759568870067596,0.201994433999062,7.22296980311445,"almost_certain","BirdNET",NA,10.2198,-83.7874,FALSE,501,"White-winged Dove","Zenaida asiatica","#d16ff8","avian","https://media.birdweather.com/species/501/White-wingedDove-standard-6528ef689b07d5a91f1c2275cdef19c9.jpg","https://media.birdweather.com/species/501/White-wingedDove-thumbnail-4a940adfd5a6c78c73c48c5095e7b896.jpg","https://media.birdweather.com/species/501/White-wingedDove-png200-d65decd3d571b5a9dbeca249ef97689f.png","IscJLwb6hoVelZWZdoh3eIeIdxBoB4IG",16089289661,"https://media.birdweather.com/soundscapes/19267/19267-20260826-140016.flac",3,6,"live"
10723217282,19267,"2026-08-26T07:59:52.000-06:00",0.90032970905304,0.202000647783279,7.58906054414822,"almost_certain","BirdNET",NA,10.2198,-83.7874,FALSE,501,"White-winged Dove","Zenaida asiatica","#d16ff8","avian","https://media.birdweather.com/species/501/White-wingedDove-standard-6528ef689b07d5a91f1c2275cdef19c9.jpg","https://media.birdweather.com/species/501/White-wingedDove-thumbnail-4a940adfd5a6c78c73c48c5095e7b896.jpg","https://media.birdweather.com/species/501/White-wingedDove-png200-d65decd3d571b5a9dbeca249ef97689f.png","IscJLwb6hoVelZWZdoh3eIeIdxBoB4IG",16089276548,"https://media.birdweather.com/soundscapes/19267/19267-20260826-135946.flac",6,9,"live"
10723217281,19267,"2026-08-26T07:59:50.500-06:00",0.922029435634613,0.202000647783279,7.63770704723596,"almost_certain","BirdNET",NA,10.2198,-83.7874,FALSE,501,"White-winged Dove","Zenaida asiatica","#d16ff8","avian","https://media.birdweather.com/species/501/White-wingedDove-standard-6528ef689b07d5a91f1c2275cdef19c9.jpg","https://media.birdweather.com/species/501/White-wingedDove-thumbnail-4a940adfd5a6c78c73c48c5095e7b896.jpg","https://media.birdweather.com/species/501/White-wingedDove-png200-d65decd3d571b5a9dbeca249ef97689f.png","IscJLwb6hoVelZWZdoh3eIeIdxBoB4IG",16089276548,"https://media.birdweather.com/soundscapes/19267/19267-20260826-135946.flac",4.5,7.5,"live"
10723217279,19267,"2026-08-26T07:59:46.000-06:00",0.757107436656952,0.202000647783279,7.21565257015474,"almost_certain","BirdNET",NA,10.2198,-83.7874,FALSE,501,"White-winged Dove","Zenaida asiatica","#d16ff8","avian","https://media.birdweather.com/species/501/White-wingedDove-standard-6528ef689b07d5a91f1c2275cdef19c9.jpg","https://media.birdweather.com/species/501/White-wingedDove-thumbnail-4a940adfd5a6c78c73c48c5095e7b896.jpg","https://media.birdweather.com/species/501/White-wingedDove-png200-d65decd3d571b5a9dbeca249ef97689f.png","IscJLwb6hoVelZWZdoh3eIeIdxBoB4IG",16089276548,"https://media.birdweather.com/soundscapes/19267/19267-20260826-135946.flac",0,3,"live"
10723207461,19267,"2026-08-26T07:59:26.000-06:00",0.892563104629517,0.201992407441139,7.57116763652993,"almost_certain","BirdNET",NA,10.2198,-83.7874,FALSE,501,"White-winged Dove","Zenaida asiatica","#d16ff8","avian","https://media.birdweather.com/species/501/White-wingedDove-standard-6528ef689b07d5a91f1c2275cdef19c9.jpg","https://media.birdweather.com/species/501/White-wingedDove-thumbnail-4a940adfd5a6c78c73c48c5095e7b896.jpg","https://media.birdweather.com/species/501/White-wingedDove-png200-d65decd3d571b5a9dbeca249ef97689f.png","IscJLwb6hoVelZWZdoh3eIeIdxBoB4IG",16089261573,"https://media.birdweather.com/soundscapes/19267/19267-20260826-135920.flac",6,9,"live"
10723207459,19267,"2026-08-26T07:59:21.500-06:00",0.858928799629211,0.201992407441139,7.49111130434586,"almost_certain","BirdNET",NA,10.2198,-83.7874,FALSE,501,"White-winged Dove","Zenaida asiatica","#d16ff8","avian","https://media.birdweather.com/species/501/White-wingedDove-standard-6528ef689b07d5a91f1c2275cdef19c9.jpg","https://media.birdweather.com/species/501/White-wingedDove-thumbnail-4a940adfd5a6c78c73c48c5095e7b896.jpg","https://media.birdweather.com/species/501/White-wingedDove-png200-d65decd3d571b5a9dbeca249ef97689f.png","IscJLwb6hoVelZWZdoh3eIeIdxBoB4IG",16089261573,"https://media.birdweather.com/soundscapes/19267/19267-20260826-135920.flac",1.5,4.5,"live"
10723207450,19267,"2026-08-26T07:59:20.000-06:00",0.751591444015503,0.201992407441139,7.19896673950254,"almost_certain","BirdNET",NA,10.2198,-83.7874,FALSE,501,"White-winged Dove","Zenaida asiatica","#d16ff8","avian","https://media.birdweather.com/species/501/White-wingedDove-standard-6528ef689b07d5a91f1c2275cdef19c9.jpg","https://media.birdweather.com/species/501/White-wingedDove-thumbnail-4a940adfd5a6c78c73c48c5095e7b896.jpg","https://media.birdweather.com/species/501/White-wingedDove-png200-d65decd3d571b5a9dbeca249ef97689f.png","IscJLwb6hoVelZWZdoh3eIeIdxBoB4IG",16089261573,"https://media.birdweather.com/soundscapes/19267/19267-20260826-135920.flac",0,3,"live"
10723170965,19267,"2026-08-26T07:57:27.500-06:00",0.901089429855347,0.202009230852127,7.59084865592159,"almost_certain","BirdNET",NA,10.2198,-83.7874,FALSE,501,"White-winged Dove","Zenaida asiatica","#d16ff8","avian","https://media.birdweather.com/species/501/White-wingedDove-standard-6528ef689b07d5a91f1c2275cdef19c9.jpg","https://media.birdweather.com/species/501/White-wingedDove-thumbnail-4a940adfd5a6c78c73c48c5095e7b896.jpg","https://media.birdweather.com/species/501/White-wingedDove-png200-d65decd3d571b5a9dbeca249ef97689f.png","IscJLwb6hoVelZWZdoh3eIeIdxBoB4IG",16089205625,"https://media.birdweather.com/soundscapes/19267/19267-20260826-135726.flac",1.5,4.5,"live"
10723133337,19267,"2026-08-26T07:55:32.500-06:00",0.975597977638245,0.202027469873428,7.75105712989357,"almost_certain","BirdNET",NA,10.2198,-83.7874,FALSE,501,"White-winged Dove","Zenaida asiatica","#d16ff8","avian","https://media.birdweather.com/species/501/White-wingedDove-standard-6528ef689b07d5a91f1c2275cdef19c9.jpg","https://media.birdweather.com/species/501/White-wingedDove-thumbnail-4a940adfd5a6c78c73c48c5095e7b896.jpg","https://media.birdweather.com/species/501/White-wingedDove-png200-d65decd3d571b5a9dbeca249ef97689f.png","IscJLwb6hoVelZWZdoh3eIeIdxBoB4IG",16089148007,"https://media.birdweather.com/soundscapes/19267/19267-20260826-135528.flac",4.5,7.5,"live"
10723129422,19267,"2026-08-26T07:55:19.000-06:00",0.791471242904663,0.202016159892082,7.31505722475095,"almost_certain","BirdNET",NA,10.2198,-83.7874,FALSE,501,"White-winged Dove","Zenaida asiatica","#d16ff8","avian","https://media.birdweather.com/species/501/White-wingedDove-standard-6528ef689b07d5a91f1c2275cdef19c9.jpg","https://media.birdweather.com/species/501/White-wingedDove-thumbnail-4a940adfd5a6c78c73c48c5095e7b896.jpg","https://media.birdweather.com/species/501/White-wingedDove-png200-d65decd3d571b5a9dbeca249ef97689f.png","IscJLwb6hoVelZWZdoh3eIeIdxBoB4IG",16089142046,"https://media.birdweather.com/soundscapes/19267/19267-20260826-135516.flac",3,6,"live"
10723129418,19267,"2026-08-26T07:55:17.500-06:00",0.958690941333771,0.202016159892082,7.71626311417445,"almost_certain","BirdNET",NA,10.2198,-83.7874,FALSE,501,"White-winged Dove","Zenaida asiatica","#d16ff8","avian","https://media.birdweather.com/species/501/White-wingedDove-standard-6528ef689b07d5a91f1c2275cdef19c9.jpg","https://media.birdweather.com/species/501/White-wingedDove-thumbnail-4a940adfd5a6c78c73c48c5095e7b896.jpg","https://media.birdweather.com/species/501/White-wingedDove-png200-d65decd3d571b5a9dbeca249ef97689f.png","IscJLwb6hoVelZWZdoh3eIeIdxBoB4IG",16089142046,"https://media.birdweather.com/soundscapes/19267/19267-20260826-135516.flac",1.5,4.5,"live"
10723121180,19267,"2026-08-26T07:54:57.000-06:00",0.970428347587585,0.202012822031975,7.74043901933459,"almost_certain","BirdNET",NA,10.2198,-83.7874,FALSE,501,"White-winged Dove","Zenaida asiatica","#d16ff8","avian","https://media.birdweather.com/species/501/White-wingedDove-standard-6528ef689b07d5a91f1c2275cdef19c9.jpg","https://media.birdweather.com/species/501/White-wingedDove-thumbnail-4a940adfd5a6c78c73c48c5095e7b896.jpg","https://media.birdweather.com/species/501/White-wingedDove-png200-d65decd3d571b5a9dbeca249ef97689f.png","IscJLwb6hoVelZWZdoh3eIeIdxBoB4IG",16089129546,"https://media.birdweather.com/soundscapes/19267/19267-20260826-135451.flac",6,9,"live"
10723121177,19267,"2026-08-26T07:54:52.500-06:00",0.812834024429321,0.202012822031975,7.3733275458785,"almost_certain","BirdNET",NA,10.2198,-83.7874,FALSE,501,"White-winged Dove","Zenaida asiatica","#d16ff8","avian","https://media.birdweather.com/species/501/White-wingedDove-standard-6528ef689b07d5a91f1c2275cdef19c9.jpg","https://media.birdweather.com/species/501/White-wingedDove-thumbnail-4a940adfd5a6c78c73c48c5095e7b896.jpg","https://media.birdweather.com/species/501/White-wingedDove-png200-d65decd3d571b5a9dbeca249ef97689f.png","IscJLwb6hoVelZWZdoh3eIeIdxBoB4IG",16089129546,"https://media.birdweather.com/soundscapes/19267/19267-20260826-135451.flac",1.5,4.5,"live"
10723062767,19267,"2026-08-26T07:51:54.000-06:00",0.894054055213928,0.202015072107315,7.57475683259311,"almost_certain","BirdNET",NA,10.2198,-83.7874,FALSE,501,"White-winged Dove","Zenaida asiatica","#d16ff8","avian","https://media.birdweather.com/species/501/White-wingedDove-standard-6528ef689b07d5a91f1c2275cdef19c9.jpg","https://media.birdweather.com/species/501/White-wingedDove-thumbnail-4a940adfd5a6c78c73c48c5095e7b896.jpg","https://media.birdweather.com/species/501/White-wingedDove-png200-d65decd3d571b5a9dbeca249ef97689f.png","IscJLwb6hoVelZWZdoh3eIeIdxBoB4IG",16089040772,"https://media.birdweather.com/soundscapes/19267/19267-20260826-135148.flac",6,9,"live"
10723062762,19267,"2026-08-26T07:51:52.500-06:00",0.964157938957214,0.202015072107315,7.72757987200147,"almost_certain","BirdNET",NA,10.2198,-83.7874,FALSE,501,"White-winged Dove","Zenaida asiatica","#d16ff8","avian","https://media.birdweather.com/species/501/White-wingedDove-standard-6528ef689b07d5a91f1c2275cdef19c9.jpg","https://media.birdweather.com/species/501/White-wingedDove-thumbnail-4a940adfd5a6c78c73c48c5095e7b896.jpg","https://media.birdweather.com/species/501/White-wingedDove-png200-d65decd3d571b5a9dbeca249ef97689f.png","IscJLwb6hoVelZWZdoh3eIeIdxBoB4IG",16089040772,"https://media.birdweather.com/soundscapes/19267/19267-20260826-135148.flac",4.5,7.5,"live"
10723058345,19267,"2026-08-26T07:51:42.000-06:00",0.995444893836975,0.201991692185402,7.79049234594054,"almost_certain","BirdNET",NA,10.2198,-83.7874,FALSE,501,"White-winged Dove","Zenaida asiatica","#d16ff8","avian","https://media.birdweather.com/species/501/White-wingedDove-standard-6528ef689b07d5a91f1c2275cdef19c9.jpg","https://media.birdweather.com/species/501/White-wingedDove-thumbnail-4a940adfd5a6c78c73c48c5095e7b896.jpg","https://media.birdweather.com/species/501/White-wingedDove-png200-d65decd3d571b5a9dbeca249ef97689f.png","IscJLwb6hoVelZWZdoh3eIeIdxBoB4IG",16089034324,"https://media.birdweather.com/soundscapes/19267/19267-20260826-135136.flac",6,9,"live"
10723058340,19267,"2026-08-26T07:51:40.500-06:00",0.962206125259399,0.201991692185402,7.7233967317768,"almost_certain","BirdNET",NA,10.2198,-83.7874,FALSE,501,"White-winged Dove","Zenaida asiatica","#d16ff8","avian","https://media.birdweather.com/species/501/White-wingedDove-standard-6528ef689b07d5a91f1c2275cdef19c9.jpg","https://media.birdweather.com/species/501/White-wingedDove-thumbnail-4a940adfd5a6c78c73c48c5095e7b896.jpg","https://media.birdweather.com/species/501/White-wingedDove-png200-d65decd3d571b5a9dbeca249ef97689f.png","IscJLwb6hoVelZWZdoh3eIeIdxBoB4IG",16089034324,"https://media.birdweather.com/soundscapes/19267/19267-20260826-135136.flac",4.5,7.5,"live"
10723048744,19267,"2026-08-26T07:51:10.000-06:00",0.817954838275909,0.201987117528915,7.38677348252017,"almost_certain","BirdNET",NA,10.2198,-83.7874,FALSE,501,"White-winged Dove","Zenaida asiatica","#d16ff8","avian","https://media.birdweather.com/species/501/White-wingedDove-standard-6528ef689b07d5a91f1c2275cdef19c9.jpg","https://media.birdweather.com/species/501/White-wingedDove-thumbnail-4a940adfd5a6c78c73c48c5095e7b896.jpg","https://media.birdweather.com/species/501/White-wingedDove-png200-d65decd3d571b5a9dbeca249ef97689f.png","IscJLwb6hoVelZWZdoh3eIeIdxBoB4IG",16089020212,"https://media.birdweather.com/soundscapes/19267/19267-20260826-135107.flac",3,6,"live"
10723048742,19267,"2026-08-26T07:51:08.500-06:00",0.888821840286255,0.201987117528915,7.56245626265946,"almost_certain","BirdNET",NA,10.2198,-83.7874,FALSE,501,"White-winged Dove","Zenaida asiatica","#d16ff8","avian","https://media.birdweather.com/species/501/White-wingedDove-standard-6528ef689b07d5a91f1c2275cdef19c9.jpg","https://media.birdweather.com/species/501/White-wingedDove-thumbnail-4a940adfd5a6c78c73c48c5095e7b896.jpg","https://media.birdweather.com/species/501/White-wingedDove-png200-d65decd3d571b5a9dbeca249ef97689f.png","IscJLwb6hoVelZWZdoh3eIeIdxBoB4IG",16089020212,"https://media.birdweather.com/soundscapes/19267/19267-20260826-135107.flac",1.5,4.5,"live"
10722926988,19267,"2026-08-26T07:45:03.000-06:00",0.829706370830536,0.202007278800011,7.41763942312092,"almost_certain","BirdNET",NA,10.2198,-83.7874,FALSE,501,"White-winged Dove","Zenaida asiatica","#d16ff8","avian","https://media.birdweather.com/species/501/White-wingedDove-standard-6528ef689b07d5a91f1c2275cdef19c9.jpg","https://media.birdweather.com/species/501/White-wingedDove-thumbnail-4a940adfd5a6c78c73c48c5095e7b896.jpg","https://media.birdweather.com/species/501/White-wingedDove-png200-d65decd3d571b5a9dbeca249ef97689f.png","IscJLwb6hoVelZWZdoh3eIeIdxBoB4IG",16088837856,"https://media.birdweather.com/soundscapes/19267/19267-20260826-134457.flac",6,9,"live"
10722901046,19267,"2026-08-26T07:43:36.000-06:00",0.82655531167984,0.241472229361534,7.64334075965786,"almost_certain","BirdNET",NA,10.2198,-83.7874,FALSE,3766,"Crimson-fronted Parakeet","Psittacara finschi","#65ad00","avian","https://media.birdweather.com/species/3766/Crimson-frontedParakeet-standard-ddc77fa728634b78b78a31cc430f7895.jpg","https://media.birdweather.com/species/3766/Crimson-frontedParakeet-thumbnail-df6cfd5712c254c532e4f60547260885.jpg","https://media.birdweather.com/species/3766/Crimson-frontedParakeet-png200-7ac02114402521892623f1f6b95ca6c2.png","1PgJHwR1hXZghIXBaJmliYSndzA49JgL",16088798812,"https://media.birdweather.com/soundscapes/19267/19267-20260826-134336.flac",0,3,"live"
10722440571,19267,"2026-08-26T07:20:26.000-06:00",0.956267297267914,0.777646601200104,9.50918313351334,"almost_certain","BirdNET",NA,10.2198,-83.7874,FALSE,229,"Great Kiskadee","Pitangus sulphuratus","#7d4410","avian","https://media.birdweather.com/species/229/GreatKiskadee-standard-cd28a1b8e8b8e5aed433e809c229004e.jpg","https://media.birdweather.com/species/229/GreatKiskadee-thumbnail-b2749ed2442fb322cf3c4cb72f9c97f6.jpg","https://media.birdweather.com/species/229/GreatKiskadee-png200-003973af4f863deb00a4ce9b6f10e59c.png","0PgFDwIrhYqfZJh1mVe3SZZ3uKEJBncG",16088111858,"https://media.birdweather.com/soundscapes/19267/19267-20260826-132020.flac",6,9,"live"
10722440569,19267,"2026-08-26T07:20:24.500-06:00",0.910835564136505,0.777646601200104,9.41089882092947,"almost_certain","BirdNET",NA,10.2198,-83.7874,FALSE,229,"Great Kiskadee","Pitangus sulphuratus","#7d4410","avian","https://media.birdweather.com/species/229/GreatKiskadee-standard-cd28a1b8e8b8e5aed433e809c229004e.jpg","https://media.birdweather.com/species/229/GreatKiskadee-thumbnail-b2749ed2442fb322cf3c4cb72f9c97f6.jpg","https://media.birdweather.com/species/229/GreatKiskadee-png200-003973af4f863deb00a4ce9b6f10e59c.png","0PgFDwIrhYqfZJh1mVe3SZZ3uKEJBncG",16088111858,"https://media.birdweather.com/soundscapes/19267/19267-20260826-132020.flac",4.5,7.5,"live"
10722440562,19267,"2026-08-26T07:20:21.500-06:00",0.902097880840302,0.777646601200104,9.39116017287679,"almost_certain","BirdNET",NA,10.2198,-83.7874,FALSE,229,"Great Kiskadee","Pitangus sulphuratus","#7d4410","avian","https://media.birdweather.com/species/229/GreatKiskadee-standard-cd28a1b8e8b8e5aed433e809c229004e.jpg","https://media.birdweather.com/species/229/GreatKiskadee-thumbnail-b2749ed2442fb322cf3c4cb72f9c97f6.jpg","https://media.birdweather.com/species/229/GreatKiskadee-png200-003973af4f863deb00a4ce9b6f10e59c.png","0PgFDwIrhYqfZJh1mVe3SZZ3uKEJBncG",16088111858,"https://media.birdweather.com/soundscapes/19267/19267-20260826-132020.flac",1.5,4.5,"live"
10722440560,19267,"2026-08-26T07:20:20.000-06:00",0.974075555801392,0.777646601200104,9.54586355999056,"almost_certain","BirdNET",NA,10.2198,-83.7874,FALSE,229,"Great Kiskadee","Pitangus sulphuratus","#7d4410","avian","https://media.birdweather.com/species/229/GreatKiskadee-standard-cd28a1b8e8b8e5aed433e809c229004e.jpg","https://media.birdweather.com/species/229/GreatKiskadee-thumbnail-b2749ed2442fb322cf3c4cb72f9c97f6.jpg","https://media.birdweather.com/species/229/GreatKiskadee-png200-003973af4f863deb00a4ce9b6f10e59c.png","0PgFDwIrhYqfZJh1mVe3SZZ3uKEJBncG",16088111858,"https://media.birdweather.com/soundscapes/19267/19267-20260826-132020.flac",0,3,"live"
10722392582,19267,"2026-08-26T07:17:58.500-06:00",0.810679137706757,0.201978251338005,7.36733537958437,"almost_certain","BirdNET",NA,10.2198,-83.7874,FALSE,501,"White-winged Dove","Zenaida asiatica","#d16ff8","avian","https://media.birdweather.com/species/501/White-wingedDove-standard-6528ef689b07d5a91f1c2275cdef19c9.jpg","https://media.birdweather.com/species/501/White-wingedDove-thumbnail-4a940adfd5a6c78c73c48c5095e7b896.jpg","https://media.birdweather.com/species/501/White-wingedDove-png200-d65decd3d571b5a9dbeca249ef97689f.png","IscJLwb6hoVelZWZdoh3eIeIdxBoB4IG",16088038970,"https://media.birdweather.com/soundscapes/19267/19267-20260826-131754.flac",4.5,7.5,"live"
10722260131,19267,"2026-08-26T07:11:04.000-06:00",0.894218742847443,0.201985955238342,7.57494842006619,"almost_certain","BirdNET",NA,10.2198,-83.7874,FALSE,501,"White-winged Dove","Zenaida asiatica","#d16ff8","avian","https://media.birdweather.com/species/501/White-wingedDove-standard-6528ef689b07d5a91f1c2275cdef19c9.jpg","https://media.birdweather.com/species/501/White-wingedDove-thumbnail-4a940adfd5a6c78c73c48c5095e7b896.jpg","https://media.birdweather.com/species/501/White-wingedDove-png200-d65decd3d571b5a9dbeca249ef97689f.png","IscJLwb6hoVelZWZdoh3eIeIdxBoB4IG",16087837036,"https://media.birdweather.com/soundscapes/19267/19267-20260826-131104.flac",0,3,"live"
10721803254,19267,"2026-08-26T06:46:10.000-06:00",0.952038705348969,0.201998427510262,7.70224231573017,"almost_certain","BirdNET",NA,10.2198,-83.7874,FALSE,501,"White-winged Dove","Zenaida asiatica","#d16ff8","avian","https://media.birdweather.com/species/501/White-wingedDove-standard-6528ef689b07d5a91f1c2275cdef19c9.jpg","https://media.birdweather.com/species/501/White-wingedDove-thumbnail-4a940adfd5a6c78c73c48c5095e7b896.jpg","https://media.birdweather.com/species/501/White-wingedDove-png200-d65decd3d571b5a9dbeca249ef97689f.png","IscJLwb6hoVelZWZdoh3eIeIdxBoB4IG",16087103018,"https://media.birdweather.com/soundscapes/19267/19267-20260826-124607.flac",3,6,"live"
10721803246,19267,"2026-08-26T06:46:08.500-06:00",0.994468212127686,0.201998427510262,7.78861049425371,"almost_certain","BirdNET",NA,10.2198,-83.7874,FALSE,501,"White-winged Dove","Zenaida asiatica","#d16ff8","avian","https://media.birdweather.com/species/501/White-wingedDove-standard-6528ef689b07d5a91f1c2275cdef19c9.jpg","https://media.birdweather.com/species/501/White-wingedDove-thumbnail-4a940adfd5a6c78c73c48c5095e7b896.jpg","https://media.birdweather.com/species/501/White-wingedDove-png200-d65decd3d571b5a9dbeca249ef97689f.png","IscJLwb6hoVelZWZdoh3eIeIdxBoB4IG",16087103018,"https://media.birdweather.com/soundscapes/19267/19267-20260826-124607.flac",1.5,4.5,"live"
10721803233,19267,"2026-08-26T06:46:07.000-06:00",0.992300629615784,0.201998427510262,7.78432774666051,"almost_certain","BirdNET",NA,10.2198,-83.7874,FALSE,501,"White-winged Dove","Zenaida asiatica","#d16ff8","avian","https://media.birdweather.com/species/501/White-wingedDove-standard-6528ef689b07d5a91f1c2275cdef19c9.jpg","https://media.birdweather.com/species/501/White-wingedDove-thumbnail-4a940adfd5a6c78c73c48c5095e7b896.jpg","https://media.birdweather.com/species/501/White-wingedDove-png200-d65decd3d571b5a9dbeca249ef97689f.png","IscJLwb6hoVelZWZdoh3eIeIdxBoB4IG",16087103018,"https://media.birdweather.com/soundscapes/19267/19267-20260826-124607.flac",0,3,"live"
10721798806,19267,"2026-08-26T06:45:54.000-06:00",0.863041400909424,0.201998427510262,7.50119377109201,"almost_certain","BirdNET",NA,10.2198,-83.7874,FALSE,501,"White-winged Dove","Zenaida asiatica","#d16ff8","avian","https://media.birdweather.com/species/501/White-wingedDove-standard-6528ef689b07d5a91f1c2275cdef19c9.jpg","https://media.birdweather.com/species/501/White-wingedDove-thumbnail-4a940adfd5a6c78c73c48c5095e7b896.jpg","https://media.birdweather.com/species/501/White-wingedDove-png200-d65decd3d571b5a9dbeca249ef97689f.png","IscJLwb6hoVelZWZdoh3eIeIdxBoB4IG",16087095895,"https://media.birdweather.com/soundscapes/19267/19267-20260826-124554.flac",0,3,"live"
10721794991,19267,"2026-08-26T06:45:47.000-06:00",0.722139000892639,0.201979413628578,7.10648552518116,"almost_certain","BirdNET",NA,10.2198,-83.7874,FALSE,501,"White-winged Dove","Zenaida asiatica","#d16ff8","avian","https://media.birdweather.com/species/501/White-wingedDove-standard-6528ef689b07d5a91f1c2275cdef19c9.jpg","https://media.birdweather.com/species/501/White-wingedDove-thumbnail-4a940adfd5a6c78c73c48c5095e7b896.jpg","https://media.birdweather.com/species/501/White-wingedDove-png200-d65decd3d571b5a9dbeca249ef97689f.png","IscJLwb6hoVelZWZdoh3eIeIdxBoB4IG",16087089870,"https://media.birdweather.com/soundscapes/19267/19267-20260826-124541.flac",6,9,"live"
10721649308,19267,"2026-08-26T06:37:43.000-06:00",0.749200284481049,0.0940977185964584,6.21732142015137,"almost_certain","BirdNET",NA,10.2198,-83.7874,FALSE,17047,"Cinnamon-bellied Saltator","Saltator grandis","#6a35aa","avian","https://media.birdweather.com/species/17047/Cinnamon-belliedSaltator-standard-0876af3c691c96f8b8ee4f8dfdd870b4.jpeg","https://media.birdweather.com/species/17047/Cinnamon-belliedSaltator-thumbnail-3679ab493b8742672fc60e91862977e4.jpeg","https://media.birdweather.com/species/17047/Cinnamon-belliedSaltator-png200-58b4d4fbf255464431cd041a234f1383.png","FAgGBwCAaXmLZojmR6mHmXWEdlUJSJUA",16086852590,"https://media.birdweather.com/soundscapes/19267/19267-20260826-123737.flac",6,9,"live"
10721431230,19267,"2026-08-26T06:25:51.000-06:00",0.781562149524689,0.201990932226181,7.28698985974447,"almost_certain","BirdNET",NA,10.2198,-83.7874,FALSE,501,"White-winged Dove","Zenaida asiatica","#d16ff8","avian","https://media.birdweather.com/species/501/White-wingedDove-standard-6528ef689b07d5a91f1c2275cdef19c9.jpg","https://media.birdweather.com/species/501/White-wingedDove-thumbnail-4a940adfd5a6c78c73c48c5095e7b896.jpg","https://media.birdweather.com/species/501/White-wingedDove-png200-d65decd3d571b5a9dbeca249ef97689f.png","IscJLwb6hoVelZWZdoh3eIeIdxBoB4IG",16086505296,"https://media.birdweather.com/soundscapes/19267/19267-20260826-122551.flac",0,3,"live"
10721000686,19267,"2026-08-26T06:02:32.000-06:00",0.785724997520447,0.200010627508163,7.28592393491254,"almost_certain","BirdNET",NA,10.2198,-83.7874,FALSE,864,"Yellow-faced Grassquit","Tiaris olivaceus","#c70033","avian","https://media.birdweather.com/species/864/Yellow-facedGrassquit-standard-bc13eb67e9183acb9c902fa38205f1cc.jpg","https://media.birdweather.com/species/864/Yellow-facedGrassquit-thumbnail-c24b9b26edf65943c571eefcc409a249.jpg","https://media.birdweather.com/species/864/Yellow-facedGrassquit-png200-3a314b765c10030d7f0761598680fa1f.png","WPgJJwZAunewh4dqloeXdoeVCmVncJQI",16085815108,"https://media.birdweather.com/soundscapes/19267/19267-20260826-120226.flac",6,9,"live"
10720988861,19267,"2026-08-26T06:01:49.500-06:00",0.707255899906158,0.201982915401459,7.05733486817514,"almost_certain","BirdNET",NA,10.2198,-83.7874,FALSE,501,"White-winged Dove","Zenaida asiatica","#d16ff8","avian","https://media.birdweather.com/species/501/White-wingedDove-standard-6528ef689b07d5a91f1c2275cdef19c9.jpg","https://media.birdweather.com/species/501/White-wingedDove-thumbnail-4a940adfd5a6c78c73c48c5095e7b896.jpg","https://media.birdweather.com/species/501/White-wingedDove-png200-d65decd3d571b5a9dbeca249ef97689f.png","IscJLwb6hoVelZWZdoh3eIeIdxBoB4IG",16085796048,"https://media.birdweather.com/soundscapes/19267/19267-20260826-120148.flac",1.5,4.5,"live"
10720988855,19267,"2026-08-26T06:01:48.000-06:00",0.759779930114746,0.201982915401459,7.22352440005676,"almost_certain","BirdNET",NA,10.2198,-83.7874,FALSE,501,"White-winged Dove","Zenaida asiatica","#d16ff8","avian","https://media.birdweather.com/species/501/White-wingedDove-standard-6528ef689b07d5a91f1c2275cdef19c9.jpg","https://media.birdweather.com/species/501/White-wingedDove-thumbnail-4a940adfd5a6c78c73c48c5095e7b896.jpg","https://media.birdweather.com/species/501/White-wingedDove-png200-d65decd3d571b5a9dbeca249ef97689f.png","IscJLwb6hoVelZWZdoh3eIeIdxBoB4IG",16085796048,"https://media.birdweather.com/soundscapes/19267/19267-20260826-120148.flac",0,3,"live"
10720972475,19267,"2026-08-26T06:00:57.000-06:00",0.858247041702271,0.201965421438217,7.48926480775263,"almost_certain","BirdNET",NA,10.2198,-83.7874,FALSE,501,"White-winged Dove","Zenaida asiatica","#d16ff8","avian","https://media.birdweather.com/species/501/White-wingedDove-standard-6528ef689b07d5a91f1c2275cdef19c9.jpg","https://media.birdweather.com/species/501/White-wingedDove-thumbnail-4a940adfd5a6c78c73c48c5095e7b896.jpg","https://media.birdweather.com/species/501/White-wingedDove-png200-d65decd3d571b5a9dbeca249ef97689f.png","IscJLwb6hoVelZWZdoh3eIeIdxBoB4IG",16085769493,"https://media.birdweather.com/soundscapes/19267/19267-20260826-120054.flac",3,6,"live"
10720972471,19267,"2026-08-26T06:00:55.500-06:00",0.754427671432495,0.201965421438217,7.20736973163852,"almost_certain","BirdNET",NA,10.2198,-83.7874,FALSE,501,"White-winged Dove","Zenaida asiatica","#d16ff8","avian","https://media.birdweather.com/species/501/White-wingedDove-standard-6528ef689b07d5a91f1c2275cdef19c9.jpg","https://media.birdweather.com/species/501/White-wingedDove-thumbnail-4a940adfd5a6c78c73c48c5095e7b896.jpg","https://media.birdweather.com/species/501/White-wingedDove-png200-d65decd3d571b5a9dbeca249ef97689f.png","IscJLwb6hoVelZWZdoh3eIeIdxBoB4IG",16085769493,"https://media.birdweather.com/soundscapes/19267/19267-20260826-120054.flac",1.5,4.5,"live"
10720810396,19267,"2026-08-26T05:51:59.500-06:00",0.860505700111389,0.201987117528915,7.49493684364823,"almost_certain","BirdNET",NA,10.2198,-83.7874,FALSE,501,"White-winged Dove","Zenaida asiatica","#d16ff8","avian","https://media.birdweather.com/species/501/White-wingedDove-standard-6528ef689b07d5a91f1c2275cdef19c9.jpg","https://media.birdweather.com/species/501/White-wingedDove-thumbnail-4a940adfd5a6c78c73c48c5095e7b896.jpg","https://media.birdweather.com/species/501/White-wingedDove-png200-d65decd3d571b5a9dbeca249ef97689f.png","IscJLwb6hoVelZWZdoh3eIeIdxBoB4IG",16085506469,"https://media.birdweather.com/soundscapes/19267/19267-20260826-115158.flac",1.5,4.5,"live"
10720798573,19267,"2026-08-26T05:51:24.000-06:00",0.935960948467255,0.201991721987724,7.6679945144691,"almost_certain","BirdNET",NA,10.2198,-83.7874,FALSE,501,"White-winged Dove","Zenaida asiatica","#d16ff8","avian","https://media.birdweather.com/species/501/White-wingedDove-standard-6528ef689b07d5a91f1c2275cdef19c9.jpg","https://media.birdweather.com/species/501/White-wingedDove-thumbnail-4a940adfd5a6c78c73c48c5095e7b896.jpg","https://media.birdweather.com/species/501/White-wingedDove-png200-d65decd3d571b5a9dbeca249ef97689f.png","IscJLwb6hoVelZWZdoh3eIeIdxBoB4IG",16085487140,"https://media.birdweather.com/soundscapes/19267/19267-20260826-115118.flac",6,9,"live"
10720798569,19267,"2026-08-26T05:51:22.500-06:00",0.960527002811432,0.201991721987724,7.71991867325889,"almost_certain","BirdNET",NA,10.2198,-83.7874,FALSE,501,"White-winged Dove","Zenaida asiatica","#d16ff8","avian","https://media.birdweather.com/species/501/White-wingedDove-standard-6528ef689b07d5a91f1c2275cdef19c9.jpg","https://media.birdweather.com/species/501/White-wingedDove-thumbnail-4a940adfd5a6c78c73c48c5095e7b896.jpg","https://media.birdweather.com/species/501/White-wingedDove-png200-d65decd3d571b5a9dbeca249ef97689f.png","IscJLwb6hoVelZWZdoh3eIeIdxBoB4IG",16085487140,"https://media.birdweather.com/soundscapes/19267/19267-20260826-115118.flac",4.5,7.5,"live"
10720798564,19267,"2026-08-26T05:51:19.500-06:00",0.847807228565216,0.201991721987724,7.46357173546313,"almost_certain","BirdNET",NA,10.2198,-83.7874,FALSE,501,"White-winged Dove","Zenaida asiatica","#d16ff8","avian","https://media.birdweather.com/species/501/White-wingedDove-standard-6528ef689b07d5a91f1c2275cdef19c9.jpg","https://media.birdweather.com/species/501/White-wingedDove-thumbnail-4a940adfd5a6c78c73c48c5095e7b896.jpg","https://media.birdweather.com/species/501/White-wingedDove-png200-d65decd3d571b5a9dbeca249ef97689f.png","IscJLwb6hoVelZWZdoh3eIeIdxBoB4IG",16085487140,"https://media.birdweather.com/soundscapes/19267/19267-20260826-115118.flac",1.5,4.5,"live"
10720798562,19267,"2026-08-26T05:51:18.000-06:00",0.978310644626617,0.201991721987724,7.75631595018215,"almost_certain","BirdNET",NA,10.2198,-83.7874,FALSE,501,"White-winged Dove","Zenaida asiatica","#d16ff8","avian","https://media.birdweather.com/species/501/White-wingedDove-standard-6528ef689b07d5a91f1c2275cdef19c9.jpg","https://media.birdweather.com/species/501/White-wingedDove-thumbnail-4a940adfd5a6c78c73c48c5095e7b896.jpg","https://media.birdweather.com/species/501/White-wingedDove-png200-d65decd3d571b5a9dbeca249ef97689f.png","IscJLwb6hoVelZWZdoh3eIeIdxBoB4IG",16085487140,"https://media.birdweather.com/soundscapes/19267/19267-20260826-115118.flac",0,3,"live"
10720794736,19267,"2026-08-26T05:51:10.500-06:00",0.795022964477539,0.201986193656921,7.32472856981679,"almost_certain","BirdNET",NA,10.2198,-83.7874,FALSE,501,"White-winged Dove","Zenaida asiatica","#d16ff8","avian","https://media.birdweather.com/species/501/White-wingedDove-standard-6528ef689b07d5a91f1c2275cdef19c9.jpg","https://media.birdweather.com/species/501/White-wingedDove-thumbnail-4a940adfd5a6c78c73c48c5095e7b896.jpg","https://media.birdweather.com/species/501/White-wingedDove-png200-d65decd3d571b5a9dbeca249ef97689f.png","IscJLwb6hoVelZWZdoh3eIeIdxBoB4IG",16085480794,"https://media.birdweather.com/soundscapes/19267/19267-20260826-115106.flac",4.5,7.5,"live"
10720791048,19267,"2026-08-26T05:50:54.500-06:00",0.941311120986938,0.201987117528915,7.67944199803283,"almost_certain","BirdNET",NA,10.2198,-83.7874,FALSE,501,"White-winged Dove","Zenaida asiatica","#d16ff8","avian","https://media.birdweather.com/species/501/White-wingedDove-standard-6528ef689b07d5a91f1c2275cdef19c9.jpg","https://media.birdweather.com/species/501/White-wingedDove-thumbnail-4a940adfd5a6c78c73c48c5095e7b896.jpg","https://media.birdweather.com/species/501/White-wingedDove-png200-d65decd3d571b5a9dbeca249ef97689f.png","IscJLwb6hoVelZWZdoh3eIeIdxBoB4IG",16085474730,"https://media.birdweather.com/soundscapes/19267/19267-20260826-115053.flac",1.5,4.5,"live"
10720791044,19267,"2026-08-26T05:50:53.000-06:00",0.975068390369415,0.201987117528915,7.74972203558577,"almost_certain","BirdNET",NA,10.2198,-83.7874,FALSE,501,"White-winged Dove","Zenaida asiatica","#d16ff8","avian","https://media.birdweather.com/species/501/White-wingedDove-standard-6528ef689b07d5a91f1c2275cdef19c9.jpg","https://media.birdweather.com/species/501/White-wingedDove-thumbnail-4a940adfd5a6c78c73c48c5095e7b896.jpg","https://media.birdweather.com/species/501/White-wingedDove-png200-d65decd3d571b5a9dbeca249ef97689f.png","IscJLwb6hoVelZWZdoh3eIeIdxBoB4IG",16085474730,"https://media.birdweather.com/soundscapes/19267/19267-20260826-115053.flac",0,3,"live"
10720782636,19267,"2026-08-26T05:50:32.000-06:00",0.848836064338684,0.201999336481094,7.466191524764,"almost_certain","BirdNET",NA,10.2198,-83.7874,FALSE,501,"White-winged Dove","Zenaida asiatica","#d16ff8","avian","https://media.birdweather.com/species/501/White-wingedDove-standard-6528ef689b07d5a91f1c2275cdef19c9.jpg","https://media.birdweather.com/species/501/White-wingedDove-thumbnail-4a940adfd5a6c78c73c48c5095e7b896.jpg","https://media.birdweather.com/species/501/White-wingedDove-png200-d65decd3d571b5a9dbeca249ef97689f.png","IscJLwb6hoVelZWZdoh3eIeIdxBoB4IG",16085461141,"https://media.birdweather.com/soundscapes/19267/19267-20260826-115026.flac",6,9,"live"
10720782632,19267,"2026-08-26T05:50:29.000-06:00",0.831135451793671,0.201999336481094,7.42127920888666,"almost_certain","BirdNET",NA,10.2198,-83.7874,FALSE,501,"White-winged Dove","Zenaida asiatica","#d16ff8","avian","https://media.birdweather.com/species/501/White-wingedDove-standard-6528ef689b07d5a91f1c2275cdef19c9.jpg","https://media.birdweather.com/species/501/White-wingedDove-thumbnail-4a940adfd5a6c78c73c48c5095e7b896.jpg","https://media.birdweather.com/species/501/White-wingedDove-png200-d65decd3d571b5a9dbeca249ef97689f.png","IscJLwb6hoVelZWZdoh3eIeIdxBoB4IG",16085461141,"https://media.birdweather.com/soundscapes/19267/19267-20260826-115026.flac",3,6,"live"
10720782629,19267,"2026-08-26T05:50:27.500-06:00",0.960708618164062,0.201999336481094,7.72034451804969,"almost_certain","BirdNET",NA,10.2198,-83.7874,FALSE,501,"White-winged Dove","Zenaida asiatica","#d16ff8","avian","https://media.birdweather.com/species/501/White-wingedDove-standard-6528ef689b07d5a91f1c2275cdef19c9.jpg","https://media.birdweather.com/species/501/White-wingedDove-thumbnail-4a940adfd5a6c78c73c48c5095e7b896.jpg","https://media.birdweather.com/species/501/White-wingedDove-png200-d65decd3d571b5a9dbeca249ef97689f.png","IscJLwb6hoVelZWZdoh3eIeIdxBoB4IG",16085461141,"https://media.birdweather.com/soundscapes/19267/19267-20260826-115026.flac",1.5,4.5,"live"
10720775057,19267,"2026-08-26T05:50:04.000-06:00",0.853833079338074,0.201985970139503,7.47852221030074,"almost_certain","BirdNET",NA,10.2198,-83.7874,FALSE,501,"White-winged Dove","Zenaida asiatica","#d16ff8","avian","https://media.birdweather.com/species/501/White-wingedDove-standard-6528ef689b07d5a91f1c2275cdef19c9.jpg","https://media.birdweather.com/species/501/White-wingedDove-thumbnail-4a940adfd5a6c78c73c48c5095e7b896.jpg","https://media.birdweather.com/species/501/White-wingedDove-png200-d65decd3d571b5a9dbeca249ef97689f.png","IscJLwb6hoVelZWZdoh3eIeIdxBoB4IG",16085448648,"https://media.birdweather.com/soundscapes/19267/19267-20260826-115001.flac",3,6,"live"
10720775053,19267,"2026-08-26T05:50:02.500-06:00",0.936787903308868,0.201985970139503,7.66973762825425,"almost_certain","BirdNET",NA,10.2198,-83.7874,FALSE,501,"White-winged Dove","Zenaida asiatica","#d16ff8","avian","https://media.birdweather.com/species/501/White-wingedDove-standard-6528ef689b07d5a91f1c2275cdef19c9.jpg","https://media.birdweather.com/species/501/White-wingedDove-thumbnail-4a940adfd5a6c78c73c48c5095e7b896.jpg","https://media.birdweather.com/species/501/White-wingedDove-png200-d65decd3d571b5a9dbeca249ef97689f.png","IscJLwb6hoVelZWZdoh3eIeIdxBoB4IG",16085448648,"https://media.birdweather.com/soundscapes/19267/19267-20260826-115001.flac",1.5,4.5,"live"
10720775048,19267,"2026-08-26T05:50:01.000-06:00",0.896919071674347,0.201985970139503,7.58116015163852,"almost_certain","BirdNET",NA,10.2198,-83.7874,FALSE,501,"White-winged Dove","Zenaida asiatica","#d16ff8","avian","https://media.birdweather.com/species/501/White-wingedDove-standard-6528ef689b07d5a91f1c2275cdef19c9.jpg","https://media.birdweather.com/species/501/White-wingedDove-thumbnail-4a940adfd5a6c78c73c48c5095e7b896.jpg","https://media.birdweather.com/species/501/White-wingedDove-png200-d65decd3d571b5a9dbeca249ef97689f.png","IscJLwb6hoVelZWZdoh3eIeIdxBoB4IG",16085448648,"https://media.birdweather.com/soundscapes/19267/19267-20260826-115001.flac",0,3,"live"
10720771472,19267,"2026-08-26T05:49:55.000-06:00",0.747593402862549,0.201984450221062,7.18673238625798,"almost_certain","BirdNET",NA,10.2198,-83.7874,FALSE,501,"White-winged Dove","Zenaida asiatica","#d16ff8","avian","https://media.birdweather.com/species/501/White-wingedDove-standard-6528ef689b07d5a91f1c2275cdef19c9.jpg","https://media.birdweather.com/species/501/White-wingedDove-thumbnail-4a940adfd5a6c78c73c48c5095e7b896.jpg","https://media.birdweather.com/species/501/White-wingedDove-png200-d65decd3d571b5a9dbeca249ef97689f.png","IscJLwb6hoVelZWZdoh3eIeIdxBoB4IG",16085442607,"https://media.birdweather.com/soundscapes/19267/19267-20260826-114949.flac",6,9,"live"
10720771466,19267,"2026-08-26T05:49:49.000-06:00",0.980882823467255,0.201984450221062,7.76145422055125,"almost_certain","BirdNET",NA,10.2198,-83.7874,FALSE,501,"White-winged Dove","Zenaida asiatica","#d16ff8","avian","https://media.birdweather.com/species/501/White-wingedDove-standard-6528ef689b07d5a91f1c2275cdef19c9.jpg","https://media.birdweather.com/species/501/White-wingedDove-thumbnail-4a940adfd5a6c78c73c48c5095e7b896.jpg","https://media.birdweather.com/species/501/White-wingedDove-png200-d65decd3d571b5a9dbeca249ef97689f.png","IscJLwb6hoVelZWZdoh3eIeIdxBoB4IG",16085442607,"https://media.birdweather.com/soundscapes/19267/19267-20260826-114949.flac",0,3,"live"
10720767848,19267,"2026-08-26T05:49:43.000-06:00",0.803667783737183,0.201985210180283,7.34844066373242,"almost_certain","BirdNET",NA,10.2198,-83.7874,FALSE,501,"White-winged Dove","Zenaida asiatica","#d16ff8","avian","https://media.birdweather.com/species/501/White-wingedDove-standard-6528ef689b07d5a91f1c2275cdef19c9.jpg","https://media.birdweather.com/species/501/White-wingedDove-thumbnail-4a940adfd5a6c78c73c48c5095e7b896.jpg","https://media.birdweather.com/species/501/White-wingedDove-png200-d65decd3d571b5a9dbeca249ef97689f.png","IscJLwb6hoVelZWZdoh3eIeIdxBoB4IG",16085436636,"https://media.birdweather.com/soundscapes/19267/19267-20260826-114937.flac",6,9,"live"
10720767840,19267,"2026-08-26T05:49:40.000-06:00",0.770832240581512,0.201985210180283,7.25608206164803,"almost_certain","BirdNET",NA,10.2198,-83.7874,FALSE,501,"White-winged Dove","Zenaida asiatica","#d16ff8","avian","https://media.birdweather.com/species/501/White-wingedDove-standard-6528ef689b07d5a91f1c2275cdef19c9.jpg","https://media.birdweather.com/species/501/White-wingedDove-thumbnail-4a940adfd5a6c78c73c48c5095e7b896.jpg","https://media.birdweather.com/species/501/White-wingedDove-png200-d65decd3d571b5a9dbeca249ef97689f.png","IscJLwb6hoVelZWZdoh3eIeIdxBoB4IG",16085436636,"https://media.birdweather.com/soundscapes/19267/19267-20260826-114937.flac",3,6,"live"
10720767835,19267,"2026-08-26T05:49:38.500-06:00",0.816258549690247,0.201985210180283,7.38226707864208,"almost_certain","BirdNET",NA,10.2198,-83.7874,FALSE,501,"White-winged Dove","Zenaida asiatica","#d16ff8","avian","https://media.birdweather.com/species/501/White-wingedDove-standard-6528ef689b07d5a91f1c2275cdef19c9.jpg","https://media.birdweather.com/species/501/White-wingedDove-thumbnail-4a940adfd5a6c78c73c48c5095e7b896.jpg","https://media.birdweather.com/species/501/White-wingedDove-png200-d65decd3d571b5a9dbeca249ef97689f.png","IscJLwb6hoVelZWZdoh3eIeIdxBoB4IG",16085436636,"https://media.birdweather.com/soundscapes/19267/19267-20260826-114937.flac",1.5,4.5,"live"
10720760163,19267,"2026-08-26T05:49:14.500-06:00",0.884844601154327,0.20198954641819,7.55318680285054,"almost_certain","BirdNET",NA,10.2198,-83.7874,FALSE,501,"White-winged Dove","Zenaida asiatica","#d16ff8","avian","https://media.birdweather.com/species/501/White-wingedDove-standard-6528ef689b07d5a91f1c2275cdef19c9.jpg","https://media.birdweather.com/species/501/White-wingedDove-thumbnail-4a940adfd5a6c78c73c48c5095e7b896.jpg","https://media.birdweather.com/species/501/White-wingedDove-png200-d65decd3d571b5a9dbeca249ef97689f.png","IscJLwb6hoVelZWZdoh3eIeIdxBoB4IG",16085423889,"https://media.birdweather.com/soundscapes/19267/19267-20260826-114910.flac",4.5,7.5,"live"
10720760161,19267,"2026-08-26T05:49:13.000-06:00",0.948558568954468,0.20198954641819,7.69485321641667,"almost_certain","BirdNET",NA,10.2198,-83.7874,FALSE,501,"White-winged Dove","Zenaida asiatica","#d16ff8","avian","https://media.birdweather.com/species/501/White-wingedDove-standard-6528ef689b07d5a91f1c2275cdef19c9.jpg","https://media.birdweather.com/species/501/White-wingedDove-thumbnail-4a940adfd5a6c78c73c48c5095e7b896.jpg","https://media.birdweather.com/species/501/White-wingedDove-png200-d65decd3d571b5a9dbeca249ef97689f.png","IscJLwb6hoVelZWZdoh3eIeIdxBoB4IG",16085423889,"https://media.birdweather.com/soundscapes/19267/19267-20260826-114910.flac",3,6,"live"
10720756158,19267,"2026-08-26T05:49:03.000-06:00",0.901939153671265,0.201983749866486,7.59261930697582,"almost_certain","BirdNET",NA,10.2198,-83.7874,FALSE,501,"White-winged Dove","Zenaida asiatica","#d16ff8","avian","https://media.birdweather.com/species/501/White-wingedDove-standard-6528ef689b07d5a91f1c2275cdef19c9.jpg","https://media.birdweather.com/species/501/White-wingedDove-thumbnail-4a940adfd5a6c78c73c48c5095e7b896.jpg","https://media.birdweather.com/species/501/White-wingedDove-png200-d65decd3d571b5a9dbeca249ef97689f.png","IscJLwb6hoVelZWZdoh3eIeIdxBoB4IG",16085417562,"https://media.birdweather.com/soundscapes/19267/19267-20260826-114857.flac",6,9,"live"
10720756156,19267,"2026-08-26T05:49:01.500-06:00",0.768600285053253,0.201983749866486,7.24956276888513,"almost_certain","BirdNET",NA,10.2198,-83.7874,FALSE,501,"White-winged Dove","Zenaida asiatica","#d16ff8","avian","https://media.birdweather.com/species/501/White-wingedDove-standard-6528ef689b07d5a91f1c2275cdef19c9.jpg","https://media.birdweather.com/species/501/White-wingedDove-thumbnail-4a940adfd5a6c78c73c48c5095e7b896.jpg","https://media.birdweather.com/species/501/White-wingedDove-png200-d65decd3d571b5a9dbeca249ef97689f.png","IscJLwb6hoVelZWZdoh3eIeIdxBoB4IG",16085417562,"https://media.birdweather.com/soundscapes/19267/19267-20260826-114857.flac",4.5,7.5,"live"
10720709306,19267,"2026-08-26T05:46:25.000-06:00",0.71079421043396,0.201991692185402,7.06924297996725,"almost_certain","BirdNET",NA,10.2198,-83.7874,FALSE,501,"White-winged Dove","Zenaida asiatica","#d16ff8","avian","https://media.birdweather.com/species/501/White-wingedDove-standard-6528ef689b07d5a91f1c2275cdef19c9.jpg","https://media.birdweather.com/species/501/White-wingedDove-thumbnail-4a940adfd5a6c78c73c48c5095e7b896.jpg","https://media.birdweather.com/species/501/White-wingedDove-png200-d65decd3d571b5a9dbeca249ef97689f.png","IscJLwb6hoVelZWZdoh3eIeIdxBoB4IG",16085341632,"https://media.birdweather.com/soundscapes/19267/19267-20260826-114622.flac",3,6,"live"
10720664605,19267,"2026-08-26T05:43:54.000-06:00",0.773295640945435,0.661962628364563,8.84378135128532,"almost_certain","BirdNET",NA,10.2198,-83.7874,FALSE,205,"Ruddy Ground Dove","Columbina talpacoti","#53906e","avian","https://media.birdweather.com/species/205/RuddyGroundDove-standard-53ff31bb086a0bdfee231e383a62179c.jpg","https://media.birdweather.com/species/205/RuddyGroundDove-thumbnail-d67b5868d1bb1d2bfe15c5ab85a0860b.jpg","https://media.birdweather.com/species/205/RuddyGroundDove-png200-f0c3dd93639067047ad97e6d51181cc0.png","WugJDwIImHiTind4dmiIdoaZmf2mFpAJ",16085268936,"https://media.birdweather.com/soundscapes/19267/19267-20260826-114354.flac",0,3,"live"
10720656266,19267,"2026-08-26T05:43:31.500-06:00",0.706239819526672,0.777643799781799,8.85209269912569,"almost_certain","BirdNET",NA,10.2198,-83.7874,FALSE,229,"Great Kiskadee","Pitangus sulphuratus","#7d4410","avian","https://media.birdweather.com/species/229/GreatKiskadee-standard-cd28a1b8e8b8e5aed433e809c229004e.jpg","https://media.birdweather.com/species/229/GreatKiskadee-thumbnail-b2749ed2442fb322cf3c4cb72f9c97f6.jpg","https://media.birdweather.com/species/229/GreatKiskadee-png200-003973af4f863deb00a4ce9b6f10e59c.png","0PgFDwIrhYqfZJh1mVe3SZZ3uKEJBncG",16085255621,"https://media.birdweather.com/soundscapes/19267/19267-20260826-114327.flac",4.5,7.5,"live"
10720625418,19267,"2026-08-26T05:41:52.000-06:00",0.850476622581482,0.777649581432343,9.26836467308797,"almost_certain","BirdNET",NA,10.2198,-83.7874,FALSE,229,"Great Kiskadee","Pitangus sulphuratus","#7d4410","avian","https://media.birdweather.com/species/229/GreatKiskadee-standard-cd28a1b8e8b8e5aed433e809c229004e.jpg","https://media.birdweather.com/species/229/GreatKiskadee-thumbnail-b2749ed2442fb322cf3c4cb72f9c97f6.jpg","https://media.birdweather.com/species/229/GreatKiskadee-png200-003973af4f863deb00a4ce9b6f10e59c.png","0PgFDwIrhYqfZJh1mVe3SZZ3uKEJBncG",16085205946,"https://media.birdweather.com/soundscapes/19267/19267-20260826-114146.flac",6,9,"live"
10720585174,19267,"2026-08-26T05:39:39.000-06:00",0.908656895160675,0.202002808451653,7.60794721451339,"almost_certain","BirdNET",NA,10.2198,-83.7874,FALSE,501,"White-winged Dove","Zenaida asiatica","#d16ff8","avian","https://media.birdweather.com/species/501/White-wingedDove-standard-6528ef689b07d5a91f1c2275cdef19c9.jpg","https://media.birdweather.com/species/501/White-wingedDove-thumbnail-4a940adfd5a6c78c73c48c5095e7b896.jpg","https://media.birdweather.com/species/501/White-wingedDove-png200-d65decd3d571b5a9dbeca249ef97689f.png","IscJLwb6hoVelZWZdoh3eIeIdxBoB4IG",16085140586,"https://media.birdweather.com/soundscapes/19267/19267-20260826-113933.flac",6,9,"live"
10720581250,19267,"2026-08-26T05:39:24.500-06:00",0.946335434913635,0.202008843421936,7.69027375561199,"almost_certain","BirdNET",NA,10.2198,-83.7874,FALSE,501,"White-winged Dove","Zenaida asiatica","#d16ff8","avian","https://media.birdweather.com/species/501/White-wingedDove-standard-6528ef689b07d5a91f1c2275cdef19c9.jpg","https://media.birdweather.com/species/501/White-wingedDove-thumbnail-4a940adfd5a6c78c73c48c5095e7b896.jpg","https://media.birdweather.com/species/501/White-wingedDove-png200-d65decd3d571b5a9dbeca249ef97689f.png","IscJLwb6hoVelZWZdoh3eIeIdxBoB4IG",16085134287,"https://media.birdweather.com/soundscapes/19267/19267-20260826-113920.flac",4.5,7.5,"live"
10720581246,19267,"2026-08-26T05:39:23.000-06:00",0.759001791477203,0.202008843421936,7.221371383682,"almost_certain","BirdNET",NA,10.2198,-83.7874,FALSE,501,"White-winged Dove","Zenaida asiatica","#d16ff8","avian","https://media.birdweather.com/species/501/White-wingedDove-standard-6528ef689b07d5a91f1c2275cdef19c9.jpg","https://media.birdweather.com/species/501/White-wingedDove-thumbnail-4a940adfd5a6c78c73c48c5095e7b896.jpg","https://media.birdweather.com/species/501/White-wingedDove-png200-d65decd3d571b5a9dbeca249ef97689f.png","IscJLwb6hoVelZWZdoh3eIeIdxBoB4IG",16085134287,"https://media.birdweather.com/soundscapes/19267/19267-20260826-113920.flac",3,6,"live"
10720577463,19267,"2026-08-26T05:39:11.000-06:00",0.704408526420593,0.202010527253151,7.04790116200258,"almost_certain","BirdNET",NA,10.2198,-83.7874,FALSE,501,"White-winged Dove","Zenaida asiatica","#d16ff8","avian","https://media.birdweather.com/species/501/White-wingedDove-standard-6528ef689b07d5a91f1c2275cdef19c9.jpg","https://media.birdweather.com/species/501/White-wingedDove-thumbnail-4a940adfd5a6c78c73c48c5095e7b896.jpg","https://media.birdweather.com/species/501/White-wingedDove-png200-d65decd3d571b5a9dbeca249ef97689f.png","IscJLwb6hoVelZWZdoh3eIeIdxBoB4IG",16085128297,"https://media.birdweather.com/soundscapes/19267/19267-20260826-113908.flac",3,6,"live"
10720450120,19267,"2026-08-26T05:31:55.000-06:00",0.866062998771667,0.102254956960678,6.63747185135226,"almost_certain","BirdNET",NA,10.2198,-83.7874,FALSE,603,"Tropical Mockingbird","Mimus gilvus","#006e2a","avian","https://media.birdweather.com/species/603/TropicalMockingbird-standard-33be42788a38707b12f757d28526a492.jpg","https://media.birdweather.com/species/603/TropicalMockingbird-thumbnail-4f6417f6928c80a2cb70eb341f54fd79.jpg","https://media.birdweather.com/species/603/TropicalMockingbird-png200-9e94d27578943cfad1e7923fe23d2300.png","q+cJFwL4VohclXidhXh5aJh4qDAaGKYA",16084915748,"https://media.birdweather.com/soundscapes/19267/19267-20260826-113155.flac",0,3,"live"
10720303913,19267,"2026-08-26T05:23:15.500-06:00",0.825552046298981,0.77764481306076,9.2048770694592,"almost_certain","BirdNET",NA,10.2198,-83.7874,FALSE,229,"Great Kiskadee","Pitangus sulphuratus","#7d4410","avian","https://media.birdweather.com/species/229/GreatKiskadee-standard-cd28a1b8e8b8e5aed433e809c229004e.jpg","https://media.birdweather.com/species/229/GreatKiskadee-thumbnail-b2749ed2442fb322cf3c4cb72f9c97f6.jpg","https://media.birdweather.com/species/229/GreatKiskadee-png200-003973af4f863deb00a4ce9b6f10e59c.png","0PgFDwIrhYqfZJh1mVe3SZZ3uKEJBncG",16084659790,"https://media.birdweather.com/soundscapes/19267/19267-20260826-112311.flac",4.5,7.5,"live"
10720253931,19267,"2026-08-26T05:20:11.000-06:00",0.843555092811584,0.777640283107758,9.25101331271447,"almost_certain","BirdNET",NA,10.2198,-83.7874,FALSE,229,"Great Kiskadee","Pitangus sulphuratus","#7d4410","avian","https://media.birdweather.com/species/229/GreatKiskadee-standard-cd28a1b8e8b8e5aed433e809c229004e.jpg","https://media.birdweather.com/species/229/GreatKiskadee-thumbnail-b2749ed2442fb322cf3c4cb72f9c97f6.jpg","https://media.birdweather.com/species/229/GreatKiskadee-png200-003973af4f863deb00a4ce9b6f10e59c.png","0PgFDwIrhYqfZJh1mVe3SZZ3uKEJBncG",16084571118,"https://media.birdweather.com/soundscapes/19267/19267-20260826-112011.flac",0,3,"live"
10720183964,19267,"2026-08-26T05:15:53.000-06:00",0.704240381717682,0.0539019554853439,5.40430965094878,"almost_certain","BirdNET",NA,10.2198,-83.7874,FALSE,343,"Rufous-collared Sparrow","Zonotrichia capensis","#becf5c","avian","https://media.birdweather.com/species/343/Rufous-collaredSparrow-standard-e628a34c10763d215326702d59b67e0b.jpg","https://media.birdweather.com/species/343/Rufous-collaredSparrow-thumbnail-db656eeb106c0b7edbb744ed170bc0bc.jpg","https://media.birdweather.com/species/343/Rufous-collaredSparrow-png200-d701b3240aba667c8d7d0a08e4543d05.png","HgkGDwJwgXqoh3lbZgmUCqRklTf9QhcA",16084442951,"https://media.birdweather.com/soundscapes/19267/19267-20260826-111550.flac",3,6,"live"
10719876210,19267,"2026-08-26T04:56:40.500-06:00",0.707038700580597,0.017778716981411,4.27244134005322,"almost_certain","BirdNET",NA,10.2198,-83.7874,FALSE,809,"Common Nighthawk","Chordeiles minor","#df0087","avian","https://media.birdweather.com/species/809/CommonNighthawk-standard-2a166e6df983fe3e15df637a6c13d559.jpg","https://media.birdweather.com/species/809/CommonNighthawk-thumbnail-ea6e8a16a308ac19bee0dcd990d42e75.jpg","https://media.birdweather.com/species/809/CommonNighthawk-png200-9ea2ceaa17734721a00511a0ed1d2b2b.png","3BgGFwJfiXdad3eqiHeGmGiFl/imek8I",16083878891,"https://media.birdweather.com/soundscapes/19267/19267-20260826-105636.flac",4.5,7.5,"live"
10719327991,19267,"2026-08-26T04:18:06.000-06:00",0.853984534740448,0.0671427398920059,6.09401501575641,"almost_certain","BirdNET",NA,10.2198,-83.7874,FALSE,2106,"Scale-crested Pygmy-Tyrant","Lophotriccus pileatus","#ff3f73","avian","https://media.birdweather.com/species/2106/Scale-crestedPygmy-Tyrant-standard-30688703276d7a86ba8040e08ec546e4.jpg","https://media.birdweather.com/species/2106/Scale-crestedPygmy-Tyrant-thumbnail-a2fa4da6488b42e46af0521226507326.jpg","https://media.birdweather.com/species/2106/Scale-crestedPygmy-Tyrant-png200-7dba50c93511c6b01ee479c707de9a8b.png","IroFJwJKZ2tcVqZvUmlauFW0Vp9LCUoK",16082754737,"https://media.birdweather.com/soundscapes/19267/19267-20260826-101803.flac",3,6,"live"
10719317687,19267,"2026-08-26T04:17:14.000-06:00",0.701733887195587,0.0671430379152298,5.65377509178814,"almost_certain","BirdNET",NA,10.2198,-83.7874,FALSE,2106,"Scale-crested Pygmy-Tyrant","Lophotriccus pileatus","#ff3f73","avian","https://media.birdweather.com/species/2106/Scale-crestedPygmy-Tyrant-standard-30688703276d7a86ba8040e08ec546e4.jpg","https://media.birdweather.com/species/2106/Scale-crestedPygmy-Tyrant-thumbnail-a2fa4da6488b42e46af0521226507326.jpg","https://media.birdweather.com/species/2106/Scale-crestedPygmy-Tyrant-png200-7dba50c93511c6b01ee479c707de9a8b.png","IroFJwJKZ2tcVqZvUmlauFW0Vp9LCUoK",16082730031,"https://media.birdweather.com/soundscapes/19267/19267-20260826-101711.flac",3,6,"live"
10719219575,19267,"2026-08-26T04:09:11.000-06:00",0.991481900215149,0.0544689744710922,6.1518657686173,"almost_certain","BirdNET",NA,10.2198,-83.7874,FALSE,787,"Summer Tanager","Piranga rubra","#d47cff","avian","https://media.birdweather.com/species/787/SummerTanager-standard-36a792694b84d855f2100df31228f337.jpg","https://media.birdweather.com/species/787/SummerTanager-thumbnail-295dfc06fec97f10af4b57d73f0c8145.jpg","https://media.birdweather.com/species/787/SummerTanager-png200-927270a88581d9d7b4298b7e68afb368.png","WBkGDwhxl5dPcmZ9qEl2l4l4l+EKCJgC",16082495643,"https://media.birdweather.com/soundscapes/19267/19267-20260826-100908.flac",3,6,"live"
10717841562,19267,"2026-08-26T02:03:21.000-06:00",0.813051700592041,0.0671434253454208,5.98886578370442,"almost_certain","BirdNET",NA,10.2198,-83.7874,FALSE,2106,"Scale-crested Pygmy-Tyrant","Lophotriccus pileatus","#ff3f73","avian","https://media.birdweather.com/species/2106/Scale-crestedPygmy-Tyrant-standard-30688703276d7a86ba8040e08ec546e4.jpg","https://media.birdweather.com/species/2106/Scale-crestedPygmy-Tyrant-thumbnail-a2fa4da6488b42e46af0521226507326.jpg","https://media.birdweather.com/species/2106/Scale-crestedPygmy-Tyrant-png200-7dba50c93511c6b01ee479c707de9a8b.png","IroFJwJKZ2tcVqZvUmlauFW0Vp9LCUoK",16078847599,"https://media.birdweather.com/soundscapes/19267/19267-20260826-080318.flac",3,6,"live"
