"id","stationId","timestamp","confidence","probability","score","certainty","algorithm","metadata","lat","lon","favorite","species.id","species.commonName","species.scientificName","species.color","species.classification","species.imageUrl","species.thumbnailUrl","species.pngUrl","species.thumbhash","soundscape.id","soundscape.url","soundscape.startTime","soundscape.endTime","soundscape.mode"
11106299330,19267,"2026-09-12T15:33:36.000-06:00",0.905316770076752,0.765553116798401,9.37726678822313,"almost_certain","BirdNET",NA,10.2198,-83.7874,FALSE,229,"Great Kiskadee","Pitangus sulphuratus","#7d4410","avian","https://media.birdweather.com/species/229/GreatKiskadee-standard-cd28a1b8e8b8e5aed433e809c229004e.jpg","https://media.birdweather.com/species/229/GreatKiskadee-thumbnail-b2749ed2442fb322cf3c4cb72f9c97f6.jpg","https://media.birdweather.com/species/229/GreatKiskadee-png200-003973af4f863deb00a4ce9b6f10e59c.png","0PgFDwIrhYqfZJh1mVe3SZZ3uKEJBncG",16820971202,"https://media.birdweather.com/soundscapes/19267/19267-20260912-213330.flac",6,9,"live"
11106299324,19267,"2026-09-12T15:33:34.500-06:00",0.917264938354492,0.765553116798401,9.40404538566036,"almost_certain","BirdNET",NA,10.2198,-83.7874,FALSE,229,"Great Kiskadee","Pitangus sulphuratus","#7d4410","avian","https://media.birdweather.com/species/229/GreatKiskadee-standard-cd28a1b8e8b8e5aed433e809c229004e.jpg","https://media.birdweather.com/species/229/GreatKiskadee-thumbnail-b2749ed2442fb322cf3c4cb72f9c97f6.jpg","https://media.birdweather.com/species/229/GreatKiskadee-png200-003973af4f863deb00a4ce9b6f10e59c.png","0PgFDwIrhYqfZJh1mVe3SZZ3uKEJBncG",16820971202,"https://media.birdweather.com/soundscapes/19267/19267-20260912-213330.flac",4.5,7.5,"live"
11106299317,19267,"2026-09-12T15:33:33.000-06:00",0.954925060272217,0.765553116798401,9.48518019407484,"almost_certain","BirdNET",NA,10.2198,-83.7874,FALSE,229,"Great Kiskadee","Pitangus sulphuratus","#7d4410","avian","https://media.birdweather.com/species/229/GreatKiskadee-standard-cd28a1b8e8b8e5aed433e809c229004e.jpg","https://media.birdweather.com/species/229/GreatKiskadee-thumbnail-b2749ed2442fb322cf3c4cb72f9c97f6.jpg","https://media.birdweather.com/species/229/GreatKiskadee-png200-003973af4f863deb00a4ce9b6f10e59c.png","0PgFDwIrhYqfZJh1mVe3SZZ3uKEJBncG",16820971202,"https://media.birdweather.com/soundscapes/19267/19267-20260912-213330.flac",3,6,"live"
11106299313,19267,"2026-09-12T15:33:31.500-06:00",0.984063863754272,0.765553116798401,9.54481692980176,"almost_certain","BirdNET",NA,10.2198,-83.7874,FALSE,229,"Great Kiskadee","Pitangus sulphuratus","#7d4410","avian","https://media.birdweather.com/species/229/GreatKiskadee-standard-cd28a1b8e8b8e5aed433e809c229004e.jpg","https://media.birdweather.com/species/229/GreatKiskadee-thumbnail-b2749ed2442fb322cf3c4cb72f9c97f6.jpg","https://media.birdweather.com/species/229/GreatKiskadee-png200-003973af4f863deb00a4ce9b6f10e59c.png","0PgFDwIrhYqfZJh1mVe3SZZ3uKEJBncG",16820971202,"https://media.birdweather.com/soundscapes/19267/19267-20260912-213330.flac",1.5,4.5,"live"
11106299310,19267,"2026-09-12T15:33:30.000-06:00",0.780958950519562,0.765553116798401,9.06220791096238,"almost_certain","BirdNET",NA,10.2198,-83.7874,FALSE,229,"Great Kiskadee","Pitangus sulphuratus","#7d4410","avian","https://media.birdweather.com/species/229/GreatKiskadee-standard-cd28a1b8e8b8e5aed433e809c229004e.jpg","https://media.birdweather.com/species/229/GreatKiskadee-thumbnail-b2749ed2442fb322cf3c4cb72f9c97f6.jpg","https://media.birdweather.com/species/229/GreatKiskadee-png200-003973af4f863deb00a4ce9b6f10e59c.png","0PgFDwIrhYqfZJh1mVe3SZZ3uKEJBncG",16820971202,"https://media.birdweather.com/soundscapes/19267/19267-20260912-213330.flac",0,3,"live"
11105679002,19267,"2026-09-12T14:52:50.500-06:00",0.926839172840118,0.0763173177838326,6.41723365123786,"almost_certain","BirdNET",NA,10.2198,-83.7874,FALSE,17047,"Cinnamon-bellied Saltator","Saltator grandis","#6a35aa","avian","https://media.birdweather.com/species/17047/Cinnamon-belliedSaltator-standard-0876af3c691c96f8b8ee4f8dfdd870b4.jpeg","https://media.birdweather.com/species/17047/Cinnamon-belliedSaltator-thumbnail-3679ab493b8742672fc60e91862977e4.jpeg","https://media.birdweather.com/species/17047/Cinnamon-belliedSaltator-png200-58b4d4fbf255464431cd041a234f1383.png","FAgGBwCAaXmLZojmR6mHmXWEdlUJSJUA",16819780803,"https://media.birdweather.com/soundscapes/19267/19267-20260912-205246.flac",4.5,7.5,"live"
11105678997,19267,"2026-09-12T14:52:49.000-06:00",0.925503551959991,0.0763173177838326,6.41431144589696,"almost_certain","BirdNET",NA,10.2198,-83.7874,FALSE,17047,"Cinnamon-bellied Saltator","Saltator grandis","#6a35aa","avian","https://media.birdweather.com/species/17047/Cinnamon-belliedSaltator-standard-0876af3c691c96f8b8ee4f8dfdd870b4.jpeg","https://media.birdweather.com/species/17047/Cinnamon-belliedSaltator-thumbnail-3679ab493b8742672fc60e91862977e4.jpeg","https://media.birdweather.com/species/17047/Cinnamon-belliedSaltator-png200-58b4d4fbf255464431cd041a234f1383.png","FAgGBwCAaXmLZojmR6mHmXWEdlUJSJUA",16819780803,"https://media.birdweather.com/soundscapes/19267/19267-20260912-205246.flac",3,6,"live"
11105672333,19267,"2026-09-12T14:52:23.500-06:00",0.752227783203125,0.0763145983219147,5.96987999849816,"almost_certain","BirdNET",NA,10.2198,-83.7874,FALSE,17047,"Cinnamon-bellied Saltator","Saltator grandis","#6a35aa","avian","https://media.birdweather.com/species/17047/Cinnamon-belliedSaltator-standard-0876af3c691c96f8b8ee4f8dfdd870b4.jpeg","https://media.birdweather.com/species/17047/Cinnamon-belliedSaltator-thumbnail-3679ab493b8742672fc60e91862977e4.jpeg","https://media.birdweather.com/species/17047/Cinnamon-belliedSaltator-png200-58b4d4fbf255464431cd041a234f1383.png","FAgGBwCAaXmLZojmR6mHmXWEdlUJSJUA",16819768004,"https://media.birdweather.com/soundscapes/19267/19267-20260912-205219.flac",4.5,7.5,"live"
11104988163,19267,"2026-09-12T14:08:47.000-06:00",0.809441268444061,0.0402324572205544,5.39145395534563,"almost_certain","BirdNET",NA,10.2198,-83.7874,FALSE,610,"Yellow-billed Cuckoo","Coccyzus americanus","#e2342d","avian","https://media.birdweather.com/species/610/Yellow-billedCuckoo-standard-882f68a7a9fd2d56463209cebd11666a.jpg","https://media.birdweather.com/species/610/Yellow-billedCuckoo-thumbnail-6d2045e19aef63a798a493d7cfb637a8.jpg","https://media.birdweather.com/species/610/Yellow-billedCuckoo-png200-347ece3a30ca733e8fe66061ab0863f5.png","H+gJJwJ/dXZoyJmZpJhZd5h4CXhqqOwA",16818477699,"https://media.birdweather.com/soundscapes/19267/19267-20260912-200841.flac",6,9,"live"
11104988162,19267,"2026-09-12T14:08:45.500-06:00",0.769624650478363,0.0402324572205544,5.27996224091215,"almost_certain","BirdNET",NA,10.2198,-83.7874,FALSE,610,"Yellow-billed Cuckoo","Coccyzus americanus","#e2342d","avian","https://media.birdweather.com/species/610/Yellow-billedCuckoo-standard-882f68a7a9fd2d56463209cebd11666a.jpg","https://media.birdweather.com/species/610/Yellow-billedCuckoo-thumbnail-6d2045e19aef63a798a493d7cfb637a8.jpg","https://media.birdweather.com/species/610/Yellow-billedCuckoo-png200-347ece3a30ca733e8fe66061ab0863f5.png","H+gJJwJ/dXZoyJmZpJhZd5h4CXhqqOwA",16818477699,"https://media.birdweather.com/soundscapes/19267/19267-20260912-200841.flac",4.5,7.5,"live"
11104774509,19267,"2026-09-12T13:55:33.000-06:00",0.924778878688812,0.765551745891571,9.42061922916499,"almost_certain","BirdNET",NA,10.2198,-83.7874,FALSE,229,"Great Kiskadee","Pitangus sulphuratus","#7d4410","avian","https://media.birdweather.com/species/229/GreatKiskadee-standard-cd28a1b8e8b8e5aed433e809c229004e.jpg","https://media.birdweather.com/species/229/GreatKiskadee-thumbnail-b2749ed2442fb322cf3c4cb72f9c97f6.jpg","https://media.birdweather.com/species/229/GreatKiskadee-png200-003973af4f863deb00a4ce9b6f10e59c.png","0PgFDwIrhYqfZJh1mVe3SZZ3uKEJBncG",16818085379,"https://media.birdweather.com/soundscapes/19267/19267-20260912-195527.flac",6,9,"live"
11104774504,19267,"2026-09-12T13:55:30.000-06:00",0.832864820957184,0.765551745891571,9.20261110141311,"almost_certain","BirdNET",NA,10.2198,-83.7874,FALSE,229,"Great Kiskadee","Pitangus sulphuratus","#7d4410","avian","https://media.birdweather.com/species/229/GreatKiskadee-standard-cd28a1b8e8b8e5aed433e809c229004e.jpg","https://media.birdweather.com/species/229/GreatKiskadee-thumbnail-b2749ed2442fb322cf3c4cb72f9c97f6.jpg","https://media.birdweather.com/species/229/GreatKiskadee-png200-003973af4f863deb00a4ce9b6f10e59c.png","0PgFDwIrhYqfZJh1mVe3SZZ3uKEJBncG",16818085379,"https://media.birdweather.com/soundscapes/19267/19267-20260912-195527.flac",3,6,"live"
11104710376,19267,"2026-09-12T13:51:31.500-06:00",0.736196637153625,0.552220046520233,8.48766835458888,"almost_certain","BirdNET",NA,10.2198,-83.7874,FALSE,802,"Rufous-tailed Hummingbird","Amazilia tzacatl","#d9c845","avian","https://media.birdweather.com/species/802/Rufous-tailedHummingbird-standard-4d0209b50ad0c35c6d8337f5c0c16b55.jpg","https://media.birdweather.com/species/802/Rufous-tailedHummingbird-thumbnail-fbf17400c31564f70aa45927c5d75f5e.jpg","https://media.birdweather.com/species/802/Rufous-tailedHummingbird-png200-8ea431c9893cfe027e92471791a8c256.png","mPkJFwIHqJeJl4lriIaGhYh3+H+oVGAH",16817968705,"https://media.birdweather.com/soundscapes/19267/19267-20260912-195130.flac",1.5,4.5,"live"
11104521760,19267,"2026-09-12T13:39:43.000-06:00",0.719469964504242,0.18594953417778,6.99007013437034,"almost_certain","BirdNET",NA,10.2198,-83.7874,FALSE,864,"Yellow-faced Grassquit","Tiaris olivaceus","#c70033","avian","https://media.birdweather.com/species/864/Yellow-facedGrassquit-standard-bc13eb67e9183acb9c902fa38205f1cc.jpg","https://media.birdweather.com/species/864/Yellow-facedGrassquit-thumbnail-c24b9b26edf65943c571eefcc409a249.jpg","https://media.birdweather.com/species/864/Yellow-facedGrassquit-png200-3a314b765c10030d7f0761598680fa1f.png","WPgJJwZAunewh4dqloeXdoeVCmVncJQI",16817619352,"https://media.birdweather.com/soundscapes/19267/19267-20260912-193943.flac",0,3,"live"
11103198670,19267,"2026-09-12T12:16:19.500-06:00",0.896666944026947,0.552216649055481,8.91683440077793,"almost_certain","BirdNET",NA,10.2198,-83.7874,FALSE,802,"Rufous-tailed Hummingbird","Amazilia tzacatl","#d9c845","avian","https://media.birdweather.com/species/802/Rufous-tailedHummingbird-standard-4d0209b50ad0c35c6d8337f5c0c16b55.jpg","https://media.birdweather.com/species/802/Rufous-tailedHummingbird-thumbnail-fbf17400c31564f70aa45927c5d75f5e.jpg","https://media.birdweather.com/species/802/Rufous-tailedHummingbird-png200-8ea431c9893cfe027e92471791a8c256.png","mPkJFwIHqJeJl4lriIaGhYh3+H+oVGAH",16815140565,"https://media.birdweather.com/soundscapes/19267/19267-20260912-181615.flac",4.5,7.5,"live"
11103198662,19267,"2026-09-12T12:16:18.000-06:00",0.852875053882599,0.552216649055481,8.81240335410266,"almost_certain","BirdNET",NA,10.2198,-83.7874,FALSE,802,"Rufous-tailed Hummingbird","Amazilia tzacatl","#d9c845","avian","https://media.birdweather.com/species/802/Rufous-tailedHummingbird-standard-4d0209b50ad0c35c6d8337f5c0c16b55.jpg","https://media.birdweather.com/species/802/Rufous-tailedHummingbird-thumbnail-fbf17400c31564f70aa45927c5d75f5e.jpg","https://media.birdweather.com/species/802/Rufous-tailedHummingbird-png200-8ea431c9893cfe027e92471791a8c256.png","mPkJFwIHqJeJl4lriIaGhYh3+H+oVGAH",16815140565,"https://media.birdweather.com/soundscapes/19267/19267-20260912-181615.flac",3,6,"live"
11103166713,19267,"2026-09-12T12:14:20.500-06:00",0.989508152008057,0.765559017658234,9.55568767082609,"almost_certain","BirdNET",NA,10.2198,-83.7874,FALSE,229,"Great Kiskadee","Pitangus sulphuratus","#7d4410","avian","https://media.birdweather.com/species/229/GreatKiskadee-standard-cd28a1b8e8b8e5aed433e809c229004e.jpg","https://media.birdweather.com/species/229/GreatKiskadee-thumbnail-b2749ed2442fb322cf3c4cb72f9c97f6.jpg","https://media.birdweather.com/species/229/GreatKiskadee-png200-003973af4f863deb00a4ce9b6f10e59c.png","0PgFDwIrhYqfZJh1mVe3SZZ3uKEJBncG",16815081723,"https://media.birdweather.com/soundscapes/19267/19267-20260912-181416.flac",4.5,7.5,"live"
11103166711,19267,"2026-09-12T12:14:19.000-06:00",0.836675345897675,0.765559017658234,9.21238597617756,"almost_certain","BirdNET",NA,10.2198,-83.7874,FALSE,229,"Great Kiskadee","Pitangus sulphuratus","#7d4410","avian","https://media.birdweather.com/species/229/GreatKiskadee-standard-cd28a1b8e8b8e5aed433e809c229004e.jpg","https://media.birdweather.com/species/229/GreatKiskadee-thumbnail-b2749ed2442fb322cf3c4cb72f9c97f6.jpg","https://media.birdweather.com/species/229/GreatKiskadee-png200-003973af4f863deb00a4ce9b6f10e59c.png","0PgFDwIrhYqfZJh1mVe3SZZ3uKEJBncG",16815081723,"https://media.birdweather.com/soundscapes/19267/19267-20260912-181416.flac",3,6,"live"
11103124366,19267,"2026-09-12T12:11:42.000-06:00",0.734495460987091,0.765560150146484,8.92303323104561,"almost_certain","BirdNET",NA,10.2198,-83.7874,FALSE,229,"Great Kiskadee","Pitangus sulphuratus","#7d4410","avian","https://media.birdweather.com/species/229/GreatKiskadee-standard-cd28a1b8e8b8e5aed433e809c229004e.jpg","https://media.birdweather.com/species/229/GreatKiskadee-thumbnail-b2749ed2442fb322cf3c4cb72f9c97f6.jpg","https://media.birdweather.com/species/229/GreatKiskadee-png200-003973af4f863deb00a4ce9b6f10e59c.png","0PgFDwIrhYqfZJh1mVe3SZZ3uKEJBncG",16815004334,"https://media.birdweather.com/soundscapes/19267/19267-20260912-181139.flac",3,6,"live"
11102896649,19267,"2026-09-12T11:57:33.000-06:00",0.769489467144012,0.765559613704681,9.0291529849522,"almost_certain","BirdNET",NA,10.2198,-83.7874,FALSE,229,"Great Kiskadee","Pitangus sulphuratus","#7d4410","avian","https://media.birdweather.com/species/229/GreatKiskadee-standard-cd28a1b8e8b8e5aed433e809c229004e.jpg","https://media.birdweather.com/species/229/GreatKiskadee-thumbnail-b2749ed2442fb322cf3c4cb72f9c97f6.jpg","https://media.birdweather.com/species/229/GreatKiskadee-png200-003973af4f863deb00a4ce9b6f10e59c.png","0PgFDwIrhYqfZJh1mVe3SZZ3uKEJBncG",16814582544,"https://media.birdweather.com/soundscapes/19267/19267-20260912-175727.flac",6,9,"live"
11102896644,19267,"2026-09-12T11:57:31.500-06:00",0.948648691177368,0.765559613704681,9.47199918028393,"almost_certain","BirdNET",NA,10.2198,-83.7874,FALSE,229,"Great Kiskadee","Pitangus sulphuratus","#7d4410","avian","https://media.birdweather.com/species/229/GreatKiskadee-standard-cd28a1b8e8b8e5aed433e809c229004e.jpg","https://media.birdweather.com/species/229/GreatKiskadee-thumbnail-b2749ed2442fb322cf3c4cb72f9c97f6.jpg","https://media.birdweather.com/species/229/GreatKiskadee-png200-003973af4f863deb00a4ce9b6f10e59c.png","0PgFDwIrhYqfZJh1mVe3SZZ3uKEJBncG",16814582544,"https://media.birdweather.com/soundscapes/19267/19267-20260912-175727.flac",4.5,7.5,"live"
11102896641,19267,"2026-09-12T11:57:30.000-06:00",0.926352679729462,0.765559613704681,9.4240797810917,"almost_certain","BirdNET",NA,10.2198,-83.7874,FALSE,229,"Great Kiskadee","Pitangus sulphuratus","#7d4410","avian","https://media.birdweather.com/species/229/GreatKiskadee-standard-cd28a1b8e8b8e5aed433e809c229004e.jpg","https://media.birdweather.com/species/229/GreatKiskadee-thumbnail-b2749ed2442fb322cf3c4cb72f9c97f6.jpg","https://media.birdweather.com/species/229/GreatKiskadee-png200-003973af4f863deb00a4ce9b6f10e59c.png","0PgFDwIrhYqfZJh1mVe3SZZ3uKEJBncG",16814582544,"https://media.birdweather.com/soundscapes/19267/19267-20260912-175727.flac",3,6,"live"
11102875310,19267,"2026-09-12T11:56:07.500-06:00",0.900729835033417,0.765563428401947,9.36686396111295,"almost_certain","BirdNET",NA,10.2198,-83.7874,FALSE,229,"Great Kiskadee","Pitangus sulphuratus","#7d4410","avian","https://media.birdweather.com/species/229/GreatKiskadee-standard-cd28a1b8e8b8e5aed433e809c229004e.jpg","https://media.birdweather.com/species/229/GreatKiskadee-thumbnail-b2749ed2442fb322cf3c4cb72f9c97f6.jpg","https://media.birdweather.com/species/229/GreatKiskadee-png200-003973af4f863deb00a4ce9b6f10e59c.png","0PgFDwIrhYqfZJh1mVe3SZZ3uKEJBncG",16814542690,"https://media.birdweather.com/soundscapes/19267/19267-20260912-175606.flac",1.5,4.5,"live"
11102875308,19267,"2026-09-12T11:56:06.000-06:00",0.705230534076691,0.765563428401947,8.82750978091162,"almost_certain","BirdNET",NA,10.2198,-83.7874,FALSE,229,"Great Kiskadee","Pitangus sulphuratus","#7d4410","avian","https://media.birdweather.com/species/229/GreatKiskadee-standard-cd28a1b8e8b8e5aed433e809c229004e.jpg","https://media.birdweather.com/species/229/GreatKiskadee-thumbnail-b2749ed2442fb322cf3c4cb72f9c97f6.jpg","https://media.birdweather.com/species/229/GreatKiskadee-png200-003973af4f863deb00a4ce9b6f10e59c.png","0PgFDwIrhYqfZJh1mVe3SZZ3uKEJBncG",16814542690,"https://media.birdweather.com/soundscapes/19267/19267-20260912-175606.flac",0,3,"live"
11102151106,19267,"2026-09-12T11:12:12.500-06:00",0.727293372154236,0.818075120449066,8.98989425373832,"almost_certain","BirdNET",NA,10.2198,-83.7874,FALSE,451,"Blue-gray Tanager","Thraupis episcopus","#844800","avian","https://media.birdweather.com/species/451/Blue-grayTanager-standard-04bc83ed9930251b50b0a08bf40fec04.jpg","https://media.birdweather.com/species/451/Blue-grayTanager-thumbnail-dc3af9565dbd849047cf157316f7ef59.jpg","https://media.birdweather.com/species/451/Blue-grayTanager-png200-be5418cb49793536e5c09e1af73aefe1.png","GvkFHwZvZYaoamVVjYZ1i1Z2Zoz1l3EP",16813233988,"https://media.birdweather.com/soundscapes/19267/19267-20260912-171211.flac",1.5,4.5,"live"
11101538268,19267,"2026-09-12T10:36:30.500-06:00",0.888840854167938,0.203263357281685,7.57072367227908,"almost_certain","BirdNET",NA,10.2198,-83.7874,FALSE,501,"White-winged Dove","Zenaida asiatica","#d16ff8","avian","https://media.birdweather.com/species/501/White-wingedDove-standard-6528ef689b07d5a91f1c2275cdef19c9.jpg","https://media.birdweather.com/species/501/White-wingedDove-thumbnail-4a940adfd5a6c78c73c48c5095e7b896.jpg","https://media.birdweather.com/species/501/White-wingedDove-png200-d65decd3d571b5a9dbeca249ef97689f.png","IscJLwb6hoVelZWZdoh3eIeIdxBoB4IG",16812168192,"https://media.birdweather.com/soundscapes/19267/19267-20260912-163626.flac",4.5,7.5,"live"
11101140657,19267,"2026-09-12T10:14:00.000-06:00",0.808952629566193,0.553707361221313,8.70262647956385,"almost_certain","BirdNET",NA,10.2198,-83.7874,FALSE,121,"Social Flycatcher","Myiozetetes similis","#69b9ff","avian","https://media.birdweather.com/species/121/SocialFlycatcher-standard-6e107581e61c9f556b3a0af5200f486a.jpg","https://media.birdweather.com/species/121/SocialFlycatcher-thumbnail-87f640fcaf1441ecbbd56b57372185a8.jpg","https://media.birdweather.com/species/121/SocialFlycatcher-png200-2f6dd485cf927db0dd7fd9abc239fb19.png","2xkKJwIJh3ekeXh0e5Z4eYaIdyApd5AC",16811498627,"https://media.birdweather.com/soundscapes/19267/19267-20260912-161354.flac",6,9,"live"
11101119935,19267,"2026-09-12T10:12:48.500-06:00",0.706855893135071,0.553708910942078,8.39589287015162,"almost_certain","BirdNET",NA,10.2198,-83.7874,FALSE,121,"Social Flycatcher","Myiozetetes similis","#69b9ff","avian","https://media.birdweather.com/species/121/SocialFlycatcher-standard-6e107581e61c9f556b3a0af5200f486a.jpg","https://media.birdweather.com/species/121/SocialFlycatcher-thumbnail-87f640fcaf1441ecbbd56b57372185a8.jpg","https://media.birdweather.com/species/121/SocialFlycatcher-png200-2f6dd485cf927db0dd7fd9abc239fb19.png","2xkKJwIJh3ekeXh0e5Z4eYaIdyApd5AC",16811463965,"https://media.birdweather.com/soundscapes/19267/19267-20260912-161247.flac",1.5,4.5,"live"
11101119927,19267,"2026-09-12T10:12:47.000-06:00",0.770473003387451,0.553708910942078,8.59492582213558,"almost_certain","BirdNET",NA,10.2198,-83.7874,FALSE,121,"Social Flycatcher","Myiozetetes similis","#69b9ff","avian","https://media.birdweather.com/species/121/SocialFlycatcher-standard-6e107581e61c9f556b3a0af5200f486a.jpg","https://media.birdweather.com/species/121/SocialFlycatcher-thumbnail-87f640fcaf1441ecbbd56b57372185a8.jpg","https://media.birdweather.com/species/121/SocialFlycatcher-png200-2f6dd485cf927db0dd7fd9abc239fb19.png","2xkKJwIJh3ekeXh0e5Z4eYaIdyApd5AC",16811463965,"https://media.birdweather.com/soundscapes/19267/19267-20260912-161247.flac",0,3,"live"
11100512763,19267,"2026-09-12T09:39:16.500-06:00",0.739814043045044,0.552220046520233,8.49898299801186,"almost_certain","BirdNET",NA,10.2198,-83.7874,FALSE,802,"Rufous-tailed Hummingbird","Amazilia tzacatl","#d9c845","avian","https://media.birdweather.com/species/802/Rufous-tailedHummingbird-standard-4d0209b50ad0c35c6d8337f5c0c16b55.jpg","https://media.birdweather.com/species/802/Rufous-tailedHummingbird-thumbnail-fbf17400c31564f70aa45927c5d75f5e.jpg","https://media.birdweather.com/species/802/Rufous-tailedHummingbird-png200-8ea431c9893cfe027e92471791a8c256.png","mPkJFwIHqJeJl4lriIaGhYh3+H+oVGAH",16810460730,"https://media.birdweather.com/soundscapes/19267/19267-20260912-153912.flac",4.5,7.5,"live"
11100420061,19267,"2026-09-12T09:34:08.500-06:00",0.726301729679108,0.203247666358948,7.12810113042516,"almost_certain","BirdNET",NA,10.2198,-83.7874,FALSE,501,"White-winged Dove","Zenaida asiatica","#d16ff8","avian","https://media.birdweather.com/species/501/White-wingedDove-standard-6528ef689b07d5a91f1c2275cdef19c9.jpg","https://media.birdweather.com/species/501/White-wingedDove-thumbnail-4a940adfd5a6c78c73c48c5095e7b896.jpg","https://media.birdweather.com/species/501/White-wingedDove-png200-d65decd3d571b5a9dbeca249ef97689f.png","IscJLwb6hoVelZWZdoh3eIeIdxBoB4IG",16810307828,"https://media.birdweather.com/soundscapes/19267/19267-20260912-153404.flac",4.5,7.5,"live"
11100412045,19267,"2026-09-12T09:33:38.500-06:00",0.995449244976044,0.765556812286377,9.56743770675429,"almost_certain","BirdNET",NA,10.2198,-83.7874,FALSE,229,"Great Kiskadee","Pitangus sulphuratus","#7d4410","avian","https://media.birdweather.com/species/229/GreatKiskadee-standard-cd28a1b8e8b8e5aed433e809c229004e.jpg","https://media.birdweather.com/species/229/GreatKiskadee-thumbnail-b2749ed2442fb322cf3c4cb72f9c97f6.jpg","https://media.birdweather.com/species/229/GreatKiskadee-png200-003973af4f863deb00a4ce9b6f10e59c.png","0PgFDwIrhYqfZJh1mVe3SZZ3uKEJBncG",16810294319,"https://media.birdweather.com/soundscapes/19267/19267-20260912-153337.flac",1.5,4.5,"live"
11100412043,19267,"2026-09-12T09:33:37.000-06:00",0.991192638874054,0.765556812286377,9.5590266400686,"almost_certain","BirdNET",NA,10.2198,-83.7874,FALSE,229,"Great Kiskadee","Pitangus sulphuratus","#7d4410","avian","https://media.birdweather.com/species/229/GreatKiskadee-standard-cd28a1b8e8b8e5aed433e809c229004e.jpg","https://media.birdweather.com/species/229/GreatKiskadee-thumbnail-b2749ed2442fb322cf3c4cb72f9c97f6.jpg","https://media.birdweather.com/species/229/GreatKiskadee-png200-003973af4f863deb00a4ce9b6f10e59c.png","0PgFDwIrhYqfZJh1mVe3SZZ3uKEJBncG",16810294319,"https://media.birdweather.com/soundscapes/19267/19267-20260912-153337.flac",0,3,"live"
11100404051,19267,"2026-09-12T09:33:10.000-06:00",0.830399692058563,0.0402319207787514,5.44667263549989,"almost_certain","BirdNET",NA,10.2198,-83.7874,FALSE,610,"Yellow-billed Cuckoo","Coccyzus americanus","#e2342d","avian","https://media.birdweather.com/species/610/Yellow-billedCuckoo-standard-882f68a7a9fd2d56463209cebd11666a.jpg","https://media.birdweather.com/species/610/Yellow-billedCuckoo-thumbnail-6d2045e19aef63a798a493d7cfb637a8.jpg","https://media.birdweather.com/species/610/Yellow-billedCuckoo-png200-347ece3a30ca733e8fe66061ab0863f5.png","H+gJJwJ/dXZoyJmZpJhZd5h4CXhqqOwA",16810280900,"https://media.birdweather.com/soundscapes/19267/19267-20260912-153310.flac",0,3,"live"
11100364140,19267,"2026-09-12T09:31:02.500-06:00",0.961844861507416,0.203261852264404,7.73083306888605,"almost_certain","BirdNET",NA,10.2198,-83.7874,FALSE,501,"White-winged Dove","Zenaida asiatica","#d16ff8","avian","https://media.birdweather.com/species/501/White-wingedDove-standard-6528ef689b07d5a91f1c2275cdef19c9.jpg","https://media.birdweather.com/species/501/White-wingedDove-thumbnail-4a940adfd5a6c78c73c48c5095e7b896.jpg","https://media.birdweather.com/species/501/White-wingedDove-png200-d65decd3d571b5a9dbeca249ef97689f.png","IscJLwb6hoVelZWZdoh3eIeIdxBoB4IG",16810215507,"https://media.birdweather.com/soundscapes/19267/19267-20260912-153058.flac",4.5,7.5,"live"
11100364132,19267,"2026-09-12T09:30:58.000-06:00",0.805164217948914,0.203261852264404,7.36073082972534,"almost_certain","BirdNET",NA,10.2198,-83.7874,FALSE,501,"White-winged Dove","Zenaida asiatica","#d16ff8","avian","https://media.birdweather.com/species/501/White-wingedDove-standard-6528ef689b07d5a91f1c2275cdef19c9.jpg","https://media.birdweather.com/species/501/White-wingedDove-thumbnail-4a940adfd5a6c78c73c48c5095e7b896.jpg","https://media.birdweather.com/species/501/White-wingedDove-png200-d65decd3d571b5a9dbeca249ef97689f.png","IscJLwb6hoVelZWZdoh3eIeIdxBoB4IG",16810215507,"https://media.birdweather.com/soundscapes/19267/19267-20260912-153058.flac",0,3,"live"
11100355795,19267,"2026-09-12T09:30:37.000-06:00",0.705598115921021,0.203270673751831,7.06004406591314,"almost_certain","BirdNET",NA,10.2198,-83.7874,FALSE,501,"White-winged Dove","Zenaida asiatica","#d16ff8","avian","https://media.birdweather.com/species/501/White-wingedDove-standard-6528ef689b07d5a91f1c2275cdef19c9.jpg","https://media.birdweather.com/species/501/White-wingedDove-thumbnail-4a940adfd5a6c78c73c48c5095e7b896.jpg","https://media.birdweather.com/species/501/White-wingedDove-png200-d65decd3d571b5a9dbeca249ef97689f.png","IscJLwb6hoVelZWZdoh3eIeIdxBoB4IG",16810201952,"https://media.birdweather.com/soundscapes/19267/19267-20260912-153031.flac",6,9,"live"
11100355786,19267,"2026-09-12T09:30:34.000-06:00",0.746522665023804,0.203270673751831,7.1917385401515,"almost_certain","BirdNET",NA,10.2198,-83.7874,FALSE,501,"White-winged Dove","Zenaida asiatica","#d16ff8","avian","https://media.birdweather.com/species/501/White-wingedDove-standard-6528ef689b07d5a91f1c2275cdef19c9.jpg","https://media.birdweather.com/species/501/White-wingedDove-thumbnail-4a940adfd5a6c78c73c48c5095e7b896.jpg","https://media.birdweather.com/species/501/White-wingedDove-png200-d65decd3d571b5a9dbeca249ef97689f.png","IscJLwb6hoVelZWZdoh3eIeIdxBoB4IG",16810201952,"https://media.birdweather.com/soundscapes/19267/19267-20260912-153031.flac",3,6,"live"
11100355782,19267,"2026-09-12T09:30:32.500-06:00",0.750828802585602,0.203270673751831,7.20488713121423,"almost_certain","BirdNET",NA,10.2198,-83.7874,FALSE,501,"White-winged Dove","Zenaida asiatica","#d16ff8","avian","https://media.birdweather.com/species/501/White-wingedDove-standard-6528ef689b07d5a91f1c2275cdef19c9.jpg","https://media.birdweather.com/species/501/White-wingedDove-thumbnail-4a940adfd5a6c78c73c48c5095e7b896.jpg","https://media.birdweather.com/species/501/White-wingedDove-png200-d65decd3d571b5a9dbeca249ef97689f.png","IscJLwb6hoVelZWZdoh3eIeIdxBoB4IG",16810201952,"https://media.birdweather.com/soundscapes/19267/19267-20260912-153031.flac",1.5,4.5,"live"
11100351904,19267,"2026-09-12T09:30:21.000-06:00",0.880815982818604,0.203270673751831,7.55197157519457,"almost_certain","BirdNET",NA,10.2198,-83.7874,FALSE,501,"White-winged Dove","Zenaida asiatica","#d16ff8","avian","https://media.birdweather.com/species/501/White-wingedDove-standard-6528ef689b07d5a91f1c2275cdef19c9.jpg","https://media.birdweather.com/species/501/White-wingedDove-thumbnail-4a940adfd5a6c78c73c48c5095e7b896.jpg","https://media.birdweather.com/species/501/White-wingedDove-png200-d65decd3d571b5a9dbeca249ef97689f.png","IscJLwb6hoVelZWZdoh3eIeIdxBoB4IG",16810195705,"https://media.birdweather.com/soundscapes/19267/19267-20260912-153018.flac",3,6,"live"
11100351899,19267,"2026-09-12T09:30:19.500-06:00",0.798094391822815,0.203270673751831,7.34147877338586,"almost_certain","BirdNET",NA,10.2198,-83.7874,FALSE,501,"White-winged Dove","Zenaida asiatica","#d16ff8","avian","https://media.birdweather.com/species/501/White-wingedDove-standard-6528ef689b07d5a91f1c2275cdef19c9.jpg","https://media.birdweather.com/species/501/White-wingedDove-thumbnail-4a940adfd5a6c78c73c48c5095e7b896.jpg","https://media.birdweather.com/species/501/White-wingedDove-png200-d65decd3d571b5a9dbeca249ef97689f.png","IscJLwb6hoVelZWZdoh3eIeIdxBoB4IG",16810195705,"https://media.birdweather.com/soundscapes/19267/19267-20260912-153018.flac",1.5,4.5,"live"
11100225504,19267,"2026-09-12T09:23:29.000-06:00",0.974545419216156,0.765555083751678,9.52562359402063,"almost_certain","BirdNET",NA,10.2198,-83.7874,FALSE,229,"Great Kiskadee","Pitangus sulphuratus","#7d4410","avian","https://media.birdweather.com/species/229/GreatKiskadee-standard-cd28a1b8e8b8e5aed433e809c229004e.jpg","https://media.birdweather.com/species/229/GreatKiskadee-thumbnail-b2749ed2442fb322cf3c4cb72f9c97f6.jpg","https://media.birdweather.com/species/229/GreatKiskadee-png200-003973af4f863deb00a4ce9b6f10e59c.png","0PgFDwIrhYqfZJh1mVe3SZZ3uKEJBncG",16809989279,"https://media.birdweather.com/soundscapes/19267/19267-20260912-152323.flac",6,9,"live"
11100225500,19267,"2026-09-12T09:23:27.500-06:00",0.963321208953857,0.765555083751678,9.50263545973335,"almost_certain","BirdNET",NA,10.2198,-83.7874,FALSE,229,"Great Kiskadee","Pitangus sulphuratus","#7d4410","avian","https://media.birdweather.com/species/229/GreatKiskadee-standard-cd28a1b8e8b8e5aed433e809c229004e.jpg","https://media.birdweather.com/species/229/GreatKiskadee-thumbnail-b2749ed2442fb322cf3c4cb72f9c97f6.jpg","https://media.birdweather.com/species/229/GreatKiskadee-png200-003973af4f863deb00a4ce9b6f10e59c.png","0PgFDwIrhYqfZJh1mVe3SZZ3uKEJBncG",16809989279,"https://media.birdweather.com/soundscapes/19267/19267-20260912-152323.flac",4.5,7.5,"live"
11100213214,19267,"2026-09-12T09:22:43.000-06:00",0.879873931407928,0.765550553798676,9.31843283366099,"almost_certain","BirdNET",NA,10.2198,-83.7874,FALSE,229,"Great Kiskadee","Pitangus sulphuratus","#7d4410","avian","https://media.birdweather.com/species/229/GreatKiskadee-standard-cd28a1b8e8b8e5aed433e809c229004e.jpg","https://media.birdweather.com/species/229/GreatKiskadee-thumbnail-b2749ed2442fb322cf3c4cb72f9c97f6.jpg","https://media.birdweather.com/species/229/GreatKiskadee-png200-003973af4f863deb00a4ce9b6f10e59c.png","0PgFDwIrhYqfZJh1mVe3SZZ3uKEJBncG",16809969431,"https://media.birdweather.com/soundscapes/19267/19267-20260912-152243.flac",0,3,"live"
11100208860,19267,"2026-09-12T09:22:29.500-06:00",0.739488244056702,0.765550971031189,8.93866991051914,"almost_certain","BirdNET",NA,10.2198,-83.7874,FALSE,229,"Great Kiskadee","Pitangus sulphuratus","#7d4410","avian","https://media.birdweather.com/species/229/GreatKiskadee-standard-cd28a1b8e8b8e5aed433e809c229004e.jpg","https://media.birdweather.com/species/229/GreatKiskadee-thumbnail-b2749ed2442fb322cf3c4cb72f9c97f6.jpg","https://media.birdweather.com/species/229/GreatKiskadee-png200-003973af4f863deb00a4ce9b6f10e59c.png","0PgFDwIrhYqfZJh1mVe3SZZ3uKEJBncG",16809962345,"https://media.birdweather.com/soundscapes/19267/19267-20260912-152225.flac",4.5,7.5,"live"
11100208855,19267,"2026-09-12T09:22:25.000-06:00",0.892666041851044,0.765550971031189,9.34832745415272,"almost_certain","BirdNET",NA,10.2198,-83.7874,FALSE,229,"Great Kiskadee","Pitangus sulphuratus","#7d4410","avian","https://media.birdweather.com/species/229/GreatKiskadee-standard-cd28a1b8e8b8e5aed433e809c229004e.jpg","https://media.birdweather.com/species/229/GreatKiskadee-thumbnail-b2749ed2442fb322cf3c4cb72f9c97f6.jpg","https://media.birdweather.com/species/229/GreatKiskadee-png200-003973af4f863deb00a4ce9b6f10e59c.png","0PgFDwIrhYqfZJh1mVe3SZZ3uKEJBncG",16809962345,"https://media.birdweather.com/soundscapes/19267/19267-20260912-152225.flac",0,3,"live"
11099941483,19267,"2026-09-12T09:07:44.000-06:00",0.884294927120209,0.374162614345551,8.36640327849162,"almost_certain","BirdNET",NA,10.2198,-83.7874,FALSE,321,"Palm Tanager","Thraupis palmarum","#008efd","avian","https://media.birdweather.com/species/321/PalmTanager-standard-cbade2e4973d8cb57c4014568207591d.jpg","https://media.birdweather.com/species/321/PalmTanager-thumbnail-66ffacacc3b9c5f5dad0cf97c949e40f.jpg","https://media.birdweather.com/species/321/PalmTanager-png200-100c123f8e9a99aad801e3e79a865873.png","lvkJHwR/d2lneYlEp0hrx2iL+XtlNZgA",16809520431,"https://media.birdweather.com/soundscapes/19267/19267-20260912-150738.flac",6,9,"live"
11099904474,19267,"2026-09-12T09:05:40.000-06:00",0.866581916809082,0.203259065747261,7.51790414121742,"almost_certain","BirdNET",NA,10.2198,-83.7874,FALSE,501,"White-winged Dove","Zenaida asiatica","#d16ff8","avian","https://media.birdweather.com/species/501/White-wingedDove-standard-6528ef689b07d5a91f1c2275cdef19c9.jpg","https://media.birdweather.com/species/501/White-wingedDove-thumbnail-4a940adfd5a6c78c73c48c5095e7b896.jpg","https://media.birdweather.com/species/501/White-wingedDove-png200-d65decd3d571b5a9dbeca249ef97689f.png","IscJLwb6hoVelZWZdoh3eIeIdxBoB4IG",16809460573,"https://media.birdweather.com/soundscapes/19267/19267-20260912-150537.flac",3,6,"live"
11099848511,19267,"2026-09-12T09:02:32.000-06:00",0.768121242523193,0.374171286821365,8.06273460616707,"almost_certain","BirdNET",NA,10.2198,-83.7874,FALSE,321,"Palm Tanager","Thraupis palmarum","#008efd","avian","https://media.birdweather.com/species/321/PalmTanager-standard-cbade2e4973d8cb57c4014568207591d.jpg","https://media.birdweather.com/species/321/PalmTanager-thumbnail-66ffacacc3b9c5f5dad0cf97c949e40f.jpg","https://media.birdweather.com/species/321/PalmTanager-png200-100c123f8e9a99aad801e3e79a865873.png","lvkJHwR/d2lneYlEp0hrx2iL+XtlNZgA",16809367186,"https://media.birdweather.com/soundscapes/19267/19267-20260912-150229.flac",3,6,"live"
11099836307,19267,"2026-09-12T09:01:49.000-06:00",0.813033580780029,0.0402338393032551,5.40111826812778,"almost_certain","BirdNET",NA,10.2198,-83.7874,FALSE,610,"Yellow-billed Cuckoo","Coccyzus americanus","#e2342d","avian","https://media.birdweather.com/species/610/Yellow-billedCuckoo-standard-882f68a7a9fd2d56463209cebd11666a.jpg","https://media.birdweather.com/species/610/Yellow-billedCuckoo-thumbnail-6d2045e19aef63a798a493d7cfb637a8.jpg","https://media.birdweather.com/species/610/Yellow-billedCuckoo-png200-347ece3a30ca733e8fe66061ab0863f5.png","H+gJJwJ/dXZoyJmZpJhZd5h4CXhqqOwA",16809347320,"https://media.birdweather.com/soundscapes/19267/19267-20260912-150149.flac",0,3,"live"
11099807555,19267,"2026-09-12T09:00:20.000-06:00",0.731251895427704,0.76554948091507,8.91274878968768,"almost_certain","BirdNET",NA,10.2198,-83.7874,FALSE,229,"Great Kiskadee","Pitangus sulphuratus","#7d4410","avian","https://media.birdweather.com/species/229/GreatKiskadee-standard-cd28a1b8e8b8e5aed433e809c229004e.jpg","https://media.birdweather.com/species/229/GreatKiskadee-thumbnail-b2749ed2442fb322cf3c4cb72f9c97f6.jpg","https://media.birdweather.com/species/229/GreatKiskadee-png200-003973af4f863deb00a4ce9b6f10e59c.png","0PgFDwIrhYqfZJh1mVe3SZZ3uKEJBncG",16809300764,"https://media.birdweather.com/soundscapes/19267/19267-20260912-150014.flac",6,9,"live"
11099799900,19267,"2026-09-12T08:59:55.000-06:00",0.959246754646301,0.765548944473267,9.49418343035337,"almost_certain","BirdNET",NA,10.2198,-83.7874,FALSE,229,"Great Kiskadee","Pitangus sulphuratus","#7d4410","avian","https://media.birdweather.com/species/229/GreatKiskadee-standard-cd28a1b8e8b8e5aed433e809c229004e.jpg","https://media.birdweather.com/species/229/GreatKiskadee-thumbnail-b2749ed2442fb322cf3c4cb72f9c97f6.jpg","https://media.birdweather.com/species/229/GreatKiskadee-png200-003973af4f863deb00a4ce9b6f10e59c.png","0PgFDwIrhYqfZJh1mVe3SZZ3uKEJBncG",16809288212,"https://media.birdweather.com/soundscapes/19267/19267-20260912-145949.flac",6,9,"live"
11099354222,19267,"2026-09-12T08:35:36.000-06:00",0.73580002784729,0.765556037425995,8.92713320999077,"almost_certain","BirdNET",NA,10.2198,-83.7874,FALSE,229,"Great Kiskadee","Pitangus sulphuratus","#7d4410","avian","https://media.birdweather.com/species/229/GreatKiskadee-standard-cd28a1b8e8b8e5aed433e809c229004e.jpg","https://media.birdweather.com/species/229/GreatKiskadee-thumbnail-b2749ed2442fb322cf3c4cb72f9c97f6.jpg","https://media.birdweather.com/species/229/GreatKiskadee-png200-003973af4f863deb00a4ce9b6f10e59c.png","0PgFDwIrhYqfZJh1mVe3SZZ3uKEJBncG",16808570394,"https://media.birdweather.com/soundscapes/19267/19267-20260912-143536.flac",0,3,"live"
11098189018,19267,"2026-09-12T07:34:52.500-06:00",0.81210196018219,0.203250423073769,7.37934446076317,"almost_certain","BirdNET",NA,10.2198,-83.7874,FALSE,501,"White-winged Dove","Zenaida asiatica","#d16ff8","avian","https://media.birdweather.com/species/501/White-wingedDove-standard-6528ef689b07d5a91f1c2275cdef19c9.jpg","https://media.birdweather.com/species/501/White-wingedDove-thumbnail-4a940adfd5a6c78c73c48c5095e7b896.jpg","https://media.birdweather.com/species/501/White-wingedDove-png200-d65decd3d571b5a9dbeca249ef97689f.png","IscJLwb6hoVelZWZdoh3eIeIdxBoB4IG",16806757994,"https://media.birdweather.com/soundscapes/19267/19267-20260912-133448.flac",4.5,7.5,"live"
11098040600,19267,"2026-09-12T07:27:05.000-06:00",0.787972450256348,0.203261896967888,7.31329540037296,"almost_certain","BirdNET",NA,10.2198,-83.7874,FALSE,501,"White-winged Dove","Zenaida asiatica","#d16ff8","avian","https://media.birdweather.com/species/501/White-wingedDove-standard-6528ef689b07d5a91f1c2275cdef19c9.jpg","https://media.birdweather.com/species/501/White-wingedDove-thumbnail-4a940adfd5a6c78c73c48c5095e7b896.jpg","https://media.birdweather.com/species/501/White-wingedDove-png200-d65decd3d571b5a9dbeca249ef97689f.png","IscJLwb6hoVelZWZdoh3eIeIdxBoB4IG",16806525436,"https://media.birdweather.com/soundscapes/19267/19267-20260912-132659.flac",6,9,"live"
11097867539,19267,"2026-09-12T07:17:40.000-06:00",0.762250244617462,0.552224159240723,8.56715653582997,"almost_certain","BirdNET",NA,10.2198,-83.7874,FALSE,802,"Rufous-tailed Hummingbird","Amazilia tzacatl","#d9c845","avian","https://media.birdweather.com/species/802/Rufous-tailedHummingbird-standard-4d0209b50ad0c35c6d8337f5c0c16b55.jpg","https://media.birdweather.com/species/802/Rufous-tailedHummingbird-thumbnail-fbf17400c31564f70aa45927c5d75f5e.jpg","https://media.birdweather.com/species/802/Rufous-tailedHummingbird-png200-8ea431c9893cfe027e92471791a8c256.png","mPkJFwIHqJeJl4lriIaGhYh3+H+oVGAH",16806245638,"https://media.birdweather.com/soundscapes/19267/19267-20260912-131734.flac",6,9,"live"
11097828940,19267,"2026-09-12T07:15:21.000-06:00",0.78279060125351,0.203262597322464,7.29867387810672,"almost_certain","BirdNET",NA,10.2198,-83.7874,FALSE,501,"White-winged Dove","Zenaida asiatica","#d16ff8","avian","https://media.birdweather.com/species/501/White-wingedDove-standard-6528ef689b07d5a91f1c2275cdef19c9.jpg","https://media.birdweather.com/species/501/White-wingedDove-thumbnail-4a940adfd5a6c78c73c48c5095e7b896.jpg","https://media.birdweather.com/species/501/White-wingedDove-png200-d65decd3d571b5a9dbeca249ef97689f.png","IscJLwb6hoVelZWZdoh3eIeIdxBoB4IG",16806179613,"https://media.birdweather.com/soundscapes/19267/19267-20260912-131521.flac",0,3,"live"
11097825291,19267,"2026-09-12T07:15:12.500-06:00",0.892524838447571,0.203262597322464,7.57926326532286,"almost_certain","BirdNET",NA,10.2198,-83.7874,FALSE,501,"White-winged Dove","Zenaida asiatica","#d16ff8","avian","https://media.birdweather.com/species/501/White-wingedDove-standard-6528ef689b07d5a91f1c2275cdef19c9.jpg","https://media.birdweather.com/species/501/White-wingedDove-thumbnail-4a940adfd5a6c78c73c48c5095e7b896.jpg","https://media.birdweather.com/species/501/White-wingedDove-png200-d65decd3d571b5a9dbeca249ef97689f.png","IscJLwb6hoVelZWZdoh3eIeIdxBoB4IG",16806173131,"https://media.birdweather.com/soundscapes/19267/19267-20260912-131508.flac",4.5,7.5,"live"
11097782321,19267,"2026-09-12T07:12:40.500-06:00",0.886239886283875,0.203256294131279,7.56461346907014,"almost_certain","BirdNET",NA,10.2198,-83.7874,FALSE,501,"White-winged Dove","Zenaida asiatica","#d16ff8","avian","https://media.birdweather.com/species/501/White-wingedDove-standard-6528ef689b07d5a91f1c2275cdef19c9.jpg","https://media.birdweather.com/species/501/White-wingedDove-thumbnail-4a940adfd5a6c78c73c48c5095e7b896.jpg","https://media.birdweather.com/species/501/White-wingedDove-png200-d65decd3d571b5a9dbeca249ef97689f.png","IscJLwb6hoVelZWZdoh3eIeIdxBoB4IG",16806099825,"https://media.birdweather.com/soundscapes/19267/19267-20260912-131239.flac",1.5,4.5,"live"
11097755621,19267,"2026-09-12T07:11:12.500-06:00",0.836143672466278,0.203276723623276,7.44236685656105,"almost_certain","BirdNET",NA,10.2198,-83.7874,FALSE,501,"White-winged Dove","Zenaida asiatica","#d16ff8","avian","https://media.birdweather.com/species/501/White-wingedDove-standard-6528ef689b07d5a91f1c2275cdef19c9.jpg","https://media.birdweather.com/species/501/White-wingedDove-thumbnail-4a940adfd5a6c78c73c48c5095e7b896.jpg","https://media.birdweather.com/species/501/White-wingedDove-png200-d65decd3d571b5a9dbeca249ef97689f.png","IscJLwb6hoVelZWZdoh3eIeIdxBoB4IG",16806054652,"https://media.birdweather.com/soundscapes/19267/19267-20260912-131108.flac",4.5,7.5,"live"
11097755612,19267,"2026-09-12T07:11:09.500-06:00",0.726137638092041,0.55221551656723,8.45569418020668,"almost_certain","BirdNET",NA,10.2198,-83.7874,FALSE,802,"Rufous-tailed Hummingbird","Amazilia tzacatl","#d9c845","avian","https://media.birdweather.com/species/802/Rufous-tailedHummingbird-standard-4d0209b50ad0c35c6d8337f5c0c16b55.jpg","https://media.birdweather.com/species/802/Rufous-tailedHummingbird-thumbnail-fbf17400c31564f70aa45927c5d75f5e.jpg","https://media.birdweather.com/species/802/Rufous-tailedHummingbird-png200-8ea431c9893cfe027e92471791a8c256.png","mPkJFwIHqJeJl4lriIaGhYh3+H+oVGAH",16806054652,"https://media.birdweather.com/soundscapes/19267/19267-20260912-131108.flac",1.5,4.5,"live"
11097755601,19267,"2026-09-12T07:11:08.000-06:00",0.748688220977783,0.55221551656723,8.52633942621183,"almost_certain","BirdNET",NA,10.2198,-83.7874,FALSE,802,"Rufous-tailed Hummingbird","Amazilia tzacatl","#d9c845","avian","https://media.birdweather.com/species/802/Rufous-tailedHummingbird-standard-4d0209b50ad0c35c6d8337f5c0c16b55.jpg","https://media.birdweather.com/species/802/Rufous-tailedHummingbird-thumbnail-fbf17400c31564f70aa45927c5d75f5e.jpg","https://media.birdweather.com/species/802/Rufous-tailedHummingbird-png200-8ea431c9893cfe027e92471791a8c256.png","mPkJFwIHqJeJl4lriIaGhYh3+H+oVGAH",16806054652,"https://media.birdweather.com/soundscapes/19267/19267-20260912-131108.flac",0,3,"live"
11097751450,19267,"2026-09-12T07:10:56.000-06:00",0.954112112522125,0.203274965286255,7.71481649251927,"almost_certain","BirdNET",NA,10.2198,-83.7874,FALSE,501,"White-winged Dove","Zenaida asiatica","#d16ff8","avian","https://media.birdweather.com/species/501/White-wingedDove-standard-6528ef689b07d5a91f1c2275cdef19c9.jpg","https://media.birdweather.com/species/501/White-wingedDove-thumbnail-4a940adfd5a6c78c73c48c5095e7b896.jpg","https://media.birdweather.com/species/501/White-wingedDove-png200-d65decd3d571b5a9dbeca249ef97689f.png","IscJLwb6hoVelZWZdoh3eIeIdxBoB4IG",16806047549,"https://media.birdweather.com/soundscapes/19267/19267-20260912-131053.flac",3,6,"live"
11097751446,19267,"2026-09-12T07:10:54.500-06:00",0.836432814598083,0.203274965286255,7.44309420315487,"almost_certain","BirdNET",NA,10.2198,-83.7874,FALSE,501,"White-winged Dove","Zenaida asiatica","#d16ff8","avian","https://media.birdweather.com/species/501/White-wingedDove-standard-6528ef689b07d5a91f1c2275cdef19c9.jpg","https://media.birdweather.com/species/501/White-wingedDove-thumbnail-4a940adfd5a6c78c73c48c5095e7b896.jpg","https://media.birdweather.com/species/501/White-wingedDove-png200-d65decd3d571b5a9dbeca249ef97689f.png","IscJLwb6hoVelZWZdoh3eIeIdxBoB4IG",16806047549,"https://media.birdweather.com/soundscapes/19267/19267-20260912-131053.flac",1.5,4.5,"live"
11097747679,19267,"2026-09-12T07:10:46.000-06:00",0.896214187145233,0.203264743089676,7.58778089086169,"almost_certain","BirdNET",NA,10.2198,-83.7874,FALSE,501,"White-winged Dove","Zenaida asiatica","#d16ff8","avian","https://media.birdweather.com/species/501/White-wingedDove-standard-6528ef689b07d5a91f1c2275cdef19c9.jpg","https://media.birdweather.com/species/501/White-wingedDove-thumbnail-4a940adfd5a6c78c73c48c5095e7b896.jpg","https://media.birdweather.com/species/501/White-wingedDove-png200-d65decd3d571b5a9dbeca249ef97689f.png","IscJLwb6hoVelZWZdoh3eIeIdxBoB4IG",16806041076,"https://media.birdweather.com/soundscapes/19267/19267-20260912-131040.flac",6,9,"live"
11097747675,19267,"2026-09-12T07:10:44.500-06:00",0.82288920879364,0.203264743089676,7.4079952796364,"almost_certain","BirdNET",NA,10.2198,-83.7874,FALSE,501,"White-winged Dove","Zenaida asiatica","#d16ff8","avian","https://media.birdweather.com/species/501/White-wingedDove-standard-6528ef689b07d5a91f1c2275cdef19c9.jpg","https://media.birdweather.com/species/501/White-wingedDove-thumbnail-4a940adfd5a6c78c73c48c5095e7b896.jpg","https://media.birdweather.com/species/501/White-wingedDove-png200-d65decd3d571b5a9dbeca249ef97689f.png","IscJLwb6hoVelZWZdoh3eIeIdxBoB4IG",16806041076,"https://media.birdweather.com/soundscapes/19267/19267-20260912-131040.flac",4.5,7.5,"live"
11097747668,19267,"2026-09-12T07:10:40.000-06:00",0.752220094203949,0.203264743089676,7.20907044618922,"almost_certain","BirdNET",NA,10.2198,-83.7874,FALSE,501,"White-winged Dove","Zenaida asiatica","#d16ff8","avian","https://media.birdweather.com/species/501/White-wingedDove-standard-6528ef689b07d5a91f1c2275cdef19c9.jpg","https://media.birdweather.com/species/501/White-wingedDove-thumbnail-4a940adfd5a6c78c73c48c5095e7b896.jpg","https://media.birdweather.com/species/501/White-wingedDove-png200-d65decd3d571b5a9dbeca249ef97689f.png","IscJLwb6hoVelZWZdoh3eIeIdxBoB4IG",16806041076,"https://media.birdweather.com/soundscapes/19267/19267-20260912-131040.flac",0,3,"live"
11097743813,19267,"2026-09-12T07:10:28.000-06:00",0.711294651031494,0.203264743089676,7.07911344456218,"almost_certain","BirdNET",NA,10.2198,-83.7874,FALSE,501,"White-winged Dove","Zenaida asiatica","#d16ff8","avian","https://media.birdweather.com/species/501/White-wingedDove-standard-6528ef689b07d5a91f1c2275cdef19c9.jpg","https://media.birdweather.com/species/501/White-wingedDove-thumbnail-4a940adfd5a6c78c73c48c5095e7b896.jpg","https://media.birdweather.com/species/501/White-wingedDove-png200-d65decd3d571b5a9dbeca249ef97689f.png","IscJLwb6hoVelZWZdoh3eIeIdxBoB4IG",16806034761,"https://media.birdweather.com/soundscapes/19267/19267-20260912-131028.flac",0,3,"live"
11097736093,19267,"2026-09-12T07:10:04.500-06:00",0.733295559883118,0.20327316224575,7.15055851721325,"almost_certain","BirdNET",NA,10.2198,-83.7874,FALSE,501,"White-winged Dove","Zenaida asiatica","#d16ff8","avian","https://media.birdweather.com/species/501/White-wingedDove-standard-6528ef689b07d5a91f1c2275cdef19c9.jpg","https://media.birdweather.com/species/501/White-wingedDove-thumbnail-4a940adfd5a6c78c73c48c5095e7b896.jpg","https://media.birdweather.com/species/501/White-wingedDove-png200-d65decd3d571b5a9dbeca249ef97689f.png","IscJLwb6hoVelZWZdoh3eIeIdxBoB4IG",16806021431,"https://media.birdweather.com/soundscapes/19267/19267-20260912-131000.flac",4.5,7.5,"live"
11097732281,19267,"2026-09-12T07:09:54.000-06:00",0.876812934875488,0.203261509537697,7.54243782519875,"almost_certain","BirdNET",NA,10.2198,-83.7874,FALSE,501,"White-winged Dove","Zenaida asiatica","#d16ff8","avian","https://media.birdweather.com/species/501/White-wingedDove-standard-6528ef689b07d5a91f1c2275cdef19c9.jpg","https://media.birdweather.com/species/501/White-wingedDove-thumbnail-4a940adfd5a6c78c73c48c5095e7b896.jpg","https://media.birdweather.com/species/501/White-wingedDove-png200-d65decd3d571b5a9dbeca249ef97689f.png","IscJLwb6hoVelZWZdoh3eIeIdxBoB4IG",16806015064,"https://media.birdweather.com/soundscapes/19267/19267-20260912-130948.flac",6,9,"live"
11097716153,19267,"2026-09-12T07:08:54.000-06:00",0.738018989562988,0.35740938782692,7.91055932025334,"almost_certain","BirdNET",NA,10.2198,-83.7874,FALSE,441,"Green Heron","Butorides virescens","#ffb86e","avian","https://media.birdweather.com/species/441/GreenHeron-standard-a6b39a5594bcdcc44c2b71461dab985b.jpg","https://media.birdweather.com/species/441/GreenHeron-thumbnail-d63ca186d1799f75983a703e9a65b5a3.jpg","https://media.birdweather.com/species/441/GreenHeron-png200-61f59173496cb5e939e9e24941307c45.png","nhgGDwKgaYiqV4hqh3dod5WpOJ+XVoAG",16805987219,"https://media.birdweather.com/soundscapes/19267/19267-20260912-130851.flac",3,6,"live"
11097630934,19267,"2026-09-12T07:03:59.500-06:00",0.741113007068634,0.203258261084557,7.17495978127925,"almost_certain","BirdNET",NA,10.2198,-83.7874,FALSE,501,"White-winged Dove","Zenaida asiatica","#d16ff8","avian","https://media.birdweather.com/species/501/White-wingedDove-standard-6528ef689b07d5a91f1c2275cdef19c9.jpg","https://media.birdweather.com/species/501/White-wingedDove-thumbnail-4a940adfd5a6c78c73c48c5095e7b896.jpg","https://media.birdweather.com/species/501/White-wingedDove-png200-d65decd3d571b5a9dbeca249ef97689f.png","IscJLwb6hoVelZWZdoh3eIeIdxBoB4IG",16805841262,"https://media.birdweather.com/soundscapes/19267/19267-20260912-130355.flac",4.5,7.5,"live"
11097604098,19267,"2026-09-12T07:02:20.000-06:00",0.742662787437439,0.765552163124084,8.94853233061144,"almost_certain","BirdNET",NA,10.2198,-83.7874,FALSE,229,"Great Kiskadee","Pitangus sulphuratus","#7d4410","avian","https://media.birdweather.com/species/229/GreatKiskadee-standard-cd28a1b8e8b8e5aed433e809c229004e.jpg","https://media.birdweather.com/species/229/GreatKiskadee-thumbnail-b2749ed2442fb322cf3c4cb72f9c97f6.jpg","https://media.birdweather.com/species/229/GreatKiskadee-png200-003973af4f863deb00a4ce9b6f10e59c.png","0PgFDwIrhYqfZJh1mVe3SZZ3uKEJBncG",16805794231,"https://media.birdweather.com/soundscapes/19267/19267-20260912-130220.flac",0,3,"live"
11097599851,19267,"2026-09-12T07:02:09.000-06:00",0.766864359378815,0.765557944774628,9.02146831021316,"almost_certain","BirdNET",NA,10.2198,-83.7874,FALSE,229,"Great Kiskadee","Pitangus sulphuratus","#7d4410","avian","https://media.birdweather.com/species/229/GreatKiskadee-standard-cd28a1b8e8b8e5aed433e809c229004e.jpg","https://media.birdweather.com/species/229/GreatKiskadee-thumbnail-b2749ed2442fb322cf3c4cb72f9c97f6.jpg","https://media.birdweather.com/species/229/GreatKiskadee-png200-003973af4f863deb00a4ce9b6f10e59c.png","0PgFDwIrhYqfZJh1mVe3SZZ3uKEJBncG",16805787117,"https://media.birdweather.com/soundscapes/19267/19267-20260912-130206.flac",3,6,"live"
11097596282,19267,"2026-09-12T07:01:53.000-06:00",0.9678053855896,0.765557944774628,9.51187080813561,"almost_certain","BirdNET",NA,10.2198,-83.7874,FALSE,229,"Great Kiskadee","Pitangus sulphuratus","#7d4410","avian","https://media.birdweather.com/species/229/GreatKiskadee-standard-cd28a1b8e8b8e5aed433e809c229004e.jpg","https://media.birdweather.com/species/229/GreatKiskadee-thumbnail-b2749ed2442fb322cf3c4cb72f9c97f6.jpg","https://media.birdweather.com/species/229/GreatKiskadee-png200-003973af4f863deb00a4ce9b6f10e59c.png","0PgFDwIrhYqfZJh1mVe3SZZ3uKEJBncG",16805780932,"https://media.birdweather.com/soundscapes/19267/19267-20260912-130153.flac",0,3,"live"
11097588598,19267,"2026-09-12T07:01:31.000-06:00",0.88721489906311,0.765557944774628,9.33568066744601,"almost_certain","BirdNET",NA,10.2198,-83.7874,FALSE,229,"Great Kiskadee","Pitangus sulphuratus","#7d4410","avian","https://media.birdweather.com/species/229/GreatKiskadee-standard-cd28a1b8e8b8e5aed433e809c229004e.jpg","https://media.birdweather.com/species/229/GreatKiskadee-thumbnail-b2749ed2442fb322cf3c4cb72f9c97f6.jpg","https://media.birdweather.com/species/229/GreatKiskadee-png200-003973af4f863deb00a4ce9b6f10e59c.png","0PgFDwIrhYqfZJh1mVe3SZZ3uKEJBncG",16805767431,"https://media.birdweather.com/soundscapes/19267/19267-20260912-130125.flac",6,9,"live"
11097588596,19267,"2026-09-12T07:01:29.500-06:00",0.937992513179779,0.765557944774628,9.44930257426183,"almost_certain","BirdNET",NA,10.2198,-83.7874,FALSE,229,"Great Kiskadee","Pitangus sulphuratus","#7d4410","avian","https://media.birdweather.com/species/229/GreatKiskadee-standard-cd28a1b8e8b8e5aed433e809c229004e.jpg","https://media.birdweather.com/species/229/GreatKiskadee-thumbnail-b2749ed2442fb322cf3c4cb72f9c97f6.jpg","https://media.birdweather.com/species/229/GreatKiskadee-png200-003973af4f863deb00a4ce9b6f10e59c.png","0PgFDwIrhYqfZJh1mVe3SZZ3uKEJBncG",16805767431,"https://media.birdweather.com/soundscapes/19267/19267-20260912-130125.flac",4.5,7.5,"live"
11097584879,19267,"2026-09-12T07:01:18.000-06:00",0.886770725250244,0.765557765960693,9.33464368104142,"almost_certain","BirdNET",NA,10.2198,-83.7874,FALSE,229,"Great Kiskadee","Pitangus sulphuratus","#7d4410","avian","https://media.birdweather.com/species/229/GreatKiskadee-standard-cd28a1b8e8b8e5aed433e809c229004e.jpg","https://media.birdweather.com/species/229/GreatKiskadee-thumbnail-b2749ed2442fb322cf3c4cb72f9c97f6.jpg","https://media.birdweather.com/species/229/GreatKiskadee-png200-003973af4f863deb00a4ce9b6f10e59c.png","0PgFDwIrhYqfZJh1mVe3SZZ3uKEJBncG",16805760894,"https://media.birdweather.com/soundscapes/19267/19267-20260912-130112.flac",6,9,"live"
11097584876,19267,"2026-09-12T07:01:16.500-06:00",0.962887763977051,0.765557765960693,9.50174468335021,"almost_certain","BirdNET",NA,10.2198,-83.7874,FALSE,229,"Great Kiskadee","Pitangus sulphuratus","#7d4410","avian","https://media.birdweather.com/species/229/GreatKiskadee-standard-cd28a1b8e8b8e5aed433e809c229004e.jpg","https://media.birdweather.com/species/229/GreatKiskadee-thumbnail-b2749ed2442fb322cf3c4cb72f9c97f6.jpg","https://media.birdweather.com/species/229/GreatKiskadee-png200-003973af4f863deb00a4ce9b6f10e59c.png","0PgFDwIrhYqfZJh1mVe3SZZ3uKEJBncG",16805760894,"https://media.birdweather.com/soundscapes/19267/19267-20260912-130112.flac",4.5,7.5,"live"
11097584875,19267,"2026-09-12T07:01:15.000-06:00",0.90086567401886,0.765557765960693,9.36716371245228,"almost_certain","BirdNET",NA,10.2198,-83.7874,FALSE,229,"Great Kiskadee","Pitangus sulphuratus","#7d4410","avian","https://media.birdweather.com/species/229/GreatKiskadee-standard-cd28a1b8e8b8e5aed433e809c229004e.jpg","https://media.birdweather.com/species/229/GreatKiskadee-thumbnail-b2749ed2442fb322cf3c4cb72f9c97f6.jpg","https://media.birdweather.com/species/229/GreatKiskadee-png200-003973af4f863deb00a4ce9b6f10e59c.png","0PgFDwIrhYqfZJh1mVe3SZZ3uKEJBncG",16805760894,"https://media.birdweather.com/soundscapes/19267/19267-20260912-130112.flac",3,6,"live"
11097584870,19267,"2026-09-12T07:01:13.500-06:00",0.71019446849823,0.765557765960693,8.84417985111949,"almost_certain","BirdNET",NA,10.2198,-83.7874,FALSE,229,"Great Kiskadee","Pitangus sulphuratus","#7d4410","avian","https://media.birdweather.com/species/229/GreatKiskadee-standard-cd28a1b8e8b8e5aed433e809c229004e.jpg","https://media.birdweather.com/species/229/GreatKiskadee-thumbnail-b2749ed2442fb322cf3c4cb72f9c97f6.jpg","https://media.birdweather.com/species/229/GreatKiskadee-png200-003973af4f863deb00a4ce9b6f10e59c.png","0PgFDwIrhYqfZJh1mVe3SZZ3uKEJBncG",16805760894,"https://media.birdweather.com/soundscapes/19267/19267-20260912-130112.flac",1.5,4.5,"live"
11097581247,19267,"2026-09-12T07:01:00.500-06:00",0.878798961639404,0.765557765960693,9.31590351206951,"almost_certain","BirdNET",NA,10.2198,-83.7874,FALSE,229,"Great Kiskadee","Pitangus sulphuratus","#7d4410","avian","https://media.birdweather.com/species/229/GreatKiskadee-standard-cd28a1b8e8b8e5aed433e809c229004e.jpg","https://media.birdweather.com/species/229/GreatKiskadee-thumbnail-b2749ed2442fb322cf3c4cb72f9c97f6.jpg","https://media.birdweather.com/species/229/GreatKiskadee-png200-003973af4f863deb00a4ce9b6f10e59c.png","0PgFDwIrhYqfZJh1mVe3SZZ3uKEJBncG",16805754592,"https://media.birdweather.com/soundscapes/19267/19267-20260912-130059.flac",1.5,4.5,"live"
11097573704,19267,"2026-09-12T07:00:38.000-06:00",0.880568504333496,0.20325493812561,7.55128662514894,"almost_certain","BirdNET",NA,10.2198,-83.7874,FALSE,501,"White-winged Dove","Zenaida asiatica","#d16ff8","avian","https://media.birdweather.com/species/501/White-wingedDove-standard-6528ef689b07d5a91f1c2275cdef19c9.jpg","https://media.birdweather.com/species/501/White-wingedDove-thumbnail-4a940adfd5a6c78c73c48c5095e7b896.jpg","https://media.birdweather.com/species/501/White-wingedDove-png200-d65decd3d571b5a9dbeca249ef97689f.png","IscJLwb6hoVelZWZdoh3eIeIdxBoB4IG",16805741213,"https://media.birdweather.com/soundscapes/19267/19267-20260912-130032.flac",6,9,"live"
11097565983,19267,"2026-09-12T07:00:06.500-06:00",0.71393209695816,0.203251630067825,7.08778634504181,"almost_certain","BirdNET",NA,10.2198,-83.7874,FALSE,501,"White-winged Dove","Zenaida asiatica","#d16ff8","avian","https://media.birdweather.com/species/501/White-wingedDove-standard-6528ef689b07d5a91f1c2275cdef19c9.jpg","https://media.birdweather.com/species/501/White-wingedDove-thumbnail-4a940adfd5a6c78c73c48c5095e7b896.jpg","https://media.birdweather.com/species/501/White-wingedDove-png200-d65decd3d571b5a9dbeca249ef97689f.png","IscJLwb6hoVelZWZdoh3eIeIdxBoB4IG",16805727552,"https://media.birdweather.com/soundscapes/19267/19267-20260912-130005.flac",1.5,4.5,"live"
11097562337,19267,"2026-09-12T06:59:56.500-06:00",0.707067370414734,0.203249260783195,7.06486028186529,"almost_certain","BirdNET",NA,10.2198,-83.7874,FALSE,501,"White-winged Dove","Zenaida asiatica","#d16ff8","avian","https://media.birdweather.com/species/501/White-wingedDove-standard-6528ef689b07d5a91f1c2275cdef19c9.jpg","https://media.birdweather.com/species/501/White-wingedDove-thumbnail-4a940adfd5a6c78c73c48c5095e7b896.jpg","https://media.birdweather.com/species/501/White-wingedDove-png200-d65decd3d571b5a9dbeca249ef97689f.png","IscJLwb6hoVelZWZdoh3eIeIdxBoB4IG",16805721299,"https://media.birdweather.com/soundscapes/19267/19267-20260912-125952.flac",4.5,7.5,"live"
11097558614,19267,"2026-09-12T06:59:42.000-06:00",0.779974520206451,0.203249260783195,7.29057369830769,"almost_certain","BirdNET",NA,10.2198,-83.7874,FALSE,501,"White-winged Dove","Zenaida asiatica","#d16ff8","avian","https://media.birdweather.com/species/501/White-wingedDove-standard-6528ef689b07d5a91f1c2275cdef19c9.jpg","https://media.birdweather.com/species/501/White-wingedDove-thumbnail-4a940adfd5a6c78c73c48c5095e7b896.jpg","https://media.birdweather.com/species/501/White-wingedDove-png200-d65decd3d571b5a9dbeca249ef97689f.png","IscJLwb6hoVelZWZdoh3eIeIdxBoB4IG",16805714947,"https://media.birdweather.com/soundscapes/19267/19267-20260912-125939.flac",3,6,"live"
11097550878,19267,"2026-09-12T06:59:13.500-06:00",0.955052673816681,0.203249260783195,7.71661990257612,"almost_certain","BirdNET",NA,10.2198,-83.7874,FALSE,501,"White-winged Dove","Zenaida asiatica","#d16ff8","avian","https://media.birdweather.com/species/501/White-wingedDove-standard-6528ef689b07d5a91f1c2275cdef19c9.jpg","https://media.birdweather.com/species/501/White-wingedDove-thumbnail-4a940adfd5a6c78c73c48c5095e7b896.jpg","https://media.birdweather.com/species/501/White-wingedDove-png200-d65decd3d571b5a9dbeca249ef97689f.png","IscJLwb6hoVelZWZdoh3eIeIdxBoB4IG",16805701428,"https://media.birdweather.com/soundscapes/19267/19267-20260912-125912.flac",1.5,4.5,"live"
11097550875,19267,"2026-09-12T06:59:12.000-06:00",0.782476782798767,0.203249260783195,7.29769739893497,"almost_certain","BirdNET",NA,10.2198,-83.7874,FALSE,501,"White-winged Dove","Zenaida asiatica","#d16ff8","avian","https://media.birdweather.com/species/501/White-wingedDove-standard-6528ef689b07d5a91f1c2275cdef19c9.jpg","https://media.birdweather.com/species/501/White-wingedDove-thumbnail-4a940adfd5a6c78c73c48c5095e7b896.jpg","https://media.birdweather.com/species/501/White-wingedDove-png200-d65decd3d571b5a9dbeca249ef97689f.png","IscJLwb6hoVelZWZdoh3eIeIdxBoB4IG",16805701428,"https://media.birdweather.com/soundscapes/19267/19267-20260912-125912.flac",0,3,"live"
11097547058,19267,"2026-09-12T06:59:02.000-06:00",0.805414795875549,0.114787556231022,6.62721623474826,"almost_certain","BirdNET",NA,10.2198,-83.7874,FALSE,3496,"Blue-throated Goldentail","Chlorestes eliciae","#ff7c77","avian","https://media.birdweather.com/species/3496/Blue-throatedGoldentail-standard-5b3e4d4c9891597c51b504ab1f6bd543.jpg","https://media.birdweather.com/species/3496/Blue-throatedGoldentail-thumbnail-123fafdf676fb6b3c479092fed1bba6f.jpg","https://media.birdweather.com/species/3496/Blue-throatedGoldentail-png200-af45a913b14a9bb2011c35b55fe36ad0.png","X+gJDwCMcZteV6mPZJhmeHd2+C5XTBQP",16805694905,"https://media.birdweather.com/soundscapes/19267/19267-20260912-125859.flac",3,6,"live"
11097520346,19267,"2026-09-12T06:57:29.000-06:00",0.828399121761322,0.765554845333099,9.19108684529392,"almost_certain","BirdNET",NA,10.2198,-83.7874,FALSE,229,"Great Kiskadee","Pitangus sulphuratus","#7d4410","avian","https://media.birdweather.com/species/229/GreatKiskadee-standard-cd28a1b8e8b8e5aed433e809c229004e.jpg","https://media.birdweather.com/species/229/GreatKiskadee-thumbnail-b2749ed2442fb322cf3c4cb72f9c97f6.jpg","https://media.birdweather.com/species/229/GreatKiskadee-png200-003973af4f863deb00a4ce9b6f10e59c.png","0PgFDwIrhYqfZJh1mVe3SZZ3uKEJBncG",16805647804,"https://media.birdweather.com/soundscapes/19267/19267-20260912-125723.flac",6,9,"live"
11097504666,19267,"2026-09-12T06:56:29.500-06:00",0.84432852268219,0.203275412321091,7.46311502348726,"almost_certain","BirdNET",NA,10.2198,-83.7874,FALSE,501,"White-winged Dove","Zenaida asiatica","#d16ff8","avian","https://media.birdweather.com/species/501/White-wingedDove-standard-6528ef689b07d5a91f1c2275cdef19c9.jpg","https://media.birdweather.com/species/501/White-wingedDove-thumbnail-4a940adfd5a6c78c73c48c5095e7b896.jpg","https://media.birdweather.com/species/501/White-wingedDove-png200-d65decd3d571b5a9dbeca249ef97689f.png","IscJLwb6hoVelZWZdoh3eIeIdxBoB4IG",16805620591,"https://media.birdweather.com/soundscapes/19267/19267-20260912-125628.flac",1.5,4.5,"live"
11097428682,19267,"2026-09-12T06:52:04.000-06:00",0.848875164985657,0.765554130077362,9.24317177469717,"almost_certain","BirdNET",NA,10.2198,-83.7874,FALSE,229,"Great Kiskadee","Pitangus sulphuratus","#7d4410","avian","https://media.birdweather.com/species/229/GreatKiskadee-standard-cd28a1b8e8b8e5aed433e809c229004e.jpg","https://media.birdweather.com/species/229/GreatKiskadee-thumbnail-b2749ed2442fb322cf3c4cb72f9c97f6.jpg","https://media.birdweather.com/species/229/GreatKiskadee-png200-003973af4f863deb00a4ce9b6f10e59c.png","0PgFDwIrhYqfZJh1mVe3SZZ3uKEJBncG",16805486653,"https://media.birdweather.com/soundscapes/19267/19267-20260912-125158.flac",6,9,"live"
11097428677,19267,"2026-09-12T06:52:02.500-06:00",0.812166810035706,0.765554130077362,9.14833947509807,"almost_certain","BirdNET",NA,10.2198,-83.7874,FALSE,229,"Great Kiskadee","Pitangus sulphuratus","#7d4410","avian","https://media.birdweather.com/species/229/GreatKiskadee-standard-cd28a1b8e8b8e5aed433e809c229004e.jpg","https://media.birdweather.com/species/229/GreatKiskadee-thumbnail-b2749ed2442fb322cf3c4cb72f9c97f6.jpg","https://media.birdweather.com/species/229/GreatKiskadee-png200-003973af4f863deb00a4ce9b6f10e59c.png","0PgFDwIrhYqfZJh1mVe3SZZ3uKEJBncG",16805486653,"https://media.birdweather.com/soundscapes/19267/19267-20260912-125158.flac",4.5,7.5,"live"
11097421554,19267,"2026-09-12T06:51:38.000-06:00",0.720935642719269,0.203261598944664,7.11083626200015,"almost_certain","BirdNET",NA,10.2198,-83.7874,FALSE,501,"White-winged Dove","Zenaida asiatica","#d16ff8","avian","https://media.birdweather.com/species/501/White-wingedDove-standard-6528ef689b07d5a91f1c2275cdef19c9.jpg","https://media.birdweather.com/species/501/White-wingedDove-thumbnail-4a940adfd5a6c78c73c48c5095e7b896.jpg","https://media.birdweather.com/species/501/White-wingedDove-png200-d65decd3d571b5a9dbeca249ef97689f.png","IscJLwb6hoVelZWZdoh3eIeIdxBoB4IG",16805474169,"https://media.birdweather.com/soundscapes/19267/19267-20260912-125132.flac",6,9,"live"
11097343398,19267,"2026-09-12T06:46:54.500-06:00",0.908116281032562,0.765551745891571,9.38358583077021,"almost_certain","BirdNET",NA,10.2198,-83.7874,FALSE,229,"Great Kiskadee","Pitangus sulphuratus","#7d4410","avian","https://media.birdweather.com/species/229/GreatKiskadee-standard-cd28a1b8e8b8e5aed433e809c229004e.jpg","https://media.birdweather.com/species/229/GreatKiskadee-thumbnail-b2749ed2442fb322cf3c4cb72f9c97f6.jpg","https://media.birdweather.com/species/229/GreatKiskadee-png200-003973af4f863deb00a4ce9b6f10e59c.png","0PgFDwIrhYqfZJh1mVe3SZZ3uKEJBncG",16805335640,"https://media.birdweather.com/soundscapes/19267/19267-20260912-124653.flac",1.5,4.5,"live"
11097332438,19267,"2026-09-12T06:46:18.000-06:00",0.747578680515289,0.765554964542389,8.96366765054399,"almost_certain","BirdNET",NA,10.2198,-83.7874,FALSE,229,"Great Kiskadee","Pitangus sulphuratus","#7d4410","avian","https://media.birdweather.com/species/229/GreatKiskadee-standard-cd28a1b8e8b8e5aed433e809c229004e.jpg","https://media.birdweather.com/species/229/GreatKiskadee-thumbnail-b2749ed2442fb322cf3c4cb72f9c97f6.jpg","https://media.birdweather.com/species/229/GreatKiskadee-png200-003973af4f863deb00a4ce9b6f10e59c.png","0PgFDwIrhYqfZJh1mVe3SZZ3uKEJBncG",16805315948,"https://media.birdweather.com/soundscapes/19267/19267-20260912-124612.flac",6,9,"live"
11097332434,19267,"2026-09-12T06:46:16.500-06:00",0.949671745300293,0.765554964542389,9.47415004088387,"almost_certain","BirdNET",NA,10.2198,-83.7874,FALSE,229,"Great Kiskadee","Pitangus sulphuratus","#7d4410","avian","https://media.birdweather.com/species/229/GreatKiskadee-standard-cd28a1b8e8b8e5aed433e809c229004e.jpg","https://media.birdweather.com/species/229/GreatKiskadee-thumbnail-b2749ed2442fb322cf3c4cb72f9c97f6.jpg","https://media.birdweather.com/species/229/GreatKiskadee-png200-003973af4f863deb00a4ce9b6f10e59c.png","0PgFDwIrhYqfZJh1mVe3SZZ3uKEJBncG",16805315948,"https://media.birdweather.com/soundscapes/19267/19267-20260912-124612.flac",4.5,7.5,"live"
11097332431,19267,"2026-09-12T06:46:15.000-06:00",0.891706705093384,0.765554964542389,9.34611512008565,"almost_certain","BirdNET",NA,10.2198,-83.7874,FALSE,229,"Great Kiskadee","Pitangus sulphuratus","#7d4410","avian","https://media.birdweather.com/species/229/GreatKiskadee-standard-cd28a1b8e8b8e5aed433e809c229004e.jpg","https://media.birdweather.com/species/229/GreatKiskadee-thumbnail-b2749ed2442fb322cf3c4cb72f9c97f6.jpg","https://media.birdweather.com/species/229/GreatKiskadee-png200-003973af4f863deb00a4ce9b6f10e59c.png","0PgFDwIrhYqfZJh1mVe3SZZ3uKEJBncG",16805315948,"https://media.birdweather.com/soundscapes/19267/19267-20260912-124612.flac",3,6,"live"
11097332429,19267,"2026-09-12T06:46:13.500-06:00",0.829513490200043,0.765554964542389,9.19397327787128,"almost_certain","BirdNET",NA,10.2198,-83.7874,FALSE,229,"Great Kiskadee","Pitangus sulphuratus","#7d4410","avian","https://media.birdweather.com/species/229/GreatKiskadee-standard-cd28a1b8e8b8e5aed433e809c229004e.jpg","https://media.birdweather.com/species/229/GreatKiskadee-thumbnail-b2749ed2442fb322cf3c4cb72f9c97f6.jpg","https://media.birdweather.com/species/229/GreatKiskadee-png200-003973af4f863deb00a4ce9b6f10e59c.png","0PgFDwIrhYqfZJh1mVe3SZZ3uKEJBncG",16805315948,"https://media.birdweather.com/soundscapes/19267/19267-20260912-124612.flac",1.5,4.5,"live"
11097332424,19267,"2026-09-12T06:46:12.000-06:00",0.982286751270294,0.765554964542389,9.54125647384826,"almost_certain","BirdNET",NA,10.2198,-83.7874,FALSE,229,"Great Kiskadee","Pitangus sulphuratus","#7d4410","avian","https://media.birdweather.com/species/229/GreatKiskadee-standard-cd28a1b8e8b8e5aed433e809c229004e.jpg","https://media.birdweather.com/species/229/GreatKiskadee-thumbnail-b2749ed2442fb322cf3c4cb72f9c97f6.jpg","https://media.birdweather.com/species/229/GreatKiskadee-png200-003973af4f863deb00a4ce9b6f10e59c.png","0PgFDwIrhYqfZJh1mVe3SZZ3uKEJBncG",16805315948,"https://media.birdweather.com/soundscapes/19267/19267-20260912-124612.flac",0,3,"live"
11097328307,19267,"2026-09-12T06:46:02.500-06:00",0.922574579715729,0.765554964542389,9.41578283465727,"almost_certain","BirdNET",NA,10.2198,-83.7874,FALSE,229,"Great Kiskadee","Pitangus sulphuratus","#7d4410","avian","https://media.birdweather.com/species/229/GreatKiskadee-standard-cd28a1b8e8b8e5aed433e809c229004e.jpg","https://media.birdweather.com/species/229/GreatKiskadee-thumbnail-b2749ed2442fb322cf3c4cb72f9c97f6.jpg","https://media.birdweather.com/species/229/GreatKiskadee-png200-003973af4f863deb00a4ce9b6f10e59c.png","0PgFDwIrhYqfZJh1mVe3SZZ3uKEJBncG",16805308681,"https://media.birdweather.com/soundscapes/19267/19267-20260912-124558.flac",4.5,7.5,"live"
11097328300,19267,"2026-09-12T06:46:01.000-06:00",0.891100287437439,0.765554964542389,9.3447103393113,"almost_certain","BirdNET",NA,10.2198,-83.7874,FALSE,229,"Great Kiskadee","Pitangus sulphuratus","#7d4410","avian","https://media.birdweather.com/species/229/GreatKiskadee-standard-cd28a1b8e8b8e5aed433e809c229004e.jpg","https://media.birdweather.com/species/229/GreatKiskadee-thumbnail-b2749ed2442fb322cf3c4cb72f9c97f6.jpg","https://media.birdweather.com/species/229/GreatKiskadee-png200-003973af4f863deb00a4ce9b6f10e59c.png","0PgFDwIrhYqfZJh1mVe3SZZ3uKEJBncG",16805308681,"https://media.birdweather.com/soundscapes/19267/19267-20260912-124558.flac",3,6,"live"
11097328299,19267,"2026-09-12T06:45:59.500-06:00",0.773191511631012,0.765554964542389,9.03990520377798,"almost_certain","BirdNET",NA,10.2198,-83.7874,FALSE,229,"Great Kiskadee","Pitangus sulphuratus","#7d4410","avian","https://media.birdweather.com/species/229/GreatKiskadee-standard-cd28a1b8e8b8e5aed433e809c229004e.jpg","https://media.birdweather.com/species/229/GreatKiskadee-thumbnail-b2749ed2442fb322cf3c4cb72f9c97f6.jpg","https://media.birdweather.com/species/229/GreatKiskadee-png200-003973af4f863deb00a4ce9b6f10e59c.png","0PgFDwIrhYqfZJh1mVe3SZZ3uKEJBncG",16805308681,"https://media.birdweather.com/soundscapes/19267/19267-20260912-124558.flac",1.5,4.5,"live"
11097324891,19267,"2026-09-12T06:45:46.500-06:00",0.73716413974762,0.765554964542389,8.93141289903885,"almost_certain","BirdNET",NA,10.2198,-83.7874,FALSE,229,"Great Kiskadee","Pitangus sulphuratus","#7d4410","avian","https://media.birdweather.com/species/229/GreatKiskadee-standard-cd28a1b8e8b8e5aed433e809c229004e.jpg","https://media.birdweather.com/species/229/GreatKiskadee-thumbnail-b2749ed2442fb322cf3c4cb72f9c97f6.jpg","https://media.birdweather.com/species/229/GreatKiskadee-png200-003973af4f863deb00a4ce9b6f10e59c.png","0PgFDwIrhYqfZJh1mVe3SZZ3uKEJBncG",16805302426,"https://media.birdweather.com/soundscapes/19267/19267-20260912-124545.flac",1.5,4.5,"live"
11097324885,19267,"2026-09-12T06:45:45.000-06:00",0.850593030452728,0.765554964542389,9.24745436869685,"almost_certain","BirdNET",NA,10.2198,-83.7874,FALSE,229,"Great Kiskadee","Pitangus sulphuratus","#7d4410","avian","https://media.birdweather.com/species/229/GreatKiskadee-standard-cd28a1b8e8b8e5aed433e809c229004e.jpg","https://media.birdweather.com/species/229/GreatKiskadee-thumbnail-b2749ed2442fb322cf3c4cb72f9c97f6.jpg","https://media.birdweather.com/species/229/GreatKiskadee-png200-003973af4f863deb00a4ce9b6f10e59c.png","0PgFDwIrhYqfZJh1mVe3SZZ3uKEJBncG",16805302426,"https://media.birdweather.com/soundscapes/19267/19267-20260912-124545.flac",0,3,"live"
11097207574,19267,"2026-09-12T06:38:56.000-06:00",0.934874653816223,0.0199645888060331,4.98520504156299,"almost_certain","BirdNET",NA,10.2198,-83.7874,FALSE,1815,"Olive-throated Parakeet","Eupsittula nana","#ff6ad7","avian","https://media.birdweather.com/species/1815/Olive-throatedParakeet-standard-7a8764835cbbed5b353abb070de0fd48.jpg","https://media.birdweather.com/species/1815/Olive-throatedParakeet-thumbnail-9c4e0d5be805be9ed4a949c4ae3919f0.jpg","https://media.birdweather.com/species/1815/Olive-throatedParakeet-png200-1d99f36ba2877b9162d4f49d75819266.png","4+gFDwL5ind7t5d5pnpVpad5ZsIIvVIP",16805097078,"https://media.birdweather.com/soundscapes/19267/19267-20260912-123850.flac",6,9,"live"
11097207570,19267,"2026-09-12T06:38:56.000-06:00",0.703721582889557,0.102110102772713,6.17267041022439,"almost_certain","BirdNET",NA,10.2198,-83.7874,FALSE,1814,"Orange-fronted Parakeet","Eupsittula canicularis","#006e13","avian","https://media.birdweather.com/species/1814/Orange-frontedParakeet-standard-2726a195f746f3ccee40ff3d49f6e013.jpg","https://media.birdweather.com/species/1814/Orange-frontedParakeet-thumbnail-82df3d6a0ef022c566495549af46abfb.jpg","https://media.birdweather.com/species/1814/Orange-frontedParakeet-png200-1d8fabec5bdfe947269a5636f56cf4ee.png","GugFFwIAXqqFpdt3WjSomJeIFnAZ73kL",16805097078,"https://media.birdweather.com/soundscapes/19267/19267-20260912-123850.flac",6,9,"live"
11097154666,19267,"2026-09-12T06:35:48.000-06:00",0.870911121368408,0.0704511925578117,6.19277831411647,"almost_certain","BirdNET",NA,10.2198,-83.7874,FALSE,975,"Eastern Kingbird","Tyrannus tyrannus","#6c4d04","avian","https://media.birdweather.com/species/975/EasternKingbird-standard-34678c5d143fe1d9c0e9b1e5d9b899a4.jpg","https://media.birdweather.com/species/975/EasternKingbird-thumbnail-60f4f4ce9a78c11e9cc2b3e0bb29855e.jpg","https://media.birdweather.com/species/975/EasternKingbird-png200-3c6899f34dcf03ea173ed72829ab0048.png","LQgGDwDyloi2WXeYZFpnuYZpqAPXOnQA",16805004816,"https://media.birdweather.com/soundscapes/19267/19267-20260912-123542.flac",6,9,"live"
11097131723,19267,"2026-09-12T06:34:26.500-06:00",0.892972409725189,0.0763112977147102,6.34104537608985,"almost_certain","BirdNET",NA,10.2198,-83.7874,FALSE,17047,"Cinnamon-bellied Saltator","Saltator grandis","#6a35aa","avian","https://media.birdweather.com/species/17047/Cinnamon-belliedSaltator-standard-0876af3c691c96f8b8ee4f8dfdd870b4.jpeg","https://media.birdweather.com/species/17047/Cinnamon-belliedSaltator-thumbnail-3679ab493b8742672fc60e91862977e4.jpeg","https://media.birdweather.com/species/17047/Cinnamon-belliedSaltator-png200-58b4d4fbf255464431cd041a234f1383.png","FAgGBwCAaXmLZojmR6mHmXWEdlUJSJUA",16804964453,"https://media.birdweather.com/soundscapes/19267/19267-20260912-123422.flac",4.5,7.5,"live"
11097131719,19267,"2026-09-12T06:34:25.000-06:00",0.973346173763275,0.0763112977147102,6.51518840533254,"almost_certain","BirdNET",NA,10.2198,-83.7874,FALSE,17047,"Cinnamon-bellied Saltator","Saltator grandis","#6a35aa","avian","https://media.birdweather.com/species/17047/Cinnamon-belliedSaltator-standard-0876af3c691c96f8b8ee4f8dfdd870b4.jpeg","https://media.birdweather.com/species/17047/Cinnamon-belliedSaltator-thumbnail-3679ab493b8742672fc60e91862977e4.jpeg","https://media.birdweather.com/species/17047/Cinnamon-belliedSaltator-png200-58b4d4fbf255464431cd041a234f1383.png","FAgGBwCAaXmLZojmR6mHmXWEdlUJSJUA",16804964453,"https://media.birdweather.com/soundscapes/19267/19267-20260912-123422.flac",3,6,"live"
11097123720,19267,"2026-09-12T06:33:58.000-06:00",0.86489337682724,0.0763161703944206,6.27466282283461,"almost_certain","BirdNET",NA,10.2198,-83.7874,FALSE,17047,"Cinnamon-bellied Saltator","Saltator grandis","#6a35aa","avian","https://media.birdweather.com/species/17047/Cinnamon-belliedSaltator-standard-0876af3c691c96f8b8ee4f8dfdd870b4.jpeg","https://media.birdweather.com/species/17047/Cinnamon-belliedSaltator-thumbnail-3679ab493b8742672fc60e91862977e4.jpeg","https://media.birdweather.com/species/17047/Cinnamon-belliedSaltator-png200-58b4d4fbf255464431cd041a234f1383.png","FAgGBwCAaXmLZojmR6mHmXWEdlUJSJUA",16804950765,"https://media.birdweather.com/soundscapes/19267/19267-20260912-123352.flac",6,9,"live"
11097111723,19267,"2026-09-12T06:33:18.000-06:00",0.972924113273621,0.0763122886419296,6.51434513430415,"almost_certain","BirdNET",NA,10.2198,-83.7874,FALSE,17047,"Cinnamon-bellied Saltator","Saltator grandis","#6a35aa","avian","https://media.birdweather.com/species/17047/Cinnamon-belliedSaltator-standard-0876af3c691c96f8b8ee4f8dfdd870b4.jpeg","https://media.birdweather.com/species/17047/Cinnamon-belliedSaltator-thumbnail-3679ab493b8742672fc60e91862977e4.jpeg","https://media.birdweather.com/species/17047/Cinnamon-belliedSaltator-png200-58b4d4fbf255464431cd041a234f1383.png","FAgGBwCAaXmLZojmR6mHmXWEdlUJSJUA",16804929535,"https://media.birdweather.com/soundscapes/19267/19267-20260912-123312.flac",6,9,"live"
11097111717,19267,"2026-09-12T06:33:16.500-06:00",0.990064442157745,0.0763122886419296,6.5488039541636,"almost_certain","BirdNET",NA,10.2198,-83.7874,FALSE,17047,"Cinnamon-bellied Saltator","Saltator grandis","#6a35aa","avian","https://media.birdweather.com/species/17047/Cinnamon-belliedSaltator-standard-0876af3c691c96f8b8ee4f8dfdd870b4.jpeg","https://media.birdweather.com/species/17047/Cinnamon-belliedSaltator-thumbnail-3679ab493b8742672fc60e91862977e4.jpeg","https://media.birdweather.com/species/17047/Cinnamon-belliedSaltator-png200-58b4d4fbf255464431cd041a234f1383.png","FAgGBwCAaXmLZojmR6mHmXWEdlUJSJUA",16804929535,"https://media.birdweather.com/soundscapes/19267/19267-20260912-123312.flac",4.5,7.5,"live"
11097111713,19267,"2026-09-12T06:33:15.000-06:00",0.847032725811005,0.0763122886419296,6.23058534203026,"almost_certain","BirdNET",NA,10.2198,-83.7874,FALSE,17047,"Cinnamon-bellied Saltator","Saltator grandis","#6a35aa","avian","https://media.birdweather.com/species/17047/Cinnamon-belliedSaltator-standard-0876af3c691c96f8b8ee4f8dfdd870b4.jpeg","https://media.birdweather.com/species/17047/Cinnamon-belliedSaltator-thumbnail-3679ab493b8742672fc60e91862977e4.jpeg","https://media.birdweather.com/species/17047/Cinnamon-belliedSaltator-png200-58b4d4fbf255464431cd041a234f1383.png","FAgGBwCAaXmLZojmR6mHmXWEdlUJSJUA",16804929535,"https://media.birdweather.com/soundscapes/19267/19267-20260912-123312.flac",3,6,"live"
11097108100,19267,"2026-09-12T06:33:01.000-06:00",0.85421621799469,0.0763122886419296,6.24845872830576,"almost_certain","BirdNET",NA,10.2198,-83.7874,FALSE,17047,"Cinnamon-bellied Saltator","Saltator grandis","#6a35aa","avian","https://media.birdweather.com/species/17047/Cinnamon-belliedSaltator-standard-0876af3c691c96f8b8ee4f8dfdd870b4.jpeg","https://media.birdweather.com/species/17047/Cinnamon-belliedSaltator-thumbnail-3679ab493b8742672fc60e91862977e4.jpeg","https://media.birdweather.com/species/17047/Cinnamon-belliedSaltator-png200-58b4d4fbf255464431cd041a234f1383.png","FAgGBwCAaXmLZojmR6mHmXWEdlUJSJUA",16804923160,"https://media.birdweather.com/soundscapes/19267/19267-20260912-123258.flac",3,6,"live"
11097108097,19267,"2026-09-12T06:32:59.500-06:00",0.812349379062653,0.0763122886419296,6.14084780049503,"almost_certain","BirdNET",NA,10.2198,-83.7874,FALSE,17047,"Cinnamon-bellied Saltator","Saltator grandis","#6a35aa","avian","https://media.birdweather.com/species/17047/Cinnamon-belliedSaltator-standard-0876af3c691c96f8b8ee4f8dfdd870b4.jpeg","https://media.birdweather.com/species/17047/Cinnamon-belliedSaltator-thumbnail-3679ab493b8742672fc60e91862977e4.jpeg","https://media.birdweather.com/species/17047/Cinnamon-belliedSaltator-png200-58b4d4fbf255464431cd041a234f1383.png","FAgGBwCAaXmLZojmR6mHmXWEdlUJSJUA",16804923160,"https://media.birdweather.com/soundscapes/19267/19267-20260912-123258.flac",1.5,4.5,"live"
11097031664,19267,"2026-09-12T06:28:31.500-06:00",0.710649907588959,0.965853869915009,9.1604307439226,"almost_certain","BirdNET",NA,10.2198,-83.7874,FALSE,115,"Tropical Kingbird","Tyrannus melancholicus","#00b3a1","avian","https://media.birdweather.com/species/115/TropicalKingbird-standard-712bd41627c48fa23dafd70e7c83c2e4.jpg","https://media.birdweather.com/species/115/TropicalKingbird-thumbnail-d19e465885b300e6a764cb58df2c377e.jpg","https://media.birdweather.com/species/115/TropicalKingbird-png200-7879336d61c20ea19f905a307c05d2d1.png","G/kFDwLXdWqfdmeOkkq2uXmK16/aGV8M",16804790295,"https://media.birdweather.com/soundscapes/19267/19267-20260912-122830.flac",1.5,4.5,"live"
11097031655,19267,"2026-09-12T06:28:30.000-06:00",0.795743048191071,0.965853869915009,9.41842462201794,"almost_certain","BirdNET",NA,10.2198,-83.7874,FALSE,115,"Tropical Kingbird","Tyrannus melancholicus","#00b3a1","avian","https://media.birdweather.com/species/115/TropicalKingbird-standard-712bd41627c48fa23dafd70e7c83c2e4.jpg","https://media.birdweather.com/species/115/TropicalKingbird-thumbnail-d19e465885b300e6a764cb58df2c377e.jpg","https://media.birdweather.com/species/115/TropicalKingbird-png200-7879336d61c20ea19f905a307c05d2d1.png","G/kFDwLXdWqfdmeOkkq2uXmK16/aGV8M",16804790295,"https://media.birdweather.com/soundscapes/19267/19267-20260912-122830.flac",0,3,"live"
11096952867,19267,"2026-09-12T06:23:53.500-06:00",0.983514785766602,0.765553534030914,9.54371756647321,"almost_certain","BirdNET",NA,10.2198,-83.7874,FALSE,229,"Great Kiskadee","Pitangus sulphuratus","#7d4410","avian","https://media.birdweather.com/species/229/GreatKiskadee-standard-cd28a1b8e8b8e5aed433e809c229004e.jpg","https://media.birdweather.com/species/229/GreatKiskadee-thumbnail-b2749ed2442fb322cf3c4cb72f9c97f6.jpg","https://media.birdweather.com/species/229/GreatKiskadee-png200-003973af4f863deb00a4ce9b6f10e59c.png","0PgFDwIrhYqfZJh1mVe3SZZ3uKEJBncG",16804651825,"https://media.birdweather.com/soundscapes/19267/19267-20260912-122349.flac",4.5,7.5,"live"
11096952865,19267,"2026-09-12T06:23:52.000-06:00",0.996224761009216,0.765553534030914,9.56895879216039,"almost_certain","BirdNET",NA,10.2198,-83.7874,FALSE,229,"Great Kiskadee","Pitangus sulphuratus","#7d4410","avian","https://media.birdweather.com/species/229/GreatKiskadee-standard-cd28a1b8e8b8e5aed433e809c229004e.jpg","https://media.birdweather.com/species/229/GreatKiskadee-thumbnail-b2749ed2442fb322cf3c4cb72f9c97f6.jpg","https://media.birdweather.com/species/229/GreatKiskadee-png200-003973af4f863deb00a4ce9b6f10e59c.png","0PgFDwIrhYqfZJh1mVe3SZZ3uKEJBncG",16804651825,"https://media.birdweather.com/soundscapes/19267/19267-20260912-122349.flac",3,6,"live"
11096952863,19267,"2026-09-12T06:23:50.500-06:00",0.866235852241516,0.765553534030914,9.28583205874777,"almost_certain","BirdNET",NA,10.2198,-83.7874,FALSE,229,"Great Kiskadee","Pitangus sulphuratus","#7d4410","avian","https://media.birdweather.com/species/229/GreatKiskadee-standard-cd28a1b8e8b8e5aed433e809c229004e.jpg","https://media.birdweather.com/species/229/GreatKiskadee-thumbnail-b2749ed2442fb322cf3c4cb72f9c97f6.jpg","https://media.birdweather.com/species/229/GreatKiskadee-png200-003973af4f863deb00a4ce9b6f10e59c.png","0PgFDwIrhYqfZJh1mVe3SZZ3uKEJBncG",16804651825,"https://media.birdweather.com/soundscapes/19267/19267-20260912-122349.flac",1.5,4.5,"live"
11096952859,19267,"2026-09-12T06:23:49.000-06:00",0.987083077430725,0.765553534030914,9.55085105289693,"almost_certain","BirdNET",NA,10.2198,-83.7874,FALSE,229,"Great Kiskadee","Pitangus sulphuratus","#7d4410","avian","https://media.birdweather.com/species/229/GreatKiskadee-standard-cd28a1b8e8b8e5aed433e809c229004e.jpg","https://media.birdweather.com/species/229/GreatKiskadee-thumbnail-b2749ed2442fb322cf3c4cb72f9c97f6.jpg","https://media.birdweather.com/species/229/GreatKiskadee-png200-003973af4f863deb00a4ce9b6f10e59c.png","0PgFDwIrhYqfZJh1mVe3SZZ3uKEJBncG",16804651825,"https://media.birdweather.com/soundscapes/19267/19267-20260912-122349.flac",0,3,"live"
11096948869,19267,"2026-09-12T06:23:40.500-06:00",0.911753594875336,0.765552401542664,9.39175693369785,"almost_certain","BirdNET",NA,10.2198,-83.7874,FALSE,229,"Great Kiskadee","Pitangus sulphuratus","#7d4410","avian","https://media.birdweather.com/species/229/GreatKiskadee-standard-cd28a1b8e8b8e5aed433e809c229004e.jpg","https://media.birdweather.com/species/229/GreatKiskadee-thumbnail-b2749ed2442fb322cf3c4cb72f9c97f6.jpg","https://media.birdweather.com/species/229/GreatKiskadee-png200-003973af4f863deb00a4ce9b6f10e59c.png","0PgFDwIrhYqfZJh1mVe3SZZ3uKEJBncG",16804644498,"https://media.birdweather.com/soundscapes/19267/19267-20260912-122336.flac",4.5,7.5,"live"
11096948866,19267,"2026-09-12T06:23:39.000-06:00",0.959939301013947,0.765552401542664,9.49562798270271,"almost_certain","BirdNET",NA,10.2198,-83.7874,FALSE,229,"Great Kiskadee","Pitangus sulphuratus","#7d4410","avian","https://media.birdweather.com/species/229/GreatKiskadee-standard-cd28a1b8e8b8e5aed433e809c229004e.jpg","https://media.birdweather.com/species/229/GreatKiskadee-thumbnail-b2749ed2442fb322cf3c4cb72f9c97f6.jpg","https://media.birdweather.com/species/229/GreatKiskadee-png200-003973af4f863deb00a4ce9b6f10e59c.png","0PgFDwIrhYqfZJh1mVe3SZZ3uKEJBncG",16804644498,"https://media.birdweather.com/soundscapes/19267/19267-20260912-122336.flac",3,6,"live"
11096941286,19267,"2026-09-12T06:23:09.000-06:00",0.93029659986496,0.765554070472717,9.43266934681808,"almost_certain","BirdNET",NA,10.2198,-83.7874,FALSE,229,"Great Kiskadee","Pitangus sulphuratus","#7d4410","avian","https://media.birdweather.com/species/229/GreatKiskadee-standard-cd28a1b8e8b8e5aed433e809c229004e.jpg","https://media.birdweather.com/species/229/GreatKiskadee-thumbnail-b2749ed2442fb322cf3c4cb72f9c97f6.jpg","https://media.birdweather.com/species/229/GreatKiskadee-png200-003973af4f863deb00a4ce9b6f10e59c.png","0PgFDwIrhYqfZJh1mVe3SZZ3uKEJBncG",16804631145,"https://media.birdweather.com/soundscapes/19267/19267-20260912-122309.flac",0,3,"live"
11096926375,19267,"2026-09-12T06:22:22.000-06:00",0.969586431980133,0.765556812286377,9.51551775323249,"almost_certain","BirdNET",NA,10.2198,-83.7874,FALSE,229,"Great Kiskadee","Pitangus sulphuratus","#7d4410","avian","https://media.birdweather.com/species/229/GreatKiskadee-standard-cd28a1b8e8b8e5aed433e809c229004e.jpg","https://media.birdweather.com/species/229/GreatKiskadee-thumbnail-b2749ed2442fb322cf3c4cb72f9c97f6.jpg","https://media.birdweather.com/species/229/GreatKiskadee-png200-003973af4f863deb00a4ce9b6f10e59c.png","0PgFDwIrhYqfZJh1mVe3SZZ3uKEJBncG",16804605056,"https://media.birdweather.com/soundscapes/19267/19267-20260912-122216.flac",6,9,"live"
11096926371,19267,"2026-09-12T06:22:20.500-06:00",0.881778359413147,0.765556812286377,9.32293588512402,"almost_certain","BirdNET",NA,10.2198,-83.7874,FALSE,229,"Great Kiskadee","Pitangus sulphuratus","#7d4410","avian","https://media.birdweather.com/species/229/GreatKiskadee-standard-cd28a1b8e8b8e5aed433e809c229004e.jpg","https://media.birdweather.com/species/229/GreatKiskadee-thumbnail-b2749ed2442fb322cf3c4cb72f9c97f6.jpg","https://media.birdweather.com/species/229/GreatKiskadee-png200-003973af4f863deb00a4ce9b6f10e59c.png","0PgFDwIrhYqfZJh1mVe3SZZ3uKEJBncG",16804605056,"https://media.birdweather.com/soundscapes/19267/19267-20260912-122216.flac",4.5,7.5,"live"
11096926370,19267,"2026-09-12T06:22:16.000-06:00",0.90545666217804,0.765556812286377,9.377589894323,"almost_certain","BirdNET",NA,10.2198,-83.7874,FALSE,229,"Great Kiskadee","Pitangus sulphuratus","#7d4410","avian","https://media.birdweather.com/species/229/GreatKiskadee-standard-cd28a1b8e8b8e5aed433e809c229004e.jpg","https://media.birdweather.com/species/229/GreatKiskadee-thumbnail-b2749ed2442fb322cf3c4cb72f9c97f6.jpg","https://media.birdweather.com/species/229/GreatKiskadee-png200-003973af4f863deb00a4ce9b6f10e59c.png","0PgFDwIrhYqfZJh1mVe3SZZ3uKEJBncG",16804605056,"https://media.birdweather.com/soundscapes/19267/19267-20260912-122216.flac",0,3,"live"
11096914731,19267,"2026-09-12T06:21:42.000-06:00",0.903882205486298,0.765554487705231,9.37401853825799,"almost_certain","BirdNET",NA,10.2198,-83.7874,FALSE,229,"Great Kiskadee","Pitangus sulphuratus","#7d4410","avian","https://media.birdweather.com/species/229/GreatKiskadee-standard-cd28a1b8e8b8e5aed433e809c229004e.jpg","https://media.birdweather.com/species/229/GreatKiskadee-thumbnail-b2749ed2442fb322cf3c4cb72f9c97f6.jpg","https://media.birdweather.com/species/229/GreatKiskadee-png200-003973af4f863deb00a4ce9b6f10e59c.png","0PgFDwIrhYqfZJh1mVe3SZZ3uKEJBncG",16804585011,"https://media.birdweather.com/soundscapes/19267/19267-20260912-122136.flac",6,9,"live"
11096914722,19267,"2026-09-12T06:21:37.500-06:00",0.710230350494385,0.765554487705231,8.84429389645897,"almost_certain","BirdNET",NA,10.2198,-83.7874,FALSE,229,"Great Kiskadee","Pitangus sulphuratus","#7d4410","avian","https://media.birdweather.com/species/229/GreatKiskadee-standard-cd28a1b8e8b8e5aed433e809c229004e.jpg","https://media.birdweather.com/species/229/GreatKiskadee-thumbnail-b2749ed2442fb322cf3c4cb72f9c97f6.jpg","https://media.birdweather.com/species/229/GreatKiskadee-png200-003973af4f863deb00a4ce9b6f10e59c.png","0PgFDwIrhYqfZJh1mVe3SZZ3uKEJBncG",16804585011,"https://media.birdweather.com/soundscapes/19267/19267-20260912-122136.flac",1.5,4.5,"live"
11096914720,19267,"2026-09-12T06:21:36.000-06:00",0.850168108940125,0.765554487705231,9.24639581733985,"almost_certain","BirdNET",NA,10.2198,-83.7874,FALSE,229,"Great Kiskadee","Pitangus sulphuratus","#7d4410","avian","https://media.birdweather.com/species/229/GreatKiskadee-standard-cd28a1b8e8b8e5aed433e809c229004e.jpg","https://media.birdweather.com/species/229/GreatKiskadee-thumbnail-b2749ed2442fb322cf3c4cb72f9c97f6.jpg","https://media.birdweather.com/species/229/GreatKiskadee-png200-003973af4f863deb00a4ce9b6f10e59c.png","0PgFDwIrhYqfZJh1mVe3SZZ3uKEJBncG",16804585011,"https://media.birdweather.com/soundscapes/19267/19267-20260912-122136.flac",0,3,"live"
11096911018,19267,"2026-09-12T06:21:26.000-06:00",0.894750475883484,0.765553534030914,9.35314188199124,"almost_certain","BirdNET",NA,10.2198,-83.7874,FALSE,229,"Great Kiskadee","Pitangus sulphuratus","#7d4410","avian","https://media.birdweather.com/species/229/GreatKiskadee-standard-cd28a1b8e8b8e5aed433e809c229004e.jpg","https://media.birdweather.com/species/229/GreatKiskadee-thumbnail-b2749ed2442fb322cf3c4cb72f9c97f6.jpg","https://media.birdweather.com/species/229/GreatKiskadee-png200-003973af4f863deb00a4ce9b6f10e59c.png","0PgFDwIrhYqfZJh1mVe3SZZ3uKEJBncG",16804578587,"https://media.birdweather.com/soundscapes/19267/19267-20260912-122123.flac",3,6,"live"
11096911016,19267,"2026-09-12T06:21:24.500-06:00",0.972429990768433,0.765553534030914,9.52131767567973,"almost_certain","BirdNET",NA,10.2198,-83.7874,FALSE,229,"Great Kiskadee","Pitangus sulphuratus","#7d4410","avian","https://media.birdweather.com/species/229/GreatKiskadee-standard-cd28a1b8e8b8e5aed433e809c229004e.jpg","https://media.birdweather.com/species/229/GreatKiskadee-thumbnail-b2749ed2442fb322cf3c4cb72f9c97f6.jpg","https://media.birdweather.com/species/229/GreatKiskadee-png200-003973af4f863deb00a4ce9b6f10e59c.png","0PgFDwIrhYqfZJh1mVe3SZZ3uKEJBncG",16804578587,"https://media.birdweather.com/soundscapes/19267/19267-20260912-122123.flac",1.5,4.5,"live"
11096911010,19267,"2026-09-12T06:21:23.000-06:00",0.749301254749298,0.765553534030914,8.96892765540354,"almost_certain","BirdNET",NA,10.2198,-83.7874,FALSE,229,"Great Kiskadee","Pitangus sulphuratus","#7d4410","avian","https://media.birdweather.com/species/229/GreatKiskadee-standard-cd28a1b8e8b8e5aed433e809c229004e.jpg","https://media.birdweather.com/species/229/GreatKiskadee-thumbnail-b2749ed2442fb322cf3c4cb72f9c97f6.jpg","https://media.birdweather.com/species/229/GreatKiskadee-png200-003973af4f863deb00a4ce9b6f10e59c.png","0PgFDwIrhYqfZJh1mVe3SZZ3uKEJBncG",16804578587,"https://media.birdweather.com/soundscapes/19267/19267-20260912-122123.flac",0,3,"live"
11096907019,19267,"2026-09-12T06:21:12.500-06:00",0.850858330726624,0.765554487705231,9.24811349447694,"almost_certain","BirdNET",NA,10.2198,-83.7874,FALSE,229,"Great Kiskadee","Pitangus sulphuratus","#7d4410","avian","https://media.birdweather.com/species/229/GreatKiskadee-standard-cd28a1b8e8b8e5aed433e809c229004e.jpg","https://media.birdweather.com/species/229/GreatKiskadee-thumbnail-b2749ed2442fb322cf3c4cb72f9c97f6.jpg","https://media.birdweather.com/species/229/GreatKiskadee-png200-003973af4f863deb00a4ce9b6f10e59c.png","0PgFDwIrhYqfZJh1mVe3SZZ3uKEJBncG",16804571595,"https://media.birdweather.com/soundscapes/19267/19267-20260912-122108.flac",4.5,7.5,"live"
11096907017,19267,"2026-09-12T06:21:11.000-06:00",0.965285956859589,0.765554487705231,9.50668632926841,"almost_certain","BirdNET",NA,10.2198,-83.7874,FALSE,229,"Great Kiskadee","Pitangus sulphuratus","#7d4410","avian","https://media.birdweather.com/species/229/GreatKiskadee-standard-cd28a1b8e8b8e5aed433e809c229004e.jpg","https://media.birdweather.com/species/229/GreatKiskadee-thumbnail-b2749ed2442fb322cf3c4cb72f9c97f6.jpg","https://media.birdweather.com/species/229/GreatKiskadee-png200-003973af4f863deb00a4ce9b6f10e59c.png","0PgFDwIrhYqfZJh1mVe3SZZ3uKEJBncG",16804571595,"https://media.birdweather.com/soundscapes/19267/19267-20260912-122108.flac",3,6,"live"
11096907015,19267,"2026-09-12T06:21:09.500-06:00",0.956739544868469,0.765554487705231,9.48897298331092,"almost_certain","BirdNET",NA,10.2198,-83.7874,FALSE,229,"Great Kiskadee","Pitangus sulphuratus","#7d4410","avian","https://media.birdweather.com/species/229/GreatKiskadee-standard-cd28a1b8e8b8e5aed433e809c229004e.jpg","https://media.birdweather.com/species/229/GreatKiskadee-thumbnail-b2749ed2442fb322cf3c4cb72f9c97f6.jpg","https://media.birdweather.com/species/229/GreatKiskadee-png200-003973af4f863deb00a4ce9b6f10e59c.png","0PgFDwIrhYqfZJh1mVe3SZZ3uKEJBncG",16804571595,"https://media.birdweather.com/soundscapes/19267/19267-20260912-122108.flac",1.5,4.5,"live"
11096907012,19267,"2026-09-12T06:21:08.000-06:00",0.957411050796509,0.765554487705231,9.49037307125292,"almost_certain","BirdNET",NA,10.2198,-83.7874,FALSE,229,"Great Kiskadee","Pitangus sulphuratus","#7d4410","avian","https://media.birdweather.com/species/229/GreatKiskadee-standard-cd28a1b8e8b8e5aed433e809c229004e.jpg","https://media.birdweather.com/species/229/GreatKiskadee-thumbnail-b2749ed2442fb322cf3c4cb72f9c97f6.jpg","https://media.birdweather.com/species/229/GreatKiskadee-png200-003973af4f863deb00a4ce9b6f10e59c.png","0PgFDwIrhYqfZJh1mVe3SZZ3uKEJBncG",16804571595,"https://media.birdweather.com/soundscapes/19267/19267-20260912-122108.flac",0,3,"live"
11096903416,19267,"2026-09-12T06:20:59.500-06:00",0.885057151317596,0.765554487705231,9.33063116178185,"almost_certain","BirdNET",NA,10.2198,-83.7874,FALSE,229,"Great Kiskadee","Pitangus sulphuratus","#7d4410","avian","https://media.birdweather.com/species/229/GreatKiskadee-standard-cd28a1b8e8b8e5aed433e809c229004e.jpg","https://media.birdweather.com/species/229/GreatKiskadee-thumbnail-b2749ed2442fb322cf3c4cb72f9c97f6.jpg","https://media.birdweather.com/species/229/GreatKiskadee-png200-003973af4f863deb00a4ce9b6f10e59c.png","0PgFDwIrhYqfZJh1mVe3SZZ3uKEJBncG",16804565100,"https://media.birdweather.com/soundscapes/19267/19267-20260912-122055.flac",4.5,7.5,"live"
11096903413,19267,"2026-09-12T06:20:58.000-06:00",0.955585062503815,0.765554487705231,9.48656254120123,"almost_certain","BirdNET",NA,10.2198,-83.7874,FALSE,229,"Great Kiskadee","Pitangus sulphuratus","#7d4410","avian","https://media.birdweather.com/species/229/GreatKiskadee-standard-cd28a1b8e8b8e5aed433e809c229004e.jpg","https://media.birdweather.com/species/229/GreatKiskadee-thumbnail-b2749ed2442fb322cf3c4cb72f9c97f6.jpg","https://media.birdweather.com/species/229/GreatKiskadee-png200-003973af4f863deb00a4ce9b6f10e59c.png","0PgFDwIrhYqfZJh1mVe3SZZ3uKEJBncG",16804565100,"https://media.birdweather.com/soundscapes/19267/19267-20260912-122055.flac",3,6,"live"
11096903406,19267,"2026-09-12T06:20:55.000-06:00",0.895944952964783,0.765554487705231,9.35589226980778,"almost_certain","BirdNET",NA,10.2198,-83.7874,FALSE,229,"Great Kiskadee","Pitangus sulphuratus","#7d4410","avian","https://media.birdweather.com/species/229/GreatKiskadee-standard-cd28a1b8e8b8e5aed433e809c229004e.jpg","https://media.birdweather.com/species/229/GreatKiskadee-thumbnail-b2749ed2442fb322cf3c4cb72f9c97f6.jpg","https://media.birdweather.com/species/229/GreatKiskadee-png200-003973af4f863deb00a4ce9b6f10e59c.png","0PgFDwIrhYqfZJh1mVe3SZZ3uKEJBncG",16804565100,"https://media.birdweather.com/soundscapes/19267/19267-20260912-122055.flac",0,3,"live"
11096899827,19267,"2026-09-12T06:20:48.000-06:00",0.729942619800568,0.765555083751678,8.90859305668596,"almost_certain","BirdNET",NA,10.2198,-83.7874,FALSE,229,"Great Kiskadee","Pitangus sulphuratus","#7d4410","avian","https://media.birdweather.com/species/229/GreatKiskadee-standard-cd28a1b8e8b8e5aed433e809c229004e.jpg","https://media.birdweather.com/species/229/GreatKiskadee-thumbnail-b2749ed2442fb322cf3c4cb72f9c97f6.jpg","https://media.birdweather.com/species/229/GreatKiskadee-png200-003973af4f863deb00a4ce9b6f10e59c.png","0PgFDwIrhYqfZJh1mVe3SZZ3uKEJBncG",16804558722,"https://media.birdweather.com/soundscapes/19267/19267-20260912-122042.flac",6,9,"live"
11096847804,19267,"2026-09-12T06:17:38.000-06:00",0.91310453414917,0.203256770968437,7.62600127586457,"almost_certain","BirdNET",NA,10.2198,-83.7874,FALSE,501,"White-winged Dove","Zenaida asiatica","#d16ff8","avian","https://media.birdweather.com/species/501/White-wingedDove-standard-6528ef689b07d5a91f1c2275cdef19c9.jpg","https://media.birdweather.com/species/501/White-wingedDove-thumbnail-4a940adfd5a6c78c73c48c5095e7b896.jpg","https://media.birdweather.com/species/501/White-wingedDove-png200-d65decd3d571b5a9dbeca249ef97689f.png","IscJLwb6hoVelZWZdoh3eIeIdxBoB4IG",16804465919,"https://media.birdweather.com/soundscapes/19267/19267-20260912-121735.flac",3,6,"live"
11096847798,19267,"2026-09-12T06:17:36.500-06:00",0.870951235294342,0.203256770968437,7.52841392020493,"almost_certain","BirdNET",NA,10.2198,-83.7874,FALSE,501,"White-winged Dove","Zenaida asiatica","#d16ff8","avian","https://media.birdweather.com/species/501/White-wingedDove-standard-6528ef689b07d5a91f1c2275cdef19c9.jpg","https://media.birdweather.com/species/501/White-wingedDove-thumbnail-4a940adfd5a6c78c73c48c5095e7b896.jpg","https://media.birdweather.com/species/501/White-wingedDove-png200-d65decd3d571b5a9dbeca249ef97689f.png","IscJLwb6hoVelZWZdoh3eIeIdxBoB4IG",16804465919,"https://media.birdweather.com/soundscapes/19267/19267-20260912-121735.flac",1.5,4.5,"live"
11096847790,19267,"2026-09-12T06:17:35.000-06:00",0.734968185424805,0.203256770968437,7.15573157040485,"almost_certain","BirdNET",NA,10.2198,-83.7874,FALSE,501,"White-winged Dove","Zenaida asiatica","#d16ff8","avian","https://media.birdweather.com/species/501/White-wingedDove-standard-6528ef689b07d5a91f1c2275cdef19c9.jpg","https://media.birdweather.com/species/501/White-wingedDove-thumbnail-4a940adfd5a6c78c73c48c5095e7b896.jpg","https://media.birdweather.com/species/501/White-wingedDove-png200-d65decd3d571b5a9dbeca249ef97689f.png","IscJLwb6hoVelZWZdoh3eIeIdxBoB4IG",16804465919,"https://media.birdweather.com/soundscapes/19267/19267-20260912-121735.flac",0,3,"live"
11096843905,19267,"2026-09-12T06:17:29.000-06:00",0.926729202270508,0.965856611728668,9.73963429894716,"almost_certain","BirdNET",NA,10.2198,-83.7874,FALSE,115,"Tropical Kingbird","Tyrannus melancholicus","#00b3a1","avian","https://media.birdweather.com/species/115/TropicalKingbird-standard-712bd41627c48fa23dafd70e7c83c2e4.jpg","https://media.birdweather.com/species/115/TropicalKingbird-thumbnail-d19e465885b300e6a764cb58df2c377e.jpg","https://media.birdweather.com/species/115/TropicalKingbird-png200-7879336d61c20ea19f905a307c05d2d1.png","G/kFDwLXdWqfdmeOkkq2uXmK16/aGV8M",16804459486,"https://media.birdweather.com/soundscapes/19267/19267-20260912-121723.flac",6,9,"live"
11096843901,19267,"2026-09-12T06:17:27.500-06:00",0.897897660732269,0.965856611728668,9.67511421795638,"almost_certain","BirdNET",NA,10.2198,-83.7874,FALSE,115,"Tropical Kingbird","Tyrannus melancholicus","#00b3a1","avian","https://media.birdweather.com/species/115/TropicalKingbird-standard-712bd41627c48fa23dafd70e7c83c2e4.jpg","https://media.birdweather.com/species/115/TropicalKingbird-thumbnail-d19e465885b300e6a764cb58df2c377e.jpg","https://media.birdweather.com/species/115/TropicalKingbird-png200-7879336d61c20ea19f905a307c05d2d1.png","G/kFDwLXdWqfdmeOkkq2uXmK16/aGV8M",16804459486,"https://media.birdweather.com/soundscapes/19267/19267-20260912-121723.flac",4.5,7.5,"live"
11096809412,19267,"2026-09-12T06:15:19.000-06:00",0.932034432888031,0.203246861696243,7.66759715753281,"almost_certain","BirdNET",NA,10.2198,-83.7874,FALSE,501,"White-winged Dove","Zenaida asiatica","#d16ff8","avian","https://media.birdweather.com/species/501/White-wingedDove-standard-6528ef689b07d5a91f1c2275cdef19c9.jpg","https://media.birdweather.com/species/501/White-wingedDove-thumbnail-4a940adfd5a6c78c73c48c5095e7b896.jpg","https://media.birdweather.com/species/501/White-wingedDove-png200-d65decd3d571b5a9dbeca249ef97689f.png","IscJLwb6hoVelZWZdoh3eIeIdxBoB4IG",16804399058,"https://media.birdweather.com/soundscapes/19267/19267-20260912-121519.flac",0,3,"live"
11096797734,19267,"2026-09-12T06:14:40.500-06:00",0.703918635845184,0.203246861696243,7.05420649059234,"almost_certain","BirdNET",NA,10.2198,-83.7874,FALSE,501,"White-winged Dove","Zenaida asiatica","#d16ff8","avian","https://media.birdweather.com/species/501/White-wingedDove-standard-6528ef689b07d5a91f1c2275cdef19c9.jpg","https://media.birdweather.com/species/501/White-wingedDove-thumbnail-4a940adfd5a6c78c73c48c5095e7b896.jpg","https://media.birdweather.com/species/501/White-wingedDove-png200-d65decd3d571b5a9dbeca249ef97689f.png","IscJLwb6hoVelZWZdoh3eIeIdxBoB4IG",16804378455,"https://media.birdweather.com/soundscapes/19267/19267-20260912-121439.flac",1.5,4.5,"live"
11096741342,19267,"2026-09-12T06:11:21.500-06:00",0.918091952800751,0.203261360526085,7.63713020807586,"almost_certain","BirdNET",NA,10.2198,-83.7874,FALSE,501,"White-winged Dove","Zenaida asiatica","#d16ff8","avian","https://media.birdweather.com/species/501/White-wingedDove-standard-6528ef689b07d5a91f1c2275cdef19c9.jpg","https://media.birdweather.com/species/501/White-wingedDove-thumbnail-4a940adfd5a6c78c73c48c5095e7b896.jpg","https://media.birdweather.com/species/501/White-wingedDove-png200-d65decd3d571b5a9dbeca249ef97689f.png","IscJLwb6hoVelZWZdoh3eIeIdxBoB4IG",16804278138,"https://media.birdweather.com/soundscapes/19267/19267-20260912-121117.flac",4.5,7.5,"live"
11096741339,19267,"2026-09-12T06:11:20.000-06:00",0.897147655487061,0.203261360526085,7.58990243728705,"almost_certain","BirdNET",NA,10.2198,-83.7874,FALSE,501,"White-winged Dove","Zenaida asiatica","#d16ff8","avian","https://media.birdweather.com/species/501/White-wingedDove-standard-6528ef689b07d5a91f1c2275cdef19c9.jpg","https://media.birdweather.com/species/501/White-wingedDove-thumbnail-4a940adfd5a6c78c73c48c5095e7b896.jpg","https://media.birdweather.com/species/501/White-wingedDove-png200-d65decd3d571b5a9dbeca249ef97689f.png","IscJLwb6hoVelZWZdoh3eIeIdxBoB4IG",16804278138,"https://media.birdweather.com/soundscapes/19267/19267-20260912-121117.flac",3,6,"live"
11096737219,19267,"2026-09-12T06:11:03.500-06:00",0.955055296421051,0.203253746032715,7.71665420233581,"almost_certain","BirdNET",NA,10.2198,-83.7874,FALSE,501,"White-winged Dove","Zenaida asiatica","#d16ff8","avian","https://media.birdweather.com/species/501/White-wingedDove-standard-6528ef689b07d5a91f1c2275cdef19c9.jpg","https://media.birdweather.com/species/501/White-wingedDove-thumbnail-4a940adfd5a6c78c73c48c5095e7b896.jpg","https://media.birdweather.com/species/501/White-wingedDove-png200-d65decd3d571b5a9dbeca249ef97689f.png","IscJLwb6hoVelZWZdoh3eIeIdxBoB4IG",16804271024,"https://media.birdweather.com/soundscapes/19267/19267-20260912-121102.flac",1.5,4.5,"live"
11096737217,19267,"2026-09-12T06:11:02.000-06:00",0.964145004749298,0.203253746032715,7.73553396983968,"almost_certain","BirdNET",NA,10.2198,-83.7874,FALSE,501,"White-winged Dove","Zenaida asiatica","#d16ff8","avian","https://media.birdweather.com/species/501/White-wingedDove-standard-6528ef689b07d5a91f1c2275cdef19c9.jpg","https://media.birdweather.com/species/501/White-wingedDove-thumbnail-4a940adfd5a6c78c73c48c5095e7b896.jpg","https://media.birdweather.com/species/501/White-wingedDove-png200-d65decd3d571b5a9dbeca249ef97689f.png","IscJLwb6hoVelZWZdoh3eIeIdxBoB4IG",16804271024,"https://media.birdweather.com/soundscapes/19267/19267-20260912-121102.flac",0,3,"live"
11096730051,19267,"2026-09-12T06:10:40.000-06:00",0.863931059837341,0.203255847096443,7.51145862725524,"almost_certain","BirdNET",NA,10.2198,-83.7874,FALSE,501,"White-winged Dove","Zenaida asiatica","#d16ff8","avian","https://media.birdweather.com/species/501/White-wingedDove-standard-6528ef689b07d5a91f1c2275cdef19c9.jpg","https://media.birdweather.com/species/501/White-wingedDove-thumbnail-4a940adfd5a6c78c73c48c5095e7b896.jpg","https://media.birdweather.com/species/501/White-wingedDove-png200-d65decd3d571b5a9dbeca249ef97689f.png","IscJLwb6hoVelZWZdoh3eIeIdxBoB4IG",16804258361,"https://media.birdweather.com/soundscapes/19267/19267-20260912-121037.flac",3,6,"live"
11096711097,19267,"2026-09-12T06:09:35.000-06:00",0.818494498729706,0.203256770968437,7.3963810112743,"almost_certain","BirdNET",NA,10.2198,-83.7874,FALSE,501,"White-winged Dove","Zenaida asiatica","#d16ff8","avian","https://media.birdweather.com/species/501/White-wingedDove-standard-6528ef689b07d5a91f1c2275cdef19c9.jpg","https://media.birdweather.com/species/501/White-wingedDove-thumbnail-4a940adfd5a6c78c73c48c5095e7b896.jpg","https://media.birdweather.com/species/501/White-wingedDove-png200-d65decd3d571b5a9dbeca249ef97689f.png","IscJLwb6hoVelZWZdoh3eIeIdxBoB4IG",16804224828,"https://media.birdweather.com/soundscapes/19267/19267-20260912-120929.flac",6,9,"live"
11096711094,19267,"2026-09-12T06:09:33.500-06:00",0.898065328598022,0.203256770968437,7.59197669969471,"almost_certain","BirdNET",NA,10.2198,-83.7874,FALSE,501,"White-winged Dove","Zenaida asiatica","#d16ff8","avian","https://media.birdweather.com/species/501/White-wingedDove-standard-6528ef689b07d5a91f1c2275cdef19c9.jpg","https://media.birdweather.com/species/501/White-wingedDove-thumbnail-4a940adfd5a6c78c73c48c5095e7b896.jpg","https://media.birdweather.com/species/501/White-wingedDove-png200-d65decd3d571b5a9dbeca249ef97689f.png","IscJLwb6hoVelZWZdoh3eIeIdxBoB4IG",16804224828,"https://media.birdweather.com/soundscapes/19267/19267-20260912-120929.flac",4.5,7.5,"live"
11096711087,19267,"2026-09-12T06:09:29.000-06:00",0.728411436080933,0.203256770968437,7.13492283443042,"almost_certain","BirdNET",NA,10.2198,-83.7874,FALSE,501,"White-winged Dove","Zenaida asiatica","#d16ff8","avian","https://media.birdweather.com/species/501/White-wingedDove-standard-6528ef689b07d5a91f1c2275cdef19c9.jpg","https://media.birdweather.com/species/501/White-wingedDove-thumbnail-4a940adfd5a6c78c73c48c5095e7b896.jpg","https://media.birdweather.com/species/501/White-wingedDove-png200-d65decd3d571b5a9dbeca249ef97689f.png","IscJLwb6hoVelZWZdoh3eIeIdxBoB4IG",16804224828,"https://media.birdweather.com/soundscapes/19267/19267-20260912-120929.flac",0,3,"live"
11096707366,19267,"2026-09-12T06:09:17.500-06:00",0.759867906570435,0.203256770968437,7.23199453450837,"almost_certain","BirdNET",NA,10.2198,-83.7874,FALSE,501,"White-winged Dove","Zenaida asiatica","#d16ff8","avian","https://media.birdweather.com/species/501/White-wingedDove-standard-6528ef689b07d5a91f1c2275cdef19c9.jpg","https://media.birdweather.com/species/501/White-wingedDove-thumbnail-4a940adfd5a6c78c73c48c5095e7b896.jpg","https://media.birdweather.com/species/501/White-wingedDove-png200-d65decd3d571b5a9dbeca249ef97689f.png","IscJLwb6hoVelZWZdoh3eIeIdxBoB4IG",16804218516,"https://media.birdweather.com/soundscapes/19267/19267-20260912-120916.flac",1.5,4.5,"live"
11096680681,19267,"2026-09-12T06:07:47.500-06:00",0.761558651924133,0.765554845333099,9.00580424361564,"almost_certain","BirdNET",NA,10.2198,-83.7874,FALSE,229,"Great Kiskadee","Pitangus sulphuratus","#7d4410","avian","https://media.birdweather.com/species/229/GreatKiskadee-standard-cd28a1b8e8b8e5aed433e809c229004e.jpg","https://media.birdweather.com/species/229/GreatKiskadee-thumbnail-b2749ed2442fb322cf3c4cb72f9c97f6.jpg","https://media.birdweather.com/species/229/GreatKiskadee-png200-003973af4f863deb00a4ce9b6f10e59c.png","0PgFDwIrhYqfZJh1mVe3SZZ3uKEJBncG",16804171919,"https://media.birdweather.com/soundscapes/19267/19267-20260912-120743.flac",4.5,7.5,"live"
11096669220,19267,"2026-09-12T06:07:08.000-06:00",0.859663248062134,0.765554845333099,9.26983903414842,"almost_certain","BirdNET",NA,10.2198,-83.7874,FALSE,229,"Great Kiskadee","Pitangus sulphuratus","#7d4410","avian","https://media.birdweather.com/species/229/GreatKiskadee-standard-cd28a1b8e8b8e5aed433e809c229004e.jpg","https://media.birdweather.com/species/229/GreatKiskadee-thumbnail-b2749ed2442fb322cf3c4cb72f9c97f6.jpg","https://media.birdweather.com/species/229/GreatKiskadee-png200-003973af4f863deb00a4ce9b6f10e59c.png","0PgFDwIrhYqfZJh1mVe3SZZ3uKEJBncG",16804152084,"https://media.birdweather.com/soundscapes/19267/19267-20260912-120702.flac",6,9,"live"
11096665645,19267,"2026-09-12T06:06:50.500-06:00",0.768575310707092,0.203251734375954,7.2576600198915,"almost_certain","BirdNET",NA,10.2198,-83.7874,FALSE,501,"White-winged Dove","Zenaida asiatica","#d16ff8","avian","https://media.birdweather.com/species/501/White-wingedDove-standard-6528ef689b07d5a91f1c2275cdef19c9.jpg","https://media.birdweather.com/species/501/White-wingedDove-thumbnail-4a940adfd5a6c78c73c48c5095e7b896.jpg","https://media.birdweather.com/species/501/White-wingedDove-png200-d65decd3d571b5a9dbeca249ef97689f.png","IscJLwb6hoVelZWZdoh3eIeIdxBoB4IG",16804145722,"https://media.birdweather.com/soundscapes/19267/19267-20260912-120649.flac",1.5,4.5,"live"
11096661851,19267,"2026-09-12T06:06:40.000-06:00",0.857588708400726,0.203251734375954,7.49593695691461,"almost_certain","BirdNET",NA,10.2198,-83.7874,FALSE,501,"White-winged Dove","Zenaida asiatica","#d16ff8","avian","https://media.birdweather.com/species/501/White-wingedDove-standard-6528ef689b07d5a91f1c2275cdef19c9.jpg","https://media.birdweather.com/species/501/White-wingedDove-thumbnail-4a940adfd5a6c78c73c48c5095e7b896.jpg","https://media.birdweather.com/species/501/White-wingedDove-png200-d65decd3d571b5a9dbeca249ef97689f.png","IscJLwb6hoVelZWZdoh3eIeIdxBoB4IG",16804139321,"https://media.birdweather.com/soundscapes/19267/19267-20260912-120637.flac",3,6,"live"
11096661849,19267,"2026-09-12T06:06:38.500-06:00",0.764253854751587,0.203251734375954,7.24496651237281,"almost_certain","BirdNET",NA,10.2198,-83.7874,FALSE,501,"White-winged Dove","Zenaida asiatica","#d16ff8","avian","https://media.birdweather.com/species/501/White-wingedDove-standard-6528ef689b07d5a91f1c2275cdef19c9.jpg","https://media.birdweather.com/species/501/White-wingedDove-thumbnail-4a940adfd5a6c78c73c48c5095e7b896.jpg","https://media.birdweather.com/species/501/White-wingedDove-png200-d65decd3d571b5a9dbeca249ef97689f.png","IscJLwb6hoVelZWZdoh3eIeIdxBoB4IG",16804139321,"https://media.birdweather.com/soundscapes/19267/19267-20260912-120637.flac",1.5,4.5,"live"
11096651012,19267,"2026-09-12T06:05:58.500-06:00",0.765224874019623,0.553706407546997,8.57955150262176,"almost_certain","BirdNET",NA,10.2198,-83.7874,FALSE,121,"Social Flycatcher","Myiozetetes similis","#69b9ff","avian","https://media.birdweather.com/species/121/SocialFlycatcher-standard-6e107581e61c9f556b3a0af5200f486a.jpg","https://media.birdweather.com/species/121/SocialFlycatcher-thumbnail-87f640fcaf1441ecbbd56b57372185a8.jpg","https://media.birdweather.com/species/121/SocialFlycatcher-png200-2f6dd485cf927db0dd7fd9abc239fb19.png","2xkKJwIJh3ekeXh0e5Z4eYaIdyApd5AC",16804119937,"https://media.birdweather.com/soundscapes/19267/19267-20260912-120557.flac",1.5,4.5,"live"
11096573010,19267,"2026-09-12T06:01:21.500-06:00",0.711746990680695,0.203256398439407,7.08056572868909,"almost_certain","BirdNET",NA,10.2198,-83.7874,FALSE,501,"White-winged Dove","Zenaida asiatica","#d16ff8","avian","https://media.birdweather.com/species/501/White-wingedDove-standard-6528ef689b07d5a91f1c2275cdef19c9.jpg","https://media.birdweather.com/species/501/White-wingedDove-thumbnail-4a940adfd5a6c78c73c48c5095e7b896.jpg","https://media.birdweather.com/species/501/White-wingedDove-png200-d65decd3d571b5a9dbeca249ef97689f.png","IscJLwb6hoVelZWZdoh3eIeIdxBoB4IG",16803981135,"https://media.birdweather.com/soundscapes/19267/19267-20260912-120117.flac",4.5,7.5,"live"
11096573006,19267,"2026-09-12T06:01:20.000-06:00",0.700231432914734,0.203256398439407,7.04170417395984,"almost_certain","BirdNET",NA,10.2198,-83.7874,FALSE,501,"White-winged Dove","Zenaida asiatica","#d16ff8","avian","https://media.birdweather.com/species/501/White-wingedDove-standard-6528ef689b07d5a91f1c2275cdef19c9.jpg","https://media.birdweather.com/species/501/White-wingedDove-thumbnail-4a940adfd5a6c78c73c48c5095e7b896.jpg","https://media.birdweather.com/species/501/White-wingedDove-png200-d65decd3d571b5a9dbeca249ef97689f.png","IscJLwb6hoVelZWZdoh3eIeIdxBoB4IG",16803981135,"https://media.birdweather.com/soundscapes/19267/19267-20260912-120117.flac",3,6,"live"
11096495557,19267,"2026-09-12T05:56:36.500-06:00",0.827323138713837,0.203251257538795,7.41947682146793,"almost_certain","BirdNET",NA,10.2198,-83.7874,FALSE,501,"White-winged Dove","Zenaida asiatica","#d16ff8","avian","https://media.birdweather.com/species/501/White-wingedDove-standard-6528ef689b07d5a91f1c2275cdef19c9.jpg","https://media.birdweather.com/species/501/White-wingedDove-thumbnail-4a940adfd5a6c78c73c48c5095e7b896.jpg","https://media.birdweather.com/species/501/White-wingedDove-png200-d65decd3d571b5a9dbeca249ef97689f.png","IscJLwb6hoVelZWZdoh3eIeIdxBoB4IG",16803841793,"https://media.birdweather.com/soundscapes/19267/19267-20260912-115635.flac",1.5,4.5,"live"
11096480418,19267,"2026-09-12T05:55:45.500-06:00",0.705419540405273,0.203260958194733,7.05937834177536,"almost_certain","BirdNET",NA,10.2198,-83.7874,FALSE,501,"White-winged Dove","Zenaida asiatica","#d16ff8","avian","https://media.birdweather.com/species/501/White-wingedDove-standard-6528ef689b07d5a91f1c2275cdef19c9.jpg","https://media.birdweather.com/species/501/White-wingedDove-thumbnail-4a940adfd5a6c78c73c48c5095e7b896.jpg","https://media.birdweather.com/species/501/White-wingedDove-png200-d65decd3d571b5a9dbeca249ef97689f.png","IscJLwb6hoVelZWZdoh3eIeIdxBoB4IG",16803814725,"https://media.birdweather.com/soundscapes/19267/19267-20260912-115541.flac",4.5,7.5,"live"
11096461847,19267,"2026-09-12T05:54:38.500-06:00",0.808274626731873,0.20325593650341,7.36910235861242,"almost_certain","BirdNET",NA,10.2198,-83.7874,FALSE,501,"White-winged Dove","Zenaida asiatica","#d16ff8","avian","https://media.birdweather.com/species/501/White-wingedDove-standard-6528ef689b07d5a91f1c2275cdef19c9.jpg","https://media.birdweather.com/species/501/White-wingedDove-thumbnail-4a940adfd5a6c78c73c48c5095e7b896.jpg","https://media.birdweather.com/species/501/White-wingedDove-png200-d65decd3d571b5a9dbeca249ef97689f.png","IscJLwb6hoVelZWZdoh3eIeIdxBoB4IG",16803782202,"https://media.birdweather.com/soundscapes/19267/19267-20260912-115434.flac",4.5,7.5,"live"
11096457701,19267,"2026-09-12T05:54:21.500-06:00",0.786128282546997,0.203257605433464,7.3080804564005,"almost_certain","BirdNET",NA,10.2198,-83.7874,FALSE,501,"White-winged Dove","Zenaida asiatica","#d16ff8","avian","https://media.birdweather.com/species/501/White-wingedDove-standard-6528ef689b07d5a91f1c2275cdef19c9.jpg","https://media.birdweather.com/species/501/White-wingedDove-thumbnail-4a940adfd5a6c78c73c48c5095e7b896.jpg","https://media.birdweather.com/species/501/White-wingedDove-png200-d65decd3d571b5a9dbeca249ef97689f.png","IscJLwb6hoVelZWZdoh3eIeIdxBoB4IG",16803774996,"https://media.birdweather.com/soundscapes/19267/19267-20260912-115420.flac",1.5,4.5,"live"
11096385752,19267,"2026-09-12T05:49:56.000-06:00",0.786928117275238,0.203245908021927,7.31025753920654,"almost_certain","BirdNET",NA,10.2198,-83.7874,FALSE,501,"White-winged Dove","Zenaida asiatica","#d16ff8","avian","https://media.birdweather.com/species/501/White-wingedDove-standard-6528ef689b07d5a91f1c2275cdef19c9.jpg","https://media.birdweather.com/species/501/White-wingedDove-thumbnail-4a940adfd5a6c78c73c48c5095e7b896.jpg","https://media.birdweather.com/species/501/White-wingedDove-png200-d65decd3d571b5a9dbeca249ef97689f.png","IscJLwb6hoVelZWZdoh3eIeIdxBoB4IG",16803644417,"https://media.birdweather.com/soundscapes/19267/19267-20260912-114956.flac",0,3,"live"
11096364352,19267,"2026-09-12T05:48:42.000-06:00",0.736451327800751,0.818073689937592,9.01894415076003,"almost_certain","BirdNET",NA,10.2198,-83.7874,FALSE,451,"Blue-gray Tanager","Thraupis episcopus","#844800","avian","https://media.birdweather.com/species/451/Blue-grayTanager-standard-04bc83ed9930251b50b0a08bf40fec04.jpg","https://media.birdweather.com/species/451/Blue-grayTanager-thumbnail-dc3af9565dbd849047cf157316f7ef59.jpg","https://media.birdweather.com/species/451/Blue-grayTanager-png200-be5418cb49793536e5c09e1af73aefe1.png","GvkFHwZvZYaoamVVjYZ1i1Z2Zoz1l3EP",16803605172,"https://media.birdweather.com/soundscapes/19267/19267-20260912-114836.flac",6,9,"live"
11096345753,19267,"2026-09-12T05:47:34.500-06:00",0.879111647605896,0.203252911567688,7.54783145902052,"almost_certain","BirdNET",NA,10.2198,-83.7874,FALSE,501,"White-winged Dove","Zenaida asiatica","#d16ff8","avian","https://media.birdweather.com/species/501/White-wingedDove-standard-6528ef689b07d5a91f1c2275cdef19c9.jpg","https://media.birdweather.com/species/501/White-wingedDove-thumbnail-4a940adfd5a6c78c73c48c5095e7b896.jpg","https://media.birdweather.com/species/501/White-wingedDove-png200-d65decd3d571b5a9dbeca249ef97689f.png","IscJLwb6hoVelZWZdoh3eIeIdxBoB4IG",16803571898,"https://media.birdweather.com/soundscapes/19267/19267-20260912-114730.flac",4.5,7.5,"live"
11096345751,19267,"2026-09-12T05:47:33.000-06:00",0.846481263637543,0.203252911567688,7.468377946551,"almost_certain","BirdNET",NA,10.2198,-83.7874,FALSE,501,"White-winged Dove","Zenaida asiatica","#d16ff8","avian","https://media.birdweather.com/species/501/White-wingedDove-standard-6528ef689b07d5a91f1c2275cdef19c9.jpg","https://media.birdweather.com/species/501/White-wingedDove-thumbnail-4a940adfd5a6c78c73c48c5095e7b896.jpg","https://media.birdweather.com/species/501/White-wingedDove-png200-d65decd3d571b5a9dbeca249ef97689f.png","IscJLwb6hoVelZWZdoh3eIeIdxBoB4IG",16803571898,"https://media.birdweather.com/soundscapes/19267/19267-20260912-114730.flac",3,6,"live"
11096345749,19267,"2026-09-12T05:47:31.500-06:00",0.896430432796478,0.203252911567688,7.58820168983482,"almost_certain","BirdNET",NA,10.2198,-83.7874,FALSE,501,"White-winged Dove","Zenaida asiatica","#d16ff8","avian","https://media.birdweather.com/species/501/White-wingedDove-standard-6528ef689b07d5a91f1c2275cdef19c9.jpg","https://media.birdweather.com/species/501/White-wingedDove-thumbnail-4a940adfd5a6c78c73c48c5095e7b896.jpg","https://media.birdweather.com/species/501/White-wingedDove-png200-d65decd3d571b5a9dbeca249ef97689f.png","IscJLwb6hoVelZWZdoh3eIeIdxBoB4IG",16803571898,"https://media.birdweather.com/soundscapes/19267/19267-20260912-114730.flac",1.5,4.5,"live"
11096288342,19267,"2026-09-12T05:44:02.000-06:00",0.759086430072784,0.203248605132103,7.22961198490439,"almost_certain","BirdNET",NA,10.2198,-83.7874,FALSE,501,"White-winged Dove","Zenaida asiatica","#d16ff8","avian","https://media.birdweather.com/species/501/White-wingedDove-standard-6528ef689b07d5a91f1c2275cdef19c9.jpg","https://media.birdweather.com/species/501/White-wingedDove-thumbnail-4a940adfd5a6c78c73c48c5095e7b896.jpg","https://media.birdweather.com/species/501/White-wingedDove-png200-d65decd3d571b5a9dbeca249ef97689f.png","IscJLwb6hoVelZWZdoh3eIeIdxBoB4IG",16803466522,"https://media.birdweather.com/soundscapes/19267/19267-20260912-114356.flac",6,9,"live"
11096260378,19267,"2026-09-12T05:42:11.500-06:00",0.748253643512726,0.203248605132103,7.19689740913131,"almost_certain","BirdNET",NA,10.2198,-83.7874,FALSE,501,"White-winged Dove","Zenaida asiatica","#d16ff8","avian","https://media.birdweather.com/species/501/White-wingedDove-standard-6528ef689b07d5a91f1c2275cdef19c9.jpg","https://media.birdweather.com/species/501/White-wingedDove-thumbnail-4a940adfd5a6c78c73c48c5095e7b896.jpg","https://media.birdweather.com/species/501/White-wingedDove-png200-d65decd3d571b5a9dbeca249ef97689f.png","IscJLwb6hoVelZWZdoh3eIeIdxBoB4IG",16803413823,"https://media.birdweather.com/soundscapes/19267/19267-20260912-114210.flac",1.5,4.5,"live"
11096253604,19267,"2026-09-12T05:41:49.000-06:00",0.712294042110443,0.552227437496185,8.41047815809292,"almost_certain","BirdNET",NA,10.2198,-83.7874,FALSE,802,"Rufous-tailed Hummingbird","Amazilia tzacatl","#d9c845","avian","https://media.birdweather.com/species/802/Rufous-tailedHummingbird-standard-4d0209b50ad0c35c6d8337f5c0c16b55.jpg","https://media.birdweather.com/species/802/Rufous-tailedHummingbird-thumbnail-fbf17400c31564f70aa45927c5d75f5e.jpg","https://media.birdweather.com/species/802/Rufous-tailedHummingbird-png200-8ea431c9893cfe027e92471791a8c256.png","mPkJFwIHqJeJl4lriIaGhYh3+H+oVGAH",16803400546,"https://media.birdweather.com/soundscapes/19267/19267-20260912-114143.flac",6,9,"live"
11096211435,19267,"2026-09-12T05:39:10.000-06:00",0.764223754405975,0.203256294131279,7.24490697729438,"almost_certain","BirdNET",NA,10.2198,-83.7874,FALSE,501,"White-winged Dove","Zenaida asiatica","#d16ff8","avian","https://media.birdweather.com/species/501/White-wingedDove-standard-6528ef689b07d5a91f1c2275cdef19c9.jpg","https://media.birdweather.com/species/501/White-wingedDove-thumbnail-4a940adfd5a6c78c73c48c5095e7b896.jpg","https://media.birdweather.com/species/501/White-wingedDove-png200-d65decd3d571b5a9dbeca249ef97689f.png","IscJLwb6hoVelZWZdoh3eIeIdxBoB4IG",16803322073,"https://media.birdweather.com/soundscapes/19267/19267-20260912-113904.flac",6,9,"live"
11096200810,19267,"2026-09-12T05:38:28.000-06:00",0.701663255691528,0.203248605132103,7.04654651857174,"almost_certain","BirdNET",NA,10.2198,-83.7874,FALSE,501,"White-winged Dove","Zenaida asiatica","#d16ff8","avian","https://media.birdweather.com/species/501/White-wingedDove-standard-6528ef689b07d5a91f1c2275cdef19c9.jpg","https://media.birdweather.com/species/501/White-wingedDove-thumbnail-4a940adfd5a6c78c73c48c5095e7b896.jpg","https://media.birdweather.com/species/501/White-wingedDove-png200-d65decd3d571b5a9dbeca249ef97689f.png","IscJLwb6hoVelZWZdoh3eIeIdxBoB4IG",16803302194,"https://media.birdweather.com/soundscapes/19267/19267-20260912-113825.flac",3,6,"live"
11096200808,19267,"2026-09-12T05:38:26.500-06:00",0.721070230007172,0.203248605132103,7.11119075183201,"almost_certain","BirdNET",NA,10.2198,-83.7874,FALSE,501,"White-winged Dove","Zenaida asiatica","#d16ff8","avian","https://media.birdweather.com/species/501/White-wingedDove-standard-6528ef689b07d5a91f1c2275cdef19c9.jpg","https://media.birdweather.com/species/501/White-wingedDove-thumbnail-4a940adfd5a6c78c73c48c5095e7b896.jpg","https://media.birdweather.com/species/501/White-wingedDove-png200-d65decd3d571b5a9dbeca249ef97689f.png","IscJLwb6hoVelZWZdoh3eIeIdxBoB4IG",16803302194,"https://media.birdweather.com/soundscapes/19267/19267-20260912-113825.flac",1.5,4.5,"live"
11096200806,19267,"2026-09-12T05:38:25.000-06:00",0.718110620975494,0.203248605132103,7.10152732545691,"almost_certain","BirdNET",NA,10.2198,-83.7874,FALSE,501,"White-winged Dove","Zenaida asiatica","#d16ff8","avian","https://media.birdweather.com/species/501/White-wingedDove-standard-6528ef689b07d5a91f1c2275cdef19c9.jpg","https://media.birdweather.com/species/501/White-wingedDove-thumbnail-4a940adfd5a6c78c73c48c5095e7b896.jpg","https://media.birdweather.com/species/501/White-wingedDove-png200-d65decd3d571b5a9dbeca249ef97689f.png","IscJLwb6hoVelZWZdoh3eIeIdxBoB4IG",16803302194,"https://media.birdweather.com/soundscapes/19267/19267-20260912-113825.flac",0,3,"live"
11096197560,19267,"2026-09-12T05:38:12.000-06:00",0.746923625469208,0.2032510638237,7.1928422209678,"almost_certain","BirdNET",NA,10.2198,-83.7874,FALSE,501,"White-winged Dove","Zenaida asiatica","#d16ff8","avian","https://media.birdweather.com/species/501/White-wingedDove-standard-6528ef689b07d5a91f1c2275cdef19c9.jpg","https://media.birdweather.com/species/501/White-wingedDove-thumbnail-4a940adfd5a6c78c73c48c5095e7b896.jpg","https://media.birdweather.com/species/501/White-wingedDove-png200-d65decd3d571b5a9dbeca249ef97689f.png","IscJLwb6hoVelZWZdoh3eIeIdxBoB4IG",16803296018,"https://media.birdweather.com/soundscapes/19267/19267-20260912-113812.flac",0,3,"live"
11096194323,19267,"2026-09-12T05:38:02.000-06:00",0.882620513439178,0.203258082270622,7.55614052719093,"almost_certain","BirdNET",NA,10.2198,-83.7874,FALSE,501,"White-winged Dove","Zenaida asiatica","#d16ff8","avian","https://media.birdweather.com/species/501/White-wingedDove-standard-6528ef689b07d5a91f1c2275cdef19c9.jpg","https://media.birdweather.com/species/501/White-wingedDove-thumbnail-4a940adfd5a6c78c73c48c5095e7b896.jpg","https://media.birdweather.com/species/501/White-wingedDove-png200-d65decd3d571b5a9dbeca249ef97689f.png","IscJLwb6hoVelZWZdoh3eIeIdxBoB4IG",16803289778,"https://media.birdweather.com/soundscapes/19267/19267-20260912-113759.flac",3,6,"live"
11096194321,19267,"2026-09-12T05:37:59.000-06:00",0.709603488445282,0.203258082270622,7.07342587197089,"almost_certain","BirdNET",NA,10.2198,-83.7874,FALSE,501,"White-winged Dove","Zenaida asiatica","#d16ff8","avian","https://media.birdweather.com/species/501/White-wingedDove-standard-6528ef689b07d5a91f1c2275cdef19c9.jpg","https://media.birdweather.com/species/501/White-wingedDove-thumbnail-4a940adfd5a6c78c73c48c5095e7b896.jpg","https://media.birdweather.com/species/501/White-wingedDove-png200-d65decd3d571b5a9dbeca249ef97689f.png","IscJLwb6hoVelZWZdoh3eIeIdxBoB4IG",16803289778,"https://media.birdweather.com/soundscapes/19267/19267-20260912-113759.flac",0,3,"live"
11096190334,19267,"2026-09-12T05:37:46.500-06:00",0.92081356048584,0.203255638480186,7.64311264648619,"almost_certain","BirdNET",NA,10.2198,-83.7874,FALSE,501,"White-winged Dove","Zenaida asiatica","#d16ff8","avian","https://media.birdweather.com/species/501/White-wingedDove-standard-6528ef689b07d5a91f1c2275cdef19c9.jpg","https://media.birdweather.com/species/501/White-wingedDove-thumbnail-4a940adfd5a6c78c73c48c5095e7b896.jpg","https://media.birdweather.com/species/501/White-wingedDove-png200-d65decd3d571b5a9dbeca249ef97689f.png","IscJLwb6hoVelZWZdoh3eIeIdxBoB4IG",16803282610,"https://media.birdweather.com/soundscapes/19267/19267-20260912-113745.flac",1.5,4.5,"live"
11096190332,19267,"2026-09-12T05:37:45.000-06:00",0.952596127986908,0.203255638480186,7.71151351155272,"almost_certain","BirdNET",NA,10.2198,-83.7874,FALSE,501,"White-winged Dove","Zenaida asiatica","#d16ff8","avian","https://media.birdweather.com/species/501/White-wingedDove-standard-6528ef689b07d5a91f1c2275cdef19c9.jpg","https://media.birdweather.com/species/501/White-wingedDove-thumbnail-4a940adfd5a6c78c73c48c5095e7b896.jpg","https://media.birdweather.com/species/501/White-wingedDove-png200-d65decd3d571b5a9dbeca249ef97689f.png","IscJLwb6hoVelZWZdoh3eIeIdxBoB4IG",16803282610,"https://media.birdweather.com/soundscapes/19267/19267-20260912-113745.flac",0,3,"live"
11096183579,19267,"2026-09-12T05:37:22.000-06:00",0.914930522441864,0.203261852264404,7.63010807888519,"almost_certain","BirdNET",NA,10.2198,-83.7874,FALSE,501,"White-winged Dove","Zenaida asiatica","#d16ff8","avian","https://media.birdweather.com/species/501/White-wingedDove-standard-6528ef689b07d5a91f1c2275cdef19c9.jpg","https://media.birdweather.com/species/501/White-wingedDove-thumbnail-4a940adfd5a6c78c73c48c5095e7b896.jpg","https://media.birdweather.com/species/501/White-wingedDove-png200-d65decd3d571b5a9dbeca249ef97689f.png","IscJLwb6hoVelZWZdoh3eIeIdxBoB4IG",16803269892,"https://media.birdweather.com/soundscapes/19267/19267-20260912-113719.flac",3,6,"live"
11096183576,19267,"2026-09-12T05:37:20.500-06:00",0.910876035690308,0.203261852264404,7.6210452017626,"almost_certain","BirdNET",NA,10.2198,-83.7874,FALSE,501,"White-winged Dove","Zenaida asiatica","#d16ff8","avian","https://media.birdweather.com/species/501/White-wingedDove-standard-6528ef689b07d5a91f1c2275cdef19c9.jpg","https://media.birdweather.com/species/501/White-wingedDove-thumbnail-4a940adfd5a6c78c73c48c5095e7b896.jpg","https://media.birdweather.com/species/501/White-wingedDove-png200-d65decd3d571b5a9dbeca249ef97689f.png","IscJLwb6hoVelZWZdoh3eIeIdxBoB4IG",16803269892,"https://media.birdweather.com/soundscapes/19267/19267-20260912-113719.flac",1.5,4.5,"live"
11096183572,19267,"2026-09-12T05:37:19.000-06:00",0.980530261993408,0.203261852264404,7.76897539100873,"almost_certain","BirdNET",NA,10.2198,-83.7874,FALSE,501,"White-winged Dove","Zenaida asiatica","#d16ff8","avian","https://media.birdweather.com/species/501/White-wingedDove-standard-6528ef689b07d5a91f1c2275cdef19c9.jpg","https://media.birdweather.com/species/501/White-wingedDove-thumbnail-4a940adfd5a6c78c73c48c5095e7b896.jpg","https://media.birdweather.com/species/501/White-wingedDove-png200-d65decd3d571b5a9dbeca249ef97689f.png","IscJLwb6hoVelZWZdoh3eIeIdxBoB4IG",16803269892,"https://media.birdweather.com/soundscapes/19267/19267-20260912-113719.flac",0,3,"live"
11096179761,19267,"2026-09-12T05:37:04.000-06:00",0.973105370998383,0.203256398439407,7.75391090038737,"almost_certain","BirdNET",NA,10.2198,-83.7874,FALSE,501,"White-winged Dove","Zenaida asiatica","#d16ff8","avian","https://media.birdweather.com/species/501/White-wingedDove-standard-6528ef689b07d5a91f1c2275cdef19c9.jpg","https://media.birdweather.com/species/501/White-wingedDove-thumbnail-4a940adfd5a6c78c73c48c5095e7b896.jpg","https://media.birdweather.com/species/501/White-wingedDove-png200-d65decd3d571b5a9dbeca249ef97689f.png","IscJLwb6hoVelZWZdoh3eIeIdxBoB4IG",16803262651,"https://media.birdweather.com/soundscapes/19267/19267-20260912-113704.flac",0,3,"live"
11096173148,19267,"2026-09-12T05:36:43.500-06:00",0.806751370429993,0.203244790434837,7.36491881269351,"almost_certain","BirdNET",NA,10.2198,-83.7874,FALSE,501,"White-winged Dove","Zenaida asiatica","#d16ff8","avian","https://media.birdweather.com/species/501/White-wingedDove-standard-6528ef689b07d5a91f1c2275cdef19c9.jpg","https://media.birdweather.com/species/501/White-wingedDove-thumbnail-4a940adfd5a6c78c73c48c5095e7b896.jpg","https://media.birdweather.com/species/501/White-wingedDove-png200-d65decd3d571b5a9dbeca249ef97689f.png","IscJLwb6hoVelZWZdoh3eIeIdxBoB4IG",16803249944,"https://media.birdweather.com/soundscapes/19267/19267-20260912-113639.flac",4.5,7.5,"live"
11096173145,19267,"2026-09-12T05:36:42.000-06:00",0.941273927688599,0.203244790434837,7.68746643442696,"almost_certain","BirdNET",NA,10.2198,-83.7874,FALSE,501,"White-winged Dove","Zenaida asiatica","#d16ff8","avian","https://media.birdweather.com/species/501/White-wingedDove-standard-6528ef689b07d5a91f1c2275cdef19c9.jpg","https://media.birdweather.com/species/501/White-wingedDove-thumbnail-4a940adfd5a6c78c73c48c5095e7b896.jpg","https://media.birdweather.com/species/501/White-wingedDove-png200-d65decd3d571b5a9dbeca249ef97689f.png","IscJLwb6hoVelZWZdoh3eIeIdxBoB4IG",16803249944,"https://media.birdweather.com/soundscapes/19267/19267-20260912-113639.flac",3,6,"live"
11096166139,19267,"2026-09-12T05:36:15.000-06:00",0.809222638607025,0.019965885207057,4.68312141775199,"almost_certain","BirdNET",NA,10.2198,-83.7874,FALSE,1815,"Olive-throated Parakeet","Eupsittula nana","#ff6ad7","avian","https://media.birdweather.com/species/1815/Olive-throatedParakeet-standard-7a8764835cbbed5b353abb070de0fd48.jpg","https://media.birdweather.com/species/1815/Olive-throatedParakeet-thumbnail-9c4e0d5be805be9ed4a949c4ae3919f0.jpg","https://media.birdweather.com/species/1815/Olive-throatedParakeet-png200-1d99f36ba2877b9162d4f49d75819266.png","4+gFDwL5ind7t5d5pnpVpad5ZsIIvVIP",16803236876,"https://media.birdweather.com/soundscapes/19267/19267-20260912-113612.flac",3,6,"live"
11096166118,19267,"2026-09-12T05:36:12.000-06:00",0.738051235675812,0.552226722240448,8.49349716950292,"almost_certain","BirdNET",NA,10.2198,-83.7874,FALSE,802,"Rufous-tailed Hummingbird","Amazilia tzacatl","#d9c845","avian","https://media.birdweather.com/species/802/Rufous-tailedHummingbird-standard-4d0209b50ad0c35c6d8337f5c0c16b55.jpg","https://media.birdweather.com/species/802/Rufous-tailedHummingbird-thumbnail-fbf17400c31564f70aa45927c5d75f5e.jpg","https://media.birdweather.com/species/802/Rufous-tailedHummingbird-png200-8ea431c9893cfe027e92471791a8c256.png","mPkJFwIHqJeJl4lriIaGhYh3+H+oVGAH",16803236876,"https://media.birdweather.com/soundscapes/19267/19267-20260912-113612.flac",0,3,"live"
11096140727,19267,"2026-09-12T05:34:40.500-06:00",0.879680275917053,0.203246206045151,7.54913291973511,"almost_certain","BirdNET",NA,10.2198,-83.7874,FALSE,501,"White-winged Dove","Zenaida asiatica","#d16ff8","avian","https://media.birdweather.com/species/501/White-wingedDove-standard-6528ef689b07d5a91f1c2275cdef19c9.jpg","https://media.birdweather.com/species/501/White-wingedDove-thumbnail-4a940adfd5a6c78c73c48c5095e7b896.jpg","https://media.birdweather.com/species/501/White-wingedDove-png200-d65decd3d571b5a9dbeca249ef97689f.png","IscJLwb6hoVelZWZdoh3eIeIdxBoB4IG",16803189166,"https://media.birdweather.com/soundscapes/19267/19267-20260912-113436.flac",4.5,7.5,"live"
11096140719,19267,"2026-09-12T05:34:36.000-06:00",0.710686981678009,0.552229404449463,8.40513246170681,"almost_certain","BirdNET",NA,10.2198,-83.7874,FALSE,802,"Rufous-tailed Hummingbird","Amazilia tzacatl","#d9c845","avian","https://media.birdweather.com/species/802/Rufous-tailedHummingbird-standard-4d0209b50ad0c35c6d8337f5c0c16b55.jpg","https://media.birdweather.com/species/802/Rufous-tailedHummingbird-thumbnail-fbf17400c31564f70aa45927c5d75f5e.jpg","https://media.birdweather.com/species/802/Rufous-tailedHummingbird-png200-8ea431c9893cfe027e92471791a8c256.png","mPkJFwIHqJeJl4lriIaGhYh3+H+oVGAH",16803189166,"https://media.birdweather.com/soundscapes/19267/19267-20260912-113436.flac",0,3,"live"
11096137011,19267,"2026-09-12T05:34:22.500-06:00",0.721073269844055,0.203240022063255,7.1111454998471,"almost_certain","BirdNET",NA,10.2198,-83.7874,FALSE,501,"White-winged Dove","Zenaida asiatica","#d16ff8","avian","https://media.birdweather.com/species/501/White-wingedDove-standard-6528ef689b07d5a91f1c2275cdef19c9.jpg","https://media.birdweather.com/species/501/White-wingedDove-thumbnail-4a940adfd5a6c78c73c48c5095e7b896.jpg","https://media.birdweather.com/species/501/White-wingedDove-png200-d65decd3d571b5a9dbeca249ef97689f.png","IscJLwb6hoVelZWZdoh3eIeIdxBoB4IG",16803182000,"https://media.birdweather.com/soundscapes/19267/19267-20260912-113421.flac",1.5,4.5,"live"
11096130356,19267,"2026-09-12T05:33:59.500-06:00",0.744471907615662,0.203257605433464,7.18534805844777,"almost_certain","BirdNET",NA,10.2198,-83.7874,FALSE,501,"White-winged Dove","Zenaida asiatica","#d16ff8","avian","https://media.birdweather.com/species/501/White-wingedDove-standard-6528ef689b07d5a91f1c2275cdef19c9.jpg","https://media.birdweather.com/species/501/White-wingedDove-thumbnail-4a940adfd5a6c78c73c48c5095e7b896.jpg","https://media.birdweather.com/species/501/White-wingedDove-png200-d65decd3d571b5a9dbeca249ef97689f.png","IscJLwb6hoVelZWZdoh3eIeIdxBoB4IG",16803169007,"https://media.birdweather.com/soundscapes/19267/19267-20260912-113355.flac",4.5,7.5,"live"
11096130353,19267,"2026-09-12T05:33:58.000-06:00",0.954622328281403,0.203257605433464,7.7157731755229,"almost_certain","BirdNET",NA,10.2198,-83.7874,FALSE,501,"White-winged Dove","Zenaida asiatica","#d16ff8","avian","https://media.birdweather.com/species/501/White-wingedDove-standard-6528ef689b07d5a91f1c2275cdef19c9.jpg","https://media.birdweather.com/species/501/White-wingedDove-thumbnail-4a940adfd5a6c78c73c48c5095e7b896.jpg","https://media.birdweather.com/species/501/White-wingedDove-png200-d65decd3d571b5a9dbeca249ef97689f.png","IscJLwb6hoVelZWZdoh3eIeIdxBoB4IG",16803169007,"https://media.birdweather.com/soundscapes/19267/19267-20260912-113355.flac",3,6,"live"
11096120266,19267,"2026-09-12T05:33:21.000-06:00",0.875946640968323,0.203251734375954,7.5403159290436,"almost_certain","BirdNET",NA,10.2198,-83.7874,FALSE,501,"White-winged Dove","Zenaida asiatica","#d16ff8","avian","https://media.birdweather.com/species/501/White-wingedDove-standard-6528ef689b07d5a91f1c2275cdef19c9.jpg","https://media.birdweather.com/species/501/White-wingedDove-thumbnail-4a940adfd5a6c78c73c48c5095e7b896.jpg","https://media.birdweather.com/species/501/White-wingedDove-png200-d65decd3d571b5a9dbeca249ef97689f.png","IscJLwb6hoVelZWZdoh3eIeIdxBoB4IG",16803149174,"https://media.birdweather.com/soundscapes/19267/19267-20260912-113315.flac",6,9,"live"
11096120262,19267,"2026-09-12T05:33:19.500-06:00",0.853786528110504,0.203251734375954,7.48656297205502,"almost_certain","BirdNET",NA,10.2198,-83.7874,FALSE,501,"White-winged Dove","Zenaida asiatica","#d16ff8","avian","https://media.birdweather.com/species/501/White-wingedDove-standard-6528ef689b07d5a91f1c2275cdef19c9.jpg","https://media.birdweather.com/species/501/White-wingedDove-thumbnail-4a940adfd5a6c78c73c48c5095e7b896.jpg","https://media.birdweather.com/species/501/White-wingedDove-png200-d65decd3d571b5a9dbeca249ef97689f.png","IscJLwb6hoVelZWZdoh3eIeIdxBoB4IG",16803149174,"https://media.birdweather.com/soundscapes/19267/19267-20260912-113315.flac",4.5,7.5,"live"
11096113320,19267,"2026-09-12T05:32:48.000-06:00",0.856177389621735,0.203251734375954,7.49246493928807,"almost_certain","BirdNET",NA,10.2198,-83.7874,FALSE,501,"White-winged Dove","Zenaida asiatica","#d16ff8","avian","https://media.birdweather.com/species/501/White-wingedDove-standard-6528ef689b07d5a91f1c2275cdef19c9.jpg","https://media.birdweather.com/species/501/White-wingedDove-thumbnail-4a940adfd5a6c78c73c48c5095e7b896.jpg","https://media.birdweather.com/species/501/White-wingedDove-png200-d65decd3d571b5a9dbeca249ef97689f.png","IscJLwb6hoVelZWZdoh3eIeIdxBoB4IG",16803135819,"https://media.birdweather.com/soundscapes/19267/19267-20260912-113248.flac",0,3,"live"
11096110142,19267,"2026-09-12T05:32:36.500-06:00",0.943588018417358,0.765554845333099,9.46126028166869,"almost_certain","BirdNET",NA,10.2198,-83.7874,FALSE,229,"Great Kiskadee","Pitangus sulphuratus","#7d4410","avian","https://media.birdweather.com/species/229/GreatKiskadee-standard-cd28a1b8e8b8e5aed433e809c229004e.jpg","https://media.birdweather.com/species/229/GreatKiskadee-thumbnail-b2749ed2442fb322cf3c4cb72f9c97f6.jpg","https://media.birdweather.com/species/229/GreatKiskadee-png200-003973af4f863deb00a4ce9b6f10e59c.png","0PgFDwIrhYqfZJh1mVe3SZZ3uKEJBncG",16803129487,"https://media.birdweather.com/soundscapes/19267/19267-20260912-113235.flac",1.5,4.5,"live"
11096110138,19267,"2026-09-12T05:32:35.000-06:00",0.842954695224762,0.203251734375954,7.45950081141873,"almost_certain","BirdNET",NA,10.2198,-83.7874,FALSE,501,"White-winged Dove","Zenaida asiatica","#d16ff8","avian","https://media.birdweather.com/species/501/White-wingedDove-standard-6528ef689b07d5a91f1c2275cdef19c9.jpg","https://media.birdweather.com/species/501/White-wingedDove-thumbnail-4a940adfd5a6c78c73c48c5095e7b896.jpg","https://media.birdweather.com/species/501/White-wingedDove-png200-d65decd3d571b5a9dbeca249ef97689f.png","IscJLwb6hoVelZWZdoh3eIeIdxBoB4IG",16803129487,"https://media.birdweather.com/soundscapes/19267/19267-20260912-113235.flac",0,3,"live"
11096106329,19267,"2026-09-12T05:32:26.000-06:00",0.746039807796478,0.765554845333099,8.958948966171,"almost_certain","BirdNET",NA,10.2198,-83.7874,FALSE,229,"Great Kiskadee","Pitangus sulphuratus","#7d4410","avian","https://media.birdweather.com/species/229/GreatKiskadee-standard-cd28a1b8e8b8e5aed433e809c229004e.jpg","https://media.birdweather.com/species/229/GreatKiskadee-thumbnail-b2749ed2442fb322cf3c4cb72f9c97f6.jpg","https://media.birdweather.com/species/229/GreatKiskadee-png200-003973af4f863deb00a4ce9b6f10e59c.png","0PgFDwIrhYqfZJh1mVe3SZZ3uKEJBncG",16803122416,"https://media.birdweather.com/soundscapes/19267/19267-20260912-113220.flac",6,9,"live"
11096106315,19267,"2026-09-12T05:32:20.000-06:00",0.811162054538727,0.203251734375954,7.37683609351745,"almost_certain","BirdNET",NA,10.2198,-83.7874,FALSE,501,"White-winged Dove","Zenaida asiatica","#d16ff8","avian","https://media.birdweather.com/species/501/White-wingedDove-standard-6528ef689b07d5a91f1c2275cdef19c9.jpg","https://media.birdweather.com/species/501/White-wingedDove-thumbnail-4a940adfd5a6c78c73c48c5095e7b896.jpg","https://media.birdweather.com/species/501/White-wingedDove-png200-d65decd3d571b5a9dbeca249ef97689f.png","IscJLwb6hoVelZWZdoh3eIeIdxBoB4IG",16803122416,"https://media.birdweather.com/soundscapes/19267/19267-20260912-113220.flac",0,3,"live"
11096099536,19267,"2026-09-12T05:31:55.000-06:00",0.920125126838684,0.203252911567688,7.64157506236077,"almost_certain","BirdNET",NA,10.2198,-83.7874,FALSE,501,"White-winged Dove","Zenaida asiatica","#d16ff8","avian","https://media.birdweather.com/species/501/White-wingedDove-standard-6528ef689b07d5a91f1c2275cdef19c9.jpg","https://media.birdweather.com/species/501/White-wingedDove-thumbnail-4a940adfd5a6c78c73c48c5095e7b896.jpg","https://media.birdweather.com/species/501/White-wingedDove-png200-d65decd3d571b5a9dbeca249ef97689f.png","IscJLwb6hoVelZWZdoh3eIeIdxBoB4IG",16803109750,"https://media.birdweather.com/soundscapes/19267/19267-20260912-113155.flac",0,3,"live"
11096095727,19267,"2026-09-12T05:31:41.500-06:00",0.768773674964905,0.203253716230392,7.25825259793932,"almost_certain","BirdNET",NA,10.2198,-83.7874,FALSE,501,"White-winged Dove","Zenaida asiatica","#d16ff8","avian","https://media.birdweather.com/species/501/White-wingedDove-standard-6528ef689b07d5a91f1c2275cdef19c9.jpg","https://media.birdweather.com/species/501/White-wingedDove-thumbnail-4a940adfd5a6c78c73c48c5095e7b896.jpg","https://media.birdweather.com/species/501/White-wingedDove-png200-d65decd3d571b5a9dbeca249ef97689f.png","IscJLwb6hoVelZWZdoh3eIeIdxBoB4IG",16803102588,"https://media.birdweather.com/soundscapes/19267/19267-20260912-113140.flac",1.5,4.5,"live"
11096092270,19267,"2026-09-12T05:31:33.000-06:00",0.919566452503204,0.203253716230392,7.64034543446901,"almost_certain","BirdNET",NA,10.2198,-83.7874,FALSE,501,"White-winged Dove","Zenaida asiatica","#d16ff8","avian","https://media.birdweather.com/species/501/White-wingedDove-standard-6528ef689b07d5a91f1c2275cdef19c9.jpg","https://media.birdweather.com/species/501/White-wingedDove-thumbnail-4a940adfd5a6c78c73c48c5095e7b896.jpg","https://media.birdweather.com/species/501/White-wingedDove-png200-d65decd3d571b5a9dbeca249ef97689f.png","IscJLwb6hoVelZWZdoh3eIeIdxBoB4IG",16803096212,"https://media.birdweather.com/soundscapes/19267/19267-20260912-113127.flac",6,9,"live"
11096092261,19267,"2026-09-12T05:31:31.500-06:00",0.829602956771851,0.203253716230392,7.42540287983677,"almost_certain","BirdNET",NA,10.2198,-83.7874,FALSE,501,"White-winged Dove","Zenaida asiatica","#d16ff8","avian","https://media.birdweather.com/species/501/White-wingedDove-standard-6528ef689b07d5a91f1c2275cdef19c9.jpg","https://media.birdweather.com/species/501/White-wingedDove-thumbnail-4a940adfd5a6c78c73c48c5095e7b896.jpg","https://media.birdweather.com/species/501/White-wingedDove-png200-d65decd3d571b5a9dbeca249ef97689f.png","IscJLwb6hoVelZWZdoh3eIeIdxBoB4IG",16803096212,"https://media.birdweather.com/soundscapes/19267/19267-20260912-113127.flac",4.5,7.5,"live"
11096092255,19267,"2026-09-12T05:31:30.000-06:00",0.818441033363342,0.203253716230392,7.3962201099809,"almost_certain","BirdNET",NA,10.2198,-83.7874,FALSE,501,"White-winged Dove","Zenaida asiatica","#d16ff8","avian","https://media.birdweather.com/species/501/White-wingedDove-standard-6528ef689b07d5a91f1c2275cdef19c9.jpg","https://media.birdweather.com/species/501/White-wingedDove-thumbnail-4a940adfd5a6c78c73c48c5095e7b896.jpg","https://media.birdweather.com/species/501/White-wingedDove-png200-d65decd3d571b5a9dbeca249ef97689f.png","IscJLwb6hoVelZWZdoh3eIeIdxBoB4IG",16803096212,"https://media.birdweather.com/soundscapes/19267/19267-20260912-113127.flac",3,6,"live"
11096088788,19267,"2026-09-12T05:31:18.500-06:00",0.956490576267242,0.552225589752197,9.04775867898493,"almost_certain","BirdNET",NA,10.2198,-83.7874,FALSE,802,"Rufous-tailed Hummingbird","Amazilia tzacatl","#d9c845","avian","https://media.birdweather.com/species/802/Rufous-tailedHummingbird-standard-4d0209b50ad0c35c6d8337f5c0c16b55.jpg","https://media.birdweather.com/species/802/Rufous-tailedHummingbird-thumbnail-fbf17400c31564f70aa45927c5d75f5e.jpg","https://media.birdweather.com/species/802/Rufous-tailedHummingbird-png200-8ea431c9893cfe027e92471791a8c256.png","mPkJFwIHqJeJl4lriIaGhYh3+H+oVGAH",16803089804,"https://media.birdweather.com/soundscapes/19267/19267-20260912-113114.flac",4.5,7.5,"live"
11096088784,19267,"2026-09-12T05:31:15.500-06:00",0.943078637123108,0.203253716230392,7.69137389395113,"almost_certain","BirdNET",NA,10.2198,-83.7874,FALSE,501,"White-winged Dove","Zenaida asiatica","#d16ff8","avian","https://media.birdweather.com/species/501/White-wingedDove-standard-6528ef689b07d5a91f1c2275cdef19c9.jpg","https://media.birdweather.com/species/501/White-wingedDove-thumbnail-4a940adfd5a6c78c73c48c5095e7b896.jpg","https://media.birdweather.com/species/501/White-wingedDove-png200-d65decd3d571b5a9dbeca249ef97689f.png","IscJLwb6hoVelZWZdoh3eIeIdxBoB4IG",16803089804,"https://media.birdweather.com/soundscapes/19267/19267-20260912-113114.flac",1.5,4.5,"live"
11096088781,19267,"2026-09-12T05:31:14.000-06:00",0.948827624320984,0.203253716230392,7.70356698362915,"almost_certain","BirdNET",NA,10.2198,-83.7874,FALSE,501,"White-winged Dove","Zenaida asiatica","#d16ff8","avian","https://media.birdweather.com/species/501/White-wingedDove-standard-6528ef689b07d5a91f1c2275cdef19c9.jpg","https://media.birdweather.com/species/501/White-wingedDove-thumbnail-4a940adfd5a6c78c73c48c5095e7b896.jpg","https://media.birdweather.com/species/501/White-wingedDove-png200-d65decd3d571b5a9dbeca249ef97689f.png","IscJLwb6hoVelZWZdoh3eIeIdxBoB4IG",16803089804,"https://media.birdweather.com/soundscapes/19267/19267-20260912-113114.flac",0,3,"live"
11096081965,19267,"2026-09-12T05:30:51.500-06:00",0.768788576126099,0.552216470241547,8.58638009367372,"almost_certain","BirdNET",NA,10.2198,-83.7874,FALSE,802,"Rufous-tailed Hummingbird","Amazilia tzacatl","#d9c845","avian","https://media.birdweather.com/species/802/Rufous-tailedHummingbird-standard-4d0209b50ad0c35c6d8337f5c0c16b55.jpg","https://media.birdweather.com/species/802/Rufous-tailedHummingbird-thumbnail-fbf17400c31564f70aa45927c5d75f5e.jpg","https://media.birdweather.com/species/802/Rufous-tailedHummingbird-png200-8ea431c9893cfe027e92471791a8c256.png","mPkJFwIHqJeJl4lriIaGhYh3+H+oVGAH",16803076450,"https://media.birdweather.com/soundscapes/19267/19267-20260912-113047.flac",4.5,7.5,"live"
11096081962,19267,"2026-09-12T05:30:50.000-06:00",0.91805237531662,0.552216470241547,8.96507732116565,"almost_certain","BirdNET",NA,10.2198,-83.7874,FALSE,802,"Rufous-tailed Hummingbird","Amazilia tzacatl","#d9c845","avian","https://media.birdweather.com/species/802/Rufous-tailedHummingbird-standard-4d0209b50ad0c35c6d8337f5c0c16b55.jpg","https://media.birdweather.com/species/802/Rufous-tailedHummingbird-thumbnail-fbf17400c31564f70aa45927c5d75f5e.jpg","https://media.birdweather.com/species/802/Rufous-tailedHummingbird-png200-8ea431c9893cfe027e92471791a8c256.png","mPkJFwIHqJeJl4lriIaGhYh3+H+oVGAH",16803076450,"https://media.birdweather.com/soundscapes/19267/19267-20260912-113047.flac",3,6,"live"
11096074916,19267,"2026-09-12T05:30:21.500-06:00",0.896142601966858,0.203261107206345,7.58759303338005,"almost_certain","BirdNET",NA,10.2198,-83.7874,FALSE,501,"White-winged Dove","Zenaida asiatica","#d16ff8","avian","https://media.birdweather.com/species/501/White-wingedDove-standard-6528ef689b07d5a91f1c2275cdef19c9.jpg","https://media.birdweather.com/species/501/White-wingedDove-thumbnail-4a940adfd5a6c78c73c48c5095e7b896.jpg","https://media.birdweather.com/species/501/White-wingedDove-png200-d65decd3d571b5a9dbeca249ef97689f.png","IscJLwb6hoVelZWZdoh3eIeIdxBoB4IG",16803063003,"https://media.birdweather.com/soundscapes/19267/19267-20260912-113020.flac",1.5,4.5,"live"
11096074908,19267,"2026-09-12T05:30:20.000-06:00",0.777165949344635,0.203261107206345,7.2826097012242,"almost_certain","BirdNET",NA,10.2198,-83.7874,FALSE,501,"White-winged Dove","Zenaida asiatica","#d16ff8","avian","https://media.birdweather.com/species/501/White-wingedDove-standard-6528ef689b07d5a91f1c2275cdef19c9.jpg","https://media.birdweather.com/species/501/White-wingedDove-thumbnail-4a940adfd5a6c78c73c48c5095e7b896.jpg","https://media.birdweather.com/species/501/White-wingedDove-png200-d65decd3d571b5a9dbeca249ef97689f.png","IscJLwb6hoVelZWZdoh3eIeIdxBoB4IG",16803063003,"https://media.birdweather.com/soundscapes/19267/19267-20260912-113020.flac",0,3,"live"
11095988235,19267,"2026-09-12T05:24:44.000-06:00",0.743132948875427,0.765552759170532,8.94998771707089,"almost_certain","BirdNET",NA,10.2198,-83.7874,FALSE,229,"Great Kiskadee","Pitangus sulphuratus","#7d4410","avian","https://media.birdweather.com/species/229/GreatKiskadee-standard-cd28a1b8e8b8e5aed433e809c229004e.jpg","https://media.birdweather.com/species/229/GreatKiskadee-thumbnail-b2749ed2442fb322cf3c4cb72f9c97f6.jpg","https://media.birdweather.com/species/229/GreatKiskadee-png200-003973af4f863deb00a4ce9b6f10e59c.png","0PgFDwIrhYqfZJh1mVe3SZZ3uKEJBncG",16802896797,"https://media.birdweather.com/soundscapes/19267/19267-20260912-112444.flac",0,3,"live"
11095977952,19267,"2026-09-12T05:24:08.000-06:00",0.804364860057831,0.765555381774902,9.12731158615911,"almost_certain","BirdNET",NA,10.2198,-83.7874,FALSE,229,"Great Kiskadee","Pitangus sulphuratus","#7d4410","avian","https://media.birdweather.com/species/229/GreatKiskadee-standard-cd28a1b8e8b8e5aed433e809c229004e.jpg","https://media.birdweather.com/species/229/GreatKiskadee-thumbnail-b2749ed2442fb322cf3c4cb72f9c97f6.jpg","https://media.birdweather.com/species/229/GreatKiskadee-png200-003973af4f863deb00a4ce9b6f10e59c.png","0PgFDwIrhYqfZJh1mVe3SZZ3uKEJBncG",16802877207,"https://media.birdweather.com/soundscapes/19267/19267-20260912-112405.flac",3,6,"live"
11095974668,19267,"2026-09-12T05:23:55.000-06:00",0.752945244312286,0.765555381774902,8.97999728064932,"almost_certain","BirdNET",NA,10.2198,-83.7874,FALSE,229,"Great Kiskadee","Pitangus sulphuratus","#7d4410","avian","https://media.birdweather.com/species/229/GreatKiskadee-standard-cd28a1b8e8b8e5aed433e809c229004e.jpg","https://media.birdweather.com/species/229/GreatKiskadee-thumbnail-b2749ed2442fb322cf3c4cb72f9c97f6.jpg","https://media.birdweather.com/species/229/GreatKiskadee-png200-003973af4f863deb00a4ce9b6f10e59c.png","0PgFDwIrhYqfZJh1mVe3SZZ3uKEJBncG",16802871094,"https://media.birdweather.com/soundscapes/19267/19267-20260912-112352.flac",3,6,"live"
11095974666,19267,"2026-09-12T05:23:52.000-06:00",0.807978332042694,0.203266188502312,7.36836935440441,"almost_certain","BirdNET",NA,10.2198,-83.7874,FALSE,501,"White-winged Dove","Zenaida asiatica","#d16ff8","avian","https://media.birdweather.com/species/501/White-wingedDove-standard-6528ef689b07d5a91f1c2275cdef19c9.jpg","https://media.birdweather.com/species/501/White-wingedDove-thumbnail-4a940adfd5a6c78c73c48c5095e7b896.jpg","https://media.birdweather.com/species/501/White-wingedDove-png200-d65decd3d571b5a9dbeca249ef97689f.png","IscJLwb6hoVelZWZdoh3eIeIdxBoB4IG",16802871094,"https://media.birdweather.com/soundscapes/19267/19267-20260912-112352.flac",0,3,"live"
11095964264,19267,"2026-09-12T05:23:18.000-06:00",0.743295133113861,0.765555918216705,8.95049461823866,"almost_certain","BirdNET",NA,10.2198,-83.7874,FALSE,229,"Great Kiskadee","Pitangus sulphuratus","#7d4410","avian","https://media.birdweather.com/species/229/GreatKiskadee-standard-cd28a1b8e8b8e5aed433e809c229004e.jpg","https://media.birdweather.com/species/229/GreatKiskadee-thumbnail-b2749ed2442fb322cf3c4cb72f9c97f6.jpg","https://media.birdweather.com/species/229/GreatKiskadee-png200-003973af4f863deb00a4ce9b6f10e59c.png","0PgFDwIrhYqfZJh1mVe3SZZ3uKEJBncG",16802851220,"https://media.birdweather.com/soundscapes/19267/19267-20260912-112312.flac",6,9,"live"
11095964262,19267,"2026-09-12T05:23:15.000-06:00",0.829170644283295,0.765555918216705,9.19308763662127,"almost_certain","BirdNET",NA,10.2198,-83.7874,FALSE,229,"Great Kiskadee","Pitangus sulphuratus","#7d4410","avian","https://media.birdweather.com/species/229/GreatKiskadee-standard-cd28a1b8e8b8e5aed433e809c229004e.jpg","https://media.birdweather.com/species/229/GreatKiskadee-thumbnail-b2749ed2442fb322cf3c4cb72f9c97f6.jpg","https://media.birdweather.com/species/229/GreatKiskadee-png200-003973af4f863deb00a4ce9b6f10e59c.png","0PgFDwIrhYqfZJh1mVe3SZZ3uKEJBncG",16802851220,"https://media.birdweather.com/soundscapes/19267/19267-20260912-112312.flac",3,6,"live"
11095964260,19267,"2026-09-12T05:23:13.500-06:00",0.85971587896347,0.765555918216705,9.26996975852903,"almost_certain","BirdNET",NA,10.2198,-83.7874,FALSE,229,"Great Kiskadee","Pitangus sulphuratus","#7d4410","avian","https://media.birdweather.com/species/229/GreatKiskadee-standard-cd28a1b8e8b8e5aed433e809c229004e.jpg","https://media.birdweather.com/species/229/GreatKiskadee-thumbnail-b2749ed2442fb322cf3c4cb72f9c97f6.jpg","https://media.birdweather.com/species/229/GreatKiskadee-png200-003973af4f863deb00a4ce9b6f10e59c.png","0PgFDwIrhYqfZJh1mVe3SZZ3uKEJBncG",16802851220,"https://media.birdweather.com/soundscapes/19267/19267-20260912-112312.flac",1.5,4.5,"live"
11095940763,19267,"2026-09-12T05:21:38.000-06:00",0.796532273292542,0.765554845333099,9.10586814947352,"almost_certain","BirdNET",NA,10.2198,-83.7874,FALSE,229,"Great Kiskadee","Pitangus sulphuratus","#7d4410","avian","https://media.birdweather.com/species/229/GreatKiskadee-standard-cd28a1b8e8b8e5aed433e809c229004e.jpg","https://media.birdweather.com/species/229/GreatKiskadee-thumbnail-b2749ed2442fb322cf3c4cb72f9c97f6.jpg","https://media.birdweather.com/species/229/GreatKiskadee-png200-003973af4f863deb00a4ce9b6f10e59c.png","0PgFDwIrhYqfZJh1mVe3SZZ3uKEJBncG",16802805291,"https://media.birdweather.com/soundscapes/19267/19267-20260912-112138.flac",0,3,"live"
11095851943,19267,"2026-09-12T05:15:48.000-06:00",0.841943800449371,0.203263476490974,7.45702314630782,"almost_certain","BirdNET",NA,10.2198,-83.7874,FALSE,501,"White-winged Dove","Zenaida asiatica","#d16ff8","avian","https://media.birdweather.com/species/501/White-wingedDove-standard-6528ef689b07d5a91f1c2275cdef19c9.jpg","https://media.birdweather.com/species/501/White-wingedDove-thumbnail-4a940adfd5a6c78c73c48c5095e7b896.jpg","https://media.birdweather.com/species/501/White-wingedDove-png200-d65decd3d571b5a9dbeca249ef97689f.png","IscJLwb6hoVelZWZdoh3eIeIdxBoB4IG",16802628902,"https://media.birdweather.com/soundscapes/19267/19267-20260912-111542.flac",6,9,"live"
11095848757,19267,"2026-09-12T05:15:35.000-06:00",0.884875297546387,0.765553653240204,9.33020378335153,"almost_certain","BirdNET",NA,10.2198,-83.7874,FALSE,229,"Great Kiskadee","Pitangus sulphuratus","#7d4410","avian","https://media.birdweather.com/species/229/GreatKiskadee-standard-cd28a1b8e8b8e5aed433e809c229004e.jpg","https://media.birdweather.com/species/229/GreatKiskadee-thumbnail-b2749ed2442fb322cf3c4cb72f9c97f6.jpg","https://media.birdweather.com/species/229/GreatKiskadee-png200-003973af4f863deb00a4ce9b6f10e59c.png","0PgFDwIrhYqfZJh1mVe3SZZ3uKEJBncG",16802622563,"https://media.birdweather.com/soundscapes/19267/19267-20260912-111529.flac",6,9,"live"
11095838736,19267,"2026-09-12T05:14:50.500-06:00",0.926375091075897,0.203252136707306,7.65530858624509,"almost_certain","BirdNET",NA,10.2198,-83.7874,FALSE,501,"White-winged Dove","Zenaida asiatica","#d16ff8","avian","https://media.birdweather.com/species/501/White-wingedDove-standard-6528ef689b07d5a91f1c2275cdef19c9.jpg","https://media.birdweather.com/species/501/White-wingedDove-thumbnail-4a940adfd5a6c78c73c48c5095e7b896.jpg","https://media.birdweather.com/species/501/White-wingedDove-png200-d65decd3d571b5a9dbeca249ef97689f.png","IscJLwb6hoVelZWZdoh3eIeIdxBoB4IG",16802602549,"https://media.birdweather.com/soundscapes/19267/19267-20260912-111449.flac",1.5,4.5,"live"
11095838732,19267,"2026-09-12T05:14:49.000-06:00",0.759951829910278,0.203252136707306,7.23221475743805,"almost_certain","BirdNET",NA,10.2198,-83.7874,FALSE,501,"White-winged Dove","Zenaida asiatica","#d16ff8","avian","https://media.birdweather.com/species/501/White-wingedDove-standard-6528ef689b07d5a91f1c2275cdef19c9.jpg","https://media.birdweather.com/species/501/White-wingedDove-thumbnail-4a940adfd5a6c78c73c48c5095e7b896.jpg","https://media.birdweather.com/species/501/White-wingedDove-png200-d65decd3d571b5a9dbeca249ef97689f.png","IscJLwb6hoVelZWZdoh3eIeIdxBoB4IG",16802602549,"https://media.birdweather.com/soundscapes/19267/19267-20260912-111449.flac",0,3,"live"
11095835734,19267,"2026-09-12T05:14:39.000-06:00",0.819228708744049,0.765556931495667,9.16710532049156,"almost_certain","BirdNET",NA,10.2198,-83.7874,FALSE,229,"Great Kiskadee","Pitangus sulphuratus","#7d4410","avian","https://media.birdweather.com/species/229/GreatKiskadee-standard-cd28a1b8e8b8e5aed433e809c229004e.jpg","https://media.birdweather.com/species/229/GreatKiskadee-thumbnail-b2749ed2442fb322cf3c4cb72f9c97f6.jpg","https://media.birdweather.com/species/229/GreatKiskadee-png200-003973af4f863deb00a4ce9b6f10e59c.png","0PgFDwIrhYqfZJh1mVe3SZZ3uKEJBncG",16802596364,"https://media.birdweather.com/soundscapes/19267/19267-20260912-111436.flac",3,6,"live"
11095483647,19267,"2026-09-12T04:49:34.000-06:00",0.891517579555511,0.0574720688164234,6.00032191983951,"almost_certain","BirdNET",NA,10.2198,-83.7874,FALSE,2106,"Scale-crested Pygmy-Tyrant","Lophotriccus pileatus","#ff3f73","avian","https://media.birdweather.com/species/2106/Scale-crestedPygmy-Tyrant-standard-30688703276d7a86ba8040e08ec546e4.jpg","https://media.birdweather.com/species/2106/Scale-crestedPygmy-Tyrant-thumbnail-a2fa4da6488b42e46af0521226507326.jpg","https://media.birdweather.com/species/2106/Scale-crestedPygmy-Tyrant-png200-7dba50c93511c6b01ee479c707de9a8b.png","IroFJwJKZ2tcVqZvUmlauFW0Vp9LCUoK",16801854006,"https://media.birdweather.com/soundscapes/19267/19267-20260912-104931.flac",3,6,"live"
11095250415,19267,"2026-09-12T04:30:40.000-06:00",0.944306373596191,0.0574723929166794,6.11744013537196,"almost_certain","BirdNET",NA,10.2198,-83.7874,FALSE,2106,"Scale-crested Pygmy-Tyrant","Lophotriccus pileatus","#ff3f73","avian","https://media.birdweather.com/species/2106/Scale-crestedPygmy-Tyrant-standard-30688703276d7a86ba8040e08ec546e4.jpg","https://media.birdweather.com/species/2106/Scale-crestedPygmy-Tyrant-thumbnail-a2fa4da6488b42e46af0521226507326.jpg","https://media.birdweather.com/species/2106/Scale-crestedPygmy-Tyrant-png200-7dba50c93511c6b01ee479c707de9a8b.png","IroFJwJKZ2tcVqZvUmlauFW0Vp9LCUoK",16801296475,"https://media.birdweather.com/soundscapes/19267/19267-20260912-103034.flac",6,9,"live"
11095250409,19267,"2026-09-12T04:30:38.500-06:00",0.945059478282928,0.0574723929166794,6.11904053999979,"almost_certain","BirdNET",NA,10.2198,-83.7874,FALSE,2106,"Scale-crested Pygmy-Tyrant","Lophotriccus pileatus","#ff3f73","avian","https://media.birdweather.com/species/2106/Scale-crestedPygmy-Tyrant-standard-30688703276d7a86ba8040e08ec546e4.jpg","https://media.birdweather.com/species/2106/Scale-crestedPygmy-Tyrant-thumbnail-a2fa4da6488b42e46af0521226507326.jpg","https://media.birdweather.com/species/2106/Scale-crestedPygmy-Tyrant-png200-7dba50c93511c6b01ee479c707de9a8b.png","IroFJwJKZ2tcVqZvUmlauFW0Vp9LCUoK",16801296475,"https://media.birdweather.com/soundscapes/19267/19267-20260912-103034.flac",4.5,7.5,"live"
11095154941,19267,"2026-09-12T04:22:36.500-06:00",0.921830534934998,0.0574726611375809,6.06880134133425,"almost_certain","BirdNET",NA,10.2198,-83.7874,FALSE,2106,"Scale-crested Pygmy-Tyrant","Lophotriccus pileatus","#ff3f73","avian","https://media.birdweather.com/species/2106/Scale-crestedPygmy-Tyrant-standard-30688703276d7a86ba8040e08ec546e4.jpg","https://media.birdweather.com/species/2106/Scale-crestedPygmy-Tyrant-thumbnail-a2fa4da6488b42e46af0521226507326.jpg","https://media.birdweather.com/species/2106/Scale-crestedPygmy-Tyrant-png200-7dba50c93511c6b01ee479c707de9a8b.png","IroFJwJKZ2tcVqZvUmlauFW0Vp9LCUoK",16801060185,"https://media.birdweather.com/soundscapes/19267/19267-20260912-102232.flac",4.5,7.5,"live"
