"id","stationId","timestamp","confidence","probability","score","certainty","algorithm","metadata","lat","lon","favorite","species.id","species.commonName","species.scientificName","species.color","species.classification","species.imageUrl","species.thumbnailUrl","species.pngUrl","species.thumbhash","soundscape.id","soundscape.url","soundscape.startTime","soundscape.endTime","soundscape.mode"
10621020362,19267,"2026-08-21T17:50:07.500-06:00",0.887903988361359,0.569297909736633,8.93756821660993,"almost_certain","BirdNET",NA,10.2198,-83.7874,FALSE,802,"Rufous-tailed Hummingbird","Amazilia tzacatl","#d9c845","avian","https://media.birdweather.com/species/802/Rufous-tailedHummingbird-standard-4d0209b50ad0c35c6d8337f5c0c16b55.jpg","https://media.birdweather.com/species/802/Rufous-tailedHummingbird-thumbnail-fbf17400c31564f70aa45927c5d75f5e.jpg","https://media.birdweather.com/species/802/Rufous-tailedHummingbird-png200-8ea431c9893cfe027e92471791a8c256.png","mPkJFwIHqJeJl4lriIaGhYh3+H+oVGAH",15896735038,"https://media.birdweather.com/soundscapes/19267/19267-20260821-235006.flac",1.5,4.5,"live"
10620837716,19267,"2026-08-21T17:37:05.000-06:00",0.729731500148773,0.782535195350647,8.93759149482208,"almost_certain","BirdNET",NA,10.2198,-83.7874,FALSE,229,"Great Kiskadee","Pitangus sulphuratus","#7d4410","avian","https://media.birdweather.com/species/229/GreatKiskadee-standard-cd28a1b8e8b8e5aed433e809c229004e.jpg","https://media.birdweather.com/species/229/GreatKiskadee-thumbnail-b2749ed2442fb322cf3c4cb72f9c97f6.jpg","https://media.birdweather.com/species/229/GreatKiskadee-png200-003973af4f863deb00a4ce9b6f10e59c.png","0PgFDwIrhYqfZJh1mVe3SZZ3uKEJBncG",15896354922,"https://media.birdweather.com/soundscapes/19267/19267-20260821-233659.flac",6,9,"live"
10620834112,19267,"2026-08-21T17:36:51.000-06:00",0.942511200904846,0.782535195350647,9.48863790153322,"almost_certain","BirdNET",NA,10.2198,-83.7874,FALSE,229,"Great Kiskadee","Pitangus sulphuratus","#7d4410","avian","https://media.birdweather.com/species/229/GreatKiskadee-standard-cd28a1b8e8b8e5aed433e809c229004e.jpg","https://media.birdweather.com/species/229/GreatKiskadee-thumbnail-b2749ed2442fb322cf3c4cb72f9c97f6.jpg","https://media.birdweather.com/species/229/GreatKiskadee-png200-003973af4f863deb00a4ce9b6f10e59c.png","0PgFDwIrhYqfZJh1mVe3SZZ3uKEJBncG",15896347924,"https://media.birdweather.com/soundscapes/19267/19267-20260821-233645.flac",6,9,"live"
10620834106,19267,"2026-08-21T17:36:45.000-06:00",0.992207825183868,0.782535195350647,9.59070562236265,"almost_certain","BirdNET",NA,10.2198,-83.7874,FALSE,229,"Great Kiskadee","Pitangus sulphuratus","#7d4410","avian","https://media.birdweather.com/species/229/GreatKiskadee-standard-cd28a1b8e8b8e5aed433e809c229004e.jpg","https://media.birdweather.com/species/229/GreatKiskadee-thumbnail-b2749ed2442fb322cf3c4cb72f9c97f6.jpg","https://media.birdweather.com/species/229/GreatKiskadee-png200-003973af4f863deb00a4ce9b6f10e59c.png","0PgFDwIrhYqfZJh1mVe3SZZ3uKEJBncG",15896347924,"https://media.birdweather.com/soundscapes/19267/19267-20260821-233645.flac",0,3,"live"
10620827452,19267,"2026-08-21T17:36:19.000-06:00",0.71543425321579,0.782535195350647,8.89123586114036,"almost_certain","BirdNET",NA,10.2198,-83.7874,FALSE,229,"Great Kiskadee","Pitangus sulphuratus","#7d4410","avian","https://media.birdweather.com/species/229/GreatKiskadee-standard-cd28a1b8e8b8e5aed433e809c229004e.jpg","https://media.birdweather.com/species/229/GreatKiskadee-thumbnail-b2749ed2442fb322cf3c4cb72f9c97f6.jpg","https://media.birdweather.com/species/229/GreatKiskadee-png200-003973af4f863deb00a4ce9b6f10e59c.png","0PgFDwIrhYqfZJh1mVe3SZZ3uKEJBncG",15896334664,"https://media.birdweather.com/soundscapes/19267/19267-20260821-233619.flac",0,3,"live"
10620823254,19267,"2026-08-21T17:36:10.000-06:00",0.947524309158325,0.782535195350647,9.49928565940566,"almost_certain","BirdNET",NA,10.2198,-83.7874,FALSE,229,"Great Kiskadee","Pitangus sulphuratus","#7d4410","avian","https://media.birdweather.com/species/229/GreatKiskadee-standard-cd28a1b8e8b8e5aed433e809c229004e.jpg","https://media.birdweather.com/species/229/GreatKiskadee-thumbnail-b2749ed2442fb322cf3c4cb72f9c97f6.jpg","https://media.birdweather.com/species/229/GreatKiskadee-png200-003973af4f863deb00a4ce9b6f10e59c.png","0PgFDwIrhYqfZJh1mVe3SZZ3uKEJBncG",15896327076,"https://media.birdweather.com/soundscapes/19267/19267-20260821-233604.flac",6,9,"live"
10620823232,19267,"2026-08-21T17:36:05.500-06:00",0.893128037452698,0.782535195350647,9.37907357704448,"almost_certain","BirdNET",NA,10.2198,-83.7874,FALSE,229,"Great Kiskadee","Pitangus sulphuratus","#7d4410","avian","https://media.birdweather.com/species/229/GreatKiskadee-standard-cd28a1b8e8b8e5aed433e809c229004e.jpg","https://media.birdweather.com/species/229/GreatKiskadee-thumbnail-b2749ed2442fb322cf3c4cb72f9c97f6.jpg","https://media.birdweather.com/species/229/GreatKiskadee-png200-003973af4f863deb00a4ce9b6f10e59c.png","0PgFDwIrhYqfZJh1mVe3SZZ3uKEJBncG",15896327076,"https://media.birdweather.com/soundscapes/19267/19267-20260821-233604.flac",1.5,4.5,"live"
10620819780,19267,"2026-08-21T17:35:54.000-06:00",0.877977132797241,0.782535195350647,9.34362347732556,"almost_certain","BirdNET",NA,10.2198,-83.7874,FALSE,229,"Great Kiskadee","Pitangus sulphuratus","#7d4410","avian","https://media.birdweather.com/species/229/GreatKiskadee-standard-cd28a1b8e8b8e5aed433e809c229004e.jpg","https://media.birdweather.com/species/229/GreatKiskadee-thumbnail-b2749ed2442fb322cf3c4cb72f9c97f6.jpg","https://media.birdweather.com/species/229/GreatKiskadee-png200-003973af4f863deb00a4ce9b6f10e59c.png","0PgFDwIrhYqfZJh1mVe3SZZ3uKEJBncG",15896320364,"https://media.birdweather.com/soundscapes/19267/19267-20260821-233551.flac",3,6,"live"
10620816643,19267,"2026-08-21T17:35:45.000-06:00",0.982588648796082,0.782535195350647,9.57153407667516,"almost_certain","BirdNET",NA,10.2198,-83.7874,FALSE,229,"Great Kiskadee","Pitangus sulphuratus","#7d4410","avian","https://media.birdweather.com/species/229/GreatKiskadee-standard-cd28a1b8e8b8e5aed433e809c229004e.jpg","https://media.birdweather.com/species/229/GreatKiskadee-thumbnail-b2749ed2442fb322cf3c4cb72f9c97f6.jpg","https://media.birdweather.com/species/229/GreatKiskadee-png200-003973af4f863deb00a4ce9b6f10e59c.png","0PgFDwIrhYqfZJh1mVe3SZZ3uKEJBncG",15896313695,"https://media.birdweather.com/soundscapes/19267/19267-20260821-233539.flac",6,9,"live"
10620816642,19267,"2026-08-21T17:35:43.500-06:00",0.887574732303619,0.782535195350647,9.3661861944599,"almost_certain","BirdNET",NA,10.2198,-83.7874,FALSE,229,"Great Kiskadee","Pitangus sulphuratus","#7d4410","avian","https://media.birdweather.com/species/229/GreatKiskadee-standard-cd28a1b8e8b8e5aed433e809c229004e.jpg","https://media.birdweather.com/species/229/GreatKiskadee-thumbnail-b2749ed2442fb322cf3c4cb72f9c97f6.jpg","https://media.birdweather.com/species/229/GreatKiskadee-png200-003973af4f863deb00a4ce9b6f10e59c.png","0PgFDwIrhYqfZJh1mVe3SZZ3uKEJBncG",15896313695,"https://media.birdweather.com/soundscapes/19267/19267-20260821-233539.flac",4.5,7.5,"live"
10620816638,19267,"2026-08-21T17:35:39.000-06:00",0.993541479110718,0.782535195350647,9.59334261656965,"almost_certain","BirdNET",NA,10.2198,-83.7874,FALSE,229,"Great Kiskadee","Pitangus sulphuratus","#7d4410","avian","https://media.birdweather.com/species/229/GreatKiskadee-standard-cd28a1b8e8b8e5aed433e809c229004e.jpg","https://media.birdweather.com/species/229/GreatKiskadee-thumbnail-b2749ed2442fb322cf3c4cb72f9c97f6.jpg","https://media.birdweather.com/species/229/GreatKiskadee-png200-003973af4f863deb00a4ce9b6f10e59c.png","0PgFDwIrhYqfZJh1mVe3SZZ3uKEJBncG",15896313695,"https://media.birdweather.com/soundscapes/19267/19267-20260821-233539.flac",0,3,"live"
10620813224,19267,"2026-08-21T17:35:30.000-06:00",0.986560761928558,0.782535195350647,9.57948326062287,"almost_certain","BirdNET",NA,10.2198,-83.7874,FALSE,229,"Great Kiskadee","Pitangus sulphuratus","#7d4410","avian","https://media.birdweather.com/species/229/GreatKiskadee-standard-cd28a1b8e8b8e5aed433e809c229004e.jpg","https://media.birdweather.com/species/229/GreatKiskadee-thumbnail-b2749ed2442fb322cf3c4cb72f9c97f6.jpg","https://media.birdweather.com/species/229/GreatKiskadee-png200-003973af4f863deb00a4ce9b6f10e59c.png","0PgFDwIrhYqfZJh1mVe3SZZ3uKEJBncG",15896306177,"https://media.birdweather.com/soundscapes/19267/19267-20260821-233524.flac",6,9,"live"
10620813218,19267,"2026-08-21T17:35:25.500-06:00",0.928166270256042,0.782535195350647,9.45770418250748,"almost_certain","BirdNET",NA,10.2198,-83.7874,FALSE,229,"Great Kiskadee","Pitangus sulphuratus","#7d4410","avian","https://media.birdweather.com/species/229/GreatKiskadee-standard-cd28a1b8e8b8e5aed433e809c229004e.jpg","https://media.birdweather.com/species/229/GreatKiskadee-thumbnail-b2749ed2442fb322cf3c4cb72f9c97f6.jpg","https://media.birdweather.com/species/229/GreatKiskadee-png200-003973af4f863deb00a4ce9b6f10e59c.png","0PgFDwIrhYqfZJh1mVe3SZZ3uKEJBncG",15896306177,"https://media.birdweather.com/soundscapes/19267/19267-20260821-233524.flac",1.5,4.5,"live"
10620813214,19267,"2026-08-21T17:35:24.000-06:00",0.760322272777557,0.782535195350647,9.03180124605856,"almost_certain","BirdNET",NA,10.2198,-83.7874,FALSE,229,"Great Kiskadee","Pitangus sulphuratus","#7d4410","avian","https://media.birdweather.com/species/229/GreatKiskadee-standard-cd28a1b8e8b8e5aed433e809c229004e.jpg","https://media.birdweather.com/species/229/GreatKiskadee-thumbnail-b2749ed2442fb322cf3c4cb72f9c97f6.jpg","https://media.birdweather.com/species/229/GreatKiskadee-png200-003973af4f863deb00a4ce9b6f10e59c.png","0PgFDwIrhYqfZJh1mVe3SZZ3uKEJBncG",15896306177,"https://media.birdweather.com/soundscapes/19267/19267-20260821-233524.flac",0,3,"live"
10620809955,19267,"2026-08-21T17:35:18.000-06:00",0.981213808059692,0.782537221908569,9.56877540202169,"almost_certain","BirdNET",NA,10.2198,-83.7874,FALSE,229,"Great Kiskadee","Pitangus sulphuratus","#7d4410","avian","https://media.birdweather.com/species/229/GreatKiskadee-standard-cd28a1b8e8b8e5aed433e809c229004e.jpg","https://media.birdweather.com/species/229/GreatKiskadee-thumbnail-b2749ed2442fb322cf3c4cb72f9c97f6.jpg","https://media.birdweather.com/species/229/GreatKiskadee-png200-003973af4f863deb00a4ce9b6f10e59c.png","0PgFDwIrhYqfZJh1mVe3SZZ3uKEJBncG",15896299561,"https://media.birdweather.com/soundscapes/19267/19267-20260821-233512.flac",6,9,"live"
10620809953,19267,"2026-08-21T17:35:16.500-06:00",0.981603860855103,0.782537221908569,9.56955961895179,"almost_certain","BirdNET",NA,10.2198,-83.7874,FALSE,229,"Great Kiskadee","Pitangus sulphuratus","#7d4410","avian","https://media.birdweather.com/species/229/GreatKiskadee-standard-cd28a1b8e8b8e5aed433e809c229004e.jpg","https://media.birdweather.com/species/229/GreatKiskadee-thumbnail-b2749ed2442fb322cf3c4cb72f9c97f6.jpg","https://media.birdweather.com/species/229/GreatKiskadee-png200-003973af4f863deb00a4ce9b6f10e59c.png","0PgFDwIrhYqfZJh1mVe3SZZ3uKEJBncG",15896299561,"https://media.birdweather.com/soundscapes/19267/19267-20260821-233512.flac",4.5,7.5,"live"
10620809952,19267,"2026-08-21T17:35:13.500-06:00",0.948943912982941,0.782537221908569,9.50228940273571,"almost_certain","BirdNET",NA,10.2198,-83.7874,FALSE,229,"Great Kiskadee","Pitangus sulphuratus","#7d4410","avian","https://media.birdweather.com/species/229/GreatKiskadee-standard-cd28a1b8e8b8e5aed433e809c229004e.jpg","https://media.birdweather.com/species/229/GreatKiskadee-thumbnail-b2749ed2442fb322cf3c4cb72f9c97f6.jpg","https://media.birdweather.com/species/229/GreatKiskadee-png200-003973af4f863deb00a4ce9b6f10e59c.png","0PgFDwIrhYqfZJh1mVe3SZZ3uKEJBncG",15896299561,"https://media.birdweather.com/soundscapes/19267/19267-20260821-233512.flac",1.5,4.5,"live"
10620809951,19267,"2026-08-21T17:35:12.000-06:00",0.884427964687347,0.782537221908569,9.35883291934205,"almost_certain","BirdNET",NA,10.2198,-83.7874,FALSE,229,"Great Kiskadee","Pitangus sulphuratus","#7d4410","avian","https://media.birdweather.com/species/229/GreatKiskadee-standard-cd28a1b8e8b8e5aed433e809c229004e.jpg","https://media.birdweather.com/species/229/GreatKiskadee-thumbnail-b2749ed2442fb322cf3c4cb72f9c97f6.jpg","https://media.birdweather.com/species/229/GreatKiskadee-png200-003973af4f863deb00a4ce9b6f10e59c.png","0PgFDwIrhYqfZJh1mVe3SZZ3uKEJBncG",15896299561,"https://media.birdweather.com/soundscapes/19267/19267-20260821-233512.flac",0,3,"live"
10620806823,19267,"2026-08-21T17:35:03.000-06:00",0.923490285873413,0.782537221908569,9.4474714457457,"almost_certain","BirdNET",NA,10.2198,-83.7874,FALSE,229,"Great Kiskadee","Pitangus sulphuratus","#7d4410","avian","https://media.birdweather.com/species/229/GreatKiskadee-standard-cd28a1b8e8b8e5aed433e809c229004e.jpg","https://media.birdweather.com/species/229/GreatKiskadee-thumbnail-b2749ed2442fb322cf3c4cb72f9c97f6.jpg","https://media.birdweather.com/species/229/GreatKiskadee-png200-003973af4f863deb00a4ce9b6f10e59c.png","0PgFDwIrhYqfZJh1mVe3SZZ3uKEJBncG",15896293291,"https://media.birdweather.com/soundscapes/19267/19267-20260821-233500.flac",3,6,"live"
10620806822,19267,"2026-08-21T17:35:01.500-06:00",0.935282409191132,0.782537221908569,9.47314038759574,"almost_certain","BirdNET",NA,10.2198,-83.7874,FALSE,229,"Great Kiskadee","Pitangus sulphuratus","#7d4410","avian","https://media.birdweather.com/species/229/GreatKiskadee-standard-cd28a1b8e8b8e5aed433e809c229004e.jpg","https://media.birdweather.com/species/229/GreatKiskadee-thumbnail-b2749ed2442fb322cf3c4cb72f9c97f6.jpg","https://media.birdweather.com/species/229/GreatKiskadee-png200-003973af4f863deb00a4ce9b6f10e59c.png","0PgFDwIrhYqfZJh1mVe3SZZ3uKEJBncG",15896293291,"https://media.birdweather.com/soundscapes/19267/19267-20260821-233500.flac",1.5,4.5,"live"
10620803546,19267,"2026-08-21T17:34:52.000-06:00",0.971603393554688,0.782537221908569,9.54931011232927,"almost_certain","BirdNET",NA,10.2198,-83.7874,FALSE,229,"Great Kiskadee","Pitangus sulphuratus","#7d4410","avian","https://media.birdweather.com/species/229/GreatKiskadee-standard-cd28a1b8e8b8e5aed433e809c229004e.jpg","https://media.birdweather.com/species/229/GreatKiskadee-thumbnail-b2749ed2442fb322cf3c4cb72f9c97f6.jpg","https://media.birdweather.com/species/229/GreatKiskadee-png200-003973af4f863deb00a4ce9b6f10e59c.png","0PgFDwIrhYqfZJh1mVe3SZZ3uKEJBncG",15896286324,"https://media.birdweather.com/soundscapes/19267/19267-20260821-233446.flac",6,9,"live"
10620803544,19267,"2026-08-21T17:34:47.500-06:00",0.941691100597382,0.782537221908569,9.48689162185909,"almost_certain","BirdNET",NA,10.2198,-83.7874,FALSE,229,"Great Kiskadee","Pitangus sulphuratus","#7d4410","avian","https://media.birdweather.com/species/229/GreatKiskadee-standard-cd28a1b8e8b8e5aed433e809c229004e.jpg","https://media.birdweather.com/species/229/GreatKiskadee-thumbnail-b2749ed2442fb322cf3c4cb72f9c97f6.jpg","https://media.birdweather.com/species/229/GreatKiskadee-png200-003973af4f863deb00a4ce9b6f10e59c.png","0PgFDwIrhYqfZJh1mVe3SZZ3uKEJBncG",15896286324,"https://media.birdweather.com/soundscapes/19267/19267-20260821-233446.flac",1.5,4.5,"live"
10620803541,19267,"2026-08-21T17:34:46.000-06:00",0.934731304645538,0.782537221908569,9.47195140315152,"almost_certain","BirdNET",NA,10.2198,-83.7874,FALSE,229,"Great Kiskadee","Pitangus sulphuratus","#7d4410","avian","https://media.birdweather.com/species/229/GreatKiskadee-standard-cd28a1b8e8b8e5aed433e809c229004e.jpg","https://media.birdweather.com/species/229/GreatKiskadee-thumbnail-b2749ed2442fb322cf3c4cb72f9c97f6.jpg","https://media.birdweather.com/species/229/GreatKiskadee-png200-003973af4f863deb00a4ce9b6f10e59c.png","0PgFDwIrhYqfZJh1mVe3SZZ3uKEJBncG",15896286324,"https://media.birdweather.com/soundscapes/19267/19267-20260821-233446.flac",0,3,"live"
10620800531,19267,"2026-08-21T17:34:39.000-06:00",0.919794321060181,0.782537221908569,9.43932610769261,"almost_certain","BirdNET",NA,10.2198,-83.7874,FALSE,229,"Great Kiskadee","Pitangus sulphuratus","#7d4410","avian","https://media.birdweather.com/species/229/GreatKiskadee-standard-cd28a1b8e8b8e5aed433e809c229004e.jpg","https://media.birdweather.com/species/229/GreatKiskadee-thumbnail-b2749ed2442fb322cf3c4cb72f9c97f6.jpg","https://media.birdweather.com/species/229/GreatKiskadee-png200-003973af4f863deb00a4ce9b6f10e59c.png","0PgFDwIrhYqfZJh1mVe3SZZ3uKEJBncG",15896280111,"https://media.birdweather.com/soundscapes/19267/19267-20260821-233433.flac",6,9,"live"
10620800529,19267,"2026-08-21T17:34:37.500-06:00",0.909026384353638,0.782537221908569,9.41531536173149,"almost_certain","BirdNET",NA,10.2198,-83.7874,FALSE,229,"Great Kiskadee","Pitangus sulphuratus","#7d4410","avian","https://media.birdweather.com/species/229/GreatKiskadee-standard-cd28a1b8e8b8e5aed433e809c229004e.jpg","https://media.birdweather.com/species/229/GreatKiskadee-thumbnail-b2749ed2442fb322cf3c4cb72f9c97f6.jpg","https://media.birdweather.com/species/229/GreatKiskadee-png200-003973af4f863deb00a4ce9b6f10e59c.png","0PgFDwIrhYqfZJh1mVe3SZZ3uKEJBncG",15896280111,"https://media.birdweather.com/soundscapes/19267/19267-20260821-233433.flac",4.5,7.5,"live"
10620800525,19267,"2026-08-21T17:34:34.500-06:00",0.995794057846069,0.782537221908569,9.59778858232025,"almost_certain","BirdNET",NA,10.2198,-83.7874,FALSE,229,"Great Kiskadee","Pitangus sulphuratus","#7d4410","avian","https://media.birdweather.com/species/229/GreatKiskadee-standard-cd28a1b8e8b8e5aed433e809c229004e.jpg","https://media.birdweather.com/species/229/GreatKiskadee-thumbnail-b2749ed2442fb322cf3c4cb72f9c97f6.jpg","https://media.birdweather.com/species/229/GreatKiskadee-png200-003973af4f863deb00a4ce9b6f10e59c.png","0PgFDwIrhYqfZJh1mVe3SZZ3uKEJBncG",15896280111,"https://media.birdweather.com/soundscapes/19267/19267-20260821-233433.flac",1.5,4.5,"live"
10620800514,19267,"2026-08-21T17:34:33.000-06:00",0.827338874340057,0.782537221908569,9.2180103953572,"almost_certain","BirdNET",NA,10.2198,-83.7874,FALSE,229,"Great Kiskadee","Pitangus sulphuratus","#7d4410","avian","https://media.birdweather.com/species/229/GreatKiskadee-standard-cd28a1b8e8b8e5aed433e809c229004e.jpg","https://media.birdweather.com/species/229/GreatKiskadee-thumbnail-b2749ed2442fb322cf3c4cb72f9c97f6.jpg","https://media.birdweather.com/species/229/GreatKiskadee-png200-003973af4f863deb00a4ce9b6f10e59c.png","0PgFDwIrhYqfZJh1mVe3SZZ3uKEJBncG",15896280111,"https://media.birdweather.com/soundscapes/19267/19267-20260821-233433.flac",0,3,"live"
10620797280,19267,"2026-08-21T17:34:24.000-06:00",0.948557794094086,0.782537221908569,9.50147401591893,"almost_certain","BirdNET",NA,10.2198,-83.7874,FALSE,229,"Great Kiskadee","Pitangus sulphuratus","#7d4410","avian","https://media.birdweather.com/species/229/GreatKiskadee-standard-cd28a1b8e8b8e5aed433e809c229004e.jpg","https://media.birdweather.com/species/229/GreatKiskadee-thumbnail-b2749ed2442fb322cf3c4cb72f9c97f6.jpg","https://media.birdweather.com/species/229/GreatKiskadee-png200-003973af4f863deb00a4ce9b6f10e59c.png","0PgFDwIrhYqfZJh1mVe3SZZ3uKEJBncG",15896273464,"https://media.birdweather.com/soundscapes/19267/19267-20260821-233418.flac",6,9,"live"
10620797277,19267,"2026-08-21T17:34:22.500-06:00",0.939196348190308,0.782537221908569,9.48155498572812,"almost_certain","BirdNET",NA,10.2198,-83.7874,FALSE,229,"Great Kiskadee","Pitangus sulphuratus","#7d4410","avian","https://media.birdweather.com/species/229/GreatKiskadee-standard-cd28a1b8e8b8e5aed433e809c229004e.jpg","https://media.birdweather.com/species/229/GreatKiskadee-thumbnail-b2749ed2442fb322cf3c4cb72f9c97f6.jpg","https://media.birdweather.com/species/229/GreatKiskadee-png200-003973af4f863deb00a4ce9b6f10e59c.png","0PgFDwIrhYqfZJh1mVe3SZZ3uKEJBncG",15896273464,"https://media.birdweather.com/soundscapes/19267/19267-20260821-233418.flac",4.5,7.5,"live"
10620797274,19267,"2026-08-21T17:34:21.000-06:00",0.819756269454956,0.782537221908569,9.19816816736896,"almost_certain","BirdNET",NA,10.2198,-83.7874,FALSE,229,"Great Kiskadee","Pitangus sulphuratus","#7d4410","avian","https://media.birdweather.com/species/229/GreatKiskadee-standard-cd28a1b8e8b8e5aed433e809c229004e.jpg","https://media.birdweather.com/species/229/GreatKiskadee-thumbnail-b2749ed2442fb322cf3c4cb72f9c97f6.jpg","https://media.birdweather.com/species/229/GreatKiskadee-png200-003973af4f863deb00a4ce9b6f10e59c.png","0PgFDwIrhYqfZJh1mVe3SZZ3uKEJBncG",15896273464,"https://media.birdweather.com/soundscapes/19267/19267-20260821-233418.flac",3,6,"live"
10620264054,19267,"2026-08-21T16:59:38.000-06:00",0.706026256084442,0.206994608044624,7.08520466161896,"almost_certain","BirdNET",NA,10.2198,-83.7874,FALSE,501,"White-winged Dove","Zenaida asiatica","#d16ff8","avian","https://media.birdweather.com/species/501/White-wingedDove-standard-6528ef689b07d5a91f1c2275cdef19c9.jpg","https://media.birdweather.com/species/501/White-wingedDove-thumbnail-4a940adfd5a6c78c73c48c5095e7b896.jpg","https://media.birdweather.com/species/501/White-wingedDove-png200-d65decd3d571b5a9dbeca249ef97689f.png","IscJLwb6hoVelZWZdoh3eIeIdxBoB4IG",15895229606,"https://media.birdweather.com/soundscapes/19267/19267-20260821-225938.flac",0,3,"live"
10620250857,19267,"2026-08-21T16:58:46.000-06:00",0.893588721752167,0.206994608044624,7.6054880056546,"almost_certain","BirdNET",NA,10.2198,-83.7874,FALSE,501,"White-winged Dove","Zenaida asiatica","#d16ff8","avian","https://media.birdweather.com/species/501/White-wingedDove-standard-6528ef689b07d5a91f1c2275cdef19c9.jpg","https://media.birdweather.com/species/501/White-wingedDove-thumbnail-4a940adfd5a6c78c73c48c5095e7b896.jpg","https://media.birdweather.com/species/501/White-wingedDove-png200-d65decd3d571b5a9dbeca249ef97689f.png","IscJLwb6hoVelZWZdoh3eIeIdxBoB4IG",15895204762,"https://media.birdweather.com/soundscapes/19267/19267-20260821-225846.flac",0,3,"live"
10620237632,19267,"2026-08-21T16:57:59.500-06:00",0.9689981341362,0.206971749663353,7.76918825463511,"almost_certain","BirdNET",NA,10.2198,-83.7874,FALSE,501,"White-winged Dove","Zenaida asiatica","#d16ff8","avian","https://media.birdweather.com/species/501/White-wingedDove-standard-6528ef689b07d5a91f1c2275cdef19c9.jpg","https://media.birdweather.com/species/501/White-wingedDove-thumbnail-4a940adfd5a6c78c73c48c5095e7b896.jpg","https://media.birdweather.com/species/501/White-wingedDove-png200-d65decd3d571b5a9dbeca249ef97689f.png","IscJLwb6hoVelZWZdoh3eIeIdxBoB4IG",15895180152,"https://media.birdweather.com/soundscapes/19267/19267-20260821-225755.flac",4.5,7.5,"live"
10620237629,19267,"2026-08-21T16:57:58.000-06:00",0.869856774806976,0.206971749663353,7.54944544131223,"almost_certain","BirdNET",NA,10.2198,-83.7874,FALSE,501,"White-winged Dove","Zenaida asiatica","#d16ff8","avian","https://media.birdweather.com/species/501/White-wingedDove-standard-6528ef689b07d5a91f1c2275cdef19c9.jpg","https://media.birdweather.com/species/501/White-wingedDove-thumbnail-4a940adfd5a6c78c73c48c5095e7b896.jpg","https://media.birdweather.com/species/501/White-wingedDove-png200-d65decd3d571b5a9dbeca249ef97689f.png","IscJLwb6hoVelZWZdoh3eIeIdxBoB4IG",15895180152,"https://media.birdweather.com/soundscapes/19267/19267-20260821-225755.flac",3,6,"live"
10620224520,19267,"2026-08-21T16:57:09.000-06:00",0.711086809635162,0.206988126039505,7.10213335158101,"almost_certain","BirdNET",NA,10.2198,-83.7874,FALSE,501,"White-winged Dove","Zenaida asiatica","#d16ff8","avian","https://media.birdweather.com/species/501/White-wingedDove-standard-6528ef689b07d5a91f1c2275cdef19c9.jpg","https://media.birdweather.com/species/501/White-wingedDove-thumbnail-4a940adfd5a6c78c73c48c5095e7b896.jpg","https://media.birdweather.com/species/501/White-wingedDove-png200-d65decd3d571b5a9dbeca249ef97689f.png","IscJLwb6hoVelZWZdoh3eIeIdxBoB4IG",15895155266,"https://media.birdweather.com/soundscapes/19267/19267-20260821-225703.flac",6,9,"live"
10620207917,19267,"2026-08-21T16:56:02.000-06:00",0.761374354362488,0.206984281539917,7.2602144134589,"almost_certain","BirdNET",NA,10.2198,-83.7874,FALSE,501,"White-winged Dove","Zenaida asiatica","#d16ff8","avian","https://media.birdweather.com/species/501/White-wingedDove-standard-6528ef689b07d5a91f1c2275cdef19c9.jpg","https://media.birdweather.com/species/501/White-wingedDove-thumbnail-4a940adfd5a6c78c73c48c5095e7b896.jpg","https://media.birdweather.com/species/501/White-wingedDove-png200-d65decd3d571b5a9dbeca249ef97689f.png","IscJLwb6hoVelZWZdoh3eIeIdxBoB4IG",15895123185,"https://media.birdweather.com/soundscapes/19267/19267-20260821-225556.flac",6,9,"live"
10620201141,19267,"2026-08-21T16:55:33.500-06:00",0.898737847805023,0.206984132528305,7.61725477675521,"almost_certain","BirdNET",NA,10.2198,-83.7874,FALSE,501,"White-winged Dove","Zenaida asiatica","#d16ff8","avian","https://media.birdweather.com/species/501/White-wingedDove-standard-6528ef689b07d5a91f1c2275cdef19c9.jpg","https://media.birdweather.com/species/501/White-wingedDove-thumbnail-4a940adfd5a6c78c73c48c5095e7b896.jpg","https://media.birdweather.com/species/501/White-wingedDove-png200-d65decd3d571b5a9dbeca249ef97689f.png","IscJLwb6hoVelZWZdoh3eIeIdxBoB4IG",15895109976,"https://media.birdweather.com/soundscapes/19267/19267-20260821-225529.flac",4.5,7.5,"live"
10620201139,19267,"2026-08-21T16:55:32.000-06:00",0.968154549598694,0.206984132528305,7.76753782530218,"almost_certain","BirdNET",NA,10.2198,-83.7874,FALSE,501,"White-winged Dove","Zenaida asiatica","#d16ff8","avian","https://media.birdweather.com/species/501/White-wingedDove-standard-6528ef689b07d5a91f1c2275cdef19c9.jpg","https://media.birdweather.com/species/501/White-wingedDove-thumbnail-4a940adfd5a6c78c73c48c5095e7b896.jpg","https://media.birdweather.com/species/501/White-wingedDove-png200-d65decd3d571b5a9dbeca249ef97689f.png","IscJLwb6hoVelZWZdoh3eIeIdxBoB4IG",15895109976,"https://media.birdweather.com/soundscapes/19267/19267-20260821-225529.flac",3,6,"live"
10620165735,19267,"2026-08-21T16:53:13.000-06:00",0.9746373295784,0.206967085599899,7.78065856520564,"almost_certain","BirdNET",NA,10.2198,-83.7874,FALSE,501,"White-winged Dove","Zenaida asiatica","#d16ff8","avian","https://media.birdweather.com/species/501/White-wingedDove-standard-6528ef689b07d5a91f1c2275cdef19c9.jpg","https://media.birdweather.com/species/501/White-wingedDove-thumbnail-4a940adfd5a6c78c73c48c5095e7b896.jpg","https://media.birdweather.com/species/501/White-wingedDove-png200-d65decd3d571b5a9dbeca249ef97689f.png","IscJLwb6hoVelZWZdoh3eIeIdxBoB4IG",15895041146,"https://media.birdweather.com/soundscapes/19267/19267-20260821-225307.flac",6,9,"live"
10620165729,19267,"2026-08-21T16:53:11.500-06:00",0.917303264141083,0.206967085599899,7.65898223466543,"almost_certain","BirdNET",NA,10.2198,-83.7874,FALSE,501,"White-winged Dove","Zenaida asiatica","#d16ff8","avian","https://media.birdweather.com/species/501/White-wingedDove-standard-6528ef689b07d5a91f1c2275cdef19c9.jpg","https://media.birdweather.com/species/501/White-wingedDove-thumbnail-4a940adfd5a6c78c73c48c5095e7b896.jpg","https://media.birdweather.com/species/501/White-wingedDove-png200-d65decd3d571b5a9dbeca249ef97689f.png","IscJLwb6hoVelZWZdoh3eIeIdxBoB4IG",15895041146,"https://media.birdweather.com/soundscapes/19267/19267-20260821-225307.flac",4.5,7.5,"live"
10620165725,19267,"2026-08-21T16:53:10.000-06:00",0.903653681278229,0.206967085599899,7.62834936479184,"almost_certain","BirdNET",NA,10.2198,-83.7874,FALSE,501,"White-winged Dove","Zenaida asiatica","#d16ff8","avian","https://media.birdweather.com/species/501/White-wingedDove-standard-6528ef689b07d5a91f1c2275cdef19c9.jpg","https://media.birdweather.com/species/501/White-wingedDove-thumbnail-4a940adfd5a6c78c73c48c5095e7b896.jpg","https://media.birdweather.com/species/501/White-wingedDove-png200-d65decd3d571b5a9dbeca249ef97689f.png","IscJLwb6hoVelZWZdoh3eIeIdxBoB4IG",15895041146,"https://media.birdweather.com/soundscapes/19267/19267-20260821-225307.flac",3,6,"live"
10620156015,19267,"2026-08-21T16:52:30.500-06:00",0.912655055522919,0.206944674253464,7.64848576868776,"almost_certain","BirdNET",NA,10.2198,-83.7874,FALSE,501,"White-winged Dove","Zenaida asiatica","#d16ff8","avian","https://media.birdweather.com/species/501/White-wingedDove-standard-6528ef689b07d5a91f1c2275cdef19c9.jpg","https://media.birdweather.com/species/501/White-wingedDove-thumbnail-4a940adfd5a6c78c73c48c5095e7b896.jpg","https://media.birdweather.com/species/501/White-wingedDove-png200-d65decd3d571b5a9dbeca249ef97689f.png","IscJLwb6hoVelZWZdoh3eIeIdxBoB4IG",15895022531,"https://media.birdweather.com/soundscapes/19267/19267-20260821-225229.flac",1.5,4.5,"live"
10620156010,19267,"2026-08-21T16:52:29.000-06:00",0.982007563114166,0.206944674253464,7.79540276732501,"almost_certain","BirdNET",NA,10.2198,-83.7874,FALSE,501,"White-winged Dove","Zenaida asiatica","#d16ff8","avian","https://media.birdweather.com/species/501/White-wingedDove-standard-6528ef689b07d5a91f1c2275cdef19c9.jpg","https://media.birdweather.com/species/501/White-wingedDove-thumbnail-4a940adfd5a6c78c73c48c5095e7b896.jpg","https://media.birdweather.com/species/501/White-wingedDove-png200-d65decd3d571b5a9dbeca249ef97689f.png","IscJLwb6hoVelZWZdoh3eIeIdxBoB4IG",15895022531,"https://media.birdweather.com/soundscapes/19267/19267-20260821-225229.flac",0,3,"live"
10620142975,19267,"2026-08-21T16:51:42.500-06:00",0.975234031677246,0.206948801875114,7.78175431077033,"almost_certain","BirdNET",NA,10.2198,-83.7874,FALSE,501,"White-winged Dove","Zenaida asiatica","#d16ff8","avian","https://media.birdweather.com/species/501/White-wingedDove-standard-6528ef689b07d5a91f1c2275cdef19c9.jpg","https://media.birdweather.com/species/501/White-wingedDove-thumbnail-4a940adfd5a6c78c73c48c5095e7b896.jpg","https://media.birdweather.com/species/501/White-wingedDove-png200-d65decd3d571b5a9dbeca249ef97689f.png","IscJLwb6hoVelZWZdoh3eIeIdxBoB4IG",15894997904,"https://media.birdweather.com/soundscapes/19267/19267-20260821-225138.flac",4.5,7.5,"live"
10620142967,19267,"2026-08-21T16:51:41.000-06:00",0.965869128704071,0.206948801875114,7.76262062143728,"almost_certain","BirdNET",NA,10.2198,-83.7874,FALSE,501,"White-winged Dove","Zenaida asiatica","#d16ff8","avian","https://media.birdweather.com/species/501/White-wingedDove-standard-6528ef689b07d5a91f1c2275cdef19c9.jpg","https://media.birdweather.com/species/501/White-wingedDove-thumbnail-4a940adfd5a6c78c73c48c5095e7b896.jpg","https://media.birdweather.com/species/501/White-wingedDove-png200-d65decd3d571b5a9dbeca249ef97689f.png","IscJLwb6hoVelZWZdoh3eIeIdxBoB4IG",15894997904,"https://media.birdweather.com/soundscapes/19267/19267-20260821-225138.flac",3,6,"live"
10620142961,19267,"2026-08-21T16:51:39.500-06:00",0.933274686336517,0.206948801875114,7.69386186117168,"almost_certain","BirdNET",NA,10.2198,-83.7874,FALSE,501,"White-winged Dove","Zenaida asiatica","#d16ff8","avian","https://media.birdweather.com/species/501/White-wingedDove-standard-6528ef689b07d5a91f1c2275cdef19c9.jpg","https://media.birdweather.com/species/501/White-wingedDove-thumbnail-4a940adfd5a6c78c73c48c5095e7b896.jpg","https://media.birdweather.com/species/501/White-wingedDove-png200-d65decd3d571b5a9dbeca249ef97689f.png","IscJLwb6hoVelZWZdoh3eIeIdxBoB4IG",15894997904,"https://media.birdweather.com/soundscapes/19267/19267-20260821-225138.flac",1.5,4.5,"live"
10620002819,19267,"2026-08-21T16:42:30.500-06:00",0.761140465736389,0.67071533203125,8.82586715626284,"almost_certain","BirdNET",NA,10.2198,-83.7874,FALSE,205,"Ruddy Ground Dove","Columbina talpacoti","#53906e","avian","https://media.birdweather.com/species/205/RuddyGroundDove-standard-53ff31bb086a0bdfee231e383a62179c.jpg","https://media.birdweather.com/species/205/RuddyGroundDove-thumbnail-d67b5868d1bb1d2bfe15c5ab85a0860b.jpg","https://media.birdweather.com/species/205/RuddyGroundDove-png200-f0c3dd93639067047ad97e6d51181cc0.png","WugJDwIImHiTind4dmiIdoaZmf2mFpAJ",15894731672,"https://media.birdweather.com/soundscapes/19267/19267-20260821-224226.flac",4.5,7.5,"live"
10620002807,19267,"2026-08-21T16:42:27.500-06:00",0.767623126506805,0.67071533203125,8.84499234497957,"almost_certain","BirdNET",NA,10.2198,-83.7874,FALSE,205,"Ruddy Ground Dove","Columbina talpacoti","#53906e","avian","https://media.birdweather.com/species/205/RuddyGroundDove-standard-53ff31bb086a0bdfee231e383a62179c.jpg","https://media.birdweather.com/species/205/RuddyGroundDove-thumbnail-d67b5868d1bb1d2bfe15c5ab85a0860b.jpg","https://media.birdweather.com/species/205/RuddyGroundDove-png200-f0c3dd93639067047ad97e6d51181cc0.png","WugJDwIImHiTind4dmiIdoaZmf2mFpAJ",15894731672,"https://media.birdweather.com/soundscapes/19267/19267-20260821-224226.flac",1.5,4.5,"live"
10619747395,19267,"2026-08-21T16:26:01.500-06:00",0.841087341308594,0.100664645433426,6.55610352769241,"almost_certain","BirdNET",NA,10.2198,-83.7874,FALSE,603,"Tropical Mockingbird","Mimus gilvus","#006e2a","avian","https://media.birdweather.com/species/603/TropicalMockingbird-standard-33be42788a38707b12f757d28526a492.jpg","https://media.birdweather.com/species/603/TropicalMockingbird-thumbnail-4f6417f6928c80a2cb70eb341f54fd79.jpg","https://media.birdweather.com/species/603/TropicalMockingbird-png200-9e94d27578943cfad1e7923fe23d2300.png","q+cJFwL4VohclXidhXh5aJh4qDAaGKYA",15894255705,"https://media.birdweather.com/soundscapes/19267/19267-20260821-222557.flac",4.5,7.5,"live"
10619549098,19267,"2026-08-21T16:13:11.500-06:00",0.765365242958069,0.23705929517746,7.44984468646822,"almost_certain","BirdNET",NA,10.2198,-83.7874,FALSE,203,"Pale-vented Pigeon","Patagioenas cayennensis","#5c5311","avian","https://media.birdweather.com/species/203/Pale-ventedPigeon-standard-c76dd1ea2976acff91d41075c7c4767d.jpg","https://media.birdweather.com/species/203/Pale-ventedPigeon-thumbnail-85eda375f8f3190f1c3b5f09dd3bdd1c.jpg","https://media.birdweather.com/species/203/Pale-ventedPigeon-png200-c6fd4121f3c94e3477b46be224ef9f1a.png","0tkFFwJgS0qIl5fEZ3loeYd3SQXLpk8D",15893887027,"https://media.birdweather.com/soundscapes/19267/19267-20260821-221310.flac",1.5,4.5,"live"
10618984164,19267,"2026-08-21T15:37:30.000-06:00",0.727260112762451,0.177428483963013,6.95436967771555,"almost_certain","BirdNET",NA,10.2198,-83.7874,FALSE,349,"Southern Lapwing","Vanellus chilensis","#008b44","avian","https://media.birdweather.com/species/349/SouthernLapwing-standard-02014dbe85174d8ed1a9e83d1367f600.jpg","https://media.birdweather.com/species/349/SouthernLapwing-thumbnail-33b4d17a45224d79dbf2a0a3aa5ea2c7.jpg","https://media.birdweather.com/species/349/SouthernLapwing-png200-1801892688cffe6fb6fd8c00fbf91764.png","XhkGDwDoWodoiXerVYpYCZVFGq/V3xQD",15892855141,"https://media.birdweather.com/soundscapes/19267/19267-20260821-213724.flac",6,9,"live"
10618984161,19267,"2026-08-21T15:37:28.500-06:00",0.788844704627991,0.177428483963013,7.13884274022735,"almost_certain","BirdNET",NA,10.2198,-83.7874,FALSE,349,"Southern Lapwing","Vanellus chilensis","#008b44","avian","https://media.birdweather.com/species/349/SouthernLapwing-standard-02014dbe85174d8ed1a9e83d1367f600.jpg","https://media.birdweather.com/species/349/SouthernLapwing-thumbnail-33b4d17a45224d79dbf2a0a3aa5ea2c7.jpg","https://media.birdweather.com/species/349/SouthernLapwing-png200-1801892688cffe6fb6fd8c00fbf91764.png","XhkGDwDoWodoiXerVYpYCZVFGq/V3xQD",15892855141,"https://media.birdweather.com/soundscapes/19267/19267-20260821-213724.flac",4.5,7.5,"live"
10618984159,19267,"2026-08-21T15:37:27.000-06:00",0.724522948265076,0.177428483963013,6.94556478726723,"almost_certain","BirdNET",NA,10.2198,-83.7874,FALSE,349,"Southern Lapwing","Vanellus chilensis","#008b44","avian","https://media.birdweather.com/species/349/SouthernLapwing-standard-02014dbe85174d8ed1a9e83d1367f600.jpg","https://media.birdweather.com/species/349/SouthernLapwing-thumbnail-33b4d17a45224d79dbf2a0a3aa5ea2c7.jpg","https://media.birdweather.com/species/349/SouthernLapwing-png200-1801892688cffe6fb6fd8c00fbf91764.png","XhkGDwDoWodoiXerVYpYCZVFGq/V3xQD",15892855141,"https://media.birdweather.com/soundscapes/19267/19267-20260821-213724.flac",3,6,"live"
10618984158,19267,"2026-08-21T15:37:25.500-06:00",0.718276262283325,0.177428483963013,6.92525599626631,"almost_certain","BirdNET",NA,10.2198,-83.7874,FALSE,349,"Southern Lapwing","Vanellus chilensis","#008b44","avian","https://media.birdweather.com/species/349/SouthernLapwing-standard-02014dbe85174d8ed1a9e83d1367f600.jpg","https://media.birdweather.com/species/349/SouthernLapwing-thumbnail-33b4d17a45224d79dbf2a0a3aa5ea2c7.jpg","https://media.birdweather.com/species/349/SouthernLapwing-png200-1801892688cffe6fb6fd8c00fbf91764.png","XhkGDwDoWodoiXerVYpYCZVFGq/V3xQD",15892855141,"https://media.birdweather.com/soundscapes/19267/19267-20260821-213724.flac",1.5,4.5,"live"
10618943693,19267,"2026-08-21T15:34:56.000-06:00",0.933572709560394,0.82347971200943,9.5384551615004,"almost_certain","BirdNET",NA,10.2198,-83.7874,FALSE,547,"Clay-colored Thrush","Turdus grayi","#6a35aa","avian","https://media.birdweather.com/species/547/Clay-coloredThrush-standard-6bfc97468790235aef16f793d0f164d2.jpg","https://media.birdweather.com/species/547/Clay-coloredThrush-thumbnail-a430288208e6c65f3790075ad1f1192e.jpg","https://media.birdweather.com/species/547/Clay-coloredThrush-png200-1247890112c02c6395175d20c306cf45.png","m/gFDwZ7toiKZoh0hQl26Wx8OeevSGcA",15892782640,"https://media.birdweather.com/soundscapes/19267/19267-20260821-213453.flac",3,6,"live"
10618940049,19267,"2026-08-21T15:34:41.500-06:00",0.727694094181061,0.82347971200943,9.00009097330856,"almost_certain","BirdNET",NA,10.2198,-83.7874,FALSE,547,"Clay-colored Thrush","Turdus grayi","#6a35aa","avian","https://media.birdweather.com/species/547/Clay-coloredThrush-standard-6bfc97468790235aef16f793d0f164d2.jpg","https://media.birdweather.com/species/547/Clay-coloredThrush-thumbnail-a430288208e6c65f3790075ad1f1192e.jpg","https://media.birdweather.com/species/547/Clay-coloredThrush-png200-1247890112c02c6395175d20c306cf45.png","m/gFDwZ7toiKZoh0hQl26Wx8OeevSGcA",15892776163,"https://media.birdweather.com/soundscapes/19267/19267-20260821-213440.flac",1.5,4.5,"live"
10618940047,19267,"2026-08-21T15:34:40.000-06:00",0.83930891752243,0.82347971200943,9.31776702644321,"almost_certain","BirdNET",NA,10.2198,-83.7874,FALSE,547,"Clay-colored Thrush","Turdus grayi","#6a35aa","avian","https://media.birdweather.com/species/547/Clay-coloredThrush-standard-6bfc97468790235aef16f793d0f164d2.jpg","https://media.birdweather.com/species/547/Clay-coloredThrush-thumbnail-a430288208e6c65f3790075ad1f1192e.jpg","https://media.birdweather.com/species/547/Clay-coloredThrush-png200-1247890112c02c6395175d20c306cf45.png","m/gFDwZ7toiKZoh0hQl26Wx8OeevSGcA",15892776163,"https://media.birdweather.com/soundscapes/19267/19267-20260821-213440.flac",0,3,"live"
10618933603,19267,"2026-08-21T15:34:21.000-06:00",0.748106896877289,0.823477625846863,9.06396188480008,"almost_certain","BirdNET",NA,10.2198,-83.7874,FALSE,547,"Clay-colored Thrush","Turdus grayi","#6a35aa","avian","https://media.birdweather.com/species/547/Clay-coloredThrush-standard-6bfc97468790235aef16f793d0f164d2.jpg","https://media.birdweather.com/species/547/Clay-coloredThrush-thumbnail-a430288208e6c65f3790075ad1f1192e.jpg","https://media.birdweather.com/species/547/Clay-coloredThrush-png200-1247890112c02c6395175d20c306cf45.png","m/gFDwZ7toiKZoh0hQl26Wx8OeevSGcA",15892764427,"https://media.birdweather.com/soundscapes/19267/19267-20260821-213415.flac",6,9,"live"
10618923555,19267,"2026-08-21T15:33:38.000-06:00",0.813879132270813,0.100664801895618,6.48542357055328,"almost_certain","BirdNET",NA,10.2198,-83.7874,FALSE,603,"Tropical Mockingbird","Mimus gilvus","#006e2a","avian","https://media.birdweather.com/species/603/TropicalMockingbird-standard-33be42788a38707b12f757d28526a492.jpg","https://media.birdweather.com/species/603/TropicalMockingbird-thumbnail-4f6417f6928c80a2cb70eb341f54fd79.jpg","https://media.birdweather.com/species/603/TropicalMockingbird-png200-9e94d27578943cfad1e7923fe23d2300.png","q+cJFwL4VohclXidhXh5aJh4qDAaGKYA",15892746420,"https://media.birdweather.com/soundscapes/19267/19267-20260821-213338.flac",0,3,"live"
10618890715,19267,"2026-08-21T15:31:29.000-06:00",0.818090915679932,0.206996649503708,7.41913163990956,"almost_certain","BirdNET",NA,10.2198,-83.7874,FALSE,501,"White-winged Dove","Zenaida asiatica","#d16ff8","avian","https://media.birdweather.com/species/501/White-wingedDove-standard-6528ef689b07d5a91f1c2275cdef19c9.jpg","https://media.birdweather.com/species/501/White-wingedDove-thumbnail-4a940adfd5a6c78c73c48c5095e7b896.jpg","https://media.birdweather.com/species/501/White-wingedDove-png200-d65decd3d571b5a9dbeca249ef97689f.png","IscJLwb6hoVelZWZdoh3eIeIdxBoB4IG",15892685210,"https://media.birdweather.com/soundscapes/19267/19267-20260821-213129.flac",0,3,"live"
10618884123,19267,"2026-08-21T15:31:04.000-06:00",0.724573254585266,0.206994786858559,7.146399210587,"almost_certain","BirdNET",NA,10.2198,-83.7874,FALSE,501,"White-winged Dove","Zenaida asiatica","#d16ff8","avian","https://media.birdweather.com/species/501/White-wingedDove-standard-6528ef689b07d5a91f1c2275cdef19c9.jpg","https://media.birdweather.com/species/501/White-wingedDove-thumbnail-4a940adfd5a6c78c73c48c5095e7b896.jpg","https://media.birdweather.com/species/501/White-wingedDove-png200-d65decd3d571b5a9dbeca249ef97689f.png","IscJLwb6hoVelZWZdoh3eIeIdxBoB4IG",15892673007,"https://media.birdweather.com/soundscapes/19267/19267-20260821-213104.flac",0,3,"live"
10618580152,19267,"2026-08-21T15:11:46.000-06:00",0.863076746463776,0.601669371128082,8.95294963104248,"almost_certain","BirdNET",NA,10.2198,-83.7874,FALSE,897,"Orange-chinned Parakeet","Brotogeris jugularis","#c85500","avian","https://media.birdweather.com/species/897/Orange-chinnedParakeet-standard-0bf0068f65faf91a77e897bad45dfb9c.jpg","https://media.birdweather.com/species/897/Orange-chinnedParakeet-thumbnail-542c4a6c0820592c04275ed546d0c49a.jpg","https://media.birdweather.com/species/897/Orange-chinnedParakeet-png200-7d59a0f58540798895be6be2a6dcfe26.png","U+kFHwJATKdHaLhzaSaJJpuXZ4BFePYK",15892113496,"https://media.birdweather.com/soundscapes/19267/19267-20260821-211140.flac",6,9,"live"
10618580147,19267,"2026-08-21T15:11:44.500-06:00",0.911934852600098,0.601669371128082,9.06694718172582,"almost_certain","BirdNET",NA,10.2198,-83.7874,FALSE,897,"Orange-chinned Parakeet","Brotogeris jugularis","#c85500","avian","https://media.birdweather.com/species/897/Orange-chinnedParakeet-standard-0bf0068f65faf91a77e897bad45dfb9c.jpg","https://media.birdweather.com/species/897/Orange-chinnedParakeet-thumbnail-542c4a6c0820592c04275ed546d0c49a.jpg","https://media.birdweather.com/species/897/Orange-chinnedParakeet-png200-7d59a0f58540798895be6be2a6dcfe26.png","U+kFHwJATKdHaLhzaSaJJpuXZ4BFePYK",15892113496,"https://media.birdweather.com/soundscapes/19267/19267-20260821-211140.flac",4.5,7.5,"live"
10617490749,19267,"2026-08-21T14:05:25.000-06:00",0.707789480686188,0.782536804676056,8.86579321671852,"almost_certain","BirdNET",NA,10.2198,-83.7874,FALSE,229,"Great Kiskadee","Pitangus sulphuratus","#7d4410","avian","https://media.birdweather.com/species/229/GreatKiskadee-standard-cd28a1b8e8b8e5aed433e809c229004e.jpg","https://media.birdweather.com/species/229/GreatKiskadee-thumbnail-b2749ed2442fb322cf3c4cb72f9c97f6.jpg","https://media.birdweather.com/species/229/GreatKiskadee-png200-003973af4f863deb00a4ce9b6f10e59c.png","0PgFDwIrhYqfZJh1mVe3SZZ3uKEJBncG",15890148684,"https://media.birdweather.com/soundscapes/19267/19267-20260821-200519.flac",6,9,"live"
10617174114,19267,"2026-08-21T13:45:41.500-06:00",0.94730931520462,0.782538056373596,9.4988356559105,"almost_certain","BirdNET",NA,10.2198,-83.7874,FALSE,229,"Great Kiskadee","Pitangus sulphuratus","#7d4410","avian","https://media.birdweather.com/species/229/GreatKiskadee-standard-cd28a1b8e8b8e5aed433e809c229004e.jpg","https://media.birdweather.com/species/229/GreatKiskadee-thumbnail-b2749ed2442fb322cf3c4cb72f9c97f6.jpg","https://media.birdweather.com/species/229/GreatKiskadee-png200-003973af4f863deb00a4ce9b6f10e59c.png","0PgFDwIrhYqfZJh1mVe3SZZ3uKEJBncG",15889580042,"https://media.birdweather.com/soundscapes/19267/19267-20260821-194537.flac",4.5,7.5,"live"
10617174113,19267,"2026-08-21T13:45:40.000-06:00",0.768065094947815,0.782538056373596,9.054658532646,"almost_certain","BirdNET",NA,10.2198,-83.7874,FALSE,229,"Great Kiskadee","Pitangus sulphuratus","#7d4410","avian","https://media.birdweather.com/species/229/GreatKiskadee-standard-cd28a1b8e8b8e5aed433e809c229004e.jpg","https://media.birdweather.com/species/229/GreatKiskadee-thumbnail-b2749ed2442fb322cf3c4cb72f9c97f6.jpg","https://media.birdweather.com/species/229/GreatKiskadee-png200-003973af4f863deb00a4ce9b6f10e59c.png","0PgFDwIrhYqfZJh1mVe3SZZ3uKEJBncG",15889580042,"https://media.birdweather.com/soundscapes/19267/19267-20260821-194537.flac",3,6,"live"
10617170607,19267,"2026-08-21T13:45:29.000-06:00",0.70095682144165,0.782539367675781,8.84264832121206,"almost_certain","BirdNET",NA,10.2198,-83.7874,FALSE,229,"Great Kiskadee","Pitangus sulphuratus","#7d4410","avian","https://media.birdweather.com/species/229/GreatKiskadee-standard-cd28a1b8e8b8e5aed433e809c229004e.jpg","https://media.birdweather.com/species/229/GreatKiskadee-thumbnail-b2749ed2442fb322cf3c4cb72f9c97f6.jpg","https://media.birdweather.com/species/229/GreatKiskadee-png200-003973af4f863deb00a4ce9b6f10e59c.png","0PgFDwIrhYqfZJh1mVe3SZZ3uKEJBncG",15889573499,"https://media.birdweather.com/soundscapes/19267/19267-20260821-194523.flac",6,9,"live"
10617170604,19267,"2026-08-21T13:45:27.500-06:00",0.732684433460236,0.782539367675781,8.94698057108447,"almost_certain","BirdNET",NA,10.2198,-83.7874,FALSE,229,"Great Kiskadee","Pitangus sulphuratus","#7d4410","avian","https://media.birdweather.com/species/229/GreatKiskadee-standard-cd28a1b8e8b8e5aed433e809c229004e.jpg","https://media.birdweather.com/species/229/GreatKiskadee-thumbnail-b2749ed2442fb322cf3c4cb72f9c97f6.jpg","https://media.birdweather.com/species/229/GreatKiskadee-png200-003973af4f863deb00a4ce9b6f10e59c.png","0PgFDwIrhYqfZJh1mVe3SZZ3uKEJBncG",15889573499,"https://media.birdweather.com/soundscapes/19267/19267-20260821-194523.flac",4.5,7.5,"live"
10617170601,19267,"2026-08-21T13:45:26.000-06:00",0.720152080059052,0.782539367675781,8.9067136268408,"almost_certain","BirdNET",NA,10.2198,-83.7874,FALSE,229,"Great Kiskadee","Pitangus sulphuratus","#7d4410","avian","https://media.birdweather.com/species/229/GreatKiskadee-standard-cd28a1b8e8b8e5aed433e809c229004e.jpg","https://media.birdweather.com/species/229/GreatKiskadee-thumbnail-b2749ed2442fb322cf3c4cb72f9c97f6.jpg","https://media.birdweather.com/species/229/GreatKiskadee-png200-003973af4f863deb00a4ce9b6f10e59c.png","0PgFDwIrhYqfZJh1mVe3SZZ3uKEJBncG",15889573499,"https://media.birdweather.com/soundscapes/19267/19267-20260821-194523.flac",3,6,"live"
10617170589,19267,"2026-08-21T13:45:23.000-06:00",0.840828835964203,0.782539367675781,9.25261958813105,"almost_certain","BirdNET",NA,10.2198,-83.7874,FALSE,229,"Great Kiskadee","Pitangus sulphuratus","#7d4410","avian","https://media.birdweather.com/species/229/GreatKiskadee-standard-cd28a1b8e8b8e5aed433e809c229004e.jpg","https://media.birdweather.com/species/229/GreatKiskadee-thumbnail-b2749ed2442fb322cf3c4cb72f9c97f6.jpg","https://media.birdweather.com/species/229/GreatKiskadee-png200-003973af4f863deb00a4ce9b6f10e59c.png","0PgFDwIrhYqfZJh1mVe3SZZ3uKEJBncG",15889573499,"https://media.birdweather.com/soundscapes/19267/19267-20260821-194523.flac",0,3,"live"
10617167458,19267,"2026-08-21T13:45:14.000-06:00",0.960545182228088,0.782537162303925,9.52656465223407,"almost_certain","BirdNET",NA,10.2198,-83.7874,FALSE,229,"Great Kiskadee","Pitangus sulphuratus","#7d4410","avian","https://media.birdweather.com/species/229/GreatKiskadee-standard-cd28a1b8e8b8e5aed433e809c229004e.jpg","https://media.birdweather.com/species/229/GreatKiskadee-thumbnail-b2749ed2442fb322cf3c4cb72f9c97f6.jpg","https://media.birdweather.com/species/229/GreatKiskadee-png200-003973af4f863deb00a4ce9b6f10e59c.png","0PgFDwIrhYqfZJh1mVe3SZZ3uKEJBncG",15889567706,"https://media.birdweather.com/soundscapes/19267/19267-20260821-194511.flac",3,6,"live"
10617167452,19267,"2026-08-21T13:45:12.500-06:00",0.847747683525085,0.782537162303925,9.27003108592467,"almost_certain","BirdNET",NA,10.2198,-83.7874,FALSE,229,"Great Kiskadee","Pitangus sulphuratus","#7d4410","avian","https://media.birdweather.com/species/229/GreatKiskadee-standard-cd28a1b8e8b8e5aed433e809c229004e.jpg","https://media.birdweather.com/species/229/GreatKiskadee-thumbnail-b2749ed2442fb322cf3c4cb72f9c97f6.jpg","https://media.birdweather.com/species/229/GreatKiskadee-png200-003973af4f863deb00a4ce9b6f10e59c.png","0PgFDwIrhYqfZJh1mVe3SZZ3uKEJBncG",15889567706,"https://media.birdweather.com/soundscapes/19267/19267-20260821-194511.flac",1.5,4.5,"live"
10617167449,19267,"2026-08-21T13:45:11.000-06:00",0.841983199119568,0.782537162303925,9.25553683339985,"almost_certain","BirdNET",NA,10.2198,-83.7874,FALSE,229,"Great Kiskadee","Pitangus sulphuratus","#7d4410","avian","https://media.birdweather.com/species/229/GreatKiskadee-standard-cd28a1b8e8b8e5aed433e809c229004e.jpg","https://media.birdweather.com/species/229/GreatKiskadee-thumbnail-b2749ed2442fb322cf3c4cb72f9c97f6.jpg","https://media.birdweather.com/species/229/GreatKiskadee-png200-003973af4f863deb00a4ce9b6f10e59c.png","0PgFDwIrhYqfZJh1mVe3SZZ3uKEJBncG",15889567706,"https://media.birdweather.com/soundscapes/19267/19267-20260821-194511.flac",0,3,"live"
10617164304,19267,"2026-08-21T13:45:05.000-06:00",0.792549610137939,0.782538414001465,9.12451244886409,"almost_certain","BirdNET",NA,10.2198,-83.7874,FALSE,229,"Great Kiskadee","Pitangus sulphuratus","#7d4410","avian","https://media.birdweather.com/species/229/GreatKiskadee-standard-cd28a1b8e8b8e5aed433e809c229004e.jpg","https://media.birdweather.com/species/229/GreatKiskadee-thumbnail-b2749ed2442fb322cf3c4cb72f9c97f6.jpg","https://media.birdweather.com/species/229/GreatKiskadee-png200-003973af4f863deb00a4ce9b6f10e59c.png","0PgFDwIrhYqfZJh1mVe3SZZ3uKEJBncG",15889561831,"https://media.birdweather.com/soundscapes/19267/19267-20260821-194459.flac",6,9,"live"
10617164303,19267,"2026-08-21T13:45:03.500-06:00",0.921567738056183,0.782538414001465,9.44324255083642,"almost_certain","BirdNET",NA,10.2198,-83.7874,FALSE,229,"Great Kiskadee","Pitangus sulphuratus","#7d4410","avian","https://media.birdweather.com/species/229/GreatKiskadee-standard-cd28a1b8e8b8e5aed433e809c229004e.jpg","https://media.birdweather.com/species/229/GreatKiskadee-thumbnail-b2749ed2442fb322cf3c4cb72f9c97f6.jpg","https://media.birdweather.com/species/229/GreatKiskadee-png200-003973af4f863deb00a4ce9b6f10e59c.png","0PgFDwIrhYqfZJh1mVe3SZZ3uKEJBncG",15889561831,"https://media.birdweather.com/soundscapes/19267/19267-20260821-194459.flac",4.5,7.5,"live"
10617164301,19267,"2026-08-21T13:44:59.000-06:00",0.93141233921051,0.782538414001465,9.46477103538855,"almost_certain","BirdNET",NA,10.2198,-83.7874,FALSE,229,"Great Kiskadee","Pitangus sulphuratus","#7d4410","avian","https://media.birdweather.com/species/229/GreatKiskadee-standard-cd28a1b8e8b8e5aed433e809c229004e.jpg","https://media.birdweather.com/species/229/GreatKiskadee-thumbnail-b2749ed2442fb322cf3c4cb72f9c97f6.jpg","https://media.birdweather.com/species/229/GreatKiskadee-png200-003973af4f863deb00a4ce9b6f10e59c.png","0PgFDwIrhYqfZJh1mVe3SZZ3uKEJBncG",15889561831,"https://media.birdweather.com/soundscapes/19267/19267-20260821-194459.flac",0,3,"live"
10616284046,19267,"2026-08-21T12:51:36.000-06:00",0.722474813461304,0.601670682430267,8.55937060567935,"almost_certain","BirdNET",NA,10.2198,-83.7874,FALSE,897,"Orange-chinned Parakeet","Brotogeris jugularis","#c85500","avian","https://media.birdweather.com/species/897/Orange-chinnedParakeet-standard-0bf0068f65faf91a77e897bad45dfb9c.jpg","https://media.birdweather.com/species/897/Orange-chinnedParakeet-thumbnail-542c4a6c0820592c04275ed546d0c49a.jpg","https://media.birdweather.com/species/897/Orange-chinnedParakeet-png200-7d59a0f58540798895be6be2a6dcfe26.png","U+kFHwJATKdHaLhzaSaJJpuXZ4BFePYK",15887959102,"https://media.birdweather.com/soundscapes/19267/19267-20260821-185130.flac",6,9,"live"
10616179875,19267,"2026-08-21T12:45:19.000-06:00",0.836529552936554,0.357117027044296,8.18738607979307,"almost_certain","BirdNET",NA,10.2198,-83.7874,FALSE,441,"Green Heron","Butorides virescens","#ffb86e","avian","https://media.birdweather.com/species/441/GreenHeron-standard-a6b39a5594bcdcc44c2b71461dab985b.jpg","https://media.birdweather.com/species/441/GreenHeron-thumbnail-d63ca186d1799f75983a703e9a65b5a3.jpg","https://media.birdweather.com/species/441/GreenHeron-png200-61f59173496cb5e939e9e24941307c45.png","nhgGDwKgaYiqV4hqh3dod5WpOJ+XVoAG",15887770615,"https://media.birdweather.com/soundscapes/19267/19267-20260821-184516.flac",3,6,"live"
10615959894,19267,"2026-08-21T12:32:10.500-06:00",0.87056964635849,0.100664347410202,6.6287845461836,"almost_certain","BirdNET",NA,10.2198,-83.7874,FALSE,603,"Tropical Mockingbird","Mimus gilvus","#006e2a","avian","https://media.birdweather.com/species/603/TropicalMockingbird-standard-33be42788a38707b12f757d28526a492.jpg","https://media.birdweather.com/species/603/TropicalMockingbird-thumbnail-4f6417f6928c80a2cb70eb341f54fd79.jpg","https://media.birdweather.com/species/603/TropicalMockingbird-png200-9e94d27578943cfad1e7923fe23d2300.png","q+cJFwL4VohclXidhXh5aJh4qDAaGKYA",15887369766,"https://media.birdweather.com/soundscapes/19267/19267-20260821-183206.flac",4.5,7.5,"live"
10614981883,19267,"2026-08-21T11:33:16.000-06:00",0.747682809829712,0.782535433769226,8.99365829726152,"almost_certain","BirdNET",NA,10.2198,-83.7874,FALSE,229,"Great Kiskadee","Pitangus sulphuratus","#7d4410","avian","https://media.birdweather.com/species/229/GreatKiskadee-standard-cd28a1b8e8b8e5aed433e809c229004e.jpg","https://media.birdweather.com/species/229/GreatKiskadee-thumbnail-b2749ed2442fb322cf3c4cb72f9c97f6.jpg","https://media.birdweather.com/species/229/GreatKiskadee-png200-003973af4f863deb00a4ce9b6f10e59c.png","0PgFDwIrhYqfZJh1mVe3SZZ3uKEJBncG",15885658082,"https://media.birdweather.com/soundscapes/19267/19267-20260821-173310.flac",6,9,"live"
10614948161,19267,"2026-08-21T11:31:12.500-06:00",0.715365946292877,0.782534122467041,8.89100872856638,"almost_certain","BirdNET",NA,10.2198,-83.7874,FALSE,229,"Great Kiskadee","Pitangus sulphuratus","#7d4410","avian","https://media.birdweather.com/species/229/GreatKiskadee-standard-cd28a1b8e8b8e5aed433e809c229004e.jpg","https://media.birdweather.com/species/229/GreatKiskadee-thumbnail-b2749ed2442fb322cf3c4cb72f9c97f6.jpg","https://media.birdweather.com/species/229/GreatKiskadee-png200-003973af4f863deb00a4ce9b6f10e59c.png","0PgFDwIrhYqfZJh1mVe3SZZ3uKEJBncG",15885600492,"https://media.birdweather.com/soundscapes/19267/19267-20260821-173111.flac",1.5,4.5,"live"
10614940872,19267,"2026-08-21T11:30:51.000-06:00",0.769080460071564,0.782534122467041,9.05762042973744,"almost_certain","BirdNET",NA,10.2198,-83.7874,FALSE,229,"Great Kiskadee","Pitangus sulphuratus","#7d4410","avian","https://media.birdweather.com/species/229/GreatKiskadee-standard-cd28a1b8e8b8e5aed433e809c229004e.jpg","https://media.birdweather.com/species/229/GreatKiskadee-thumbnail-b2749ed2442fb322cf3c4cb72f9c97f6.jpg","https://media.birdweather.com/species/229/GreatKiskadee-png200-003973af4f863deb00a4ce9b6f10e59c.png","0PgFDwIrhYqfZJh1mVe3SZZ3uKEJBncG",15885588084,"https://media.birdweather.com/soundscapes/19267/19267-20260821-173045.flac",6,9,"live"
10614940867,19267,"2026-08-21T11:30:48.000-06:00",0.798361897468567,0.782534122467041,9.14057694984901,"almost_certain","BirdNET",NA,10.2198,-83.7874,FALSE,229,"Great Kiskadee","Pitangus sulphuratus","#7d4410","avian","https://media.birdweather.com/species/229/GreatKiskadee-standard-cd28a1b8e8b8e5aed433e809c229004e.jpg","https://media.birdweather.com/species/229/GreatKiskadee-thumbnail-b2749ed2442fb322cf3c4cb72f9c97f6.jpg","https://media.birdweather.com/species/229/GreatKiskadee-png200-003973af4f863deb00a4ce9b6f10e59c.png","0PgFDwIrhYqfZJh1mVe3SZZ3uKEJBncG",15885588084,"https://media.birdweather.com/soundscapes/19267/19267-20260821-173045.flac",3,6,"live"
10614940859,19267,"2026-08-21T11:30:46.500-06:00",0.742965519428253,0.782534122467041,8.97914357239839,"almost_certain","BirdNET",NA,10.2198,-83.7874,FALSE,229,"Great Kiskadee","Pitangus sulphuratus","#7d4410","avian","https://media.birdweather.com/species/229/GreatKiskadee-standard-cd28a1b8e8b8e5aed433e809c229004e.jpg","https://media.birdweather.com/species/229/GreatKiskadee-thumbnail-b2749ed2442fb322cf3c4cb72f9c97f6.jpg","https://media.birdweather.com/species/229/GreatKiskadee-png200-003973af4f863deb00a4ce9b6f10e59c.png","0PgFDwIrhYqfZJh1mVe3SZZ3uKEJBncG",15885588084,"https://media.birdweather.com/soundscapes/19267/19267-20260821-173045.flac",1.5,4.5,"live"
10614882524,19267,"2026-08-21T11:27:22.000-06:00",0.855124235153198,0.670715689659119,9.07998813663418,"almost_certain","BirdNET",NA,10.2198,-83.7874,FALSE,205,"Ruddy Ground Dove","Columbina talpacoti","#53906e","avian","https://media.birdweather.com/species/205/RuddyGroundDove-standard-53ff31bb086a0bdfee231e383a62179c.jpg","https://media.birdweather.com/species/205/RuddyGroundDove-thumbnail-d67b5868d1bb1d2bfe15c5ab85a0860b.jpg","https://media.birdweather.com/species/205/RuddyGroundDove-png200-f0c3dd93639067047ad97e6d51181cc0.png","WugJDwIImHiTind4dmiIdoaZmf2mFpAJ",15885486869,"https://media.birdweather.com/soundscapes/19267/19267-20260821-172716.flac",6,9,"live"
10614882518,19267,"2026-08-21T11:27:20.500-06:00",0.790174305438995,0.670715689659119,8.90951782749385,"almost_certain","BirdNET",NA,10.2198,-83.7874,FALSE,205,"Ruddy Ground Dove","Columbina talpacoti","#53906e","avian","https://media.birdweather.com/species/205/RuddyGroundDove-standard-53ff31bb086a0bdfee231e383a62179c.jpg","https://media.birdweather.com/species/205/RuddyGroundDove-thumbnail-d67b5868d1bb1d2bfe15c5ab85a0860b.jpg","https://media.birdweather.com/species/205/RuddyGroundDove-png200-f0c3dd93639067047ad97e6d51181cc0.png","WugJDwIImHiTind4dmiIdoaZmf2mFpAJ",15885486869,"https://media.birdweather.com/soundscapes/19267/19267-20260821-172716.flac",4.5,7.5,"live"
10614882513,19267,"2026-08-21T11:27:19.000-06:00",0.826958298683167,0.670715689659119,9.00865152417623,"almost_certain","BirdNET",NA,10.2198,-83.7874,FALSE,205,"Ruddy Ground Dove","Columbina talpacoti","#53906e","avian","https://media.birdweather.com/species/205/RuddyGroundDove-standard-53ff31bb086a0bdfee231e383a62179c.jpg","https://media.birdweather.com/species/205/RuddyGroundDove-thumbnail-d67b5868d1bb1d2bfe15c5ab85a0860b.jpg","https://media.birdweather.com/species/205/RuddyGroundDove-png200-f0c3dd93639067047ad97e6d51181cc0.png","WugJDwIImHiTind4dmiIdoaZmf2mFpAJ",15885486869,"https://media.birdweather.com/soundscapes/19267/19267-20260821-172716.flac",3,6,"live"
10614701026,19267,"2026-08-21T11:16:37.500-06:00",0.804987192153931,0.670712888240814,8.950299848079,"almost_certain","BirdNET",NA,10.2198,-83.7874,FALSE,205,"Ruddy Ground Dove","Columbina talpacoti","#53906e","avian","https://media.birdweather.com/species/205/RuddyGroundDove-standard-53ff31bb086a0bdfee231e383a62179c.jpg","https://media.birdweather.com/species/205/RuddyGroundDove-thumbnail-d67b5868d1bb1d2bfe15c5ab85a0860b.jpg","https://media.birdweather.com/species/205/RuddyGroundDove-png200-f0c3dd93639067047ad97e6d51181cc0.png","WugJDwIImHiTind4dmiIdoaZmf2mFpAJ",15885177112,"https://media.birdweather.com/soundscapes/19267/19267-20260821-171633.flac",4.5,7.5,"live"
10614606478,19267,"2026-08-21T11:11:04.500-06:00",0.772524297237396,0.782532274723053,9.06763859105333,"almost_certain","BirdNET",NA,10.2198,-83.7874,FALSE,229,"Great Kiskadee","Pitangus sulphuratus","#7d4410","avian","https://media.birdweather.com/species/229/GreatKiskadee-standard-cd28a1b8e8b8e5aed433e809c229004e.jpg","https://media.birdweather.com/species/229/GreatKiskadee-thumbnail-b2749ed2442fb322cf3c4cb72f9c97f6.jpg","https://media.birdweather.com/species/229/GreatKiskadee-png200-003973af4f863deb00a4ce9b6f10e59c.png","0PgFDwIrhYqfZJh1mVe3SZZ3uKEJBncG",15885016752,"https://media.birdweather.com/soundscapes/19267/19267-20260821-171103.flac",1.5,4.5,"live"
10614599274,19267,"2026-08-21T11:10:40.000-06:00",0.757288575172424,0.782533168792725,9.02273904252042,"almost_certain","BirdNET",NA,10.2198,-83.7874,FALSE,229,"Great Kiskadee","Pitangus sulphuratus","#7d4410","avian","https://media.birdweather.com/species/229/GreatKiskadee-standard-cd28a1b8e8b8e5aed433e809c229004e.jpg","https://media.birdweather.com/species/229/GreatKiskadee-thumbnail-b2749ed2442fb322cf3c4cb72f9c97f6.jpg","https://media.birdweather.com/species/229/GreatKiskadee-png200-003973af4f863deb00a4ce9b6f10e59c.png","0PgFDwIrhYqfZJh1mVe3SZZ3uKEJBncG",15885004385,"https://media.birdweather.com/soundscapes/19267/19267-20260821-171037.flac",3,6,"live"
10614599273,19267,"2026-08-21T11:10:38.500-06:00",0.780860960483551,0.782533168792725,9.09160006183179,"almost_certain","BirdNET",NA,10.2198,-83.7874,FALSE,229,"Great Kiskadee","Pitangus sulphuratus","#7d4410","avian","https://media.birdweather.com/species/229/GreatKiskadee-standard-cd28a1b8e8b8e5aed433e809c229004e.jpg","https://media.birdweather.com/species/229/GreatKiskadee-thumbnail-b2749ed2442fb322cf3c4cb72f9c97f6.jpg","https://media.birdweather.com/species/229/GreatKiskadee-png200-003973af4f863deb00a4ce9b6f10e59c.png","0PgFDwIrhYqfZJh1mVe3SZZ3uKEJBncG",15885004385,"https://media.birdweather.com/soundscapes/19267/19267-20260821-171037.flac",1.5,4.5,"live"
10614599259,19267,"2026-08-21T11:10:37.000-06:00",0.941817760467529,0.782533168792725,9.48715500558778,"almost_certain","BirdNET",NA,10.2198,-83.7874,FALSE,229,"Great Kiskadee","Pitangus sulphuratus","#7d4410","avian","https://media.birdweather.com/species/229/GreatKiskadee-standard-cd28a1b8e8b8e5aed433e809c229004e.jpg","https://media.birdweather.com/species/229/GreatKiskadee-thumbnail-b2749ed2442fb322cf3c4cb72f9c97f6.jpg","https://media.birdweather.com/species/229/GreatKiskadee-png200-003973af4f863deb00a4ce9b6f10e59c.png","0PgFDwIrhYqfZJh1mVe3SZZ3uKEJBncG",15885004385,"https://media.birdweather.com/soundscapes/19267/19267-20260821-171037.flac",0,3,"live"
10614341294,19267,"2026-08-21T10:55:43.500-06:00",0.858492612838745,0.670712649822235,9.08826977314778,"almost_certain","BirdNET",NA,10.2198,-83.7874,FALSE,205,"Ruddy Ground Dove","Columbina talpacoti","#53906e","avian","https://media.birdweather.com/species/205/RuddyGroundDove-standard-53ff31bb086a0bdfee231e383a62179c.jpg","https://media.birdweather.com/species/205/RuddyGroundDove-thumbnail-d67b5868d1bb1d2bfe15c5ab85a0860b.jpg","https://media.birdweather.com/species/205/RuddyGroundDove-png200-f0c3dd93639067047ad97e6d51181cc0.png","WugJDwIImHiTind4dmiIdoaZmf2mFpAJ",15884571386,"https://media.birdweather.com/soundscapes/19267/19267-20260821-165542.flac",1.5,4.5,"live"
10613903492,19267,"2026-08-21T10:30:47.500-06:00",0.949259042739868,0.207001283764839,7.72834392080386,"almost_certain","BirdNET",NA,10.2198,-83.7874,FALSE,501,"White-winged Dove","Zenaida asiatica","#d16ff8","avian","https://media.birdweather.com/species/501/White-wingedDove-standard-6528ef689b07d5a91f1c2275cdef19c9.jpg","https://media.birdweather.com/species/501/White-wingedDove-thumbnail-4a940adfd5a6c78c73c48c5095e7b896.jpg","https://media.birdweather.com/species/501/White-wingedDove-png200-d65decd3d571b5a9dbeca249ef97689f.png","IscJLwb6hoVelZWZdoh3eIeIdxBoB4IG",15883846524,"https://media.birdweather.com/soundscapes/19267/19267-20260821-163043.flac",4.5,7.5,"live"
10613903491,19267,"2026-08-21T10:30:46.000-06:00",0.851547241210938,0.207001283764839,7.50489105185385,"almost_certain","BirdNET",NA,10.2198,-83.7874,FALSE,501,"White-winged Dove","Zenaida asiatica","#d16ff8","avian","https://media.birdweather.com/species/501/White-wingedDove-standard-6528ef689b07d5a91f1c2275cdef19c9.jpg","https://media.birdweather.com/species/501/White-wingedDove-thumbnail-4a940adfd5a6c78c73c48c5095e7b896.jpg","https://media.birdweather.com/species/501/White-wingedDove-png200-d65decd3d571b5a9dbeca249ef97689f.png","IscJLwb6hoVelZWZdoh3eIeIdxBoB4IG",15883846524,"https://media.birdweather.com/soundscapes/19267/19267-20260821-163043.flac",3,6,"live"
10613903487,19267,"2026-08-21T10:30:44.500-06:00",0.899280369281769,0.207001283764839,7.61860386902529,"almost_certain","BirdNET",NA,10.2198,-83.7874,FALSE,501,"White-winged Dove","Zenaida asiatica","#d16ff8","avian","https://media.birdweather.com/species/501/White-wingedDove-standard-6528ef689b07d5a91f1c2275cdef19c9.jpg","https://media.birdweather.com/species/501/White-wingedDove-thumbnail-4a940adfd5a6c78c73c48c5095e7b896.jpg","https://media.birdweather.com/species/501/White-wingedDove-png200-d65decd3d571b5a9dbeca249ef97689f.png","IscJLwb6hoVelZWZdoh3eIeIdxBoB4IG",15883846524,"https://media.birdweather.com/soundscapes/19267/19267-20260821-163043.flac",1.5,4.5,"live"
10613575533,19267,"2026-08-21T10:11:54.500-06:00",0.932156085968018,0.100666373968124,6.76923613274844,"almost_certain","BirdNET",NA,10.2198,-83.7874,FALSE,603,"Tropical Mockingbird","Mimus gilvus","#006e2a","avian","https://media.birdweather.com/species/603/TropicalMockingbird-standard-33be42788a38707b12f757d28526a492.jpg","https://media.birdweather.com/species/603/TropicalMockingbird-thumbnail-4f6417f6928c80a2cb70eb341f54fd79.jpg","https://media.birdweather.com/species/603/TropicalMockingbird-png200-9e94d27578943cfad1e7923fe23d2300.png","q+cJFwL4VohclXidhXh5aJh4qDAaGKYA",15883299248,"https://media.birdweather.com/soundscapes/19267/19267-20260821-161150.flac",4.5,7.5,"live"
10613575528,19267,"2026-08-21T10:11:53.000-06:00",0.779351830482483,0.100666373968124,6.39015508195325,"almost_certain","BirdNET",NA,10.2198,-83.7874,FALSE,603,"Tropical Mockingbird","Mimus gilvus","#006e2a","avian","https://media.birdweather.com/species/603/TropicalMockingbird-standard-33be42788a38707b12f757d28526a492.jpg","https://media.birdweather.com/species/603/TropicalMockingbird-thumbnail-4f6417f6928c80a2cb70eb341f54fd79.jpg","https://media.birdweather.com/species/603/TropicalMockingbird-png200-9e94d27578943cfad1e7923fe23d2300.png","q+cJFwL4VohclXidhXh5aJh4qDAaGKYA",15883299248,"https://media.birdweather.com/soundscapes/19267/19267-20260821-161150.flac",3,6,"live"
10613575524,19267,"2026-08-21T10:11:51.500-06:00",0.85462486743927,0.100666373968124,6.58997935347466,"almost_certain","BirdNET",NA,10.2198,-83.7874,FALSE,603,"Tropical Mockingbird","Mimus gilvus","#006e2a","avian","https://media.birdweather.com/species/603/TropicalMockingbird-standard-33be42788a38707b12f757d28526a492.jpg","https://media.birdweather.com/species/603/TropicalMockingbird-thumbnail-4f6417f6928c80a2cb70eb341f54fd79.jpg","https://media.birdweather.com/species/603/TropicalMockingbird-png200-9e94d27578943cfad1e7923fe23d2300.png","q+cJFwL4VohclXidhXh5aJh4qDAaGKYA",15883299248,"https://media.birdweather.com/soundscapes/19267/19267-20260821-161150.flac",1.5,4.5,"live"
10613575522,19267,"2026-08-21T10:11:50.000-06:00",0.819009780883789,0.100666373968124,6.49905349184208,"almost_certain","BirdNET",NA,10.2198,-83.7874,FALSE,603,"Tropical Mockingbird","Mimus gilvus","#006e2a","avian","https://media.birdweather.com/species/603/TropicalMockingbird-standard-33be42788a38707b12f757d28526a492.jpg","https://media.birdweather.com/species/603/TropicalMockingbird-thumbnail-4f6417f6928c80a2cb70eb341f54fd79.jpg","https://media.birdweather.com/species/603/TropicalMockingbird-png200-9e94d27578943cfad1e7923fe23d2300.png","q+cJFwL4VohclXidhXh5aJh4qDAaGKYA",15883299248,"https://media.birdweather.com/soundscapes/19267/19267-20260821-161150.flac",0,3,"live"
10613572120,19267,"2026-08-21T10:11:38.500-06:00",0.767154693603516,0.100666373968124,6.35484417356089,"almost_certain","BirdNET",NA,10.2198,-83.7874,FALSE,603,"Tropical Mockingbird","Mimus gilvus","#006e2a","avian","https://media.birdweather.com/species/603/TropicalMockingbird-standard-33be42788a38707b12f757d28526a492.jpg","https://media.birdweather.com/species/603/TropicalMockingbird-thumbnail-4f6417f6928c80a2cb70eb341f54fd79.jpg","https://media.birdweather.com/species/603/TropicalMockingbird-png200-9e94d27578943cfad1e7923fe23d2300.png","q+cJFwL4VohclXidhXh5aJh4qDAaGKYA",15883293260,"https://media.birdweather.com/soundscapes/19267/19267-20260821-161137.flac",1.5,4.5,"live"
10613556423,19267,"2026-08-21T10:10:46.000-06:00",0.871927678585052,0.100665643811226,6.63205750444992,"almost_certain","BirdNET",NA,10.2198,-83.7874,FALSE,603,"Tropical Mockingbird","Mimus gilvus","#006e2a","avian","https://media.birdweather.com/species/603/TropicalMockingbird-standard-33be42788a38707b12f757d28526a492.jpg","https://media.birdweather.com/species/603/TropicalMockingbird-thumbnail-4f6417f6928c80a2cb70eb341f54fd79.jpg","https://media.birdweather.com/species/603/TropicalMockingbird-png200-9e94d27578943cfad1e7923fe23d2300.png","q+cJFwL4VohclXidhXh5aJh4qDAaGKYA",15883267760,"https://media.birdweather.com/soundscapes/19267/19267-20260821-161043.flac",3,6,"live"
10613498028,19267,"2026-08-21T10:07:30.000-06:00",0.746931374073029,0.20700141787529,7.21675015949683,"almost_certain","BirdNET",NA,10.2198,-83.7874,FALSE,501,"White-winged Dove","Zenaida asiatica","#d16ff8","avian","https://media.birdweather.com/species/501/White-wingedDove-standard-6528ef689b07d5a91f1c2275cdef19c9.jpg","https://media.birdweather.com/species/501/White-wingedDove-thumbnail-4a940adfd5a6c78c73c48c5095e7b896.jpg","https://media.birdweather.com/species/501/White-wingedDove-png200-d65decd3d571b5a9dbeca249ef97689f.png","IscJLwb6hoVelZWZdoh3eIeIdxBoB4IG",15883171463,"https://media.birdweather.com/soundscapes/19267/19267-20260821-160724.flac",6,9,"live"
10613474842,19267,"2026-08-21T10:06:07.000-06:00",0.955549538135529,0.100665882229805,6.81901247267538,"almost_certain","BirdNET",NA,10.2198,-83.7874,FALSE,603,"Tropical Mockingbird","Mimus gilvus","#006e2a","avian","https://media.birdweather.com/species/603/TropicalMockingbird-standard-33be42788a38707b12f757d28526a492.jpg","https://media.birdweather.com/species/603/TropicalMockingbird-thumbnail-4f6417f6928c80a2cb70eb341f54fd79.jpg","https://media.birdweather.com/species/603/TropicalMockingbird-png200-9e94d27578943cfad1e7923fe23d2300.png","q+cJFwL4VohclXidhXh5aJh4qDAaGKYA",15883132813,"https://media.birdweather.com/soundscapes/19267/19267-20260821-160604.flac",3,6,"live"
10613474836,19267,"2026-08-21T10:06:05.500-06:00",0.747133910655975,0.100665882229805,6.29482889895785,"almost_certain","BirdNET",NA,10.2198,-83.7874,FALSE,603,"Tropical Mockingbird","Mimus gilvus","#006e2a","avian","https://media.birdweather.com/species/603/TropicalMockingbird-standard-33be42788a38707b12f757d28526a492.jpg","https://media.birdweather.com/species/603/TropicalMockingbird-thumbnail-4f6417f6928c80a2cb70eb341f54fd79.jpg","https://media.birdweather.com/species/603/TropicalMockingbird-png200-9e94d27578943cfad1e7923fe23d2300.png","q+cJFwL4VohclXidhXh5aJh4qDAaGKYA",15883132813,"https://media.birdweather.com/soundscapes/19267/19267-20260821-160604.flac",1.5,4.5,"live"
10613471445,19267,"2026-08-21T10:05:58.000-06:00",0.747857093811035,0.100667372345924,6.29706135950659,"almost_certain","BirdNET",NA,10.2198,-83.7874,FALSE,603,"Tropical Mockingbird","Mimus gilvus","#006e2a","avian","https://media.birdweather.com/species/603/TropicalMockingbird-standard-33be42788a38707b12f757d28526a492.jpg","https://media.birdweather.com/species/603/TropicalMockingbird-thumbnail-4f6417f6928c80a2cb70eb341f54fd79.jpg","https://media.birdweather.com/species/603/TropicalMockingbird-png200-9e94d27578943cfad1e7923fe23d2300.png","q+cJFwL4VohclXidhXh5aJh4qDAaGKYA",15883126906,"https://media.birdweather.com/soundscapes/19267/19267-20260821-160552.flac",6,9,"live"
10613471442,19267,"2026-08-21T10:05:56.500-06:00",0.883189499378204,0.100667372345924,6.65879339327395,"almost_certain","BirdNET",NA,10.2198,-83.7874,FALSE,603,"Tropical Mockingbird","Mimus gilvus","#006e2a","avian","https://media.birdweather.com/species/603/TropicalMockingbird-standard-33be42788a38707b12f757d28526a492.jpg","https://media.birdweather.com/species/603/TropicalMockingbird-thumbnail-4f6417f6928c80a2cb70eb341f54fd79.jpg","https://media.birdweather.com/species/603/TropicalMockingbird-png200-9e94d27578943cfad1e7923fe23d2300.png","q+cJFwL4VohclXidhXh5aJh4qDAaGKYA",15883126906,"https://media.birdweather.com/soundscapes/19267/19267-20260821-160552.flac",4.5,7.5,"live"
10613471441,19267,"2026-08-21T10:05:55.000-06:00",0.886372327804565,0.100667372345924,6.66625000754997,"almost_certain","BirdNET",NA,10.2198,-83.7874,FALSE,603,"Tropical Mockingbird","Mimus gilvus","#006e2a","avian","https://media.birdweather.com/species/603/TropicalMockingbird-standard-33be42788a38707b12f757d28526a492.jpg","https://media.birdweather.com/species/603/TropicalMockingbird-thumbnail-4f6417f6928c80a2cb70eb341f54fd79.jpg","https://media.birdweather.com/species/603/TropicalMockingbird-png200-9e94d27578943cfad1e7923fe23d2300.png","q+cJFwL4VohclXidhXh5aJh4qDAaGKYA",15883126906,"https://media.birdweather.com/soundscapes/19267/19267-20260821-160552.flac",3,6,"live"
10613471439,19267,"2026-08-21T10:05:53.500-06:00",0.95135110616684,0.100667372345924,6.81022861070498,"almost_certain","BirdNET",NA,10.2198,-83.7874,FALSE,603,"Tropical Mockingbird","Mimus gilvus","#006e2a","avian","https://media.birdweather.com/species/603/TropicalMockingbird-standard-33be42788a38707b12f757d28526a492.jpg","https://media.birdweather.com/species/603/TropicalMockingbird-thumbnail-4f6417f6928c80a2cb70eb341f54fd79.jpg","https://media.birdweather.com/species/603/TropicalMockingbird-png200-9e94d27578943cfad1e7923fe23d2300.png","q+cJFwL4VohclXidhXh5aJh4qDAaGKYA",15883126906,"https://media.birdweather.com/soundscapes/19267/19267-20260821-160552.flac",1.5,4.5,"live"
10613471438,19267,"2026-08-21T10:05:52.000-06:00",0.928218126296997,0.100667372345924,6.7606875072532,"almost_certain","BirdNET",NA,10.2198,-83.7874,FALSE,603,"Tropical Mockingbird","Mimus gilvus","#006e2a","avian","https://media.birdweather.com/species/603/TropicalMockingbird-standard-33be42788a38707b12f757d28526a492.jpg","https://media.birdweather.com/species/603/TropicalMockingbird-thumbnail-4f6417f6928c80a2cb70eb341f54fd79.jpg","https://media.birdweather.com/species/603/TropicalMockingbird-png200-9e94d27578943cfad1e7923fe23d2300.png","q+cJFwL4VohclXidhXh5aJh4qDAaGKYA",15883126906,"https://media.birdweather.com/soundscapes/19267/19267-20260821-160552.flac",0,3,"live"
10613455285,19267,"2026-08-21T10:04:58.000-06:00",0.879725992679596,0.601992845535278,8.99359524112788,"almost_certain","BirdNET",NA,10.2198,-83.7874,FALSE,121,"Social Flycatcher","Myiozetetes similis","#69b9ff","avian","https://media.birdweather.com/species/121/SocialFlycatcher-standard-6e107581e61c9f556b3a0af5200f486a.jpg","https://media.birdweather.com/species/121/SocialFlycatcher-thumbnail-87f640fcaf1441ecbbd56b57372185a8.jpg","https://media.birdweather.com/species/121/SocialFlycatcher-png200-2f6dd485cf927db0dd7fd9abc239fb19.png","2xkKJwIJh3ekeXh0e5Z4eYaIdyApd5AC",15883099882,"https://media.birdweather.com/soundscapes/19267/19267-20260821-160455.flac",3,6,"live"
10613447821,19267,"2026-08-21T10:04:33.500-06:00",0.936856746673584,0.100666739046574,6.77939017076401,"almost_certain","BirdNET",NA,10.2198,-83.7874,FALSE,603,"Tropical Mockingbird","Mimus gilvus","#006e2a","avian","https://media.birdweather.com/species/603/TropicalMockingbird-standard-33be42788a38707b12f757d28526a492.jpg","https://media.birdweather.com/species/603/TropicalMockingbird-thumbnail-4f6417f6928c80a2cb70eb341f54fd79.jpg","https://media.birdweather.com/species/603/TropicalMockingbird-png200-9e94d27578943cfad1e7923fe23d2300.png","q+cJFwL4VohclXidhXh5aJh4qDAaGKYA",15883087391,"https://media.birdweather.com/soundscapes/19267/19267-20260821-160429.flac",4.5,7.5,"live"
10613447818,19267,"2026-08-21T10:04:32.000-06:00",0.759649574756622,0.100666739046574,6.33266010820366,"almost_certain","BirdNET",NA,10.2198,-83.7874,FALSE,603,"Tropical Mockingbird","Mimus gilvus","#006e2a","avian","https://media.birdweather.com/species/603/TropicalMockingbird-standard-33be42788a38707b12f757d28526a492.jpg","https://media.birdweather.com/species/603/TropicalMockingbird-thumbnail-4f6417f6928c80a2cb70eb341f54fd79.jpg","https://media.birdweather.com/species/603/TropicalMockingbird-png200-9e94d27578943cfad1e7923fe23d2300.png","q+cJFwL4VohclXidhXh5aJh4qDAaGKYA",15883087391,"https://media.birdweather.com/soundscapes/19267/19267-20260821-160429.flac",3,6,"live"
10613443810,19267,"2026-08-21T10:04:19.500-06:00",0.870565235614777,0.100664600729942,6.628777091504,"almost_certain","BirdNET",NA,10.2198,-83.7874,FALSE,603,"Tropical Mockingbird","Mimus gilvus","#006e2a","avian","https://media.birdweather.com/species/603/TropicalMockingbird-standard-33be42788a38707b12f757d28526a492.jpg","https://media.birdweather.com/species/603/TropicalMockingbird-thumbnail-4f6417f6928c80a2cb70eb341f54fd79.jpg","https://media.birdweather.com/species/603/TropicalMockingbird-png200-9e94d27578943cfad1e7923fe23d2300.png","q+cJFwL4VohclXidhXh5aJh4qDAaGKYA",15883080655,"https://media.birdweather.com/soundscapes/19267/19267-20260821-160415.flac",4.5,7.5,"live"
10613443804,19267,"2026-08-21T10:04:15.000-06:00",0.935199201107025,0.100664600729942,6.77579335511599,"almost_certain","BirdNET",NA,10.2198,-83.7874,FALSE,603,"Tropical Mockingbird","Mimus gilvus","#006e2a","avian","https://media.birdweather.com/species/603/TropicalMockingbird-standard-33be42788a38707b12f757d28526a492.jpg","https://media.birdweather.com/species/603/TropicalMockingbird-thumbnail-4f6417f6928c80a2cb70eb341f54fd79.jpg","https://media.birdweather.com/species/603/TropicalMockingbird-png200-9e94d27578943cfad1e7923fe23d2300.png","q+cJFwL4VohclXidhXh5aJh4qDAaGKYA",15883080655,"https://media.birdweather.com/soundscapes/19267/19267-20260821-160415.flac",0,3,"live"
10613440043,19267,"2026-08-21T10:04:06.000-06:00",0.95017409324646,0.100666403770447,6.80773874559437,"almost_certain","BirdNET",NA,10.2198,-83.7874,FALSE,603,"Tropical Mockingbird","Mimus gilvus","#006e2a","avian","https://media.birdweather.com/species/603/TropicalMockingbird-standard-33be42788a38707b12f757d28526a492.jpg","https://media.birdweather.com/species/603/TropicalMockingbird-thumbnail-4f6417f6928c80a2cb70eb341f54fd79.jpg","https://media.birdweather.com/species/603/TropicalMockingbird-png200-9e94d27578943cfad1e7923fe23d2300.png","q+cJFwL4VohclXidhXh5aJh4qDAaGKYA",15883074491,"https://media.birdweather.com/soundscapes/19267/19267-20260821-160400.flac",6,9,"live"
10613440041,19267,"2026-08-21T10:04:04.500-06:00",0.905386209487915,0.100666403770447,6.70995698807039,"almost_certain","BirdNET",NA,10.2198,-83.7874,FALSE,603,"Tropical Mockingbird","Mimus gilvus","#006e2a","avian","https://media.birdweather.com/species/603/TropicalMockingbird-standard-33be42788a38707b12f757d28526a492.jpg","https://media.birdweather.com/species/603/TropicalMockingbird-thumbnail-4f6417f6928c80a2cb70eb341f54fd79.jpg","https://media.birdweather.com/species/603/TropicalMockingbird-png200-9e94d27578943cfad1e7923fe23d2300.png","q+cJFwL4VohclXidhXh5aJh4qDAaGKYA",15883074491,"https://media.birdweather.com/soundscapes/19267/19267-20260821-160400.flac",4.5,7.5,"live"
10613440037,19267,"2026-08-21T10:04:03.000-06:00",0.845509231090546,0.100666403770447,6.56727574908799,"almost_certain","BirdNET",NA,10.2198,-83.7874,FALSE,603,"Tropical Mockingbird","Mimus gilvus","#006e2a","avian","https://media.birdweather.com/species/603/TropicalMockingbird-standard-33be42788a38707b12f757d28526a492.jpg","https://media.birdweather.com/species/603/TropicalMockingbird-thumbnail-4f6417f6928c80a2cb70eb341f54fd79.jpg","https://media.birdweather.com/species/603/TropicalMockingbird-png200-9e94d27578943cfad1e7923fe23d2300.png","q+cJFwL4VohclXidhXh5aJh4qDAaGKYA",15883074491,"https://media.birdweather.com/soundscapes/19267/19267-20260821-160400.flac",3,6,"live"
10613440034,19267,"2026-08-21T10:04:01.500-06:00",0.936581671237946,0.100666403770447,6.77879415278793,"almost_certain","BirdNET",NA,10.2198,-83.7874,FALSE,603,"Tropical Mockingbird","Mimus gilvus","#006e2a","avian","https://media.birdweather.com/species/603/TropicalMockingbird-standard-33be42788a38707b12f757d28526a492.jpg","https://media.birdweather.com/species/603/TropicalMockingbird-thumbnail-4f6417f6928c80a2cb70eb341f54fd79.jpg","https://media.birdweather.com/species/603/TropicalMockingbird-png200-9e94d27578943cfad1e7923fe23d2300.png","q+cJFwL4VohclXidhXh5aJh4qDAaGKYA",15883074491,"https://media.birdweather.com/soundscapes/19267/19267-20260821-160400.flac",1.5,4.5,"live"
10613440030,19267,"2026-08-21T10:04:00.000-06:00",0.951322615146637,0.100666403770447,6.8101566931797,"almost_certain","BirdNET",NA,10.2198,-83.7874,FALSE,603,"Tropical Mockingbird","Mimus gilvus","#006e2a","avian","https://media.birdweather.com/species/603/TropicalMockingbird-standard-33be42788a38707b12f757d28526a492.jpg","https://media.birdweather.com/species/603/TropicalMockingbird-thumbnail-4f6417f6928c80a2cb70eb341f54fd79.jpg","https://media.birdweather.com/species/603/TropicalMockingbird-png200-9e94d27578943cfad1e7923fe23d2300.png","q+cJFwL4VohclXidhXh5aJh4qDAaGKYA",15883074491,"https://media.birdweather.com/soundscapes/19267/19267-20260821-160400.flac",0,3,"live"
10613430122,19267,"2026-08-21T10:03:33.500-06:00",0.83572918176651,0.100666701793671,6.54249483437399,"almost_certain","BirdNET",NA,10.2198,-83.7874,FALSE,603,"Tropical Mockingbird","Mimus gilvus","#006e2a","avian","https://media.birdweather.com/species/603/TropicalMockingbird-standard-33be42788a38707b12f757d28526a492.jpg","https://media.birdweather.com/species/603/TropicalMockingbird-thumbnail-4f6417f6928c80a2cb70eb341f54fd79.jpg","https://media.birdweather.com/species/603/TropicalMockingbird-png200-9e94d27578943cfad1e7923fe23d2300.png","q+cJFwL4VohclXidhXh5aJh4qDAaGKYA",15883057986,"https://media.birdweather.com/soundscapes/19267/19267-20260821-160329.flac",4.5,7.5,"live"
10613430118,19267,"2026-08-21T10:03:32.000-06:00",0.966221451759338,0.100666701793671,6.841145723783,"almost_certain","BirdNET",NA,10.2198,-83.7874,FALSE,603,"Tropical Mockingbird","Mimus gilvus","#006e2a","avian","https://media.birdweather.com/species/603/TropicalMockingbird-standard-33be42788a38707b12f757d28526a492.jpg","https://media.birdweather.com/species/603/TropicalMockingbird-thumbnail-4f6417f6928c80a2cb70eb341f54fd79.jpg","https://media.birdweather.com/species/603/TropicalMockingbird-png200-9e94d27578943cfad1e7923fe23d2300.png","q+cJFwL4VohclXidhXh5aJh4qDAaGKYA",15883057986,"https://media.birdweather.com/soundscapes/19267/19267-20260821-160329.flac",3,6,"live"
10613430111,19267,"2026-08-21T10:03:29.000-06:00",0.865004360675812,0.100666701793671,6.6153852372611,"almost_certain","BirdNET",NA,10.2198,-83.7874,FALSE,603,"Tropical Mockingbird","Mimus gilvus","#006e2a","avian","https://media.birdweather.com/species/603/TropicalMockingbird-standard-33be42788a38707b12f757d28526a492.jpg","https://media.birdweather.com/species/603/TropicalMockingbird-thumbnail-4f6417f6928c80a2cb70eb341f54fd79.jpg","https://media.birdweather.com/species/603/TropicalMockingbird-png200-9e94d27578943cfad1e7923fe23d2300.png","q+cJFwL4VohclXidhXh5aJh4qDAaGKYA",15883057986,"https://media.birdweather.com/soundscapes/19267/19267-20260821-160329.flac",0,3,"live"
10613412720,19267,"2026-08-21T10:02:29.500-06:00",0.731450140476227,0.782531380653381,8.94305306263743,"almost_certain","BirdNET",NA,10.2198,-83.7874,FALSE,229,"Great Kiskadee","Pitangus sulphuratus","#7d4410","avian","https://media.birdweather.com/species/229/GreatKiskadee-standard-cd28a1b8e8b8e5aed433e809c229004e.jpg","https://media.birdweather.com/species/229/GreatKiskadee-thumbnail-b2749ed2442fb322cf3c4cb72f9c97f6.jpg","https://media.birdweather.com/species/229/GreatKiskadee-png200-003973af4f863deb00a4ce9b6f10e59c.png","0PgFDwIrhYqfZJh1mVe3SZZ3uKEJBncG",15883028246,"https://media.birdweather.com/soundscapes/19267/19267-20260821-160225.flac",4.5,7.5,"live"
10613397100,19267,"2026-08-21T10:01:34.000-06:00",0.970306813716888,0.207013368606567,7.77212836552019,"almost_certain","BirdNET",NA,10.2198,-83.7874,FALSE,501,"White-winged Dove","Zenaida asiatica","#d16ff8","avian","https://media.birdweather.com/species/501/White-wingedDove-standard-6528ef689b07d5a91f1c2275cdef19c9.jpg","https://media.birdweather.com/species/501/White-wingedDove-thumbnail-4a940adfd5a6c78c73c48c5095e7b896.jpg","https://media.birdweather.com/species/501/White-wingedDove-png200-d65decd3d571b5a9dbeca249ef97689f.png","IscJLwb6hoVelZWZdoh3eIeIdxBoB4IG",15883001214,"https://media.birdweather.com/soundscapes/19267/19267-20260821-160131.flac",3,6,"live"
10613397097,19267,"2026-08-21T10:01:32.500-06:00",0.869338572025299,0.207013368606567,7.54846182110258,"almost_certain","BirdNET",NA,10.2198,-83.7874,FALSE,501,"White-winged Dove","Zenaida asiatica","#d16ff8","avian","https://media.birdweather.com/species/501/White-wingedDove-standard-6528ef689b07d5a91f1c2275cdef19c9.jpg","https://media.birdweather.com/species/501/White-wingedDove-thumbnail-4a940adfd5a6c78c73c48c5095e7b896.jpg","https://media.birdweather.com/species/501/White-wingedDove-png200-d65decd3d571b5a9dbeca249ef97689f.png","IscJLwb6hoVelZWZdoh3eIeIdxBoB4IG",15883001214,"https://media.birdweather.com/soundscapes/19267/19267-20260821-160131.flac",1.5,4.5,"live"
10613378157,19267,"2026-08-21T10:00:29.000-06:00",0.948024153709412,0.100665599107742,6.80319107993686,"almost_certain","BirdNET",NA,10.2198,-83.7874,FALSE,603,"Tropical Mockingbird","Mimus gilvus","#006e2a","avian","https://media.birdweather.com/species/603/TropicalMockingbird-standard-33be42788a38707b12f757d28526a492.jpg","https://media.birdweather.com/species/603/TropicalMockingbird-thumbnail-4f6417f6928c80a2cb70eb341f54fd79.jpg","https://media.birdweather.com/species/603/TropicalMockingbird-png200-9e94d27578943cfad1e7923fe23d2300.png","q+cJFwL4VohclXidhXh5aJh4qDAaGKYA",15882968539,"https://media.birdweather.com/soundscapes/19267/19267-20260821-160023.flac",6,9,"live"
10613378146,19267,"2026-08-21T10:00:27.500-06:00",0.963096499443054,0.100665599107742,6.83469088629002,"almost_certain","BirdNET",NA,10.2198,-83.7874,FALSE,603,"Tropical Mockingbird","Mimus gilvus","#006e2a","avian","https://media.birdweather.com/species/603/TropicalMockingbird-standard-33be42788a38707b12f757d28526a492.jpg","https://media.birdweather.com/species/603/TropicalMockingbird-thumbnail-4f6417f6928c80a2cb70eb341f54fd79.jpg","https://media.birdweather.com/species/603/TropicalMockingbird-png200-9e94d27578943cfad1e7923fe23d2300.png","q+cJFwL4VohclXidhXh5aJh4qDAaGKYA",15882968539,"https://media.birdweather.com/soundscapes/19267/19267-20260821-160023.flac",4.5,7.5,"live"
10613378138,19267,"2026-08-21T10:00:24.500-06:00",0.918634951114655,0.100665599107742,6.73960580300572,"almost_certain","BirdNET",NA,10.2198,-83.7874,FALSE,603,"Tropical Mockingbird","Mimus gilvus","#006e2a","avian","https://media.birdweather.com/species/603/TropicalMockingbird-standard-33be42788a38707b12f757d28526a492.jpg","https://media.birdweather.com/species/603/TropicalMockingbird-thumbnail-4f6417f6928c80a2cb70eb341f54fd79.jpg","https://media.birdweather.com/species/603/TropicalMockingbird-png200-9e94d27578943cfad1e7923fe23d2300.png","q+cJFwL4VohclXidhXh5aJh4qDAaGKYA",15882968539,"https://media.birdweather.com/soundscapes/19267/19267-20260821-160023.flac",1.5,4.5,"live"
10613374313,19267,"2026-08-21T10:00:15.000-06:00",0.819432199001312,0.207001999020576,7.42270761728975,"almost_certain","BirdNET",NA,10.2198,-83.7874,FALSE,501,"White-winged Dove","Zenaida asiatica","#d16ff8","avian","https://media.birdweather.com/species/501/White-wingedDove-standard-6528ef689b07d5a91f1c2275cdef19c9.jpg","https://media.birdweather.com/species/501/White-wingedDove-thumbnail-4a940adfd5a6c78c73c48c5095e7b896.jpg","https://media.birdweather.com/species/501/White-wingedDove-png200-d65decd3d571b5a9dbeca249ef97689f.png","IscJLwb6hoVelZWZdoh3eIeIdxBoB4IG",15882961805,"https://media.birdweather.com/soundscapes/19267/19267-20260821-160009.flac",6,9,"live"
10613363354,19267,"2026-08-21T09:59:35.000-06:00",0.797090530395508,0.100665673613548,6.43992854714177,"almost_certain","BirdNET",NA,10.2198,-83.7874,FALSE,603,"Tropical Mockingbird","Mimus gilvus","#006e2a","avian","https://media.birdweather.com/species/603/TropicalMockingbird-standard-33be42788a38707b12f757d28526a492.jpg","https://media.birdweather.com/species/603/TropicalMockingbird-thumbnail-4f6417f6928c80a2cb70eb341f54fd79.jpg","https://media.birdweather.com/species/603/TropicalMockingbird-png200-9e94d27578943cfad1e7923fe23d2300.png","q+cJFwL4VohclXidhXh5aJh4qDAaGKYA",15882942869,"https://media.birdweather.com/soundscapes/19267/19267-20260821-155929.flac",6,9,"live"
10613363351,19267,"2026-08-21T09:59:33.500-06:00",0.937954902648926,0.100665673613548,6.78173728914788,"almost_certain","BirdNET",NA,10.2198,-83.7874,FALSE,603,"Tropical Mockingbird","Mimus gilvus","#006e2a","avian","https://media.birdweather.com/species/603/TropicalMockingbird-standard-33be42788a38707b12f757d28526a492.jpg","https://media.birdweather.com/species/603/TropicalMockingbird-thumbnail-4f6417f6928c80a2cb70eb341f54fd79.jpg","https://media.birdweather.com/species/603/TropicalMockingbird-png200-9e94d27578943cfad1e7923fe23d2300.png","q+cJFwL4VohclXidhXh5aJh4qDAaGKYA",15882942869,"https://media.birdweather.com/soundscapes/19267/19267-20260821-155929.flac",4.5,7.5,"live"
10613363348,19267,"2026-08-21T09:59:32.000-06:00",0.985135853290558,0.100665673613548,6.87948617158838,"almost_certain","BirdNET",NA,10.2198,-83.7874,FALSE,603,"Tropical Mockingbird","Mimus gilvus","#006e2a","avian","https://media.birdweather.com/species/603/TropicalMockingbird-standard-33be42788a38707b12f757d28526a492.jpg","https://media.birdweather.com/species/603/TropicalMockingbird-thumbnail-4f6417f6928c80a2cb70eb341f54fd79.jpg","https://media.birdweather.com/species/603/TropicalMockingbird-png200-9e94d27578943cfad1e7923fe23d2300.png","q+cJFwL4VohclXidhXh5aJh4qDAaGKYA",15882942869,"https://media.birdweather.com/soundscapes/19267/19267-20260821-155929.flac",3,6,"live"
10613363347,19267,"2026-08-21T09:59:30.500-06:00",0.992667019367218,0.100665673613548,6.89446335081876,"almost_certain","BirdNET",NA,10.2198,-83.7874,FALSE,603,"Tropical Mockingbird","Mimus gilvus","#006e2a","avian","https://media.birdweather.com/species/603/TropicalMockingbird-standard-33be42788a38707b12f757d28526a492.jpg","https://media.birdweather.com/species/603/TropicalMockingbird-thumbnail-4f6417f6928c80a2cb70eb341f54fd79.jpg","https://media.birdweather.com/species/603/TropicalMockingbird-png200-9e94d27578943cfad1e7923fe23d2300.png","q+cJFwL4VohclXidhXh5aJh4qDAaGKYA",15882942869,"https://media.birdweather.com/soundscapes/19267/19267-20260821-155929.flac",1.5,4.5,"live"
10613363346,19267,"2026-08-21T09:59:29.000-06:00",0.998879611492157,0.100665673613548,6.90669622548031,"almost_certain","BirdNET",NA,10.2198,-83.7874,FALSE,603,"Tropical Mockingbird","Mimus gilvus","#006e2a","avian","https://media.birdweather.com/species/603/TropicalMockingbird-standard-33be42788a38707b12f757d28526a492.jpg","https://media.birdweather.com/species/603/TropicalMockingbird-thumbnail-4f6417f6928c80a2cb70eb341f54fd79.jpg","https://media.birdweather.com/species/603/TropicalMockingbird-png200-9e94d27578943cfad1e7923fe23d2300.png","q+cJFwL4VohclXidhXh5aJh4qDAaGKYA",15882942869,"https://media.birdweather.com/soundscapes/19267/19267-20260821-155929.flac",0,3,"live"
10613352087,19267,"2026-08-21T09:58:51.500-06:00",0.73376989364624,0.100666873157024,6.25326997984771,"almost_certain","BirdNET",NA,10.2198,-83.7874,FALSE,603,"Tropical Mockingbird","Mimus gilvus","#006e2a","avian","https://media.birdweather.com/species/603/TropicalMockingbird-standard-33be42788a38707b12f757d28526a492.jpg","https://media.birdweather.com/species/603/TropicalMockingbird-thumbnail-4f6417f6928c80a2cb70eb341f54fd79.jpg","https://media.birdweather.com/species/603/TropicalMockingbird-png200-9e94d27578943cfad1e7923fe23d2300.png","q+cJFwL4VohclXidhXh5aJh4qDAaGKYA",15882923810,"https://media.birdweather.com/soundscapes/19267/19267-20260821-155850.flac",1.5,4.5,"live"
10613344814,19267,"2026-08-21T09:58:30.000-06:00",0.797247648239136,0.100666873157024,6.44037635116917,"almost_certain","BirdNET",NA,10.2198,-83.7874,FALSE,603,"Tropical Mockingbird","Mimus gilvus","#006e2a","avian","https://media.birdweather.com/species/603/TropicalMockingbird-standard-33be42788a38707b12f757d28526a492.jpg","https://media.birdweather.com/species/603/TropicalMockingbird-thumbnail-4f6417f6928c80a2cb70eb341f54fd79.jpg","https://media.birdweather.com/species/603/TropicalMockingbird-png200-9e94d27578943cfad1e7923fe23d2300.png","q+cJFwL4VohclXidhXh5aJh4qDAaGKYA",15882911463,"https://media.birdweather.com/soundscapes/19267/19267-20260821-155824.flac",6,9,"live"
10613344807,19267,"2026-08-21T09:58:25.500-06:00",0.894638478755951,0.100666873157024,6.68542199570052,"almost_certain","BirdNET",NA,10.2198,-83.7874,FALSE,603,"Tropical Mockingbird","Mimus gilvus","#006e2a","avian","https://media.birdweather.com/species/603/TropicalMockingbird-standard-33be42788a38707b12f757d28526a492.jpg","https://media.birdweather.com/species/603/TropicalMockingbird-thumbnail-4f6417f6928c80a2cb70eb341f54fd79.jpg","https://media.birdweather.com/species/603/TropicalMockingbird-png200-9e94d27578943cfad1e7923fe23d2300.png","q+cJFwL4VohclXidhXh5aJh4qDAaGKYA",15882911463,"https://media.birdweather.com/soundscapes/19267/19267-20260821-155824.flac",1.5,4.5,"live"
10613325556,19267,"2026-08-21T09:57:24.000-06:00",0.948874950408936,0.100666739046574,6.80500269740795,"almost_certain","BirdNET",NA,10.2198,-83.7874,FALSE,603,"Tropical Mockingbird","Mimus gilvus","#006e2a","avian","https://media.birdweather.com/species/603/TropicalMockingbird-standard-33be42788a38707b12f757d28526a492.jpg","https://media.birdweather.com/species/603/TropicalMockingbird-thumbnail-4f6417f6928c80a2cb70eb341f54fd79.jpg","https://media.birdweather.com/species/603/TropicalMockingbird-png200-9e94d27578943cfad1e7923fe23d2300.png","q+cJFwL4VohclXidhXh5aJh4qDAaGKYA",15882879323,"https://media.birdweather.com/soundscapes/19267/19267-20260821-155718.flac",6,9,"live"
10613325550,19267,"2026-08-21T09:57:22.500-06:00",0.796716094017029,0.100666739046574,6.43890938729054,"almost_certain","BirdNET",NA,10.2198,-83.7874,FALSE,603,"Tropical Mockingbird","Mimus gilvus","#006e2a","avian","https://media.birdweather.com/species/603/TropicalMockingbird-standard-33be42788a38707b12f757d28526a492.jpg","https://media.birdweather.com/species/603/TropicalMockingbird-thumbnail-4f6417f6928c80a2cb70eb341f54fd79.jpg","https://media.birdweather.com/species/603/TropicalMockingbird-png200-9e94d27578943cfad1e7923fe23d2300.png","q+cJFwL4VohclXidhXh5aJh4qDAaGKYA",15882879323,"https://media.birdweather.com/soundscapes/19267/19267-20260821-155718.flac",4.5,7.5,"live"
10613314866,19267,"2026-08-21T09:56:47.000-06:00",0.919823586940765,0.100667044520378,6.7422534682318,"almost_certain","BirdNET",NA,10.2198,-83.7874,FALSE,603,"Tropical Mockingbird","Mimus gilvus","#006e2a","avian","https://media.birdweather.com/species/603/TropicalMockingbird-standard-33be42788a38707b12f757d28526a492.jpg","https://media.birdweather.com/species/603/TropicalMockingbird-thumbnail-4f6417f6928c80a2cb70eb341f54fd79.jpg","https://media.birdweather.com/species/603/TropicalMockingbird-png200-9e94d27578943cfad1e7923fe23d2300.png","q+cJFwL4VohclXidhXh5aJh4qDAaGKYA",15882861158,"https://media.birdweather.com/soundscapes/19267/19267-20260821-155641.flac",6,9,"live"
10613307354,19267,"2026-08-21T09:56:19.500-06:00",0.954903781414032,0.10066556930542,6.81765839918003,"almost_certain","BirdNET",NA,10.2198,-83.7874,FALSE,603,"Tropical Mockingbird","Mimus gilvus","#006e2a","avian","https://media.birdweather.com/species/603/TropicalMockingbird-standard-33be42788a38707b12f757d28526a492.jpg","https://media.birdweather.com/species/603/TropicalMockingbird-thumbnail-4f6417f6928c80a2cb70eb341f54fd79.jpg","https://media.birdweather.com/species/603/TropicalMockingbird-png200-9e94d27578943cfad1e7923fe23d2300.png","q+cJFwL4VohclXidhXh5aJh4qDAaGKYA",15882848813,"https://media.birdweather.com/soundscapes/19267/19267-20260821-155615.flac",4.5,7.5,"live"
10613303745,19267,"2026-08-21T09:56:08.000-06:00",0.90987241268158,0.10066556930542,6.72006158501145,"almost_certain","BirdNET",NA,10.2198,-83.7874,FALSE,603,"Tropical Mockingbird","Mimus gilvus","#006e2a","avian","https://media.birdweather.com/species/603/TropicalMockingbird-standard-33be42788a38707b12f757d28526a492.jpg","https://media.birdweather.com/species/603/TropicalMockingbird-thumbnail-4f6417f6928c80a2cb70eb341f54fd79.jpg","https://media.birdweather.com/species/603/TropicalMockingbird-png200-9e94d27578943cfad1e7923fe23d2300.png","q+cJFwL4VohclXidhXh5aJh4qDAaGKYA",15882842966,"https://media.birdweather.com/soundscapes/19267/19267-20260821-155602.flac",6,9,"live"
10613303737,19267,"2026-08-21T09:56:06.500-06:00",0.992857336997986,0.10066556930542,6.89483842988999,"almost_certain","BirdNET",NA,10.2198,-83.7874,FALSE,603,"Tropical Mockingbird","Mimus gilvus","#006e2a","avian","https://media.birdweather.com/species/603/TropicalMockingbird-standard-33be42788a38707b12f757d28526a492.jpg","https://media.birdweather.com/species/603/TropicalMockingbird-thumbnail-4f6417f6928c80a2cb70eb341f54fd79.jpg","https://media.birdweather.com/species/603/TropicalMockingbird-png200-9e94d27578943cfad1e7923fe23d2300.png","q+cJFwL4VohclXidhXh5aJh4qDAaGKYA",15882842966,"https://media.birdweather.com/soundscapes/19267/19267-20260821-155602.flac",4.5,7.5,"live"
10613303730,19267,"2026-08-21T09:56:05.000-06:00",0.98878139257431,0.10066556930542,6.88675518795379,"almost_certain","BirdNET",NA,10.2198,-83.7874,FALSE,603,"Tropical Mockingbird","Mimus gilvus","#006e2a","avian","https://media.birdweather.com/species/603/TropicalMockingbird-standard-33be42788a38707b12f757d28526a492.jpg","https://media.birdweather.com/species/603/TropicalMockingbird-thumbnail-4f6417f6928c80a2cb70eb341f54fd79.jpg","https://media.birdweather.com/species/603/TropicalMockingbird-png200-9e94d27578943cfad1e7923fe23d2300.png","q+cJFwL4VohclXidhXh5aJh4qDAaGKYA",15882842966,"https://media.birdweather.com/soundscapes/19267/19267-20260821-155602.flac",3,6,"live"
10613303714,19267,"2026-08-21T09:56:03.500-06:00",0.969293594360352,0.10066556930542,6.84743465481655,"almost_certain","BirdNET",NA,10.2198,-83.7874,FALSE,603,"Tropical Mockingbird","Mimus gilvus","#006e2a","avian","https://media.birdweather.com/species/603/TropicalMockingbird-standard-33be42788a38707b12f757d28526a492.jpg","https://media.birdweather.com/species/603/TropicalMockingbird-thumbnail-4f6417f6928c80a2cb70eb341f54fd79.jpg","https://media.birdweather.com/species/603/TropicalMockingbird-png200-9e94d27578943cfad1e7923fe23d2300.png","q+cJFwL4VohclXidhXh5aJh4qDAaGKYA",15882842966,"https://media.birdweather.com/soundscapes/19267/19267-20260821-155602.flac",1.5,4.5,"live"
10613292079,19267,"2026-08-21T09:55:28.000-06:00",0.917034924030304,0.100666634738445,6.73607068846567,"almost_certain","BirdNET",NA,10.2198,-83.7874,FALSE,603,"Tropical Mockingbird","Mimus gilvus","#006e2a","avian","https://media.birdweather.com/species/603/TropicalMockingbird-standard-33be42788a38707b12f757d28526a492.jpg","https://media.birdweather.com/species/603/TropicalMockingbird-thumbnail-4f6417f6928c80a2cb70eb341f54fd79.jpg","https://media.birdweather.com/species/603/TropicalMockingbird-png200-9e94d27578943cfad1e7923fe23d2300.png","q+cJFwL4VohclXidhXh5aJh4qDAaGKYA",15882823678,"https://media.birdweather.com/soundscapes/19267/19267-20260821-155522.flac",6,9,"live"
10613292078,19267,"2026-08-21T09:55:26.500-06:00",0.934404730796814,0.100666634738445,6.77410394640116,"almost_certain","BirdNET",NA,10.2198,-83.7874,FALSE,603,"Tropical Mockingbird","Mimus gilvus","#006e2a","avian","https://media.birdweather.com/species/603/TropicalMockingbird-standard-33be42788a38707b12f757d28526a492.jpg","https://media.birdweather.com/species/603/TropicalMockingbird-thumbnail-4f6417f6928c80a2cb70eb341f54fd79.jpg","https://media.birdweather.com/species/603/TropicalMockingbird-png200-9e94d27578943cfad1e7923fe23d2300.png","q+cJFwL4VohclXidhXh5aJh4qDAaGKYA",15882823678,"https://media.birdweather.com/soundscapes/19267/19267-20260821-155522.flac",4.5,7.5,"live"
10613292077,19267,"2026-08-21T09:55:25.000-06:00",0.950857639312744,0.100666634738445,6.80918116729417,"almost_certain","BirdNET",NA,10.2198,-83.7874,FALSE,603,"Tropical Mockingbird","Mimus gilvus","#006e2a","avian","https://media.birdweather.com/species/603/TropicalMockingbird-standard-33be42788a38707b12f757d28526a492.jpg","https://media.birdweather.com/species/603/TropicalMockingbird-thumbnail-4f6417f6928c80a2cb70eb341f54fd79.jpg","https://media.birdweather.com/species/603/TropicalMockingbird-png200-9e94d27578943cfad1e7923fe23d2300.png","q+cJFwL4VohclXidhXh5aJh4qDAaGKYA",15882823678,"https://media.birdweather.com/soundscapes/19267/19267-20260821-155522.flac",3,6,"live"
10613288483,19267,"2026-08-21T09:55:10.500-06:00",0.754873991012573,0.100666634738445,6.31835058158483,"almost_certain","BirdNET",NA,10.2198,-83.7874,FALSE,603,"Tropical Mockingbird","Mimus gilvus","#006e2a","avian","https://media.birdweather.com/species/603/TropicalMockingbird-standard-33be42788a38707b12f757d28526a492.jpg","https://media.birdweather.com/species/603/TropicalMockingbird-thumbnail-4f6417f6928c80a2cb70eb341f54fd79.jpg","https://media.birdweather.com/species/603/TropicalMockingbird-png200-9e94d27578943cfad1e7923fe23d2300.png","q+cJFwL4VohclXidhXh5aJh4qDAaGKYA",15882817473,"https://media.birdweather.com/soundscapes/19267/19267-20260821-155509.flac",1.5,4.5,"live"
10613280619,19267,"2026-08-21T09:54:50.000-06:00",0.741338551044464,0.100668929517269,6.27699380021856,"almost_certain","BirdNET",NA,10.2198,-83.7874,FALSE,603,"Tropical Mockingbird","Mimus gilvus","#006e2a","avian","https://media.birdweather.com/species/603/TropicalMockingbird-standard-33be42788a38707b12f757d28526a492.jpg","https://media.birdweather.com/species/603/TropicalMockingbird-thumbnail-4f6417f6928c80a2cb70eb341f54fd79.jpg","https://media.birdweather.com/species/603/TropicalMockingbird-png200-9e94d27578943cfad1e7923fe23d2300.png","q+cJFwL4VohclXidhXh5aJh4qDAaGKYA",15882804679,"https://media.birdweather.com/soundscapes/19267/19267-20260821-155444.flac",6,9,"live"
10613280617,19267,"2026-08-21T09:54:45.500-06:00",0.967386186122894,0.100668929517269,6.84356633905112,"almost_certain","BirdNET",NA,10.2198,-83.7874,FALSE,603,"Tropical Mockingbird","Mimus gilvus","#006e2a","avian","https://media.birdweather.com/species/603/TropicalMockingbird-standard-33be42788a38707b12f757d28526a492.jpg","https://media.birdweather.com/species/603/TropicalMockingbird-thumbnail-4f6417f6928c80a2cb70eb341f54fd79.jpg","https://media.birdweather.com/species/603/TropicalMockingbird-png200-9e94d27578943cfad1e7923fe23d2300.png","q+cJFwL4VohclXidhXh5aJh4qDAaGKYA",15882804679,"https://media.birdweather.com/soundscapes/19267/19267-20260821-155444.flac",1.5,4.5,"live"
10613199061,19267,"2026-08-21T09:50:07.500-06:00",0.786478281021118,0.206982389092445,7.33278848343302,"almost_certain","BirdNET",NA,10.2198,-83.7874,FALSE,501,"White-winged Dove","Zenaida asiatica","#d16ff8","avian","https://media.birdweather.com/species/501/White-wingedDove-standard-6528ef689b07d5a91f1c2275cdef19c9.jpg","https://media.birdweather.com/species/501/White-wingedDove-thumbnail-4a940adfd5a6c78c73c48c5095e7b896.jpg","https://media.birdweather.com/species/501/White-wingedDove-png200-d65decd3d571b5a9dbeca249ef97689f.png","IscJLwb6hoVelZWZdoh3eIeIdxBoB4IG",15882669645,"https://media.birdweather.com/soundscapes/19267/19267-20260821-155003.flac",4.5,7.5,"live"
10613199058,19267,"2026-08-21T09:50:06.000-06:00",0.82826840877533,0.206982389092445,7.44569326208546,"almost_certain","BirdNET",NA,10.2198,-83.7874,FALSE,501,"White-winged Dove","Zenaida asiatica","#d16ff8","avian","https://media.birdweather.com/species/501/White-wingedDove-standard-6528ef689b07d5a91f1c2275cdef19c9.jpg","https://media.birdweather.com/species/501/White-wingedDove-thumbnail-4a940adfd5a6c78c73c48c5095e7b896.jpg","https://media.birdweather.com/species/501/White-wingedDove-png200-d65decd3d571b5a9dbeca249ef97689f.png","IscJLwb6hoVelZWZdoh3eIeIdxBoB4IG",15882669645,"https://media.birdweather.com/soundscapes/19267/19267-20260821-155003.flac",3,6,"live"
10613199056,19267,"2026-08-21T09:50:04.500-06:00",0.850453317165375,0.206982389092445,7.50205183886449,"almost_certain","BirdNET",NA,10.2198,-83.7874,FALSE,501,"White-winged Dove","Zenaida asiatica","#d16ff8","avian","https://media.birdweather.com/species/501/White-wingedDove-standard-6528ef689b07d5a91f1c2275cdef19c9.jpg","https://media.birdweather.com/species/501/White-wingedDove-thumbnail-4a940adfd5a6c78c73c48c5095e7b896.jpg","https://media.birdweather.com/species/501/White-wingedDove-png200-d65decd3d571b5a9dbeca249ef97689f.png","IscJLwb6hoVelZWZdoh3eIeIdxBoB4IG",15882669645,"https://media.birdweather.com/soundscapes/19267/19267-20260821-155003.flac",1.5,4.5,"live"
10613166364,19267,"2026-08-21T09:48:13.000-06:00",0.804462790489197,0.237066581845284,7.56040506882289,"almost_certain","BirdNET",NA,10.2198,-83.7874,FALSE,203,"Pale-vented Pigeon","Patagioenas cayennensis","#5c5311","avian","https://media.birdweather.com/species/203/Pale-ventedPigeon-standard-c76dd1ea2976acff91d41075c7c4767d.jpg","https://media.birdweather.com/species/203/Pale-ventedPigeon-thumbnail-85eda375f8f3190f1c3b5f09dd3bdd1c.jpg","https://media.birdweather.com/species/203/Pale-ventedPigeon-png200-c6fd4121f3c94e3477b46be224ef9f1a.png","0tkFFwJgS0qIl5fEZ3loeYd3SQXLpk8D",15882616285,"https://media.birdweather.com/soundscapes/19267/19267-20260821-154813.flac",0,3,"live"
10613146316,19267,"2026-08-21T09:47:12.000-06:00",0.75848376750946,0.237065687775612,7.42947031502032,"almost_certain","BirdNET",NA,10.2198,-83.7874,FALSE,203,"Pale-vented Pigeon","Patagioenas cayennensis","#5c5311","avian","https://media.birdweather.com/species/203/Pale-ventedPigeon-standard-c76dd1ea2976acff91d41075c7c4767d.jpg","https://media.birdweather.com/species/203/Pale-ventedPigeon-thumbnail-85eda375f8f3190f1c3b5f09dd3bdd1c.jpg","https://media.birdweather.com/species/203/Pale-ventedPigeon-png200-c6fd4121f3c94e3477b46be224ef9f1a.png","0tkFFwJgS0qIl5fEZ3loeYd3SQXLpk8D",15882583766,"https://media.birdweather.com/soundscapes/19267/19267-20260821-154706.flac",6,9,"live"
10613146315,19267,"2026-08-21T09:47:10.500-06:00",0.786032795906067,0.237065687775612,7.50941147999659,"almost_certain","BirdNET",NA,10.2198,-83.7874,FALSE,203,"Pale-vented Pigeon","Patagioenas cayennensis","#5c5311","avian","https://media.birdweather.com/species/203/Pale-ventedPigeon-standard-c76dd1ea2976acff91d41075c7c4767d.jpg","https://media.birdweather.com/species/203/Pale-ventedPigeon-thumbnail-85eda375f8f3190f1c3b5f09dd3bdd1c.jpg","https://media.birdweather.com/species/203/Pale-ventedPigeon-png200-c6fd4121f3c94e3477b46be224ef9f1a.png","0tkFFwJgS0qIl5fEZ3loeYd3SQXLpk8D",15882583766,"https://media.birdweather.com/soundscapes/19267/19267-20260821-154706.flac",4.5,7.5,"live"
10613000244,19267,"2026-08-21T09:38:54.500-06:00",0.8463254570961,0.237063854932785,7.6696074323014,"almost_certain","BirdNET",NA,10.2198,-83.7874,FALSE,203,"Pale-vented Pigeon","Patagioenas cayennensis","#5c5311","avian","https://media.birdweather.com/species/203/Pale-ventedPigeon-standard-c76dd1ea2976acff91d41075c7c4767d.jpg","https://media.birdweather.com/species/203/Pale-ventedPigeon-thumbnail-85eda375f8f3190f1c3b5f09dd3bdd1c.jpg","https://media.birdweather.com/species/203/Pale-ventedPigeon-png200-c6fd4121f3c94e3477b46be224ef9f1a.png","0tkFFwJgS0qIl5fEZ3loeYd3SQXLpk8D",15882346104,"https://media.birdweather.com/soundscapes/19267/19267-20260821-153853.flac",1.5,4.5,"live"
10612941899,19267,"2026-08-21T09:35:40.500-06:00",0.942197561264038,0.782536029815674,9.48797041992889,"almost_certain","BirdNET",NA,10.2198,-83.7874,FALSE,229,"Great Kiskadee","Pitangus sulphuratus","#7d4410","avian","https://media.birdweather.com/species/229/GreatKiskadee-standard-cd28a1b8e8b8e5aed433e809c229004e.jpg","https://media.birdweather.com/species/229/GreatKiskadee-thumbnail-b2749ed2442fb322cf3c4cb72f9c97f6.jpg","https://media.birdweather.com/species/229/GreatKiskadee-png200-003973af4f863deb00a4ce9b6f10e59c.png","0PgFDwIrhYqfZJh1mVe3SZZ3uKEJBncG",15882250692,"https://media.birdweather.com/soundscapes/19267/19267-20260821-153536.flac",4.5,7.5,"live"
10612941898,19267,"2026-08-21T09:35:39.000-06:00",0.958750784397125,0.782536029815674,9.52283596971534,"almost_certain","BirdNET",NA,10.2198,-83.7874,FALSE,229,"Great Kiskadee","Pitangus sulphuratus","#7d4410","avian","https://media.birdweather.com/species/229/GreatKiskadee-standard-cd28a1b8e8b8e5aed433e809c229004e.jpg","https://media.birdweather.com/species/229/GreatKiskadee-thumbnail-b2749ed2442fb322cf3c4cb72f9c97f6.jpg","https://media.birdweather.com/species/229/GreatKiskadee-png200-003973af4f863deb00a4ce9b6f10e59c.png","0PgFDwIrhYqfZJh1mVe3SZZ3uKEJBncG",15882250692,"https://media.birdweather.com/soundscapes/19267/19267-20260821-153536.flac",3,6,"live"
10612941895,19267,"2026-08-21T09:35:37.500-06:00",0.868485450744629,0.782536029815674,9.32093965869865,"almost_certain","BirdNET",NA,10.2198,-83.7874,FALSE,229,"Great Kiskadee","Pitangus sulphuratus","#7d4410","avian","https://media.birdweather.com/species/229/GreatKiskadee-standard-cd28a1b8e8b8e5aed433e809c229004e.jpg","https://media.birdweather.com/species/229/GreatKiskadee-thumbnail-b2749ed2442fb322cf3c4cb72f9c97f6.jpg","https://media.birdweather.com/species/229/GreatKiskadee-png200-003973af4f863deb00a4ce9b6f10e59c.png","0PgFDwIrhYqfZJh1mVe3SZZ3uKEJBncG",15882250692,"https://media.birdweather.com/soundscapes/19267/19267-20260821-153536.flac",1.5,4.5,"live"
10612934621,19267,"2026-08-21T09:35:14.000-06:00",0.828720390796661,0.782536029815674,9.22159275211621,"almost_certain","BirdNET",NA,10.2198,-83.7874,FALSE,229,"Great Kiskadee","Pitangus sulphuratus","#7d4410","avian","https://media.birdweather.com/species/229/GreatKiskadee-standard-cd28a1b8e8b8e5aed433e809c229004e.jpg","https://media.birdweather.com/species/229/GreatKiskadee-thumbnail-b2749ed2442fb322cf3c4cb72f9c97f6.jpg","https://media.birdweather.com/species/229/GreatKiskadee-png200-003973af4f863deb00a4ce9b6f10e59c.png","0PgFDwIrhYqfZJh1mVe3SZZ3uKEJBncG",15882238698,"https://media.birdweather.com/soundscapes/19267/19267-20260821-153511.flac",3,6,"live"
10612934617,19267,"2026-08-21T09:35:12.500-06:00",0.780466914176941,0.782536029815674,9.090481887092,"almost_certain","BirdNET",NA,10.2198,-83.7874,FALSE,229,"Great Kiskadee","Pitangus sulphuratus","#7d4410","avian","https://media.birdweather.com/species/229/GreatKiskadee-standard-cd28a1b8e8b8e5aed433e809c229004e.jpg","https://media.birdweather.com/species/229/GreatKiskadee-thumbnail-b2749ed2442fb322cf3c4cb72f9c97f6.jpg","https://media.birdweather.com/species/229/GreatKiskadee-png200-003973af4f863deb00a4ce9b6f10e59c.png","0PgFDwIrhYqfZJh1mVe3SZZ3uKEJBncG",15882238698,"https://media.birdweather.com/soundscapes/19267/19267-20260821-153511.flac",1.5,4.5,"live"
10612927013,19267,"2026-08-21T09:34:50.500-06:00",0.878542244434357,0.782536029815674,9.34496376984117,"almost_certain","BirdNET",NA,10.2198,-83.7874,FALSE,229,"Great Kiskadee","Pitangus sulphuratus","#7d4410","avian","https://media.birdweather.com/species/229/GreatKiskadee-standard-cd28a1b8e8b8e5aed433e809c229004e.jpg","https://media.birdweather.com/species/229/GreatKiskadee-thumbnail-b2749ed2442fb322cf3c4cb72f9c97f6.jpg","https://media.birdweather.com/species/229/GreatKiskadee-png200-003973af4f863deb00a4ce9b6f10e59c.png","0PgFDwIrhYqfZJh1mVe3SZZ3uKEJBncG",15882226442,"https://media.birdweather.com/soundscapes/19267/19267-20260821-153446.flac",4.5,7.5,"live"
10612927011,19267,"2026-08-21T09:34:49.000-06:00",0.940200805664062,0.782536029815674,9.48370410541507,"almost_certain","BirdNET",NA,10.2198,-83.7874,FALSE,229,"Great Kiskadee","Pitangus sulphuratus","#7d4410","avian","https://media.birdweather.com/species/229/GreatKiskadee-standard-cd28a1b8e8b8e5aed433e809c229004e.jpg","https://media.birdweather.com/species/229/GreatKiskadee-thumbnail-b2749ed2442fb322cf3c4cb72f9c97f6.jpg","https://media.birdweather.com/species/229/GreatKiskadee-png200-003973af4f863deb00a4ce9b6f10e59c.png","0PgFDwIrhYqfZJh1mVe3SZZ3uKEJBncG",15882226442,"https://media.birdweather.com/soundscapes/19267/19267-20260821-153446.flac",3,6,"live"
10612927003,19267,"2026-08-21T09:34:47.500-06:00",0.794404625892639,0.782536029815674,9.12965826147608,"almost_certain","BirdNET",NA,10.2198,-83.7874,FALSE,229,"Great Kiskadee","Pitangus sulphuratus","#7d4410","avian","https://media.birdweather.com/species/229/GreatKiskadee-standard-cd28a1b8e8b8e5aed433e809c229004e.jpg","https://media.birdweather.com/species/229/GreatKiskadee-thumbnail-b2749ed2442fb322cf3c4cb72f9c97f6.jpg","https://media.birdweather.com/species/229/GreatKiskadee-png200-003973af4f863deb00a4ce9b6f10e59c.png","0PgFDwIrhYqfZJh1mVe3SZZ3uKEJBncG",15882226442,"https://media.birdweather.com/soundscapes/19267/19267-20260821-153446.flac",1.5,4.5,"live"
10612923518,19267,"2026-08-21T09:34:38.500-06:00",0.73221629858017,0.782531976699829,8.94548474637285,"almost_certain","BirdNET",NA,10.2198,-83.7874,FALSE,229,"Great Kiskadee","Pitangus sulphuratus","#7d4410","avian","https://media.birdweather.com/species/229/GreatKiskadee-standard-cd28a1b8e8b8e5aed433e809c229004e.jpg","https://media.birdweather.com/species/229/GreatKiskadee-thumbnail-b2749ed2442fb322cf3c4cb72f9c97f6.jpg","https://media.birdweather.com/species/229/GreatKiskadee-png200-003973af4f863deb00a4ce9b6f10e59c.png","0PgFDwIrhYqfZJh1mVe3SZZ3uKEJBncG",15882220662,"https://media.birdweather.com/soundscapes/19267/19267-20260821-153434.flac",4.5,7.5,"live"
10612923514,19267,"2026-08-21T09:34:37.000-06:00",0.821587026119232,0.782531976699829,9.20297622303834,"almost_certain","BirdNET",NA,10.2198,-83.7874,FALSE,229,"Great Kiskadee","Pitangus sulphuratus","#7d4410","avian","https://media.birdweather.com/species/229/GreatKiskadee-standard-cd28a1b8e8b8e5aed433e809c229004e.jpg","https://media.birdweather.com/species/229/GreatKiskadee-thumbnail-b2749ed2442fb322cf3c4cb72f9c97f6.jpg","https://media.birdweather.com/species/229/GreatKiskadee-png200-003973af4f863deb00a4ce9b6f10e59c.png","0PgFDwIrhYqfZJh1mVe3SZZ3uKEJBncG",15882220662,"https://media.birdweather.com/soundscapes/19267/19267-20260821-153434.flac",3,6,"live"
10612919410,19267,"2026-08-21T09:34:26.000-06:00",0.913537085056305,0.782531976699829,9.4254156888678,"almost_certain","BirdNET",NA,10.2198,-83.7874,FALSE,229,"Great Kiskadee","Pitangus sulphuratus","#7d4410","avian","https://media.birdweather.com/species/229/GreatKiskadee-standard-cd28a1b8e8b8e5aed433e809c229004e.jpg","https://media.birdweather.com/species/229/GreatKiskadee-thumbnail-b2749ed2442fb322cf3c4cb72f9c97f6.jpg","https://media.birdweather.com/species/229/GreatKiskadee-png200-003973af4f863deb00a4ce9b6f10e59c.png","0PgFDwIrhYqfZJh1mVe3SZZ3uKEJBncG",15882214199,"https://media.birdweather.com/soundscapes/19267/19267-20260821-153420.flac",6,9,"live"
10612919408,19267,"2026-08-21T09:34:24.500-06:00",0.801817238330841,0.782531976699829,9.15003921653517,"almost_certain","BirdNET",NA,10.2198,-83.7874,FALSE,229,"Great Kiskadee","Pitangus sulphuratus","#7d4410","avian","https://media.birdweather.com/species/229/GreatKiskadee-standard-cd28a1b8e8b8e5aed433e809c229004e.jpg","https://media.birdweather.com/species/229/GreatKiskadee-thumbnail-b2749ed2442fb322cf3c4cb72f9c97f6.jpg","https://media.birdweather.com/species/229/GreatKiskadee-png200-003973af4f863deb00a4ce9b6f10e59c.png","0PgFDwIrhYqfZJh1mVe3SZZ3uKEJBncG",15882214199,"https://media.birdweather.com/soundscapes/19267/19267-20260821-153420.flac",4.5,7.5,"live"
10612919406,19267,"2026-08-21T09:34:23.000-06:00",0.957175135612488,0.782531976699829,9.51954817098614,"almost_certain","BirdNET",NA,10.2198,-83.7874,FALSE,229,"Great Kiskadee","Pitangus sulphuratus","#7d4410","avian","https://media.birdweather.com/species/229/GreatKiskadee-standard-cd28a1b8e8b8e5aed433e809c229004e.jpg","https://media.birdweather.com/species/229/GreatKiskadee-thumbnail-b2749ed2442fb322cf3c4cb72f9c97f6.jpg","https://media.birdweather.com/species/229/GreatKiskadee-png200-003973af4f863deb00a4ce9b6f10e59c.png","0PgFDwIrhYqfZJh1mVe3SZZ3uKEJBncG",15882214199,"https://media.birdweather.com/soundscapes/19267/19267-20260821-153420.flac",3,6,"live"
10612919402,19267,"2026-08-21T09:34:21.500-06:00",0.937784194946289,0.782531976699829,9.47851587921297,"almost_certain","BirdNET",NA,10.2198,-83.7874,FALSE,229,"Great Kiskadee","Pitangus sulphuratus","#7d4410","avian","https://media.birdweather.com/species/229/GreatKiskadee-standard-cd28a1b8e8b8e5aed433e809c229004e.jpg","https://media.birdweather.com/species/229/GreatKiskadee-thumbnail-b2749ed2442fb322cf3c4cb72f9c97f6.jpg","https://media.birdweather.com/species/229/GreatKiskadee-png200-003973af4f863deb00a4ce9b6f10e59c.png","0PgFDwIrhYqfZJh1mVe3SZZ3uKEJBncG",15882214199,"https://media.birdweather.com/soundscapes/19267/19267-20260821-153420.flac",1.5,4.5,"live"
10612919396,19267,"2026-08-21T09:34:20.000-06:00",0.768401861190796,0.782531976699829,9.0556333644141,"almost_certain","BirdNET",NA,10.2198,-83.7874,FALSE,229,"Great Kiskadee","Pitangus sulphuratus","#7d4410","avian","https://media.birdweather.com/species/229/GreatKiskadee-standard-cd28a1b8e8b8e5aed433e809c229004e.jpg","https://media.birdweather.com/species/229/GreatKiskadee-thumbnail-b2749ed2442fb322cf3c4cb72f9c97f6.jpg","https://media.birdweather.com/species/229/GreatKiskadee-png200-003973af4f863deb00a4ce9b6f10e59c.png","0PgFDwIrhYqfZJh1mVe3SZZ3uKEJBncG",15882214199,"https://media.birdweather.com/soundscapes/19267/19267-20260821-153420.flac",0,3,"live"
10612908342,19267,"2026-08-21T09:33:44.500-06:00",0.883796572685242,0.782531976699829,9.35734296041129,"almost_certain","BirdNET",NA,10.2198,-83.7874,FALSE,229,"Great Kiskadee","Pitangus sulphuratus","#7d4410","avian","https://media.birdweather.com/species/229/GreatKiskadee-standard-cd28a1b8e8b8e5aed433e809c229004e.jpg","https://media.birdweather.com/species/229/GreatKiskadee-thumbnail-b2749ed2442fb322cf3c4cb72f9c97f6.jpg","https://media.birdweather.com/species/229/GreatKiskadee-png200-003973af4f863deb00a4ce9b6f10e59c.png","0PgFDwIrhYqfZJh1mVe3SZZ3uKEJBncG",15882196085,"https://media.birdweather.com/soundscapes/19267/19267-20260821-153343.flac",1.5,4.5,"live"
10612904786,19267,"2026-08-21T09:33:34.000-06:00",0.734710812568665,0.782531976699829,8.95336890076618,"almost_certain","BirdNET",NA,10.2198,-83.7874,FALSE,229,"Great Kiskadee","Pitangus sulphuratus","#7d4410","avian","https://media.birdweather.com/species/229/GreatKiskadee-standard-cd28a1b8e8b8e5aed433e809c229004e.jpg","https://media.birdweather.com/species/229/GreatKiskadee-thumbnail-b2749ed2442fb322cf3c4cb72f9c97f6.jpg","https://media.birdweather.com/species/229/GreatKiskadee-png200-003973af4f863deb00a4ce9b6f10e59c.png","0PgFDwIrhYqfZJh1mVe3SZZ3uKEJBncG",15882190149,"https://media.birdweather.com/soundscapes/19267/19267-20260821-153331.flac",3,6,"live"
10612810468,19267,"2026-08-21T09:28:16.500-06:00",0.804110825061798,0.206982061266899,7.38156372588333,"almost_certain","BirdNET",NA,10.2198,-83.7874,FALSE,501,"White-winged Dove","Zenaida asiatica","#d16ff8","avian","https://media.birdweather.com/species/501/White-wingedDove-standard-6528ef689b07d5a91f1c2275cdef19c9.jpg","https://media.birdweather.com/species/501/White-wingedDove-thumbnail-4a940adfd5a6c78c73c48c5095e7b896.jpg","https://media.birdweather.com/species/501/White-wingedDove-png200-d65decd3d571b5a9dbeca249ef97689f.png","IscJLwb6hoVelZWZdoh3eIeIdxBoB4IG",15882037729,"https://media.birdweather.com/soundscapes/19267/19267-20260821-152815.flac",1.5,4.5,"live"
10612776799,19267,"2026-08-21T09:26:25.000-06:00",0.880149841308594,0.206982061266899,7.57403541272183,"almost_certain","BirdNET",NA,10.2198,-83.7874,FALSE,501,"White-winged Dove","Zenaida asiatica","#d16ff8","avian","https://media.birdweather.com/species/501/White-wingedDove-standard-6528ef689b07d5a91f1c2275cdef19c9.jpg","https://media.birdweather.com/species/501/White-wingedDove-thumbnail-4a940adfd5a6c78c73c48c5095e7b896.jpg","https://media.birdweather.com/species/501/White-wingedDove-png200-d65decd3d571b5a9dbeca249ef97689f.png","IscJLwb6hoVelZWZdoh3eIeIdxBoB4IG",15881983270,"https://media.birdweather.com/soundscapes/19267/19267-20260821-152622.flac",3,6,"live"
10612776797,19267,"2026-08-21T09:26:23.500-06:00",0.971015632152557,0.206982061266899,7.77337865497278,"almost_certain","BirdNET",NA,10.2198,-83.7874,FALSE,501,"White-winged Dove","Zenaida asiatica","#d16ff8","avian","https://media.birdweather.com/species/501/White-wingedDove-standard-6528ef689b07d5a91f1c2275cdef19c9.jpg","https://media.birdweather.com/species/501/White-wingedDove-thumbnail-4a940adfd5a6c78c73c48c5095e7b896.jpg","https://media.birdweather.com/species/501/White-wingedDove-png200-d65decd3d571b5a9dbeca249ef97689f.png","IscJLwb6hoVelZWZdoh3eIeIdxBoB4IG",15881983270,"https://media.birdweather.com/soundscapes/19267/19267-20260821-152622.flac",1.5,4.5,"live"
10612772855,19267,"2026-08-21T09:26:09.000-06:00",0.74166613817215,0.206982061266899,7.20039234790723,"almost_certain","BirdNET",NA,10.2198,-83.7874,FALSE,501,"White-winged Dove","Zenaida asiatica","#d16ff8","avian","https://media.birdweather.com/species/501/White-wingedDove-standard-6528ef689b07d5a91f1c2275cdef19c9.jpg","https://media.birdweather.com/species/501/White-wingedDove-thumbnail-4a940adfd5a6c78c73c48c5095e7b896.jpg","https://media.birdweather.com/species/501/White-wingedDove-png200-d65decd3d571b5a9dbeca249ef97689f.png","IscJLwb6hoVelZWZdoh3eIeIdxBoB4IG",15881976900,"https://media.birdweather.com/soundscapes/19267/19267-20260821-152609.flac",0,3,"live"
10612769461,19267,"2026-08-21T09:26:00.000-06:00",0.862573444843292,0.206982061266899,7.53188774208462,"almost_certain","BirdNET",NA,10.2198,-83.7874,FALSE,501,"White-winged Dove","Zenaida asiatica","#d16ff8","avian","https://media.birdweather.com/species/501/White-wingedDove-standard-6528ef689b07d5a91f1c2275cdef19c9.jpg","https://media.birdweather.com/species/501/White-wingedDove-thumbnail-4a940adfd5a6c78c73c48c5095e7b896.jpg","https://media.birdweather.com/species/501/White-wingedDove-png200-d65decd3d571b5a9dbeca249ef97689f.png","IscJLwb6hoVelZWZdoh3eIeIdxBoB4IG",15881971008,"https://media.birdweather.com/soundscapes/19267/19267-20260821-152557.flac",3,6,"live"
10612769459,19267,"2026-08-21T09:25:58.500-06:00",0.910659551620483,0.206982061266899,7.64425228023142,"almost_certain","BirdNET",NA,10.2198,-83.7874,FALSE,501,"White-winged Dove","Zenaida asiatica","#d16ff8","avian","https://media.birdweather.com/species/501/White-wingedDove-standard-6528ef689b07d5a91f1c2275cdef19c9.jpg","https://media.birdweather.com/species/501/White-wingedDove-thumbnail-4a940adfd5a6c78c73c48c5095e7b896.jpg","https://media.birdweather.com/species/501/White-wingedDove-png200-d65decd3d571b5a9dbeca249ef97689f.png","IscJLwb6hoVelZWZdoh3eIeIdxBoB4IG",15881971008,"https://media.birdweather.com/soundscapes/19267/19267-20260821-152557.flac",1.5,4.5,"live"
10612761935,19267,"2026-08-21T09:25:34.000-06:00",0.850086450576782,0.206982061266899,7.50113638585364,"almost_certain","BirdNET",NA,10.2198,-83.7874,FALSE,501,"White-winged Dove","Zenaida asiatica","#d16ff8","avian","https://media.birdweather.com/species/501/White-wingedDove-standard-6528ef689b07d5a91f1c2275cdef19c9.jpg","https://media.birdweather.com/species/501/White-wingedDove-thumbnail-4a940adfd5a6c78c73c48c5095e7b896.jpg","https://media.birdweather.com/species/501/White-wingedDove-png200-d65decd3d571b5a9dbeca249ef97689f.png","IscJLwb6hoVelZWZdoh3eIeIdxBoB4IG",15881958685,"https://media.birdweather.com/soundscapes/19267/19267-20260821-152531.flac",3,6,"live"
10612747144,19267,"2026-08-21T09:24:40.000-06:00",0.719671964645386,0.206982061266899,7.1304115373625,"almost_certain","BirdNET",NA,10.2198,-83.7874,FALSE,501,"White-winged Dove","Zenaida asiatica","#d16ff8","avian","https://media.birdweather.com/species/501/White-wingedDove-standard-6528ef689b07d5a91f1c2275cdef19c9.jpg","https://media.birdweather.com/species/501/White-wingedDove-thumbnail-4a940adfd5a6c78c73c48c5095e7b896.jpg","https://media.birdweather.com/species/501/White-wingedDove-png200-d65decd3d571b5a9dbeca249ef97689f.png","IscJLwb6hoVelZWZdoh3eIeIdxBoB4IG",15881934164,"https://media.birdweather.com/soundscapes/19267/19267-20260821-152440.flac",0,3,"live"
10612743352,19267,"2026-08-21T09:24:28.500-06:00",0.850599527359009,0.206982061266899,7.50241361706518,"almost_certain","BirdNET",NA,10.2198,-83.7874,FALSE,501,"White-winged Dove","Zenaida asiatica","#d16ff8","avian","https://media.birdweather.com/species/501/White-wingedDove-standard-6528ef689b07d5a91f1c2275cdef19c9.jpg","https://media.birdweather.com/species/501/White-wingedDove-thumbnail-4a940adfd5a6c78c73c48c5095e7b896.jpg","https://media.birdweather.com/species/501/White-wingedDove-png200-d65decd3d571b5a9dbeca249ef97689f.png","IscJLwb6hoVelZWZdoh3eIeIdxBoB4IG",15881928121,"https://media.birdweather.com/soundscapes/19267/19267-20260821-152427.flac",1.5,4.5,"live"
10612738994,19267,"2026-08-21T09:24:17.500-06:00",0.837921738624573,0.206982061266899,7.4704999438834,"almost_certain","BirdNET",NA,10.2198,-83.7874,FALSE,501,"White-winged Dove","Zenaida asiatica","#d16ff8","avian","https://media.birdweather.com/species/501/White-wingedDove-standard-6528ef689b07d5a91f1c2275cdef19c9.jpg","https://media.birdweather.com/species/501/White-wingedDove-thumbnail-4a940adfd5a6c78c73c48c5095e7b896.jpg","https://media.birdweather.com/species/501/White-wingedDove-png200-d65decd3d571b5a9dbeca249ef97689f.png","IscJLwb6hoVelZWZdoh3eIeIdxBoB4IG",15881921088,"https://media.birdweather.com/soundscapes/19267/19267-20260821-152413.flac",4.5,7.5,"live"
10612738987,19267,"2026-08-21T09:24:16.000-06:00",0.961467504501343,0.206982061266899,7.75374439707176,"almost_certain","BirdNET",NA,10.2198,-83.7874,FALSE,501,"White-winged Dove","Zenaida asiatica","#d16ff8","avian","https://media.birdweather.com/species/501/White-wingedDove-standard-6528ef689b07d5a91f1c2275cdef19c9.jpg","https://media.birdweather.com/species/501/White-wingedDove-thumbnail-4a940adfd5a6c78c73c48c5095e7b896.jpg","https://media.birdweather.com/species/501/White-wingedDove-png200-d65decd3d571b5a9dbeca249ef97689f.png","IscJLwb6hoVelZWZdoh3eIeIdxBoB4IG",15881921088,"https://media.birdweather.com/soundscapes/19267/19267-20260821-152413.flac",3,6,"live"
10612731038,19267,"2026-08-21T09:23:45.000-06:00",0.866032063961029,0.206982061266899,7.54028451666568,"almost_certain","BirdNET",NA,10.2198,-83.7874,FALSE,501,"White-winged Dove","Zenaida asiatica","#d16ff8","avian","https://media.birdweather.com/species/501/White-wingedDove-standard-6528ef689b07d5a91f1c2275cdef19c9.jpg","https://media.birdweather.com/species/501/White-wingedDove-thumbnail-4a940adfd5a6c78c73c48c5095e7b896.jpg","https://media.birdweather.com/species/501/White-wingedDove-png200-d65decd3d571b5a9dbeca249ef97689f.png","IscJLwb6hoVelZWZdoh3eIeIdxBoB4IG",15881908489,"https://media.birdweather.com/soundscapes/19267/19267-20260821-152345.flac",0,3,"live"
10612726223,19267,"2026-08-21T09:23:37.000-06:00",0.771751999855042,0.206982061266899,7.29067421122633,"almost_certain","BirdNET",NA,10.2198,-83.7874,FALSE,501,"White-winged Dove","Zenaida asiatica","#d16ff8","avian","https://media.birdweather.com/species/501/White-wingedDove-standard-6528ef689b07d5a91f1c2275cdef19c9.jpg","https://media.birdweather.com/species/501/White-wingedDove-thumbnail-4a940adfd5a6c78c73c48c5095e7b896.jpg","https://media.birdweather.com/species/501/White-wingedDove-png200-d65decd3d571b5a9dbeca249ef97689f.png","IscJLwb6hoVelZWZdoh3eIeIdxBoB4IG",15881900846,"https://media.birdweather.com/soundscapes/19267/19267-20260821-152331.flac",6,9,"live"
10612718833,19267,"2026-08-21T09:23:07.000-06:00",0.765240967273712,0.206982061266899,7.27163402943699,"almost_certain","BirdNET",NA,10.2198,-83.7874,FALSE,501,"White-winged Dove","Zenaida asiatica","#d16ff8","avian","https://media.birdweather.com/species/501/White-wingedDove-standard-6528ef689b07d5a91f1c2275cdef19c9.jpg","https://media.birdweather.com/species/501/White-wingedDove-thumbnail-4a940adfd5a6c78c73c48c5095e7b896.jpg","https://media.birdweather.com/species/501/White-wingedDove-png200-d65decd3d571b5a9dbeca249ef97689f.png","IscJLwb6hoVelZWZdoh3eIeIdxBoB4IG",15881888710,"https://media.birdweather.com/soundscapes/19267/19267-20260821-152307.flac",0,3,"live"
10612710811,19267,"2026-08-21T09:22:40.500-06:00",0.718353509902954,0.206988126039505,7.12613901865802,"almost_certain","BirdNET",NA,10.2198,-83.7874,FALSE,501,"White-winged Dove","Zenaida asiatica","#d16ff8","avian","https://media.birdweather.com/species/501/White-wingedDove-standard-6528ef689b07d5a91f1c2275cdef19c9.jpg","https://media.birdweather.com/species/501/White-wingedDove-thumbnail-4a940adfd5a6c78c73c48c5095e7b896.jpg","https://media.birdweather.com/species/501/White-wingedDove-png200-d65decd3d571b5a9dbeca249ef97689f.png","IscJLwb6hoVelZWZdoh3eIeIdxBoB4IG",15881875834,"https://media.birdweather.com/soundscapes/19267/19267-20260821-152239.flac",1.5,4.5,"live"
10612710806,19267,"2026-08-21T09:22:39.000-06:00",0.897197186946869,0.206988126039505,7.61375018951832,"almost_certain","BirdNET",NA,10.2198,-83.7874,FALSE,501,"White-winged Dove","Zenaida asiatica","#d16ff8","avian","https://media.birdweather.com/species/501/White-wingedDove-standard-6528ef689b07d5a91f1c2275cdef19c9.jpg","https://media.birdweather.com/species/501/White-wingedDove-thumbnail-4a940adfd5a6c78c73c48c5095e7b896.jpg","https://media.birdweather.com/species/501/White-wingedDove-png200-d65decd3d571b5a9dbeca249ef97689f.png","IscJLwb6hoVelZWZdoh3eIeIdxBoB4IG",15881875834,"https://media.birdweather.com/soundscapes/19267/19267-20260821-152239.flac",0,3,"live"
10612679285,19267,"2026-08-21T09:21:00.000-06:00",0.900443971157074,0.206985339522362,7.62116070636852,"almost_certain","BirdNET",NA,10.2198,-83.7874,FALSE,501,"White-winged Dove","Zenaida asiatica","#d16ff8","avian","https://media.birdweather.com/species/501/White-wingedDove-standard-6528ef689b07d5a91f1c2275cdef19c9.jpg","https://media.birdweather.com/species/501/White-wingedDove-thumbnail-4a940adfd5a6c78c73c48c5095e7b896.jpg","https://media.birdweather.com/species/501/White-wingedDove-png200-d65decd3d571b5a9dbeca249ef97689f.png","IscJLwb6hoVelZWZdoh3eIeIdxBoB4IG",15881824817,"https://media.birdweather.com/soundscapes/19267/19267-20260821-152054.flac",6,9,"live"
10612679280,19267,"2026-08-21T09:20:57.000-06:00",0.722658276557922,0.206985339522362,7.1401463935851,"almost_certain","BirdNET",NA,10.2198,-83.7874,FALSE,501,"White-winged Dove","Zenaida asiatica","#d16ff8","avian","https://media.birdweather.com/species/501/White-wingedDove-standard-6528ef689b07d5a91f1c2275cdef19c9.jpg","https://media.birdweather.com/species/501/White-wingedDove-thumbnail-4a940adfd5a6c78c73c48c5095e7b896.jpg","https://media.birdweather.com/species/501/White-wingedDove-png200-d65decd3d571b5a9dbeca249ef97689f.png","IscJLwb6hoVelZWZdoh3eIeIdxBoB4IG",15881824817,"https://media.birdweather.com/soundscapes/19267/19267-20260821-152054.flac",3,6,"live"
10612675451,19267,"2026-08-21T09:20:41.000-06:00",0.841181457042694,0.206985339522362,7.47879756671633,"almost_certain","BirdNET",NA,10.2198,-83.7874,FALSE,501,"White-winged Dove","Zenaida asiatica","#d16ff8","avian","https://media.birdweather.com/species/501/White-wingedDove-standard-6528ef689b07d5a91f1c2275cdef19c9.jpg","https://media.birdweather.com/species/501/White-wingedDove-thumbnail-4a940adfd5a6c78c73c48c5095e7b896.jpg","https://media.birdweather.com/species/501/White-wingedDove-png200-d65decd3d571b5a9dbeca249ef97689f.png","IscJLwb6hoVelZWZdoh3eIeIdxBoB4IG",15881818605,"https://media.birdweather.com/soundscapes/19267/19267-20260821-152041.flac",0,3,"live"
10612671802,19267,"2026-08-21T09:20:32.000-06:00",0.842750430107117,0.206985339522362,7.48276367312016,"almost_certain","BirdNET",NA,10.2198,-83.7874,FALSE,501,"White-winged Dove","Zenaida asiatica","#d16ff8","avian","https://media.birdweather.com/species/501/White-wingedDove-standard-6528ef689b07d5a91f1c2275cdef19c9.jpg","https://media.birdweather.com/species/501/White-wingedDove-thumbnail-4a940adfd5a6c78c73c48c5095e7b896.jpg","https://media.birdweather.com/species/501/White-wingedDove-png200-d65decd3d571b5a9dbeca249ef97689f.png","IscJLwb6hoVelZWZdoh3eIeIdxBoB4IG",15881812622,"https://media.birdweather.com/soundscapes/19267/19267-20260821-152029.flac",3,6,"live"
10612671797,19267,"2026-08-21T09:20:30.500-06:00",0.81814968585968,0.206985339522362,7.41921563147201,"almost_certain","BirdNET",NA,10.2198,-83.7874,FALSE,501,"White-winged Dove","Zenaida asiatica","#d16ff8","avian","https://media.birdweather.com/species/501/White-wingedDove-standard-6528ef689b07d5a91f1c2275cdef19c9.jpg","https://media.birdweather.com/species/501/White-wingedDove-thumbnail-4a940adfd5a6c78c73c48c5095e7b896.jpg","https://media.birdweather.com/species/501/White-wingedDove-png200-d65decd3d571b5a9dbeca249ef97689f.png","IscJLwb6hoVelZWZdoh3eIeIdxBoB4IG",15881812622,"https://media.birdweather.com/soundscapes/19267/19267-20260821-152029.flac",1.5,4.5,"live"
10612671792,19267,"2026-08-21T09:20:29.000-06:00",0.704602301120758,0.206985339522362,7.08033303804936,"almost_certain","BirdNET",NA,10.2198,-83.7874,FALSE,501,"White-winged Dove","Zenaida asiatica","#d16ff8","avian","https://media.birdweather.com/species/501/White-wingedDove-standard-6528ef689b07d5a91f1c2275cdef19c9.jpg","https://media.birdweather.com/species/501/White-wingedDove-thumbnail-4a940adfd5a6c78c73c48c5095e7b896.jpg","https://media.birdweather.com/species/501/White-wingedDove-png200-d65decd3d571b5a9dbeca249ef97689f.png","IscJLwb6hoVelZWZdoh3eIeIdxBoB4IG",15881812622,"https://media.birdweather.com/soundscapes/19267/19267-20260821-152029.flac",0,3,"live"
10612598484,19267,"2026-08-21T09:16:26.000-06:00",0.753125846385956,0.670712411403656,8.80184134085538,"almost_certain","BirdNET",NA,10.2198,-83.7874,FALSE,205,"Ruddy Ground Dove","Columbina talpacoti","#53906e","avian","https://media.birdweather.com/species/205/RuddyGroundDove-standard-53ff31bb086a0bdfee231e383a62179c.jpg","https://media.birdweather.com/species/205/RuddyGroundDove-thumbnail-d67b5868d1bb1d2bfe15c5ab85a0860b.jpg","https://media.birdweather.com/species/205/RuddyGroundDove-png200-f0c3dd93639067047ad97e6d51181cc0.png","WugJDwIImHiTind4dmiIdoaZmf2mFpAJ",15881693358,"https://media.birdweather.com/soundscapes/19267/19267-20260821-151620.flac",6,9,"live"
10612504219,19267,"2026-08-21T09:11:05.000-06:00",0.784027636051178,0.601997554302216,8.74643920332738,"almost_certain","BirdNET",NA,10.2198,-83.7874,FALSE,121,"Social Flycatcher","Myiozetetes similis","#69b9ff","avian","https://media.birdweather.com/species/121/SocialFlycatcher-standard-6e107581e61c9f556b3a0af5200f486a.jpg","https://media.birdweather.com/species/121/SocialFlycatcher-thumbnail-87f640fcaf1441ecbbd56b57372185a8.jpg","https://media.birdweather.com/species/121/SocialFlycatcher-png200-2f6dd485cf927db0dd7fd9abc239fb19.png","2xkKJwIJh3ekeXh0e5Z4eYaIdyApd5AC",15881540781,"https://media.birdweather.com/soundscapes/19267/19267-20260821-151105.flac",0,3,"live"
10612145370,19267,"2026-08-21T08:51:11.000-06:00",0.738432049751282,0.836247444152832,9.05488970629717,"almost_certain","BirdNET",NA,10.2198,-83.7874,FALSE,451,"Blue-gray Tanager","Thraupis episcopus","#844800","avian","https://media.birdweather.com/species/451/Blue-grayTanager-standard-04bc83ed9930251b50b0a08bf40fec04.jpg","https://media.birdweather.com/species/451/Blue-grayTanager-thumbnail-dc3af9565dbd849047cf157316f7ef59.jpg","https://media.birdweather.com/species/451/Blue-grayTanager-png200-be5418cb49793536e5c09e1af73aefe1.png","GvkFHwZvZYaoamVVjYZ1i1Z2Zoz1l3EP",15880959932,"https://media.birdweather.com/soundscapes/19267/19267-20260821-145105.flac",6,9,"live"
10612145367,19267,"2026-08-21T08:51:05.000-06:00",0.718457043170929,0.836247444152832,8.99100578534133,"almost_certain","BirdNET",NA,10.2198,-83.7874,FALSE,451,"Blue-gray Tanager","Thraupis episcopus","#844800","avian","https://media.birdweather.com/species/451/Blue-grayTanager-standard-04bc83ed9930251b50b0a08bf40fec04.jpg","https://media.birdweather.com/species/451/Blue-grayTanager-thumbnail-dc3af9565dbd849047cf157316f7ef59.jpg","https://media.birdweather.com/species/451/Blue-grayTanager-png200-be5418cb49793536e5c09e1af73aefe1.png","GvkFHwZvZYaoamVVjYZ1i1Z2Zoz1l3EP",15880959932,"https://media.birdweather.com/soundscapes/19267/19267-20260821-145105.flac",0,3,"live"
10612129079,19267,"2026-08-21T08:50:12.500-06:00",0.750322043895721,0.836251437664032,9.09155482426869,"almost_certain","BirdNET",NA,10.2198,-83.7874,FALSE,451,"Blue-gray Tanager","Thraupis episcopus","#844800","avian","https://media.birdweather.com/species/451/Blue-grayTanager-standard-04bc83ed9930251b50b0a08bf40fec04.jpg","https://media.birdweather.com/species/451/Blue-grayTanager-thumbnail-dc3af9565dbd849047cf157316f7ef59.jpg","https://media.birdweather.com/species/451/Blue-grayTanager-png200-be5418cb49793536e5c09e1af73aefe1.png","GvkFHwZvZYaoamVVjYZ1i1Z2Zoz1l3EP",15880933696,"https://media.birdweather.com/soundscapes/19267/19267-20260821-145011.flac",1.5,4.5,"live"
10612124615,19267,"2026-08-21T08:50:03.000-06:00",0.937350332736969,0.836250245571136,9.56743129579865,"almost_certain","BirdNET",NA,10.2198,-83.7874,FALSE,451,"Blue-gray Tanager","Thraupis episcopus","#844800","avian","https://media.birdweather.com/species/451/Blue-grayTanager-standard-04bc83ed9930251b50b0a08bf40fec04.jpg","https://media.birdweather.com/species/451/Blue-grayTanager-thumbnail-dc3af9565dbd849047cf157316f7ef59.jpg","https://media.birdweather.com/species/451/Blue-grayTanager-png200-be5418cb49793536e5c09e1af73aefe1.png","GvkFHwZvZYaoamVVjYZ1i1Z2Zoz1l3EP",15880926545,"https://media.birdweather.com/soundscapes/19267/19267-20260821-144957.flac",6,9,"live"
10612124614,19267,"2026-08-21T08:50:01.500-06:00",0.885557115077972,0.836250245571136,9.45131591860646,"almost_certain","BirdNET",NA,10.2198,-83.7874,FALSE,451,"Blue-gray Tanager","Thraupis episcopus","#844800","avian","https://media.birdweather.com/species/451/Blue-grayTanager-standard-04bc83ed9930251b50b0a08bf40fec04.jpg","https://media.birdweather.com/species/451/Blue-grayTanager-thumbnail-dc3af9565dbd849047cf157316f7ef59.jpg","https://media.birdweather.com/species/451/Blue-grayTanager-png200-be5418cb49793536e5c09e1af73aefe1.png","GvkFHwZvZYaoamVVjYZ1i1Z2Zoz1l3EP",15880926545,"https://media.birdweather.com/soundscapes/19267/19267-20260821-144957.flac",4.5,7.5,"live"
10611792532,19267,"2026-08-21T08:32:01.000-06:00",0.85998272895813,0.601663410663605,8.94538758948639,"almost_certain","BirdNET",NA,10.2198,-83.7874,FALSE,897,"Orange-chinned Parakeet","Brotogeris jugularis","#c85500","avian","https://media.birdweather.com/species/897/Orange-chinnedParakeet-standard-0bf0068f65faf91a77e897bad45dfb9c.jpg","https://media.birdweather.com/species/897/Orange-chinnedParakeet-thumbnail-542c4a6c0820592c04275ed546d0c49a.jpg","https://media.birdweather.com/species/897/Orange-chinnedParakeet-png200-7d59a0f58540798895be6be2a6dcfe26.png","U+kFHwJATKdHaLhzaSaJJpuXZ4BFePYK",15880403086,"https://media.birdweather.com/soundscapes/19267/19267-20260821-143155.flac",6,9,"live"
10611242944,19267,"2026-08-21T08:02:30.000-06:00",0.746105372905731,0.408652365207672,8.11449354089345,"almost_certain","BirdNET",NA,10.2198,-83.7874,FALSE,321,"Palm Tanager","Thraupis palmarum","#008efd","avian","https://media.birdweather.com/species/321/PalmTanager-standard-cbade2e4973d8cb57c4014568207591d.jpg","https://media.birdweather.com/species/321/PalmTanager-thumbnail-66ffacacc3b9c5f5dad0cf97c949e40f.jpg","https://media.birdweather.com/species/321/PalmTanager-png200-100c123f8e9a99aad801e3e79a865873.png","lvkJHwR/d2lneYlEp0hrx2iL+XtlNZgA",15879549370,"https://media.birdweather.com/soundscapes/19267/19267-20260821-140230.flac",0,3,"live"
10609817614,19267,"2026-08-21T06:49:11.500-06:00",0.890581965446472,0.170300170779228,7.34473907421905,"almost_certain","BirdNET",NA,10.2198,-83.7874,FALSE,1150,"White-crowned Parrot","Pionus senilis","#723990","avian","https://media.birdweather.com/species/1150/White-crownedParrot-standard-fba8664704e4670f70917d29327f1cab.jpg","https://media.birdweather.com/species/1150/White-crownedParrot-thumbnail-2e09ce5903724db35096c93f72eb7b4c.jpg","https://media.birdweather.com/species/1150/White-crownedParrot-png200-10c1d695926bb0180cd3384503985495.png","WggGDwK3tniUiYqPiVebyMa0jqr4l2sP",15877418875,"https://media.birdweather.com/soundscapes/19267/19267-20260821-124907.flac",4.5,7.5,"live"
10609458843,19267,"2026-08-21T06:29:09.000-06:00",0.837118744850159,0.67071670293808,9.03481752296074,"almost_certain","BirdNET",NA,10.2198,-83.7874,FALSE,205,"Ruddy Ground Dove","Columbina talpacoti","#53906e","avian","https://media.birdweather.com/species/205/RuddyGroundDove-standard-53ff31bb086a0bdfee231e383a62179c.jpg","https://media.birdweather.com/species/205/RuddyGroundDove-thumbnail-d67b5868d1bb1d2bfe15c5ab85a0860b.jpg","https://media.birdweather.com/species/205/RuddyGroundDove-png200-f0c3dd93639067047ad97e6d51181cc0.png","WugJDwIImHiTind4dmiIdoaZmf2mFpAJ",15876841526,"https://media.birdweather.com/soundscapes/19267/19267-20260821-122909.flac",0,3,"live"
10609331098,19267,"2026-08-21T06:22:08.500-06:00",0.906167685985565,0.569284439086914,8.97944877985877,"almost_certain","BirdNET",NA,10.2198,-83.7874,FALSE,802,"Rufous-tailed Hummingbird","Amazilia tzacatl","#d9c845","avian","https://media.birdweather.com/species/802/Rufous-tailedHummingbird-standard-4d0209b50ad0c35c6d8337f5c0c16b55.jpg","https://media.birdweather.com/species/802/Rufous-tailedHummingbird-thumbnail-fbf17400c31564f70aa45927c5d75f5e.jpg","https://media.birdweather.com/species/802/Rufous-tailedHummingbird-png200-8ea431c9893cfe027e92471791a8c256.png","mPkJFwIHqJeJl4lriIaGhYh3+H+oVGAH",15876637010,"https://media.birdweather.com/soundscapes/19267/19267-20260821-122207.flac",1.5,4.5,"live"
10609054076,19267,"2026-08-21T06:06:44.000-06:00",0.702703714370728,0.206994473934174,7.07394688633269,"almost_certain","BirdNET",NA,10.2198,-83.7874,FALSE,501,"White-winged Dove","Zenaida asiatica","#d16ff8","avian","https://media.birdweather.com/species/501/White-wingedDove-standard-6528ef689b07d5a91f1c2275cdef19c9.jpg","https://media.birdweather.com/species/501/White-wingedDove-thumbnail-4a940adfd5a6c78c73c48c5095e7b896.jpg","https://media.birdweather.com/species/501/White-wingedDove-png200-d65decd3d571b5a9dbeca249ef97689f.png","IscJLwb6hoVelZWZdoh3eIeIdxBoB4IG",15876191295,"https://media.birdweather.com/soundscapes/19267/19267-20260821-120644.flac",0,3,"live"
10608969035,19267,"2026-08-21T06:01:57.000-06:00",0.701681137084961,0.20696859061718,7.07030022437807,"almost_certain","BirdNET",NA,10.2198,-83.7874,FALSE,501,"White-winged Dove","Zenaida asiatica","#d16ff8","avian","https://media.birdweather.com/species/501/White-wingedDove-standard-6528ef689b07d5a91f1c2275cdef19c9.jpg","https://media.birdweather.com/species/501/White-wingedDove-thumbnail-4a940adfd5a6c78c73c48c5095e7b896.jpg","https://media.birdweather.com/species/501/White-wingedDove-png200-d65decd3d571b5a9dbeca249ef97689f.png","IscJLwb6hoVelZWZdoh3eIeIdxBoB4IG",15876052194,"https://media.birdweather.com/soundscapes/19267/19267-20260821-120157.flac",0,3,"live"
10608847104,19267,"2026-08-21T05:55:04.000-06:00",0.854178071022034,0.0989804938435555,6.56784421897853,"almost_certain","BirdNET",NA,10.2198,-83.7874,FALSE,17047,"Cinnamon-bellied Saltator","Saltator grandis","#6a35aa","avian","https://media.birdweather.com/species/17047/Cinnamon-belliedSaltator-standard-0876af3c691c96f8b8ee4f8dfdd870b4.jpeg","https://media.birdweather.com/species/17047/Cinnamon-belliedSaltator-thumbnail-3679ab493b8742672fc60e91862977e4.jpeg","https://media.birdweather.com/species/17047/Cinnamon-belliedSaltator-png200-58b4d4fbf255464431cd041a234f1383.png","FAgGBwCAaXmLZojmR6mHmXWEdlUJSJUA",15875852599,"https://media.birdweather.com/soundscapes/19267/19267-20260821-115504.flac",0,3,"live"
10608835469,19267,"2026-08-21T05:54:25.500-06:00",0.892461776733398,0.206979781389236,7.60279093806229,"almost_certain","BirdNET",NA,10.2198,-83.7874,FALSE,501,"White-winged Dove","Zenaida asiatica","#d16ff8","avian","https://media.birdweather.com/species/501/White-wingedDove-standard-6528ef689b07d5a91f1c2275cdef19c9.jpg","https://media.birdweather.com/species/501/White-wingedDove-thumbnail-4a940adfd5a6c78c73c48c5095e7b896.jpg","https://media.birdweather.com/species/501/White-wingedDove-png200-d65decd3d571b5a9dbeca249ef97689f.png","IscJLwb6hoVelZWZdoh3eIeIdxBoB4IG",15875833839,"https://media.birdweather.com/soundscapes/19267/19267-20260821-115424.flac",1.5,4.5,"live"
10608831561,19267,"2026-08-21T05:54:12.000-06:00",0.780599772930145,0.206979781389236,7.31611637175254,"almost_certain","BirdNET",NA,10.2198,-83.7874,FALSE,501,"White-winged Dove","Zenaida asiatica","#d16ff8","avian","https://media.birdweather.com/species/501/White-wingedDove-standard-6528ef689b07d5a91f1c2275cdef19c9.jpg","https://media.birdweather.com/species/501/White-wingedDove-thumbnail-4a940adfd5a6c78c73c48c5095e7b896.jpg","https://media.birdweather.com/species/501/White-wingedDove-png200-d65decd3d571b5a9dbeca249ef97689f.png","IscJLwb6hoVelZWZdoh3eIeIdxBoB4IG",15875827531,"https://media.birdweather.com/soundscapes/19267/19267-20260821-115412.flac",0,3,"live"
10608824115,19267,"2026-08-21T05:53:48.500-06:00",0.968569695949554,0.206979781389236,7.76836131431922,"almost_certain","BirdNET",NA,10.2198,-83.7874,FALSE,501,"White-winged Dove","Zenaida asiatica","#d16ff8","avian","https://media.birdweather.com/species/501/White-wingedDove-standard-6528ef689b07d5a91f1c2275cdef19c9.jpg","https://media.birdweather.com/species/501/White-wingedDove-thumbnail-4a940adfd5a6c78c73c48c5095e7b896.jpg","https://media.birdweather.com/species/501/White-wingedDove-png200-d65decd3d571b5a9dbeca249ef97689f.png","IscJLwb6hoVelZWZdoh3eIeIdxBoB4IG",15875815271,"https://media.birdweather.com/soundscapes/19267/19267-20260821-115347.flac",1.5,4.5,"live"
10608824112,19267,"2026-08-21T05:53:47.000-06:00",0.810883402824402,0.206979781389236,7.39983232994328,"almost_certain","BirdNET",NA,10.2198,-83.7874,FALSE,501,"White-winged Dove","Zenaida asiatica","#d16ff8","avian","https://media.birdweather.com/species/501/White-wingedDove-standard-6528ef689b07d5a91f1c2275cdef19c9.jpg","https://media.birdweather.com/species/501/White-wingedDove-thumbnail-4a940adfd5a6c78c73c48c5095e7b896.jpg","https://media.birdweather.com/species/501/White-wingedDove-png200-d65decd3d571b5a9dbeca249ef97689f.png","IscJLwb6hoVelZWZdoh3eIeIdxBoB4IG",15875815271,"https://media.birdweather.com/soundscapes/19267/19267-20260821-115347.flac",0,3,"live"
10608820640,19267,"2026-08-21T05:53:38.000-06:00",0.894328951835632,0.206979781389236,7.6071017772677,"almost_certain","BirdNET",NA,10.2198,-83.7874,FALSE,501,"White-winged Dove","Zenaida asiatica","#d16ff8","avian","https://media.birdweather.com/species/501/White-wingedDove-standard-6528ef689b07d5a91f1c2275cdef19c9.jpg","https://media.birdweather.com/species/501/White-wingedDove-thumbnail-4a940adfd5a6c78c73c48c5095e7b896.jpg","https://media.birdweather.com/species/501/White-wingedDove-png200-d65decd3d571b5a9dbeca249ef97689f.png","IscJLwb6hoVelZWZdoh3eIeIdxBoB4IG",15875809474,"https://media.birdweather.com/soundscapes/19267/19267-20260821-115335.flac",3,6,"live"
10608820634,19267,"2026-08-21T05:53:36.500-06:00",0.731001794338226,0.206979781389236,7.16689241312571,"almost_certain","BirdNET",NA,10.2198,-83.7874,FALSE,501,"White-winged Dove","Zenaida asiatica","#d16ff8","avian","https://media.birdweather.com/species/501/White-wingedDove-standard-6528ef689b07d5a91f1c2275cdef19c9.jpg","https://media.birdweather.com/species/501/White-wingedDove-thumbnail-4a940adfd5a6c78c73c48c5095e7b896.jpg","https://media.birdweather.com/species/501/White-wingedDove-png200-d65decd3d571b5a9dbeca249ef97689f.png","IscJLwb6hoVelZWZdoh3eIeIdxBoB4IG",15875809474,"https://media.birdweather.com/soundscapes/19267/19267-20260821-115335.flac",1.5,4.5,"live"
10608816751,19267,"2026-08-21T05:53:25.000-06:00",0.858995139598846,0.206994608044624,7.52322510398704,"almost_certain","BirdNET",NA,10.2198,-83.7874,FALSE,501,"White-winged Dove","Zenaida asiatica","#d16ff8","avian","https://media.birdweather.com/species/501/White-wingedDove-standard-6528ef689b07d5a91f1c2275cdef19c9.jpg","https://media.birdweather.com/species/501/White-wingedDove-thumbnail-4a940adfd5a6c78c73c48c5095e7b896.jpg","https://media.birdweather.com/species/501/White-wingedDove-png200-d65decd3d571b5a9dbeca249ef97689f.png","IscJLwb6hoVelZWZdoh3eIeIdxBoB4IG",15875803059,"https://media.birdweather.com/soundscapes/19267/19267-20260821-115322.flac",3,6,"live"
10608813260,19267,"2026-08-21T05:53:12.000-06:00",0.848967909812927,0.206994608044624,7.4984270209019,"almost_certain","BirdNET",NA,10.2198,-83.7874,FALSE,501,"White-winged Dove","Zenaida asiatica","#d16ff8","avian","https://media.birdweather.com/species/501/White-wingedDove-standard-6528ef689b07d5a91f1c2275cdef19c9.jpg","https://media.birdweather.com/species/501/White-wingedDove-thumbnail-4a940adfd5a6c78c73c48c5095e7b896.jpg","https://media.birdweather.com/species/501/White-wingedDove-png200-d65decd3d571b5a9dbeca249ef97689f.png","IscJLwb6hoVelZWZdoh3eIeIdxBoB4IG",15875797256,"https://media.birdweather.com/soundscapes/19267/19267-20260821-115309.flac",3,6,"live"
10608813253,19267,"2026-08-21T05:53:10.500-06:00",0.947411596775055,0.206994608044624,7.72439792593224,"almost_certain","BirdNET",NA,10.2198,-83.7874,FALSE,501,"White-winged Dove","Zenaida asiatica","#d16ff8","avian","https://media.birdweather.com/species/501/White-wingedDove-standard-6528ef689b07d5a91f1c2275cdef19c9.jpg","https://media.birdweather.com/species/501/White-wingedDove-thumbnail-4a940adfd5a6c78c73c48c5095e7b896.jpg","https://media.birdweather.com/species/501/White-wingedDove-png200-d65decd3d571b5a9dbeca249ef97689f.png","IscJLwb6hoVelZWZdoh3eIeIdxBoB4IG",15875797256,"https://media.birdweather.com/soundscapes/19267/19267-20260821-115309.flac",1.5,4.5,"live"
10608813248,19267,"2026-08-21T05:53:09.000-06:00",0.808564603328705,0.206994608044624,7.39369362607492,"almost_certain","BirdNET",NA,10.2198,-83.7874,FALSE,501,"White-winged Dove","Zenaida asiatica","#d16ff8","avian","https://media.birdweather.com/species/501/White-wingedDove-standard-6528ef689b07d5a91f1c2275cdef19c9.jpg","https://media.birdweather.com/species/501/White-wingedDove-thumbnail-4a940adfd5a6c78c73c48c5095e7b896.jpg","https://media.birdweather.com/species/501/White-wingedDove-png200-d65decd3d571b5a9dbeca249ef97689f.png","IscJLwb6hoVelZWZdoh3eIeIdxBoB4IG",15875797256,"https://media.birdweather.com/soundscapes/19267/19267-20260821-115309.flac",0,3,"live"
10608809458,19267,"2026-08-21T05:53:02.000-06:00",0.891743421554565,0.206994608044624,7.60122242772811,"almost_certain","BirdNET",NA,10.2198,-83.7874,FALSE,501,"White-winged Dove","Zenaida asiatica","#d16ff8","avian","https://media.birdweather.com/species/501/White-wingedDove-standard-6528ef689b07d5a91f1c2275cdef19c9.jpg","https://media.birdweather.com/species/501/White-wingedDove-thumbnail-4a940adfd5a6c78c73c48c5095e7b896.jpg","https://media.birdweather.com/species/501/White-wingedDove-png200-d65decd3d571b5a9dbeca249ef97689f.png","IscJLwb6hoVelZWZdoh3eIeIdxBoB4IG",15875790999,"https://media.birdweather.com/soundscapes/19267/19267-20260821-115256.flac",6,9,"live"
10608809457,19267,"2026-08-21T05:53:00.500-06:00",0.891655147075653,0.206994608044624,7.60101804006103,"almost_certain","BirdNET",NA,10.2198,-83.7874,FALSE,501,"White-winged Dove","Zenaida asiatica","#d16ff8","avian","https://media.birdweather.com/species/501/White-wingedDove-standard-6528ef689b07d5a91f1c2275cdef19c9.jpg","https://media.birdweather.com/species/501/White-wingedDove-thumbnail-4a940adfd5a6c78c73c48c5095e7b896.jpg","https://media.birdweather.com/species/501/White-wingedDove-png200-d65decd3d571b5a9dbeca249ef97689f.png","IscJLwb6hoVelZWZdoh3eIeIdxBoB4IG",15875790999,"https://media.birdweather.com/soundscapes/19267/19267-20260821-115256.flac",4.5,7.5,"live"
10608809455,19267,"2026-08-21T05:52:56.000-06:00",0.897624790668488,0.206994608044624,7.61477170755502,"almost_certain","BirdNET",NA,10.2198,-83.7874,FALSE,501,"White-winged Dove","Zenaida asiatica","#d16ff8","avian","https://media.birdweather.com/species/501/White-wingedDove-standard-6528ef689b07d5a91f1c2275cdef19c9.jpg","https://media.birdweather.com/species/501/White-wingedDove-thumbnail-4a940adfd5a6c78c73c48c5095e7b896.jpg","https://media.birdweather.com/species/501/White-wingedDove-png200-d65decd3d571b5a9dbeca249ef97689f.png","IscJLwb6hoVelZWZdoh3eIeIdxBoB4IG",15875790999,"https://media.birdweather.com/soundscapes/19267/19267-20260821-115256.flac",0,3,"live"
10608805248,19267,"2026-08-21T05:52:44.500-06:00",0.84728217124939,0.206978917121887,7.49411456401499,"almost_certain","BirdNET",NA,10.2198,-83.7874,FALSE,501,"White-winged Dove","Zenaida asiatica","#d16ff8","avian","https://media.birdweather.com/species/501/White-wingedDove-standard-6528ef689b07d5a91f1c2275cdef19c9.jpg","https://media.birdweather.com/species/501/White-wingedDove-thumbnail-4a940adfd5a6c78c73c48c5095e7b896.jpg","https://media.birdweather.com/species/501/White-wingedDove-png200-d65decd3d571b5a9dbeca249ef97689f.png","IscJLwb6hoVelZWZdoh3eIeIdxBoB4IG",15875784204,"https://media.birdweather.com/soundscapes/19267/19267-20260821-115240.flac",4.5,7.5,"live"
10608797388,19267,"2026-08-21T05:52:20.500-06:00",0.777209877967834,0.206978917121887,7.30641342326668,"almost_certain","BirdNET",NA,10.2198,-83.7874,FALSE,501,"White-winged Dove","Zenaida asiatica","#d16ff8","avian","https://media.birdweather.com/species/501/White-wingedDove-standard-6528ef689b07d5a91f1c2275cdef19c9.jpg","https://media.birdweather.com/species/501/White-wingedDove-thumbnail-4a940adfd5a6c78c73c48c5095e7b896.jpg","https://media.birdweather.com/species/501/White-wingedDove-png200-d65decd3d571b5a9dbeca249ef97689f.png","IscJLwb6hoVelZWZdoh3eIeIdxBoB4IG",15875771346,"https://media.birdweather.com/soundscapes/19267/19267-20260821-115216.flac",4.5,7.5,"live"
10608797384,19267,"2026-08-21T05:52:19.000-06:00",0.934904456138611,0.206978917121887,7.69757326813434,"almost_certain","BirdNET",NA,10.2198,-83.7874,FALSE,501,"White-winged Dove","Zenaida asiatica","#d16ff8","avian","https://media.birdweather.com/species/501/White-wingedDove-standard-6528ef689b07d5a91f1c2275cdef19c9.jpg","https://media.birdweather.com/species/501/White-wingedDove-thumbnail-4a940adfd5a6c78c73c48c5095e7b896.jpg","https://media.birdweather.com/species/501/White-wingedDove-png200-d65decd3d571b5a9dbeca249ef97689f.png","IscJLwb6hoVelZWZdoh3eIeIdxBoB4IG",15875771346,"https://media.birdweather.com/soundscapes/19267/19267-20260821-115216.flac",3,6,"live"
10608789429,19267,"2026-08-21T05:51:52.000-06:00",0.814240694046021,0.206978917121887,7.40880043127775,"almost_certain","BirdNET",NA,10.2198,-83.7874,FALSE,501,"White-winged Dove","Zenaida asiatica","#d16ff8","avian","https://media.birdweather.com/species/501/White-wingedDove-standard-6528ef689b07d5a91f1c2275cdef19c9.jpg","https://media.birdweather.com/species/501/White-wingedDove-thumbnail-4a940adfd5a6c78c73c48c5095e7b896.jpg","https://media.birdweather.com/species/501/White-wingedDove-png200-d65decd3d571b5a9dbeca249ef97689f.png","IscJLwb6hoVelZWZdoh3eIeIdxBoB4IG",15875758650,"https://media.birdweather.com/soundscapes/19267/19267-20260821-115149.flac",3,6,"live"
10608789425,19267,"2026-08-21T05:51:50.500-06:00",0.854712665081024,0.206978917121887,7.51259002413896,"almost_certain","BirdNET",NA,10.2198,-83.7874,FALSE,501,"White-winged Dove","Zenaida asiatica","#d16ff8","avian","https://media.birdweather.com/species/501/White-wingedDove-standard-6528ef689b07d5a91f1c2275cdef19c9.jpg","https://media.birdweather.com/species/501/White-wingedDove-thumbnail-4a940adfd5a6c78c73c48c5095e7b896.jpg","https://media.birdweather.com/species/501/White-wingedDove-png200-d65decd3d571b5a9dbeca249ef97689f.png","IscJLwb6hoVelZWZdoh3eIeIdxBoB4IG",15875758650,"https://media.birdweather.com/soundscapes/19267/19267-20260821-115149.flac",1.5,4.5,"live"
10608785594,19267,"2026-08-21T05:51:40.500-06:00",0.846329987049103,0.206978917121887,7.49172890530751,"almost_certain","BirdNET",NA,10.2198,-83.7874,FALSE,501,"White-winged Dove","Zenaida asiatica","#d16ff8","avian","https://media.birdweather.com/species/501/White-wingedDove-standard-6528ef689b07d5a91f1c2275cdef19c9.jpg","https://media.birdweather.com/species/501/White-wingedDove-thumbnail-4a940adfd5a6c78c73c48c5095e7b896.jpg","https://media.birdweather.com/species/501/White-wingedDove-png200-d65decd3d571b5a9dbeca249ef97689f.png","IscJLwb6hoVelZWZdoh3eIeIdxBoB4IG",15875752408,"https://media.birdweather.com/soundscapes/19267/19267-20260821-115136.flac",4.5,7.5,"live"
10608785590,19267,"2026-08-21T05:51:37.500-06:00",0.832879364490509,0.206978917121887,7.45757740890981,"almost_certain","BirdNET",NA,10.2198,-83.7874,FALSE,501,"White-winged Dove","Zenaida asiatica","#d16ff8","avian","https://media.birdweather.com/species/501/White-wingedDove-standard-6528ef689b07d5a91f1c2275cdef19c9.jpg","https://media.birdweather.com/species/501/White-wingedDove-thumbnail-4a940adfd5a6c78c73c48c5095e7b896.jpg","https://media.birdweather.com/species/501/White-wingedDove-png200-d65decd3d571b5a9dbeca249ef97689f.png","IscJLwb6hoVelZWZdoh3eIeIdxBoB4IG",15875752408,"https://media.birdweather.com/soundscapes/19267/19267-20260821-115136.flac",1.5,4.5,"live"
10608785586,19267,"2026-08-21T05:51:36.000-06:00",0.914817750453949,0.206978917121887,7.65352962909501,"almost_certain","BirdNET",NA,10.2198,-83.7874,FALSE,501,"White-winged Dove","Zenaida asiatica","#d16ff8","avian","https://media.birdweather.com/species/501/White-wingedDove-standard-6528ef689b07d5a91f1c2275cdef19c9.jpg","https://media.birdweather.com/species/501/White-wingedDove-thumbnail-4a940adfd5a6c78c73c48c5095e7b896.jpg","https://media.birdweather.com/species/501/White-wingedDove-png200-d65decd3d571b5a9dbeca249ef97689f.png","IscJLwb6hoVelZWZdoh3eIeIdxBoB4IG",15875752408,"https://media.birdweather.com/soundscapes/19267/19267-20260821-115136.flac",0,3,"live"
10608777535,19267,"2026-08-21T05:51:13.500-06:00",0.706353902816772,0.206978917121887,7.08621068172062,"almost_certain","BirdNET",NA,10.2198,-83.7874,FALSE,501,"White-winged Dove","Zenaida asiatica","#d16ff8","avian","https://media.birdweather.com/species/501/White-wingedDove-standard-6528ef689b07d5a91f1c2275cdef19c9.jpg","https://media.birdweather.com/species/501/White-wingedDove-thumbnail-4a940adfd5a6c78c73c48c5095e7b896.jpg","https://media.birdweather.com/species/501/White-wingedDove-png200-d65decd3d571b5a9dbeca249ef97689f.png","IscJLwb6hoVelZWZdoh3eIeIdxBoB4IG",15875739485,"https://media.birdweather.com/soundscapes/19267/19267-20260821-115109.flac",4.5,7.5,"live"
10608773808,19267,"2026-08-21T05:50:58.500-06:00",0.855436086654663,0.206978917121887,7.51437552845921,"almost_certain","BirdNET",NA,10.2198,-83.7874,FALSE,501,"White-winged Dove","Zenaida asiatica","#d16ff8","avian","https://media.birdweather.com/species/501/White-wingedDove-standard-6528ef689b07d5a91f1c2275cdef19c9.jpg","https://media.birdweather.com/species/501/White-wingedDove-thumbnail-4a940adfd5a6c78c73c48c5095e7b896.jpg","https://media.birdweather.com/species/501/White-wingedDove-png200-d65decd3d571b5a9dbeca249ef97689f.png","IscJLwb6hoVelZWZdoh3eIeIdxBoB4IG",15875733229,"https://media.birdweather.com/soundscapes/19267/19267-20260821-115057.flac",1.5,4.5,"live"
10608769938,19267,"2026-08-21T05:50:50.000-06:00",0.931335926055908,0.0315935462713242,5.42680976494944,"almost_certain","BirdNET",NA,10.2198,-83.7874,FALSE,610,"Yellow-billed Cuckoo","Coccyzus americanus","#e2342d","avian","https://media.birdweather.com/species/610/Yellow-billedCuckoo-standard-882f68a7a9fd2d56463209cebd11666a.jpg","https://media.birdweather.com/species/610/Yellow-billedCuckoo-thumbnail-6d2045e19aef63a798a493d7cfb637a8.jpg","https://media.birdweather.com/species/610/Yellow-billedCuckoo-png200-347ece3a30ca733e8fe66061ab0863f5.png","H+gJJwJ/dXZoyJmZpJhZd5h4CXhqqOwA",15875726844,"https://media.birdweather.com/soundscapes/19267/19267-20260821-115044.flac",6,9,"live"
10608766424,19267,"2026-08-21T05:50:34.000-06:00",0.981918811798096,0.206978917121887,7.79544070002857,"almost_certain","BirdNET",NA,10.2198,-83.7874,FALSE,501,"White-winged Dove","Zenaida asiatica","#d16ff8","avian","https://media.birdweather.com/species/501/White-wingedDove-standard-6528ef689b07d5a91f1c2275cdef19c9.jpg","https://media.birdweather.com/species/501/White-wingedDove-thumbnail-4a940adfd5a6c78c73c48c5095e7b896.jpg","https://media.birdweather.com/species/501/White-wingedDove-png200-d65decd3d571b5a9dbeca249ef97689f.png","IscJLwb6hoVelZWZdoh3eIeIdxBoB4IG",15875721055,"https://media.birdweather.com/soundscapes/19267/19267-20260821-115031.flac",3,6,"live"
10608766419,19267,"2026-08-21T05:50:32.500-06:00",0.955396294593811,0.206978917121887,7.74109208231277,"almost_certain","BirdNET",NA,10.2198,-83.7874,FALSE,501,"White-winged Dove","Zenaida asiatica","#d16ff8","avian","https://media.birdweather.com/species/501/White-wingedDove-standard-6528ef689b07d5a91f1c2275cdef19c9.jpg","https://media.birdweather.com/species/501/White-wingedDove-thumbnail-4a940adfd5a6c78c73c48c5095e7b896.jpg","https://media.birdweather.com/species/501/White-wingedDove-png200-d65decd3d571b5a9dbeca249ef97689f.png","IscJLwb6hoVelZWZdoh3eIeIdxBoB4IG",15875721055,"https://media.birdweather.com/soundscapes/19267/19267-20260821-115031.flac",1.5,4.5,"live"
10608563769,19267,"2026-08-21T05:39:05.000-06:00",0.78268826007843,0.782534122467041,9.09679792328753,"almost_certain","BirdNET",NA,10.2198,-83.7874,FALSE,229,"Great Kiskadee","Pitangus sulphuratus","#7d4410","avian","https://media.birdweather.com/species/229/GreatKiskadee-standard-cd28a1b8e8b8e5aed433e809c229004e.jpg","https://media.birdweather.com/species/229/GreatKiskadee-thumbnail-b2749ed2442fb322cf3c4cb72f9c97f6.jpg","https://media.birdweather.com/species/229/GreatKiskadee-png200-003973af4f863deb00a4ce9b6f10e59c.png","0PgFDwIrhYqfZJh1mVe3SZZ3uKEJBncG",15875390283,"https://media.birdweather.com/soundscapes/19267/19267-20260821-113905.flac",0,3,"live"
10608406600,19267,"2026-08-21T05:29:58.500-06:00",0.716629445552826,0.782534003257751,8.89516959197875,"almost_certain","BirdNET",NA,10.2198,-83.7874,FALSE,229,"Great Kiskadee","Pitangus sulphuratus","#7d4410","avian","https://media.birdweather.com/species/229/GreatKiskadee-standard-cd28a1b8e8b8e5aed433e809c229004e.jpg","https://media.birdweather.com/species/229/GreatKiskadee-thumbnail-b2749ed2442fb322cf3c4cb72f9c97f6.jpg","https://media.birdweather.com/species/229/GreatKiskadee-png200-003973af4f863deb00a4ce9b6f10e59c.png","0PgFDwIrhYqfZJh1mVe3SZZ3uKEJBncG",15875126447,"https://media.birdweather.com/soundscapes/19267/19267-20260821-112957.flac",1.5,4.5,"live"
10608402863,19267,"2026-08-21T05:29:47.000-06:00",0.882388591766357,0.782534658908844,9.35403948629326,"almost_certain","BirdNET",NA,10.2198,-83.7874,FALSE,229,"Great Kiskadee","Pitangus sulphuratus","#7d4410","avian","https://media.birdweather.com/species/229/GreatKiskadee-standard-cd28a1b8e8b8e5aed433e809c229004e.jpg","https://media.birdweather.com/species/229/GreatKiskadee-thumbnail-b2749ed2442fb322cf3c4cb72f9c97f6.jpg","https://media.birdweather.com/species/229/GreatKiskadee-png200-003973af4f863deb00a4ce9b6f10e59c.png","0PgFDwIrhYqfZJh1mVe3SZZ3uKEJBncG",15875120200,"https://media.birdweather.com/soundscapes/19267/19267-20260821-112944.flac",3,6,"live"
10608402859,19267,"2026-08-21T05:29:44.000-06:00",0.85623025894165,0.782534658908844,9.29108036214766,"almost_certain","BirdNET",NA,10.2198,-83.7874,FALSE,229,"Great Kiskadee","Pitangus sulphuratus","#7d4410","avian","https://media.birdweather.com/species/229/GreatKiskadee-standard-cd28a1b8e8b8e5aed433e809c229004e.jpg","https://media.birdweather.com/species/229/GreatKiskadee-thumbnail-b2749ed2442fb322cf3c4cb72f9c97f6.jpg","https://media.birdweather.com/species/229/GreatKiskadee-png200-003973af4f863deb00a4ce9b6f10e59c.png","0PgFDwIrhYqfZJh1mVe3SZZ3uKEJBncG",15875120200,"https://media.birdweather.com/soundscapes/19267/19267-20260821-112944.flac",0,3,"live"
10608398718,19267,"2026-08-21T05:29:29.000-06:00",0.72864156961441,0.782536029815674,8.93411378426943,"almost_certain","BirdNET",NA,10.2198,-83.7874,FALSE,229,"Great Kiskadee","Pitangus sulphuratus","#7d4410","avian","https://media.birdweather.com/species/229/GreatKiskadee-standard-cd28a1b8e8b8e5aed433e809c229004e.jpg","https://media.birdweather.com/species/229/GreatKiskadee-thumbnail-b2749ed2442fb322cf3c4cb72f9c97f6.jpg","https://media.birdweather.com/species/229/GreatKiskadee-png200-003973af4f863deb00a4ce9b6f10e59c.png","0PgFDwIrhYqfZJh1mVe3SZZ3uKEJBncG",15875113326,"https://media.birdweather.com/soundscapes/19267/19267-20260821-112929.flac",0,3,"live"
10608358222,19267,"2026-08-21T05:27:06.500-06:00",0.708283841609955,0.0315941609442234,4.82968061815345,"almost_certain","BirdNET",NA,10.2198,-83.7874,FALSE,610,"Yellow-billed Cuckoo","Coccyzus americanus","#e2342d","avian","https://media.birdweather.com/species/610/Yellow-billedCuckoo-standard-882f68a7a9fd2d56463209cebd11666a.jpg","https://media.birdweather.com/species/610/Yellow-billedCuckoo-thumbnail-6d2045e19aef63a798a493d7cfb637a8.jpg","https://media.birdweather.com/species/610/Yellow-billedCuckoo-png200-347ece3a30ca733e8fe66061ab0863f5.png","H+gJJwJ/dXZoyJmZpJhZd5h4CXhqqOwA",15875043843,"https://media.birdweather.com/soundscapes/19267/19267-20260821-112705.flac",1.5,4.5,"live"
